log_sigma,xi
3.1201821058858052,0.13357975487196833
3.1579765825517607,0.11837207889318237
3.013097031178158,0.14022669702112753
3.1748263760273487,0.17926612556104665
3.115716633321303,0.14278487581305285
3.1697640887595395,0.13526915008921905
3.1016058785495813,0.1655430777412315
3.0956911118346966,0.2258693594876679
3.1098372554323843,0.14552235687474097
3.108541013444363,0.14458814925161087
3.113643020817625,0.1586668580609865
3.0373898667801913,0.1695788763764016
3.1363562502313598,0.06995357246380356
3.0816152963749284,0.15723179463636475
3.050516450347669,0.15477984741382866
2.9605546123379214,0.18231317288759932
3.202611326665425,0.0632250201631568
3.1421350152515872,0.10487057866705356
3.1355850101005944,0.14517122861697748
3.050734532111804,0.09140378179654018
3.1090519050830348,0.033002454923484914
2.976927621987254,0.2544901253739112
3.031184050822466,0.1846128862808156
3.0616829524785896,0.12762667042816664
3.173427902909349,0.09644366938367595
3.0672946254186635,0.08669177373424886
3.05136447912088,0.21247961063933168
2.942271393895908,0.21679764231359328
2.9308700542895596,0.22405116008690842
3.001553710415893,0.2233800343737644
3.0266232229022436,0.19929995306180182
3.0241996313532344,0.16707284854670598
3.145985551140871,0.07910797902621189
3.1421692358990976,0.12351938834927235
3.0329005340908775,0.0923741958726916
3.188450075600918,0.16152164063692018
3.153692497702329,0.12091713341600328
3.191790343689846,0.055941270768065605
3.1120019130191565,0.14929527248145838
3.0106152807567734,0.09686295268560752
3.0652361622114475,0.15656001015301182
3.024104213471748,0.14482424351103837
3.1076480184491153,0.163845007131746
3.118717582942639,0.05866636288849219
3.12598796948717,0.0728391249557405
3.171068546817874,0.08526959542854969
3.0672540957813936,0.14869304518917995
3.1555164573350254,0.1003814107371908
3.217345302378726,0.015902643374613147
3.1859665771647574,0.08830388649769648
3.1548823105688033,0.11302411433468361
3.1745073708497844,0.11438748959740853
3.188528521332005,0.05324908321090553
3.0668001123029804,0.15007014545462002
3.0683319411824237,0.14911569549888065
3.0513391108025942,0.1442474216744385
3.0372603179267,0.18916228047206488
3.13885818657344,0.07438684554007215
3.112417017399977,0.05205463900936668
3.065221469557785,0.15916162269735193
3.155498488895702,0.07884830164567383
3.079140420773846,0.08491528425059626
3.09129912635133,0.07620993982694953
3.0497941437313543,0.20309470448062167
3.0491063791297526,0.2639569882534489
2.9677125969275457,0.17707954137263168
3.1257844429164616,0.17126724925947623
3.1194228640537482,0.045946538599093076
3.1482312540898874,0.0479948712770739
3.110546392603762,0.2189654436659068
3.0769568212376806,0.22971373252686067
3.0588921343398203,0.06590079242888869
3.1348308481044436,0.16731153343403143
3.0625397845804505,0.13096051901430225
3.0596323978962188,0.1551220731570439
3.1584169576202807,0.08500015213348745
3.1485335212299224,0.08263351729378873
3.0949913069518327,0.11766626805207187
3.0766011518726346,0.16514239098419298
3.1248266315555706,0.11014371071922514
3.0920397125101933,0.12127659110751242
3.0875062130727655,0.10756152686501111
3.068727634261963,0.10535183661747179
3.1172268201099866,0.12470916420739162
3.179851497371532,0.06202589740653195
3.179281176415628,0.039651562056488045
3.1309199762293227,0.11975252236929516
3.034889792364584,0.14909255103886557
3.098597656094912,0.17919131566052238
3.113952605954298,0.17520420731701597
2.8795902510574236,0.23052159985903875
2.8858769969388143,0.2313261379459346
2.87389448080264,0.2289811698044069
3.1886709039886063,0.15329364956975097
3.174031508855305,0.16358008145165792
3.1954194767277366,0.13026460699369105
3.187130012617149,0.11707824618911274
3.192285571688375,0.05732445631034458
3.205647067379157,0.05818950192900182
3.1022983242755378,0.09428041524185703
3.2325968066609003,0.05160325231041565
3.190656390089333,0.04791188161318444
3.0907877934428964,0.10803418136082837
3.053922146327221,0.1697516191294381
3.1675785887983023,0.09070673464037139
3.12565809658321,0.08531002102962143
2.9943422854805024,0.24810315456269855
3.091426255780248,0.11525791129313077
3.1068734974640204,0.0927101756829673
3.1540909987957213,0.07836184220186466
3.127610875130413,0.05662977940366312
3.22114432370661,0.0574932547843445
3.2646725885574726,0.03778133453302942
3.022129269363942,0.14288445805762354
3.0178810057603087,0.1315734998025376
3.054767717665755,0.20790791302416847
3.0605035304436217,0.1287318068203979
3.066886493727945,0.10120738329786282
3.1158344567776246,0.17473714886682598
3.168474597548548,0.016790126888716395
3.189405880735757,0.039888657071041375
3.2554411762162085,0.03816949343580532
3.308497271694131,0.013101987446837778
2.9571986039969094,0.19093241360447483
3.070790277680697,0.14981790854344712
3.1084516102682866,0.0894100618086128
3.210766845056707,0.08931184042920981
3.0398853169387903,0.1050007329964186
3.0898563578554525,0.14890649997994512
3.0470384045828878,0.2030119252673192
3.0634390577483748,0.17605756910849737
3.0551941654452373,0.12152582148094562
3.2421804039037534,0.049294707082129054
3.236662871341519,-0.0024024046541378723
3.2202587721832323,-0.015138537917083757
3.2838744532532225,0.04107934394133622
3.2533275726546393,0.08842569889444925
3.173847559804149,0.07652021318306007
3.0499936387623516,0.10276234587739863
3.0312745934623107,0.15191446274407894
2.969235436684476,0.13625852897714819
3.144091199858282,0.1428479273514597
3.15115923382176,0.04214508244112522
3.1604424747272746,0.07711001611444943
3.187043301841614,0.034590656647642964
3.0941268756514506,0.06281051407625178
3.315138337212746,0.03154894239936764
3.337840111649123,-0.020503920317530636
3.264195059329867,0.02812068891165991
3.123039161635184,0.02972982007976221
3.089072309887006,0.17197279467922832
3.016279962673623,0.18882341233795982
3.0575124692808116,0.14205814251130608
3.06045207185119,0.14054676616623293
3.063754763496354,0.1655015064882068
3.0984944173306523,0.05501478821015127
3.1150944802412073,0.05275081982656339
3.076644173138174,0.12040834421348857
3.0593978527093832,0.1606815859029324
3.090999780562229,0.0892107945036648
3.1164719851097233,0.07898653527892747
3.028179191415945,0.26028998436475553
3.212786834322222,0.11562362448897216
3.2099155096006537,0.09654950028227124
3.1449821963293916,0.05117139018823917
3.1533992129194437,0.13451387834886028
3.1628811073843885,0.15595471886173257
3.138160821975146,0.134045731128492
3.2361795398001445,0.09430409721800398
3.2094941409701674,0.10904827602571654
3.186146292970829,0.06977611917274727
3.15202041702421,0.07798479357042679
3.270525898824003,0.005646281146895329
3.0799547549403314,0.1350271688757648
3.0301923614438904,0.1750958465332471
2.999481614020927,0.13171897522191725
3.0389187163223266,0.21470673251835834
3.030143583462402,0.2268323691604753
3.059169635406034,0.20846678243785227
3.0707192581018057,0.23501108282068978
2.97923678249784,0.14999581853063904
3.1370071411955367,0.06886603225182318
3.1244001845625995,0.010175650282774899
3.086651857533143,0.24414597850907097
2.985466031338858,0.1281271836945345
3.0789971861299748,0.12997819746770128
3.028881043388956,0.16247354744145276
3.0276004176357043,0.16136573619637176
3.127655585071417,0.11657046515764957
3.159347241539627,0.04133437014691984
3.207290658976974,0.07093384139051806
3.083683768412511,0.12463481252665141
3.164054780123093,0.045379295918434884
3.1637175727589315,0.05033056020608182
3.2208127293754027,0.11960074498322219
3.218420954624531,0.10760459278561729
3.1222695986380775,0.0696861385566176
3.0753716497601027,0.12479870637226474
3.144497065858355,0.09308579781137688
3.076495354147706,0.07598439097350129
3.0832103876511128,0.07802658195598572
3.0436126874611276,0.11706357691640186
3.021234532323735,0.10110665582019328
3.226938945405056,0.11395131330176568
3.1770904150591823,0.060646460352027906
3.104787028265359,0.16513030771650913
3.1353528057003515,0.14646996957536415
3.021315936239341,0.0834774853021744
3.0213935784136816,0.16241193165544093
3.0367501195966673,0.17134658641906278
3.064910449281897,0.16321703012044575
3.002728884872992,0.19766481824787743
2.973335500099011,0.1394649652871131
2.9840511942335533,0.0768792171889654
3.026813569928884,0.04177105539328412
3.0905552430597587,0.05636463912535174
3.0798809206782587,0.11448726735251952
3.1617852027784616,0.08117744437633541
3.1318141114142475,0.07499992856389194
3.153167610233524,0.1358795994287556
3.143707235195294,0.14602353117796338
3.1232807912850125,0.14964969855217647
3.150440245772772,0.13919176047643195
3.174594512919113,0.11446945513396686
3.0600559486518897,0.091106722719437
3.125537728983978,0.08302728173686004
3.1955153639655234,0.06297758150294755
3.143062837489408,0.08919490047324984
3.2535839711620675,0.03998494362633732
2.8771729307249827,0.2623024884722511
2.9952802556254556,0.2007156055820973
3.063963592123876,0.18010516856127254
3.0305534280670288,0.19647764604270668
3.225674361838298,0.020959837581202057
3.2342743472710254,0.11957337281888376
2.9764489401274052,0.16198577992119742
3.0804966369783298,0.13930687407229647
3.122627386546578,0.10148509063301242
3.104333733983523,0.12395443548922404
3.09760298432163,0.12957181710146462
3.079133616225372,0.0571929367815584
3.0532182451098064,0.29076257052247084
2.9701904826255454,0.2767692151610897
3.0574628515841527,0.12305452418706316
3.076393890853388,0.12914463390250389
3.146908601115929,0.09956921689246932
2.9924877126272493,0.15579971007885773
3.035997341693284,0.23344473152538928
3.100628538548752,0.2558654371435587
3.0462478268446858,0.22485723773728808
3.0810006790719346,0.0754817213432998
3.255446110286685,0.159792908866527
3.1983091655779052,0.15535693890779143
3.1563852080781816,0.1603171945909562
3.076141822324956,0.12679352676455863
3.129235789431223,0.16619124061129506
3.064980837187023,0.14608013609672074
2.9972638135400387,0.16521681631360408
3.1009806937989195,0.13144024106926325
3.176026039065523,0.09950311231439335
3.1333006232121465,0.098867760737023
3.1269011215313083,0.14026498683250313
3.101753190698505,0.13234750994025826
3.313252625264192,0.01677815013440927
3.334742816072618,0.00041830963920438426
3.0122057112678067,0.156501397022396
3.0156005497120617,0.16203500224839248
3.027070368754452,0.14728264710016592
3.1180307767790576,0.2082722616620491
3.0292464868470197,0.2248224355507324
3.0604409390794323,0.2211136117399281
3.0639904447243977,0.252978334825275
2.9437761307295234,0.18017787215816486
3.1892438950913395,0.09688378933697443
3.0798256472293954,0.04613227831506798
3.133521677374578,0.08227214648908149
3.131562348426251,0.09545466265405284
3.027205169067125,0.18971604404660108
3.0095676292234805,0.30099984780483563
3.1323547412469543,0.053183219703599474
3.105691298678656,0.13831881665424345
3.068530974595029,0.1697029911355056
2.900962268687601,0.20193481376023953
3.2629252024271023,0.10670510076887293
3.204745097932374,0.02972367436611142
3.1651216459786764,0.09403563555351602
3.0629701084063528,0.12033365216534726
3.0840348188918107,0.11142772320207536
3.1077693350926374,0.1205997881323316
3.162426879871557,0.11909191745543281
3.1696205819376,0.15118226696476839
3.1632930213346433,0.09137583413271914
3.207047049707755,0.12770296428928982
3.2050644478741805,0.17678888425746256
3.1827460844817055,0.12019965766740343
3.0305885963977786,0.17654888055475562
2.999160311452846,0.13060360941429136
3.0289339422026216,0.12142164683088855
3.0211541744151016,0.172713453451785
3.065382417207741,0.14609757596461886
3.2487924828314583,0.01980799900864521
3.1951724285364866,0.10712374467996286
3.029557294701626,0.16409023825383715
3.1118089490771457,0.18660686928567777
3.1206344310504237,0.20949990571959842
3.0003106414274012,0.1874741959415159
3.1293845138100425,0.12724812772539335
3.1252693167785814,0.12663202772795112
3.1725683632068242,0.05682400790695073
2.995968481314899,0.19947456243776937
3.098058638559091,0.11896176987994876
3.0480731205635516,0.12327414816078704
3.131270857694008,0.07261728215415922
3.12111522233229,0.10614841888264598
3.061772625869952,0.1612245118840202
3.08790007917028,0.15180702015481246
3.1083430410668504,0.1713229290343329
3.092250970424776,0.1639133866412004
3.1550427139856927,0.051951245032560336
3.20359200532772,0.07021881491863778
3.2094148490267473,0.07830757400507987
3.1811884662933365,0.04163004756268604
3.1273032157185674,0.13318912538165614
3.2170156156312633,0.12110140404373626
3.0374855110082044,0.08025065192867292
3.2239066454851533,0.12346677057053292
3.2146400817189154,0.08908584454285202
3.198289852169592,0.08581152681845282
3.1119052306342696,0.058655366410654226
3.0602310519306153,0.2066124418788059
2.981748375840671,0.17017707552759218
3.0489224290961876,0.13235949946662517
2.9479222107125422,0.3005513733872424
3.079680072645496,0.1244647848432259
3.0732730742232683,0.11978499795624303
3.080510208777927,0.13289764104439727
3.043751300204785,0.11058148406848901
3.0432203754261287,0.07736469001309837
3.0240457834921526,0.09205031916653023
3.0727484278649593,0.12523224048923787
3.1769788689699405,0.1206395710926247
3.0027225871223715,0.17429497794610463
2.9826230285317052,0.1782452286026102
3.087331489575579,0.10980192151043792
3.0910522208997393,0.16071447580742731
3.03325286676317,0.21588802733275883
3.1270163562164113,0.14414765739742783
3.0571692804287336,0.07346128801879749
3.1331998673032553,0.10709198570177603
3.0673073431527156,0.051747308472230566
3.1655263873735366,0.2012824879339584
3.126657771225758,0.24743343986920502
3.163521794969759,0.2528494876658654
3.064941145063722,0.22449723916465894
2.9614230586444017,0.14050310211003128
3.250040407933229,0.020451687909670325
3.1086469279693913,0.03849552191645603
3.199028286055218,0.12100473455498464
3.035518022291774,0.21439398371704704
2.987971985779021,0.16102766749591596
3.107801855046034,0.18701471349616566
3.1154661110349777,0.189097990999462
3.065026541831346,0.14791307186444205
3.043738986666833,0.25479724374685137
2.935835641930951,0.1892575991949178
3.0855997344929236,0.18913348449992978
3.077130197597916,0.17921476480669507
3.0849756116476135,0.10066814012047653
3.1728147971701848,0.09810422016375504
3.090593460952671,0.10178476243193472
3.0409671169409913,0.1467401127890469
3.182915807076587,0.05886161599502801
3.1578147668107204,0.06961200828392755
3.0923544714313302,0.07911291454618691
3.1945769000106523,0.09161584256320283
3.1373623156911874,0.07829120628298045
3.225580061525958,0.09101316747594765
3.048639648596881,0.14444406025436446
3.0252427355665783,0.1737810635070233
3.0341058572522437,0.13232184437914812
3.160107774306012,0.10174672344510109
3.061189430952869,0.10805780370577354
3.083792947750588,0.17446489480162883
3.1210832127852717,0.15939073761359518
3.192287989693114,0.10780408000187365
3.0782366326045008,0.10107220273320985
3.1120951165261217,0.1043914254217699
3.1064698731485403,0.0937463767769973
2.994930835257508,0.21598883352406376
3.146997572304166,0.12424087250080522
2.9561913554832095,0.20244767612786124
3.0060832248255527,0.20350009353960985
3.015898936249951,0.22019389292508534
2.9507996857365577,0.23728953025201377
3.013126273813729,0.16743442624060267
3.161751172508669,0.09773437433678438
3.174276327161561,0.06659277755265582
3.169155733471169,0.06596380404280229
3.135115596905062,0.12783139750013786
3.1334357634617978,0.12684958397186738
3.121547972920546,0.13244488836057083
3.119883016013481,0.1618632958532746
3.0849129994688496,0.09494380817956619
3.118816831234001,0.07551603800361935
3.1168696138047896,0.12491243447250987
3.0898337134927805,0.06318347755946636
3.2137184816036086,0.11958172938758455
3.170582590920047,0.15572476739467678
3.0680388257823275,0.06266659459835139
3.058064932204574,0.2096960795151556
3.159232917804643,0.02578833450360294
3.11577847957383,0.15779865765534976
3.144487591085708,0.15099132816923286
3.1838703233536054,0.15550458829466648
2.976707054779376,0.13607049234537527
3.186358381678078,0.0987935071261964
3.240686253639065,0.11367938690879463
3.1398585966245793,0.1410908760523661
3.088041144524298,0.16367063243093646
3.0435861560840065,0.1279317591086198
3.140996242442554,0.11931246753832074
3.1545492069927925,0.09532274402496757
3.0789103119791914,0.13610182155220385
3.0496736010971754,0.13380980816780907
3.14025231329364,0.1132175842506077
3.1319578383727893,0.1565279232330955
3.1009828771982386,0.14099045156168927
3.0067476575877103,0.18341026397767832
3.145804251923483,0.09211996022014496
3.0572324179921067,0.16583354636248476
3.0216301297888633,0.1779506400946671
2.9912395574042123,0.24940481687090274
2.964106640898374,0.24554429044463544
3.100295852754456,0.0924133073873022
3.1150273704410187,0.19562734141410745
3.1265864724017725,0.15325522760918275
3.1351537336061854,0.048455728497342136
3.0998292968161802,0.11716895150686417
3.196399981808,0.10014712102222106
3.1409662796790605,0.04819076884769224
3.148186930513073,0.030749837236855194
3.130397000843055,0.0722461213584996
3.182189813846368,0.08904625773611488
3.116159509900746,0.1419198326615352
3.1590816667376895,0.11114913897860747
3.090089693342145,0.14496913687559837
3.0908588077222765,0.1515271336598553
3.1031799045131927,0.13281176023902602
3.054451666775399,0.1074795706365435
3.215977690595889,0.0949868535823119
3.210241433602635,0.09671732083131533
3.0935029353621895,0.033253182663362316
3.132713232164319,0.13530250681838935
3.07847525772979,0.05503156745923252
3.128407356623891,0.0852406909268352
3.142458713787777,0.08975981723060776
3.134675302579063,0.13329930303317927
3.1310349227701377,0.15212355364008232
3.1255624414426078,0.12173863897362867
3.1755867573492282,0.027539359315542796
3.1679290480205284,0.04132971804083407
3.0991037299903694,0.1599190073240879
3.114961696144522,0.10210945828935267
3.086900156042158,0.09732210272152131
3.28009765246957,0.0205261114838437
3.243051481589159,0.028319749721055398
3.020792873420432,0.1432334569432625
3.041080842974841,0.19244736592954564
3.088400223069136,0.23109894818310964
3.1484889937873035,0.06566499745827267
3.106370534490576,0.08990534052168994
3.0597815107425395,0.13030401825694424
3.0753844754381237,0.15501368083692266
3.1261339496951885,0.10152781390131306
3.0299347339298777,0.1624107130678754
3.006437425889627,0.17687586481657105
3.1766680347312666,0.07209896559186037
3.1884883237489414,0.0590915142931284
3.135179648392879,0.09956392883982211
3.0769434916201086,0.06017189363865585
3.2387896009185013,0.058661525158089256
3.227586211657917,0.05040341009091127
3.231434567647071,0.05648504104010837
3.18139132607288,0.15193116471755716
3.1822180911570035,0.14702796939034557
3.121525117160817,0.09459647273710077
3.1577760333773655,0.0698651687112465
3.120333280527917,0.031904550873202556
3.1657496302238917,0.06710014233940675
2.9408849161649844,0.251302612922985
3.0035356107702254,0.141951151060788
3.055343427925782,0.19871319419355446
2.9276911873695326,0.20189681886729532
2.9325572409060787,0.20293003850832284
2.9931023000736574,0.24154062614973384
3.0299819941160506,0.18852199811868736
3.1118096788963974,0.08243586600987099
3.0945781269199637,0.09088399035421799
3.128624925023822,0.06876307729381127
3.254879165475648,0.015601459385984501
3.2359749429038627,0.048380547517412484
3.2035331620534118,0.024953670060923652
3.096178803597452,0.07356839098219574
3.165344770364065,0.020976054602347412
3.1600949415179302,0.04601254194869625
3.2996558800630327,0.02449085003956409
3.2362810625016,0.02169994796552647
3.104071488659147,0.027015296756414647
3.1329404774706675,0.06881579877598679
3.17494746880256,0.07570557124842985
3.161530106633643,0.07025942629774193
3.146025821269064,0.11820773334081282
3.1689163367613853,0.10148420079796522
3.1518281787066815,0.12732876089659884
3.143097709273051,0.13868515513535226
2.9921043895972175,0.13394890021897146
3.0316719618102583,0.15776064127474984
2.986711958281601,0.1700572417873849
3.044262801739679,0.17904504223439957
3.081609710215875,0.109199559212999
3.1587153523657445,0.07132446623800495
2.900131196166099,0.25128580968500586
2.908238776596204,0.23382648251804825
2.9439744328687,0.23460285733376182
2.9713079438766044,0.18386338724629864
3.0038043160253656,0.20532827661526246
3.118997022128768,0.22085554323621842
3.0918190301610973,0.14004297626987836
3.225259399495582,0.10103551624486301
3.2318873739495015,0.05444279331430161
3.1687180289656887,0.02142623474245074
3.196404757504088,0.05144637842903305
3.0835910062066,0.1084441767549725
3.0370189772150904,0.1462183641827449
3.0759383720536833,0.06150363884964025
3.0592221513251077,0.05691364319046762
3.0946862415167873,0.06633948220178719
3.0653903862170444,0.11322350822749681
3.110119226277423,0.08744705596335182
3.04882578152427,0.10959920910709443
3.1755836478358157,0.08225155493237517
3.100788007010732,0.06551877593709415
3.079063859671608,0.07124835747205756
3.0733120920094334,0.051359337848371905
3.081509211788931,0.06058413723910689
3.0954525079265682,0.10619641542033531
3.00391605573014,0.18520056006845242
3.046720556965655,0.1332935621095202
3.1161185565634515,0.15109206382441928
3.303494269416718,-0.019156565684911152
3.319787807698853,0.005324574685749328
2.9828758712350645,0.21135260444550036
2.9310359097925915,0.1820188215330964
2.9932142500535948,0.26152682898395363
3.089406725348999,0.1885725476351683
3.020792287825259,0.11670870276049411
3.082227951401778,0.11640942583780653
3.0359253948535465,0.11597099830749198
3.0210714148077678,0.11400644856734829
3.0270073363526278,0.11535226267571315
3.0851766147885487,0.11077985543378349
3.0809418438289518,0.10157916049430371
3.114079484459421,0.08201484288928314
3.2046373567982473,0.09170491196023836
3.20771920710292,0.1394782853482371
3.173035458066328,0.1576409467369733
3.2251360655112333,0.12358778590751968
3.190014193659747,0.11766113382706914
2.975826937857047,0.14466873438367747
3.0010267358599685,0.184074765156095
3.0796406307793887,0.21702331027693364
3.0624814248903154,0.24558172200135656
2.9524281821032243,0.21447890444112439
3.060681169881265,0.22185653877984354
3.0440639675543584,0.12672430068744506
3.100077626059165,0.09385571701758627
3.140619907786436,0.05860135151437241
3.0873512198076174,0.16417409575506386
3.1022686861103113,0.13284436827794416
2.9823641143056996,0.16182122628852189
3.1660225605814363,0.16293396427950718
3.074297791495305,0.10754008533420861
3.095773332294805,0.11651783866042209
3.224771651451476,0.05648089348862671
3.271985547011075,-0.02374336016077807
3.0666838533913436,0.16115614019744803
3.1139121102527776,0.14655057282250192
3.144946025584816,0.12848419337452868
3.2320509035602907,0.1407829182120074
3.2277968918613005,0.08019509345979181
3.119594275508557,0.13051775576657382
3.1900929209749203,0.0802922054700107
3.240888063014017,0.024931283319701566
3.200054029288156,0.022187512990815752
3.2008706351241516,0.04883917912330322
3.1743190802475607,0.11604652124984785
3.1786272959464013,0.12093952395207647
3.103649202889883,0.0876296305685642
3.094449547661851,0.1138710583929312
3.033911708139131,0.09438126866992542
3.0885232897254054,0.10836117751305817
3.0463698477397805,0.12111907345888566
3.0930310073225313,0.09233012406363973
3.005771203743265,0.20227356070118252
2.998277625000463,0.18833472662362538
3.0249528837853714,0.17132530759267603
3.195111767894115,0.09248368261395883
3.1884962619140604,0.09186759801641378
3.1272398810708593,0.14838452065512522
3.137985746209121,0.04549587757268365
3.18023019095532,0.06689993209250013
3.129746174933096,0.10631201704889806
3.1506397041564354,0.10290593034998632
3.0815281529813943,0.13323602915953114
3.2024070644176605,0.0595588372823143
3.175034001087109,0.061478092273292595
3.1037450280994414,0.06525079624023614
3.071013727835492,0.08043816241045557
3.14744359304316,0.12889614687536707
3.208995606924774,0.11847254297504282
3.0734755676530248,0.11005334721650335
3.1487858133696123,0.06785094628383363
3.096727498216516,0.13681631032747846
3.083267071145296,0.12919869492617148
3.0844548072259803,0.09679219052626428
3.1234160548372016,0.10851766472609424
3.1696967050123566,0.07827540644004297
3.0511933309387262,0.11386704471670446
3.179085083953315,0.22662578729774652
3.0132617247595688,0.24304879774091662
3.031065904148162,0.2509787649123309
3.0555902805658515,0.20722805781444276
2.9562621331729844,0.21761882555671516
3.147307638386716,0.13100761006235856
3.0652516429251206,0.1813743347734104
3.035550578429382,0.18817084015934576
3.0874025910514824,0.14735212021680802
3.1078968582624427,0.1760580114435371
3.1558192317112863,0.20571416915535617
3.1165271278044373,0.044484518990919965
3.1137834549407124,0.04374679251630749
3.195161255003048,0.16513009978047535
3.210960739639253,0.1382044164449804
3.230186587598663,0.13826654552190565
3.080104121602678,0.1778235162409482
3.045387538216815,0.18564159723387547
3.0534918278399386,0.13457470651465184
3.2285560104962894,0.07067617933966593
3.2296004870269326,0.0641341115234382
3.025847147431815,0.13485523344996417
3.0798030773147125,0.12041196445064792
3.041619128884312,0.20317745609521487
3.022594722709061,0.1459464825420122
3.0834943471425804,0.17158588623971943
3.047276946874669,0.1151859967370174
3.0869471383948235,0.09492465188067421
3.061729326723648,0.1322461752683073
3.066214259215768,0.10756210130893389
3.043418668175365,0.1195797463119813
3.073068593826404,0.18985165807023424
3.166437342853411,0.015093149571837761
3.051004415284539,0.22364046596077858
3.157498440025947,0.20948174988741874
3.051896801471005,0.1789047998001259
3.134099433020989,0.09428961115382227
3.0993507634999653,0.11093422624664533
3.2333007797998765,0.051356270145656004
3.108804259858132,0.04414782848881085
3.1970387571505534,0.1390251605273788
3.107925235373454,0.022295866428695237
3.1286425896389836,0.024877084741597676
3.172615408088987,0.030717776722790125
3.0765184544777133,0.17427644067338163
3.017358856465243,0.1757380018160104
3.076762793207864,0.14747734984619235
3.06594242891032,0.09727618132695633
3.215737826921038,0.08050086100317969
3.148668720454392,0.05958860386221027
2.997074024531483,0.2549597737441921
2.9992249598573837,0.25597352095884623
2.9270188087580573,0.2401223555984062
2.94333557545377,0.24773646090550874
2.93153615140707,0.2636891833552991
2.924216269073569,0.2524740178454931
3.0885956856868892,0.16387362177260514
3.0949236595900618,0.17907870747933796
3.1331003028326134,0.2078203476133178
3.1116636526608668,0.200978844278898
3.061906737061105,0.19945849350264505
3.0171213247263133,0.1947253171097074
2.9985673194094424,0.16216862425865664
3.0505494301153466,0.09995167384661788
3.064205836001142,0.1574054661151623
3.016046237903345,0.15279071534175315
3.123653782160684,0.0894346687990952
3.2151512188596905,0.034135132557018555
3.180068099608152,0.08495060757064848
3.07983792189279,0.11131273865792747
3.150007741039449,0.12586933637705666
3.1334615211131878,0.10313908566774116
3.1531816089894327,0.14742903439766114
3.0537616432663315,0.21653225206871415
3.12470600123876,0.19886070945619394
3.1160783423769076,0.26082098018780436
3.03444138557105,0.043414360530060175
3.047093203046711,0.1679038475152794
3.062101071070104,0.16803635520229873
3.0051710767480153,0.14211975263306997
3.05021315333207,0.20379415409817578
3.014767241547315,0.2073391247331005
3.020534510249622,0.20277213242408137
3.082206516650777,0.18163150657849098
3.0392983265186695,0.1577486428964303
3.102233109616828,0.207516373841504
2.996434242770551,0.12267562960486661
3.117476568206416,0.17750835545077887
3.1970353017565394,0.12541192873271734
3.192548853786883,0.1532261903388333
3.043045076857531,0.14021785345133062
3.0191128314893074,0.11053276158736014
3.097647078614115,0.13121801204860575
3.1433457141942935,0.08192764721270188
3.097546710285889,0.13206851436245942
2.9854672377227365,0.17044035660734116
3.075838040691728,0.1818495052124579
3.1115288970079593,0.17194794664692833
3.1645374414653555,0.130717885168831
3.091346848593869,0.16215026155321932
3.1542839559915423,0.19478660987906746
3.1466448006793764,0.1912027705684311
3.1080869559401383,0.2216577236125319
3.15528878277197,0.2601541108391119
3.168696613176757,0.1701944408165077
3.1312816281838924,0.15593743988498227
3.1841044520343322,0.10405127188796323
3.1770180539440505,0.028743762933581458
3.1201339892468813,0.12319606161748749
3.060285614860944,0.1278170268319624
3.077574713644418,0.14125259919154257
3.125910835848101,0.13494032256849622
3.1157359896217085,0.11704799052048613
3.1197304392486007,0.12542826578147045
3.2060158989431025,0.09407936618007269
3.2097660859504473,0.1082089015979146
3.1131224294528455,0.14214867943469306
3.178300157891029,0.0372728934396311
2.9710920694518785,0.24062587807976882
2.985256522392434,0.24233215312142495
2.9428823381113354,0.14386271091197955
3.163159042730628,0.14267658860762042
3.1848486856175704,0.1403294592740527
3.010658003765006,0.12747414157282017
3.096693482911899,0.18853266549255798
3.0722296778801987,0.08563699195795431
3.0632665342881635,0.15518612194423018
3.087859017283492,0.11869899848329882
3.085510392362598,0.1441771564067891
3.127519245541179,0.04244619630628097
3.1828180989927635,0.07986323393050447
3.2000676516068216,0.05983912067765772
3.1528916211812623,0.06387408755790296
3.092752916164473,0.20940832247985863
3.0952880284314395,0.1441126845005467
3.084153092895874,0.12433807365151221
3.1677470991657635,0.08339014315562565
3.181694763257818,0.14689350483682062
3.159750256736045,0.15274977141405469
3.198724776145615,0.05461792736540716
3.078549121012248,0.1113021277663963
3.1299179949202673,0.08337694826889604
3.147612976556701,0.05841223864582481
3.2196331367095583,0.050824946025419857
3.1155441727572524,0.10209459394108017
3.071872868871457,0.1796059570840602
2.991532610942492,0.1604353636301604
2.98523895765614,0.15944253237893546
3.305667708424101,0.10243524258089814
3.0459976756462943,0.08252215155557951
3.068505042218411,0.09570218406537384
3.1142308485996746,0.13025025839748
3.0459481582765884,0.12099772341015037
3.0470797673190444,0.12103646965911041
3.0880154739215153,0.09347811024868315
3.1410641224840146,0.16313902083862172
3.1984318208472478,0.09025384696093623
3.110049805832543,0.10051124750544908
3.0265395165857085,0.21126762907175936
3.0209477665863433,0.2509506115679456
3.0384692244144422,0.23731712205143773
2.9390968579374306,0.18114627859841653
2.997611099520952,0.20584966802104282
3.099814745084133,0.15836781564655722
3.024360697566475,0.18984597502409117
3.0750480293616618,0.15854317275683374
3.038486359764017,0.09510242511814118
3.075749709435595,0.0993864190276124
3.041348164395171,0.09906590506683183
3.107237559209214,0.09519242686851852
3.1487564885747696,0.1477888334422364
2.935817151110769,0.2375151600809304
3.0696110000031305,0.14188890488876302
3.1557121482425567,0.08015933319232542
3.0163357967103877,0.1534134398744249
3.15290300007994,0.09290262684311981
3.2288172047618118,0.04731037945122047
3.1074810609919408,0.1261112056566214
3.0593677370563923,0.19801342346327125
3.0356333252452825,0.13574148466564592
3.0244959797501254,0.17057221183760157
3.145818541079257,0.0866184717270813
3.139118258760871,0.0922791879398411
3.1568916546658565,0.13209229190745958
3.1318764652753095,0.02930008610374074
3.168015479715831,0.05728135662529248
3.0880347650887305,0.09119382971090288
3.166674379256781,0.08480710560487699
3.02703416787698,0.14521740734515926
3.063577204481753,0.1305622247501447
3.013795756515246,0.1762236361295831
3.1572233186533762,0.0864138659431569
3.143647558297803,0.08800510910473565
3.1215932528749306,0.1103607739710464
3.0636353932373668,0.15183298272115658
3.120289391904635,0.09893080104450841
2.9923063359170756,0.1517869850993934
3.0796341127996723,0.19100314579671857
3.0213329850252313,0.22572698654108947
3.1174127874997697,0.08001249663548414
3.292911118886265,0.06928805005408027
2.97471925222134,0.15718810240268075
2.978028075689879,0.15321473155073775
3.056031985177452,0.13824644702442676
3.0488599770996525,0.14841963700255115
3.0548465011230697,0.16879577663344966
2.964840962897816,0.20390512653392454
2.9841779081195186,0.1552447756143633
3.08575123311197,0.2074470072974961
3.116645583443228,0.07118814737480254
2.9869314882809976,0.2515790995156204
3.0567313028757677,0.1759294377719599
3.1103504535203195,0.1904707453648951
3.122583594038462,0.18841342417468623
3.1252058777548606,0.2725561260363092
3.0488550459994888,0.14835045581653009
3.0413417186060925,0.14536825684284957
3.009647055282678,0.17922940551339395
2.9722311182944057,0.13864400293111886
3.0025871359879193,0.12756425566655938
3.1520700694550956,0.12286709372120319
3.136983202832581,0.12359282631299344
3.047428527300569,0.12293617390484896
3.2419108524871008,0.03884866892814955
3.1657624366841737,0.08762954900983158
3.1133539438131828,0.10114053376246736
3.1536081648551417,0.0625969038193533
3.118092160097793,0.09886812126523507
3.0816797184980276,0.13184858678373634
2.9463603344116964,0.2451625551535533
3.004440149451229,0.17992061810644414
3.1668807471275184,0.07672658000316684
3.0308174898975517,0.17324277050852543
3.1195404945269227,0.10654065791745895
3.1187962608967386,0.10589900772033048
3.0509800672503515,0.07488847901736867
3.0255675217262774,0.09529718274824286
3.0480838370438215,0.17196965807159556
3.0224702516706947,0.15410269441114993
3.030696241803061,0.15699168796994878
3.133727276324584,0.10473335903667114
3.11755146119464,0.1675464481326701
2.928269588136722,0.1695613479534587
2.9323311452635545,0.17328379228600876
2.9405808701563196,0.17726818437425879
2.9910074196324405,0.12898239095985684
3.308239046558013,0.025352742259909126
3.297313225135526,0.02685285237178736
3.0214406106326397,0.13007213337312157
3.1956121650989906,0.11569078248281921
3.2028785152084547,0.07149560155143259
3.1726299647079563,0.08905396881045771
3.1703705728695395,0.08107656542652669
3.1127418264983167,0.09979613082054681
3.0670408183389095,0.17965484435467155
3.0854884292963467,0.14533899433088365
3.1464644301735687,0.04308491349347387
3.1289430586061817,0.08747758749128941
3.13476848608559,0.14979230953946288
3.1456697980525754,0.2048423863219806
3.130782527092997,0.08676497648700068
3.026409079283792,0.217239390911609
3.039607773655148,0.1917975244699168
3.065301917610197,0.1911958518543952
3.1959261170458633,0.06803839066938201
3.067263304148474,0.08656082477801674
3.1209342258252826,0.09150106842691998
3.163629470444738,0.11179538649031968
3.031774849664418,0.1317114499647514
3.110260476080998,0.10924761214514081
3.171436607191798,0.045792897666515224
3.2553932496280966,0.04002372498563316
3.0364533611322337,0.1347505109901205
3.030677806822228,0.12194665137915728
3.0923429507208144,0.17406042795009
3.1583076072128247,0.1588220167012964
3.160458633284254,0.12643350127887937
3.2078519707733024,0.10906870256360852
3.0293615024117986,0.10522583000365301
3.0404754626673767,0.24464897690414636
2.9740281463129516,0.18374109887007775
3.0393396973752838,0.237116312657347
3.0693376957109995,0.10328152546500444
3.0890736225162643,0.0841726134795616
3.1320591088166383,0.10618503623860664
3.1276261228365327,0.1008521609111739
3.1259734810548463,0.14215992245307504
3.0572197625078226,0.13341425849320349
3.2072600159666043,0.13623355150452188
3.185286385006715,0.13301516809264502
3.0681556613419385,0.1848043027372199
3.1069734469906627,0.19283366785710984
3.1465809254231765,0.02989955183066252
3.2443080365828822,0.08625348665599265
3.1711862368435155,0.024914779594645897
3.1604515156327695,0.045514342850159255
3.2024886688324026,0.10047139983784063
3.1899857918747383,0.058737836103078554
3.143903693829168,0.04905015135234182
3.242377482195817,0.1521424896965827
3.080635952077183,0.19990329354114733
3.082575804425392,0.21798152322736544
3.1003353113779624,0.22426186471586648
3.0016941125633667,0.15817568511802488
3.1138394280810084,0.21411569472677308
3.0512997471469654,0.10123322634569613
3.1531764878781074,0.08729694941014138
3.071407970959482,0.13563494993469796
3.0285111875912203,0.1888549106926527
3.120413367766031,0.09757059245225001
3.0801043978969904,0.06183701613602035
3.2045967250422702,0.11545926008274314
3.124812645386234,0.07110835056230112
3.1260000389747096,0.05914349786296631
3.1361009870626186,0.14542070577852628
3.1618512433927846,0.1689530359153413
3.0743319055731266,0.15587536382889722
3.1183995679863363,0.10870114111003706
3.104309183397458,0.11625364558753
3.122649127328402,0.1304597467966053
3.227039701714133,0.09540078133725995
3.0369319076441093,0.10142634714882552
3.2153384708707446,0.04644985068052404
3.3268894933127773,0.030966289226677546
3.253848907324048,0.042156372816750276
3.254412039012676,0.009844511809866903
3.2634827894476923,0.052700578164546555
3.145006451211454,0.022510754418887818
3.113245805466968,0.16857757181756639
3.061194981332071,0.11694268259677547
3.0898459018466164,0.1799251470005016
3.1031922239829046,0.1624548102307002
3.13756974364906,0.10946634582386018
3.145734538820741,0.1643527042394565
3.2222865536719767,0.12017106603323825
3.1671379287364694,0.08996484322721936
3.1783131826205815,0.13115744467580703
3.213745449837345,0.10563894519185515
3.2077346320180458,0.09268749241490977
3.2192447227407577,0.11357528525976335
3.207524058865943,0.10948327633699267
3.1726992195943904,0.12122043122413806
3.219417014477356,0.0611419546922945
3.0092717884393774,0.15608542383524246
2.9995595655689202,0.2140804353404215
3.1239510700335615,0.13304246850863558
3.0481245900147256,0.18614676841872738
3.039249955160267,0.2167752839456537
2.986183105174501,0.1781671500534427
3.084958458215616,0.10902247620579052
3.1996077777557415,0.08915709844774618
3.1074564952998665,0.13725679726561124
3.1804522850066266,0.07048424039245778
3.1331233547018495,0.10457478964371136
3.0929759342343233,0.09553468205252176
3.0935220874157694,0.09694697255159426
3.1183476542708224,0.12548139310502895
3.2761485409355386,0.03571141249261899
3.0779783964681027,0.11335048187779133
3.059069435692251,0.20153349152468486
3.065821320456108,0.1806012064711043
3.0998396029497948,0.20364252535477445
3.112855419151019,0.24760649504355342
3.008589320137371,0.23331236796226984
3.0404772109963716,0.1679333231443882
3.091994222011155,0.15608432424988947
3.2193110329252854,0.08924413781403273
3.204839358029736,0.07810871184245974
3.09623308153715,0.08873123441849043
3.1931394657192276,0.08805710385762452
3.2050068399613667,0.032357533342612876
3.172399411735625,0.04725214436561908
3.0548370905189546,0.12118015406204624
3.1628469132459616,0.07370462919703329
3.1550096089676654,0.07265862425049588
3.095854481918847,0.09772588424727606
3.071669858830287,0.14121421535749948
2.968692005325814,0.21635708922355035
3.050681877794558,0.20311120648774575
2.975045035736233,0.2527711549216093
3.0644510999884336,0.18345312124899368
3.0850824237664507,0.14501169717119405
3.0237643013078763,0.20254228234468805
3.0000241047510703,0.2018422069043577
3.073768348877223,0.17485513312471918
3.013007484072123,0.16786752816044404
3.08259981159518,0.1704638340418497
3.1150290732743655,0.1846973243979698
3.143111766023146,0.09389070291596319
3.1048829646431177,0.1122071946394537
3.1525555139058508,0.06752979405116097
3.066789464425166,0.10140068366078558
3.065801817238306,0.0951299404290874
3.0830255525534067,0.1375396347865919
3.074268582028743,0.1708671850340003
3.0768310277280233,0.1721022214764077
3.072516124755843,0.1886261327827723
3.003052202443062,0.19320103845227016
3.1375413603664084,0.10238278195629633
3.1951469573631845,0.07053486737632716
3.1282992941734853,0.03490109252341055
3.095857549476042,0.06074007366256749
3.16040682195705,0.07385521066305643
3.055602850709798,0.1888894888082506
3.0733032782871823,0.189388646431028
3.061657096939257,0.1654947151304975
3.172681346713114,0.05090707628988748
3.182542421494955,0.11686230422660815
3.1934759805495028,0.06032230537908307
3.194578796241176,0.0600633508488206
3.243309396155506,0.10661284406589726
3.0557412473780623,0.06801008222542668
3.046684031752707,0.09316477538706405
3.089523056673734,0.16310169658461368
3.245826380807326,0.006406334300357087
3.258981229712517,-0.0027836212488700916
3.2835217178371403,-0.0027054545685407496
3.272408621027193,-0.004848145552634566
3.25253611324993,0.02644513239172712
3.1769342303272565,0.07482790948472777
3.122150398546228,0.09995474577483407
3.0565976058227355,0.16462121942632177
2.9630004952301094,0.23886689048317875
3.0451562262271206,0.18854215572605146
2.988521650734474,0.17111898559000935
3.0377070216707396,0.13512965571653607
3.040780213720432,0.13759196675305652
3.0313313391182395,0.14568689172473334
2.9959515194872193,0.14902807213612024
3.110964277458178,0.14797116627191476
3.0359136114525165,0.18431284766190742
3.0282970494897072,0.1736992783210055
2.918665436613927,0.183198119730125
3.2230000763909543,0.11479792712231598
3.1707968052395175,0.04466526828745878
3.235583834624473,0.04033982634629708
3.20221873340704,0.07367434260174684
3.110539349571309,0.12524093607121234
3.0897897377165204,0.08421924940944472
3.1195492800466758,0.1099007922378112
3.140537862313062,0.20101274000361694
3.0388691540092383,0.03976100648041319
3.0292435174019148,0.06170820559876231
3.1744110942333905,0.18028168291237567
3.0695728538969194,0.1925126229514546
3.0919021809183094,0.12197024472584901
3.181410236689229,0.09007627895778207
3.2622566834286157,0.019064522727103468
3.2283634179531937,-0.0025846127744206253
3.305888131205757,0.0724125810065934
3.3161535418393724,0.06452824116056796
3.1610626249974323,0.027444663250072728
3.22286605724809,0.09473909174653937
3.1432687766681062,0.10760805631817576
3.1498430204295222,0.039086371294381084
3.1160080857169166,0.04479221180975566
3.1158691898947004,0.04272009628162686
3.111075446790623,0.09003302460272329
3.110674308230731,0.10790680267460999
3.1200746659779974,0.1384387744924063
3.0615045289298766,0.15807485951631783
3.153392583596621,0.1620518645815478
3.055744133030355,0.18111831102071574
3.0292637367492943,0.13424287170001586
3.1342748540667555,0.10576446667524747
3.1243329998807647,0.1100738705352977
3.1800348510586356,0.06035679244146321
3.1181270887269625,0.10249758467766956
3.013481885402771,0.13620605397244823
3.0278538817494463,0.1559179811328412
3.0401061379569643,0.1328777314614439
3.0384710948448332,0.22405564341253345
2.990362648897193,0.28105542561530367
3.030860215441763,0.23560973134827354
3.152532234233599,0.12987576410950946
3.014180735026056,0.12236500887281868
3.0671124141464894,0.11539480114963253
2.934473048396192,0.2292871137640666
3.009531898506426,0.1635313981668384
3.031002662825239,0.20731220901432884
3.045086081519876,0.07141051215086408
3.132854290600478,0.09912057825135506
3.0735237503961352,0.13515692912000518
3.058152121452877,0.11469051402560072
3.0621827738724177,0.20202968111114072
3.068042133405917,0.058559781435275654
3.0738192284755863,0.058607997644327094
3.2239929983332485,0.1041804817062094
3.25981698514915,0.12045576823782875
3.267204990821377,0.12705872635408139
3.2350954164701315,0.12626142645512428
3.0269304914045208,0.1209016763072061
3.2833207214920073,0.03895929004764249
3.122774999291943,0.08716860658580336
3.190680195376891,0.15214316934693883
3.1927447091671457,0.11770654395815108
3.1038859469523836,0.1852182690967464
3.026032724097207,0.1465851555404463
3.0319655882597027,0.14341844916306584
3.0948223499742418,0.14943592448402107
3.1590143584442747,0.06423148079589222
3.1894383033457148,0.032403948298913604
3.189116449772473,0.03424611644927523
3.1827180558906156,0.09822082025475733
3.180072085272677,0.07620491333828713
3.1758713631095574,0.12725921731865208
3.061485144808897,0.10970507027452865
3.0842227859146165,0.14081940099374052
3.1012357059354247,0.11060803255612492
3.118243769044841,0.0945759195558477
3.0241630732155484,0.050841626298555695
3.0136522271530612,0.07485759277277565
3.2965938024002295,0.04701917944177921
3.267755749655914,0.026024356954979407
3.282108556479685,0.01726198104406147
3.202044649014605,0.1172731924915589
3.3027898393995727,0.06896350827270745
3.3404346422707563,-0.04693894999676538
3.33525104844001,0.018538123842507297
3.320955325336651,0.009845774786960367
3.203189986762421,0.06965794937986745
3.084903315409973,0.09095062148160561
3.1180867418289786,0.08215904834152415
3.1760768636242465,0.05151044023992508
3.049232330910615,0.12204804595606115
3.162013290257516,0.08225985000752728
3.082890617841778,0.15722100504880956
3.0661034855686924,0.1341597212640724
3.096012924239988,0.14794656268942066
3.065766093362488,0.1647489265741869
3.062863848100135,0.16874250926143708
3.1159865111287877,0.09871842669872571
3.2228890965039536,0.14024303901906607
3.0006845895551977,0.1349411802706764
3.061687052259908,0.1966146599541202
3.1383799324591535,0.04863154498869933
3.19596466673392,0.10030365298445323
3.085983691885699,0.0514694289561666
3.0338051846094367,0.24262171270197794
3.0524971146438458,0.20140275482716993
2.9976056110186526,0.17878783880175866
3.0462590262630505,0.1492838045131945
3.0625672336662557,0.12738321770219388
3.204313143756078,0.04478842435075827
3.220148379408962,0.046505114028851
3.1543834798387045,0.0765797435764181
3.1360451929784205,0.04611130666254826
3.206593013667243,0.1524403747541875
3.104682841794006,0.1729255654234212
3.147164947779429,0.04833208228109046
3.103156247178448,0.03561132902338349
3.1224581386870223,0.077403667853416
3.0589683668178145,0.18544228190388476
3.124463180257231,0.2247604005960927
3.110334268932844,0.22320582608066264
3.0854683281818627,0.24232801844041443
3.0870273728558026,0.2381086552320348
3.1211602752444905,0.02632262388052155
3.2159090874669416,0.06847040132780632
3.136282020251879,0.08705494903363342
3.101536942495822,0.07574207893074093
3.122348782610223,0.0933916945520343
3.138449966818042,0.10160075645659788
3.196787771507031,0.0284374823988398
3.149401098036692,0.0592703866530572
3.161715628140378,0.10185425958291958
3.1722375483153344,0.07826900505794211
3.1175202358530476,0.1313113543348656
3.0164420584897873,0.17143750833608798
3.081730317177643,0.14814201742103159
3.082146438439888,0.16050663921492264
3.1256363312258437,0.09160114898979789
3.1298939531752734,0.08849043541761072
3.095038424439812,0.06685043685788776
3.0922913237434315,0.09764627877286329
3.048994937169148,0.1432600604909083
3.0832522277633143,0.13734128978524604
3.0275933476742605,0.20681948035298808
2.9922010116859896,0.1668490379691339
3.167720247007642,0.10450809269819046
3.1715740103702705,0.07100548328417153
3.1885046220483586,0.03428716811767748
3.2309667468466277,0.10168501782538915
3.228011989884278,0.07445501352803632
3.192585048184836,0.023264727220996213
3.1466281954692006,0.13701600199251607
3.1473424761815867,0.17219719386230062
2.857922577113537,0.22481900041834185
2.8437223141215715,0.24660947022710752
2.876637194012352,0.23897640569243142
2.9144354023305987,0.23954439913525463
2.9564212694909315,0.28152659797428203
2.9146661853295766,0.19940927376971307
2.9320686609449647,0.20566114295395754
3.0429378502962465,0.22910092995186915
2.978091872405718,0.16256784492027532
3.003453351091759,0.2995407772712304
3.036778608458811,0.27773304937983373
2.9649219399621822,0.24745363260639056
3.023994598043844,0.1998357409676611
2.9995394761412655,0.2460738893117731
3.0388050185320976,0.2468602394531967
3.074746337551063,0.05799414886333128
3.079603640527151,0.06824371537325304
3.0385224812955345,0.1553689533866479
3.080470217608211,0.1479047049057687
3.0982179299540613,0.10888857310114783
3.0884474714576133,0.10176983294967405
3.094519742320292,0.11000085930482963
3.0975893224060074,0.020936906179131243
3.1430710019339925,0.1802153610068036
3.1435051350875045,0.18214394037965415
3.187404873960302,0.15273590247648508
3.008416081982661,0.10080865304614436
3.158007253309784,0.19610982011673483
3.2307272032904573,0.12511535738884888
3.105057532390576,0.21587673436447688
3.0222446752142074,0.1932830384512644
3.1451840435043494,0.07545556684624252
3.0824430243515817,0.14109805884785986
3.0742539818365024,0.14783694441670117
3.022425998697647,0.18411327151410667
3.1169409600986286,0.09165273959264233
3.118235947406461,0.06499333394947544
3.1050646033191063,0.07312971805739539
3.1034272379800623,0.1626305687218652
3.0483990470902858,0.1635768349633128
3.0203114540270954,0.06798318941083753
3.0313657053269893,0.11620968988604802
3.1775038200885777,0.0802459375774725
3.196304682212674,0.06042637970771679
3.0424361864588474,0.11961669354848854
3.183371337660871,0.09178693161488424
3.153443265907164,0.05588283048956423
3.236135631776966,0.043601027713814786
3.0343610348323393,0.14281589485391852
3.1856303211853714,0.1567659434557407
3.11581157125555,0.02681970884659955
3.111718161776428,0.019661925443298384
3.2139977235637334,0.10545856190637193
3.2087011426366363,0.10460943510925048
3.202895304791924,0.09554325348398553
3.1095766329418835,0.1496692354274581
3.0826658486727494,0.18310524134543013
3.13041402840257,0.07724973999924534
3.183910149398708,0.10498548939984657
3.0154162014483714,0.24154928490387098
3.158587199509793,0.026608421908422424
3.0174406375510845,0.23380424894976332
2.9892916388629427,0.18178045427366465
3.012355888099589,0.24342409513814578
3.1472260508755583,0.13979558962737348
3.1595165075747476,0.07331330382905084
3.0730260602935267,0.15822373558965172
3.03379524982514,0.16335795575964748
3.187647826888773,0.215113049953387
3.153857953916064,0.1452059039866506
3.0042500329072377,0.14103142978437072
3.192909105628893,0.10062053992502583
3.105966126699529,0.17884038195915605
3.0114714585175846,0.1963029186577543
2.995233140117222,0.19478476320324692
3.0112298432734197,0.16683837476077037
3.0454742129311883,0.20014879857821552
3.04090599505393,0.13305371675741348
3.1237826375153017,0.07902194035136907
3.0560259231466746,0.18220198202333512
3.039103288671031,0.11391028715149795
3.0076576674762876,0.17103199781567577
2.950569997369799,0.155138958783771
3.0718621299532716,0.22517925493719007
3.0381535764632943,0.22001882556498875
3.049160437566337,0.10088723995921708
3.0618680441245796,0.09256017958514835
3.104173770106028,0.1494325778534386
3.0790888258290994,0.11176565112239957
2.968590328469938,0.3365445297162246
2.991761337649036,0.2547082796530914
3.001310442794615,0.263555769682906
3.0013862854786577,0.27205349531852535
3.038148292965262,0.27686432213499845
3.0367076050783712,0.2946456668364956
2.9691128750757985,0.2013655545438097
3.0678520274275796,0.15533719047088798
3.105821625978635,0.1651874026879403
3.091554954155174,0.08677177420751618
3.090743916738079,0.08769226056560038
3.1146446096228493,0.10158621085063287
3.02917310842526,0.13381886180550326
3.1446106063154238,0.0995814846084167
3.228099901696061,0.07761982762102017
3.2723090757991944,0.0793187865643243
3.2337528013247128,0.08153918036865873
3.247074943431911,0.03595284368712785
3.010259447594336,0.13014197691853882
3.0054466004506692,0.13009256697086627
3.0374973666108565,0.09860594788377545
3.102411707281302,0.21664338383723644
3.169929683290352,0.1107722431511777
3.1663061478504084,0.14960494631969537
2.9866639993968795,0.13732369687923013
3.0787875200949273,0.16226495951489628
3.078646635553206,0.16407658146120174
3.1991868643844668,0.02697690743498951
3.0938636835506608,0.146955919955492
3.115709325432777,0.08308650206231599
3.107378006049132,0.18213007368713416
3.155578475624774,0.19322166004223035
3.1814494065700445,0.07013101831500582
3.247930199325323,-0.0028973349084936333
3.0439876883486208,0.20017727639581312
3.042165436274665,0.20110718472662079
3.0297926816832357,0.15720458669974283
3.0620406583731525,0.08072023040117035
3.019930699066388,0.1393111700814564
3.0258676083952736,0.11200039963002428
3.046382954095024,0.1507209196450073
3.2460437839200273,0.13013241330643072
3.018452915044332,0.14926068259468495
3.072061433261848,0.12405164765243948
3.1017895961275928,0.07823888160528326
3.050990403207145,0.13412979113321272
3.14190287573161,0.11333664953953834
3.047777476553696,0.1390348398809519
3.258128174258919,0.0874646693957876
2.972307699058194,0.14603907195795693
2.9640333244169055,0.14351800705078258
3.1292675390479885,0.21089260438722282
3.128587951266127,0.2111830456654087
3.0353074730495133,0.1517434893812429
3.0587688751126443,0.13389446058925147
3.0564492126614327,0.13522314288435325
3.17218942125066,0.11174407101128506
3.076693797263776,0.08676611732522195
3.0720748737913217,0.0821516256566688
3.0987260243937857,0.12350513244313029
3.0394892830785016,0.16206506529445133
3.005144544123448,0.15805862262323422
3.0445887320177207,0.12311311569885695
3.1651284413810776,0.17178403468276612
2.9952156386740842,0.10447307729439857
3.248028207249166,0.11268043279768407
3.2889204914531684,0.11173417763487244
3.183322528565329,0.0892860279827634
3.07285492650947,0.13277408610774186
3.0192476691837395,0.1230693279282615
2.9804202942044657,0.10681574426838078
3.008735458508902,0.09861871723534617
3.081232906588076,0.20939975637139627
3.0486593674604032,0.22898456756472352
2.99722694053687,0.1744232473308091
2.955283417248144,0.17687992024973528
3.167236799450159,0.09604769128014
3.0592567358154583,0.12166660112317872
3.0652539501938505,0.20439210310029873
3.056335530056389,0.1955540319897359
3.0510147214757377,0.21863572583244045
2.9848902946035136,0.15212635067470281
2.9800477546288833,0.15548407002534836
2.9926455019181386,0.14279305838244793
2.966422299217297,0.13922692374750378
2.9890578366924623,0.145689107353776
3.0552516639330465,0.11857399532650417
3.0550114606458285,0.17722084406617633
3.041748263141742,0.08028782243012289
3.119499646047138,0.19688121554037225
3.1089834843978155,0.17623245951713562
2.897216189803488,0.1406872127071641
2.9622704832633193,0.24418919894709618
3.0723959843084976,0.20630316340004404
3.034181043964944,0.19595427832868095
2.983098284566077,0.20725472017713417
3.0584107880551965,0.17698498085127384
3.1083824615713205,0.14054727684710885
3.0987452191425637,0.11767345525960213
3.1506849884156276,0.1470396171682947
3.1838411160275335,0.0651521363962019
3.1901519667520475,0.04856618898717824
3.0599839837351803,0.15329990976342506
3.0779577370119426,0.1952824402968644
3.015873217028168,0.1271330834011751
2.965108004096212,0.1783074197137052
2.9515200379162994,0.16729523593806434
3.1363070533421826,0.08523097292113842
3.1072224866940856,0.08344876683937835
3.088596180251304,0.19426246730796964
3.0848117171591034,0.19040365535481152
3.006925679636536,0.16864018910630618
3.2474169891402362,0.025706284343420958
3.2692396781025477,0.018917078358398887
3.0635637463085246,0.1450630569647026
3.135124908863373,0.08294866755471743
3.058341939964842,0.19491218763153922
2.9777348852342844,0.18186721338776055
3.029898342304126,0.15693633852608646
3.183145066734115,0.08615684391278938
3.15476161561398,0.044102849017869886
3.1809624091068747,0.07679430646675764
3.0458673823863487,0.1340813972132104
3.0083371964567127,0.17984713130919475
3.007983430147536,0.10118235129858609
3.019657441822321,0.11901134639670873
3.0364887757257017,0.13910218949299363
3.251594450110369,0.004803647985458838
2.9615465566960775,0.18231193361952996
3.0026288610382332,0.2283010383537877
3.026901034261482,0.13757202793415052
3.101446555886806,0.2680271197084505
3.0341722923875625,0.2337891666978013
3.114225860377138,0.05625026663975533
3.2002292326483333,0.10894950376477121
3.2004698290607867,0.11013934603877111
3.2396861410909534,0.08051082363295277
3.008857514839296,0.12335007321108321
3.0478294440759637,0.21380029149824484
3.0286403866703857,0.21275252908401274
3.1612003835437466,0.03063888667415135
3.1322980411942845,0.08739168574624152
3.1167917834561876,0.1298743873214041
3.0702534647789568,0.13374890776468037
3.1764048541009635,0.07206907655689644
3.260069336284876,0.0886053836058728
3.2627801822125724,0.08930902471119405
2.9552170664036046,0.14749407109309848
2.978058063108126,0.2588404081136957
3.0010204797094158,0.3012115203663026
2.9703096879848117,0.16684259658272108
3.0129744545829324,0.12029035173472606
3.155596151373584,0.1564608792534204
3.0489336515068035,0.1629300620307063
3.0950877205590412,0.10860690300377825
3.2266749879747034,0.11425700166288737
3.1762707890630084,0.12085402675238492
3.0472297442931584,0.1261595334587282
3.148159675760459,0.08521939088675763
2.950614404993319,0.179376787751154
2.9447577520289174,0.316557112997555
2.949291267352642,0.2774986563373029
3.0605382328321658,0.18610922750199335
3.172187698265235,0.06797777259446142
3.0662320123605213,0.1486914700580256
3.1400543344756704,0.07378442276196268
3.185827708995559,0.11789803734598878
3.1661541946405447,0.0895759625091235
2.959836994669398,0.2092720785664483
3.054381567145576,0.18443253763109607
2.9949807725600177,0.21073415029272338
3.0121042851709245,0.2631906444905811
3.068526382030585,0.14126128809559002
3.0802911085713096,0.11565568972943768
3.010720954008584,0.21331480016987162
3.044767481382085,0.22611440944976366
2.9194100849406226,0.23997262831814828
2.944784749388024,0.21073826281740687
3.0711532480243156,0.18238953465458313
3.172875550941697,0.10985056069486822
3.054059915225109,0.11166650151644182
3.0196168918792066,0.25595480783845903
3.0157476605953635,0.0665307721111146
3.2674944969161563,0.11765443277749968
3.292867818426034,0.10935445303980104
3.3047614791048523,0.11023479902814495
3.180843274455379,-0.0076060637630752295
3.189015740182273,-0.0062102415230746956
3.2759503653284763,0.07561057475930175
3.2803852969586327,0.07529504526364016
3.2150330406217082,0.08530043471403369
3.1459508814750343,0.04628624361333003
3.0967297370973874,0.16916782228159513
3.043988567158405,0.1503900813535605
3.043988567158405,0.1503900813535605
3.1565293305541484,0.09348642955870669
3.1363321005462135,0.07971877800909616
3.1015234138187937,0.09553013017298272
3.022184212586748,0.08550498959746779
3.077924467679873,0.05885489464609866
3.088462184485263,0.108302688446352
3.1031405519319897,0.1255819303719178
3.0241472025795963,0.17260496684268747
3.2287108929798825,0.15649335977646797
3.030066816482015,0.048749925998162885
3.108329402298378,0.06382791468126287
3.1068857439849125,0.15690770352414507
3.0838380238590095,0.08629909577795457
3.1589222772975947,0.1012802942007505
3.15154079201176,0.1237055335392619
3.142718310931611,0.12532430105804127
3.1183871467096496,0.12909262065053934
3.0428044040720588,0.1813931875892736
3.252085762483465,0.005254904970495658
3.232789155441565,0.059485046515133234
3.1087277601379313,0.08553272803885538
3.1073632967374207,0.1014383033120261
3.104382588585839,0.04769127584841855
3.095959185728721,0.10195537608872207
3.0667064881787267,0.1488545665749237
3.052460238084613,0.13427647729445596
3.069825969919776,0.10653552902165128
3.125665803851493,0.12890032371582244
3.1081750754073623,0.11123867501776562
3.1145619989094815,0.12908146127533554
3.2351143233074264,0.03860899924350389
3.248796600186797,0.041407989206969954
3.053756278804815,0.16713872469671465
3.1287179350234093,0.14665501697665767
3.1569660717565418,0.07869893459645645
3.108469481578673,0.08860940814676997
3.0257449226161905,0.17577537075521613
3.067911581217817,0.186938947248007
3.049738247621413,0.09643520374720509
3.04695241017275,0.24201759582483112
3.0357375788899654,0.2502317873637381
3.028085797951579,0.1902203987165873
3.0289755346401304,0.1870579831555709
3.051146086440769,0.10124229475202343
3.1546490645984813,0.17386809744816617
3.064693885215711,0.09315611620668482
3.0598294346908186,0.17854885526553202
3.1488723531898084,0.05833103647754735
3.224453175241893,0.10112482322679056
3.1195737381834605,0.09832666830965435
3.1369030463848477,0.146012803102334
3.027852967630372,0.1295738234933812
3.2554956703186595,0.07421658784005178
3.2373433643211786,-0.04292067544200686
3.2101735228845256,0.03240846039730495
3.0397935738264517,0.10744712816665843
3.016662312715055,0.1814993573690767
3.0414725863872056,0.16887242457594312
3.034804497661236,0.13327683448816918
3.031481777369042,0.1323286030491256
3.099635970976471,0.14008165376035797
3.159775121465327,0.03463276224971548
3.1101923334006396,0.0637504079304716
3.136101188322731,0.14276210589087654
2.998363482856274,0.13406348922579914
2.9713921223268196,0.19600985598284934
3.180162635295578,0.06384209480114444
3.1334983917945776,0.07632833683294682
3.132980545064642,0.08094387101484016
3.264319359635382,0.042648210226356155
3.21241450083569,0.03357037147216801
3.2179485569084187,0.031314424360627306
3.1424788453532124,0.13177625522323452
3.161065683567791,0.14999867303957723
3.0885995785463276,0.07728002329949384
3.0579979138818056,0.06942919637252981
3.1120754325486697,0.07205362878018678
3.0394544678582327,0.22762536533256958
3.0166259897910854,0.2034950618270574
2.997666655820331,0.19056497964165414
3.123912848645825,0.12197334962900494
3.0703424325902122,0.13506275330617984
3.1545579701691984,0.102766548143583
3.092300119246639,0.15421852076535222
3.225137441398664,0.007689924211433544
3.1876769104137925,0.08856355231049357
2.9647172309286947,0.1794475750330612
3.000096273759422,0.14689591209491012
3.059953151638653,0.15117030546099325
3.0339169164339053,0.13014621401465598
3.0142879156582207,0.10854692490730508
3.1462689248325106,0.14582439192069865
3.010418111960457,0.15232987486832078
3.1802479300832442,0.12422529628387632
3.206505314819549,0.12524468808519712
3.0937467164439405,0.027058034429471176
3.091474927581635,0.03453517950414968
3.185777592183428,0.02334543802410977
3.158002674338195,0.0217592027596758
3.1869176827470254,0.06782748215712966
3.1947655430819424,0.10262931360742263
3.10696874165868,0.1116020094076805
3.1343145259224627,0.05425442209134081
3.012707331262328,0.1998206846919929
3.0302761436943055,0.12116164110176234
3.16090146503946,0.08565569750295417
3.1471125200163943,0.07465257410741916
3.1944838340584965,0.14227795719022351
3.157901614885421,0.15025972496626486
3.127922283352065,0.14579200856749866
3.1236286717549744,0.1369134034154681
3.051653533911882,0.15896664252989234
3.0963661547529906,0.1554245631726657
3.057720409053855,0.1570862959487253
3.025869319108588,0.23268775139379655
3.0617585559464966,0.07483449600840353
3.0246893509865056,0.17914355729215067
2.997021802446552,0.1658777797761915
3.0141328617697862,0.15057005381756608
3.1103605497540996,0.12426649005812987
3.202396422508748,0.01924324091041593
3.103122566979037,0.06909573746539736
3.1319860233352115,0.06049686811117639
3.1236218407280405,0.06679344127896342
3.125535831069123,0.09704245360130957
3.0744755542370767,0.06304333278643852
3.112729601400115,0.04908746282183601
3.06066958258573,0.2221888559182828
2.985826644435529,0.14892910392579467
2.997582449187756,0.13459561413990315
2.96172482545712,0.1786754099043845
3.1477298361081587,0.1271482691680529
3.122553682555402,0.12103850270246345
3.051834004738866,0.10445789960211874
3.0977307534536,0.08088449019031341
3.103639410512754,0.1768209330123939
3.110638107834046,0.17896831314665218
3.113728126699842,0.1952599202128457
3.034748215759802,0.11857511648766897
3.079570901758431,0.1972669926671461
3.123316883999924,0.13575262938768595
3.054507160963039,0.16403363140687796
3.0374018000266014,0.1603452529880234
3.10215168990151,0.10410618875918556
3.130179358285329,0.08423104033282693
3.0432129264451935,0.13975034989645724
2.9802600253192137,0.19279779428493546
2.992795990094812,0.2009603240864781
3.0899494599540183,0.09920322944494285
2.9958330779455657,0.23034714319724794
3.0181123275173865,0.1974159694023579
3.0322467209476205,0.17445107567760498
3.124611852996699,0.15390735777782516
3.0836601211283035,0.12039384370268608
3.130245759638345,0.11160802982847479
3.157071424715311,0.06929750867976993
3.0615543366842735,0.1065602862378062
3.065654408525087,0.10665477990206494
3.104919366770769,0.11066031686005587
3.0274201275236656,0.14295344576773675
3.067232682540649,0.1452156930623685
3.1284593944587056,0.08316373548392704
3.130553416951977,0.090377513362216
3.1251154217993244,0.07807137605260889
3.2155619012079892,0.020464985786528448
3.188215813598198,0.048536332596667814
3.159664664905843,0.10176736234111083
3.126435138785104,0.1175941550623638
3.213202114865053,0.028973382416704732
3.1601300246653983,0.1122668677745252
3.047832786576097,0.12874234528325873
3.223677783689272,0.12304324665917457
3.2064205709158293,0.09258268771997409
3.2014482963620257,0.08669279262559976
3.070444116482524,0.06896326057977155
3.13061901409964,0.06845071108204852
2.953693860795045,0.26844256228945407
2.9379108134680405,0.37588891023757837
2.8001545274673765,0.23059967774685713
2.9425095567986106,0.18189960285186035
2.9451708946014294,0.19993656409110488
3.139988693911626,0.16872748808306168
3.0905590354139307,0.13674304025003337
2.918239742339452,0.26255174870236314
2.9592832709715595,0.254453987329762
3.08716336035436,0.22280505518654786
3.1311106356753124,0.1359136493260712
3.1559771213074,0.044752036990687125
3.123601838240069,0.15196522704231244
3.1685600595883927,0.04127979198064613
3.13274288102872,0.0751912893346804
2.9932609267214767,0.19779060172447868
3.082668556615786,0.13548133770862475
3.083123053748977,0.13595584470123268
3.1161346124206033,0.17136913625652145
3.1908298935505797,0.13618131182709248
3.1236213832142385,0.12879851621043215
3.047363296798234,0.06604785076143195
3.0672779274602093,0.08293267003106684
3.118449043407557,0.0492277100360502
3.0472852961046835,0.15100877835455953
3.082998993913789,0.10923096539398221
3.0778453244359865,0.09590894935138729
2.987100102115247,0.11384649381620077
2.9638699633482695,0.14431661915123054
2.9753855373737506,0.1571958280192035
2.9796305846621314,0.1596572883070061
2.9884896741770004,0.10631096272678948
3.1878761740021013,0.1338952817525416
3.1152749911070163,0.11340305512803159
3.0227521883662476,0.24094207977406523
2.874553284160916,0.19472460696339852
2.9111400578259587,0.2945858266447804
2.9005973086480714,0.310724610939942
3.0367038227017162,0.23596824499087915
3.089115545781974,0.284429187603985
3.0193214593195785,0.38497161715607564
3.0260747535420363,0.11582493702065472
3.187910319260729,0.13655637119804268
2.965311904571426,0.21301239283894202
2.9868864414652205,0.24580702662848794
3.006842625315711,0.26596427757081287
2.999891026294317,0.2609741369704699
2.9471488296041235,0.18533469473343772
2.9332579223339446,0.22910419585712036
2.9318437463557934,0.23657362313992478
3.0002673830677127,0.28854012083931146
3.123128795559444,0.13813425325716946
3.093985237707198,0.1233702136152961
3.0016566013023804,0.14757105958534417
3.208745837215928,0.042149422741849
3.104724009667744,0.1621766504426644
3.03581982877394,0.1632798582240799
3.112768342676078,0.09058196992977062
3.2460743533951977,0.06398402636949847
3.143919116330764,0.019538571536094108
3.1911564291003955,0.0077903119802835265
3.2556327499506312,0.029631445187478293
3.281202232973642,0.06931247472368378
3.0137260859345485,0.09927540637913794
3.1890817229751307,0.1646391148797717
3.1619380263105525,0.0917339356033127
3.1037001556528234,0.12010469158874311
3.110717390384977,0.10562600151267054
3.153489327885547,0.1303901249363217
3.1160299416358903,0.14589990306771342
3.0163314964337595,0.16417012158287947
3.097730589176553,0.17203932342438596
2.8795682364110324,0.20348233097009435
3.3128812425734324,0.07873844863002581
2.968634970449983,0.16685028050277162
3.187523377832104,0.13402144718288664
3.1815812598219386,0.14050181274577367
3.0617543211009397,0.1639821537833123
3.1641917711689898,0.1079413112746269
3.1649023087754595,0.07034858363876005
3.210937755874427,0.04394691694050428
3.119893434826645,0.09444423777945113
3.1100485321149076,0.1260080425885568
2.9981773913875824,0.17520256488108554
3.074811952757519,0.1443857457025116
3.1225015317057214,0.08551133617473851
3.039593325201804,0.13265537682675996
3.170433263970167,0.15869757954441807
3.0451896912808487,0.12009540455505015
3.3025393562894916,0.041930955406382475
3.1590056498937678,0.03999694867669556
3.1345408624203612,0.10399767648732444
3.0625997120908997,0.14734113743383426
3.1333169451924374,0.11638008880045413
3.174239244264191,0.09707198765531953
3.174239244264191,0.09707198765531953
3.174603008367758,0.1338523780448117
3.0649892588439185,0.20376608650790085
3.13053689942268,0.205363949614233
3.0609794025336825,0.15423536186542297
3.1184024450954846,0.18615175311925403
3.0206247063139693,0.12711051421995892
3.070699458765368,0.11210111397854805
3.090953142278608,0.03518867231290745
3.125485291703316,0.055911713423520075
3.1567105419814943,0.06284363940088222
3.095773948001352,0.09996135437040479
3.0834240503425736,0.14554419742682845
3.0845785390964022,0.04005579640976269
3.137880680935358,0.20918127601434122
3.130159528579099,0.20737882550379214
2.9744173611287135,0.16397898713597694
2.999857768954446,0.13176748325307117
3.2259771945284834,0.10507620217341176
3.044462575096756,0.10012980957428867
3.1977242842078852,0.10233158284195777
3.1749444859313876,0.06889796195048972
3.240540961686537,0.037457243752041486
3.1669306713474175,0.12822335923674397
3.029290022300552,0.12022195815020553
3.018458128693377,0.11888945302029129
3.0450817153789767,0.13445399421755924
3.053871161599106,0.11064486002736805
3.2005092415631147,0.10971954428761743
3.1551411153313915,0.06729628817247299
3.1631282230360656,0.06001385786231282
3.193478826981819,0.11352573343960314
3.1764103502193173,0.06830454941151026
3.193305544315997,0.06328280543258932
3.165407717527521,0.02390483713794875
3.1287590046326104,0.13941804489769194
3.039498282307644,0.3024077314821968
3.0217719887069334,0.068187003773497
3.032129179171934,0.07372676569895516
3.0484758809023482,0.09777063648652601
3.2120049877177914,0.09027896595612005
3.1833163180165363,0.13653601176148608
3.133891629808452,0.12898193093627544
3.107171618727234,0.11927050762757048
3.0539654480668,0.11218147289359866
3.270072105235813,0.06026745661349061
3.123796461960321,0.07674451039787489
3.1063160288274774,0.0956408357139756
3.0280686186402486,0.19317023167706093
2.9846201974389217,0.13779864880044307
3.2787570752336075,0.05747264438463601
3.231265202169507,0.027348436964828575
2.973219384470388,0.16353373262356494
3.0039351833163304,0.16286734076837928
3.034274520756906,0.23235540468338325
2.885267030006214,0.23899872350429663
3.145524486597554,0.13253221682767757
3.130625029990848,0.1288550001154922
3.097274926707817,0.14335381708689574
3.1150682106231242,0.20616894240408357
3.02055449159109,0.20715460175826234
3.109707004315684,0.0969444263805875
3.0820945616620365,0.08485961921651296
3.2309622828151454,0.09352998252641762
3.2407961126999716,0.09292606952160166
3.27989513983604,0.06492288021937528
3.1777118117287104,0.08070856892155402
3.2395629481554655,0.09325045642125168
3.240321230912041,0.09466700805720357
3.20997170437554,0.08701083321462989
3.159118983177066,0.042877557930636384
3.122894969834546,0.13455805445735863
3.216277240966825,0.03904733356056817
3.0125997160033324,0.19091693119338587
3.023934120815782,0.21230117113099115
3.0288850419706086,0.19685853731331332
3.05090899043295,0.11721025590285647
3.2001683931986777,0.16274738361526506
3.2058173374514607,0.15253959893689614
3.211084359589208,0.15200425864928055
3.2428189662457565,0.07239240075629023
3.1498530198479595,0.059491979657989205
3.081398356606619,0.08706006975292077
3.120627675484585,0.0730845031155985
3.0948420967616124,0.09478115365595964
3.114172747375391,0.1302713355720722
3.2202566558563412,0.03744224513472696
3.2221279706482924,0.03265963989184411
3.2318489164999216,0.02563211655379501
3.2150183006528112,0.038656764082367984
3.164092135711949,0.053478021949346616
3.154025421728164,0.0741137824882855
3.1433200905628893,0.04466662453249273
3.11800177695776,0.14933153499055934
3.0682848599484416,0.14050613152437652
3.058056044284224,0.10840909759979082
3.09198374058065,0.04927642821153363
3.1957144386844454,0.03648146005313336
3.143490414337206,0.05592330466079514
3.157727340020605,0.019369329596959403
3.161713020401587,0.07354808747219392
3.0948673704083562,0.07729387105283675
3.173584916692482,0.13677877876213024
3.150256595215831,0.05872505082235703
3.023087500470577,0.1903830511386593
3.1277396592968483,0.12920441715974865
3.0619635801048695,0.07640819415251261
3.0513427584245885,0.09697076275807048
3.0794915250930917,0.17544129066870623
3.066690423112141,0.06746473358813508
3.10172742307142,0.16952701936339232
3.140349531256867,0.041355173852378066
3.208639971720882,0.11072822701076411
3.0718351502630736,0.13970526707669095
3.1683519665972644,0.06225001809540746
3.161323528982509,0.04786756668945332
3.229185676629061,0.06463754180836745
3.197885963815215,0.045056791812944745
3.0784549431689836,0.13659151643574388
3.163239685802072,0.07319891677651164
3.167856579492964,0.06259388423474689
3.0994610105874885,0.09833924785800557
3.1203236632233415,0.17098743785035836
3.1039557512268043,0.1504351720834135
3.2048455236888014,0.07875479932578448
3.1634592067690193,0.08154793959104929
2.9826700360557323,0.18160103167504282
2.977722570773187,0.1989441165399272
3.045072789267137,0.10472664597278444
2.9916493428410846,0.1349895790607654
3.057624371190867,0.223815592073729
3.008844793454831,0.18689413222881276
2.9936562755693505,0.17437848358490174
2.9581167906484684,0.16126030592187382
3.1018020229296703,0.12740728250360228
3.1296048954890363,0.1354120217005916
3.199928704450149,0.026100813312566123
3.013033989181951,0.25194088230925965
3.0365669434731273,0.20913468130132634
3.0812545898415715,0.12063408745409886
3.119908302202568,0.08786850889280895
3.0859408577954253,0.15482743567880297
3.210865818172772,0.0606932458020318
3.2495823921680516,0.04102697409183124
3.2571396472822456,0.04700222515527577
2.945965717632945,0.1772951621296589
3.0717934002442187,0.2158138373641295
3.0913176727259692,0.11657215176062134
3.1045272334653404,0.06370518227344936
3.098944679729255,0.05789847461331839
3.153661719034527,0.08873106062570293
3.195491810001723,0.031793552556287255
3.2335733324247835,0.05963878073611319
3.2136958580095945,0.05291598322124167
3.197930911221929,0.05735285168906216
3.1845807567456044,0.040667495301542775
3.192540225596146,0.0783453594961573
3.1111764804990294,0.11304473512566104
3.0879332130642627,0.09828627075448382
3.038023551020835,0.057373959773177635
3.0505828028298265,0.13440014049316862
3.0481549961405903,0.15400392393734874
3.0764081142932875,0.20804241143693702
3.1109688708062446,0.052935648493599
3.0977868928003605,0.06502444177262914
3.185619119147682,0.10703103969564354
3.080363383310617,0.07302267615629006
3.1568261492454837,0.10924219835943484
3.1781852860208586,0.13705198742265168
3.212295987875925,0.12347548690548903
3.16735018128219,0.001575884033832526
3.078604942781874,0.09716455508438425
3.03167629177805,0.1054352978217613
3.189492929351022,0.10311439746811366
3.0297525794729743,0.11309924314605627
3.00332893047958,0.17024566419184806
3.092945497849315,0.20673077831342385
3.0274742125533196,0.2167146598723663
3.0583812788432705,0.17878524668234383
3.072351580386683,0.14382377688478826
3.1440373163700115,0.12385549540513767
3.092767702692446,0.06876015936970435
3.1126225120751427,0.06168583970861174
3.09190092429371,0.09414515646686308
2.993608550386386,0.23975257128927177
2.9295270416319887,0.24296258043526234
2.9860932795303388,0.2529998811465927
2.9749302563582556,0.24156864716171877
2.9191050254149626,0.17120560855688158
3.177265570266653,0.15510926633561464
3.0732300313312564,0.1570955378783052
3.0849733220863733,0.13049788965024114
3.0727874439298413,0.14219022502904627
3.1428017991170303,0.08586190804881891
3.071778160776329,0.13508064847579224
3.065561320696313,0.14873960663676855
3.149055563771406,0.13822589199450294
3.0388488212237794,0.12958193478531946
3.070127402436225,0.12413574092202258
3.098921134228733,0.09324678627345005
3.2276686442884577,0.06572960627665726
3.2146092056645372,0.05498457213156788
3.249854798894304,0.05972205109614159
2.983897985902769,0.11891261878313608
2.9973267041188896,0.14957533078938304
3.054436034878353,0.21683405295352104
3.0560506618562115,0.19547916846972987
3.0191551736974866,0.26739593764383013
2.9384673064458235,0.19214125939207014
2.960647473723303,0.17239525369501607
2.978633241994426,0.1725805454477977
3.0980667017481043,0.1451210962135489
3.094524502327453,0.16404629408729177
2.927085536238576,0.19517488173734876
2.8996229358778964,0.23868832319701394
3.0932934049218925,0.16614054256209795
2.9279579124735857,0.23967250407749474
3.0239608259942745,0.20505585391499254
2.972962076700455,0.16755108760902482
3.049073258612058,0.1360147711031028
3.181841674166636,0.05636203652928964
3.1637801536369152,0.09011738411621378
3.1368177514761793,0.08581694032134601
3.0929584539725457,0.08722155948449925
3.0371280069012045,0.19834118783025456
3.1979346656681593,0.10444555943050671
3.100671810290062,0.12077613105508675
3.150888298024081,0.07667444514702153
3.0125614443168987,0.2005040929218171
3.070645305839949,0.1396162652033835
3.121203229711274,0.04956116326650659
3.064842277002591,0.18791365886604774
3.051046995624368,0.09360738504889529
3.1524240642255585,0.1900903477774891
3.1644030119290223,0.15838666555162267
3.121452894720301,0.19330799864482856
3.1150159702069935,0.178852939627811
3.1188424326296365,0.10388600757284946
3.113062148770754,0.15159330677422606
3.0211822105413293,0.1701385125764802
3.0154171474719513,0.1724843894910245
2.948049241556311,0.1610140754088178
3.192432687832201,0.14032225626085504
3.1697001608433135,0.09567022592315327
3.033328228583034,0.1301327080218301
2.9887608125513405,0.1773137475492537
3.2147346369624703,0.11401115312518514
3.098867841998889,0.09688524205991501
3.010560693004061,0.1798552140264438
2.976001388888304,0.15947953957699695
2.9585225332542366,0.1849505377872368
2.961437938572794,0.16703195262604376
2.8921311590932715,0.1717735038947685
2.869061455081943,0.18383365455828185
2.8975187959791504,0.1764527401768443
3.071357873488702,0.2820656476973772
3.1466907188033897,0.06187015467860065
3.1138292781632972,0.13910954356373956
3.1910255738036146,0.0785698835290193
3.2007932199220903,0.08601951252594477
3.178916964650597,0.09456685792785462
3.102838528859322,0.06383299918730864
3.1001806079689675,0.07694831411927386
3.2037494376914086,0.055461662874898864
3.10534894376615,0.10347194351655736
3.232834249043677,0.06516372092282005
2.981930743627215,0.16289510620568895
2.9810948353046616,0.15854871822099229
3.1205719416049926,0.17237518726085946
3.157474639862924,0.011404144934514119
3.1574181774214374,0.008489559999457793
3.161843262158087,2.1124210105940614e-05
3.10874972857675,0.2094966922620358
3.0953704544815674,0.18168528692584812
3.2251294162099873,0.09733239886933258
3.0901129434512584,0.09426574793944009
3.167380128686075,0.11015764591461023
3.229645272054522,0.03210360908727405
3.2123447043117213,0.03757179972452618
3.197050568830108,0.0521549885858492
3.1401663051927504,0.06632470716444402
3.0966033426329087,0.028038515288375785
3.1814308561747455,0.06080726442581178
3.024491425444459,0.1738853019601359
3.1143916306413715,0.12255875634512839
3.1018819770402404,0.1749558325351655
3.0861764523869257,0.19455162450243993
3.0278047660356964,0.11642217918579478
3.02306784425413,0.11174874262691309
3.1378269626119883,0.1405843014691471
3.0430983348142364,0.10951044336802376
3.0580125537761274,0.1889778084856711
3.188605216188266,0.12994524877934704
3.0840780160953543,0.11111951632979888
3.0679636690901986,0.07869188483656377
3.066675203674293,0.06249031560981352
3.129594958379225,0.08331713636034341
3.146683375373935,0.06956028790217551
3.1503467647810446,0.10448581778588435
3.0604399675772833,0.09147384170072341
3.0189982269742135,0.08221213971589293
3.039717513785929,0.09979770973093091
3.126582563562667,0.2489400193146165
3.120078678039227,0.25114927649558433
3.1397755950393695,0.051278682209772476
3.1399908785425685,0.13966136890134379
3.1151361064766863,0.12335483190367717
3.150673804246088,0.06134140514561981
3.1097584541562537,0.09094512719543826
3.109628159770221,0.10349995569592074
3.0935911974495562,0.13636873086654072
3.0932017789786133,0.22464043636933215
3.0623831624852547,0.203370075876872
3.073930365406213,0.15948726067769414
3.0808363155787277,0.15028259198605098
3.053322791244786,0.12610021420464007
3.05749097841409,0.12900025679224686
3.136092609280801,0.15958652901236944
3.1408455997025637,0.15649564793393195
3.0843182758527288,0.1004994523430787
3.2110973038168513,0.05101589914160096
3.104041486186403,0.07138711014623136
3.083612514986339,0.004089645174161438
3.2285969653227293,0.1482205998045748
2.9578831046328213,0.12199963954686134
3.0628765150957533,0.1267178011945865
3.032762607481024,0.12230015239358727
3.0133003677622026,0.1861191765082883
3.0932623554377883,0.2427726430205609
3.0890575822748403,0.2655624625746
3.077361744513705,0.2665365769177611
3.0708042445322037,0.037891635935782576
3.0883970138944634,0.09183841837880194
3.152176095728282,0.10820059847078894
3.0282568569703643,0.11543000841332264
3.099430734737407,0.19181257947581742
3.099384772272753,0.17219122212154658
3.058431535536958,0.12297129761521403
3.1436649145354294,0.10262422937080232
3.111544439408796,0.1252865680663624
3.15273765730814,0.0842097495156672
3.1430668679989124,0.10304639764134686
3.156396119920943,0.12350839397789933
3.1655219216960213,0.0754782382693854
3.095389772581898,0.1418310358654432
3.0725091634373753,0.16933797329508582
3.112412833078909,0.18964242903771966
3.081016458001698,0.23417267602272954
3.065949388762095,0.13358534129653946
3.0326758163952423,0.11021238610839873
3.1512414469420604,0.11969975720282018
3.195247674572038,0.16130998411119993
3.0570935819391893,0.11075200043915515
3.080995517950584,0.1325404796885071
3.094845504117402,0.06082854827593004
3.0853591330006958,0.18042201778499126
3.0423248308928366,0.17599537562408402
3.154845980000734,0.1055301731797443
3.1420000426161963,0.1123471569024258
3.027090026817652,0.13283086983366463
3.05595352643329,0.1507182191499087
3.020633968211021,0.18468081008137793
3.0969770125402594,0.18272615655000812
3.098331767454509,0.18662785726183
3.116962367401493,0.07312462641847248
3.1637750741373893,0.10232871802109529
3.117078498167005,0.1299557099419664
3.1654165777598156,0.047102147747027215
3.2056068861056937,0.06662530578913096
3.074511704200598,0.1656395561701035
3.0152085374925717,0.12006849299703677
3.067369144187176,0.19781824230931
3.0299503889447914,0.26475756103336406
2.981730122519988,0.2732660822172698
2.9866748022911387,0.2948934618107708
2.966177119991942,0.3045554481647361
3.0021943261363817,0.09579519657651872
3.1549561917382554,0.09234264506801954
3.174268903181709,0.07289734125007162
3.101932394350875,0.10368335316560412
3.0018557475563896,0.13975246654037995
3.0002770416012425,0.14602726294080784
2.9772107110426753,0.1470808135271658
2.967988147482037,0.19865428480904876
3.0763858467897873,0.17008262458835607
3.082707857959939,0.20925235208980925
3.1771690633051173,0.06212071078106488
2.96652891434895,0.21529833461652437
3.127512558289855,0.11133278676821849
3.089490058383596,0.11997700480960327
3.1043679801246533,0.10615929231142171
3.078634428939377,0.12219837848895564
3.110160295025064,0.1507187621087578
3.0715116565531266,0.13699507602809333
3.198404090880621,0.048626009997333894
3.161754800410928,0.04556355677034227
3.1141433025566196,0.12952058253020624
3.1501733025602405,0.095715601624974
3.0789714224522986,0.11247179972357858
3.2523088565708274,0.07047121273418985
3.144920027749039,0.07912420185168291
3.05329748696744,0.15105308869360573
3.1902926788359434,0.06505759284134287
3.1625625328662603,0.06936900163229358
3.159358451943715,0.09295153930613902
3.1540299810557917,0.0900405824397543
3.207441461076877,0.0733612678317843
3.0155030895489947,0.11628379452735468
3.032207220582438,0.11427776615306963
2.9943676390641873,0.22359060576776804
2.968589705465389,0.19036130682237853
3.0989642363105427,0.07964229773061923
3.2642864068316584,0.06936146549952656
3.006636352479927,0.13379345872873635
2.988914394685989,0.17552103704223407
2.977149575961651,0.17109230171000345
3.097185400121951,0.165597360050469
3.0920335455195533,0.17080449737258077
3.0442992992044715,0.16940887489629325
3.075048268888981,0.10963735317102763
3.0358034023616893,0.1796309563500682
2.973242230007484,0.21082725896206103
2.9849851629969026,0.24557714485901205
2.9463343091476393,0.19731342513939493
3.032283843945044,0.13967105508506505
3.24074176708741,0.041295468377111746
3.2284563991755846,0.032492679389866615
3.2288693027546933,0.029420481761404403
3.243559756264304,0.02020935991703544
3.123389857274154,0.10401289486877098
3.111421487224539,0.14375252856243168
3.1399737749757723,0.1319163251106821
3.1455734631647934,0.14386612624490497
3.154469731497402,0.08807088933846259
3.0688623032965814,0.2210686835417874
3.0161967247722856,0.20639197431885284
3.046613829442909,0.24296229079548257
3.0630329725212575,0.25932400264841443
3.1084683168328757,0.2624543154630373
2.955785726882889,0.12671811540911743
3.0372308149889355,0.17298668301394585
3.0231626054129173,0.1215683468473068
3.2541455580511873,0.10608428738885432
3.169084694439598,0.0004997466246831193
3.2520970092496952,0.08801775597130344
3.2579301008553156,0.09971712714091238
3.243789560457357,0.10341376297369298
3.242869611280629,0.09992740639652369
3.2650917746624244,0.08230265471141755
3.283407554294321,-0.013288441604921113
3.2718587602475964,-0.0007088700962908399
3.0538036433752738,0.11145992711434188
3.0637620188893475,0.1938939457609618
3.110789807577718,0.17191351131192995
3.1427625973432955,0.13889587212139168
3.14605419545323,0.0820213507205354
3.061107717185787,0.15505180009656516
3.0590847416813305,0.1268354266329522
3.0494019832250956,0.13269039013455836
3.0747937371253857,0.15757257291924404
3.0496662405714,0.10988152281232272
3.086044827704118,0.21192963696266234
3.176027397263999,0.10692733390465463
3.0198439235725445,0.11119026080433475
2.996441941138948,0.06696046731860002
2.983429417696276,0.08429955745976941
3.035476860756601,0.11572656237527945
3.1097533539964846,0.16328230230666183
3.1038744273606818,0.16332895343480822
3.134865193977532,0.19373668738869784
3.0527350803387256,0.1520638546847918
3.1755928255939607,0.09163822091205226
3.0822449401557317,0.2113141505424081
3.0793879855101034,0.207061908741202
3.16015591573114,0.02008232059100089
3.0054137859255055,0.2619458801709892
2.999870577978189,0.23816699873656524
3.011414178035129,0.21326219357713166
3.017907778591701,0.21862356723019258
2.921421668897845,0.268451348791543
3.065664210519357,0.20071674087911706
3.1460004085111897,0.18542187518899986
3.17777453357912,0.08900863539922386
3.0436501056944514,0.1346242259571227
3.0135640473054632,0.1628568817842149
3.03563255877165,0.1957251274449204
2.987890883229649,0.11488611801467707
3.1591745459198632,0.17698192225854087
3.090907020199868,0.18839627701996903
3.0943965461249676,0.20378062240880837
3.0539691983480046,0.1884458210756691
3.0220313354032773,0.1557259309750394
3.110012232069741,0.16386359347973203
3.147548050399044,0.12875309999961923
3.1405089668953248,0.09264473349860909
3.1498993599059877,0.06422266476684868
3.044365492866938,0.18308382606359827
2.8260263937228234,0.2654322729175362
3.022690416294276,0.20324117148937682
3.0116990812028175,0.11434295489252934
3.0636277542529764,0.16612996204589403
3.0193284109073226,0.05785744646211261
3.1144019123364495,0.06652501005146153
3.0213298893041185,0.1468935706964815
2.9287970501556315,0.32236443779134744
2.9846896932600298,0.33371603338063366
2.8664056971660585,0.2735390959146237
2.928077054002841,0.27477166080847243
2.965742202082227,0.28253211981700527
3.0481253339507783,0.15265575389181177
3.075107966194465,0.06299890877114618
3.0915861892535252,0.21605897494183693
3.002239731667096,0.15541130657613528
3.040825277278827,0.1693777537136895
3.0150821421716607,0.15803440489238973
2.985208732336474,0.1615644457240068
2.9884516262387164,0.22635616332618838
3.110346039834927,0.06920235244224295
3.0905302280681997,0.2995104003685863
3.0818116552208923,0.2504388391666726
3.097561273763108,0.25934318306420956
3.0645436917661724,0.24777140510391718
2.9815087837741023,0.2123339917965834
3.1040057001459047,0.11524174494548385
3.104244777238692,0.10842045080075166
3.1162525267843733,0.1019347171380883
3.2486692237814787,0.056346487472876225
3.249592879097082,0.0422460007999363
3.252830065156079,0.026754252291253187
3.2324643527037846,0.03064788888377782
3.0774812330132644,0.15963555009363206
3.2439371503811225,0.016101192914507324
3.2149578125750713,0.037862719752375054
3.108521000985823,0.13165939675147675
3.025220477755757,0.1504954918315355
3.06403424333295,0.1661460350489068
3.08984366961459,0.11151615146663392
3.078702331952738,0.10367353205336624
3.1039372760257775,0.12445545985492122
3.0392314347183724,0.08928815619970164
3.1163898222566853,0.10638403011156781
3.1112095240225197,0.13846898479077027
3.1201024827015615,0.11089671791352243
3.1368853560936873,0.07423362267369911
3.1305561099032038,0.05475343788231586
3.1721745272225172,0.07072106747082198
3.0979013113097076,0.040089011969141004
3.2297182538226368,0.054958425041609776
2.9413734123073687,0.22420971823298988
3.008829917564974,0.1771357786084987
3.0481121558540583,0.10114939886862745
3.0345317270785874,0.1838819531438814
3.015950847084223,0.1253641832891059
3.186505215279531,0.10763627146668234
3.2256161252498803,0.023544894074365275
3.219640333655179,0.025228309651074702
3.214483411676436,0.07189396879094001
3.160535596526857,0.09510285681780811
3.1775894914876055,0.059681878974457134
2.996951356581128,0.21206280883138776
3.2602246766193925,0.008006081790268647
3.258530640516553,0.0385947377866117
3.149857839621938,0.10741039764240366
3.190795628529859,0.07430573559544253
3.123189983155154,0.046967468321082104
3.020876189994557,0.18782155480777427
3.130099866419521,0.08415990043594045
3.2181964622891335,0.06854679338759621
3.18590634613609,0.06047008262050498
3.2134835661503605,0.08821505133778967
3.146979016656318,0.1788814756932603
3.0016492579159015,0.2048197675632332
3.0197472615265117,0.1408184917220199
3.202314413656653,0.06062929089487768
3.176796500265138,0.08650688937051502
3.072701172080703,0.14175253229502194
3.1977472614729567,0.04935350877218824
3.1296359714429096,0.074859434156784
3.1213670063833843,0.12975993528059665
3.0767310509707815,0.13058437480971866
3.0777834293034414,0.1806968105098608
3.1808768203025544,0.20027593302328758
3.1004129150301707,0.18369223244969424
3.0347350785503115,0.17917658157278543
3.1108476210274794,0.07975667960442957
3.087875366956461,0.2029597192742897
2.9929596051094975,0.18341707689247494
3.0460221939054275,0.16751660612399155
3.0121125143333503,0.13994830173353556
3.0409063343020226,0.1324612532334827
3.0904835185963724,0.19708921779156494
3.1419156642707446,0.21760912640124458
3.0932538297773795,0.1802390424807095
3.1517828815397104,0.03197156660092047
3.258864932515331,0.02672762778338327
3.2223454541690386,0.05093088993689434
3.131572505650682,0.06318246945866272
3.0562182011066623,0.16638486677075426
3.023238799184526,0.1612276194493915
3.017139126162596,0.17646463695518544
3.0464205503011277,0.1773842727721654
3.0315975312821615,0.18207175371851983
3.0709549753982426,0.11892431505270273
3.140756384845697,0.12197465794749789
3.143520375176139,0.1226678007523665
3.1600133607781875,0.14844583935502453
3.118930935434405,0.024159272638382835
3.118930935434405,0.024159272638382835
3.118930935434405,0.024159272638382835
3.1077397622299694,0.03145595754965231
3.077630999928971,0.22318833581435732
3.0575393048197865,0.2019229199281653
3.1008713819498395,0.05462045876260888
3.1235519120749595,0.12393854476393891
3.1441279712588726,0.11440022118966886
3.1776706021996404,0.04124678191416775
3.1028559183836433,0.1038045524808688
3.058576511527306,0.07601951309663449
2.9890999491786054,0.1531748721870475
3.178582552997545,0.12191055097760536
3.1747659058571,0.13746169135124542
3.011131978906585,0.22038866796235762
3.0292506889057798,0.15361718576083216
3.2086362351140414,0.041924380980532014
3.2141354321909237,0.03268753490068349
3.1646732214853768,0.09804835341746349
3.1479738911862647,0.1225680297672191
3.0917653520437867,0.10802857820006168
3.127635439426771,0.12220124451116408
3.0943658511726304,0.10166396261084548
3.089408189860721,0.12120216581352546
3.1740656667423512,0.06937328121046744
3.137138157738505,0.08374410352673899
3.107106741241633,0.07825209728234646
3.111767080130912,0.09012400333430569
3.1832731472987357,0.06456348818390593
3.1220768291105347,0.16777033336750985
3.0519245616501034,0.14838630510555278
3.2108013053914597,0.17677817171093863
3.2034568772127403,0.11352644970828439
3.200026828541945,0.11160213154087688
3.2546521906200683,0.10614234279236283
3.2010294488412345,0.022862409017707384
3.224462344970247,0.09385188258950529
3.0163260028094534,0.14184101705278743
3.0734386343786975,0.1427971855452686
3.092960450084236,0.15203162895454045
3.0929454230820586,0.13138947299526274
3.0902890073107128,0.10899338575868364
3.0580165876370278,0.08396359311719047
2.993105784922541,0.0551589805823359
3.0321238536709765,0.10736173245381786
3.020569565226547,0.09718416281067965
3.032320279729746,0.1255418499052857
2.979377509582456,0.29268998513822964
3.0791940069422257,0.15623838644483057
3.0677891292124526,0.11137573643279475
3.151584449356077,0.0904302375699514
3.185345008252897,0.08283247811761262
3.2586678902600523,0.05041583487360961
3.2840491716562887,0.061527923656335026
3.1763841809787254,0.050335999113474715
3.244012671501026,0.05855364426851585
3.238439392461224,0.06442862864936519
3.2631196127053785,0.06247032340764061
3.2353331445103017,0.033598597805076284
3.195601202529824,0.07677889799647167
3.045207814571041,0.16190252467551228
3.0717971252546152,0.20912119951438102
3.0653221648515263,0.1118038475729471
3.115424059821091,0.126727892109489
3.0623799904813236,0.10615376269808717
3.0652057525734806,0.0808609243874553
3.0712533021604265,0.09199708041303144
3.090953519215309,0.10842547284085148
3.218315572580524,0.07004543428511864
3.159893707978637,0.05138815592224805
3.2580320088818775,0.01766883305867551
3.2362140764561707,0.022174370437059793
3.2246830299566054,0.029473122598006583
3.0979742467999447,0.11749434839027392
3.1840573651776722,0.1354765122553763
3.182563688610842,0.11845777161280849
3.287209205699026,0.05144838651850877
3.050860637158382,0.09080938262480337
3.0624674696569683,0.1378445984160478
3.1608933151986274,0.08575526848686246
3.084966920666764,0.10751860578572403
3.130786981799092,0.090239798478045
3.0907675982298484,0.13711092329935023
3.169291408358823,0.13072878809200617
3.1705614685966386,0.1429421718478142
3.146286273236158,0.15344916840220424
3.105634536535856,0.1124450063607661
3.047534062368407,0.11605097101810173
3.0748554577506217,0.14729747130213128
3.082034876833156,0.1508985934358279
3.1514290740401187,0.11390300657551933
3.1393948314223032,0.1182249862050635
3.088777352002324,0.1572239371910884
3.0384939917348612,0.15893329067704393
3.0123833182128648,0.17208150375418246
3.101729519022594,0.19162664862340154
2.981059525589461,0.1871433638122641
2.974506424521493,0.18404658537534807
2.9564292234356935,0.18025637758272428
2.9858051380890758,0.20330971359694092
2.9813401424425114,0.20978714958185785
3.00619887177365,0.21430871096933568
2.966310022646255,0.19882552385158803
3.02783933968143,0.21038030571469613
3.1815979687518703,0.087622055510083
2.9838168685660276,0.2518492620181776
3.1844502214251973,0.028954338877466127
3.092560709480954,0.12817426011314026
3.157757555187934,0.16343862441764076
3.083590905698125,0.20396761582368977
3.0853454116073866,0.19114154212408765
3.0307109607162364,0.11837440353798853
3.1187361042829886,0.15211693461023415
3.1389465153059506,0.05847393774159581
3.1331480303824613,0.08111152290828297
3.07650695288394,0.14630631144749082
3.085118993616986,0.08509268954465514
3.162553811355675,0.0542070704861486
3.2138284064579272,0.07372413397767305
3.0261414923913748,0.1840812405179441
3.115105360985583,0.10108871894148319
3.0707771040554266,0.18387080006195675
3.1673132360824128,0.024408381010289425
3.088687929778572,0.12966029370743826
3.133440539028661,0.14840967900290958
3.167037393201154,0.1273329770548269
3.068128490064643,0.10433574920893365
3.0889619709164897,0.17187886598718147
3.1478621024061404,0.05101727373318546
3.156667112408893,0.05731094489198384
3.251071792992101,-0.004891078579974341
3.2806213859736313,0.044918082065789025
3.12956322967679,0.027149539357159757
3.092033051352969,0.27839243236426414
2.9119759776438436,0.15399801725190082
2.947739833841115,0.21839090727314425
2.9712050449086282,0.11352359392121245
3.006805801497405,0.13083726550878347
3.0222121859596256,0.12749465452187983
3.044270288178427,0.17618920828215584
3.034700347326954,0.160715945346255
3.0289788381749685,0.09957714177352396
3.134305523414831,0.24906775823552482
3.073627151842461,0.22100816764086767
2.9489331369241394,0.16068152426661728
3.091063462579891,0.10818403817689623
3.1013564720639186,0.10054643073021202
3.093974935568686,0.09888607353713616
3.1903880843197245,0.07773919878252053
3.124676528289016,0.1493001574143991
3.065282693993286,0.08817529516408204
3.1079033007602854,0.10577257312898096
3.1245534406138575,0.1181937742374455
3.0879278210673253,0.13677571245819434
3.0702633826382244,0.1016293266231605
3.0711258937228183,0.09364003439109546
3.0134754895862477,0.12178928967893439
2.991829131326629,0.13313252859194605
3.0525434109600034,0.10242180739007811
2.9823071403108754,0.28554688977361126
2.9664467087803974,0.13303391907123213
3.0897175692035286,0.21667707858884153
3.0932672097344653,0.15910577881267954
3.0573400765397527,0.07555867487881024
3.1399278388663046,0.126942041843414
3.1171672104060972,0.13686509961045684
3.0043235506900268,0.19478274203261947
3.1270630131263966,0.1343828252259326
3.102432756890057,0.20661242690467935
3.123355586831924,0.19839813489189764
2.9982064825900347,0.231667200837844
3.0015751021109995,0.21163506729327547
2.9738657755145055,0.15997803044313655
3.2057207915260895,0.07242270756707463
3.095631736350739,0.10490543300901098
3.063501142412248,0.0889845630124905
3.1219501568016277,0.14603495013074694
3.1260511266900677,0.1484478688502147
3.149969938213964,0.05210501743358505
3.1599265119576794,0.19197769402075235
2.9451801290336435,0.13054553747859818
3.1061514762143014,0.21208679769777042
3.107466238634477,0.14345859503323025
3.0190662064581235,0.20063942621476993
3.036467676210865,0.14079623761007537
2.993776688657446,0.13711147237765678
3.143089705392687,0.09898326866911099
2.965066170747478,0.22368009636330027
2.923264793614043,0.2068227015616585
3.016618907680779,0.2711703007852265
3.0079927852545523,0.25361031362895875
2.990957230936329,0.2684390760864954
3.076581122075962,0.13023487996981378
3.034423401007899,0.14947650837657986
3.1192943073516055,0.16238321798640246
3.1191351114451593,0.16019059999098018
2.9936388375333958,0.17442300584280832
3.183364214818723,0.06965514204356499
3.0799475200187967,0.11303738757895321
3.0708820976651565,0.09942169560674066
3.083294718105194,0.07814863946674011
2.991499501763335,0.0764917385976853
2.9876403522821886,0.08153127345886016
3.2427412902235857,0.13416905153079287
3.233290034097174,0.030983779145412643
3.136642746589693,0.10033583314716672
3.136427949130084,0.1458253738956494
3.1668898628789837,0.10764776853497451
3.191095821067584,0.02935780095790325
3.2002580123373923,0.056567896944219646
3.07566756848615,0.12655435799549644
3.1245839090882375,0.11290978570808645
3.050123061665413,0.08060662585811611
3.269263078943633,0.0752463998638376
3.161842407800615,0.017696616481712772
3.1658342525604075,0.03678616886283813
3.098032173733994,0.14078613328425071
3.0614934151892577,0.18983715349158475
3.107883503444494,0.07753288429709025
3.063711034308889,0.1496469937733127
3.0420018930616703,0.1554939431777831
2.963289540004552,0.22296100486280884
3.0332173255460884,0.23311087576961217
3.021023132693876,0.1543428355188372
2.9757104675381307,0.1553617161899766
3.100761494521291,0.08564623537296438
3.1166617274096513,0.06649559806131791
3.145248187968562,0.07755422118344366
3.0252231262370124,0.12874992054880038
3.0212378196714513,0.1250862962598512
2.926640727611716,0.20971583057891557
3.0412268916293157,0.16895250963122035
3.103262253399856,0.09726008029665918
3.082168012741839,0.04756154581557005
3.077321879717037,0.05288352765008526
3.0935600142533457,0.100196371784617
3.100252407084737,0.13634877873800932
3.0784672145993284,0.12493980902702727
3.177462890847364,0.12831377467546132
3.2154274119245043,0.1464220222590422
3.2062033991033023,0.14636395501373803
3.001632899308448,0.14406773156330327
3.212491001309874,0.028991089109488704
3.2232063117337835,0.047434326406533424
3.07444713593468,0.10151200122983699
3.1332671196123183,0.15784534777846096
3.058405887410569,0.12444971715743654
3.1439848794519114,0.09055948404299824
3.0995587102423734,0.1266661391207953
3.1902853128529296,0.07911636887571347
3.062803865357257,0.1211244588052087
2.953816329635897,0.14318890488056657
2.9527605666507206,0.15135865118052688
2.984210618359973,0.32910841557248494
2.8751832440653105,0.2476323699372345
3.0368006549080167,0.23946017400945432
3.0766000061058545,0.10665374620429276
3.100409251209099,0.1601471585212309
3.120033469365349,0.08180649693305739
3.1705493014279686,0.04964650639597728
3.1775288544039433,0.0804890578395435
3.1502738698870187,0.0638628829528303
3.179107628176646,0.0455260652201693
3.1143279883800115,0.1347722900392316
3.1191484280615747,0.14436876735410917
3.064475494394139,0.17472568641810057
3.1558437602009177,0.05772099750572053
3.077112225805724,0.09169524114612185
3.163346727334187,0.1062749290470486
3.1530778420503065,0.1290997618146649
3.036472837562509,0.1746573884120929
3.048024622201676,0.11289958074639528
3.0860761158553394,0.11710375590327704
3.080634585087358,0.20227754585016486
3.026741183561019,0.2063885626293726
3.1156882600413116,0.14706243377876832
3.166512384878461,0.1605662834320011
3.1899189783866566,0.1673627897763022
3.0899027722385726,0.08043285413285349
3.0802922924851406,0.13419039328571708
3.25150886719093,0.016083422463662372
3.2500705139023007,0.008949863720796172
3.2404600580189555,-0.0023038820494349576
3.2469129619132784,0.00617886582275987
3.0133431608964893,0.1733725515788039
3.223573376081844,0.05926066271283287
3.0060285689759674,0.1662285372209316
3.1309186687734334,0.09543207281312638
3.089573758641346,0.13043488971759762
3.171345782502355,0.06716911321789684
3.0742205641324647,0.10475627213555429
3.146710679857211,0.13732839927373292
3.0988122145733272,0.11843672763192042
3.133751077170417,0.08914495199196294
3.196930335135828,0.13575450341378395
3.1535938955667064,0.13139130260833748
3.1405311798949964,0.14857772570500688
3.1896709520224786,0.13042501917794727
3.1851971583270386,0.14112084916526946
3.184787270743052,0.0634914164219663
3.1077998399126363,0.050952566062232786
3.109746737223117,0.2218972212999686
3.1130833336980124,0.22898405441415992
3.0664838608463745,0.19346610859562952
3.20369795648669,0.01331884271264082
3.112358257931332,0.1480969931218245
3.0835006302166397,0.15874226864091676
2.9363090062687895,0.17333253523614772
2.9329219774632995,0.20784572764765397
2.989114147406583,0.13746824831507282
3.109744527670924,0.15337959753204386
2.9688619170372204,0.2488156323840696
2.97579229254126,0.2218563571428527
2.9578225413777512,0.1788200124067684
2.9573452582547377,0.16681604549175857
3.1425938540692897,0.03452573082990828
3.13181851255694,0.0646438343180948
2.9918003884360735,0.24374621548506503
2.929999776144135,0.17392533685269063
2.960723823418866,0.20493227027223757
2.997048986296807,0.2715559692721826
2.993448913940329,0.259740690989627
2.954777963692727,0.1383262360097418
2.908808981986037,0.17210909187197634
3.0274021856918822,0.16779467423889258
3.063608792957066,0.09967557563649175
3.042982532906332,0.16525275182901877
3.1615101293178287,0.08980689169869827
3.1706101328930525,0.10149971134022644
3.215414674216723,0.0828764806117472
3.0668300651600013,0.18255839396870013
3.0254963685793217,0.16404701919738734
3.0961005200815035,0.12376865071044657
3.1444456771538496,0.11479667301032356
3.144234260146811,0.06569365576082496
3.0961317046412544,0.12317827338242779
3.153731667619041,0.07004469642871355
3.18081891592642,0.06343173240702783
3.0314729153672295,0.14087851022499942
3.0315981481740817,0.2665304982442589
3.032392989021796,0.29475216959834455
2.9901589957593626,0.0617330286667212
3.0081270987724977,0.10771099131367293
2.977752077829502,0.12554607472266116
3.0182154611913306,0.1222040396552317
3.053825002647508,0.11202411453617539
3.0546108465061885,0.09509498801192195
3.170446090991424,0.08092287714130257
3.142136972930133,0.08062402165559879
3.1585205908078136,0.09296149675341003
3.1315482648167756,0.08434056574828806
3.0307422117214675,0.15312643351975516
3.1906863437431525,0.11329975659005259
3.2074584383239895,0.11832221158491432
3.2430389596791036,0.09758024284744553
3.2627901157115966,0.11482004316689737
3.0300457612761886,0.09229698099908776
3.058249140827723,0.16124024075599253
3.1440405865873946,0.11068625664787118
3.046351618256161,0.11515554804083772
3.108274105812909,0.10233045795642828
3.200317097223267,0.093403690396309
3.1771321201248957,0.1157912239191014
3.0650214501011166,0.06389981354272554
3.0754934697793286,0.0892137941494801
3.0952075913191353,0.0695005889046606
3.2211588504552164,0.12595807357898864
3.199564384032711,0.10016008277844664
3.1106948045164073,0.12791629864724474
3.146251168028411,0.07648548545514187
3.15239008355925,0.09999322284408421
3.0539112026752657,0.1391741354603614
3.1058162359866395,0.09954238119108094
3.1382907803997506,0.11680368849706727
3.021542153002958,0.15660833316003722
3.085776261135308,0.16185770521652104
3.0950480616990226,0.16850409366176078
3.0650600182062666,0.09844301491603859
3.0716577976209276,0.10023040103626506
3.031124797206987,0.1300367019735952
3.078826583082024,0.1618005156042342
3.1169650651044845,0.10602032382510988
3.156535041817466,0.07100308242778679
3.1120306409949174,0.11747691308431651
2.949920501553756,0.17848271833752383
2.9635436013826126,0.1762873878692052
3.0887712041303197,0.19507800714600862
3.0178588756187885,0.13244921415205071
2.9946583752106406,0.13831745351042754
3.0100172529006293,0.1700067735850809
2.888108956631748,0.24765208676601164
2.918576616486825,0.18674388799189115
3.074583158530387,0.15031602240018702
3.070238367449821,0.13873584805184788
3.0438212083618024,0.18144569617883496
3.1216329152945015,0.09349148700895732
3.0914299786779575,0.12674844457671192
3.1211147660718788,0.15624000477189562
3.2130663791842125,-0.002844652053244615
3.219366922241182,-0.004733637300237489
3.2177947052896827,-0.01091290022408298
3.097454542614531,0.1506590602151551
3.1267944141226702,0.08045967254915135
3.0375035924591556,0.21616941827996922
3.132021699032776,0.05385783021952658
3.1018951320788855,0.13556073203161104
3.110587204566559,0.06851248507542354
3.038688928700603,0.11629017647106496
3.08867262495892,0.13698114499287978
3.217838938344672,0.07057320978110003
3.097518510196279,0.11799044787475568
3.0867352138688684,0.1874334033850297
3.014877212737938,0.14571266148848933
3.1254560122163917,0.12446562628028893
3.099098178234528,0.11412177225683147
3.0852125864291633,0.17548077644859597
3.0759397252658185,0.16262288821487628
3.139830177916658,0.09657587983776436
3.102603735448769,0.11936385763423472
3.124415971675471,0.09907708471659873
3.1430476074839566,0.08067613647379338
3.215790227438428,0.03047127210860792
3.1951210278179616,0.031141026440147598
3.1368813382587604,0.06342244368609816
3.1011434671753153,0.07972604948505546
3.0980580792042653,0.07496713909906166
3.0946778299719635,0.06720579352958124
3.1169199624272417,0.10187861230699337
3.1590776018914064,0.12126412315067238
3.117990156287515,0.08760767584941098
3.0828075100746273,0.16659101588153075
3.134182321579,0.06360985678492743
3.180135213688728,0.09206416164460678
3.018559665348997,0.1622560959941359
3.0428244003796077,0.16231712511961913
2.9949349062735346,0.1896568223733976
3.0135714282684933,0.18755667444515264
3.1214482353987276,0.10266055010118122
2.960294401846463,0.192765668770126
3.1758809356205777,0.09600959325442315
3.16883397264265,0.13791485233422188
2.9466371643085023,0.10863567962069738
3.3125707596810825,0.11619648440329235
2.9325686684049943,0.17237413617915265
2.941360066781045,0.166312499909307
3.181507369903703,0.19131484124720266
3.1532697292361016,0.16648308445363133
3.1284783953912525,0.05879998993232548
3.1235022522580578,0.09294612554884592
3.0660835215047904,0.12203437212337435
3.0245688813989053,0.18382827730453086
3.015541956518707,0.20426093158589168
2.9580760226885876,0.2440658470252675
2.9744930011138195,0.22855977205625888
3.0263027479588893,0.21993844374984423
2.9786988272297252,0.17742312158240076
3.0490562097817526,0.21669425597118241
3.026863087011057,0.23981373067463488
2.9590720936216033,0.3114034058128721
3.0175368911238434,0.1544605974840121
3.118007549729465,0.13442368861956971
3.1368526165753727,0.16916250053556292
3.044239536799018,0.1681444747988063
3.0903429283563013,0.1099207051622329
3.158466973218505,0.06915341693397697
3.055407656052467,0.09391154776719753
3.1118926781676586,0.07358993051251332
3.114454585980787,0.1770987604922903
3.10421501958085,0.11836178788869062
3.0931958319313453,0.05284525714733056
3.169402954636683,0.08322518326439396
3.2600309046450646,0.041397333322236135
2.985428903856509,0.15148285321653632
3.081265928989602,0.11386677573206218
3.1387689238292773,0.06614941631842942
2.999820804948012,0.2549629368320236
2.9621491059674647,0.29461034607535375
3.0172060186854917,0.23872167103318198
2.9776483592939127,0.2021861207917005
2.97881120597199,0.1918293332601156
3.1757881979087883,0.12413218022327015
3.1820930187623913,0.14221817471292497
3.2282297178421078,0.13095250179015158
3.2081826448874926,0.0929214450885004
3.117462234876314,0.025516327809438553
3.1187790210253437,0.180142889921296
2.9573507310636225,0.24346182847210615
2.9167255673928905,0.23745781219702108
3.1056746771155854,0.15571850057832567
3.070616479769453,0.13213330157852932
3.220137753499469,0.0781052155523888
3.1985822020432146,0.12261642978250366
3.187567073081162,0.11508752997038228
3.1731566097827915,0.01994666859966997
3.241715113803187,0.0832429022829499
3.0860829813160042,0.06041516162388793
3.1577302355217274,0.20591118687531645
3.1592749254870687,0.2032372907280002
2.9659700564778326,0.19034001650965274
3.1228447426903423,0.071393007719367
3.121465234240089,0.16453826165286392
3.2213934119458463,0.12038353540700507
3.25650047066593,0.03771638757726947
3.1744546852113324,0.0134323570645323
3.1681352440487647,0.01323875983680421
3.1720527598191777,0.006653215903254995
3.1720527598191777,0.006653215903254995
3.1506538915372753,0.08628603457655888
3.1336167091982987,0.08473652212672127
3.163997152906747,0.059667750029259066
3.148602323607298,0.12433699656111831
3.0822925097086045,0.1537743269529147
3.095936442738755,0.19311285940231143
3.116652476988944,0.20228517457962714
3.082843679734425,0.05269544470578425
3.116237247472038,0.038758731167526095
3.173439038649504,0.06440127297814918
3.0582092850816185,0.14485089343739868
3.0665747444597016,0.12705379104301678
3.1639560515185536,0.18306605364532766
3.197407336214424,0.1622046007058867
3.1676053993706907,0.10715224783337261
3.170649428562939,0.11311121427096124
3.2166285916531727,0.06265559720066945
3.1831494347552076,0.07222820866889844
3.178025567693481,0.13720001028325945
3.168443826010681,0.058566754611890315
3.218142390093241,0.042599151631097294
3.265254705929473,0.001198317769786119
3.160811887043427,0.062199673536054594
3.0579335056160954,0.08866256004823561
3.086961173565028,0.08198870467644097
3.1902561612901637,0.07640424720318689
3.1144828773690643,0.09998334123117109
3.2014128921800307,0.0992071236663368
3.193634374109931,0.03597584449969392
3.2213703049736404,0.06796019215778208
3.1083165636514036,0.10161405961863992
3.144374379359047,0.08719448139064047
3.1046826502386624,0.12376919895184074
3.135076249141208,0.0953867771306348
3.2053541709460465,0.10253619658164409
3.248950268011834,0.12690347535200405
3.244007622891301,0.12126617581651486
3.0790963785792247,0.0101306506132186
3.1759587101871056,0.06028445548677441
3.1553921644066922,0.09113985422705201
3.0766567447830573,0.1151777178413223
3.0901117514840983,0.10123225926179963
2.9500781515049983,0.2461106208780226
2.9778233182530265,0.18847972117734718
3.171193326184325,0.10336252963652522
3.1557395631301564,0.06715713310308505
3.1025582373760745,0.10554436068093541
3.116078347055187,0.14415385636033115
2.997356397873891,0.14448075052353435
3.117273036705778,0.18863106566800253
2.992761175228251,0.14037815926428346
3.114500617623887,0.16055233864237767
3.0696280974666084,0.19906946655845076
3.0188143537266474,0.140383522554797
2.969617157913037,0.2471218658577439
2.967325142196619,0.14575874529405677
3.0837342882937566,0.23697161018296714
2.8790840752362117,0.2304222002729697
3.219530377544327,0.08879486656479639
3.1959560984610498,0.08739857930886957
3.1317027044999968,0.06138678256448761
3.108708955853335,0.04988389871749065
3.2173175836704195,0.12670578600895796
3.2271630260098245,0.1293311652627603
3.117133796671642,0.021026376957311712
3.1314355512589915,0.020602817149356096
3.2318349308530525,0.049343291193912044
3.1376132540575377,0.05685993946948382
3.044458564462486,0.21588861774795962
3.05612113418429,0.08722881285888343
2.8886031474733613,0.19696595938807793
2.9585849981963612,0.2574351502546346
3.1537282788403145,0.08628598453045196
3.2512735525189216,0.08579059692504798
3.219734631876419,0.03915832574061335
3.0658963793696423,0.13616823390679236
3.031762579182018,0.08781043342074085
3.032426018251325,0.10178962020070294
3.053894003103149,0.11454217007913534
3.048300844991501,0.17387686729743995
3.0099030457318214,0.19860775876152337
3.0153074931000976,0.19474865609382974
3.0442777999257298,0.163110362991547
3.2045863544132964,0.07310583389167928
3.2402151975684967,0.07990750761990927
3.287594916653073,0.10205885682819862
3.180893222947998,0.0038692135504236626
3.160354559083179,0.11387490768816647
3.26014998054724,0.02067774313844934
3.0598856944983197,0.13118563571854072
3.0391383253930204,0.1395998482130585
3.037583622215183,0.13544799821268655
3.01366707968794,0.14089001102524
3.1549986394604197,0.08970881923721183
2.9898220007650886,0.16531895055940277
3.0118277212662528,0.22940073598883978
2.965542840536014,0.252478832609363
3.2816996372247496,-0.02992733025395915
3.2991032716413238,0.006590429569244758
3.339963483203783,0.006969754561596219
3.3328718149223864,-0.012129659714608047
3.3026132776348076,-0.028243907708906127
3.303988344130744,-0.022766874644673016
3.098854153439455,0.16057374944878947
3.2542404591232987,0.008652956911202707
3.175943056727244,0.04537848863614603
3.1832031972154464,0.036322517748053576
3.1689814116969224,0.14125619790396174
3.2214148926479544,0.1167854507287521
3.221828777274959,0.10262229561731107
3.0696705696431197,0.1415895498134013
3.129239012157363,0.11288603003417694
3.0394303883994405,0.14800400996836846
3.0516702502339634,0.17861241508261091
3.203661717058203,0.019582109503657564
3.1991773239379024,0.02202426932421729
3.0359400652059207,0.17192348321806278
3.1066340268598984,0.13687793873306697
3.0533583368333495,0.11580934609875779
3.0324667278185866,0.07824663388068846
3.159357502715025,0.07653001370864128
3.0835051070999873,0.11113449246867975
3.042044883882527,0.10217525875848141
3.0827272589659986,0.1686999866937172
3.0786688113081038,0.15951122720624028
3.075485265851961,0.15650359915819687
3.1199631960562075,0.0885675206819507
3.1843789488478413,0.07201444489627104
3.1759847518616104,0.08237776512593323
3.1089821659896204,0.13679605633855937
3.0767146430724104,0.087301533404002
3.121015410413216,0.08998052379987609
3.091932095290936,0.1160464275292231
3.0128767350325973,0.19397356307056998
3.143718540646525,0.11349839442399466
3.1484776215306716,0.07722484303727788
3.1217876872647197,0.08577670794899558
3.075345934874087,0.11595931238091078
3.060220433381174,0.15723638252101296
3.1076122686815166,0.08440630382610388
3.1257557271086074,0.07790456673408883
3.1174800016007125,0.11768144564988611
3.0839945789542105,0.11487827856293122
3.0606524328344764,0.1080409032753085
3.0760072696103835,0.07801633919822039
3.2092138519343143,0.08364019036378803
3.146205783567738,0.055998833512258275
3.112816147647416,0.045266406003928096
3.1103861205215533,0.04853366291742609
3.1269680365188948,0.08906389440052026
3.1183517682152266,0.09204461401115231
3.1145998265711325,0.08331170198834775
3.0939313712095213,0.1320315362656798
2.999971948117175,0.20115517733132887
3.0196445945212234,0.22278124393012758
3.0553727788505003,0.20737253767748662
2.988584443903062,0.19370185409431462
2.9614813621360923,0.23834959435993092
2.9545685686467635,0.23712683125544978
2.9581979481194276,0.2367033727110282
3.0161119954907867,0.2140573724211503
3.0712557952683595,0.17033115500972082
3.072307229756799,0.10262610911464083
3.1150010109596162,0.13558405325387796
3.1217935158484966,0.14614692029444726
3.1169053616854323,0.12936949072768605
3.1110487013637784,0.128086267303687
3.1102342608580775,0.13536226591816017
3.2369414532331153,0.12997250403020733
3.042887760856256,0.04905054261695247
3.052903613045262,0.06714518607944696
3.0571468345632153,0.12493007533271419
3.0935687144230304,0.14187517850370573
3.1332242810160325,0.158756295152125
3.030315999700611,0.15293360090456162
3.0797805900589594,0.16045966641068543
3.0965070780481296,0.15107228172920206
3.027374799800002,0.1529913197051598
3.070286980125637,0.12357482390950235
3.0391702408824117,0.12384795008563187
3.118414148498516,0.12388286237050403
3.108361085141521,0.18979170984176363
3.12295380179984,0.19873631938320147
3.096737648575762,0.14281124069158554
3.1887436473089292,0.04797001837554615
3.3001244658653466,0.027525786385383444
3.2445774572602297,0.08216396854561303
3.2576923822036625,0.12306530314256153
3.2812003308180455,0.12797496494820815
3.2663690511491756,0.14181358458387394
3.135652895410791,0.05841192836729241
3.127077356937423,0.028603105599175553
3.04239020970366,0.10477836081035136
3.1316498159045607,0.08079250773515068
3.0841066444030707,0.05215656301173879
3.238898583675089,0.07208333802364644
3.1803109246618098,0.022363765163045703
3.253998865681409,0.0647563206652347
3.256320946815522,0.08616096772227015
3.145597309668369,0.03388703590757416
3.1437231496380735,0.03371506844238732
3.208250066123037,0.06243955403392322
3.0914002591470915,0.09987059887187365
3.2234281035090473,0.04554631627791849
3.0835495866983185,0.13330161834129278
3.064470523765418,0.10815297981543855
3.0041281974562914,0.07006177294128776
3.010122675560619,0.07289825077750786
3.2753009040105625,0.12733610981288535
3.2652584656993637,0.1501212129651558
3.2269220466530766,0.19515289921131948
3.1974791189615046,0.12827776697717255
3.214904609191839,0.09242731714035159
3.2007704242876214,0.09094249575457453
3.2470400251382165,0.13829230056432665
3.056907720784936,0.14377782133397887
3.119716756210684,0.1551595673887225
3.0800243505961364,0.1472663323223381
3.0274632689314003,0.1570178838302982
3.0350023803311728,0.15827224946469917
3.1014333202401247,0.13557585346401774
3.0775936351983737,0.1176252772685185
3.121246079672011,0.1105255929260046
3.187427831471958,0.042826590786566775
3.1290599268836243,0.2201681639025664
3.1093207955889444,0.03952639117412933
3.0994017302916586,0.083438306118939
3.104455449047006,0.08213433733611743
3.1338293043910204,0.1483232799902729
3.224826828774068,0.11312048219039478
3.198208609750631,0.11043478086854201
3.1591948584138194,0.08969089061535855
3.1617816803212113,0.07925546416353026
3.0685919306863134,0.137159485796448
3.054916156446017,0.07897898375433322
3.094159945411699,0.06611058142002266
3.3160901349114544,-0.01455961171680513
3.2342522433653302,-0.008000640779550684
2.925337409270365,0.20438187889237058
2.953372162859321,0.25644809036564575
3.0924671406964674,0.11645670133169608
2.9938077760092914,0.2231238503815184
2.986314925461696,0.22748836880116824
2.9489324636744314,0.22203617392238367
2.987980271465494,0.2572819982967997
2.974047469564582,0.23818544227552527
2.969833853144457,0.23795913852589481
2.9843108494907264,0.1750316841773698
3.136693270011552,0.19758265026842467
3.083413589722976,0.14702935560221922
3.0569056533654897,0.10741763174271983
3.0482417398646873,0.08410804947899189
3.0912519473418056,0.08658125178187505
3.0569184561327347,0.059021649289202456
3.0822396044806872,0.0461708592094057
3.147883317032548,0.07234943375660859
3.1019250032132946,0.060080552384389196
3.1062713560879724,0.10799479037360375
3.0467612296179554,0.18334020564409173
3.113175427503613,0.16112982495492448
3.1237306726854017,0.13884717242525726
3.057298663147089,0.17921025225900467
3.0566477477654344,0.2509758510503911
2.9597149900988815,0.1973662224418859
2.9467528723919036,0.1849931987632477
3.1347103380676993,0.17931292747352384
3.1477201921608287,0.12452695086272282
3.1270187266479295,0.06672488836132182
3.1941482902254905,0.12705793998807213
3.0750719311561863,0.06842539740271515
3.0556111638138037,0.0803415310574493
3.0719076039997146,0.12215378330200709
3.0840625400146737,0.07093488813288604
3.0952504531000735,0.08997559719899946
3.0945507296104964,0.16240414432827108
3.0652696750895045,0.19412850415623742
3.060011346675453,0.127190968334512
2.9684556109412963,0.20576713249830456
3.0063052386539897,0.20130038751162
2.9701215099520635,0.16785182592862607
3.020558125765972,0.1897597904632969
2.991383655930134,0.18663905352378884
2.9854296830239933,0.19030671290097728
2.9592793388163523,0.1787652296471726
3.199642208418352,0.15256494312897378
3.1109849023057747,0.09130549045743486
3.051101358598679,0.08213812789223983
3.040827244821875,0.21920081909124683
2.9671976903122435,0.1415944808534521
2.934623794350419,0.1932316345238893
3.176444356976621,0.2275830045034293
2.968961164786171,0.20844646028696218
2.980176060550876,0.2354391917988228
3.061819309880082,0.1779568464737803
2.971205327218283,0.20631278332525008
3.173665557645965,0.12646599184542134
3.0543804743604825,0.08591253974503066
2.993267876629722,0.208634702822998
2.983791427718264,0.21776138310370002
2.9624683839527783,0.24283348957839496
3.21836511279204,0.11676072768135368
3.157441337942718,0.05379536102537097
3.215005307828407,0.06632743135216584
3.218880675341454,0.0650491456310979
2.959447826565827,0.14547462210050643
2.965161318182441,0.11464087111735513
2.9836525674287837,0.14583231074210304
3.0740640729390085,0.17739540677994262
3.1082373261600535,0.24248268397948936
3.096227731505817,0.06824994970640721
3.02026143259425,0.12687108799417776
3.0474343740497334,0.09943236659716397
3.0787845714079713,0.12724313061293233
3.025504430500971,0.19211483325496964
3.0584652998070405,0.1785054897937842
3.086090164795821,0.06198675779235141
3.081885063196183,0.21630356059092642
3.1105999176452532,0.03343436678269544
3.1003758158729577,0.1454378569010561
3.1189609676537136,0.09421320149193466
3.181997788379354,0.019697255350974437
3.0826624592746765,0.14793503753086723
3.1508371344810473,0.1336170917768007
3.168342121715326,0.08526144246420575
3.1023690287327303,0.10428637186139741
3.0699195248396807,0.06424011937902073
3.058966447572277,0.06227964404150057
3.137549394720605,0.20074358222948227
3.0891810698269073,0.15765725261037916
3.1028429423120123,0.08887418312571242
3.0830340011729045,0.08655395937661388
3.201862813860742,0.08122035088340482
3.095393991906912,0.13862577944843885
3.0194526889953948,0.09710651424087667
2.948260866223452,0.12235898965790154
2.97897910303068,0.11171892895392235
3.2087820760042107,0.15215682565867888
3.1535875232855637,0.09976025019975103
3.1280875905810475,0.12974545876236954
3.163371104025813,0.12912284197308194
3.1732513398189974,0.11802267806656201
3.1699555762565215,0.11270599189641235
3.2159443765041,0.12084827570945271
3.2180723324517424,0.11959081766057862
3.219273007607616,0.12122663881974079
3.171818849670116,0.19921593620987937
3.1747821923062456,0.19038185280330802
3.1530894927024486,0.20446565312739817
2.9470949108824294,0.25732869037433065
3.0199444007662146,0.2378091075812359
2.962879470042133,0.16037505903792856
3.0844819788121955,0.21865310253384
3.091095758878344,0.18009659345748244
2.9103814355692412,0.1388738326415677
3.033143067191689,0.24084581706213232
3.017899952766104,0.24337863410688235
3.0068407158149904,0.24079951926276658
3.065030254190603,0.22690696621911444
2.982824564246698,0.324655006701607
3.001876295934948,0.20406546765822606
3.081062910038414,0.11831261089402947
3.1257277341912477,0.13173058304266141
2.964551407646721,0.16651337696626825
3.051839080490024,0.23176063674800246
3.0553481872041495,0.23547670088617786
3.0248891983405204,0.10905656402079351
3.024255847025308,0.20855212777851362
3.2569656504581306,0.10733362872263055
3.2155811498883176,0.09383233544094188
3.1415441096983057,0.03112059261562541
3.1428156742823137,0.038470489733068186
3.090113867075926,0.0688875153193131
3.0280738642732006,0.1231103826466898
3.1274448477560055,0.16068423285815628
3.1112734184996866,0.10332041836643074
3.1477146393480413,0.06015206040927647
3.1726090739607917,0.09372126118847071
3.1721376920216886,0.10261017727679375
3.1408119369352554,0.05576983740747185
3.099080402972041,0.1768070957696094
3.0978891726475886,0.16742304279049144
3.11508818170286,0.1241605223603782
3.0311577338652747,0.2840744984104943
2.9636624638444795,0.19520309575474304
2.9691445718236498,0.21444904477464818
3.209627730999725,0.11630397109442672
3.11924674417066,0.09628489006997545
3.099388311563085,0.1139869069600951
3.090723432638882,0.13421813464358043
3.1279368851080642,0.11818932252029955
3.058078675447458,0.06601228172183359
3.096985005082802,0.21649183152461812
3.1242934609649216,0.035885500784742244
3.1413486001752715,0.16982497723019183
3.162748890220911,0.12598354704088333
3.160094947267094,0.08700356236403901
3.1062612440147324,0.17096233429705293
3.0119228836217777,0.16745535015998841
3.07410015590641,0.17013660712377102
3.0075365168251804,0.18627746302821294
3.037525985744623,0.15514504220936753
3.0744201958069315,0.17643593646802824
3.07186363953813,0.187397223333652
3.09459754326659,0.14189580190732146
3.0592121965432346,0.13344481258680557
3.073865216511145,0.06568433173258312
3.094724436313887,0.16073631638691668
3.143853293280618,0.08143537075922011
3.1000384924075965,0.08875236652538776
3.103562941366608,0.06637544146024776
3.0890079324188,0.08963325224928322
3.072295385315597,0.09107474529110206
3.0513852812417896,0.0492970105804797
3.1043913389819164,0.19713094193371825
3.1491090454912603,0.19010107687062036
3.252380934084702,0.12539733308625173
3.1670112141420246,0.17552016937032472
3.148382386999406,0.15275112250160414
3.0622420350018804,0.17653668094151323
3.0619160720379166,0.15690047146947517
3.0107431334993877,0.2254439782086836
2.946183753190957,0.1968063688421295
3.062438816010659,0.16192647294137835
3.0581201425004383,0.16720220855575577
3.171365066114677,0.24439612800057833
3.0883636312838263,0.2036703679519606
3.1025009193976736,0.08417887543010887
3.101726731251429,0.09644475508462644
3.104083359979602,0.18914769913753396
2.970832836703147,0.09514664068781185
3.150228343259054,0.08154009592378604
3.0934653886824446,0.16500368908620794
3.0483702097867686,0.11855258410393511
3.2276544349357272,0.06487971778576906
3.092179990249581,0.07746187489110325
3.305183303412287,0.02387042679756262
3.151376909578641,0.026266267940647948
3.1101639540613446,0.19645145841584952
3.052281873868672,0.14009932953294665
3.112704563570935,0.13258936160569376
3.124921292955791,0.04306001104346818
3.032126609263404,0.2237749298414197
2.9542313169749788,0.2734584385052623
2.933477867472506,0.27137461517539047
2.9918732705567357,0.20095057559740004
3.000873774074552,0.09919351983518439
3.221258337934826,0.07081277166608575
2.9685083364759035,0.17891769605105864
3.120376586379326,0.1203742107797655
3.133880128030737,0.0911677185745653
3.1572933480566907,0.14191270644027437
3.1730190294787177,0.088796704834941
3.115636913638973,0.10784436108424206
3.057518865129303,0.1711272970569624
3.1290244407112846,0.11281685310248958
3.1710739976043487,0.05972059006929925
3.1140758204001515,0.11988626517113629
3.180705516260489,0.11727614434773077
3.2333017630027188,0.07413857141684393
3.1937513921834246,0.09478934964044675
3.170367996661478,0.15116399351552878
3.0803004186946565,0.08205481556179718
3.1064535508442717,0.14543097387741297
3.132973087362122,0.10555871660691021
3.0943875115384705,0.09939916508185986
3.037528140622467,0.10710306096244043
3.195552000949738,0.1701794092040223
3.133779066815334,0.14385509086547307
3.214642701352668,0.03934344171106395
3.1942794731785495,0.051876518389659475
3.128856333388809,0.08147852435937411
3.1488597979271895,0.08845433750699275
3.098275680794904,0.1771323385971563
3.0115890344496132,0.2164258982315793
3.001385265295651,0.2415003396687093
3.006980339095365,0.26244641909666433
3.0871625486060186,0.1435815255598394
3.1309618921815683,0.2080957926714415
2.939013710126397,0.30337750399398505
2.893198172780068,0.2744803910373406
2.896583133899577,0.27364601558704077
3.164628660812913,0.09131729022670527
3.069605091261999,0.09899494075312218
3.071027880161632,0.0978857025492527
3.0243963296099796,0.12202419643174942
3.0889789734000312,0.11497616959126285
3.098738567749731,0.14599868073101
3.0870966570315566,0.229989544224763
3.0492626848987094,0.22024151839147443
3.017825170059477,0.2617728545955651
3.201609076556246,0.023388901604111213
3.1193882452162716,0.09974067677962807
3.12691890556642,0.09026437827718022
3.181005029914253,0.12018708167613314
3.070946581574281,0.15994243786431628
3.071517173183537,0.18567638275570572
3.105484113890748,0.18454405655062556
3.0715058065560057,0.10929857980230771
3.2018186777323856,0.06591680568752849
3.0686957931065195,0.1076625953208913
3.071997252727253,0.09871411640282858
3.122003640528596,0.06024296753965492
3.1341301241932538,0.12278560329554966
3.0482269761149063,0.11510178881756766
3.010156562124661,0.10317338196568823
3.05578273153066,0.13188747091501585
3.1035282212805657,0.1508351768421514
3.1790507819960276,0.17776755025293167
3.084949171414447,0.12546603545146734
3.1767194547238504,0.14250806545433195
3.1221452324446672,0.08826315559560492
3.0493766882467135,0.12021730910517908
3.1327248020561833,0.16996704363517054
3.1105955900574194,0.09357760973222976
3.0837291494821644,0.17841354873007167
3.1218621452288744,0.14954031272309604
3.117638316645613,0.07133137245412075
3.0879776825063407,0.008645103699351354
3.1022516849542168,0.013587548272152198
3.0911228326121294,0.034008176085827686
3.1713804661203984,0.057019835669328785
3.019018048803633,0.19160782540860335
3.0141302661175327,0.14082461853449516
3.2020936006288268,0.07147076031573825
3.1912437743432664,0.0786281942396746
3.150512215542564,0.10644298044004903
3.172621823364157,0.12430733569260309
3.077530889825157,0.19679037564585478
3.063122247957955,0.14859966047131754
3.0850491958264614,0.11876174620324428
3.1247675336659526,0.10431686244406471
3.1089407053352978,0.09282958970734922
3.2382762406952588,0.04472990857694786
3.158100063432425,0.11932057737155302
3.1609573260019235,0.07865115916061192
3.102794789162512,0.0790905098671445
3.2142505656015015,0.02986304434258055
3.187533907719437,0.047915852916444006
3.020707074072516,0.16042094652176245
3.109359047566643,0.16700247232623344
3.069665869776584,0.12992563656149075
3.051977439098015,0.11440944750617804
3.1158204860965353,0.11843322580197808
3.126531314325253,0.0866941316983784
3.1329548132895213,0.0997934150833121
3.1704530408426974,0.1409942094632111
3.1441948955587264,0.11799607433972446
3.0167793817803847,0.06394141467366259
3.0793886678404565,0.14191620497686297
3.1649434372335783,0.11076030905827793
3.133687431085781,0.18529221834083687
2.986422416363017,0.17958863302425518
3.2122794709561093,0.08931004062136048
2.9654002558567796,0.16480612976616277
3.0069826742116055,0.22528368244785701
3.021184293038135,0.1585623538176233
2.993515760150917,0.14132649338926292
3.12157403950417,0.1855061155194643
3.098966445143112,0.12239205814540487
3.104538893573478,0.11867737710117848
3.105884397628406,0.11116855651366382
3.1437163323061514,0.05968215704165192
3.19257196927186,0.0924981571524907
3.22411822659791,0.0540970088019381
3.08526767309127,0.10758962720836686
2.987490062265369,0.1453596173460013
3.058766478851156,0.2236173126713995
3.0158925390821523,0.19957799783426886
3.154751060642743,0.18284649552958315
3.0699157005925786,0.09194374659216195
3.0680082176101044,0.19846208946920166
3.0636783625987802,0.14199380792355654
3.0927877516989746,0.12971265213451924
3.025283885775144,0.14990911473198984
3.0235966485168673,0.26910554056041314
3.0237615270565024,0.10358528314181496
3.2565727929219053,0.08525837349349952
3.239191541303502,0.00942571540683538
3.159652984213938,0.060454480719663424
3.1020585918138734,0.0795927611643744
3.2122450350274434,0.10967498361888892
3.208515544265615,0.14505073321698994
3.053785089134366,0.06982623455590889
3.1325757926347104,0.10839433641432315
3.026366545462834,0.12270033746127182
3.114564064062081,0.20605683554172752
3.1092399604043277,0.14563710608000555
3.080735630892765,0.15042137874188768
3.092610639073555,0.13550085788777685
3.1712434372447063,0.10674008392641131
3.017585190713223,0.11175397616049769
3.0554349404171326,0.10698727055000114
3.103644426698048,0.13027786955774281
3.097762686974864,0.11046109331590212
3.119446132892606,0.060369093098704106
3.132952869639736,0.04771641474012513
3.1342714546011643,0.020716387137991798
3.2205990709880807,0.03855029812110173
2.950065287938111,0.2287935918112149
3.184615434801105,0.05694137322405639
3.0538967222681044,0.15473933204580576
3.0571533332463066,0.16881339377287036
3.082244383380881,0.051689992053042644
3.2100726055705175,0.06215450387049621
3.1124939178688775,0.09991663946656988
3.089953871717083,0.06968631663914761
3.154697719159113,0.1408216198864532
3.1505010422896738,0.1494082559387164
3.1953479767630206,0.0681416313417409
3.1458521530426498,0.13997442290904724
3.1305527218472444,0.12876959831986565
3.149503582981892,0.05985411174589589
3.1103964706697407,0.11975220072806429
3.1928400553781437,0.11359543376856686
3.255626121195982,0.1243835707842378
3.2522687900611924,0.12156744732483533
3.2196851140345535,0.12897309226164536
3.0120709789586186,0.09655807259978373
3.149787320753005,0.1340854333961763
3.1502754819224745,0.13352640503053517
3.152606865088015,0.09050617439936946
3.04676876020962,0.13009321539664476
3.082408454048146,0.09516792893719926
3.127578553026746,0.08427310205143196
3.1971203525885254,0.05647456958006716
3.1913512484311775,0.0448775822567423
3.1660980516517583,0.09886904426504388
3.0082477593319843,0.168164695029691
3.020779372638094,0.10531278679650065
3.108348570953691,0.11523409619110463
3.1803562483252366,0.1699023260405798
3.217126729753315,0.1727389031464368
3.1839689739406873,0.16757306171193345
3.063906805141342,0.11770652170420301
3.0934587535840845,0.18678704204879393
3.167227120319095,0.07190855992130678
3.0654124744606044,0.08303446312921618
3.0791556273790506,0.0950609667528525
3.160503176768713,0.1266749201735196
3.12428136960871,0.13595892358305156
3.1460826772841113,0.11511902383508224
3.0431264715033834,0.09535951630869938
3.0593865586447353,0.2247757868943333
3.081024846272125,0.22254725967116398
2.9511081122797678,0.19014377664306542
2.9727807522285925,0.1298406552523034
3.2608740716057,0.11662563796745336
3.0316436535143274,0.24053994974715226
3.0043289129145183,0.1416631872705683
3.0361460314259245,0.19335739742961974
3.1423439307266587,0.06493885078305879
3.166473291118254,0.04008141552821369
3.159580313672044,0.0483583917169187
3.0515313573430003,0.20154783618284638
3.1060694972958527,0.10068752872514417
3.0604477725429633,0.16650907676970378
3.1534509345187063,0.08351826303542692
3.1111247990732522,0.11249964142445185
3.082595173333135,0.13757205052330565
3.151810515563004,0.17725075112222588
3.1970664950857794,0.07855722734696932
3.1783645667274385,0.07231633365347076
3.178156095701725,0.07325206920118381
3.139682218183022,0.08036386872975824
3.185339459308905,0.06256412123186995
3.123154419523311,0.13263860441077338
3.1584636591415265,0.15381322439416065
3.156405412440572,0.15225998609744695
3.153006553038168,0.1563717979263997
3.1570021693639974,0.08436707481635275
3.127701793815292,0.07594565232695606
3.0736539393666473,0.1054279523820365
3.0606317050309557,0.2821135401605256
2.9751251782244426,0.16149125732090053
3.1317422295106843,0.11673063196651448
3.1453322483681747,0.19233782595381826
3.0714887605355448,0.2095974258212226
2.954695075584508,0.16720926250635923
2.97595474177527,0.1437389786121881
2.9960215675444415,0.1546308636746215
3.10884752365003,0.12491071798627297
3.1221895507711768,0.121549267309092
3.0368415056659677,0.11493751892009164
3.0406150068197437,0.12997488119075423
3.0566972429390704,0.1386818169136524
3.1254514363634796,0.20077611759364708
3.018973678634494,0.1405118887358824
3.105962257342315,0.16161406604363157
3.1195060471619236,0.06326501667237479
3.0449973708117004,0.1233599249217347
3.14625887101957,0.12463168857623134
3.1232682030892325,0.12119887222439951
3.15911546349299,0.09104696723493029
3.1721502763474034,0.10837187826671522
3.084529188364374,0.13699595195751477
3.1163126235263916,0.09564925899127771
3.166207485863701,0.04172315605096944
3.1481091774515844,0.027164684260145514
3.201617233081947,0.03727388592289095
3.1904807280282075,0.05980243708552181
3.203701773097261,0.044968987381097336
3.2298606811336246,0.04553597367101939
3.0244903624927697,0.13056130920069123
3.1332924445397365,0.09160875753054497
3.1811224191739167,0.04755958192807227
3.073760133849468,0.1597517088335098
3.063806732312409,0.12775291407622832
3.04882399137391,0.14644751064594816
3.13503035561012,0.10336812298666025
3.0390085162283382,0.13098747302497696
3.080315233144332,0.15512226512172583
3.1385411011690736,0.13357442223522029
3.0643151614900748,0.09430795476749544
3.1112150790963535,0.16190693871017312
3.1299597850967538,0.16237142478857428
3.1502540959735894,0.0740730379744674
3.1569466470038328,0.000971439361476548
3.1575172342215083,-0.000288386614235924
3.2129870298693115,0.061282647965866965
3.0994269866749087,0.05720346604864937
3.1281255783478654,0.06971373452654175
3.10624834421764,0.09008760104684517
3.118996745092002,0.07349958384008748
3.1206265718007136,0.13845785927509757
3.0287947898871765,0.1380839762269474
3.0737229002311466,0.08781547206401036
3.1063785326360493,0.09295424248846168
3.0932616865868248,0.07996833074830915
3.1317717353610033,0.17299499008580288
3.1331174746794566,0.2076059328538657
3.1010885591477164,0.040070945774991505
3.0930007699139135,0.03415182710242631
3.113920419067136,0.04897712916121838
3.1263931065317636,0.039760381449630657
3.1195799270146596,0.03561364835173151
3.105331278519764,0.03256806852574545
3.1111047345279745,-0.003344703508424744
3.1191356848137715,0.08705817519693072
3.204367808282635,0.06942532352880272
3.0659935974075685,0.16786813666873537
3.021522646348394,0.15545099011675143
2.9711159315551816,0.12444998663344672
2.9891423734640266,0.12555150197285037
3.0834152827664174,0.10787925510805896
3.0961790174321115,0.1015967129065614
3.1001147906364888,0.14776557295488707
3.101111423468663,0.14803980334540018
3.072225859196756,0.08088396439115537
3.0901156231816413,0.146874477821722
3.106131921987939,0.1065309706398732
3.168327343882164,0.06864734207674866
3.1147842165507553,0.06360704114968571
3.1117979835436027,0.07290792068975753
3.108519336821804,0.13775583546136216
3.207779382498877,0.041766953038673664
3.1122248006487148,0.10222038754715579
3.122410459130467,0.12481197184347155
3.2003036303050685,0.02272826113012981
3.0193026707500397,0.1616046298766302
3.2086043100210353,0.060634233773247115
3.197150513746769,0.09929311002950152
3.1886182824175897,0.13030395579944146
3.1754261006890467,0.12155630682785001
3.173740233981082,0.14266317947442145
3.114507861629641,0.04073380795274379
3.1184429328230276,0.15931943415487382
3.163524378488021,0.09731399515098534
3.159912515553044,0.06765906256970787
3.156870247766887,0.06518296628973241
3.110412101020596,0.1912526456888409
3.1538762063519337,0.1271852118072999
3.160302266683844,0.058140139976285754
3.1603201789097572,0.08438760511269297
3.1559755975510857,0.09811905573564919
3.135948078953402,0.13411156373172967
3.160480725576634,0.03139062577209496
3.155094366275711,0.03356409710512668
3.2055232342558955,0.041512851032404964
3.204223414639187,0.08754335697193841
3.2978798363500226,0.06046212971790527
3.1800253739249267,-0.006020831626055652
3.153551960712575,0.1295636702188491
3.1387521005467707,0.12645070285506615
3.1680823810537677,0.10602164195879075
3.1440405843770445,0.1115432000261094
3.1688743776919144,0.12603279376941504
3.1913891334193454,0.08558742312428624
3.0843889951873815,0.12446029150603201
3.082613928965277,0.1080666579236159
3.14818905193017,0.06828873353134512
3.1923470869460484,0.029069555254891938
3.190333056629737,0.048163295738649206
3.1235124998690136,0.05912699525253487
3.104119379916448,0.045385034426812375
3.0729667465791177,0.05441758164949475
3.1129419602409194,0.059077276995688814
3.111881370696432,0.05519823222422754
3.1328456456631604,0.06129939273660713
3.20673066115395,0.08724171407003514
3.2707432680747526,0.022975068114666358
3.308105032657939,0.043637814182110844
3.283790988598181,0.01496489996592828
3.275906803089343,-0.017884848749013353
3.0137688940680825,0.19864239961027239
3.198509528823327,0.035075052330635764
3.220291138373063,0.013262221806926917
3.226516278605538,0.05094754916733136
3.186186299770368,0.13329710609988393
3.2077518194927586,0.13768491073555414
3.0967783979944308,0.08186439529024912
3.0530465584288455,0.08227291984732406
3.0269667367063824,0.12193244800842097
3.1693313689100604,0.08609972542694354
3.1940677937285127,0.08822519101169103
3.2008015206089033,0.0825010539555066
3.0496924212052146,0.1263542867262398
3.0216116114401803,0.0787298670403335
3.071962812165638,0.08684636608632477
3.0962603685226577,0.09714465477906932
3.1670022821576804,0.07722742028568981
3.1514297393687767,0.027539319276411234
3.146744902036259,0.06071592264759886
3.094875349254908,0.07654198848035726
3.0925105552854433,0.07310271443327811
3.122751533114738,0.05236710571055346
3.1322496780534186,0.05483194109051941
3.0602818818112154,0.1781466360828708
3.0563807856026837,0.17484973205560975
3.0774203590648557,0.07294487385793459
3.007373590562798,0.18386820241848587
3.114171051939511,0.14193289580472632
3.134786513024535,0.09449241055358151
3.102977399306837,0.0915071588610629
3.0214204396582653,0.07550345080386076
3.079851028622274,0.0669635658954102
3.1086866348568054,0.16030930920586248
3.0213041892886308,0.121993194124114
3.076993854327454,0.14274344343288184
3.130865712796266,0.135618556895284
2.989227762418598,0.18009973485615036
3.172153408123589,0.18167410811248855
3.0106179679816867,0.14103888662138553
3.1355255728035343,0.07267682372212944
3.128232494839012,0.09434615887193881
3.172959847475166,0.16188036414623627
3.1222707406876102,0.029752016265405478
3.1521739873661456,0.046621565324100514
3.2202154855109666,0.07633277619499415
3.2520763806138158,0.09146396609613919
2.9689726026205427,0.13580633897576072
3.0900682427357173,0.25079877012543994
3.083507124197372,0.2487262509631843
3.063879972329095,0.24244228043783683
3.09325984722805,0.08349298052831879
3.0556734638307677,0.1183005122291082
3.003949466936162,0.14302314765491178
2.9966487575341674,0.14543205013028646
2.995192508684614,0.1578846943632826
2.897530836021012,0.16323939931739626
3.2301141404497304,0.13414904293382507
3.2273308949976967,0.11321286156758585
3.1057983604918986,0.13465754211133865
3.095582139185124,0.17873672036187202
3.098020417766145,0.12548592045597648
3.0399387305431196,0.09935405728190712
3.113532921686385,0.11411392177842074
3.0622538819724356,0.10594235085926788
3.0511071794192928,0.10035429994015936
3.0675977876493876,0.10679278183354887
3.132305391442897,0.03601429995520064
3.1324431783875686,0.06029020790162787
3.2511067122720707,0.030722378891956146
3.312439281119132,0.11211669897584692
3.2734046303487316,0.11040004804929042
3.2708240895515974,0.11127311493100218
3.188425118895722,0.08790704227807025
3.031405649096483,0.14738184304527954
3.0490232929966363,0.15413422571901392
3.0280419935312493,0.16034265971266937
2.93438684917561,0.13634307760629824
2.9388104268903192,0.13742479393453982
3.0830079106274577,0.2550627747855949
2.9253454672003576,0.15952280019919618
3.0477431059648032,0.2759319245928509
3.066364580113819,0.14674148430595105
3.1240046533600268,0.11510914477044434
3.102815755737817,0.12629228517886648
3.075739014063273,0.17450539825449257
3.1332623072181693,0.11146214982131115
3.0774144665720047,0.15538574915070688
3.040441783877965,0.16987454921828293
3.0127508796414513,0.1642931045582259
2.985999182089846,0.158322199481668
2.978997956920709,0.15792246989504888
3.0212405129502935,0.1273229545162666
2.9724466414442965,0.19060463286353355
3.0859330790695276,0.1371261522506768
3.0914115760515446,0.2081801094348496
3.0942357773930778,0.17895821486724084
3.07119660960862,0.14235911154796593
3.0431552634322485,0.15938442371586736
3.0664062678971398,0.08892035830623858
3.028276146973625,0.19482459716890205
3.0311247818416844,0.2051488368763335
3.038096094105444,0.21493303892985302
3.0597413100165776,0.16831390556158643
3.0131460779993793,0.20994143608967292
3.0198682033914754,0.2041737687984042
3.1247349479603144,0.1423819158499193
3.141791190234342,0.15756617142278379
3.1203366167442543,0.06037449035748939
3.1199260022998327,0.03051658924135491
3.196686599664181,0.10970810499979634
3.010328351841072,0.1866859868559563
3.009138129316936,0.18703878431567644
3.1108306454298824,0.19147205539970602
3.063168485387682,0.05746203510228412
3.0740482716825204,0.18696740212486748
3.142669187752075,0.11071116641975219
3.126580988950262,0.09746586561468197
3.085335362772324,0.08262169701878624
3.18710723593494,0.0468464661761092
3.01282940550662,0.14753085939240793
3.1154675627555313,0.11065957332347426
3.1626456138547754,0.07224930162043013
3.1597454118873123,0.0791152200314643
3.047562696659844,0.13725251851117037
3.0939548596186213,0.08058178623660717
3.0827283051191365,0.06496555881454558
3.10010204593567,0.1976830085282573
3.1059660160684324,0.08449161469774437
3.20689775072333,0.0700739102427363
3.0570617387982386,0.1241179637210174
3.0829854303173687,0.09581950811865585
3.110175155659554,0.17898689325555275
3.1184974347595746,0.1244436630175911
3.0761490926152755,0.07835023771247566
3.0342712449397364,0.05034351947725047
3.170094152818496,0.09335009035359039
3.118108578847366,0.08539865470116023
3.138398393259887,0.09320856519379107
3.1918413098008176,0.015509705809098185
3.2304174221829967,0.06482961792585264
3.0817448694480274,0.13194375805846995
3.1139150866594263,0.13772153931493142
3.1560976915433097,0.059007033325600255
3.063986938088516,0.04976670697169857
3.26159591389585,0.09350242684505206
3.2532871320422982,0.06163259159210052
3.151194889137445,0.10650834180616282
3.1262331266358854,0.08841194465528415
3.1585258006630963,0.08016506254440824
3.1446551998402468,0.09658423519215188
3.1128442245333328,0.12128464230107708
3.1338200319275327,0.10682143584497568
3.107789256752768,0.11137302499376431
3.122627728452321,0.12566234967958081
2.9761919010382454,0.1849202250372802
2.9776335771278335,0.194002218327475
3.177528645177714,0.06078041369469704
3.1652392793009456,0.11519310043263577
3.20883946748446,0.06122435267187381
3.0980884441733134,0.10708670916919986
3.1336632137325764,0.08500847045505125
3.1067651253084887,0.09446904762403609
3.10597060693907,0.13976995067428022
3.1040848146571878,0.10766204931922839
3.1026792771257736,0.074247014930537
3.3029498831134445,0.04677427620981416
3.0583547616706492,0.08464996796847286
3.051296566194309,0.06008877211299681
3.0791224741031256,0.19949672606743907
3.245305121070776,0.031059714002357217
3.2451487653520603,0.1314831018923667
3.2450359623427483,0.11570733470544177
3.23430248922012,0.12115719530768529
3.1750540157721354,0.06357780342075138
3.0778184756449107,0.08718784636644421
3.084211591064754,0.08229986177174564
3.087169966582847,0.08456597455115256
2.9942294542195325,0.2487367910925995
3.0365713609651688,0.1990091356515959
2.956592669734946,0.15623973488971635
2.9577343839019212,0.15739394594318842
3.000066769788065,0.24453540380984462
2.91035307638874,0.2600001595622778
3.07322650255551,0.21987010752636735
3.0741990405654342,0.22202906433664027
3.2110411131088346,0.1071124289864484
3.206487586064705,0.0898627932573841
3.2416829566726024,0.06565060823564452
3.09284390365394,0.011982819435720212
3.053244396996682,0.058991800682800945
3.0449175304691227,0.08449916980696577
3.076934551736182,0.0678646756326853
3.2034401077303696,0.01588211478291526
3.1267184556191494,0.22511408383201384
3.0784128084725033,0.20912010407054396
3.005992985377496,0.11756797992462362
3.1025136753958535,0.09642297614855674
3.117221402266887,0.08076037110970752
3.0577815506550303,0.19613597484334766
3.025248585549288,0.1420028234349583
2.9682685537527664,0.19155633225685315
3.103062403223875,0.2745018885693341
3.0942855781513523,0.24036615894395713
3.0698402122038164,0.15932213861562505
3.0611161524461346,0.14333845053114802
3.0279692282449893,0.13286212772966072
3.0269443063438866,0.1348279766406264
3.197520831543846,0.06650760708052109
3.1254204900382208,0.07416799693251606
3.1689511198541997,0.06833351776138019
3.007869265217637,0.218792074909892
3.0158308439712846,0.19367597296913516
3.2028075413407544,0.04447366491247919
3.0963590197012367,0.08814192115393725
3.0668336164699923,0.1628111534218415
3.0343083832940363,0.23246416863606734
3.027604327169856,0.22386296940054912
3.0665176787583706,0.13814031818877254
3.0698011885059135,0.10568150057009097
3.1268925575888415,0.1026089783024687
3.208058982262259,0.14524815937100952
3.21121193161301,0.1447711741850167
3.222317230923481,0.1622099479619267
3.1069899062193054,0.02719513781011732
3.2752926880364472,0.0936811271808637
3.0766958276046092,0.03076974430404329
3.130058376327981,0.21926534248623625
3.1803174552102775,0.20443524381103598
3.0508701521591868,0.15332163789073006
3.1503211947751053,0.1655117294685342
2.962015265528524,0.19195412003363665
2.915366309653673,0.15157553768919535
2.918570317041442,0.15280259559161133
3.1235209633464533,0.12544125578415627
2.9922209931624058,0.1326321767348001
3.1617197753892685,0.03202115535703645
3.157228730555921,0.03389168587622424
3.0578594934256165,0.07160372662370663
3.0684298926005376,0.0835359603510669
3.0226130652466057,0.057693845865796636
3.0384870124882415,0.0938501915608259
3.029251667800946,0.10090146628657756
3.0042057024124342,0.1572823626567523
3.175685977498061,0.2093447988189269
3.073264321066668,0.19088053142513892
3.1720328614216564,0.09821921736260945
3.109424875088772,0.08507929970364293
3.0986711682834813,0.21972627331855668
3.062122134333074,0.04471779040351138
3.074004564645922,0.16597184807148424
3.0971640514091088,0.10424173062574998
3.0946876985517253,0.04888972767247026
3.069592341138286,0.07451212965383772
3.107777897468299,0.09416322076125366
3.159478207737756,0.11469829749910836
3.119660760909359,0.07758949636654217
3.0317876503728427,0.211338345079777
3.038592210149036,0.12982565841513974
2.9964614401527183,0.16938611664190206
3.0741332027901,0.19968866671689828
3.166526548301744,0.17524276911008063
3.1437218506190883,0.16704001654989775
3.1025723384091077,0.12186568827581686
3.161724950598622,0.12108883066240873
3.1586265503938313,0.1181354474499636
3.050541549538142,0.11873996488146835
3.232895060134811,0.07211898778528653
2.9865880536994025,0.14507716992097838
3.1546685887233146,0.12325431223013969
3.1823880525432875,0.09278689403928425
3.2268590170090055,0.09288924597112667
3.3066737369471446,0.08727156169241651
3.2990528052183525,0.10399724619292178
3.106972289318991,0.02838149127181927
3.005497417520484,0.17673695700980518
3.0680965220257708,0.07754340002026194
3.1134209382892077,0.10366344483640673
3.177303459788547,0.09139346097836311
3.1861915517178523,0.10028712256537729
3.1441752119189714,0.10797888309202539
3.113851053420663,0.093595305983767
3.1458893856118006,0.09811025858774057
3.0703243261184805,0.12618943830988977
3.1586073096217553,0.10245795301260023
3.149684711978094,0.1102103140832969
3.0884278302695285,0.18710674201705838
3.1518502072092587,0.12986019541935184
3.1394061478850213,0.19276179229433027
2.9655204450158057,0.226708532040632
2.963460410975198,0.25659472093875235
3.035241795991586,0.15302352215896925
3.0333304897083697,0.1496263186931014
3.10517437354033,0.12133736503456938
3.159663640290013,0.10758539386085414
3.1626279995287265,0.0932250282631454
3.0803255992113856,0.09045501054436404
3.1064403615384584,0.11246416744997308
3.0421061017744364,0.10462153330240306
3.0112052963136016,0.11124823504933957
3.1224200883092883,0.10479559666530511
3.0666501027859496,0.12664763344510127
3.138161542974664,0.05411649536993724
3.1453224565118583,0.06919734847264748
3.0290486181763687,0.1987717097430021
3.0177879948105666,0.20462592828054105
3.1050657632900136,0.16811065880996756
3.149009853096875,0.08687618174321686
3.18807647823014,0.12021541174724365
2.904067576609363,0.22515681564874687
2.898794611739569,0.2607285798189782
3.242051472928189,0.06006884353507969
3.0483465854396186,0.22860723559932483
2.954886177669113,0.20085710408624616
