log_sigma,xi
3.0017053788197137,0.167363700112484
3.10542182459342,0.1655372452117919
2.942340484251962,0.05588095548944585
2.9225510602318483,0.11245915824722125
2.928600387368223,0.10621298709670184
2.9790141839161275,0.11868391543202875
2.902609106721839,0.1760657204706149
2.8355562132382013,0.2520182491082547
2.828479487995932,0.2748758265862577
2.8238965795021373,0.2944463778722604
2.792741094577749,0.2659493679733706
2.888430917956113,0.1641510360696407
3.0490320228584187,0.06725200370268448
3.0686764517441683,-0.006481958853332562
3.0768711060214393,-0.0451828999030315
3.0625039470718636,0.1383599627236862
3.02137674497912,0.11984512480352826
3.0582716684477353,0.09076880843668156
2.9511451097593935,0.07039349729782081
3.1432576420933893,-0.03926327568524542
3.1779280672027634,0.00815902598847581
3.172161809641743,-0.055424022611136554
3.221351599908601,-0.017991634430966807
3.2659600973429734,-0.05402188052314988
3.325269546435755,-0.019239912839712443
3.331045898973327,-0.023210295308201453
2.741745331919688,0.322314306551377
2.8007998041089013,0.33108862586931054
2.785174396117497,0.2461687284058457
2.7951297362402374,0.22715860643910776
3.13133887308095,0.13111627053732777
3.0659938481221545,-0.05641996606740169
3.2147829559516987,0.07328929152711627
3.2493094709314843,0.10671056390982606
3.141099136799217,0.09419905025085586
3.1318736556842532,0.015027540732988676
2.8829193822101544,0.15869388642493967
2.9114309774541853,0.1794268048394065
3.021415780093492,0.06258817438996077
3.054830602854933,0.006370884369245241
2.96775724564358,0.25239009756996605
3.113332042526938,0.18970133489180496
3.0999057197337017,0.1797486836018403
2.9315372601392515,0.23200432146057487
2.9492661343862285,0.23854542775367502
2.839260315602705,0.11951826651488497
2.821813742056992,0.10916520549204829
2.855330395932948,0.18978121329678296
2.9204223050868183,0.13726735836545148
3.068609295378051,0.04357766068872391
2.962322397685142,0.11271966446573642
2.8819751516585943,0.30126665227782784
2.827388360885104,0.08877167784608031
2.964860722953008,0.1196462557436564
2.880832259838821,0.1802150873659556
2.8983831921382595,0.17412818181461975
2.781528198032854,0.33058799946988104
2.7722233310153075,0.3710513440232649
2.971791760679831,0.06883188972862146
2.9241956035095216,0.06821748913008409
2.8947603126204395,0.27689899387848244
2.916633060457342,0.07660225690114056
2.9457871686185393,0.11082817288028293
2.906593608310344,0.16374687004257135
2.9058226631382205,0.11808184639614824
3.0349578330918474,0.05861308097420517
3.0623185859887765,0.06428906615560068
2.951787405739174,0.07503666705168585
2.9586173677856444,0.08770901166839253
2.9187654290980367,0.07803817002241045
2.844859998469394,0.2958069391195309
3.0463825701377183,-0.004716190421393299
3.096408552522189,0.0891364522065422
3.032660574115035,0.1565576635229968
2.9740267709473303,0.2415236429484507
2.996156647001237,-0.005714002842631847
2.9841338116075047,0.22866680126204608
3.272411599849687,-0.008488604138766105
3.251763404090311,-0.013968168851767087
3.2511326997154537,-0.07867510563973214
3.2302521739581307,-0.11088473387976128
3.254985423348841,-0.14451066416896952
3.126821891953079,-0.016189117937782462
2.918535281450722,0.16498635941615208
2.951326797059299,0.15979481469283233
3.001622609833533,0.1321636037535711
3.0398138322301667,0.1504037599087171
2.7617674290170435,0.25398366679102846
3.0639696478794543,0.12245900409901943
3.0665244145986734,0.11680030753552448
3.1320551048392327,0.070006255919363
3.0356819470538463,0.15653293127002801
2.8945687999622978,0.14700529208105415
2.875505954498011,0.24703486683623713
2.8576720368743995,0.14685850868452646
2.889919131211204,0.07774135834584416
3.0689052262536576,0.10309065769951141
2.6370577284515377,0.29921578771996554
2.7478446444963645,0.32029123031675144
2.6893167578238137,0.35350056518790246
2.698499823181996,0.34673931849418965
2.8030739846147426,0.3131243890650995
2.797643422925207,0.3154354649396499
3.093606574676564,-0.027768689055676855
3.046668752044823,0.016214956597618905
2.8853617825608344,0.09500207089085817
3.13412745580228,0.05718756159002001
3.0825237911349905,0.09284317880053318
3.0274773626403104,0.15695694084796163
2.9846620074826307,0.13197878946695757
2.787530664076437,0.1985988963345812
2.7556277979867065,0.2362894252762126
2.7849682960882207,0.27535277202578395
3.0594813533856096,0.16539077140030423
2.9692053999437586,0.1542568297506227
2.959787597811542,0.09938275369323657
2.996814399726485,0.17611456533071668
2.930511651454176,0.04809623406123231
2.9358356587849315,0.11711856967785526
2.80386920985869,0.2831038078117389
2.808484030825681,0.27788091528593467
2.8511365682150482,0.3205295514506599
3.0668142168910855,0.035770556006134484
2.9684922351937346,0.10380461164828597
2.9890951833892063,0.12098243362099373
3.131803301204911,0.04087216295055752
3.0127134359859604,0.05600075957287842
2.893088617168241,0.22695170832592068
3.116348631963403,-0.03843834124393819
2.8665558317827005,0.29437177152115157
2.868646031285423,0.3004782070862026
2.940296652074929,0.21232193222981782
2.955579082702065,0.21975544803936806
2.908687421400563,0.11023650362477598
2.914484383046033,0.07837245142221341
2.9886818134664743,0.11569875951635046
2.8790980010255285,0.22037526149769787
3.029411920032288,0.1593576228102746
2.9945778845258744,0.14274828912308143
2.969866772714887,0.09364501465130391
3.0026075657541313,0.060545606129090754
2.855827464485233,0.24263749489514333
3.003106500233785,0.05098872141200824
2.991717010460273,0.05225733140752036
3.1001541355843143,0.0653676127773997
2.985027746937012,0.0947957796733768
3.1595944628056563,0.02748639919492822
2.9678916741865002,0.016449830647607695
3.1357899762631547,0.06897329571653392
3.037121924905795,0.12847362297170264
2.8827453020032974,0.1808958223922729
2.9323141467166014,0.17748265610866618
3.029525937994243,0.03941910160617283
3.0322622761370863,-0.017944999610476582
3.106417122452833,-0.0058537813294987666
3.111695125045317,0.029853727662508416
2.9733797682771774,0.11108519785573534
2.968773890893775,0.10052325047218161
2.97000296613317,0.10058494823462388
2.9122237374160536,0.015800808012948028
3.1389419178417968,0.1169012700336715
3.126969345999585,0.10284685402226748
3.0636577227495634,0.07687969032695445
2.8510088538396405,0.17096899503028895
2.8842181681843675,0.17906931447498078
2.788000239999274,0.1280597841841703
2.750053360298767,0.24469876800009963
2.8602349527038857,0.16021070650102237
3.1776951911956877,0.17399561077912995
3.139819116760693,0.14104034724135978
2.911468813794652,0.15911576259230104
2.840160407980144,0.13444146065409338
2.8386762276551196,0.05735371605648915
2.806159967829111,0.050733060666723735
2.9186124984886344,0.1216375124112979
3.0029474435696115,0.07203112563423461
2.967675428672967,0.07887897729856597
2.8596177571071797,0.23547833141775318
2.8798986839596803,0.18898822392825798
2.938364739116687,0.14944968942217726
2.932346597127415,0.14746170126228314
3.0061569925873544,0.09225710332989166
2.98843799672289,0.0971008739189206
2.929409748553048,0.26325095161153156
2.8463892869936585,0.1494454285729807
2.9461424665053446,0.1307982623850761
2.8881568347383344,0.19913192830607304
2.935297062559401,0.21200522900101967
3.075487229735193,0.11598244519500714
3.08921609977835,-0.01608746377722893
3.086103471645957,-0.005092095843383003
2.86172039383564,0.20052439682071024
2.8403818371643967,0.20084261556001476
2.8345976972002283,0.17698954901726668
2.8229351297041876,0.15189591162609836
2.7663202496754935,0.19163648113815193
2.771544149689411,0.18879991133142401
2.9923617184230062,0.15990641639798406
3.082657649747224,0.005935930653478358
3.0784292957288732,0.001987353352464711
2.9768798797713893,0.14012895700444936
2.8632029898179456,0.17577607090391786
3.137762546123233,0.019366086990539585
3.1260949730964174,0.12308957063042546
2.9852418583099647,0.08851528971402675
2.9280541181279047,0.09480979696554133
2.971594600191474,0.09251848631179192
2.9385765580998964,0.13346608230785129
2.8044003755943363,0.16479849436349395
3.0777450534663635,0.05972444485170837
3.012763131087516,0.11881509808576357
2.7313992714385233,0.2384468651699974
2.7229896246913365,0.23981792201138336
2.775089433258149,0.30066547770379215
2.9159726085581013,0.13154817032560084
2.958087365255792,0.13579235178761076
2.9847008347903365,0.13611832581286412
3.168495322852653,0.1144377365168411
3.1884687094327977,0.07693467362163679
3.174628984417543,0.07033720431848438
3.172888799243411,0.07353702603223179
3.0363778970492064,-0.02515627412866461
3.145370702163344,0.093050058890381
3.0450815106704887,-0.0012688135959730653
3.08154221047161,0.02363130966834896
3.0009068859805885,0.09718522793324977
2.923780823728406,0.17338863497796056
2.926852631543717,0.17257115122433975
2.9586940525220085,0.10074242469356628
2.7512069045247713,0.24603138542636413
2.750686827988567,0.2746386430495482
2.9516568401739396,0.1749796366025492
2.8878743020070305,0.1368818447170416
2.967504699386599,0.18404384570725382
2.9910036098034447,0.08899360250644314
3.1042184477054477,0.06074739968923223
2.999037781854195,0.12900584597690623
3.0491406262382945,0.011772084481393287
3.1143761007404147,0.0792977998541649
3.10365256606808,0.06643065648534568
3.0577468200596756,-0.00420823950586814
2.9716722704188583,0.16926205741093361
2.8833382125522213,0.0006670872479149144
2.910460684520416,0.06407118044004488
2.9999463604319523,0.08854114431730291
3.0346204531789596,0.06300281968078941
2.9804018068046143,0.06052972197555401
3.075978499440697,0.011960098994614258
2.8727551788837005,0.1042847210061553
2.871976595229549,0.09657683576103393
2.8127262725525846,0.19327635721064684
2.870795011956582,0.24705848717671047
2.9266892585356397,0.3066159025128683
3.009426160378385,0.22117413830470442
2.956654295906464,0.1987075003841715
2.90801159593392,0.15715437288513692
2.8827675106092188,0.2799643409223934
2.81040419772757,0.32534140620423374
2.9469581441208708,0.07871213072933193
2.9274718180605297,0.06648410112014877
2.869339986611778,0.32326493068760126
2.9020657666920497,0.05817984842697256
2.843133538495903,0.05279137404529303
2.871819686425389,0.09903952441124432
2.895501023650268,0.17033336342206018
2.9305898919586046,0.12369880160768004
3.0833743295014546,0.025018086082097938
2.9240011877476357,0.20588075547314413
2.9465657042594247,0.2321824623255598
2.9382090410404524,0.048067260504996163
3.043298656816053,0.08725229373487076
3.0912358768008152,0.057140855302035186
3.0787012222517722,-0.011723833169799244
3.1254789953091433,0.02591703717280536
3.1592343045342695,-0.020348739064957117
3.0174365179668885,0.07389962588890038
2.903668988096766,0.162025441264313
3.1711917770039584,-0.051865101092176596
3.1619517653703184,0.010766837445668686
2.8248131716492577,0.13021165290094167
2.921617844461232,0.11170679946136233
2.88038187684253,0.35426269464834215
2.8286175021392235,0.26336319393238106
2.9817280375545305,0.06936865751009655
3.028529480136071,0.07586077014908557
2.94695241193237,0.15268803540009268
3.038062464540395,0.057598646783646096
3.021299003541997,0.02871977051635138
2.8563744663962947,0.15276904645615033
2.934168170420986,0.12207381597478544
2.8849460577144748,0.21127960444869992
3.062067625785968,0.1315590687309444
3.1116090364881765,0.11619903642526785
2.882676899722294,0.11997769463406581
2.8789773372454435,0.08591908381939425
2.9207638882230884,0.05908529370924918
3.0304549857339955,0.15374052470903796
3.0064741065972114,0.045135741537115553
2.8097870676786223,0.22005503821155123
2.741820441214139,0.10768381373732025
3.0284785777891643,0.22525048085591817
2.987965517181125,0.1882196203615359
2.871549570545057,0.22482866913253033
2.904288735594415,0.24694752186032765
2.780810375182511,0.17919475458128784
3.1433655948026282,0.0978850010061328
3.217373329225744,0.03141957385528708
3.2495407326689225,0.017959692794763234
2.8540272015292163,0.13860308341151734
2.938186641760761,0.1716063896882455
2.898369437335613,0.07347465542835695
2.8745371314416777,0.0646359971737338
2.8308917612755127,0.13971913749660433
2.84054209734728,0.14047910204729988
2.861045369043056,0.08130094849345686
2.8531921069080517,0.09337275519669005
3.149305058238579,0.12019055684200881
2.8984816450455337,0.02838642004158755
3.1333261579301643,0.11076973481292039
2.7414170141036993,0.1827187445517462
2.703921720455594,0.14077426429766704
2.9767784337365932,0.3487422171381338
2.9300601937503545,0.34053712476796927
2.9164096803324924,0.3333743117518098
3.1692047855775014,0.09055945114410886
3.1207926242384842,0.09741960668511522
3.1302471182728353,0.10414164935787319
3.0512132918677857,-0.012926294265981327
2.878669940666596,0.2712381808130139
2.798979620681598,0.2134107533915401
3.2167104613701567,0.09345843554949772
2.732532572237059,0.16706405096438784
2.7379872425706835,0.19130732772874018
3.1393082109771444,0.06999979395119561
2.924496707188937,0.04191065037189522
2.96595150459751,0.1184044489151608
3.062749664247317,0.22578412499417652
3.0979844902070055,0.19847222274324022
2.6630695664666066,0.19847348128200096
2.6670852747919565,0.198507101541307
2.638427345445757,0.1861273735372295
2.990393983067326,0.3936405085701797
2.9620481577197064,0.3642956568491146
2.8944707738690902,0.13043777972631238
3.0022849067163087,0.12089351983833418
2.8054150182095547,0.20447352009097666
2.8129956043091062,0.18824726399164263
2.865651940530406,0.13991853898733067
3.0189620014985654,0.11849826730370211
3.0928868323972036,0.09770042178845767
2.924059277417941,0.0822465768883853
2.9502303285974785,0.11346536847776101
2.9331842156241144,0.17308228591852118
2.9403204772737768,0.2324526559117689
2.988652845589717,0.07841075053900423
2.9841403963950417,0.08208233464065402
2.845464607169915,0.1208063169183881
3.021481120503106,0.11001731910105624
3.1683283492164844,0.0015089423583411555
3.1792517556853768,-0.011499921943167379
3.175379807621008,0.040561938601549996
3.145154560088654,0.015561667785709147
2.9698299025507193,0.10669636216211714
3.0757624733590827,0.049291999321607605
3.010299370597103,0.08760256994973527
2.86633773011841,0.22346053771942748
2.865952788697345,0.21583403813022128
2.8170478028393213,0.15750593145830083
3.0838937943329245,0.09104410142602132
3.1790458928862284,0.027015171076127307
3.153983962684307,0.01366900934731009
2.88235576893426,0.12685873953627683
3.0251276106599048,0.11757891137404948
3.0007097340760205,0.20196929928411952
3.0808512336152374,0.14470497578541824
3.0545067083925996,0.11748111448893547
2.975447638165582,0.0799780724336604
2.9298872173537758,0.13703128944662543
2.9178952105051446,0.09056127149640776
2.914633912856743,0.09102327115120923
3.101655701068435,0.043712006953079224
2.802291044247966,0.21638351277029946
2.904257624236353,0.14615926832230108
2.936610335881765,0.10392898704181583
2.8799374395725086,0.08254320645458291
2.9071091550852852,0.05628649251482618
2.87865871106399,0.20601145245161948
2.877108174485163,0.20058413264902894
3.0306766393478886,0.10197097675090706
3.0448997757420293,0.03791208114301152
3.044549769678046,0.13416295204397297
3.0362195830104763,0.12380443758267563
2.9193111056844305,0.18348078979357557
2.891647322015907,0.13530410941465956
2.9067830039047093,0.20242898465827724
3.002842042300851,0.1628699049922701
3.067397880502329,0.1299025159204928
3.0004681679204315,0.19512092751217833
2.9699970518281895,0.1820003195664933
2.881672561040311,0.13631637140055827
2.914630993054746,0.06904629405258694
2.8761113215843648,0.16121501065209926
3.011129066765886,0.07480023006961176
2.9575032300826383,0.09759727563670406
3.0983745420956104,0.04140455653738976
3.023890845864083,0.034817993606851345
3.269858535942332,-0.04288330744420789
3.0606827733560658,-0.017341757964426878
3.052234634592338,0.00873711815615778
3.1881663293306497,0.039861380597776976
3.1820976141374437,0.03343121249103496
3.047765682337568,-0.003037321294457704
2.9492971270554267,0.16193225365404407
2.9426568976354526,0.251452799058166
2.730356283706979,0.2397733242782037
2.6717100117114523,0.28078958719400227
2.808648922808081,0.3157470605114241
2.9621445314789914,0.22947181327373298
2.9202548126573493,0.09155574591113438
2.911944790185362,0.08778795492162278
2.8840669388484237,0.07887360713763754
3.0304013478198124,0.0375945258148711
2.850764392176977,0.2330695426697722
2.8372828940274815,0.1954162514378015
2.9051493685582535,0.15465555147956886
3.02361912403394,0.10605687132718285
2.9379889022135925,0.07970687300839084
3.0876815364808645,0.09064291200021957
3.0867848068386015,0.11294471585304751
3.1050243526079173,0.14556650075902705
2.7319746329353163,0.16934178713756048
2.796958155459758,0.3058346114595344
3.0267025274244204,0.20851504191411863
3.084970096328761,0.03595181553615562
3.107080456633346,0.10909869357584338
2.929414353368798,0.053216829228981875
2.9839339816746246,0.22196961336160936
2.9199174046714855,0.15822814611355399
3.0005325464442127,0.14758064422460623
2.9899608202327452,0.07941435441669764
2.9626754529752284,0.17985503558049404
2.908889070925917,0.17760950978759624
2.9416478023550985,0.1274268427263609
2.921897042528624,0.15750670338725256
2.8751881813944045,0.17530176313392787
2.952273569250338,0.1573518937915529
3.0457677560159784,0.006499644224767299
3.025185224106601,0.0538303543865996
2.884284071221803,0.15542212872601371
2.8966287065725624,0.10720499975732344
3.1606794535191054,0.03469114420740324
3.1681189185759013,0.07036883003598053
2.943752989740461,0.20783023054303756
2.8682844949616957,0.14883275736939292
2.7231555394088907,0.3436723514824157
2.6209658338659145,0.31599466716121394
2.6554759882945076,0.27861847125086014
2.893198396182289,0.23725048451349562
2.9069114984153277,0.05681680311897401
2.7861809020702033,0.4336487762160404
2.8572967418881,0.27936947442029736
2.849325773465743,0.2769094559338165
2.827351836928979,0.16726696155609802
3.004207085950888,0.12287411607584059
3.005805825353228,0.17969556231403377
3.1457982811046694,-0.05118653205157533
3.1595763154918415,0.010327884291702397
2.978143804107121,0.06708244343676766
2.8963749533452305,0.17220533214252257
3.155822969380047,0.013015840347914937
3.017059866805308,0.1505835884695657
2.9305600753354417,0.1701145974670081
2.865341222719622,0.20004321181062756
2.993487460325614,0.2144599243663411
3.002043644592795,-0.002978344644033767
3.0242380195490672,0.0030755102984641133
3.0180509721904825,0.021447633164007066
3.0183307114847997,0.023236826589637938
2.936267989456357,0.1537388510224062
2.828198943879848,0.24040601507527717
2.9419989039589884,0.13053108387973822
2.988180881963813,0.18911463093127587
3.124679447764591,0.09506418414793902
3.1066923465463603,0.07271653844568435
2.8817629765695916,0.1504160527319334
2.8772527832928936,0.21028434026132914
2.87915319663976,0.08058052993830117
2.9630223164053127,0.09698544080033121
3.138150916524426,0.04930594840744088
3.1362808653293284,0.04618874395014343
3.123946900214876,0.049796264226866026
2.977714996928387,0.12991790793996183
2.8739342466556397,0.16899542433393272
3.1495140185271424,-0.002752751408561351
2.9976016411756112,0.1014450076043038
2.9797466396754433,0.024285288651234395
2.981487055536064,0.05126509364724596
2.975438038130982,0.04963607684258782
2.9277401878323652,0.22802853413244814
2.9373939670747,0.1717553192818662
2.849806965791747,0.1807083520173455
2.7794048553755357,0.17948372591842945
2.8003360037627774,0.18242339125405377
2.9995246723478086,0.13377596364604052
3.0551485461522385,0.1167149142343956
2.8457955178390026,0.13827186533034647
2.848502070232114,0.1038424432921915
2.8973727855906986,0.14164958731463584
2.8886314095926777,0.16179017577604637
2.9791202922011997,0.11445155128796536
2.9957936293624012,0.16590878392638894
3.0082454209327802,-0.020690721630769657
3.003221370262155,-0.03157882125137019
3.0085670130411706,-0.033961944449264675
2.9654498046324114,-0.006165793341339484
3.1538533855245845,0.07213570247695118
2.8022407633231716,0.1515765273668881
2.9794204704541825,0.112352773433928
3.0688808414739124,0.018376381143977664
3.088024928192163,0.00729566292404378
3.0909090276533675,-0.03716631961606936
2.9586291762578796,0.24176913137122627
2.872889165169472,0.10815768511269407
2.9069040306188354,0.17055564707822124
2.937280560148022,0.10670294916202146
2.95086935639123,0.13268726914001838
2.9431123941634927,0.05576494486445798
2.8557386431265583,0.3556491927881378
2.8926756382527055,0.2827875273369051
2.762184082893484,0.21499949792043171
2.9230989753979375,0.16643803578210514
2.9074120434254427,0.11747917718193926
3.005346757805221,0.14592565091580575
2.9288502408025603,0.14307166252885217
2.8982062553508308,0.04079793968762835
2.8821226396719113,0.08548853033675037
2.883064215872506,0.09404981649315033
2.9500033481924195,0.24286142360390228
2.823664046766138,0.21237073644477608
2.9624988858525114,0.19892446952629714
2.8081680747357507,0.09311840544658166
2.8076505311354167,0.07604224747868708
2.7782690653912905,0.04537320099644661
3.39051658937115,0.047756014883798444
3.044969249587208,-0.0787782545438151
3.14509635557223,0.02610512904709504
2.7513988787373673,0.24097879642161976
2.8157934356479752,0.2351972151801976
3.0092853333751663,-0.03226698320324085
3.0321653561891044,0.12130382283925598
3.0248395178405896,0.24558416397734437
3.0732957783244528,0.20286899832344096
3.0382873798919006,0.2022152197297395
3.004595344149295,0.1610330827495688
2.9504441995344903,-0.012264003029292913
2.8909685628594652,0.24282079679331098
3.0101128770129626,0.05547508988341923
2.9548329066267085,0.2067472629538806
2.8873214020961546,0.17439463207172873
2.9151088333816393,0.11950027035881877
3.0782748732323535,0.1118428735309166
3.0592224926478533,0.06479378340603577
2.9559478229395766,0.0867019869933605
2.9109458999092044,0.11236196510400831
3.011676803573781,0.11236085924078491
2.957173865287676,-0.0053240643485596255
2.9994226127531536,0.05602405797970041
2.9066481086717944,0.16744222785812304
2.9187068218914454,0.1577375813491811
2.9332380318090787,0.07394469150868685
2.9476493921673526,0.004284263442945783
2.96950705706462,0.3278251925279387
2.977026718968159,0.3436449651059339
2.7396691886233584,0.11330363576015562
2.823683793179453,0.22399290465607063
2.8008713532323752,0.12845740497899746
2.847521052759059,0.23263848487995456
2.9836548619384695,0.16577474959824676
2.9145954036121227,0.17007535793431136
2.9401731219814105,0.09742611854595319
2.991461955770684,0.04451580419635274
2.9069271420535876,0.0988755300971439
2.7219839250617706,0.2969252117106444
2.823598482221799,0.14066269270317922
3.015747103839357,0.12719858013390248
2.8979667714114505,0.08703872577759263
2.96999623887793,0.0835557823331906
2.8872975471559585,0.087097304617801
2.92827213545018,0.1106148761377118
2.987889769608974,0.12768989254167162
3.0820740203084225,0.0026221273018797423
2.888106383365511,0.20244979332803642
2.9660978476768065,0.1826827013792141
2.665794895343861,0.3361133186115711
3.232654613427078,-0.0038191597786155556
3.0516490094386004,0.0823951472562117
3.0278831552185532,0.04215777870010351
3.1211925876021627,0.03526183304279223
3.180826119292958,0.04880821328002386
3.122083740890236,0.006741291274030506
3.1763981884258516,-0.010729929461204463
2.7738099768102726,0.2353049294231166
2.9608324089848868,0.24205796983703015
2.89749466586159,0.1791941503564726
2.9326083526816213,0.12887109475547354
3.038067770531957,0.1616561119272105
2.8979147671284595,0.14382370908344216
2.8925802312946463,0.10814211378284395
2.856664295666972,0.20041843908678086
3.043913927297434,0.20331983169491682
2.978063050691179,0.2527021261100714
3.001856731948582,0.008289331362792545
3.0111496007058958,0.030254128902436696
3.1516911232207323,0.04308037623165049
3.092778082797951,0.05394316541690003
3.209914121043212,0.04603810047859491
2.8145302054822046,0.1709460661129245
2.939313056947262,0.21203175083791412
2.8304687493078484,0.25756428734726783
2.898475665736561,0.2615951221557922
3.1272394038527223,-0.0018868880087410521
2.8394628773477435,0.19345336040307667
2.7450397693483053,0.3594712717631072
2.832250065087436,0.30929913171820267
2.8712568771436677,0.25952145324742615
2.9213621011743784,0.27775338373859143
2.960386841740987,0.16880989319002823
2.9417144512695623,0.06400751451266215
3.158695366935625,0.1149767702328874
2.7959065404301424,0.11581537986005747
2.794384351337974,0.07065034465241914
3.092343248885822,0.18292406267822764
3.0427377017010793,0.12783161444383515
2.846117235098606,0.17509751847410523
2.9074883685121753,0.20031613789624717
2.92304127167726,0.14295518808649266
2.883484978366862,0.26454466359100476
2.7571893870984496,0.29016900160218656
3.044794797824237,0.05975002656718725
3.0631114338908128,0.0022845128823817873
3.147580567612604,0.12607242170303506
3.1494662531533657,0.11117365826545535
3.035212110209209,0.11018825161268092
2.968534684909071,0.10274469237804833
3.118290471311337,0.023385290997627078
3.0185964471692746,0.005085010048670754
2.9891303292661577,0.16642543328348813
3.014321441776858,0.13500940286040464
3.0519498730814894,0.012389820641912271
2.9572226442628113,0.1524925138202973
2.9519450401066303,0.1549616892082183
2.9491081784766533,0.10819661990236948
2.9695911498735446,0.09057141434500632
2.9846936545665903,0.13718316672568057
3.0566523148576255,0.04702506775400954
3.1112461641720977,0.07364226009852179
3.0737629291066186,0.01255496382379913
3.070935911580898,0.009535227192688336
2.9963164170506715,0.04645708946351485
2.803730727185728,0.2546971098052146
2.6137559669463344,0.2882450959795402
2.632599805327296,0.2613184568381058
2.6542353272741446,0.348801486609976
2.8952962132696656,0.2579007938879585
3.018694100529166,0.02755398954358382
3.023386367974675,0.016451880034731744
2.9054908021840506,0.2321092115404037
2.942900970555655,0.27591269746635194
2.9629556300068667,0.07068400487646855
3.035119529781689,0.16298360326928363
3.0139725396655774,0.06327108021299167
3.003172047700826,0.07552656432590377
3.0534539272067205,0.053385609594614095
2.980672434549453,0.09656939632547352
3.028258358029443,0.04229345607884832
3.062005111099146,0.07893553877104632
3.002435048432336,0.09157921145093642
3.0183556780340126,0.07744912180941614
3.0034148409231145,0.104864338649496
3.0379133415210453,0.07180807536237367
2.998962604144237,0.05131867776426221
2.9809878367076497,-0.007600649209534083
2.9287175195678965,0.2545743000191171
3.0467463227850438,0.16474802755808732
3.1160132096580133,0.14832074028786232
3.035379026155191,0.13722676388518074
3.05623114224012,0.1029175716775241
3.0657946243241385,0.061609482618606284
3.0479024404729578,0.06606669622004674
3.004767783739908,0.10424096159289785
3.01005335206921,0.14051602146460965
2.9246642266263927,0.1612339257428607
2.8999063318316036,0.144821832796951
3.0147929256579467,0.1831449240312196
3.049983310676846,0.22659091179470517
2.875964445829626,0.11105028852527665
2.9592064962446654,0.11349554341238648
2.969982898281154,0.13420420332110874
3.000286535022132,0.04410004099525689
2.981641744970645,0.11279486014246708
2.973338561506406,0.13681739475471028
2.929087289131962,0.16974456561461623
3.0921157442012404,0.04481679482889854
3.008347621178652,0.14891494909269068
2.9746463797262774,0.09524078877081207
2.9022398096813076,0.14808591730606482
2.8972396781959264,0.14667632186053897
2.8961231963623777,0.10718382575176613
2.8843417651350727,0.07702588063257503
2.920838706002496,0.15661278055143268
2.8864300064715054,0.17394848069020366
3.0219917289554745,0.11749785146107455
2.8350840244948508,0.24892429432845325
2.794483929779656,0.3691104237194665
2.721232048933418,0.17548247105249867
2.8381040258153467,0.23842054004138738
3.095242588827825,0.010060269684495367
3.095242588827825,0.010060269684495367
2.8330773783506906,0.23299225756004377
2.8345853120309497,0.16201260791020505
2.829066680457922,0.22198652901342672
2.8456173025634963,0.16879862753512942
3.120324546458578,0.0552345220242986
3.1293837944561314,0.052155150672196754
2.7602187098184445,0.24409516265397943
2.7062585505266217,0.2409476189805003
2.7990885185295085,0.26252784952698927
2.785812448636133,0.2579227895713934
2.82501336540367,0.19645707459750697
2.9090516104587443,0.2195886235883813
2.826580351880972,0.31456745841517975
2.956136330996992,0.07627356272194298
2.8779136702711714,0.1066891466949409
3.03202302399114,0.06451767901475262
2.9507117391267217,0.025435642535924088
2.937383806892081,0.015809263396796284
2.8949809126741304,0.04478641936069543
3.0773011445699856,0.0006233718692674003
3.1026536129098816,0.18304582910509978
3.064924168541536,0.14760146583637457
3.0330385399774635,0.07184077594487254
2.970798503686184,0.15465623613126675
2.8998611818342814,0.18041205853763911
2.9921386137439825,0.1883944637236291
2.983081221047308,0.19241789074918988
2.8912528011787053,0.13422823786163557
2.8578146541070253,0.11224791678583658
3.1347001537454213,0.05111841231877689
3.1379857370292044,-0.10236466841544864
3.1073579776040186,0.047232212892785876
3.1217833355030944,0.038004273393301403
3.1999546220573634,-0.010710621653448917
2.89852520273685,0.05530091157536926
2.9728399174380464,0.08076715377308327
2.9832275589631667,0.1489934208780042
3.058095186989977,0.08251804017047813
3.0363897397473125,0.07192103964459294
2.8812154238297625,0.17569554836319173
2.9194649289327823,0.14595018277520552
2.985426070933973,0.07644003658121612
2.9921989739918318,0.03506455197392579
2.9852238394012165,0.13983388259380558
2.7724268488447237,0.257060057093901
2.9152582704276133,0.11886361338894105
2.8332220864471402,0.2084141000116187
2.940901597609215,0.2405105097118653
2.966983299545909,0.2251695813779724
3.2049008749592147,-0.013567301779708071
3.0172472243351804,0.0374085390502437
3.1391519763977955,0.04426281676053728
2.8621372691414746,0.19356436934944526
3.1206017434970215,0.02141149947437481
3.001253902830068,0.07053084631385685
2.944197752435675,0.07089410655388707
3.120717821582052,0.07142679370654435
3.1995345897347773,-0.029346965679986976
2.726680384735277,0.29288605406206314
2.900629539831825,0.19777157111851582
3.031635989433884,0.17957430107816155
2.9285235189776997,0.2163160242896444
2.9411874538658176,0.222858775840337
3.075407365628971,0.09112572252679757
2.8992410585358916,0.029584588660335455
2.958472536606055,0.3198487884985474
3.0436327802813934,0.3684896919958714
2.6286247869832318,0.163732126224503
2.6127315923160284,0.156710752015157
2.607006181574934,0.13563417115737336
2.5964251179007753,0.14063298105171812
2.614896241510029,0.16633993422580814
2.783305204515391,0.3005212199849105
2.9238658657349963,0.20802179259026185
2.773750754887944,0.24579507824858995
2.8269603314674048,0.29076518054262523
2.9784735408255893,0.10170213667968289
2.9775543175684653,0.12436418188795473
2.981284709879933,0.05956617351431325
2.901183126503951,0.16755566386154136
2.967809255283661,0.08950452618406889
3.0197365918736705,0.1068620808528871
2.9326669868215585,0.1300627552018345
2.886588610720494,0.13488088447696686
3.0015539287560715,0.14245402886416636
3.0580314493121166,0.1451420018837139
3.0812738163366697,0.09909087094665023
3.0777586075951624,0.10170457814754524
3.071727517960067,0.058919559435856445
2.890565836779327,0.170506900596012
2.9842296136089907,0.047024090010797034
2.936122204166382,0.022795147361102282
2.9266347836425384,0.16319665648627216
2.935854039861416,0.15551492642748507
3.0755575640184785,0.07898955018563569
2.9818402977523846,0.12238460552318901
2.9317941814552,0.0726515920406749
2.9971359142148266,0.06122994250745738
2.931760813316221,0.1583237694838794
2.792409919463789,0.2717897179263798
3.0452173794452686,0.035656525038747625
2.9439719040908865,0.16317097718226953
3.01252415262865,0.1980109807757963
2.936666702121964,0.18356552616677915
2.908244369542678,0.32095555307014784
2.90780759290666,0.3235150873613385
2.9943971736889594,0.19088121965571586
2.825599563447175,0.14177486026842284
2.9267324897070033,0.27760308303966746
2.980234930338751,0.06248368171512404
2.9926387105721037,0.1102049427386003
2.801039469044187,0.13147966170929978
2.8635266632359,0.131659199766839
2.952018450272417,0.0825150279849213
2.9801259068106574,0.09578420917016099
2.724187789173627,0.3202720469719941
2.767202601129807,0.2564525092749749
2.7980670622192347,0.19786750694939445
2.9388004314713676,0.20887934748070025
2.8769964961668397,0.1505606585960245
2.9054675545642055,0.12626314510687922
3.036327617968735,0.15232768005355676
3.0028984919185175,0.14115771303271543
3.0372315713926326,0.11147404632430605
3.1656200698670753,0.025883848224062776
2.9283277943702726,0.09616234262730357
3.0275752702192484,0.10574525231497611
2.9537258929232992,0.14235806629076575
3.0388304784697064,0.18638049531689885
2.9880340171839936,0.19939675229399978
2.938148862701736,0.2020442321867946
3.069650818639902,-0.030482117864560884
3.0031578395522596,-0.019342927611502955
3.0020209503782054,-0.026168796172869407
3.0077089546939595,-0.00878394666564558
3.031952121573186,0.14505766659756686
3.03935157887352,0.15293470411733362
2.946448211475176,0.2794947848929142
3.011432078366674,0.304617563177037
3.012705290289155,0.2958489013081872
2.84088014910965,0.290781317069988
2.9417615977786857,0.09087688289167668
3.067440546606119,0.10797226376887324
3.0173695942689887,0.02364036241979736
3.0816629892515137,-0.025735724576523324
3.01018476149498,0.0920234637088969
3.001536232854233,0.128871555628675
3.0005573171279387,0.07961890203175857
2.8972959916548,0.18905685336334183
2.97657034232797,0.07521626101305873
3.0030269825511686,0.13254364362140783
2.9972516487807455,0.12160798477185315
2.952594400419121,0.06363206206522591
2.9686859451966763,0.05744895412681945
2.9159062586190205,0.09798104776560618
2.918563018199891,0.06091990972131582
2.888315953650098,0.33390184406110457
2.9683683508723115,0.1108040188482512
3.0467467236663626,0.1675660349714765
2.9053670824552995,0.15650011324346447
2.8833359841258304,0.17932965246641105
2.937614366527981,0.12935002716470947
2.921240819982604,0.14679038874434203
2.818190620747155,0.14177780648916646
2.803313905616066,0.13142303614947667
2.9735776255971977,0.24677561056673564
2.8983086121370967,0.05639520489226205
2.889541586182816,0.09021148144544135
3.1355332895204024,0.1482097801385875
3.0960950777578566,0.16317469203827614
3.0437955887790844,0.1115079452680818
2.8463467254725616,0.1735991547553625
3.1104023685769158,0.05888191632670009
3.184229977966776,0.1343889502153444
3.102016826582213,-0.0013443733776231518
3.1619991308897073,-0.03184399680751047
3.145620569657509,-0.04647532896010259
3.1444046252002753,0.0013888013354709575
2.904149070079507,0.1350229243975694
3.0125058977257355,0.09180064033172922
2.9851475884982173,0.10840772834666791
2.9458462307324678,0.09173462250329316
2.920869827243282,0.11606159619911244
2.920869827243282,0.11606159619911244
2.980911823556133,0.0627130004276405
2.894228026180528,0.08226411340353253
2.965177900074657,0.16765973030970918
2.8579379586324203,0.15714964364235673
2.854114253897913,0.21074680649004643
3.0848730603424213,0.0029282443558413503
2.819779988051356,0.29277794353193287
2.802566348404434,0.3159735575613136
3.0567514627174326,0.03384732155790952
3.1968490884739023,-0.013904693124694839
2.907499300359554,0.18337007533203625
3.069273389286337,0.18311765616959597
3.0050386989777174,0.15620410660760886
3.0922568800215924,0.17167071589695243
3.1080780098346388,0.17655008867864597
3.137210361268195,0.06274518152905173
2.8074984086858032,0.14370274984836198
2.7815434044510114,0.42924362052240816
2.7973094909720593,0.40767970006797777
2.80845878309799,0.3802082993423773
2.80251045013361,0.16439507544474943
2.8121740317553363,0.17716038644959928
2.819910633006845,0.22611753639883608
3.031553616657281,0.12109980422524563
3.1912238812434235,0.028412538265695734
3.245884837104673,0.03426661246623686
3.054897657536772,-0.039233391202153786
2.8276688300072106,0.2908531228351424
2.840079876305142,0.28068544648674343
2.7846476777383278,0.22692565344202456
2.9856206383161186,0.19752076670696836
3.0204312372102784,0.1791511520430488
2.7699654264524187,0.14420078394731317
2.801111775066007,0.1636729416794531
3.0459021266711908,0.17945155135987717
3.0432284711677435,-0.036910232410681275
3.0163513850116086,0.2776916387953911
2.8276435434048914,0.2808721591964251
2.749689616471305,0.18372627175045525
2.80750000439623,0.22513127785778542
2.9893853976489786,0.12608095648573606
3.021844589068657,0.008836152409184844
2.986900747234332,0.032285971870284605
2.989840099037434,0.24838719495269668
3.0217692553305464,0.29309980407580016
3.037115970673579,0.09890858453818863
2.945453400885609,0.1270773379579801
2.8574906546914045,0.2285419124726555
2.789144305867408,0.25755980930122485
2.7580291812571143,0.14153021635511812
3.093272892229481,0.17672411229967486
2.963998726626366,0.2810575101597023
2.9300243379981983,0.14307841987493192
2.917840286770526,0.11337498373372747
2.9359135232482707,0.19277586508882896
2.8677504815830406,0.0916176820260402
2.900281284227308,0.1288612706194294
2.8889248342393774,0.0836949150810323
2.92367549393787,0.14070977115252237
2.9960988025898065,0.22041124098575327
2.856399903879324,0.22163048305408675
2.9584246050247103,0.23008074075684146
2.8335826874318095,0.16981059954553845
3.163270979408136,0.0512842422743958
3.0777142534153357,0.05240781939299115
3.0394544972915796,0.13428913764782457
3.0136862237733046,0.17506039506742826
3.0419597400527434,0.1549591825214071
3.2837908452512408,0.061073187645934314
3.126527898179065,-0.04629505197773463
2.9421933454411477,0.18023041018148567
3.0795669184235677,0.10307162786980759
2.9523110339663305,0.06460685180136748
3.2559816489319173,0.015248646293078748
2.966198610113274,0.17205008879055125
2.8813395884720725,0.13615911835648434
3.165913496810158,-0.03477352993401431
3.141982287637085,-0.03502883057083968
3.04880113271296,0.02969824715432862
3.0709228486340496,0.05253973427512187
3.11028535999865,-0.040324401127263286
3.1488354356814745,0.05872249327696574
3.121562141501876,0.033805357597962146
3.1174604300085775,0.035110439273011274
3.15878518559965,0.07610850297185419
3.1763983664119495,0.02801235997801282
3.1036164929104446,0.10624913360848016
2.977458374147146,0.20078501098466203
3.0663335888764265,-0.0063301736665868505
2.9815654479670926,0.17081186254097872
2.957459169977595,0.152920902662124
3.091549505123893,0.07779771200722409
2.9545114062803095,0.09350316417294945
2.9943355171654704,0.07924436003529804
3.0095284078826032,0.07403083776328301
2.973466698500561,0.12370941357348642
2.9843657966689063,0.08463919402134129
2.961859476483521,0.07727815008283716
3.0139641771794623,0.018201136155927545
2.9966790405633414,0.1576071612912709
3.030582524683896,0.13947945898665842
2.895216053221738,0.10727694282714643
3.142425195623123,0.05189965422506737
2.8233226461252454,0.15775326788073235
2.805365964887362,0.14516993404585982
3.1447825810339705,-0.003420172476578849
3.0939591725849223,0.007744723738101499
3.1225340226112004,0.0006576633010060061
2.9651734699761394,0.18796356337539286
2.847388823187192,0.1956901941475005
2.833048535927417,0.19390739163659199
2.858322456356113,0.3842938815302444
2.8554634735957207,0.3304428368524311
2.936147904443663,0.24137377864623327
2.995970698539546,0.23758716040540862
3.0813439785911507,0.26609753348587256
3.036850229871916,0.21703852537957538
2.9586338831329053,0.07544724930120623
2.89455520644529,0.19533446584931446
2.8696037457394876,0.16419775150092927
3.2091031521976823,0.05139177092216916
3.168511940216367,0.08346291073503927
2.850256686454959,0.09990564806966917
2.7622524663540666,0.17934358789918475
3.0954071636692126,0.14341951866726557
3.1551353798593906,0.10758561643500263
2.85239810998093,0.10728403645454451
2.97470723986879,0.20390428234744154
2.9576909835886265,0.3480758483109182
2.970387495475162,0.11583205130209563
2.9469367212402813,0.120721998568905
2.93905799283532,0.15498940727803354
2.95296567669109,0.11409338737673823
3.0450395828573398,0.06566824035229389
3.053160320609121,0.1574997427530195
3.1085175049172555,0.12265339760173066
2.867503149561663,0.22559801328029688
2.813420308509976,0.17865700317962765
2.814716017765069,0.24712234570175545
2.9472926512789597,0.1964233596353175
2.9348308417335423,0.18398406188246647
2.8851502753957154,0.12273308240298147
2.779976778130283,0.032727233009808974
2.897300586360024,0.1877998907822668
2.9302131121159745,0.07569979481118293
2.8962175818429023,0.19438406445455367
3.0608321393092783,0.08691728253589326
3.061047894139334,0.09314576865007629
2.9703097701244574,0.15973454346951343
2.9974856610513605,0.17149146955012914
2.7508863606715295,0.16242387982028927
2.68727010691089,0.17015059569329674
2.6904920931358873,0.30197076965178965
2.670600735487513,0.29918394038324914
2.664971499298042,0.30235040844950467
2.7200194274438494,0.22184583014474818
2.9297546895330977,0.32045270645545193
2.9226151299311955,0.007353812742224506
2.9189465982565155,0.020916828606990488
2.9071116126213536,0.1542574370776391
2.881634766092101,0.17134910220966673
3.1115682918646788,0.022019981400441913
2.897023125623738,0.1467535447459662
2.9820096172306094,0.09891937653273643
2.993464729334901,0.15250969899329114
2.9190929565946915,0.13151485943320143
2.9642514637073956,0.037605321512410465
2.9940620756209326,0.10535206222965111
2.999348545320182,0.14296667336020755
3.0708412541448027,0.1285223561696817
2.751563950744786,0.22013673423492958
2.8397837979908074,0.19286114949402744
2.967536859795319,0.07065783943867245
2.973493078519302,0.24341366489089847
3.1465816525693535,0.011740214546645839
3.259162200027593,0.0005640947416734175
3.211856355424372,0.018035634152532593
3.2459822661348943,-0.11625589785277489
2.822047380352809,0.21523808375742434
2.983105078285126,0.22505145798123113
2.9756647313991853,0.16137339352252514
2.9834131635886916,0.19126478479659775
2.9298948281143105,0.13301728179166045
2.934766555526542,0.16751264596720958
2.9346870580875293,0.16251244271921134
2.940325898673895,0.12425701011023296
2.933003234586005,0.15067535927469264
2.8954151806459807,0.21073925203295943
2.9830116611020907,0.15368132421675074
2.9435896861792883,0.1232632477688662
3.0214021324441647,0.08933500021053897
3.0288785491875263,0.09167553657202264
2.9972514619901127,0.051832896263981736
2.943720628769566,0.17115787781129455
2.9719564512021677,0.19560383377568036
2.9606443172870067,0.20695422043185593
2.9597908066880727,0.1912676998390967
3.0172555679777733,0.15523846009892783
3.016236659650434,0.14986591632404825
2.9370866729420038,0.07049154887055269
2.9621150176991833,0.1564246063629847
3.0765596626198914,0.2379631341877707
2.8034987417308828,0.15652155236756257
2.7960503721359222,0.12230299936332494
2.7802888572022986,0.4214868276215159
2.917368278372424,0.06689705464831554
2.9099397456352634,0.12425468845674148
2.9572366354114035,0.16134261734498678
3.136369283817262,-0.041097696489865915
3.1307987303845635,-0.04507461623275285
3.098471794444013,0.11251687687236014
2.8099617163341595,0.16986709780714668
2.8597220354177497,0.11513345073975889
2.8408367436645894,0.04781343914728671
2.886712799237624,0.06359586217404749
3.013993248649163,0.12502443622095308
2.949317446821054,0.08768367806615196
2.94426473607127,0.09435585740250925
2.9432993599881994,0.10365012361706871
3.1601318116149777,0.009846910264454332
3.082657226127593,0.1982525211628029
3.106959248930015,0.23421958997034445
2.8540411328607753,0.2670573710675547
2.8850784823060205,0.27515063368198345
2.919475288984456,0.1363267482113249
2.9389575217871804,0.07847527492364796
2.923603731893165,0.26755557297048904
3.193349773917322,-0.0645724586232663
2.9980005796126887,0.12427110436461297
3.030641121041255,0.1449528783457742
2.991287838623479,0.10205338435470383
3.050666971060551,0.04791063486225696
3.0633241239003985,0.015399156876682299
2.951215403215988,0.11544465563095875
2.8424208764002534,0.1296240547251213
3.1845547113992785,0.039598267775338515
3.0470949580808573,-0.0011322891548489146
3.0461252279300255,-0.0029194580285742786
3.0136704639054073,0.08679354615865667
2.7795012264565706,0.13527335602814214
3.1215005575070793,0.1041583273480231
3.1324168990034384,0.10544181493115237
2.742395293857095,0.2896983749989464
3.0585505486687783,0.31507345920150415
2.95464223847739,0.31970907376196506
3.072379112481165,0.21639207560846846
2.939384011998288,0.2878636487492194
2.950474449441773,0.2868924446370984
2.949927249671786,0.28165546001878705
2.7998011320600398,0.14943203424165116
2.851853440026991,0.13989913594948086
2.699291028095727,0.1999688517547369
2.7750567527246006,0.2445211109906993
2.978393738049388,0.3575508323427351
2.984080563677212,0.33997231283957174
2.4978817630879684,0.35816247107760973
3.1165901034202634,0.1747326045853177
2.9820597224388843,0.09553111955781032
3.021014254421514,0.0842706481676097
2.9409290851771157,0.1303269499536414
2.982664000260456,0.1013951135923371
2.703572763209899,0.13617313594587663
3.036155137728083,0.3068419542557367
2.986135668699759,0.28147722303689304
2.967314698143449,0.24505169911300037
2.855741071958735,0.12017671049514961
2.8618474186213883,0.11133151027319078
2.8561419132666934,0.1685450971827002
2.901957615538505,0.24048066884333696
2.9682890173919665,0.03611638865519065
3.0213186613829626,0.18379272839880148
3.004751678331921,0.02056699864325864
3.004147730775452,0.027119922627981956
3.01108359312273,0.08441579966739339
2.8891555573136114,0.0831839714922052
2.897949630346598,0.12254283778164696
3.0240884251233933,0.10908147413551794
2.866743663351565,0.24978866517864817
2.878752284458628,0.36410069541003054
2.84200930538265,0.3439604602778805
2.953030404974224,0.04524302597500904
3.0798432050843445,0.11240831887492524
3.066050126560193,0.09336406941085451
3.020209310357792,0.09235484117369995
3.0162128929683782,0.14960381574825363
2.9422930162730005,0.0779608568678007
3.1087184453609975,0.0025878676365145453
3.013052046867776,0.029447902310982262
2.8765788035260473,0.2383811081476008
2.8847107216140464,0.23047132726028557
2.962342677881943,0.2523027526463668
3.1043656176659518,0.0813995666835002
3.045101575292759,0.0028455502540796
3.0319342550419712,0.051335669329179844
3.004599417646762,-0.0007482583385563534
3.1059006861243597,0.2344376417658227
3.0974444186551713,0.22229007223517339
3.1011737002074593,-0.12214476365432977
3.0915021600288517,-0.08032731026203158
3.0177679886655624,0.11760417007926721
2.9953438187302104,0.08464425128541524
3.009326055613228,0.039097630137668066
2.8758975904965,0.19446404187666616
2.909042173721642,0.1880218425800593
2.8738866051164957,-0.022755465246208584
3.10276098157292,0.29172195702934667
2.9712442839347077,0.2172512106687674
2.9130855524318755,0.17822060497179176
2.9595223497604435,0.17221434148365158
3.0754618366820416,0.09185446158286856
2.841184463733152,0.15911813550588574
2.8195448502197067,0.15837061251902565
2.9570212457444263,0.22035342592593768
2.951602556366776,0.2461929944533586
2.863334654301288,0.13998246837611317
2.932683918868501,0.21683729875846183
2.978900883847845,0.04601263149060079
2.9841510331890024,0.10071513898576465
2.9581182455652164,0.08006742627045078
2.9079676709803963,0.12278146770148479
2.90199222791026,0.21334677902456084
2.887880625644116,0.12473933431384752
2.8625482034626564,0.1463281543197875
2.8811747764599738,0.2894761633044679
2.886550291368386,0.2297208571725941
2.807827829308096,0.2691358678468629
2.8697486894394943,0.15807132057156023
2.969977172634701,0.22085555876292054
2.726161561705078,0.2134260307367241
2.7014199704579367,0.24282011648172566
2.8186300791501804,0.29151553876869024
2.7806276298342794,0.29873164561896576
3.1159762151933252,0.010762284263466888
3.008229567600853,0.025845301878157093
2.8715613836526335,0.2890540538605308
2.8255871001884207,0.13082846320857622
3.176021622131001,0.03967997417408938
3.053794501842208,0.1687526028230715
2.9454736088678115,0.1511646459524052
2.9952115481311976,0.19802003424067885
2.986136432658312,0.17734238891334475
2.85637395571916,0.19971095107776804
2.987957621324869,0.11976037683011496
3.0727086746789536,0.18372609975478846
2.9438192603042745,0.09641542782742758
3.115645929907989,0.008694038522525923
3.2385536089571727,-0.05073197966026572
3.2001996974680567,0.05369515077006728
3.1956724974618234,0.043918723614336797
2.885852657602462,0.13657466784928202
2.963978869984079,0.08701877123397761
2.9411742333448516,0.026949112808280887
3.1018304677073902,0.11322737392798374
3.1034435078979077,0.11380396242165343
3.093964055120898,-0.058743871295382936
2.7626738819907732,0.3741081618906374
2.9244609074072745,0.1572169017567767
3.0221006195427114,0.07919367781860218
2.9443767350132957,0.17122212312560856
3.0262290246586216,0.20427790944729057
2.978733577649776,0.16592004465170768
2.938990738095784,0.12790151403471708
3.137944475123204,-0.021925446601779162
3.1706365822357943,0.03339373577160109
2.8641991152705906,0.11984213475675551
2.8608215275382625,0.10642254942731064
2.913003051775861,0.10270496905255201
2.9084904252729844,0.22415585956638764
2.917470910596855,0.3292529757000773
2.8845432461870772,0.2732451892877878
2.9121741117958595,0.05654400176303908
2.907212129063237,0.030284063691207515
2.860456650043718,0.1151655900314089
2.8838577516623722,0.1760261638639366
2.9173996917610245,0.18707603708649423
2.9848994827945057,0.08390293622879219
2.903075086672221,0.09801331028191092
2.963582320910667,0.05142969111732677
2.8567457847900783,0.26188819748016146
2.8021284066631247,0.2750931142491058
2.7620163957607433,0.26563403224668053
2.8572740324434185,0.17283112356176988
2.8823367954797643,0.18320870023562066
2.8291680871970173,0.1634420256892306
2.6714540802116824,0.12051128384612438
2.9840618523896456,-0.07541262417339684
2.9943581491108278,-0.031458929092095654
2.993982551818991,0.21573590027552464
2.9513710003937197,0.1384120501347411
2.8969096979098343,0.21479551608174866
3.0157054173559903,0.042757124264581066
2.811099598113044,0.285787768863605
2.6900145064426053,0.20007073956342672
2.6746395305137227,0.17696284370813353
2.9457799726670464,0.1714066851151475
2.885945362722296,0.17462329344020536
3.030579889216463,0.20663378684530725
2.903038757042444,0.10703300222233353
3.064933081285868,0.11795996902258032
2.9247585057625884,0.20425567422097335
2.907926768875557,0.11956933851639337
2.8569770847385882,0.1918861962967486
2.9139280687874494,0.13812194072202288
2.7669353003275887,0.1679748143507131
2.7551519688143666,0.16259733351307953
3.000065666136308,0.07954903915645732
3.009557805441137,0.08992435751013947
2.86430928681903,0.1466612289995343
2.9168100891777935,0.09207422157752354
2.949493475173229,0.059534059402065145
2.965104567404176,0.2206554527648099
2.903210906206782,0.2170979033045022
2.9573293171434667,0.12808408777800256
3.0598852275370736,0.17281234263599052
2.942569740862164,0.11116957319506415
3.1083865289615695,-0.036532357389168824
3.0248550066813564,0.02204682810935878
2.9191044366332175,0.14042949325051643
3.0455191812776023,0.08550600293409313
2.845063130393614,0.1497625276623775
3.0291047821009336,0.13912816093949915
2.9426796539441593,0.17881823599648158
2.9020527226400157,0.13027997120436396
2.9053331424216275,0.10723431289604257
2.7471478175769204,0.20736463464662888
2.9405220935038456,0.24014787239978763
2.858961596892203,0.2517752861880231
2.912990938860717,0.21590651489603646
3.060675010393764,0.17297537604147403
3.0626713616291807,0.17588500295691462
3.0582021054125637,0.17515800818037924
3.0624865239118866,0.1328246294903601
2.8903651962658734,0.22569524437036625
3.0610455596130177,0.1691459955063747
3.0629118105010287,0.10052776431803649
3.136323807267077,0.10656099383029508
3.017969680429176,0.16817108811547665
2.906915368435393,0.18149042136103005
2.837985286625024,0.1887583884084741
2.9226312647475945,0.1791886035699858
3.0516249469909664,0.007817025283753828
3.016820567353665,0.09088085732194254
2.9841789459887007,0.16201289336680857
2.8690038533015243,0.37911224389022047
2.8582666549380558,0.31500187689725156
2.873966648354974,0.3248299865131226
2.7290318474498547,0.255890265240592
3.014673154881893,0.13408616814718805
2.88203144157699,0.10480694138178726
2.9198785042898674,0.17711848436294336
2.9393225535307583,0.19391005751853835
2.9284318044363418,0.33926457640573826
2.906313608033802,0.33726473052206823
2.9522762893668357,0.0077313035360601365
3.068876013583628,0.028769342665395933
2.8797953814700405,0.20526177656992112
2.8661519881563318,0.13286216214559607
2.8322569799867354,0.07241534170176878
2.9938366431082986,0.07729392889667529
2.9115201305103744,0.2672953974576899
2.830630784814207,0.16232563277907594
3.088042797752244,0.0580035521546247
3.0251342927782265,0.003652714953236149
2.9719104683587965,0.11425141289376675
2.9659582993194333,0.00020847430155822928
2.9901686926093745,0.052994625503644525
2.9271469345896266,0.21020327335606231
3.164980018658938,0.17278591158099538
2.901974758790862,0.21926081707000236
2.817885207585873,0.18787133446222182
2.809598111273038,0.11037524726540471
2.8323228965475313,0.08719225554726116
3.137154943506967,0.1269391046374259
3.1313663699394443,0.12669722650885712
3.132400043870065,0.12413261107320733
2.7746343566267937,0.14085628627225733
2.862035774297438,0.16756164179899752
2.769079606552717,0.17280707420119268
2.782110133367654,0.2960765277463472
2.7247226390847095,0.272722848184463
2.9072898441173476,0.3682653767453197
2.8703917562224546,0.28617521967600984
2.8302087851061626,0.22609840045854226
2.946790190828765,0.3300146736049221
2.872098508913829,0.17349458728610773
2.812462418665901,0.19211732402583717
3.0149096595545677,0.12572695520013433
3.0624362633034656,0.0990549950525652
3.0467606984939866,0.17923043649718787
3.1502849023887216,0.1675139181204919
2.956910784042749,0.15431281150750234
2.776169410641375,0.1454120439572252
2.7330832820133857,0.13710008209382382
2.997241230427155,0.16685955599795432
2.8919105911721155,0.09010473641139029
2.898490927548604,0.052253080288309266
3.0200236786734713,0.12329366513735135
2.9977454708912146,0.07377798434289456
2.8077853398639983,0.15013866643854953
2.8817473104756446,0.3104250012023578
2.752828392560985,0.19127285100340344
2.87683876369964,0.16758378392902748
2.94448013572485,0.13070433465536022
3.098884733042082,0.0427099904093989
2.965894306773649,0.15451519686504073
3.014428955618409,0.1736659404030781
3.0147827138020715,0.17870922026438305
3.0493464283962415,0.2000218930263343
3.0677838000423865,0.2232964727832013
3.0220709224182536,-0.045297056007102855
3.0446380793839403,0.07656106422053649
3.1900138723741005,-0.06724717522497779
3.2040876544414862,-0.055374108515487526
3.2089636640246324,-0.011351607187337142
3.131185320233485,-0.01851403904380601
2.9037768646820243,0.1858993871336487
2.9371129617355933,0.07578403423330411
3.0767022507312918,0.09174127887679992
3.0482871615477083,0.07979380685069255
3.161903545199524,0.014282696539049736
3.1431430981196087,0.11249844843329662
2.778389947910838,0.18939373351376465
2.862528241117013,0.1638226149939457
2.9003024807876563,0.20975405492591204
3.073216924104457,0.004776241832844445
3.068469766923306,0.00119496566505341
2.9269952796293643,0.21239503025269185
2.9615276763103773,-0.007685141541460744
3.187612199314849,0.0549458762774614
2.991543235754691,0.15101242662862221
3.037678237240165,0.08746254506585786
3.0657483744191283,0.28330337150435086
3.0502637727135617,0.23210871654965615
3.0067538218781094,0.275048082734785
2.768396111774918,0.19695433128180276
2.8789840417003663,0.11873183250442519
2.9321941490738967,0.16997972027156605
2.87752603492037,0.13826295632888044
2.819968702877295,0.12843509692415245
2.8890120217619613,0.12172291388435828
3.008589237842017,0.15193886295011844
2.773559766689323,0.11635160727280557
2.7236661607254176,0.11569131564328468
2.667259636572963,0.09954562810303595
2.884690953107119,0.16877714251032114
2.916800999872562,0.2061599113088251
2.830938745991048,0.19476418860677316
2.728182570242014,0.17074703399213087
2.814307736809424,0.3284117003523933
2.7244923235620693,0.36223566687193015
2.714897585789674,0.3443875802736071
2.803968291531923,0.22442760632090558
2.9484126677526183,0.2280990219979777
2.938070028195209,0.1882399124013558
2.971817496203771,0.2223591095616147
3.010589012864094,0.2313791257850632
2.80335099144183,0.18905070090040876
2.806857485267223,0.26723014783914995
2.8056841505322265,0.2546192383341466
2.994674018454325,0.0837743914408665
3.1058036779068083,-0.0013758895218958316
2.9191166166314866,0.12200657299723527
2.9558505358839793,0.10138837804822248
2.8553950801163657,0.11851566509995834
2.909655069861666,0.15894873873944662
2.960214362456875,0.20081845247089372
2.8272084063734635,0.24877034127166173
2.7970623503912413,0.20926533241821066
2.800262381568138,0.1668214744082604
2.8112649647821986,0.17325956306238435
2.72235220002867,0.20544707792414807
2.739579667394984,0.20328657887842716
2.8122588615573694,0.10429056790107126
3.2505457850980912,0.08546778267191336
2.952514624871399,0.06338584148988557
2.9799886401847404,0.09696780135471389
2.916184545168319,0.08409530724398197
3.0093582661350915,0.041767456537526185
3.0188488440312735,0.043694413597050265
2.945101375089939,0.05821198914687212
2.9695443002720117,0.1836981834637231
3.044365364242239,0.1942976896469157
3.050314706895283,0.1886661915339816
2.9925539329401234,0.1965472544285169
2.815635583264729,0.18810507264221019
2.9847025007246106,0.028040422159439898
2.9649676436740426,0.0385646912660154
2.9721574220026583,0.17738785140332278
2.782799697798624,0.25886687012810966
2.830502875423445,0.19766876029743288
2.9697563623224212,0.10406639018529232
2.926546485804343,0.15271475068368515
2.8145844966210793,0.2581258010519119
3.012477711207332,0.10037644753327131
3.048062594413292,0.12988646092073267
2.986402451504521,0.10922294337182331
2.8445361183915145,0.209754536178998
2.9040475110003108,0.18869074993948245
2.8845443159562842,0.1823313885222163
2.8697908317900422,0.1154179830649263
2.912547539588327,0.15448985016690395
2.8225962382061907,0.2205843734782567
2.71983276259171,0.3359810069081984
2.981292279870199,0.10463689936001065
2.8738916972226813,0.15162707837602282
2.8753007335607266,0.11265143077377775
2.8742125058151275,0.25604164097358045
2.865264301250899,0.17677738940551577
3.062074885734311,0.05896535313708722
2.887615122907193,0.1938779878971074
2.943318973253502,0.13109502240801327
2.9864418074190673,0.1278265663173461
3.03161352864532,0.19366012106633024
3.005260410553208,0.08647270591430999
3.057686515530374,0.04658584656926559
3.0601324414811697,0.052272861515575066
3.065444399403788,0.15021699428911364
2.904779712613227,0.22380352411676613
3.2258868012421944,-0.045795530180412145
3.1289407707097445,-0.053013166142822095
3.1324803230444953,-0.03310244568563769
3.146762165798765,0.06235849564996953
2.8883996758084125,0.08833753086280578
2.871053288872169,0.1907985900521647
2.8227507210744576,0.07709797049747759
2.849365832087174,0.15438163897797377
2.979816654017856,0.2586783857918498
3.1385339654155797,0.08460291236812362
2.827607662373418,0.1284402666504686
2.9786439312256405,0.027852884665045437
3.002333490008275,0.22869120765422898
3.01123342906167,0.26478815361783015
2.846175116325647,0.147048272416785
3.033914944229853,0.21389128695230555
3.027113560811569,0.22050596623957608
2.9503350705792393,0.05927736139706823
2.9668190529213714,0.20491054085813856
2.8898569274123074,0.06754819631314972
2.6850238384236293,0.16061900480609043
2.721292934533767,0.16654634678792304
2.710515760602466,0.16323429118470617
2.72165720242057,0.18014489703547767
2.7554045798897917,0.16909839583503827
2.832336904125952,0.17036964787661543
2.8120374161330384,0.1191548421620349
2.929202735195856,0.07219782063134889
2.9625076361035645,0.06485182060204547
2.982277747552735,0.1665985736007414
2.9521510416048224,0.16573685421654324
3.0441834265963417,0.1037040319874698
3.029378788189083,0.028888641609807482
3.0437480451373635,0.018494277271677663
2.8578814597955664,0.25045192554754003
2.925584415118411,0.1291639504393605
2.9484262534454375,0.06112512897482689
3.073900999317541,0.17567801527102844
3.078249253669474,0.1233043529688618
3.0495416301081435,-0.047308195120063304
3.033813528968591,-0.01837411023721468
3.037147467806064,0.05539447731914193
2.9845884306853274,0.09403997598600655
2.982731857601981,0.09535194872138272
2.9324036631733708,0.27015191247936315
2.7571758974767593,0.18066228059958428
2.956032886211162,0.15252460622788996
2.9586989130581736,0.17097368676595281
3.012100567238031,0.13519090211492218
2.829819725646357,0.1002194423176768
2.791413282498778,0.1375589343847485
2.813818374899493,0.19726585378211345
2.9699934298693798,0.1972407145858387
2.9845926027060448,0.25783976606535425
3.0160064873554204,0.15667033607904157
3.1684881049356965,-0.041947574934919976
3.162013819424335,0.0539420440974766
2.7426773923582655,0.20547141444994085
3.1649805722849518,0.05106320261081676
2.9376940670871887,0.02552523854826503
2.7450645347611653,0.26470087715894924
2.7401351803132585,0.26851663884519045
2.755680379030616,0.25052487387884204
2.82382388100123,0.2615689385934838
3.0539792816254443,0.21856703013200937
3.0415186413028987,0.21712756928150342
2.773967060442753,0.18162124799708199
2.914441019252449,0.2729796645976744
2.7673485552617243,0.18122311009943678
2.9641349489420907,0.11479990107060536
2.974163064669005,0.12986989394640602
3.1342062802584563,0.03739866276276826
3.1555435571857235,0.049193598681442526
2.8088694947048287,0.18244943507758252
2.968606413827074,0.2291653819813365
2.9487808341102872,0.22172744677774173
2.9739941271677584,0.06901258233701492
3.0314350431906343,0.043467706546733466
2.9814652853105263,0.0696229912297289
3.009261075355537,0.099013641438323
2.9614047965993637,0.16253112058034316
2.9127611459582794,0.12084331387909063
3.0211889448261227,0.06090929916965782
2.907514729821994,0.15450293181757413
2.957298366439041,0.14312519502633486
2.7938353926881194,0.17830584262719046
2.9320161031250116,0.0936854954785921
2.9080753514375357,0.07816787508864245
2.9139792568610074,0.12409220583012107
3.0939377149344773,0.1094974706276108
3.085925216914741,0.19795604394010896
3.024510021227889,0.0640714469913556
3.0302053093105803,0.06594948749644497
2.8770045252161194,0.24196532077942634
2.9534634813820637,0.1688652013245861
2.873608761277863,0.20572821656614573
2.9107377154012397,0.213401292497627
3.0847886594629155,-0.024636750091699324
3.112552399324199,0.09308071250732648
2.965953158466589,0.06426593293599718
2.9414369293870806,0.17088254363642594
3.088407466836383,0.05591228153237422
3.136115241024171,0.10881764047515885
2.914090017279521,0.149430163241876
2.887332536055477,0.11933103837899266
2.9232007304895244,0.10410919857890293
2.961286243299594,0.13687157855677168
3.0666388128629825,0.05320249916801965
2.7755274609604297,0.15124606700125495
2.7781671059365305,0.2084824301924416
2.8312539436935817,0.2958033172170318
2.808498987994588,0.30249434985065354
2.8419869111957134,0.17546763253367323
2.825422339292374,0.2365368701146136
2.8190059917122823,0.27650926988053726
2.81898557287757,0.2820388881546262
2.7813266578509186,0.1986480934229458
2.6877254804208035,0.21959823738884374
2.9262816833004823,0.26568104521776964
2.8386436442929495,0.22674804849849267
2.820094829530725,0.131310671571396
3.0366164445701944,0.12865213503068834
3.0525247613533697,0.09451183983610256
2.9845941515727725,0.10300591949680266
2.969153722796968,0.045958243531479745
2.993470765704311,0.05535997192358534
2.983093539431769,0.13125480384816837
3.0502580854486254,0.09658128002127686
2.8628826215556726,0.13485737672703382
2.7266816745543356,0.23864808958766348
2.8429957157045505,0.11084598329501874
2.8560289573014868,0.2223766392436041
2.8836264083589844,0.26671241646593863
2.930558648693098,0.08584936722282932
2.9522969797423015,0.15973885511530286
2.949245195229485,0.08226661571424891
2.929324781816025,0.19231863779874442
2.933222277906445,0.23663714503786412
3.0098202134194927,0.14002290227950137
2.865254201051949,0.20439647662016353
2.8654221045044865,0.2505804193978295
2.873394164064448,0.11374503884934109
2.894384110775799,0.2037401928407358
2.876648546237305,0.21072109370399109
2.969356414558928,0.204073541512728
2.983161820165646,0.0706015348226487
2.87938332830802,0.10669576672375262
2.845790327990519,0.3407239735922659
2.7606161514483945,0.21608177818946164
2.624404388832111,0.34737115044959876
2.624178704295075,0.36284693867260337
3.0954424353709684,0.04084028747451169
3.116002180647835,0.047690607537893163
3.132220706074741,0.039893180612600464
2.8383832063848002,0.16519148958897226
3.1172332248069345,0.05177652970922378
3.0112153947120905,0.055515962503582025
3.0300488537886756,0.029803067217935634
3.0496425782210017,0.08798478756571133
3.0607337239980583,0.11909376696671216
2.778338700413083,0.15333921364464437
2.794716703368699,0.1613762695784067
3.065373601477637,0.07922286263602156
3.1030845693938365,0.010715729291274149
3.14627514542938,0.02561929006332221
3.0091038794168714,0.07680598847034045
2.817903698750159,0.23664640985661814
3.0054433642457243,0.04792717946287938
2.850523489842897,0.20233010718289787
3.015647211826084,0.06926374517037656
3.1289198456919616,0.012059442651841456
3.159421026159417,-0.030683222795730828
3.1820862131589633,0.02720924265540047
3.048098588468086,0.11554400058064454
2.9995202286886564,0.18527394548708323
2.9762269776477863,0.11312620507765352
2.873511775974962,0.2022742031301467
2.9550489453421585,0.11857397012743431
2.881418648940233,0.10469029462428354
2.883347942147939,0.21504089128280585
2.844089897354634,0.07790677898234137
2.801918276820196,0.0629969012698026
2.890703127374217,0.08159543067076631
2.893360715858638,0.08290869323942342
2.8909245935997023,0.05460704784028704
2.904891437998253,0.11427598339610633
2.908929190381064,0.10848567841977917
2.9371023021624736,0.17482330338451818
2.8603362089310425,0.16278980448480168
3.018426535193822,0.03190310053425579
2.9090366203174374,0.2695418876913993
2.961737278258416,0.17981468096188089
2.9228296365952406,0.17438127333567402
2.8978669181246053,0.18493210483133532
2.8577021239731835,0.11473737207086787
2.967671866866629,0.24462393433179244
2.9620462509874983,0.24215083496078185
2.8625427165824164,0.20320954092545251
2.9694518918553645,0.11033240218916684
2.980342754155507,0.0993286174020889
2.870146401671676,0.11057399107186623
2.9107795485687102,0.10596627633160853
2.9625592783048673,0.13959758621854312
2.862891174311264,0.22422469690204389
2.9275646897187704,0.0964063451351655
2.8349168286011324,0.09390162858934416
2.98230835115641,0.11224950203016007
2.813347829437264,0.23026393884313964
2.9464435371392796,0.23829175196894803
2.8598374782176745,0.2142133008157657
2.960626032515638,0.1328697842429733
2.929675744233622,0.16097886725782803
2.921267098985204,0.1483892573781112
2.948014757306136,0.1635940505701618
2.930002056367123,0.20115479485037002
2.8447432750748916,0.19560051161549416
2.887258056862749,0.23287116389278054
3.0669986176824997,-0.0005046093880317334
3.180307907528855,-0.027876318204499675
3.216561661934418,0.005027624791812148
3.070533127127791,0.09940097293514713
2.8918004639668116,0.12684091790296959
2.8648653511346676,0.24790495437560572
2.8285001941014083,0.21705064163713877
2.794366932890177,0.2080991534437073
2.882079672263021,0.30931770567858585
2.9330793003955424,0.3334004712368323
3.005301281218926,0.2609060401720622
3.08563400898857,0.20712209010771454
3.0976202753753617,0.2174754657601974
2.9046677125706184,0.14736723862323423
2.8688972985126218,0.10134413323579068
2.798195380234012,0.19637382917814994
2.7967684184953447,0.21411526607422357
2.9409246208910385,0.18109247104323906
3.0234456602329147,0.11631311926627874
2.783477125381415,0.12879018075353724
3.171540548475904,0.10690413373516307
3.1147087416054515,0.10295951265470783
3.0243590564608676,0.305751616131597
3.067575643421424,0.22034251441477706
3.1833554014304895,0.22426756415826152
3.1329600208513204,0.22201081034652773
2.9258949487431707,0.07345066553449636
2.893599780993291,0.2144271498933116
2.993409056407152,0.041389662819175214
3.0304494496895185,0.12698774785870362
3.1530030750739297,0.10094896409293612
2.8987997460149293,0.07173872095223216
2.8760735205395846,0.07767586084907759
3.034517483832506,0.06405014523019582
3.1238608750786816,0.07484675222167095
3.1224150230241277,0.07737549346944332
3.1330494734338816,0.09177449657026573
3.2116323614889866,0.01494035247630668
2.8658582812256164,0.11887389037177098
2.9304821927986637,0.15426920808960548
2.9057351377036085,0.10824346123104295
3.064970697722573,0.07200644161387694
2.9523942835780135,0.19402874764528383
2.7973424545232075,0.3837045027174543
2.83204320413136,0.16821465063440072
2.9513160417147297,0.19591812684567717
2.7547440050444356,0.2394764210705184
2.7824043757184573,0.20557890581317603
2.797780494069051,0.25818144782932995
2.853004589907117,0.19663393576000548
3.0921829539120074,0.12718382045403814
3.100714377783155,0.05925631275293696
3.0752586536351623,0.005150154830355756
3.079977562656955,-0.017687721108728627
3.240813685906114,-0.020436501824482787
3.2106876618302884,-0.01933632041033862
3.211976458771193,0.008564877356694301
3.2473827168136182,0.03946325831129525
3.2425997015438894,0.03268338699997555
3.0603359421934155,0.0006293715028681322
3.0336179798158915,0.19468265554213393
2.935298467201461,0.1394160672766418
2.9746641581336495,0.14728312975483346
2.959169739353762,0.03930505527068341
2.9843846242318737,0.09554875326387792
2.996764405492906,0.17639303891529923
2.8787904966594406,0.07996242786163889
2.9270048249480745,0.1661100138043335
3.1114638955575913,0.004382746997689773
3.0353172473888304,0.018259284610642326
3.029559941849661,0.030699527191875638
3.082637794162129,0.04087291233507179
2.865213596587417,0.18643577784971643
2.9433361665091624,0.09844869939605777
2.929320155924817,0.1030949540896751
2.8564736129128168,0.08396627650940393
3.1808353552091777,0.07177537202704791
3.1362941538176186,0.034628967942165016
3.1266995542126774,0.04294801753849498
3.085871180481524,0.031773381497160955
3.1095806555430796,0.023114564349527664
3.129281961453291,0.0055865691674230325
3.128159139388845,-0.012932800004811494
2.939248073700257,0.08720036259982515
2.9530378054796222,0.0763159899145954
2.9834360793994406,0.17364866041214588
2.9650306677131506,0.23920920370640053
2.964663343839484,0.24360043439702986
2.9295024631720734,0.1150813958691891
3.0311515276500782,0.07891071185047838
2.84594813245521,0.21872720452518574
2.9537912456616215,0.17238825561397553
2.9818960864767483,0.10927851354266711
3.022929272056934,0.03147919548263669
2.9280631363089635,0.1658414386359769
2.9275251920567245,0.06647484987985906
2.855552407138438,0.134363121233617
2.9426055762992216,0.19570971513128774
2.7977809983465542,0.16811485759699982
2.898027793032324,0.4188283313750518
2.8499571731165076,0.025626068212734433
2.9797810335350676,0.07205918182152389
3.0718538978092553,0.017729809316178687
3.0779661226294577,0.015516623330085154
2.8854927250998545,0.17022082076857553
2.882621339480507,0.12484413573445749
2.9599919675806747,0.13031199704146373
2.9600726419874026,0.11967366826011816
2.9759958066722714,0.11236334524249555
2.9895492851639562,0.13952052673498444
2.984247473845881,0.15904804927578356
2.91192273051195,0.07160776548250662
3.056866358244663,0.07367060501925471
2.9686461699159463,0.26382923601963154
2.8735234754078953,0.06523605314948158
2.9650122838038158,0.16419140026494422
2.962098732687783,0.05495554655684489
3.0418925512217,0.09568916945955788
3.017705622289229,0.06109039986937437
2.885647256379347,0.16999701503597028
2.9833674946056967,0.21757187550119506
3.0249581166593797,0.18246969473045893
2.9802101428106904,0.260784747514659
2.9406587140278773,0.24346533597990955
2.8434766558742117,0.26175221866418374
2.9809226182665105,0.15609204716688663
2.757562917091853,0.2291777002547498
3.1247096759721056,0.026857899481346946
3.068205993265337,0.02779245847095537
3.033782118881954,0.08595524909374865
3.0912070644754595,0.030569935061225177
3.090865302786001,-0.036779270596295904
3.1277953494607025,0.04336672565041649
3.1429214591751853,0.03464110781093678
2.880092488580022,0.07479092151144139
2.9359308125207204,0.22470232875521107
2.846766026134498,0.274689697332255
2.8451591908660454,0.18066769388250592
2.9564579756955074,0.15700003636066348
3.013439529000342,0.13603989445472126
3.1365726760509576,0.0867507715154973
3.118881495989379,0.0908017598908181
3.028363485225625,0.04961001752679873
3.034147728779761,0.12860119210746615
3.1209714292075073,0.017276514458587442
3.096739865721232,0.026763428411811625
3.007083030920035,0.07478515993049127
2.9413816013336405,0.08805274144989397
3.01759921696196,-0.028917691526322686
3.1196437925311717,0.07650303344048466
3.0216148459199137,0.02283670156823189
3.03711454783765,0.033808310915367276
2.98343444776106,0.06411716292601627
2.9908337241776173,0.1647200670211592
2.9964525090107976,0.15724770360980722
2.8681970120711555,0.18091951849463989
2.88126880537537,0.23138179217705673
3.0375766803487525,0.08373099469932316
2.9200775646952852,0.11417666622554372
2.9872065284679934,0.11203254353645546
2.921377082720188,0.08394908433743636
2.964913874512732,0.10007216032114555
2.839369421671998,0.11550437788841038
2.881674285622921,0.3395549931022318
2.6642861399231026,0.23974754627194994
3.265519860371594,0.022601389032468257
3.158996120664306,-0.05587009150766427
3.165901801827111,-0.061395980309099096
3.159519272227698,-0.05445931842469032
3.1336087958506513,-0.01005053043564096
2.741922037633799,0.3108472335522891
2.7500836638692427,0.313784436067974
2.9607468456265074,0.09673735758456393
3.1105470056246265,0.14449968380805825
3.1118817578729523,0.16278296383184837
3.009686420105913,0.011307389517636214
3.068136569597652,0.021869994541666805
3.092204993646722,0.06161344510820095
3.0427369497455907,-0.007202822257724132
2.9121046573783866,0.2896860709004751
2.689737752665399,0.2620236740207819
3.176665302302044,0.036828829229696984
2.992174361903278,0.1273477650542436
2.949626445855249,0.2088967388067816
2.9558639305281504,0.21371671367519735
2.884429060715562,0.15269423979539287
3.019122532372878,0.16558680838438006
3.0085825021335086,0.11601087319048477
3.1444685620249637,-0.042037692393453396
3.133619736483013,-0.01633165319728537
3.128005556300219,0.06640823169354262
2.8379301830124297,0.1571018448692529
2.9100968634558644,0.19633977267233188
2.905712403452096,0.16699422735959676
2.98908926718296,0.12478227566553847
2.913696837223331,0.16157494185799168
3.0392282213706845,0.09181592065414658
2.901114107522596,0.2213538025831199
2.859212090386794,0.2185665292757318
2.8244768418057458,0.16418705289877897
2.9952623988441056,0.06711011573189224
2.9944562325290778,0.06984080378619881
2.9713870513644536,0.1622226219342644
3.070837910210362,-0.008976188353905788
3.0812015072584105,0.03409343704263645
3.065154580115965,0.06528354170347478
3.030327048894493,0.049312172334854534
3.124432371205524,0.014728664858508982
3.0724509465137886,-0.007176614686161868
3.1132058786140884,0.03156607048043795
2.7938799292410716,0.23246260919891845
3.1117267582545134,0.19406618506443418
2.903095848443805,0.015081959739610235
2.919977339054693,0.020149285046140147
3.126515588467443,0.14928106977769776
3.113359485650043,0.14622046475506897
3.0859669735059954,0.0902726988115245
3.0015309439497826,0.0895272839042424
2.8378581489441586,0.11133210231678357
2.887447626349108,0.12760540698838993
3.0424189964053987,0.12482929885293603
3.007395852272122,0.1254821350378164
3.040186878929864,0.1637196617633415
2.9094600610937422,0.12781784575203212
2.9758527156852006,0.13455563859620537
2.938482703899981,0.1315583201533855
2.970618120903974,0.10344650707069421
2.9481117607494385,0.05234842385814717
2.941265728945654,0.043348904418593855
2.901677456407895,0.07133237968298357
3.0664880046158918,0.0005825222021733882
3.07213693204835,0.07195339480090505
2.987047457897213,0.2524637012311588
2.7859988584919475,0.13396634211396413
3.0227273058111748,0.04763202494757751
3.063319947579247,-0.01023150039061881
3.0540582572118176,0.02815529744031462
2.927009326787194,0.16662965831942522
2.9791254407484993,0.09725327646352039
3.016654887978976,0.1799613614560986
3.0341624883689584,0.1443282669449553
2.9559594010832275,0.11562754470810989
2.8715366251542545,0.16237776207880247
2.866139675162981,0.11760502624951245
2.892882802611244,0.11178357744643973
2.8961705031725384,0.11240527681702146
2.8909529527097506,0.3029311726335382
2.7985449852148943,0.3415973890700484
2.7619409274835056,0.2841979043501955
2.775599880629867,0.2202142457588208
2.755603583366849,0.2002912747328164
2.95371442387635,0.15219673726419683
3.0381020321681884,0.050295545388507765
3.044429981936242,-0.02944696426320173
3.0998002244457723,0.0015796736989926474
3.1107478369833372,0.02859521717674897
2.964144064752699,0.09479191509152085
2.9970987791976462,0.08674036177116262
3.0319454948668034,0.12803709394823667
2.9442438269886875,0.2115965184376375
2.861529350082778,0.12621703117253985
2.8381734653188846,0.08277008311253782
2.894591295835712,0.2270684474348248
3.0930985563530076,0.13934373852681314
3.2935118360479705,0.00058502112316916
3.2215855348864015,-0.042844441756587935
3.235120139472452,-0.034779645582333506
3.251464541569869,-0.01928103504963102
3.020378022173527,0.11455366186489198
2.993311182812567,0.08281880168348722
2.9891662555880956,0.06244707708328144
2.945647005834867,0.19655801073033263
3.073086806734601,-0.018083923010447398
3.152022361612182,0.053825889984211096
3.092332746708623,0.042660890827010835
3.0465642955863097,-0.00041241271019741126
3.0653666647821605,0.10958813376937306
3.0679384528471516,0.11325932622466452
2.9997309479754652,0.07845365852991626
3.0992003723397614,0.09170539466649834
3.1214362132859983,0.09460390817657549
3.070525879396375,-0.0203802409069124
3.0373117236512925,0.1638341734692125
3.019924077279378,0.050289952294621326
3.1661517171811826,0.002663559026957998
3.303445337717414,0.015568728866675373
3.2855932665279726,-0.029856455991276697
2.908776848680663,0.14993538541765897
2.908776848680663,0.14993538541765897
2.900216077970278,0.11944256048320157
3.13444568069053,0.394998593341534
3.1460888064182897,0.3990069651540412
3.138747503547131,0.4003438109736917
2.878506729481068,-0.002770237486151964
2.968625403451129,0.049498250199274854
3.040189949404105,0.04405117273872975
3.0536936418935454,0.2632215479711424
2.9038303709989837,0.0027544179444571114
2.8983987215531735,0.027329805227235875
3.203944856982119,0.12093668311353652
2.9676006279959712,0.3414247096215054
2.6370539221777323,0.21042288651584365
3.1947613909334285,0.11404549775623994
3.1089817682902288,0.24339629110517152
3.0296722442574704,0.16487719180434812
2.977051875831169,0.1819403763910248
2.7673698730994793,0.20907328401079742
2.9505577088939496,0.0873778613896686
2.9878945409419395,0.10657361569446236
2.8098881882030917,0.2273375318744256
2.9571882065376425,0.10213651739515665
2.936755950316865,0.2010812139423216
2.828506957995453,0.14833784188123256
2.8207697864118364,0.1626652091684591
2.8687578402687417,0.24324531914591482
2.8862997399662564,0.2434245580833942
2.822690645358773,0.2210361040754495
2.893582462161389,0.14973954990563404
2.8715746777882054,0.14395791530206795
2.7608807413534895,0.3398813898340374
2.9286761796086203,0.26845855761420656
3.127668575415198,0.3379637903016144
3.1477504141724744,0.288015384822903
3.0504910114629764,0.2849277417220509
2.949241813221876,0.07656352742421223
2.9621945824939098,0.01884948772275935
2.834977769314403,0.3726857466139818
2.8471222717147304,0.3875873012095506
2.8081668695720294,0.33073435778847454
2.7345625276204757,0.23360538702334305
2.690113060230377,0.2667257885158118
2.778579282652171,0.4059534091385862
2.810336691647587,0.2791868937276571
2.814315899331392,0.27729423094333916
2.881065197082175,0.19008150393350048
2.862842731129877,0.1718244473754127
2.935939220654738,0.1228246328367338
2.8835019901549486,0.21359789759198425
2.8853017654042588,0.2113141644488994
3.0153668273268663,0.21728420990173708
3.0076765525938107,0.2200859910672343
2.77394189248471,0.15720709725707782
2.9023935984757254,0.1441474083521638
3.189213353639144,-0.014526317613805231
3.0206488978296435,0.11291711971946262
2.894971076171919,0.1425179084826453
2.8280851967213705,0.18714970295583816
2.851829098709122,0.2525503417574035
2.8511071466284608,0.24274352282762146
2.744289965177658,0.2614737554834667
2.877434790351314,0.2003102688597315
3.0247573699200827,0.07426285281507737
3.0082456193760576,0.07902728785089859
2.968100423404378,0.10424117771461679
3.0276600683580672,0.11562272359562198
2.9336122828232156,0.1522650210349669
2.8507970805100635,0.20898522539341316
2.736059782359166,0.3975780745306673
2.891762554445908,0.26345512581946096
2.8570936265605233,0.23499882336249242
2.860471940098262,0.18494991132680474
3.060180620954823,0.15261524183948397
3.026132072305763,0.195284321696384
3.050489675522457,0.09130741409188661
2.989757631402075,0.05188836450590748
2.880101826050601,0.24604870834886478
2.890621520127613,0.241032889572127
2.999408862629132,0.22133517341854164
3.024979959907937,0.1432728037595421
2.9313377031903,0.22096413651196176
2.9724419938928546,0.07580185313854587
2.9822934139927386,0.11510620962678064
2.9419445895995935,0.08610136041403428
2.96922361166082,0.14776838444116586
2.953031094442625,0.10891191647298533
2.9683714833271893,0.10845645374908955
2.961372893099313,0.11457560246140586
2.9246706912715608,0.06717765691569612
3.0605310026780783,0.1382373282213191
3.1247444580506945,0.17830449789126254
2.738454775110752,0.22549238001995958
3.034662099242984,0.3572826445195164
3.008838616726084,0.3651321021230518
2.795064714493414,0.27952321994248447
2.810536277762321,0.2731691786451307
3.115683520810454,-0.010485933151063607
2.953810674073785,0.22592394892458348
2.9513991590729436,0.14154111333610478
2.9886674986104307,0.062037916600278506
3.096076108737202,-0.009883299950753394
3.019303741616734,0.040263875717381166
3.1038939833272807,0.02042783858988499
2.958583963852258,0.09659990590156496
2.973853556227799,0.16636566403608863
3.0130671012630375,0.17038181473009992
2.9653266807270735,0.19712567916645246
2.852154250754535,0.23380006054127256
2.9151511705626634,0.20061041531545004
2.8472501578409544,0.2014038748741249
2.8426778724116706,0.14867964428323008
2.8217671777231583,0.17277763495657994
2.9089957973124028,0.27387503884774866
2.9636999476573256,0.24554759438334142
2.907398399087495,0.2488950288928067
2.8838343571714105,0.10973007364190121
2.826662906289136,0.10087876045863677
2.7750227163318466,0.19451536299546915
2.991910617962508,0.12230585252585012
3.1430577212875224,0.16187126618895847
3.060595336767233,0.03546573901080273
2.8952990565670578,0.2184688163633409
2.8953536760437624,0.2194740522993912
2.9265621772677735,0.21926096191818228
2.7991374634960686,0.18220214668572965
2.824910297742401,0.17001960051209875
2.7993953386845702,0.20259542122501067
3.097175075137518,0.042825341153024214
3.0174172924783282,0.0940471722691041
3.073248108877361,0.0775633542019784
2.9821332970740744,0.033665118659381314
3.0515476085975206,0.032377270086331754
2.9292168167752655,0.11519752939278659
3.0947531978885414,-0.012965805948947765
3.05433676739057,-0.004135890852166405
2.7978098799463584,0.2660971192784548
2.799609734132926,0.27231171654075453
2.8049834800631346,0.20270643114938006
2.7604593344950312,0.21248681786471865
2.878447183749507,0.32070048911037424
3.0098307774569717,0.11940291721201553
2.842037061332047,0.18328947828844214
2.870732406453588,0.24779283047546397
2.995475235675411,0.11179331647997902
2.964922731947507,0.12043705991700163
3.018853210962377,0.13744551040620104
2.8823710092515586,0.15373367311241612
3.0086133373573922,0.10699745179459204
2.9807218157083994,0.10887701963465214
2.8828087490182117,0.12731823768696385
2.874563386826011,0.1418139733274987
2.762901600256336,0.27016338693142206
2.7818978550083235,0.25823778652065754
2.859226244113648,0.2508924545022676
2.7723595024375665,0.21926382412300663
2.809755271908851,0.29343774577132464
2.9248258580264057,0.08972844752800747
3.0123362570056673,0.0059130637433146465
3.034701078322999,0.0024383532478019975
3.1287212837384692,0.06992311417323543
2.877932704992696,0.13874610073771113
2.873654864758338,0.0772091818948866
2.911800500116149,0.1320680358627332
2.913680333860094,0.17211084489677136
2.9002974047334846,0.19317597518163446
2.8722712495309253,0.12783766485824985
2.9753787967038727,0.05153409737986017
2.8671304897707985,0.20223253071139094
2.813605152954287,0.12717384384668431
2.902101247759549,0.24399537111822456
2.8489322739958474,0.10276968210410226
2.773166828817601,0.2948379323982305
2.8216439994160107,0.307454875620608
2.9295862380988416,0.22151783942879508
2.8656519676430503,0.13471705032032863
2.8502897733569728,0.21297528220350587
2.8606561264382866,0.22571415020490931
3.197069597672073,0.2505355987774389
3.093788038836482,0.16572877168536404
2.9662196780079584,0.08294854457343637
2.96746025014723,0.08792478960244712
3.026148838436762,0.08459482383310896
3.005280170640404,0.09516225085132655
2.896944560649865,0.12592358487054545
2.9357249538902837,0.26444022051131155
3.0721922733479046,0.2440171048868758
3.077275186613974,0.2273832450933646
2.891930663507382,0.16751583253005
2.9547703539277306,0.05648430039468361
2.8900368584913494,0.18162119741504656
2.8969948079318333,0.13709495173755953
2.88810297519902,0.19680375756596197
3.107517700396238,0.013736287400868637
3.1349090671837616,0.07206306711069282
3.1131961328069377,0.05375601135125342
2.898859789216785,0.1288691022757626
2.8996441839997917,0.13196545229963608
2.9696681968178518,0.057563524018158396
2.964105891293357,0.1365811173961396
3.121808092395533,0.0939373683431663
3.0033398982613155,0.19270052880817756
3.0346594737457417,-0.00846387856962088
3.169291208693484,0.1428559233269714
2.8974003702361335,0.14828712636788224
3.0205383416656013,0.07314675990836296
2.869574271898156,0.18565446648916734
2.9340570675345323,0.19164564177426066
3.0731452171338325,0.022206026011675734
2.9685981198012454,0.13942353753555903
3.0082843481259354,0.1962829396790493
3.0066177603601396,0.19545378070077693
3.0102639318440203,0.08001520798620346
3.0150018643024405,0.08950942243219748
2.890517027699434,0.23462048017568174
2.880853781541398,0.2182806641632669
2.873466890276082,0.2225224228679888
2.8551356311321032,0.1891099957889806
2.997533516238067,0.18892000969733605
3.0567134792718305,0.10543614490025323
3.1532536813158605,-0.034700127526784946
3.1553963633727578,-0.03688983207505832
3.1303298125064742,0.050282209572741515
3.0735359530585002,0.0024931763163302417
3.0980113180563396,0.025008851587944414
2.976421651453509,0.051249808286257886
3.0107360000858043,0.12344033910793799
3.0400885597604996,0.18698964053231137
2.8302576165287165,0.2771692218294881
2.858663651490651,0.20797625564937977
2.8607281974867083,0.17848831097085713
3.068199331520734,0.06102960301296985
3.055785555464252,0.06010481057388583
3.1594816839862,0.04600585161438563
2.850246647946955,0.11539077399073917
2.913948144614477,0.34114274099438635
2.6661800210801756,0.32164621179995234
2.887051960285413,0.1325430903268086
2.9242266520221,0.35390250944431095
2.97905010990637,0.33818464004366433
2.958641194972722,0.23651938368716433
2.9552081954473883,0.2500920912078155
2.8111007846554745,0.26645489791168164
2.7429577268762606,0.20466983131337524
2.9798465762440283,0.1946556544654862
2.7581299419271232,0.2919067009202397
2.7627732172546344,0.2949867992694328
2.7695621976410068,0.3115390855313611
2.7527892119870794,0.19907730746911928
2.951147756151591,0.21701605517263614
2.9944184447656435,0.20047731506613292
2.926348448717423,0.18157712729352907
2.9386208437066115,0.10377836902093793
2.8242839982621697,0.07349253335465727
2.8539095938362617,0.07182530892045076
2.90214549203152,0.08242030240347445
3.009951648263762,0.1498741278220472
3.0867003597150338,-0.030843990776030863
3.116354149267617,-0.003616457816860522
3.2082407829538195,-0.07464058804859017
3.2095353861545965,-0.08443773711495764
3.165219492359656,0.07146975646768237
2.954697697287206,0.07881423193881104
2.800641119470857,0.1936958854267486
2.7969796077989026,0.19065733829817896
2.7631714679248507,0.1658789939659961
2.981720501432634,0.18516145057895436
2.851411781102146,0.14054198923459807
3.115296223993049,0.08398032796378012
2.83082348786467,0.1461274646630678
2.7252249875182795,0.32132918327352034
2.864610021301444,0.2530937711067393
2.8832487021984505,0.1321998450832848
2.8678048474322897,0.13246335697649095
3.031032769859313,0.0902333243321578
2.9395270262300675,0.11128016992761242
2.9247203441950034,0.09935186529002482
2.9129686028354858,0.1609448231476409
2.950866598997928,0.031245659618576036
2.961756588311773,0.05730834892082654
3.0381574021219144,0.05631068698431483
2.990025509417536,0.09064120484839924
3.062077308012084,0.07425375032246839
2.9651558182486766,0.10327506889380524
3.1420792611359776,0.07185986787017351
3.039499727244911,0.10147583944707948
2.7964539084833526,0.15260429354771965
2.7720613865489425,0.13101917110508743
3.08933346593934,0.14963230750945636
3.1173944934682836,0.15379102430079034
3.0780199440747986,0.09935777553201752
3.0763920393039355,0.08591377803700988
3.0722692381474768,0.0033950583696492355
2.898217635780467,0.22925696380839183
2.967231917605638,0.15342592944628508
3.061444758839759,-0.0364213815052933
3.123444076312064,0.009992201441595872
3.0701293251416906,0.1195999705039906
2.9600523594297443,0.14277154485450327
2.8454511345676727,0.12123800637133555
2.8469466971639497,0.13565158430353655
3.010541984909447,0.11222809240484394
2.9838251863621448,0.0869937115253148
2.9845054057672957,0.08608437825537645
3.085795305404442,0.004500822643682304
3.1356740149504585,0.005318025142437364
2.9552414608825592,0.11659811121297403
2.8813111713280746,0.1094639718308616
2.917228060343629,0.0860056484921295
2.911378483558779,0.08465607686064437
2.9553629527799985,0.12675937971518955
2.959623633203004,0.156511842215133
2.988796502335557,0.1494139264143913
3.078300434113622,0.14657110542433552
3.090529401660221,0.20953168826666055
2.967122341597293,0.015034675791455633
3.0049466503420605,0.04247890573852529
3.0551499855580366,0.11809345915723705
2.869598916805871,0.10855810556048587
2.737589822603037,0.17137439545564628
2.954384114415567,0.1758403784728661
2.9596191408539805,0.1864522496254371
2.8697581945392616,0.14539165072380886
2.8111349168401976,0.11137770694399735
2.8747461539162775,0.15686158790418103
3.025133237626093,0.20615526403802742
2.9290560730034207,0.139943372604685
2.9727499858350357,0.10810134467327732
2.98686574472251,0.1059588178534961
2.9258955619019194,0.07823707243099949
2.793352058451923,0.2673285200786282
2.8330262347586683,0.15894841372357443
2.9455499535275242,0.19029966201972537
3.015898601570089,0.03143961944807766
2.9580401232595075,0.1807754064776795
3.110789111629562,-0.03950727791121918
3.1012105041996287,-0.05196814827741369
2.9619850418940725,0.1411222915070791
2.8591508746792105,0.20403212308604748
2.9950931492510047,0.21071178824621617
2.932329582197308,0.21819360215031475
3.063549731090861,-0.024424396495451264
3.207647587673388,-0.021442745655317876
3.083950731828081,0.07011116319387078
3.1216579667987174,0.06812323012076632
3.0477510112919206,0.0004828638892905927
2.9156802639080426,0.24005581712894328
2.8805852408729247,0.10922052347834404
2.9932123894152243,0.05054219662720901
3.122668236693802,0.05225734237792198
2.910449697290403,0.11611026485037085
3.0258330703929537,0.12173344654328848
3.0239348656386618,0.1175126279852254
2.671328561127383,0.27163587718033777
2.8422707636933264,0.31624872174090646
3.016468663100941,0.33040428780622433
2.9539382186360106,0.3626204943923087
2.7828110315195915,0.1881322811498925
2.8070759702607617,0.17605190532521361
2.833786406860063,0.28282799328996355
2.912660301724204,0.1615243577855551
2.854564687659956,0.1061705958117104
2.881159936084375,0.285043178114879
2.78213139871117,0.26064684029786417
2.7864915908546353,0.263120347169093
2.7461989159987326,0.2999596433162307
2.74084911014061,0.3250781434754563
2.631958549713617,0.1785787483817274
3.048040661475669,0.3086192833432461
2.9575975530192378,0.3298981322750238
2.974107929404425,0.18613972699214837
3.08581022583887,0.07885343341324473
3.1677564947970427,0.06325975400939955
3.0434307333228583,0.1360396183501581
2.8483543836742102,0.1364657652440859
3.1196731177956556,0.07264338325032596
2.7903854245049584,0.1725900773604479
2.7968988058390982,0.16771728052137147
2.848546183493406,0.11987972061950886
2.901197948584875,0.14839354280656541
2.9716975852382057,0.1203489078797267
3.068202305929578,0.12013475506993297
2.8786315342381377,0.15764025815387483
2.900857171441373,0.17363988267640776
2.9547705270378772,0.14297470198041323
2.9591967990597365,0.09908091994261317
3.03654758069738,0.051066562655521695
2.9187508274612197,0.009041404689165112
2.9307585218992114,0.005649873559321539
2.7154571263072254,0.3222921378797455
2.9570788422851244,0.14586947120595978
2.963723638465743,0.0978289039653858
2.9945056709141213,0.1307759169700256
2.9841034461122735,0.16541451928619394
2.943996526695752,0.15639108249166958
3.141122666783343,-0.007867001587760606
3.0853375539888437,0.051493670215465984
3.066546845734384,0.09173240769484284
3.0143594884754576,0.1254857971290136
2.8265516065609715,0.15162358063980033
2.899360341610221,0.22077762153274805
3.0177486463723384,0.03224645317087898
3.0222599045774308,0.0013819987331155457
3.067265257591586,0.05911741728877475
3.0789826769539372,0.13085694329888245
2.9600234520805255,0.003308540028421179
2.920818119739247,0.3087921026149996
2.950797528646647,0.2648029629162653
2.8236266265450203,0.1957361411383434
3.089177963486628,0.06124896901055357
3.010233242806084,0.0737134029976026
2.9200465187007523,0.1500479976242708
2.6947516291723232,0.30161592003305937
2.719800525019816,0.2869751843766916
2.734639217299653,0.320699402977506
3.0013840419902533,0.017033354734990673
3.018864963423395,0.04415395755008141
3.039255857682552,0.14170382668316486
3.0908031445880844,0.0061788354842008085
2.9804117106812855,0.12860135276554824
2.997065696180961,0.05127777536628853
2.9762125906599635,0.13939800075758998
2.962209536704576,0.12492326506770757
2.9150009531673184,0.15175003126993342
2.9275007085141675,0.17437176878682764
2.8922081927019447,0.1410456225504904
2.8839642129949112,0.08720059291417238
2.9464985887666617,0.17664310378047854
3.048267426134174,0.08211179620405785
3.1032024134659624,0.13066801394081412
3.0461010505065915,0.10177614527310018
2.9154686497023747,0.08071562069031356
2.9485510563909223,0.22466948429283398
2.871331496845371,0.21001568501025303
2.8359604367987505,0.20457923172489068
2.9952411186736803,0.13970189680026562
2.948844346486787,0.07628138602236115
2.9464520600728012,0.0351124264168926
2.9591431197113076,0.0013750095987243543
3.1955480472146887,0.08710190035296315
3.1037165562090605,-0.027438910058409337
3.1888113382012535,0.02810720760814649
2.842686729788789,0.13363957199646098
2.9730611023704947,0.1826805218770155
2.9542483011915808,0.1343480621229814
2.9489337862179084,0.1418633832191627
3.150663787397886,-0.02721978650376488
3.083741800472255,0.05651135555800671
3.0488435987704534,0.006827667988609251
3.0620209389142534,0.03710183712763927
3.1321283262034187,-0.010179727321125593
3.1325618773086443,0.11620592081284159
3.082926339751956,0.05418378458381113
3.095814084478346,-0.08532554730705495
3.348472753145409,0.0013482146451528447
3.3424870338941766,-0.03564385704813321
2.9336141815512677,0.12641136852663007
2.8997796773858386,0.1805503385236183
2.812566464701945,0.26106442648147987
2.894624556991133,0.17068386590710927
2.8391221564114373,0.14120692248116765
3.039299025205191,0.11817573154199916
2.9699418574017504,0.1572150042810018
2.9709685285088328,0.12255340128844579
2.9855168082451615,0.13437121022381093
2.8745506976104305,0.14714865847399577
2.9314402704607576,0.13442035242990497
3.112353145247159,0.1189286780794653
2.97976837971635,0.11946854214527158
2.8811379955044454,0.18577813840912719
2.7990877019468585,0.15888481879347788
2.920646987609273,0.1877351424689618
2.9284126302473465,0.1806558582679865
3.0062838348658976,0.21401025244600516
3.000374240987157,0.23471901382186694
2.9938045494156373,0.07097862475345199
2.99925618324308,0.05794900810969094
3.0166019055937574,0.026101303744181625
3.0147134550548955,0.10217451970964346
3.00589738768305,0.23266871153316498
3.023599828203162,0.13924296659544871
2.8834806173607044,0.20896833509523505
3.045948325673055,0.024482905645296246
3.051258757579013,0.02853975328909192
3.162693224241982,0.013776070275033556
2.9615412873749274,0.15513837985754333
2.76391318470211,0.19543464204834632
2.824082128472079,0.34686281742729674
2.7758049769164317,0.3182054340500792
2.8403729415279244,0.10231940426189079
3.0962765562767576,0.05798639743723317
2.8772871564609086,0.14546428447464302
2.848409890531113,0.24153547882522808
2.83532896701956,0.17450972558579406
2.7955313960616075,0.2903287678524711
2.8884858538725258,0.16981189324643114
3.012215248901436,0.12001381813269194
2.9584645205414275,0.1075802727379295
3.026996498058718,0.10553082293486873
2.9321676256745097,0.06988065937880766
2.9577993001336442,0.04802124706907073
2.986418348653193,0.27395342370089665
2.9817132748375297,0.3200979370773512
2.983479681895516,0.3284586664443171
3.1075723357857776,0.13507830408883964
3.066675144159433,0.11373409890900049
2.9459549665796945,0.2042365800654843
2.9114339692856555,0.24994798483674863
2.984544946692297,0.2500414571886485
3.0689846598592405,0.13858583944821215
3.0126124547113067,0.20258281749976706
3.003275847034561,0.12089186764001264
2.9341171729684006,0.1511025927785562
2.8849206021438154,0.10679748650848482
2.8854036791162265,0.15046168607145816
2.9486339492149907,0.1800523915033349
2.9739462231522933,0.0748335976655323
2.9296102892613307,0.179592311486326
2.892225042434136,0.14320826231086295
2.988010516661022,0.11015237833168653
2.9625824933645983,0.11199709281010267
2.9578878810752274,0.11966438418998979
3.006304910770215,0.13462932266264982
2.9063104050248656,0.06935316521172037
3.002793447366386,0.10872771985011379
3.0435582047749468,0.13960792921582982
2.8445426235356392,0.14362657295835954
2.838760293675537,0.1676117339118818
2.823636973138618,0.07927826315151487
3.2299922040111646,0.04033329414604654
2.737153497624244,0.17732635468298324
2.6867860438499194,0.1771351992819197
3.185267573178709,0.08658244651106371
3.0029190858028327,0.09830676309808778
2.8815599096636415,0.30336294837860545
2.7912695694355056,0.26835160569904526
2.732925377985087,0.2659781111368288
2.9809748216017344,0.22934586877494612
3.178341503029937,0.07825136259117987
2.958987351659031,0.11996996971771906
2.9567602987177373,0.14208026933551995
3.0260392286748345,0.06169353563522597
2.91913299857638,0.044610656704603194
2.995600447123946,0.11214822283162768
3.0216467966783336,0.10701063543523186
2.930541788997085,0.1353769527306321
3.1696870961812054,0.015416018345881837
3.1665229953182803,0.017718437255011706
3.0264857649713024,0.05916017921973902
2.9036405533322163,0.07453036486182003
3.100337595363953,-0.08752680709401726
3.100337595363953,-0.08752680709401726
3.104068305135239,-0.06575941042258804
3.149401398265687,0.034188557281969664
2.9615226907646033,0.06546849164476133
2.9658565191765907,0.23135012667401403
2.898879789132172,0.03157886166548427
2.8959859962945873,0.06299772977990044
2.774995198584579,0.09739736006064907
2.7725152058182863,0.09007938168260185
2.8382144976764,0.18234522111585935
2.9920214435539196,0.1450024373792865
3.0239274564223106,0.2560909100527075
3.1054357297561523,0.3318289727930476
3.0925937206453047,0.3676404573720104
3.0724575619099532,0.36566333815948365
3.0849405601573183,0.37603267978558724
2.973203729366437,0.2046966373562179
2.879724029877632,0.10658746900025423
2.855135705959629,0.192966010334417
2.828950374359402,0.1507304218868819
2.7810122270099957,0.1094095186133222
2.865589412449781,0.11613029652770458
2.974655908616767,0.13385046693408428
2.9444003320582817,0.12471988213374433
3.0614390730483363,0.092516089603164
3.108127103695675,0.01589938200048684
3.058671754524772,0.05312557346379789
3.0743569274707543,0.06708910305175345
3.0142151701532236,0.03971256841614745
3.076206890970374,0.08191990403554401
3.207198789663168,0.01455019634661391
3.168032819620109,-0.04528712071700093
3.3391537302282495,0.007058615519750887
2.7789918489814927,0.15869035290643846
3.174444112770344,-0.09386481089025582
3.1896956110789185,-0.07162534324909822
3.198227433969759,0.010836010939295185
2.9801146372239757,0.07886034340786262
2.924801858383861,0.10790876421322047
3.0488773018288207,0.1321395185129147
3.0140697795226394,0.12972739344465006
3.006419807715709,0.14114676265607512
3.0748472689998416,0.08612586702269392
3.0696968988395845,0.09845337120912329
3.054113780255089,0.0847497639639854
3.0606318090333215,0.012790002958669342
3.030173506416579,0.017559183209745036
3.072716076101748,0.0426873229412267
3.04345806892675,0.12259388482965398
3.117604764687661,0.019374130007768733
3.143337234737575,-0.00561736370839435
3.0934798349792563,-0.03780984839907046
3.096228923199506,-0.04997755031830479
3.0058040594710262,0.13366187570673801
3.038865934838805,0.10317744772374003
2.9676538515898034,0.17439842061988844
2.960738535734681,0.20477343152992208
2.9577529658245494,0.02869340951063467
3.0566538855337906,0.19368511185367476
3.0822746945221287,0.1745938688819232
3.0348679649452683,0.10411177220409377
3.098298061170744,0.005171811421323125
3.1068208751695785,0.011819479474582012
2.9772996061823527,0.1831730842282571
2.9950383993452756,0.2319642042079105
2.9703067589651475,0.1886128387071336
2.8680185000596947,0.14989617501700284
2.8869816294089774,0.1746112688488664
2.9395463013992136,0.19215789595840826
3.02028686408923,0.1295210355925259
2.922471231104158,0.10332788370627709
2.876683198602301,0.06270770524243223
2.9162581548606656,0.12501388252883058
3.019168367173251,0.12871831762137834
2.9348337949554226,0.1308414083327562
2.93868008233399,0.14636994512854523
3.103104134976642,0.08523766575694243
3.118956517904163,0.07198194720494588
2.929382035768777,0.12282168100415998
2.92532333352665,0.10318132926637912
2.9429064801120277,0.12315541594212538
2.78508396714569,0.26116887929366694
2.9534477874919633,0.2619566878036576
2.684987658578778,0.27338318230564834
2.684542412393944,0.30851821074632396
2.7979546143653846,0.21767998096151608
2.874797979207584,0.2400212612000416
3.0280967824456706,0.023955258078630134
2.9468525596030504,0.1870726112402083
2.946108934982552,0.1867193282446472
3.1249186285876713,0.00683054427590944
3.0593654616516006,-0.04392148444119053
3.173107777277927,0.03304829639510573
3.166150503441888,0.021025058498425984
2.834396134818799,0.30735450999619907
2.90971739893437,0.0759836790784794
3.1442071288303652,0.07725343154681395
3.037800113050247,-0.03579642330321886
2.747549842865275,0.20844986167023913
3.0301855780374316,0.08527791550133156
3.12402831733839,-0.036705313475222615
3.05089935628378,0.09704178240216839
2.9546610432382256,0.1115827532586226
2.9794591099770575,0.0955338596080122
2.9395292660639205,0.08910060533002628
2.920646513596077,-0.02176965254244308
2.89898539090826,-0.049170176182273026
2.9712182957651367,0.3020795878080489
2.970064562428371,0.28611986899855607
2.8295018452061353,0.0845038474050337
2.9613585340545177,0.15293891264490778
2.9368861423639476,0.12663120107805234
3.0089294645545523,0.09361317332263876
2.8785733926790913,0.027327560356838088
2.8758809517473494,0.036466281540509515
2.9254882234579225,0.13914838321630266
2.89908563269088,0.08490854936494338
2.900080721286462,0.0763482109306542
2.960995696989609,0.2016229702848615
2.8933843817146796,0.03479548554110152
2.8974703123969934,0.04168479154106676
2.9503166158853555,0.2567738788522017
2.9823644625572028,-0.022719824501612137
2.9282322536207297,-0.017320258905679363
2.993075943348219,-0.00274949761682039
3.0017771069161694,0.011517545761779418
2.898362761642103,0.04363814372611827
2.9029955087153057,0.04701777777635587
2.8628001659938143,0.13636896770330476
2.922680327632184,0.12200157917794313
2.935671569391544,0.04822952903161389
3.0114391110145053,0.06689658429137353
3.1297194579523806,0.01985483495655081
3.12819716127879,0.04861598407302229
3.1083419132017216,0.16490925402822706
2.71522547322529,0.16485649059584667
2.735074231603672,0.3203453755732009
2.761542926339789,0.2963537691991957
2.974901948438426,0.03435850264385488
3.077762905267372,0.048788245418413534
3.073909468637953,0.05402156129454366
3.07335547639488,0.07861010588286295
2.9765477915543084,0.18172589497738809
2.9496980114720284,0.15281058226549604
2.97836097050693,0.08758887705476806
3.072982095566182,0.14076675783458129
3.0650605468721124,0.07420521995040474
3.0615282924777127,0.15828653926018432
3.1196771370114837,0.19743445338276497
3.1098711685496228,0.1935382268768397
2.942128832274977,0.06524758322336184
2.944100712577014,0.0657054211858672
2.950117643911031,0.2234766870284911
2.8457402374140917,0.23794282609621453
2.78852769692284,0.33556533883993467
3.1184694597696367,0.13111269188587915
3.061229889355135,-0.048380781402594414
3.2394871339740616,-0.09232778398442838
3.243271908724752,-0.03812070899695891
3.0285172218681256,0.07179271272363605
2.9635272441143274,0.1894876858706913
2.9922707162326683,0.2210358302810281
2.948649231038215,0.10786240302785803
2.9962933882462397,0.09862815071097618
2.945984912025698,0.06888685728337095
2.850682818513343,0.16779961968794518
2.877719127562282,0.219782795989157
2.949094233970193,0.18656656723931075
2.96042076903139,0.19467827677953128
3.003617853934639,0.2622155064335122
2.9366120131331868,0.26600608582143875
3.0561642472209716,0.03670215047263039
3.0708362798161475,0.09490798324274781
3.104929645499526,0.030234118177688174
3.002745503409457,0.0709444124609009
3.002831258625832,0.07082945038808283
2.9452860911699172,0.15715344696799968
3.075607374740692,0.04579527551735194
3.0170284475596856,0.09929246879335152
2.9491530846097747,0.17138579927043476
3.0178945697930337,0.04250574081256547
3.24716997152144,-0.05509665482025058
3.229873925849813,-0.0662516156506937
3.247206259917797,-0.06516356594530176
2.915948368221003,0.13038434992954814
2.868592194072456,0.21905123282181538
2.8825279177249543,0.25909583390237095
2.821212444588567,0.3178744327846756
2.8420118721540693,0.18357273853703904
2.9851528852284197,0.18621813828078496
3.0176377266884833,0.21487406966828237
2.889628814013011,0.1729614616140426
2.847473081205608,0.18559972259333954
2.9456075012660454,0.1667242392570898
2.9570406252386245,0.13155396850705203
2.925718451570407,0.2036725463017589
2.766259434923797,0.4143636150375941
2.7850995148254745,0.32349877347185757
2.766161917266389,0.35714048211013355
2.7660856818804977,0.3592311770271172
2.7840238750593804,0.2826563351981287
2.9322519709093395,0.20680025753533765
3.131109900828634,0.06759776121293043
2.930643235949336,0.1106600694655056
3.0438181163571763,0.06558432987913956
3.0310317545158756,0.055786595762044526
3.0949623219626523,0.10933063352023463
3.0810826284334683,0.1480767545645526
3.0780007869570176,0.14310359472736206
3.0879398198585926,0.06699011216589525
3.0314331875225484,0.014714694178755724
3.0326961822342438,0.022057413702625654
3.0411615672013013,0.04979398898557113
3.038173950363583,0.0731224741541246
3.0129516115749264,0.14669996950953793
3.0093585712733493,0.12714442650466043
3.037901321501073,0.0039969265734570185
3.0934940405828137,0.10340585585818046
2.990428349539817,0.04014655543543703
3.113385674576296,0.04269972389694779
3.025743094919702,0.11592048969626194
3.033681114739585,0.07405189306910219
3.0180862740766194,0.10092867380223015
3.0013291801974913,0.17787269721035853
2.8837987556570486,0.2293502880702207
2.883577741150492,0.22796429826790446
2.843105746824018,0.26975191325007397
2.8403698902798875,0.2689813326680521
2.823804295437602,0.22014090852045748
2.890336780527139,0.2305382667656992
2.8894357926847065,0.2703528710202035
2.8939967667622923,0.29465162114981946
2.794850599221812,0.16733480666135725
2.9095423661911504,0.22643616088085805
2.9858858265127455,0.18366557464152125
3.0178850216361446,0.210461641520819
2.9746857018867034,0.12440304650042419
3.0157901767618487,0.1428551573873572
3.18939862603106,0.108384267496701
2.9423822752362656,0.04430981814947871
2.969432520206307,0.059786699487931215
2.9741497860066572,0.06299478596883962
2.9582055409051744,0.1556364419999687
2.891788496131532,0.09781598433441374
2.987012591390807,0.10605183056107169
3.0212847632709994,0.08947291640839412
2.9895246602966288,0.21514804985588942
2.933714276661132,0.21418764431839518
2.846273647595567,0.11009149830843411
3.1774812244146124,0.12565683155596133
2.9580494721846784,0.028853594237942762
2.922587238428222,0.05609007107317897
2.98526032794254,0.11596133707043507
3.0464897827544486,0.047327525645514644
3.0740024707618803,0.027720730016832375
2.9482528342783696,0.15181203801148135
3.1380133434851722,-0.07125845077104116
3.138336204171933,-0.06371369582501131
3.1558956085530676,-0.07216006755049707
3.21680163020586,0.14320351489326527
2.68821257408148,0.1719491556605376
2.917532710397263,0.3053584188104102
2.7457386642333126,0.2025497740052627
3.018488579420292,0.19446032265985672
3.0882093053090345,0.1591139564741397
3.1049453789983805,-0.019250125364727217
3.0868193721546726,0.010395796447356685
3.016920299402857,0.13758423285374968
3.062207237923346,0.20573890548898197
2.8014761910324517,0.1275193089415062
2.8379510689679086,0.20685623482150517
2.7448796162821436,0.22221824949942545
2.8717273092102915,0.28807966369168597
2.7273122187546432,0.19285210689047863
2.7513364881530094,0.14795873909211285
2.8461980722409517,0.1550374318780204
2.765019709540252,0.2025616605662115
2.908727397518805,0.25275845634327426
3.023532074335535,0.2515142596487964
2.9528016733562104,0.22115539961858874
2.9498430216128044,0.13837807307579977
2.8958294864758862,0.1587151138258402
2.882829873478213,0.1144387849149818
2.9305527026913984,0.16534461860541616
2.973896809589853,0.19861958551372857
2.9907292669847485,0.19794360828549698
2.979882838786491,0.16559393989976975
2.9965300114884146,0.14157385608302814
3.041984776554447,0.11194250163579096
3.0255113164540144,0.1030359537799236
2.865165980252325,0.10074568978432291
2.8031274540815954,0.18996773561066146
2.8856813822957568,0.2024596266118638
2.9433256047831717,0.17553568303907405
2.9167267143580364,0.133292967968394
3.0113690101988766,0.07617246829396121
3.0084164349430793,0.06411216628434398
2.9421405771770273,0.17096365872282307
2.640455312610072,0.3324164842831021
2.6893576835347237,0.26121749710288233
2.7314548607314806,0.26748975673141934
2.861585118103871,0.3170199476610777
2.774657476110797,0.31027397083735375
2.799507816754306,0.23035377722474606
2.986413493860518,0.14896454336979326
3.171295273736815,0.11713109059122134
2.793200914986492,0.41750766519158466
2.7556012425070966,0.21066980087797957
2.954285650285367,0.20249042224299982
2.8714484889489595,0.1487897130950643
2.9604311729528288,0.11602481860094638
3.1220242360617947,0.04436133480812888
3.1278065706895877,0.12215015853001154
3.023990107798611,0.03211489216702007
3.0533668202537307,-0.036077548567608114
3.109817221759606,-0.020083122407534373
2.9705340858908476,0.14146732486274285
3.0603029056761035,0.02556080594108848
3.073625571664135,-0.004481985810198128
2.97726782687027,0.16198637705960764
2.931753243703097,0.1335930590656934
2.9564267774781277,0.07661243942955807
2.991360860737764,0.13063379542019635
2.976970608875185,0.18507416979239913
2.9442128170065485,0.09078437746594135
2.90656882924938,0.08171274516663661
2.9478436250447837,0.06472806297900466
2.9368081819764527,0.0024302840793681024
3.097665631235763,0.15502331431070485
3.011663212033617,0.0974049245096006
3.053210364053394,0.15430468135334507
2.9830249309912706,0.1036493987770536
2.90570673242185,0.12471890503928824
2.910755160127035,0.120054621533079
2.910592756142483,0.21527417601302015
2.8687747344338677,0.1250174180348366
3.0232392936458217,0.23869009401658284
2.9401924761836167,0.23207027647668385
2.871933601301737,0.21509739392555852
2.988130647032901,0.11972290360588074
2.8049789587292,0.2402396089511575
2.905043112134123,0.24819589598697808
3.031966810748715,0.1708515507647961
2.8220096590603565,0.1459376337147833
2.772949629291889,0.16154950749030925
2.9637048109223914,0.09569717843761436
2.933217358868488,0.07451164878968689
2.9997236124992925,0.1285663272942331
3.0024046376834748,0.14145268832622485
3.0506849401698806,0.09043476125540652
3.0648022568909923,0.06416955618077418
3.0163560614958205,0.014102882622641142
3.008248972395976,0.012999844200735432
3.121575353498951,0.12764973987294742
3.0367180487762973,0.03332935109697697
2.961315428065107,0.045482461171056345
2.9522951369551733,0.01949884515342232
3.035401377032389,0.05341226981203408
3.0123610990196017,0.011377439123031206
3.005609009718032,0.0075834211919903315
2.9300175315048445,0.10263553915865178
3.034415652376743,0.051222233277619655
3.1167646606506514,0.24945682625056487
3.1246049027589646,0.16268611849692746
2.70959280768886,0.21301063599743528
2.942649280464846,0.20505174513671856
2.934940824661191,0.20237857201985715
2.8906026766097983,0.16235038604561855
2.916121480661453,0.16791949791213795
2.919236026485721,0.16039341975051638
2.993287690102531,0.12230227425338497
3.1166598399982433,0.03173137917237699
3.0464733057380653,0.1530633178436984
2.931607717214075,0.1625077221589286
2.8923434530477574,0.2680875002220358
3.0616125151703932,-0.040506840656618574
3.103622079476354,-0.01815480764276513
3.0310368757567265,0.001166138812906221
2.9871687216958067,0.1850973373489605
2.8596805478888423,0.28176101429318706
2.8804673159274876,0.2806600273466416
3.084103368013955,-0.05970807836221661
3.1293549201078537,-0.06384636974079408
3.013894490028635,0.0633580227714032
2.9348215835154177,0.11883658499152484
3.0381673129822184,0.06341384915695485
2.9660813945689286,0.1331757612325835
2.9344713272327487,0.09380540109354185
3.049506809527318,0.08088073337295569
3.0695986530480694,0.026804752786433714
3.0750024645293936,0.11366651077177112
2.9246041985606857,0.18942070077004156
2.8711030659987986,0.15461126801301117
3.0026432236806047,0.13402569436014714
3.0478554777296356,0.07969528171639827
3.0109782532826155,0.046462358152214535
3.15533775050325,0.01830317764772867
3.155214012960831,-0.019011026496214115
2.943217494877965,0.14122506106410854
2.9563884496362514,0.10968031403349231
3.0969069005400134,0.2080802074259906
3.023981956884261,0.07038410439470326
3.0802208723600732,0.1459695353586223
2.692284357075708,0.23672943129082244
2.7599422842261006,0.3236999618988267
2.892297924716137,0.20724295744483062
2.6788083649680323,0.2551050330630384
2.9140964644190093,0.27431366747225994
3.0574802404527524,0.18042518930314205
3.0247649497593216,0.21681840994264265
3.0497243395123967,0.2559132239323784
2.8355196953163557,0.16200235175820932
2.980114258876168,0.10538993391046987
2.920553632134006,0.15454437008731037
3.0664837470567115,0.21592401336685393
3.0514010358960815,0.1820045824822404
3.0354704669856236,0.20168816066323186
2.8841118849081084,0.14612760080616835
3.0152966332243083,0.12220671715232566
2.9653074596824354,0.12023561491952815
2.9115830757766634,0.14261112352300437
2.9064513997002037,0.11705755796511157
3.0577828656062236,0.09635011394451787
3.0395770123887513,0.18135046772013483
2.830479940490746,0.1260638514582449
2.8233808410314687,0.17595778244348168
2.9864115683839008,0.18584548211949112
3.015656254526499,0.16349878913261875
2.9900499009526107,0.1314936934399011
2.955447421901262,0.11201839761088797
2.9367081636811556,0.17212305717101845
2.90825452821618,0.11564901164835306
2.8977336013070567,0.11428731233499342
2.7916225650848676,0.2104865497917837
2.948394720242983,0.14439202114682934
3.105000321228789,-0.03748830775857982
2.98062101319807,0.1652338251297369
2.976833074187184,0.17106585627196608
2.9675872499946387,0.15033920907980333
3.0790675494757607,-0.00038653003531991556
2.8595749002847297,0.25141443707056593
2.933765147505691,0.11520600127683311
3.0138008157288465,0.08376148639771995
2.9744770510029617,-0.007993052758791037
3.1003765407976176,0.16617679096976912
3.0140836162067632,0.1721465524730324
2.921169371056523,0.18925442514451996
3.022674103472322,0.03410117595344016
3.0274492594396487,0.05555423041039588
2.918079070580521,0.1760602082149909
3.0810158837130373,0.2111553953230885
2.952722541545951,0.24467822807166
2.7963204877443104,0.15922356116841638
2.865232893471066,0.2242199767732524
3.0655375046872013,0.038366680004466955
3.027518410111282,0.0961044100613481
3.006268473246827,0.16403452125988957
2.865768238187624,0.16919146073666136
3.013141088745905,0.13039694969159266
2.9580243780911104,0.0798655783045087
3.0375858076703435,0.03794895082683177
3.0669129724303446,0.0026391561222198364
3.0800265387270453,0.03606364296699755
2.980583329505531,0.1180879016392523
2.931611179920506,0.1536872835441572
3.0647998471398736,0.03185770642295981
2.8384666906313583,0.20750480587149672
2.8108357122274996,0.2718895422969434
2.792726596528622,0.2814952817888724
2.8612771254725624,0.22162422099820386
3.0809477512320282,0.0397049540618583
3.0986525281586466,0.012316484546063784
3.1202321123612684,0.0750320444589129
3.0517066175489727,-0.003559743844216822
2.9396564398956286,0.16986897890354072
3.013116248661276,0.0926154470670927
2.85534455864543,0.192276939760863
2.9307789184634765,0.2745249615240724
3.0918473198765186,-0.012184816857906691
3.1115471532247105,0.06251853418113697
2.934392598644934,0.09783806973533352
3.1188751743393275,0.05527505678448623
3.1351591570036885,0.05158524527688982
3.0759600349553398,0.10181004149607678
2.8905783068902777,0.15422975515418555
3.0463834085727264,0.07709460159522334
3.0893012236518635,0.22768099238614337
2.8014794525910314,0.2868926411393418
3.0952012403469906,0.02108152950911718
3.0644935493864005,0.033949439625209014
2.952419481814438,0.13434559458980597
3.0466675033227526,0.09633747567980984
3.0497964264818322,0.06358295330887756
3.0995846807467458,0.07279222829271405
2.9918664854176575,0.06277073641648413
2.9627225107175046,0.1570231347808501
2.929233082905487,0.19983794315011913
2.9854625787272595,0.23417780513308736
3.032285785599117,0.23617964855393261
3.0131585639856198,0.27266585598373877
3.0387284205292953,0.20703243944655858
3.0507951410354766,0.21534196718608023
3.0172195243619724,0.19788498865582543
3.0236920131754434,0.20539378054594634
2.9029194269624514,0.2153416854274038
3.1027187956112163,0.08892416101013507
3.1983886065090648,-0.0077924633191585125
2.9919823123170044,0.2125694746940694
2.995581348451432,0.21379057672644586
2.9913507143629228,0.1554837229350039
2.8905437910781666,0.08806827295755354
3.1247239727449987,0.10360114919767305
3.1235255828587207,0.05224030531488958
3.0203567277974597,0.09312466025760828
2.929863716092529,0.1345352170421183
2.8891963185215936,0.10797067569476598
2.88005185008904,0.10713734487109665
2.980115878555724,0.03967167512478802
2.865560651781689,0.12386539097424938
3.0992448121313645,0.12737179963157055
3.0501529007780115,0.10393194064694337
2.876737592846213,0.2750077869043455
2.797217409911596,0.18941226545044357
2.7981895889255535,0.1754846747153305
2.87424783639335,0.14721519140328415
3.104284401349704,0.04543004396899885
3.0747650555882267,0.0738101639289375
3.0073790845075656,0.05383624654006031
2.8408249397741514,0.24398312023583307
3.1296644318674653,0.10372637323901424
3.188888425640703,0.10543987590890187
2.781641174617435,0.1398214171434272
2.8862179494872793,0.25179151053555154
2.805296605026226,0.2191314941027125
2.8168205556000467,0.31549630612043256
2.7076375771819277,0.31319305767546574
2.694295663674794,0.3302640618154547
3.111953621604706,0.013816543050001817
2.7575997687181624,0.2725511274688374
2.9409400770457412,0.1682132653423141
3.0115638299345115,0.1610070899189116
2.9297390226103084,0.22113172815812449
2.7555152808429293,0.2970095645967271
2.926919830807657,0.3416578341011347
2.9340902037060035,0.3100749037463012
3.0084607975275923,0.22747369242846133
2.9291226204786165,0.22429724409520121
2.9656756521886147,0.2160162117132442
2.9162114427177444,0.22682713269623184
3.015831348728367,0.09436684511985816
3.0575571506433983,0.1103495276194888
2.9380671123114745,0.1661590017771588
3.053444182612326,0.033975085387510026
2.903248854451317,0.21351307160925936
2.903556482430982,0.2543733507550925
2.755945750572884,0.2051846939979084
2.803678104403146,0.2441022794271389
2.891014786359309,0.1091130606995639
2.88037452680459,0.24461505330658811
2.9676060621677722,0.12727363329197103
2.9716583600893385,0.10675251791962802
2.951387265548286,0.158516438950046
2.7222435212574267,0.29333361246692685
2.829998667659051,0.24134664669157657
2.987046288470866,0.10027553067002747
2.830687399928256,0.2065447468670402
2.889129016299196,0.1349508396023839
2.8749102058446847,0.13978781361004772
2.8692734485439466,0.10271836134263151
2.8973005390719373,0.11712089728567629
2.9673603181701016,0.1176212683602066
2.9925207754658225,0.1330439996068077
3.141004247402196,0.14370845285493544
3.157031425592398,0.14787706798895267
3.161952406785388,0.16820428181778396
2.966034071339805,0.12498082787550556
3.0063781256327387,0.08577981556930526
3.214062783722568,0.003121083279962004
2.943289545887921,0.1548341662318711
2.997603631279452,0.0982762703143539
2.987491133401076,0.14592356558935637
2.740584408345835,0.25950073778241056
2.706217511296943,0.24617693310132469
2.8990547600955887,0.2772399288068502
2.8517662892415956,0.23548821817401497
3.0151770320544573,0.1833904793475857
2.8729388784841845,0.10608196766633872
2.9237362826461446,0.09858998495672462
2.899840010421747,0.09252372156300237
2.882859889322463,0.06679234366540117
2.9468343806650004,0.10794743480921344
2.94215952770541,0.1464530268239775
2.9131875546560173,0.023276381274256238
3.113067564632876,0.17338095377545784
2.95950345848585,0.20759776997485846
3.0000055034157787,0.2265399619568769
2.950336024258454,0.22933504625426043
2.992945159947017,0.20944834141755703
3.0288894151814922,0.21349341071793382
3.0500851941640286,0.23685949613588872
2.7884841060472465,0.2685034393087639
2.7825216842126226,0.33299966936145686
2.874296312463162,0.21041014183658388
2.8379415293266903,0.15352365045738217
2.807000149903004,0.25162013778050707
2.828978660576831,0.24827797391145454
2.8883226037031653,0.31928588066871005
2.773375372036104,0.1689369282413742
2.6744363610600437,0.23364047177137579
2.9594070391122704,0.334880423641514
3.0511921846952723,0.36402123312225254
3.0142649816306832,0.3371324314653808
2.958086009959667,0.3014115102146006
2.960835921004662,0.28789957921710413
3.040327437106168,0.31784547615333786
2.8937637007733104,0.1431881763869721
2.881057816873316,0.23488645259613655
2.8949605568608354,0.08529663015953307
2.7983164118611263,0.3732590603498244
2.8043071758401004,0.34772187624738493
2.7167124054578826,0.33185020053459047
2.9718444574343206,0.1955669427746962
2.919481806005168,0.17926812029589842
2.868270818404109,0.18081025994510835
2.8638486320923424,0.14645936305745527
2.7770183516660834,0.26036173363995213
2.6633541327016634,0.2157495603987532
2.9699125528080934,0.14081030356105112
2.9103853048702275,0.12225880580969739
3.027017129371475,0.08626015002423423
3.0196691085635026,0.05817010694315515
2.8975995668622483,0.18811513968452212
2.9872632119450873,0.20617659534713798
2.9105840582868012,0.12952913490164952
2.82041593922626,0.16899811148192473
2.7549305665229,0.18162967830826598
2.758444042713289,0.1700854779598209
3.094907719455668,0.14645537895284433
3.1691182627330794,0.17614726675205322
3.2224267341394515,0.1491354349654838
3.143748804955662,0.10536737653275102
3.1534035574473767,0.005729931908564286
3.1513972098552965,0.009300066782962248
3.0633930379019207,0.17387878452348923
3.065648380914052,0.1689432904369054
3.0379910902204257,0.23459578349702165
3.0330007262080403,0.21060475086365046
2.9195063984576297,0.12072315090537565
3.0610300581711862,0.20361221894957934
2.951552245295393,0.2597651013699648
2.760641167700011,0.19149652363268205
2.8006730127138706,0.26816724778061496
2.796472160170318,0.2677049146093762
2.8107565316215526,0.23143114771960038
2.995553640172168,0.11134413881213305
3.259832388407787,-0.04372837879226292
3.2421657185974526,-0.09949732579984416
3.2584176254331134,-0.07248924485372446
3.237901361570663,-0.045941312012492054
3.1766747640794857,-0.10137131801946916
3.176720808804822,-0.12832268008133538
3.1787634403028653,-0.10522437850953169
3.228591233833939,-0.04920056050922877
3.251143112529869,-0.05990188513105687
3.2122506593241957,-0.020736903662682275
3.2007575436224993,-0.030486664071285547
3.1083187801396077,-0.08760881112737
3.1172061472595027,-0.08193941268951652
2.8882942288774256,0.29882007949260037
2.761694357361159,0.23898267803246492
2.8747907009155513,0.3017608804486623
2.81241208502124,0.2603126336700841
2.934247866303253,0.21295827960825314
2.922763254514485,0.3160355565915299
2.9161235380569543,0.06398386752136309
2.8758391027598327,0.18148956071484734
2.8758588843067225,0.1853575211922444
2.9545985566766513,0.12626102143774703
2.8761455069090287,0.15772872790482043
2.865590275163473,0.20026509820914948
2.8548551499097905,0.2234053442085356
2.8603383307371435,0.20809074282828902
2.8661186160050347,0.12415342597833906
2.9059562391683578,0.13659227195648602
3.0349673434516724,0.13856293612710796
2.9270809501707635,0.18851059038083798
2.8432679100967113,0.29470592910575993
2.7955953005144503,0.2270120343992559
2.7976735907276646,0.2564172780076635
2.863031051300495,0.280896995996402
2.683149831136309,0.36361608742676793
2.8796143207161005,0.5405489724237188
2.817269571694888,0.509172355236377
2.83634814352769,0.49586217912071795
2.988000835416016,0.02689696502365142
3.008362045215153,0.09121996465183249
2.9657468310636066,0.09507572552265803
2.9923634345043952,0.13543884016772464
2.9889312514460857,0.07637646884888477
2.8751921904588125,0.24026388203614651
2.939388400975473,0.17512828083774548
3.0123665696990614,0.12752077521178365
3.1076105988661364,0.06167960125269112
3.0393359014915,0.03244532222719912
3.020920182363781,0.1774967889676975
3.0302056123742864,0.04984623666549432
2.882587756510698,0.19999930383785172
2.9256370317696163,0.13067437037335475
2.963956716885074,0.07612994479970919
2.946421156842412,0.08841321131931087
2.824856644029813,0.1411095974033407
2.8813349022444132,0.31621125235734443
2.867884491497,0.2813747164049839
2.8747438422316356,0.3746329738937764
2.7041766203448065,0.11684308008036234
2.8353273611754597,0.25083049603853025
2.8687779618583304,0.21349378102775554
2.8636176758511267,0.2298230107187004
2.866556855892034,0.22628428598414962
2.9350914985853067,0.119447862217691
2.902473271574173,0.1571538742618974
2.916209982229298,0.1707208989002287
3.0154056271369813,0.015344674145567536
2.783956861263204,0.3215543135493311
3.018888663956668,0.09077611999898415
2.966608778679771,0.18260603747519272
3.021705472453689,0.22226357042604392
2.8958118387820333,0.20765104116345667
2.957837102938407,0.17547970418100484
2.982593705193746,0.24521377777483092
2.9327289617063825,0.3138594404721126
2.7893980178260085,0.33321220285106945
2.7865595984839593,0.2377190206964037
2.8523526146286025,0.1912123355117886
2.8702906103644388,0.13808093982004055
2.8848625357551096,0.1668810811504352
3.080212983583743,0.1717777705890672
2.945664041853581,0.12633145893229006
3.0016954339824338,0.16234025285037082
2.7993574443754294,0.1303022336322225
2.7893091997798947,0.1472378561246461
2.8345205607967254,0.1740728667064403
2.98327959637087,0.09759203822541555
3.036770697952452,0.11822002831601372
2.9261646111189656,0.176117335649201
2.8017706495231023,0.23114244967585562
2.9311423108633354,0.10556466409328369
3.196217031143812,0.01906611066785902
2.850536864591825,0.22271039177523164
2.9534589359172436,0.09714893936999326
3.1226269064255385,0.04602036612567573
3.1040802775014713,-0.017574968091540903
3.0888776627674397,-0.022099066235210997
3.127946080798659,0.05894989547492687
3.0673463431475723,0.1694872804949502
2.9371375357495277,0.15651177484838613
2.89213423477705,0.1622088430159726
2.853216781583493,0.15726261621970056
2.8984594912388055,0.20286548761173348
2.8945899185172284,0.23885476369056938
2.7148576726348823,0.31940816816751566
2.7584445993611695,0.21910684308194642
2.770224142385472,0.24296640759879543
2.8066526530858926,0.12423665282373551
2.8341284491079954,0.12361708409122474
2.9858273301219627,0.1057095385168171
3.040263046378261,0.1002379741272776
3.0706814450395568,0.11226531289475998
2.8199188613073045,0.038223510256669715
2.779288640409201,0.1286609209585489
2.847833901176725,0.14565844810396797
3.004238476814522,0.14019522787490574
2.9056572363517263,0.12039947163622398
2.9096277431903097,0.11996574846689019
3.0908805192814546,0.06790644359802932
2.8656265332812967,0.14259053894014256
2.8955335601042793,0.17956592210560557
2.914111931955625,0.1721407627910872
2.9271331005844363,0.15620866862296834
3.0515455795779594,0.1792208273956471
3.015611029619643,0.21541106108994829
2.937336024378788,0.21409398853910092
3.036604228139016,0.18974495215749052
2.897581523726752,0.1672046864147197
2.923678074310777,0.12882057807797279
2.8418753563764816,0.24527835381865276
3.0946979765332965,0.09894811475173804
2.8999149884699182,0.07217984018596485
3.125027301719124,0.10275337381164965
3.0789106041537586,0.09281559857293764
3.056020228003897,0.07779723879952143
3.1066547822539725,0.06316131045169601
3.1057387310700655,0.05356243475561415
2.9605445351383026,0.1415278990191299
2.8514844944488096,0.22348113051421206
2.8633451081718406,0.19028501083433427
2.868957802628333,0.2138910525928523
2.932340802039345,0.22810554520547827
3.060973219335504,0.1323198355429956
3.0206683534621606,0.1115264624493394
3.0873667841609365,0.09090944778439711
3.0303170124305012,0.11762097072654075
2.99445114202637,0.07102646957919473
2.9830447163882257,0.20356898768593729
3.0901934385609864,0.0036563810467549994
3.0974434551845333,0.108342535199641
3.0252373469442517,0.18207996586313693
2.740504381288665,0.17712358265609893
2.889618453189716,0.24095537437850878
2.8878112780862555,0.1048122149643129
2.914666677270747,0.21584357301801033
2.9650116083643816,0.23850991037716834
3.1507057170119124,-0.0761312907267438
3.131763626034111,-0.08774346704308744
3.0802413661076438,0.09416923298082058
2.9548895471146532,0.06116320654557689
2.9680997344698965,0.1567505056246687
3.000603134093222,0.11451363683004023
3.131131417733708,0.06517642641313065
3.214466597115219,0.20605488708270372
2.9649539528375795,0.15381547568697893
3.0767108524578934,0.08028499236657588
2.967670406840403,0.060687808660867745
2.9839571749595497,0.0862266644913266
3.021410298884286,0.07586662887220116
3.129479479602767,0.007953838913336883
3.0559099511809507,0.04135398775204198
2.9754005518401057,0.14005908122674446
2.9096219327001327,0.12351779186143273
2.998295371459966,0.06875213923367644
3.0335356964501385,0.022362959482988592
2.9250544020449225,0.15906166452235615
2.877664090038307,0.09534416599729952
2.7941297896862127,0.3144333597363998
2.8970941735282887,0.13795607993292622
3.2035443437329962,-0.02089978269141349
2.9655079216565166,0.15087351307774852
2.9948201540252692,0.12774386934985582
3.01561419669917,0.08017364895025235
3.006861540815203,0.11366805836427607
2.8388321390889315,0.26404893904170995
2.915926553764965,0.1939486256221848
2.979161311336543,0.025995779531252147
2.945447314693246,0.004254168242069814
3.1082563579132527,0.04246671989075449
2.8496352705829064,0.30668075430481
2.8064550777190727,0.3201345193172917
2.774216307736875,0.22424275624111242
2.9603880922312737,0.1506403210085059
3.082940392653008,0.014192136739580051
2.911898548826537,0.1472228960326002
2.940512249973025,0.1856986517754042
2.8557607180449223,0.15985678083761795
2.8359915624621608,0.12610142185626655
3.045612695870852,0.11215032282752073
2.9767338761932662,0.1548926333799115
3.0691528287040426,0.1119580503203953
2.8510565371354013,0.18229668753259037
2.6629943021652394,0.2646175594242829
2.7607156850049988,0.17227089267821302
2.9022803012222447,0.1346143131531475
3.095654026757439,0.04674023493856745
3.109815405813723,0.03375324161167205
3.071102957044159,0.07036652531859097
3.1644723813643405,0.079165404769973
3.1695477910820107,0.10704916827473343
3.182029951543276,0.09909701464958595
3.051351622595223,-0.00196342039006396
3.0768649199893616,0.01901209927794147
3.076494112871576,0.16279854328554494
3.069483100415139,0.16783370665580982
3.0010404599882525,0.1032947087995261
2.9542678447122106,0.13425807876333137
2.7933453389217906,0.19100045043445113
2.7872597230579843,0.19621393983205662
2.980761510895052,0.2229308345850006
2.751620113911516,0.27575096809179195
2.7964444472379175,0.31870270629846215
2.7124294193176635,0.29363865030229536
2.715480586616968,0.2945875613468152
2.940653841700297,0.17222759682830263
3.110212933970678,0.018903398037812547
3.123695124328382,-0.011583163332749901
2.975874223298271,0.13133451126294834
2.8426145379510186,0.24868319702600025
2.920775463359187,0.2413470686494897
3.0233321551363077,-0.00038971889789688233
3.0332928110122945,0.0718133258160933
3.0233746607483467,0.1005219146318989
2.96391301861192,0.2564618145692662
2.9300957768319313,0.01111636500634896
2.95718651075769,0.07181540876097482
2.9674055597008087,0.09093754270761742
2.9476844499964026,0.08144527685500386
2.8573600798855034,0.2436142710866652
2.845378937442872,0.11467602508804389
3.0452310653057113,0.14158382222446522
2.956711287102339,0.07611059476671284
2.9592559149565423,0.06137462721576627
2.983632944312561,0.1639007430761604
3.096350374614665,-0.01562445979719968
2.93736789561778,0.16058274811386658
2.952205453579971,0.08964548999291114
3.095003420215694,0.015099051813582018
3.0988613257912796,-0.021037205690991993
3.1186817398114273,0.0849262659069195
2.974079791307981,0.251148629645304
2.980973381998583,0.23614891356953857
2.9802173301896873,0.20926416506460394
3.013059809355922,0.23878452088935484
2.8663961433169045,0.1758091785615091
2.873453706074326,0.21684243392330776
3.1168147144986307,0.06575165603503211
2.869927299755703,0.13562759943400754
2.926438133418198,0.18743091299400658
3.0235503709594322,0.2001031006208609
2.996387776833204,0.2545738918373563
2.993800883353952,0.21548877395929564
2.975800325384797,0.2316552983859633
2.946035779619074,0.19802313512623712
3.068588504293323,0.18391417483858338
2.955157092128905,0.1594941882393877
3.069342384345765,0.07856784605519371
3.2267867293778716,0.014319027645275562
3.1861957133929764,0.05272170966448227
3.0738048533247198,-0.035903089370456866
3.0840738831656607,-0.026248508049847043
3.009723631134383,0.12589159839482503
3.1494870152314522,0.14507219533666865
3.168696309455107,0.13390426110276282
3.0759305060731266,-0.000927930778205674
3.020566618971049,0.09609812997970713
2.9308812671522033,0.15083487032661852
2.891533415886081,0.08449243601332533
2.8783645596322542,0.1346575441455752
2.8396559318075227,0.13605211503116185
3.050522192198015,0.14309692500366114
2.77260189099889,0.18490543822935493
3.042742414105014,0.18487350127133995
2.89356112437115,0.08262552329406976
2.8791872261190967,0.12783293806248075
2.992795632387369,0.05097271908612976
3.0219617087849846,0.08300369394802629
2.902555325180281,0.09763540737066859
2.897555674354007,0.09198401495456696
2.924876179008393,0.2932529016261099
2.9446364747407663,0.3465690762297783
2.732483950730259,0.2182528142719741
3.0575757863688846,0.06780486717946865
3.051162361271374,-0.03317285875814989
3.056711896576274,0.027671571617988312
3.041563096172147,0.04097018387492
2.8461471663160767,0.2895665806719995
2.851958459143978,0.14378614879677493
3.129121625947744,0.13303847518787604
3.03586832889728,0.17580714795572447
3.0106265102860363,0.16821380857365012
2.992854545560124,0.12506941349241016
3.0049077242823596,0.1915122547304217
2.953179358383425,0.1831662196633948
2.938943795039207,0.056277641425652454
3.161974374811573,0.058455285557302464
3.1191176628277217,0.02674724764298581
2.819793133516381,0.20094518415039242
2.986336267794531,0.16057416303165212
2.9994662680753006,0.11485291789848934
3.1337738143111733,0.09283730538603954
3.040288869711664,0.06623085215712055
3.0526596029328354,0.11916219439514032
2.9076365550039602,0.19108142215120733
3.0418191725998023,0.028901038839708754
2.9712844897937454,0.0033163013138489002
3.0025699105434827,-0.032456624506970295
2.965730354490416,0.21891972327609593
2.845084595485052,0.1836665050892072
2.8705018323210094,0.06866891797578156
2.9217358778543585,0.1321457673444406
2.9800603468456144,0.08471911810372762
2.9223296651262682,0.04251356042305341
3.022077566321491,0.059810113746187464
3.0266210516370946,-0.01562263829398155
3.067296452332122,0.11757958065208322
3.0754472558342902,0.058967926089740566
3.0709975375345566,0.09406977893681172
2.8824383769663777,0.16977579709196108
2.885031970754538,0.15137779396436027
2.9281865472440662,0.1635904125235613
2.995190155989303,0.06486661466568125
2.9777138190944052,0.10161338647430446
2.962532674189087,0.13409760822392147
2.9973658837556094,0.15928438122539032
2.993363228619311,0.1541850568968895
2.9122706465588224,0.17504406984957088
3.08489085615872,0.046008977139271164
3.0135649364487835,-0.009553215399216655
3.1436397373099663,0.00406977155499558
3.050708368542095,0.022283736418546623
3.139131315034756,0.026946438361460164
2.985490114598129,0.045349949222074804
2.9798396047597415,0.035677352828176565
3.017919443736723,0.13200189359950792
2.8619071706836428,0.1953251367122757
3.060107852086737,0.11313120898775181
3.006671306171177,0.1237039026451897
2.867882600054976,0.15186075822912842
3.040833440052214,0.1566394492257977
2.969483170603901,0.012552215654020659
3.0012107548409066,0.005303076552774434
3.116873012213686,0.11844017241134382
3.0124686397708293,-0.028110149112594216
3.032065635124781,0.04054843733036697
2.974633364340894,0.0176488387067416
3.056339999740808,0.02306072769619339
3.0519918958699073,0.01885910024803221
3.0492487651511535,0.011557581076451951
3.0914498451602466,0.03611718215686447
2.8562162096573958,0.2478887674876414
3.0434767953268076,0.11530234489075268
3.1554865938170567,-0.08301041353498693
2.9746243116768145,0.17289000943058397
3.0285337752325496,0.036129074278667836
3.1283423424020915,0.03524334043245315
2.9497113652956894,0.14017989405904896
3.0187473102501006,0.027027287841364312
2.8726135184326145,0.30257467105713376
2.886841332411142,0.19669553822341335
2.8866354855406122,0.19593324547503477
3.0006223724162178,0.04477508211954536
2.9098596167601727,0.21013100428489634
3.0571762715382365,0.011977504176639613
2.980686940751929,0.17512563670896553
3.061763045541895,0.17080146269213017
2.9564598509906106,0.12320699698349832
3.0339276783369478,0.18970501815197097
2.8766855150101005,0.14952663293790586
3.0620317100928633,0.38524457992131284
2.7040970651423364,0.10209116561106302
2.9563504478773064,0.1717491647703866
2.982649348940023,0.1864638277947015
3.0940871095074574,0.17547790091654605
3.0198793923239204,-0.010580790545400303
2.9143381534996835,0.06115347355861909
2.9157373820219434,0.06371079502652376
2.9301482563273087,0.1369181839848085
2.9326608705570933,0.07577453181921619
2.9377592551227396,0.12461022421277311
2.9413541592524877,0.14901925407517844
3.056566742117664,0.142415053923969
2.9350101885256397,0.1893621663297183
2.8660932128520606,0.17389329110346885
2.9866914842410273,0.12871804610967705
2.9410860505368306,0.14368688817678127
2.869696568702057,0.2634145286493887
2.8295789989212206,0.1557841741387024
2.9194786698395703,0.202102817485799
3.1349127540418285,-0.04702062404067343
2.998411754056371,0.024501383030903965
3.0556155727882173,0.07733966031264569
2.877431667265549,0.03895153436504427
2.8691323994669484,0.07005958572593417
2.891185318808187,0.1471273903906258
3.0497961149139887,0.05137887813771529
2.945889721489487,0.04071495281151461
3.0826422261259174,0.12084862836334068
2.9538557374521415,0.10338485950053866
2.823291115112961,0.12871054424741954
2.815905266242836,0.22023756018518015
2.7559216020869943,0.20507049868288954
2.993956246500486,0.08624456980856914
3.1406274703384365,0.03512577050064765
3.114540685440253,-0.01847864611044552
2.975401188061743,0.11870561292739354
2.8829937862059203,0.30791745476457
2.84384194349818,0.28029845136450277
2.833656356348851,0.22471939810981867
2.961057372303707,0.10629687841997791
2.9743936021578423,0.12977406841501757
2.9404377281687792,0.1389528548649437
2.9035835738617024,0.08765585356353464
2.886603936333033,0.09537150447135345
2.8528527049451804,0.1729324301339822
2.869942672733832,0.16135861751254008
2.916890009494434,0.14119277164609023
2.9105464394434852,0.08443827748067222
2.8965639188201835,0.24263661382089205
2.99711243016362,0.22648500543400288
2.92223530283764,0.11262969717798706
3.0721899839993103,0.09393836105049665
2.9000066079868474,0.18968667981345633
3.0173253455763844,0.13291837235797585
2.7873528596310946,0.24499879999177093
2.913088719675784,0.22622932314760846
2.8882281924367113,0.18918267675149494
2.8922613005905524,0.08256689482354694
2.8894059262079295,0.07358883672493133
2.857144217671388,0.19336050529550922
3.0276231733573424,0.07328378487393111
2.891811042890823,0.20333897752315833
2.859946760716837,0.10379755434198763
2.8898580734221144,0.18011258377909223
2.8865616488977954,0.18905298689580965
3.058039182702403,-0.0143399663707869
3.0433091147084337,0.0031103120210651293
3.0195450004299302,-0.02779817736166573
3.0231344219752576,-0.03649759006135902
2.9187847175898103,0.23947336375470182
2.885810783515746,0.19623485004330338
2.950555441368461,0.14260087601076482
2.9337842530070093,0.12884010809715837
2.9841068724001296,0.10315789106892179
2.8591229886917664,0.29214286355155894
2.945110416394712,0.07159021700900138
2.894535286241594,0.08651884223299844
2.9417003022295223,0.1662123764809534
2.9706784378389752,0.07008195957861263
2.9190824868526466,0.09949345780768468
2.732179293990355,0.36307249035375205
2.9052795593290934,0.3332762794631974
2.761264144759678,0.41655215958367964
2.8009475976709344,0.3271488687508707
2.9921129687229966,0.008897345500083658
2.8533981468586256,0.2904052408538787
2.807514909813521,0.1923843226001151
2.918188609894917,0.24496602740304277
2.8577080930166137,0.22566772698472998
2.982258643148901,0.08973887452479308
3.2562017158510344,0.04803198453920555
3.1187899985867222,0.06346022031555576
2.867303204228617,0.18287701805367285
2.950342897563625,0.14035566249655593
2.942438970650323,0.10528882217012409
3.0665286578539805,0.09118124698664219
2.9403248546594636,0.12342433562016004
2.934609583061752,0.13024848370522768
3.1402682999829703,-0.0008237893645051264
2.911616108364526,0.1144396671014095
3.072389057952711,0.0975888175623205
3.012192887612041,0.09131656566672189
2.9943103933260677,0.11300023967202916
3.0758727081162176,0.0614378156498789
3.038526849694043,0.05198510936221455
3.0225419061116376,0.035017113651839786
2.9474369755469283,0.18032943085214448
3.101539002162864,0.19732324288799866
2.9974995785528735,0.10861158652107043
3.007994827441552,0.16953004148085002
3.002280301229818,0.19589413041012688
2.8830325763766718,0.1612452558060769
2.921111437461137,0.1436107627650756
2.8911798961646626,0.11066014093749518
2.99614426137622,0.11491435323433885
2.6809762700768505,0.34723449432731246
2.6574308760721017,0.32148211108307395
3.191917275951481,0.04440812441585903
3.0499097299741056,-0.01606786472289706
3.0563713917037,0.030157421333602327
3.0604383927996643,0.046419537745703676
2.997107019950071,0.02760289917770262
3.0198170628911596,0.19669110814461976
3.096962332074956,0.20139297314703394
2.9668418328423733,0.3020906254476377
2.882478507309333,0.33767129259164735
2.931855694224792,0.12482544687134811
2.8937312147558063,0.17213977554972612
2.857828243148492,0.13767548170152236
3.034466160638108,0.1602201912993324
3.0692231778851906,0.20549145819509496
3.0216031932258516,0.2586103647077992
3.139928014980337,0.23299854985728596
3.1288763788842857,0.21890742284613215
2.9921480408648433,0.18269442100976613
2.9149525802301124,0.0519092336255505
3.0162832437686635,-0.01634120843360014
2.916611291076859,0.2820156059964326
2.917975684946894,0.09724991523819634
2.9811333501279957,0.12953820427072887
3.1011242344357433,-0.0016639479348041814
3.0840680913831076,-0.013112608750769065
3.1090838076692093,0.11767451119519602
3.086807981625408,0.04922743622908573
3.1498081131951627,-0.01881319496228504
3.3251517610401278,-0.036504716149173055
2.7498849085587564,0.18872992534673386
3.1809826308908407,0.08162266588282158
3.077052414909385,-0.058506368391236296
3.1257908697776586,-0.003756082045471271
3.013333479429916,0.06263303263773963
2.9464268713575636,0.19462474640500366
2.9108795883567002,0.16086244039637845
3.0045872776823006,0.04795093438283733
3.0862884968171653,0.05510728979880006
3.2160943581248906,0.022430451536223767
2.8979391550021645,0.09660059118764615
2.9802588236601566,0.16385275038324393
3.032511143777425,0.1855909384421743
2.95039977506284,0.08318455625551531
2.9768453369094927,0.06344069048367734
3.0064421620099444,0.08045523161348607
2.9031677201549804,0.1137174455444958
2.908236765410837,0.1424894343005548
2.806822804171312,0.11718070448329654
3.0970811153676356,0.126437016260775
2.9272727934963263,0.14496050697483284
3.04648066606726,0.05483195572050528
3.0121911059054027,0.014387742128701397
2.9644949255600466,-0.03022444889040648
3.1146458398500827,0.17275550640762805
2.7026015080993298,0.1226541982211582
2.911339697524908,0.13859867772738044
2.9922454818370685,0.12396766110506767
2.91773911654627,0.14313398572696673
2.988485221973596,0.10895026837339422
2.9963932753751146,0.05309484764467427
2.937221771881672,0.13087075602863082
2.967279810703193,0.12267301862017016
3.08278124339032,0.052939800819662645
3.0568024682554915,0.03241713798603592
3.097857475317602,-0.013866317720975345
3.0562838768616145,0.13278752515083508
3.01267886913733,0.17359806710195375
3.092001158184668,0.07071173580110937
3.230187313876646,-0.037967767816801674
3.0494660893830785,0.0703232635880763
3.0641984774750606,0.003590461471365642
2.987695214378993,0.04815266855286718
2.983480952244377,0.2193879470959174
3.106842344462564,-0.011199098620837187
3.0952324077786915,0.0948432006060352
2.9761373856063895,0.17915336096792484
3.0311249577885477,0.1713348741667425
2.905454254638715,0.12850719289669504
3.0127197465042874,0.10933129492996248
2.958597389624614,0.22642744625204494
2.9439562864671043,0.2824813231689425
2.88525031153698,0.09628280829787413
3.1051661140370395,0.11589084987290998
3.0959555386529596,-0.0008636038723565856
3.114677879059267,0.017070287345845907
2.9078042468990652,0.1294987954958696
2.9045367655691394,0.1297821288713116
2.6932106535177054,0.4185623943556432
2.639058905278548,0.3155167160672309
2.700319516780173,0.3101048748404152
2.964464138195092,0.09685234532113199
2.8255471995049675,0.19702202559530393
2.981799342373033,0.3530576674006907
3.2106181615665967,0.18340309696265983
2.9908064270133474,0.1179285785495968
3.0446246124877345,0.09361262067763255
3.0715616314598866,0.03321603152161915
3.0523014062964373,-0.019501285700935882
2.9667235288326776,0.08577421111949307
3.155467128801103,-0.001987468328996862
3.1097116296960747,-0.0031526178215915634
3.118863750008548,-0.020844085560129937
3.1571271682404607,-0.031154804756604263
3.042235429346572,0.06522048894951005
3.000568220794423,0.0867345045290167
3.026311527362754,0.0958688252651662
3.0242620359683854,0.062138686720011244
2.908556563038486,0.2226066579495998
2.8884002470002073,0.11073897733019082
2.901426549285586,0.1222515813358411
2.8918794901931504,0.02585211984412796
2.9496360475935095,0.23716418803402392
2.723907060821218,0.2260276194091604
2.7340314390194562,0.22725301404634116
3.185120169087525,0.06439107730496317
2.9438022937220083,0.0711241639512333
2.9592775804241787,0.18310221027559692
2.9564779568812307,0.18492304187241557
2.995517056870922,0.15413595870580798
2.944956194941014,0.094834755091324
3.135348432777398,0.03766557195693265
2.855723603569286,0.0737678647841718
2.855723603569286,0.0737678647841718
3.1041470104379285,0.15530196156516496
2.980988475309068,0.01899755491703611
3.0392633509838665,0.09166650139836659
3.0939275675984614,-0.07268090759530872
3.2697362477345377,-0.008702193814667962
3.273937047948617,0.006100665888655786
2.981991867726469,0.018202855716194403
2.9635829990671114,0.22291181478350106
2.886239792590013,0.0565191014041584
2.920573254659973,0.06354057576961163
2.92243960749635,0.028139064320822336
2.9032334719098425,0.11308521308238309
2.89615122603824,0.110073568843748
2.79355434760806,0.15176952598393034
2.9356862541877344,0.16783415992706527
3.18566121165682,-0.01810902693404105
3.1265716339083935,0.022313902508597286
3.039319526526025,0.08315705711193834
3.0384745746588004,0.06072247965097927
2.9269736236283173,0.04365683549110355
2.906016890719866,0.056922278221307486
2.934664074261409,0.05586918042068733
2.953575665293842,0.054766802719244424
3.0784572812391975,0.04393698407842121
2.769269991628094,0.23370236088946408
3.0091531297400342,0.2792059579405648
2.990801770512717,0.2639425620367125
2.94501854090098,0.39356086204240015
2.838867472187616,0.341749612016642
2.7060552374943363,0.3466151086027428
2.7977996814519197,0.2976729993109725
2.8034324388505136,0.2944339866983143
2.768837597561154,0.21924302937844115
2.7648975347364453,0.19154747314360523
3.0235078547395897,0.13401296049532424
3.0048001288966137,0.19593516945332734
2.8548015393604427,0.1074367328090853
2.9094547468584677,0.11875398961167034
2.9147085879167656,0.09905905681692304
2.844456201411324,0.18011613227879864
2.9173573268748503,0.1940601860032777
3.0594051903577157,0.1767071493175197
3.0871891387686325,0.08270505146475605
2.987194471280029,0.15206009268092568
2.981311408397169,0.15349272262966052
3.0356892797826434,0.15688396604264349
3.048305968619732,0.09791428181413389
2.9501666971221336,0.083749975799847
2.99467424854767,0.1151553941570666
2.956007894504496,0.021111635217778934
3.082903689148212,0.09296200179620889
3.0591290046671915,0.04316303692732942
3.113780205271903,0.06444401493615283
3.0125839239472785,0.15685117566275023
2.8653533366060255,0.21340186728324487
2.9680956744521954,0.2119711333581243
2.8719759488368104,0.13464872463807792
3.0246674206609176,0.11673966082085328
2.988591164047503,0.11036434951469168
2.952724072401541,0.11069645153217882
2.9577030070145574,0.14673103905658724
3.0594859450206435,-0.008913055032334954
3.090068444101604,0.11709850375743507
3.0239765056270578,0.04871582378533581
2.9783015184418775,0.030615999846452732
2.9146383502267947,0.09103072028510081
2.9087389859523975,0.08967660254604248
2.9082094443733806,0.2221321845364463
3.0623656179444665,0.11196197134838257
2.9897417353326423,0.02438718847048134
2.8386526816285187,0.3106105468399407
2.7705675168425747,0.31689698451732407
2.7647550168013884,0.3085747647833707
2.940450991866567,0.0789181191091587
2.9311701312173564,0.020633388780389627
2.949702133736808,0.026284933384138717
2.863514232667555,0.22491202945716626
2.876019418798738,0.2350540716400318
3.1278823621928704,0.04220124788960476
3.1227771400093065,-0.06941910690324564
3.0986147673496687,-0.04937837035129905
2.989816471325038,0.1908393262521862
3.114008643082495,0.07196785103318072
3.1095206239283426,0.07349348102432948
3.043999305796015,0.008715503035528625
3.128865022800286,0.05558652776787793
3.086336916480353,0.133112743963758
3.0678489081214826,0.10365011220006
2.9947803818524426,0.05546757621279933
2.853486602736199,0.2822355644325647
2.9952731870083444,0.030446224740127016
3.0687591914861,0.019155600515711177
3.175565354731764,-0.058844494489046426
3.0965425204796713,-0.0051453184306478415
2.7676342277488994,0.30387592090163235
2.905970724548949,0.32693774227250155
3.0318723774535865,0.2728618198925993
3.0851334324764226,0.05974356422908459
2.9511637541440594,0.1256658344834488
2.848638456911415,0.16297389331915116
2.8637343312181414,0.23356527120974188
2.8311661924809775,0.2036149765696258
3.0421491184047182,0.06316599750993379
3.12723722220041,0.0011709653429557887
3.1245225731191386,0.0013172274686652167
3.170978623725932,-0.017033718957216754
3.0106412598388625,0.05605067578545041
3.0595770145080796,0.0070427165857792915
3.05976367050476,0.013637450950189098
3.106893602103472,0.06043244338373265
2.9663827396538145,0.018632704622796335
2.942723385469874,0.18660837112562875
3.1327096088229536,-0.03696485927821956
3.0161728280638807,0.13114306857807612
3.086270477163743,0.16734602475668978
3.0287220332551645,0.025889116976547066
3.0540965261690016,0.06114909038260898
3.0664908987463293,0.034616872291619395
2.835786506193029,0.32783956901014377
2.859389307674027,0.32862317824247195
2.874931320479522,0.08088761133051717
3.0602116056299002,0.028599115454406385
3.020571724878116,0.007709956465050116
3.0252367216944793,0.05963039453370508
3.0036109190537537,0.12224257463395384
3.095263124509063,-0.026158050675823136
3.1171094555364682,-0.006663003591440286
3.027565479775953,0.19235981451651
3.019752020275336,0.23684770983689643
2.8844954083416625,0.05314748107155005
2.9194282980759745,0.08653645346962983
2.9758314145966467,0.20709532911369916
2.945337807496873,0.05414484040300104
2.873861880380654,0.31289796587392876
2.7838120186071915,0.09495357988223888
2.903377174817132,0.28644002371381133
2.8103629519766913,0.29229837630040456
2.8286013432535353,0.15625004940259188
2.9252723255184168,0.17865948339939636
2.99194555477313,0.15506268275873566
3.0420618910985957,0.1795394592479902
3.071646346358566,0.1360039534293245
3.0706364692913892,0.13502410064784545
3.0352286606565686,0.13492336651466655
2.8710585713304626,0.17928112778296995
3.1142841566797403,0.011887968190520381
3.0778858193211054,-0.03555714900047766
2.9554932622233663,0.2008010485169709
