log_sigma,xi
3.428919148336087,0.28435744524009
3.520725129867802,0.2155488902063202
3.5627022787418814,0.11820200971067178
3.625098423359493,0.1451871430858617
3.5664708739216757,0.2044072090825477
3.1947418648004526,0.22921407509512318
3.172759692339125,0.2892917874874336
3.4789281375857333,0.10516893559311519
3.5965674713829867,0.1536852833592462
3.3623819134998847,0.25323076441844006
3.260508247463152,0.4503975947427732
2.9026966015101925,0.3351602910104817
3.0009769611112023,0.4326263768294754
3.0073227744084114,0.43335358531249124
3.382319465779024,0.46340342989463484
3.336748139776891,0.4557151688063614
3.333455219009687,0.3672611567971721
3.3037515417121375,0.1266369242044491
3.4153216503986776,0.14353040222003516
3.503361777603644,0.19534937067013336
3.2408605458201363,0.16463227086625157
3.3913533794907553,0.14441156060303975
3.3290060479255428,0.1777415242797903
3.376844545620203,0.1639671362974726
3.4302159217540193,0.04838402458861125
3.4371763280842513,-0.0787398310394344
3.4937194436618606,0.2197599460575345
3.4666550807829855,-0.02388686457966075
3.3897158372694447,0.11276224956684743
3.1788518564233774,0.3327887313826571
3.124520525311761,0.36226697398078617
3.4145339376645603,0.20182603098903965
3.2886463219114455,0.2523870040924667
3.2563276849380602,0.19543376048544434
3.4581148335591383,0.14157614570869884
3.278904017820141,0.0777337831123755
3.2537689634942457,0.28092692972073585
3.3909087185592623,0.2156287044302523
3.222338433614636,0.2691951163337245
3.343078760824625,0.2047639409066155
3.398681389517457,0.18670691787069935
3.128558251628829,0.391044005446604
3.396081895503302,0.14055313634930539
3.4425183177390557,0.06839310220993236
3.5539572917153346,0.13332887218611855
3.35309187338226,0.06136798802908719
3.479928937019202,0.0959686107981778
3.6597956694398985,0.001523972307815697
3.6242166482373985,-0.019819070327693374
3.5534309820125443,-0.06899188545572889
2.955296108627322,0.5283447456662339
2.9210401574261295,0.5212054772184649
3.217610394523037,0.16645975086991077
3.766206122978548,-0.017249434015580725
3.368960166166158,0.27422221831008003
3.378997878982387,0.2773218536218315
3.3333567048571235,0.11729109907008553
3.2783429638381736,0.17848884989407202
3.3288286383538828,0.1317725988853164
3.1786437301739583,0.3950062658778919
3.104101967789493,0.48010025216448565
3.11988284154611,0.4363219418770931
3.2236472205123934,0.4795542540846
3.2083063306399118,0.42306294994436755
3.3551908083364097,0.06554016543168173
3.3730075027382527,0.1506599749521472
3.2991044137848093,0.20070590414576459
3.287981257063183,0.27534406907968884
3.226042081010593,0.2578057535256696
3.291498268220851,0.3174098842257808
3.2730293640610197,0.30792147371425393
3.3155000331406237,0.12708819808015775
3.2360505665559716,0.19625361443037587
3.402578298935804,0.293107147307118
3.52565838128002,0.1564795287808939
3.487885937203844,0.1501652116217
3.412260081752007,0.05244866389583398
3.5069654985120464,-0.03322638586969274
3.577933481467964,0.036727842333494944
3.4849056643987923,0.14643614221736576
3.363318346604885,0.16411731799062546
3.3355570994370067,0.16550838754528815
3.4161016750615283,0.10338452607895741
3.4523773836124123,0.10481413312207336
3.204087511900691,0.2599603531163623
3.237915817624654,0.3343672788532844
3.114421882357831,0.32923760580182426
3.4510507008662215,0.11845480712394915
3.233139066719475,0.2215438130197513
3.1567807324542243,0.23137700590854796
3.3161842796208303,0.20540834495413304
3.4530182287587503,0.19384142143378327
3.450244936817018,0.2093804217463132
3.414710952917387,0.20229946623506506
3.151468680456207,0.15613796207939504
3.3500952588812174,0.18641641300822703
3.379689586801401,0.16747817987970198
3.047808529903,0.3404268191996549
3.4719974954269275,0.058403936087513084
3.3386273076289843,0.16167116725779293
3.263300113122903,0.3114667059413796
3.14308986020484,0.2908501163379504
3.379777101823106,0.2952003500029305
3.360393702551778,0.1291065727713761
3.268823905952855,0.11816648761876596
3.2483859995894186,0.11316792699887307
3.268610771273153,0.12487736837707684
3.3414844180208862,0.27046797040386084
3.2859908954564974,0.3100501431842664
3.351480370733538,0.1590168562244795
3.2476726055362377,0.2309240279539963
3.2053822965666523,0.22581231963878162
3.25994837281902,0.20899548075563948
3.2500227446859697,0.06842696970886182
3.404008901669247,0.21403219112662217
3.346568930271377,0.13171873254907215
3.3103764990686546,0.039153440546368976
3.635455033059807,0.04967953888133359
3.601118164338775,0.06346819312698558
3.2128532599860278,0.23968740834029795
3.2650417428867566,0.31738333714601424
3.3641805178975024,0.281983874578546
3.379962665288766,0.28655266240688004
3.336095440582863,0.09834335783166628
3.6494209373965605,0.2005835288054683
3.658852909608144,0.07814251937648284
3.585770360001536,0.22785216993871732
3.17725935329849,0.13232394275775597
3.194114536938371,0.48252080687709786
3.189253026205191,0.1281180969283209
3.4293007006805905,0.3339812182985222
3.327051825295751,0.32501686372854177
3.388373140890748,0.38141280478218315
3.367916710442529,0.3053566553238774
3.2543646545366607,0.11972083768311716
3.274804112786483,0.17388131516174105
3.1977647926190507,0.3454050306440979
3.0609590533502553,0.30178155111623717
3.5081587428057732,0.22028451642850533
3.26014458933653,0.3691420823849163
3.066959528467671,0.39660214387519993
3.5312047271606146,0.13652332574221893
3.448657532166506,0.08388954165382773
3.4536907937666177,0.09599418298469387
3.4644790146930644,0.15018226513475297
3.242175816555912,0.23858497341623505
3.1688545500029544,0.153806209796759
3.2154396200672326,0.23057040015253127
3.34718725194506,0.26058658873461865
3.369994373081551,0.27553048167479094
3.397564692852996,0.2436252181534113
3.3497142048121242,0.1255035954898626
3.317730081118239,0.12461761330730228
3.222643703150752,0.325186014059792
3.3681597147149183,0.3524618723461197
3.352174784299475,0.30266833620272376
3.424054170742468,0.24634821631318762
3.4561343627354124,0.27660460714855317
3.191224859121933,0.32592931332246783
3.2238675934577015,0.4444584464042326
3.088747646931197,0.13472878860103177
3.150020856152835,0.31944911065919435
3.097414153573027,0.33568106832672506
3.0323666725898946,0.30336196927162595
3.1858083962725887,0.17771047661749537
3.2490079705312165,0.24494443250833423
3.430189250830852,0.14110468060901218
3.2451491700214907,0.20315721753757893
2.9449174444894393,0.47130736409753876
3.1597347290103275,0.24822525380230187
3.470792541922137,0.09599247684099328
3.2767318770833476,0.2971255976998086
3.376522855636356,0.21845367125001672
3.218271625686105,0.21337268562462675
3.1093265410388904,0.3252870018255139
3.1996018979342504,0.46760975734869337
3.40029630392714,0.09636894074580511
3.5652639506928634,0.06938887438790327
3.5733568237314928,0.08205546363585317
3.5499771281158674,0.04732364390406699
3.2921264935356365,0.20769690939212196
3.5193669710685525,0.11490443289355066
3.632187202606915,0.11296115428562657
3.5402101311403844,-0.06809506591435747
3.5508405461852948,-0.11477851098173127
3.704154380952538,0.0006265755558297118
3.5501186996404983,0.14536747367458058
3.0350635549569898,0.28821671720299413
3.4817861336678617,0.19721364781347872
3.395846951817847,0.0960210422480802
3.3318521380470094,0.18626471891707444
3.3471973525128185,0.1564725074210646
3.3201054869964644,0.2115281473961479
3.2588697630379255,0.2203007661714811
3.2115475462077336,0.09276264230204359
3.4110692864534706,0.14902582075501927
3.347202331260878,0.15821793535753825
3.630689766457057,0.0237575148267778
3.5557980452500955,0.05700959062410665
3.582520915040881,-0.0036097878387990104
3.614748398994405,0.02672572279982863
3.580768451893849,0.10965149948494
3.4993672092759884,0.0497454964824152
3.293095655777102,0.27055434206957774
3.2982268639128285,0.30787028041954384
3.4361295453695506,0.09488197792276085
3.4793827777188158,0.1811370295568533
3.4877330350135853,0.19453173288031306
3.473085547599048,0.2580113441347773
3.4470898201518874,0.22336444157408433
3.292044425957074,0.256967834500553
3.25482823281249,0.29474316457726224
3.242951434482259,0.28070747333099494
3.365026908750487,0.2590334056189197
3.417784119863733,0.15456097075297615
3.2823145622413548,0.1970680438453805
3.5733920363615423,0.0757666103947682
3.5409523262672318,0.08126839844533026
3.522093925812466,0.07102058721000025
3.1783917108730795,0.24664584671088854
3.3359550601439434,0.3632398408192724
2.9467247566638384,0.19718914714381638
2.961064614542093,0.1983780050472387
3.07215619740936,0.18683978179920885
3.708923511479867,0.07187157452820184
3.6634350717965627,0.08667413074333286
3.4992003119493433,0.1283210181780238
3.536840842826116,0.07957416475564093
3.3096682213243804,0.09914468159174904
3.22343149132432,0.5024220548217095
3.6552120018243004,0.05883246705181145
3.6938284853609944,0.09961915595449433
3.60683774945925,-0.09812143119273883
3.3465377166268158,0.26232479973670186
3.3975272338147,0.23125038734164455
3.416975870634934,0.23150116137198934
3.2279347679967936,0.24720893313603878
3.0967219369468864,0.34960252905464484
3.6015976549175197,-0.0026735335288124913
3.5347749217084523,0.16011954518368057
3.5455941380465865,0.19455844773948675
3.3938301356971063,0.01581669787435018
3.2365763906742293,0.467794980534675
3.29647621517843,0.5051472080890683
3.3089579917294656,0.5549858258924828
2.7928525268654427,0.3797606610152212
2.829509465318816,0.38934639295458007
2.8357304087423283,0.39742821147712326
2.9109297317047287,0.45872049432652984
3.2029423660017904,0.28242257475733307
3.3116165444608416,0.3167228277586391
3.364313433882788,0.10970507403540031
3.265177558035301,0.21095377432670775
3.2485982914586935,0.19502493159650017
3.433543084504533,0.07515964895554325
3.3233776670722426,0.12439890521618144
3.3438548176220895,0.08999629301759243
3.414796390178007,0.08742145078836179
3.62579125456381,0.040119388566563434
3.568126115580443,0.07272026748236116
3.487408003736357,0.15689942060108503
3.423918724803891,0.08552654887600951
3.421536435818061,0.07998023438551807
3.450721751427229,0.10528232837285924
3.4490011304974293,0.10865629712138061
3.487982320855242,0.07400244501999333
3.5643381615700918,0.025652692423519193
3.496907071429622,0.05068466354556773
3.4747839935181015,0.20549897416315097
3.3857920769874035,0.014170531265299954
3.478797173652506,0.04202616184416391
3.4274387774974335,0.11201163589207462
3.4079542067001265,0.05246442190270636
3.502220452413366,0.2774090498659743
3.464928066888376,0.20941255040854778
3.575162451848283,0.11544749477579785
3.352215054495088,0.12243185762301144
3.3410547184608514,0.06581000090441201
3.2274845424744094,0.26611923065965687
3.202642642437056,0.274299015559107
3.196965406347146,0.3094531494678268
3.3684146046611576,0.09352191148623754
3.3830750704247197,0.11144030500002315
3.29761268084186,0.1740154965884038
3.007596412570486,0.33943612399654705
3.5868138736887722,0.08724942160169462
3.525968439349769,-0.008724136305935565
3.556859034052897,0.0285617023457823
3.6169961381721065,-0.0002379864489234971
3.2877988654793806,0.19013131178387963
3.2124689044471904,0.1467899172908243
3.077834822437805,0.3720837503035895
3.347594826172477,0.29489717493289086
3.2919331448308653,0.17072570614792157
3.3222830897151208,0.15676889628882812
3.0950505462047557,0.25958097046022555
3.600917673210451,0.08268820108349828
3.500613215687475,0.036207368688040885
3.313298472938322,0.07818411336945383
3.2474795325141588,0.07127356467701267
3.24824146500126,0.0768544987059683
3.353477181511475,0.2561507972297441
3.3958761327342004,0.23807398099832508
3.3531843828565577,0.15686932018698105
3.334875037979548,0.19044929801442267
3.1624206591275144,0.2427552331032284
3.1192683238688024,0.28085800251244203
3.179700695092806,0.2527054904301882
3.16065430943758,0.2515068878265053
3.2526757865108364,0.2796898785286149
3.166213784100695,0.14306637541491635
3.245786847020419,0.2672671770401578
3.6045617493818742,0.04316258495215948
3.277652687732273,0.1354605587485022
3.482440244930013,0.18070400024553823
3.178703766507046,0.15127629422358793
3.183117307336476,0.1842945508298536
3.2299212222560807,0.4334851149556222
3.17351931031044,0.5173588578201179
3.1295187110191796,0.4745952802148642
3.445723916968161,0.05909385740456355
3.3322296570915197,0.25840165929235526
3.383760950143877,0.2726377468054296
3.0607721520211406,0.4023236362966399
3.4335629722354266,0.12909238378827326
3.2728100521080874,0.24381933725933527
3.409566142912457,0.20263594778814956
3.275369468839888,0.24235730575539113
3.3839727747948416,0.14023379615959664
3.4094997728651335,0.17182672531472237
3.2618783010849315,0.22266002782242086
2.9328475966360057,0.4029121498506152
3.503324170145602,0.2074535187496263
3.309833530274657,0.3355291828798918
3.094343472605855,0.3737878602027607
3.0894299751776124,0.4035331087179594
3.357523933460724,0.16867998560727934
3.508958605428981,0.0013496125684481343
3.3113570111781048,0.02712429195928982
3.373384735847467,0.033452769727109324
3.358747457066001,0.007318931580356899
3.502798217896034,0.017706752482751775
3.4499837818935215,0.1395882541434536
3.4480731461952536,-0.012931907827889538
3.636482323388646,0.12475791546564287
3.097887695021511,0.2067739279387238
3.2060096622270415,0.24393586786489035
3.308733459295622,0.17165406033211142
3.262770470238189,0.22625894632349128
3.1370352741671272,0.20546402530878993
3.3105332514888026,0.345382504659693
3.3814774688537925,0.2102418329321707
3.1730048504420245,0.3620403623116037
3.143124669255388,0.3350258297315428
3.114914309743372,0.3001892407098229
3.109699213679224,0.2693798582302354
3.293677639742029,0.34965887930879097
3.3328812329891457,0.22804087374794169
3.5743910854346583,0.11434855771151567
3.5359858247209917,-0.02259688233116405
3.371643949520963,0.16021011498414386
3.3502271255870903,0.15053779604224632
3.5649217397006234,0.030662185362958384
3.4948180731532976,0.10297109324745589
3.196507878489455,0.2022136136747482
3.388525503996419,0.10757291038167402
3.1993773292061314,0.18657682760352323
3.5172101620852327,0.2216026327601718
3.531552701536407,0.26278256743110867
3.4794119653410314,0.12222826777948102
3.5414720076795363,0.10205976560163732
3.278166575122034,0.1950320293423454
3.27371584270471,0.18825007566242336
3.296207948290687,0.4005412170267243
3.1918097049975502,0.39690064050103213
3.2175143390722796,0.4471127536080886
3.2593016513619406,0.12678631872920165
3.2781377804800194,0.44319403000557756
3.253444469865038,0.37977740626946843
3.621577127499082,-0.01818021729777277
3.6295040731168986,-0.007764580241243993
3.3374255597979574,0.27746902586952077
3.3684401708897314,0.28244914870608695
3.390243927559266,0.23670546101512266
3.4880991700476267,0.25180550921990114
3.4968677920977758,0.16109890975874933
3.4123162125205453,0.3422441595824933
3.316188938733581,0.19136626155922262
3.3680296638038283,0.23620520893681698
3.366809338048827,0.10108246198958575
3.792287025012049,0.03511758087891617
3.3694743662437703,0.2324957924939964
3.453986611939174,0.38622686451157634
3.4832134087189415,0.3324459216776223
3.365502461161912,0.34512608768890124
3.314866433576231,0.3004709509283173
3.299169844908935,0.2411625717690043
3.4283155350516674,0.15108193190338762
3.42934605698373,0.15721197032036593
3.2032143187342896,0.278217152918117
3.397186774195445,0.15972764398873487
3.397705985309722,0.07864560320743844
3.2893684836357853,0.38360545107691835
3.370967959153123,0.07329544088001474
3.54080690314321,0.04018980482552962
3.494748416079346,-0.0179713146125186
3.3004455078757675,0.3184474163805867
3.194437915356542,0.4207158010988919
3.319629933294888,0.13096632230498806
3.466533624647679,0.11491006797117917
3.3198323596046975,0.22292737872382767
3.2940741936762463,0.3001533056008224
3.412802447579909,0.26974011072598997
3.3501349150612874,0.09351411844667569
3.359891253601179,0.1230943600556583
3.4073223454308885,0.15015059729163613
3.553469952080692,0.22911355920554077
3.110654886775461,0.16910616419499522
3.1098123204284933,0.2872979286996235
2.9251211588837873,0.4251371873139404
2.983926851943106,0.4308357544433263
3.540870718205289,0.045259868110057735
3.270205907832051,0.19054349926378833
3.274951116156641,0.20910722831907486
3.2505880249181742,0.26587549980809544
3.4429939179296074,0.18917952878253375
3.4993999523229933,0.150849169984986
3.4521241813973846,0.06923010739105846
3.4727177787746446,0.14645322829894802
3.406825735031172,0.2504356962618898
3.4019254629833964,0.23544317247628593
3.344594223715929,0.24260860896403297
3.3251298739331268,0.14500162372954015
3.4930884724527376,0.15010397576776213
3.2199666515342917,0.07413425736525513
3.1890242965728954,0.27272694789393204
3.5308395837330075,0.21148656817456574
3.3251986986941664,0.1151959989459343
3.447062381891112,0.07742509063535927
3.4164833617753647,0.05503233228993622
3.4012877022792694,0.13809756843201904
3.4229875282942945,0.008535400646320794
3.3274249791714143,0.27953345689209397
3.29168018964088,0.2730311394531821
3.301965995276682,0.17011382079681417
3.503908376992437,0.10554298123651679
3.639152600310045,0.08496798070370074
3.106054736574449,0.257756603619618
3.3461015701005605,0.30517151327795217
3.3671824203921576,0.2818179721706035
3.472099873183386,-0.03483656437583695
3.472099873183386,-0.03483656437583695
3.338424130070104,0.34215661413595433
3.3309103274073677,0.0994016137289817
3.3806927966064824,0.07234106325371871
3.38867415956304,0.16676349461503276
3.54041662215464,0.13990681009090658
3.4253098883774293,0.04472878054327812
3.1732167673853673,0.15527243794427872
3.357201506174739,0.1625808347423043
3.329337601424262,0.2685895853012676
3.3385498196553876,0.05380789635632911
3.337159729504389,0.06840670084148463
3.31780524855168,0.05217392499911207
3.324520676926016,0.07065240533683911
3.327431907433946,0.049094643901680446
3.3397234243948164,0.044402703701319136
3.27196434529623,0.015384047717276474
3.260321007806597,0.2939011655359856
3.172546384834778,0.23514652124396476
3.1136375140127357,0.41200658111949334
3.340371506010968,0.07437888135179223
3.3604442317007925,0.05482118261002828
3.106006722510385,0.39008546930019206
3.352829115224162,0.22736725150785586
3.2847498347544617,0.15859005622033293
3.2381184939009913,0.2571661675045533
3.280681925910336,0.30842189007472703
3.241379322727392,0.3778918574570059
3.2449845113607334,0.40707949139784133
3.5662478296685887,0.08353466182626869
3.5844722567575342,0.13922111071005572
3.3442066836919504,0.07988345479648302
3.4361259524298706,0.1020255278801694
3.585622679255335,0.023607957842043198
3.3912089134071657,0.11130472423599967
3.341383921323884,0.23934583206316082
3.273194718067078,0.18009984696696252
3.292258231401093,0.2914697428993846
3.597541628490846,0.1980152097769092
3.3244568085937667,0.010022632184312022
3.3618323635882232,0.03159525850635698
3.6263093808122555,0.06964949503337986
3.3337531966601306,0.14905517660218115
3.3133036969357166,0.08599202754268356
3.3724658318395,0.22167163705435547
3.1090646445046777,0.3574658587888266
3.350946085766094,0.03595297647113394
3.4639782686900262,0.10345097716116292
3.3393966566859485,0.17193143847751535
3.3120676018211945,0.15530431758120267
3.2327382358605594,0.12191682247260718
3.365431149659603,0.12154754518297549
3.272226720208433,0.27360761292868324
3.494474865608291,0.004117266255455605
3.5592624385499345,-0.07560675105182285
3.268705338225319,0.2866143589035088
3.3396816309407193,0.36141477059212734
3.075134303559229,0.35766489324131784
3.0176658726934877,0.2652371736942674
3.171571769633419,0.2029474904761397
3.2998364988481557,0.3316294217470853
3.2662793519793625,0.291074764260809
3.326099629269829,0.41774934447144124
3.3248418719856336,0.4537717855134235
3.3338458143959353,0.45487318365593693
2.998343296609221,0.2622976464752743
3.259155790365466,0.3185062141547063
3.362612469214871,0.11873571951494877
3.400198583919848,0.11650840671038767
3.3722035132063692,0.13252527614202067
3.5831361835722357,0.09630880318592454
3.5568131311558195,-0.004894563020463418
3.1179736458933798,0.4266180123858344
3.162331462508087,0.3176848440117631
3.1597189687963247,0.3224273747620529
3.166596821705191,0.20199592296925217
3.052044365718235,0.22617498489966545
3.237937825593747,0.1771611834165333
3.017933838501265,0.26806611889695847
3.452965155642824,0.2124081926339576
3.379053697392691,0.21000249880525318
3.33510083271388,0.23448394718259039
3.433190777986841,0.17245914086226313
3.3608938448574546,0.2356931774163753
3.4528909783739983,0.18306884671623527
3.430009276040965,0.1475354557037511
3.148192894949121,0.28040156546771533
3.306199680907412,0.3044014468793662
3.604239312809243,0.19090937747772324
3.8073205458900006,0.11496123172756953
3.152106161961142,0.07792792776632392
3.168502101836426,0.08678115954115156
3.3054557134629508,0.056167717711278674
3.327133313046197,0.07407181296753662
3.642786891015041,0.08445251578389038
3.2581436263084895,0.3497918695047324
3.295732953734914,0.24723064175031675
3.2140251177121426,0.25422605289580885
3.36528532323022,0.14495306065171515
3.4742464703545237,0.25223498651399634
3.4554104347042465,0.20576101795487364
3.4505255846863685,0.19120847808763614
3.4789335062474414,0.151478512951238
3.45379049421543,0.0336893574328107
3.474791847744853,0.021714252987321703
3.4939288950298204,0.047601753064714813
3.585420400342711,0.10625691448348769
3.1008581119258114,0.26670264896986506
3.608947573971582,0.10661050403044045
3.3677956631163326,0.13085646863583508
3.371470374210928,0.22583680518357585
3.2773472745218606,0.2859577282920449
3.6649330715969066,-0.03428042579415032
3.4453177617800916,0.16462455801507353
3.554751798732001,0.10796412324116635
3.51427707842652,0.0686194763239549
3.417194186797272,0.28663436920695057
3.195742096494798,0.10735605254145615
3.349933839549753,0.16537799941885284
3.3240044395886477,0.13832698729114828
3.283656167810281,0.15002072700426958
3.328439335476505,0.17743085070614797
3.1910919801410236,0.22489855172331136
3.2057899664390184,0.24842677645240732
3.2966623606225127,0.22321086819872635
3.302435053328027,0.1329852468931025
3.53116501805951,0.13285486414114955
3.328857512159647,0.21044375729136536
3.42386796828104,0.03926799578533687
3.42134298346765,0.08228166322973564
3.423377306987288,0.24577232634211724
3.4056460932124235,0.24212033395978638
3.067614739056713,0.2754940620153486
3.4928942849354683,0.12274543234197827
3.414441111142946,0.08457645631697767
3.333991434727444,0.24843809666223343
3.16926462096843,0.327533303753991
3.5072995836686998,0.16727988225892743
3.3821020088271356,0.2653853569083728
3.1495264943881027,0.2849885404602421
3.1337471346595076,0.20885500707389737
3.1629422262886826,0.1554689028030468
3.3489660975884137,0.07924478827954173
3.3562975151920056,0.055059417573705714
3.4279146772927973,0.02087733989937075
3.4219594782201845,0.01403714198495308
3.3910743563175174,-0.01297142853365332
3.375793479150847,0.04461044921994878
3.4977917426057927,0.20915011567879063
3.145040637001816,0.18959761352415433
3.391944990372225,0.3564359967057067
3.16685931842832,0.14974736201400743
3.3526030766629185,0.3936317139473746
3.3446396015127093,0.041348266223687126
3.4052555652975967,0.19796799793048636
3.4082255591660755,0.171596583472829
3.1943341451330536,0.3480423867096558
3.3094583482597706,0.14650754016312115
3.3795304856301467,0.06057522908961281
3.298063339395786,0.15476944566636092
3.1781411635084993,0.18751324221090884
3.6699028824410593,0.08547086760401292
3.616857872410748,0.10165774246602363
3.522783187438176,0.029301107185847712
3.4793795527240228,0.03538252536759576
3.4702581045453496,0.10565531405683697
3.5970138260633346,0.02719420746167992
3.3687500483477724,0.1887634949614957
3.300687717333783,0.13318656802550924
3.2048301658026297,0.14042745198389395
3.4731921124917298,0.18557439025386913
3.426299387599115,0.1267537887489481
3.2997025161461995,0.0890791804930175
3.300438673689127,0.09797822846446361
3.3722565516799254,0.33165098036659163
3.0976154897024686,0.30574484490462145
3.2650028311632653,0.1917358961785972
3.480950124822844,0.12280972035329302
3.3818883541778133,0.0982854026923114
3.4321999969687798,0.05445561649746663
3.580879103816367,0.07414608772717446
3.454333186404367,0.05962808097287594
3.3354303926043563,0.11558205899258069
3.568669672144978,0.12043881727249897
3.6086873987047383,0.12066799973352486
3.5774263110023314,-0.10780152759700741
3.5785197404946874,0.1485688920336876
3.5814259757991556,0.20653661573947818
3.2838789896199585,0.11634528120395028
3.3245262774227236,0.17454005219916696
3.297265659960311,0.2519938766935793
3.399158823446929,0.21407175354410363
3.4553812074643213,0.23325046343361588
3.3414717066230426,0.23957967978826686
3.2220610213445164,0.26126961494061113
3.4836168540959633,0.08887350973281193
3.506360161855841,-0.004406510984347831
3.493674128245694,0.0090496758322365
3.5336851399641573,0.053217593933172616
3.437500882401999,0.1134589041256991
3.4912198626378945,-0.01872640721026427
3.5410053674791766,0.1470312250947129
3.55364518311943,0.15080284059397275
3.1336176159980416,0.2778103377237192
3.488867848511952,0.13838559465624292
3.48483042826786,0.20027062499362142
3.5674148670880563,0.1940265799163014
3.3745648222685327,-0.020103183417797203
3.3503774392696655,0.04571503341300003
3.3410666735630556,0.02724293800964667
3.484698221594214,0.026570873006298963
3.2102396676473575,0.19334094749325814
3.078061910725739,0.282351194450554
3.399180047911065,0.371250152046849
3.1987846313443757,0.2227805352998396
3.2797291946758644,0.3128674145849679
3.1777548114583394,0.12860308678378748
3.0935177271722636,0.47012518531099695
3.109924876350181,0.4675246906895694
3.0800828576396215,0.4315943242150638
3.5638087003811285,-0.018496132781248894
3.521254712866671,-0.013016929949780275
3.4964701441177386,0.019319151413125037
3.2102057786555114,0.47087991775978105
3.107356507859404,0.23547473288903098
3.192292932058539,0.35981775421611545
3.251372099620767,0.35405471598635435
3.3518791647641737,0.12235443958289899
3.4206193307605712,0.0969124322070062
3.3963168932408205,0.16690085247130407
3.3175516615208425,0.2283194256913722
3.286688306858932,0.20150710899727617
3.4338193337401273,0.1280808051373626
3.4375573002443054,0.1387199183637377
3.3757691990507963,0.26650167612497216
3.4486131954412773,0.23965784001671267
3.3634357426944526,0.10010183657527978
3.3156241685126697,0.10485108668983116
2.9935044334665832,0.6487309894568922
2.9370063579065318,0.4962779247729785
3.030203679508956,0.4245255442163732
3.0216055380780396,0.3860284203071409
3.062403600640432,0.40688869985641996
3.3855782969168082,0.18113423305979123
3.523099974348801,0.06936687403332915
3.645885232805837,-0.008099108996109985
3.5991442878997426,-0.013615140590030281
3.437787163998001,0.15762778442751219
3.441383017198076,0.21709465436450756
3.4376133583136332,0.2152643130662108
3.3119120357470297,0.1856296397654062
3.6039979309862993,0.032378989886154584
3.4805599269277816,-0.0008870101376349124
3.403035718089908,0.16866463720427657
3.3040025068972754,0.1807694949191978
3.36621752718639,0.1293069560490227
3.4254326146650462,0.11559452111882614
3.1583983137034406,0.3162036791636627
3.305852929078125,0.2496069947112732
3.2237197545748684,0.2835212365393332
3.161107566580332,0.29161485276642585
2.958624317711396,0.47840015461248137
3.237559778176826,0.30243451948588984
3.2208820405125578,0.22615491892248224
3.0161296770907366,0.49761612586436726
3.715557925669704,-0.17295038158612547
3.6593104110292263,-0.021082033094489274
3.3033080909275716,0.3599008048990958
3.1673063843953195,0.36292546689950433
3.163570733536902,0.41813773846842034
3.2010791428909253,0.25781311089215425
3.3945669161763803,0.19225671519264126
3.4166691273318457,0.18315930399826205
3.374805526203623,0.21760163657579212
3.3790820665555064,0.1884282205964289
3.6923812803974716,-0.08419708109859421
3.6973476521078505,-0.02122550204052899
3.1385300595613934,0.26560900397793086
3.2647790454285004,0.11820197005482065
3.4294320152471185,0.09738408176128502
3.4384211718442903,0.15671732741916006
3.442015131359521,0.129032278692922
3.2267634342457354,0.24273455675331307
3.387407199396096,0.12442399053426277
3.300308849954429,0.09138090553476236
3.362208316015335,0.28647756837035027
3.3344629531785004,0.2838845695282737
3.120671115975423,0.2932325207215273
3.163324207167253,0.26545802731489626
3.3507705314475875,0.152149608380813
3.3501807715428744,0.21038925124396465
3.3536076319190427,0.13895107024620246
3.376953525074022,0.15214402269457847
3.321918014807642,0.4002335675381365
3.448574166644048,0.39517810678942195
3.1909876967032487,0.2429316581559852
3.5929530077837093,0.019301711656720514
3.585884885451624,0.09754176572863611
3.1079163996303385,0.2785276334068393
3.56001065358931,0.017584353810890827
3.5323113492014246,0.020088344971544762
3.5511910950641576,0.023505205709892348
3.5771044992073837,0.043595530439213916
3.5235678004923834,0.08567253346467671
3.456732710430073,0.1314109131799301
3.5067155589199293,0.18496562677385936
3.2245446161993008,0.18328448971152625
3.226862701446741,0.22064755585192364
3.440192588364222,0.28817080009731105
3.4395845370761333,0.3056016921690672
3.527148119683176,0.1911270996294701
3.240082382450485,0.15711345394663603
3.261725655384637,0.16753270288728314
3.304780280593779,0.4026860800813365
3.356213300696963,0.12735520070694692
3.327097253828626,0.14343340050531098
3.2550714620734387,0.3284662394422813
3.2415799359914907,0.3179040636679406
3.4973549763861502,0.0038045676584456283
3.2477978961234,0.22689151462607338
3.300122988681577,0.22771644519181222
3.3299359904847607,0.13500162523232304
3.36926333157448,0.11897103987475055
3.3561175880095804,0.15316908681480912
3.1862427871080232,0.12625929512718556
3.1092729370485293,0.542283847029256
3.155332102286181,0.5419869594932575
3.235285610353652,0.45936026788129786
3.233205477978598,0.4562095295653483
2.897926226008088,0.48167845914362956
3.1439582710376732,0.43227540147064253
3.2708643254055527,0.17792847283599456
3.3527068079227935,0.2366616840680182
3.3996455837861697,0.20435797953527243
3.3604598221169644,0.2099056049210371
3.298978909529071,0.2574205410973747
3.1361427766907384,0.33381560604700306
3.1528785446719896,0.20019536094231122
3.526962406805818,0.3081455124954733
3.3787048267962985,0.2743680897281548
3.265913796925308,0.24279035050233064
3.359031816090609,0.24466816267599006
3.2616206062933895,0.3324281785226633
3.0934119254344514,0.15951549914078927
3.092415413175986,0.13903585315660652
3.505955434715906,0.19765192989558658
3.4921342401560476,0.16245703718367455
3.4683778517801374,0.19751140487219537
3.5368107756153924,0.12681676728994262
3.3223379681539282,0.13332931148871222
3.3378002884660596,0.14582799628422768
3.4763946055755994,0.24653648965552666
3.421521994648606,0.1564913822041494
3.354776498671428,0.08419103299899318
3.381699120809801,0.20836368196005992
3.452622987390598,0.013646332135716786
3.308846872972207,0.24346575036570445
3.280345046843145,0.25014074835267514
3.2295740170948513,0.23257478559414413
3.3775203906784785,0.16314245078690345
3.4338024863956176,0.18058161929095162
3.326791175022895,0.18397282435150758
3.480883489731326,0.09452073301532558
3.352018583910642,0.045488609263385285
3.376141721185016,0.3389151189129204
3.5400208220287674,0.4016785503164841
3.5427210704762357,0.3312887894999263
3.495227249563221,0.35279345263158024
3.4897570287967485,0.34274125576694164
3.464694590971297,0.299460059967061
3.3694267918133876,0.3565484069541636
3.30910967836476,0.29358161733434146
3.2771540222315805,0.23110722258483068
3.23701916187952,0.31681323326404187
3.2508000345699397,0.3521557488480814
3.445830042442047,0.04324431746841099
3.5426010994178085,0.08957018552996278
3.5840002067584336,0.04453616484891261
3.573391308555185,0.11408840227513656
3.4367642342431792,0.1519788755980554
3.486732451875714,0.22979658025583824
3.408147532039049,0.2746258683485768
3.4391116898910723,0.25623509890747714
3.4780489790128546,0.2187021830081463
3.414216918947022,0.16500140711532055
3.385548892113023,0.102856186241639
3.4313357599215384,0.16706676680732163
3.4337010358780504,0.16315878918012153
3.4111503263810925,0.18024994811228306
3.276948718883961,0.32799385348814686
3.3365191735945756,0.059553736134736385
3.3928161846386273,0.07584189384888727
3.424129385403598,0.07198704823059014
3.3172881968416017,0.2574596655215513
3.3661001758580453,0.2029217186183495
3.3053476205645578,0.15382906570222207
3.3854277063340437,0.1880280201080927
3.287870377111494,0.3733033324573523
3.0714149452436432,0.34273603619983495
3.13413516454741,0.32763463344432864
3.3691799113802454,0.23431761773229834
3.24158222454,0.38386553955141917
3.1099751891204686,0.2435059486980378
3.4533916125514756,0.25014036548645535
3.509551939335045,0.22727549502891758
3.4437307591262245,0.09270106751036314
3.3632885766312888,0.16285710350727733
3.5181706983383467,0.05976261543998568
3.3568467028589533,0.09916345747258659
3.1328960492531683,0.3647522705019197
3.3237936974827105,0.1590195051801366
3.326235455300809,0.16008222665047558
3.2474408949932374,0.3059113924928192
3.262917043608287,0.18027137059898762
3.335038313741585,0.07898898284128487
3.351505535515307,0.27815835334426636
3.479430983623206,0.16987564872560695
3.5424172388153865,0.10278731548428832
3.333183173125937,0.26747835111220947
2.937347176860935,0.5055778142247856
3.409477791286178,0.09947692335587273
3.260327418978215,0.2510631596766597
3.148431653207789,0.3666460548245934
3.296302773950146,0.2863841602976579
3.3164024959054292,0.13907308058434215
3.37454370629263,0.24373380505859377
3.3306653988601527,0.24843599847455933
3.4312767856179716,0.1995370756733618
3.178145536140223,0.3123310203503743
3.270924824328705,0.20986975053710974
3.1454200676087822,0.1372627167809837
3.1728727339816887,0.15189920972523432
3.376023046049476,0.1501450077806193
3.448658397520579,0.18716186924330558
3.29942826088778,0.28036934140005926
3.3529856946985683,0.12802007872769802
3.692096372888741,0.0037866530894509645
3.557394378541406,-0.027933310287413977
3.2319657823822587,0.31366653189817084
3.132185791053762,0.22529025434143482
3.301140854959514,0.48572693312871185
3.2962574784665724,0.4054948459279556
3.2608195323196663,0.16713249272699485
3.537887015270806,0.14951114117108041
3.322318345568494,0.31673632548418446
3.3226087047719086,0.24683859276029813
3.1607906831078445,0.3642932652728036
3.3784609558267538,0.22773234908821713
3.1499554348524685,0.2607671248649345
3.319961470844829,0.1877548309000777
3.3812555659940107,0.17090095643171724
3.147827510509372,0.23254440525842862
3.271871677922405,0.3989283733295071
3.007340310466377,0.2738986287882168
3.1707708984092573,0.36595449697058363
3.4524338886700017,0.1467194267886316
3.308495856934919,0.31342932441735716
3.1534360765623126,0.29246593751071953
3.367990092960194,0.1891744868976156
3.3596544164895525,0.10112219236235992
3.2449467473536076,0.32836367247237064
3.1120193448703004,0.39681532101915645
3.206853834504515,0.23029895541567144
3.2881141901484257,0.26996946014335915
3.2161445291705277,0.2517685661312182
3.317119138543346,0.2199622373346193
3.368691174573422,0.1627817466605035
3.3354774173635815,0.21572974338596082
3.3265290270225445,0.26581712024175674
3.250548705926982,0.1107657986354909
3.248275643849803,0.20135463385112348
3.2686843892494535,0.2185813130425736
3.280061381005799,0.28333538398936586
3.50869037713725,0.01688644177546389
3.2789002894314816,0.23713401076785914
3.3015117203178277,0.3066134363248168
3.2859018768132358,0.29812162386042856
3.420984513341646,0.1829460816334404
3.3781544053957218,0.2388254926644336
3.417025361120423,0.2243502793262406
3.2572028409528273,0.31638838559376886
3.128273928864353,0.2875938423124224
3.1225594520248245,0.2920488776440483
3.23163331645399,0.24922496711069297
3.401025730354518,0.1448050436928004
3.268757483269254,0.27083417960424666
3.518950157409573,0.09797406040158789
3.470071273272358,-0.0073318033064540605
3.414029961873063,0.07525425410569865
3.431097941432715,0.006454094144087878
3.2380075618581894,0.4007133816023032
3.1666054324472013,0.3238300902085451
3.089706956514792,0.25894248328099356
3.1493609838930996,0.3748241769022054
3.098702831936043,0.3549580253144009
3.431266399943792,0.13824182285376158
3.2952883958526376,0.3116341712931567
3.3412195835837966,0.013716971523650402
3.3412195835837966,0.013716971523650402
3.341470245227962,0.3976469013513424
3.2731899391180246,0.12743141041528513
3.163455919311621,0.32275258801170525
3.181296729017368,0.5052877957208914
3.1342708729317184,0.3969892525811309
3.1003912194988494,0.4022456843271226
3.0132328467029796,0.3567123183524543
3.459460868862506,0.1700947341330202
3.2552823482161832,0.062340955202874276
3.386920474891295,0.12107471005385628
3.3566481537465305,0.1823696321691966
3.3856941545713104,0.1612922217831269
3.5052644857713853,0.22169237280216836
3.5289653399727774,0.12069402696938468
3.0699230964421163,0.30335572013236095
3.013111789562336,0.30464604663240946
3.0371273246921704,0.22962986565297322
3.0389996669973587,0.20241708784321097
2.984002797250156,0.4871174144501542
3.038053636456531,0.49597297932631823
3.334580394682655,0.428103635007469
3.0835375142275403,0.1840290986006402
3.081253807472686,0.1787955705903085
3.468416860707549,0.24095167204332857
3.4319104248689625,0.20377344621191645
3.326168267468797,0.24542331988511662
3.248914572832497,0.3267018133407204
3.052298413987956,0.4263636956358395
3.484115476529699,0.06199508190819902
3.382100253897702,0.1393085973514168
3.194557836642751,0.2958940232158395
3.177824593996291,0.2849280809823946
3.4308387307162165,0.12802668981360052
3.2776980114152807,0.24958077211120963
3.3080633841120344,0.1562346932819759
3.601274755950973,0.018105734659149456
3.638312663751356,0.08908849108067714
3.6648493316585773,0.06499247358633505
3.4897141476210156,-0.021808151893682362
3.490010444066243,-0.03890977648711304
3.4734702265935793,0.053387939901918244
3.463996889481634,0.11296331817286254
3.38919072385758,0.12673704145245276
3.3900732268687044,0.1767584303468133
3.3306925649075083,0.2667081940599952
3.3554747797738336,0.025076576381993298
3.3023548077548184,0.19301134314801816
3.3745425892372682,0.3112978070071609
3.3416398882805165,0.3122642681113696
3.0830755621259804,0.27853649627232197
3.3222433819706225,0.08793590777141787
3.2742108309310964,0.11158711841668413
3.625785119630564,0.24294392255815145
3.22830448016304,0.21494971761822293
3.4870443142553205,0.166561614249353
3.385730496975854,0.10328026839873503
3.124753690231688,0.3044356463215163
3.0760992658057305,0.28970639173076934
3.3558814944315714,0.2697891821489503
3.5226058731918943,0.05964713947744401
3.5389381700583566,0.008321152471431151
3.517948282728375,-0.015775826700903387
3.561594157131482,0.07275163951790056
3.4983641311391414,0.04622980364429279
3.4506162411576473,0.0634296720923594
3.504283289361374,0.05702518140296959
3.359172131570705,0.2079853558624161
3.4225543968820493,0.3256669653159135
3.3877747382798233,0.19432497404308954
3.3900825750548123,0.2096756887777585
3.1682733525683524,0.35629979268863243
3.311765678631696,0.1552954762196934
3.1916297196104964,0.36219672339770953
3.339799268664645,0.08289273113561131
3.284261924989245,0.30347963737741507
3.413717111323916,0.3001845190778037
3.2493877716507185,0.2622368353247003
3.23474177833644,0.3053195784554935
3.457773842561025,0.16030728231498834
3.3153978859890962,0.16002865343608247
3.2758012722977434,0.16929060599119605
3.4318711318174304,0.11468396556456711
3.429974221263818,0.19135065479408064
3.4017522947453016,0.11469733788926983
3.310939585797959,0.23510286228962493
3.315973854830038,0.17957049626159294
3.424312777470833,0.14000952576507145
3.232041005312503,0.24848404232865584
3.2870595060202277,0.2930486665557299
3.294747528705967,0.1161457935041531
3.448835394852475,0.0858490966925814
3.374012999158172,0.20161169058274245
3.4782642975423967,0.1103320739945063
3.2591676524629993,0.20737863496732278
3.225245033306972,0.24990905853799203
3.5534623437022383,0.12943757453744398
3.539950578189121,0.16918049431199386
3.4705315094545237,0.03212268976474791
3.439408675556782,0.039921565915890515
3.452104563941896,0.10783745276913663
2.973141095040555,0.34293702890308664
2.956580548368803,0.3471990433019405
3.2500583228314586,0.26999766707186634
3.317362308651508,0.32126708154953587
3.401539035941897,0.3438722302524114
3.3737797962804694,0.36428632831339697
3.217832367088962,0.2412931871381878
3.1599609620440865,0.2129828914682133
3.153152377108091,0.35719649748659127
3.470610193274573,0.07439399324374787
3.3486377388175628,0.04929646315313992
3.2502612544741956,0.41346984201728576
3.30367514598273,0.29556462621865337
3.296950844508821,0.303051443008525
3.4191217168168557,0.3149264294007153
3.5428292885998283,0.16024300753420337
3.550400113337684,0.16158376142729533
3.318745015907371,0.025178146020168143
3.63854581363781,0.17156287248430818
3.4203854790723036,0.10041460667907036
3.6864861656651056,-0.00230621265897124
3.753901983570864,-0.1310317370785695
3.7304746223054908,-0.09363596554121172
3.776588142222529,-0.12840118972596146
3.1119004629007097,0.3501407274077641
3.281411115089171,0.2838134995965502
3.269913352172582,0.08031894715325193
3.241505076128746,0.13437481712524835
3.392382596297598,0.09718626282256043
3.3562849614983294,0.11858072767638726
3.287072505190694,0.24860606823321138
3.3501571223901494,0.1566925768063577
3.506941783392842,0.03726357553709947
3.3473421257982743,0.20254693721793368
3.098037764599294,0.24349025734228288
3.5151844273812336,0.17901626532698836
3.3419047310136025,0.4402366190696747
3.4666327476231276,-0.0037592551825806203
3.3613578953695056,0.19570513601875505
3.3019700618783188,0.18814276314147713
3.314118120735508,0.14204001305371983
3.3563050393580127,0.12205613182660621
3.454307043966828,0.16515905131902447
3.153157399571486,0.24745328442957928
3.308029419953416,0.3099086232953294
3.273571762930081,0.31091773496400305
3.185693503951381,0.42230213930563626
3.4111085649194455,0.43866095485528384
3.3486888499740353,0.3712473090586611
3.4906953307291375,0.197151525322942
3.4448270215095835,0.1997597997902902
3.2335016282921125,0.19817613759333558
3.2095971018787033,0.19783392417045087
3.284391664141568,0.16829106761104637
3.444066323042139,0.12188208008435342
3.4611011600984987,0.1438619917658858
3.15477756776456,0.2450588399212019
3.414327628099799,0.2395285726818098
3.2954041021049787,0.23825561404397955
3.267809304853084,0.3327249675023634
3.331371952220095,0.2117544675004802
3.2433324477059964,0.148452943243758
3.210294648845249,0.1486890924827418
3.2691533261400267,0.18117779597258427
3.513033412094619,0.04486805724129915
3.122155630840237,0.36674062979837896
3.4278830746971565,0.0575334697748314
3.4448194468186704,0.04045395938627138
3.486562066914071,0.09089697115836114
3.489734379465677,0.0863761246893972
3.4545261458529053,0.04895003864277401
3.6149348881670496,0.015593065328256696
3.4491510926866686,0.09328674304703831
3.4959175783946748,-0.027367623915567067
3.393862714684571,0.2095965829983266
3.258344771436423,0.242550836411468
3.3204294219194854,0.11650463966079903
3.235056666644358,0.19373408595494032
3.513109183749739,0.27317818429322116
3.3025751592892267,0.2346788820042135
3.2448687034915027,0.2880841567472542
3.224951190015146,0.22637051573408054
3.249122837306108,0.17364557321902094
3.118698875512803,0.2958502063881651
3.3232999384856563,0.29945750093578594
3.268845746056169,0.172182823707016
3.4937640785686597,0.19243774332264602
3.622006607012298,0.0544310589611719
3.1663332670618027,0.2055321007057491
3.385726129013681,0.2532902473837377
3.415300757888683,0.04033694782269986
3.4805267811096354,0.13537263887051315
3.382645123869772,0.12258055658516855
3.323096536132903,0.17220313383464347
3.3537073771026042,0.24530744932716114
3.403394091063228,0.2023303772774562
3.400934423647868,0.06521452577205358
3.4664952841373813,-0.026589370600244324
3.417792241825331,0.20855062243909847
3.2662456673953013,0.21209726773417062
3.1258096876952735,0.5460896168526973
3.665468638985845,-0.027776547647924837
3.291457173727571,0.18710887356549843
3.23456106491801,0.059895520041219966
3.561480024879846,0.06372085129527111
3.3794564563283096,0.26386572699722916
3.5293317587879387,-0.031706604896689555
3.246476627140967,0.3667321616784134
3.3101699782400735,0.30608198294304584
3.2807147589133696,0.2900777483476212
3.2111604234261484,0.24036364765678292
3.2031441198068507,0.36024080103178874
3.1455195449898343,0.32466714636297395
3.217733972444314,0.14956595324572575
3.250914954710198,0.19517175437889692
3.5024616203122245,0.2074536966707452
3.394139574350856,0.19340267016799137
3.220397601549897,0.20839127718410722
3.2057518008592036,0.24746327712057814
3.304876832353773,0.19595564035142315
3.4386106648318497,0.32832133283727843
3.146289238222338,0.2853705694608982
3.4188776713714737,0.29458566100906114
3.2181607634129454,0.24403935796042803
3.2338514178456705,0.2623544060224444
3.0241951531480202,0.43016055835446515
3.337673100145829,0.12521289252638865
3.3288529166778464,0.14236517381222144
3.315529486688874,0.18120813793017998
3.420035133162748,0.13992983324044056
3.4301151513127737,0.3105208005404613
3.476980086660684,0.35576032223908427
3.27178285090049,0.34610218870566806
3.3267287522004714,0.32802795028309334
3.461706879264698,0.13372387214962417
3.3673960179826525,0.283779891940859
3.3562837613607566,0.3232667955341886
3.3709756855647406,0.2046443376461765
3.3032943893742734,0.19861587944576964
3.288494924871711,0.16829564266968985
3.243900131807724,0.13024318467329501
3.3015357418047944,0.17688341567595156
3.3518188311104646,0.14200795713423245
3.3361747389736687,0.18966938461868832
3.5205463273183013,0.0371759984913848
3.3626369047588605,0.13066468236712547
3.0727847544746063,0.4926019643378988
3.1151420275995263,0.4928711941195613
3.2998389093599814,0.3889272650923244
3.46585605468011,0.12360286022888091
3.505985509835294,0.10920408374040774
3.489737316711757,0.23914093138643489
3.531162033690771,0.1342730514013657
3.4279733399979824,0.0799361816709243
3.579730419238811,0.1538989834249951
3.550604982771965,0.11327009921232924
3.2022425103017675,0.3269730147386753
3.2054562326704477,0.34717460293071284
3.344025951563045,0.3010900563011527
3.359560885699317,0.07958814583355202
3.2477934446334626,0.13942406867400134
3.2698062344817154,0.28952615959423383
3.392666000326121,0.3576755583628911
3.367150547887287,0.20351071439788088
3.5076614406795814,0.19770786648656943
3.36656878533855,0.09933647599719013
3.243543249934861,0.1384290842773741
3.361142124172604,0.3013940095696767
3.305214376225859,0.20758236444299777
3.1772982554395623,0.23237633313102427
3.270811644895639,0.11668528608938944
3.4350527959554875,0.05986550283178144
3.552112085444548,0.03071200306697757
3.3887785733565665,0.05440169347367561
3.424523704650583,0.043932034673773095
3.514020105122858,0.2000903378662324
3.0675669618889922,0.26549829702923916
3.066691962460478,0.22830649111053336
3.013655832073161,0.2765517459799443
2.9970627537589234,0.23311064722485295
3.452384599970076,0.2723201361078436
2.914349681254755,0.3558935537561256
3.0305024353078722,0.3151129136191182
3.091664431898309,0.33362192984520395
3.302981569181699,0.24833943223845723
3.51207065560717,0.33214205512306416
3.524465701705692,0.3707584954079934
3.5077541274121518,0.32490553039354786
3.5051819916998013,0.3155385695575211
3.407237192353383,0.353469910098566
3.4335404562247027,0.33991224065568565
3.3982595310916826,0.28877680018270374
3.4059377254430774,0.24054236674241683
3.2709039844330206,0.4943347865249978
3.154442591051332,0.1788300383501394
3.270610790431432,0.44832919933203064
3.266535759350553,0.43883844729550564
3.085577019199638,0.25438897325788895
3.450206539918965,0.30458634656397215
3.5729768664015276,0.3504569296299906
3.574184063652171,0.3530451571603381
3.2970011840355924,0.2459277258870939
3.367142731985992,0.3274122445769595
3.463237972185465,0.17768430979073402
3.452920423983525,0.20074117872931077
3.204327696279868,0.2221331684900494
3.1941196483404126,0.29869394195553156
3.371411184176946,0.26974282635958574
3.208661329718365,0.3077553891206704
3.5040272809077964,0.11924379143725015
3.30930370285589,0.21892158464096945
3.4158818744430155,0.17421807055667007
3.37933544642159,0.13030605234813736
3.48565337582764,0.25584632269361246
3.419695562034302,0.2549728514960955
3.3158595726018665,0.24080789049771706
3.297587089586387,0.10824419434369296
3.2807513103434722,0.17988738074249552
3.441778920584068,0.287133381932246
3.440063614088401,0.24687730595282276
3.2366566305611504,0.2950032978154573
3.23701721625641,0.31997757315221564
3.1529052750770545,0.38933884667617413
3.283888569991796,0.195610680645304
3.2494512015409365,0.28913893191612017
3.5204712774473914,0.26095113144349696
3.031417451437618,0.3339759452245551
3.164798671485263,0.419570509872507
3.175736787842707,0.463097956099126
3.1609598432967374,0.512631162588162
3.0211814731199813,0.36562515443048715
3.6399672245088124,-0.0014868089475545397
3.668434860366569,-0.07291473245245232
3.307259687571921,0.1961700731874923
3.296125426122757,0.19110297616253416
3.5132949599252563,0.1390651208629166
3.4997267309970086,0.06586643763714221
3.4698111483868486,0.07960580487668538
3.4525279703011518,0.12901210041199426
3.2399881566560147,0.2271014259923935
3.308703574685302,0.22265839451439748
3.0975227385827697,0.47770152455823855
3.242935275858956,0.40607783092416455
3.414276297665809,0.22500141201696364
3.421774488884134,0.22838774184160437
3.420375337527798,0.22607411541203912
3.373510980221939,0.22995181519729946
3.430303523009918,0.13562798799640507
3.4730210435613644,0.11413953113276555
3.461801574465633,0.10764865986256149
3.6081163528588243,0.06320941635927316
3.5085130687716233,0.17275250959357147
3.3972534331049715,0.21282742909113106
3.465924882424314,0.17355317332903786
3.4328422895571706,0.1522484851801797
3.3637023442835554,0.15538661857180577
3.4740836494021945,0.07903398328445248
3.3535547026738612,0.014844159912365366
3.59564778253171,0.07422816567186241
3.4804880916059995,0.10603885171233342
3.3935989200039396,0.2208595107413995
3.245115984276648,0.264834165317486
3.195051021751898,0.261752876381144
3.5140620645419705,0.2686986668315961
3.235280927696592,0.1680955755856399
3.220135972036359,0.06543299533843787
3.3884543606373203,0.28088030402816055
3.3622011914253673,0.33122090561797485
3.4040090670368577,0.15375050097044757
3.2301152139715827,0.18543874092606835
3.1561178742417466,0.3136022919036449
3.264736081883267,0.16479589786672005
3.556174517269847,0.08593688239562786
3.5642185910349595,-0.04345352284509302
3.432186170348406,0.1537176613564858
3.1748001301883404,0.28169808331874213
3.336968198269288,0.1710442395903447
3.357434410146788,0.24317137597169147
3.373710574663912,0.15683680855866602
3.2482926155619722,0.11806179936465001
3.439673233730258,0.13343477125469422
3.3987086387640124,0.264917074106882
3.291837638727042,0.2932376821551739
3.0640869994139472,0.4440267621004806
3.1100824447366855,0.3838247872494726
3.192294473663234,0.21916613413784825
3.228896360016784,0.39200555052459607
3.387854145912776,0.3719123440787687
3.5268942355822284,-0.10045778965494168
3.5221932300411933,0.1356867690528197
3.4723259929938517,0.1825609669492913
3.3433606667970595,0.26371450314874245
3.2756704339328597,0.430181889828266
3.420411957783497,-0.016891145496300285
3.35285718734663,0.2687547371935341
3.318029152879066,0.30640866721462984
3.3492936570612004,0.11740933165070622
3.242873773787725,0.38391204161035436
3.074249501438385,0.21686711608697481
3.472478859350379,0.3284295547730465
3.540689996125812,0.20164343858900016
3.5235017879922244,0.16391010527333075
3.256626441023081,0.08084774227241759
3.2385915062736306,0.2338755803414588
3.1885917051260484,0.23902514909940917
3.5207827786841817,0.12443558649805908
3.4396191930540714,0.08140624721084944
3.5939022352856296,0.004099184970557891
3.543863163650701,0.1337575021499744
3.334447759410641,0.011454920230029437
3.350013486860314,0.03875390773081461
3.3354491823649846,0.013890785986696663
3.505683614092798,0.21479596330540598
3.3748561422559535,0.02951194168339638
3.299711959351969,0.39280600688156186
3.2469861311032657,0.20172249638217446
3.1787463606925623,0.1743544216784509
3.232517145206459,0.2524217018150404
3.2444279809938226,0.2508121937640703
2.9925971424708933,0.47850107117573626
3.03541739345851,0.42326795152694535
2.96902497385159,0.39778620616253113
2.9199567365352146,0.36483588554071444
2.909854029293261,0.3528216770895127
3.13949633458628,0.5362615956339117
3.2724799668747506,0.2628264328608139
3.3105999587730905,0.18156953324894523
3.4870541515693017,0.08603691376543565
3.249900688337856,0.15531270948446044
3.2291482839457775,0.15068154765029973
3.2677863481072005,0.15654975215162356
3.4629790392644937,0.13816713203043396
3.2255984946100242,0.2355209868961024
3.242746656545995,0.24895132397949954
3.073231133247368,0.2233286856142487
3.1693141715404862,0.23966336635671642
3.3551232347461153,0.19705779285052066
3.3265183679747308,0.16675535519856227
3.272242238215155,0.23737231984733606
3.160488148851542,0.38969051637209406
3.438228529794429,0.17518303501054452
3.4422212432553514,0.09303077637879514
3.593119378279211,0.01882056593394048
3.423069566070523,0.02977106308595833
3.20736214636881,0.36102723782752616
3.344989865939299,0.30325273584819606
3.3650329534832157,0.30980574687288687
3.2102552726304254,0.3896911538711726
3.1486777767399428,0.33567171483502195
3.4940778818982765,0.2665636404416152
3.5487004272371023,0.3404677351779431
3.5536307568645613,0.3443776311419626
3.5159502826652385,0.33458410667719835
3.3084601320283986,0.1553125474106535
3.2106953909464426,0.31029783187557985
3.2659142246453565,0.2562543951958437
3.366625831000679,0.2178736392612206
3.4406666895267866,0.22778567642625647
3.6043393130680763,0.19269542520209845
3.141949318379624,0.17957707598493797
3.7217066814876305,0.012047241319675602
3.45555868538984,0.03129979765881983
3.3193322635200238,0.20177784201687127
3.296100083051173,0.09186364412260088
3.417726712339469,0.052815503005736085
3.40131667053189,0.07333994544438216
3.3894496586769796,0.037483487230074095
3.3345342443063006,0.04040596348681983
3.288696502242218,0.03497804560588441
3.460329672096897,0.260259576184843
3.3437149971362206,0.20067893058640598
3.4818841791076207,0.08026060724928892
3.330185868492936,0.04981840320887895
3.329772735395106,0.07182722064551038
3.396632872379217,0.05594981844634616
3.3362557265131696,0.2614680400796813
3.3403058016277667,0.23591080912447507
3.420844800295633,0.25599711419709076
3.2944468382548364,0.3596468874745609
3.313536685533801,0.18041776501123571
3.370974877156117,0.1578762135700887
3.1068074610835015,0.5178785065313948
3.2000603103146603,0.09544639300773605
3.297311636828896,0.254172727474747
3.3762805347601836,0.1298257824917126
2.9673707011023804,0.4243960766268999
3.2026122549597438,0.3840844462091307
3.318193001333334,0.13342806829580817
3.2792351231510954,0.3484516354170946
3.3025742311489847,0.38215268102968675
3.1494646687011976,0.27078314162888195
3.260758111562635,0.27101965685275553
3.1674305130661287,0.335342668487092
3.2580713930633194,0.3711797399682761
3.3558790176565814,0.31245615539466337
3.346376417315823,0.30890445482676565
3.209815639362383,0.22236794393494916
3.3718158015352593,0.2271910200317855
3.324603096630888,0.09259756877366589
3.277047330709001,0.0693389799709242
3.4224326207571942,0.15355794319639976
3.3949136065639594,0.16318573367979525
3.233427282969434,0.22359104254626389
3.3380069940580217,0.12059492307500597
3.276097202441234,0.09498471520081146
3.273019707329893,0.17456479598069669
3.45853822880233,0.2506667317580766
3.3928959292880707,0.21000274884913214
3.3915253093164917,0.2087456820920848
3.154670592960175,0.4086523068276027
3.3502634976287804,0.1761931857724013
3.2370599915415776,0.2217054296969107
3.3131363930646276,0.3070226338502666
3.127181058144489,0.24000422224556572
3.4670897109103778,0.23310681980048556
3.3453146907574114,0.2352862775968796
3.255665635704812,0.27520883375788063
3.1930266168969372,0.28023098806739044
3.124690932032142,0.2937275176622506
3.143560469954415,0.30737989449007713
3.371308489940853,0.12490973125556033
3.626705235709239,0.10277660253923693
3.1250554673528095,0.23878486528221565
3.585955103810304,0.08922000171966474
3.6201555801213705,0.06871957371850156
3.649284068082604,0.052652576231743436
3.4830913006845954,0.03611756619763807
3.640901000161936,-0.04242237762722771
3.730098746992913,0.023733452247303635
3.4164347728716997,0.08087208743072141
3.350325019402637,0.10819806225250456
3.138164766196021,0.2933604071234275
3.030922037144227,0.23938853831606427
3.001508812788745,0.27779864251672093
3.449997192389024,0.29474535964079257
3.434602723493416,0.13008636765914686
3.3249594374004094,0.2759786029875783
3.19317305792353,0.32021129522598
3.21125926537767,0.32687523560420506
3.604322958552595,-0.026171244347311995
3.590257029549891,-0.027994308052288447
3.269426225489939,0.2699686148032519
3.4457533832341793,0.25912830776739226
3.3615749530937724,0.16679676587616862
3.3094533358369165,0.23195054756462063
3.188934674094976,0.23907198202948168
3.3936749033497215,0.15626187110791886
3.2784408283883373,0.14526494780640653
3.2623146120828155,0.45144348883106933
3.2435114526083453,0.5121022350169886
3.2842919814593303,0.563878165506052
3.3789778277259415,0.5311755674389348
3.4317486644140147,0.4562635999582291
3.507675679229737,0.4453081411869558
3.480484688671685,0.32204541210542936
3.5136605291650964,0.2844913360702415
3.275760855168284,0.2977790507137583
3.16274688841596,0.19805572820477552
3.1648661189788867,0.43370498408981034
3.4009600139362983,0.059833462792849505
3.405256282089377,0.057924699063005916
3.6451944524396884,0.1999413724222233
3.0974052726632983,0.24852713849802002
3.2512585839472474,0.256527016937232
3.5333942355359818,0.06084206879884316
3.2769529561823454,0.23745387454792768
3.378850958348901,0.14566987580221072
3.465530531720744,0.10633283557353118
3.5424976071363754,0.065542394540613
3.4608807237347463,0.21272331117872018
3.528079929849727,0.22678030158385953
3.493380006597608,0.28693819374880836
3.2953872685243586,0.1070983246695133
3.4374780706989876,0.09760749255818038
3.1556933788841666,0.34644732541500123
3.392447879494573,0.18195062629853231
3.339651417940625,0.2943053720656975
3.3368142586881566,0.37457224061990185
3.346534536922397,0.24713325714643136
3.2699204306784906,0.21632558130177998
3.318467580127638,0.2402786859460752
3.3810711494634487,0.15294254178840005
3.406823742945176,0.18691197164151965
3.332210401990671,0.2821309799637417
3.21921203088641,0.23397914936281805
3.3742285064660855,0.1671019323760999
3.5175636220438835,0.10340423078852001
3.572051154347918,0.13753174984239228
3.4107801385993506,0.21046632014597844
3.3952068286801986,0.1897696471550471
3.1753645954056293,0.22936604822450418
3.204245908183065,0.2372687858860488
3.2214743002297976,0.15280803525136247
3.234510956088678,0.22089545984471942
3.6171864502148807,-0.004791762464374405
3.3746266332084214,0.13352474730073122
3.3766780022298177,0.10752801487996705
3.303865942293457,0.2293055640557964
3.389286486395957,0.13942862188539584
3.6078140775202248,0.008627531017254794
3.439445060294711,0.0832882019353512
3.7008205581363764,-0.029362176172513882
3.2901323372847036,0.2792408748358098
3.4037512529256024,0.2130243666657491
3.106366029180587,0.13339010870615445
3.2475124631094996,0.08043065158908634
3.300127033663777,0.020008630207301967
3.3434771716708185,0.03815365364886197
3.399370349032066,0.2224641809817121
3.3524079253937473,0.22298792029043066
3.080954948971792,0.3678185057784495
3.288698162704868,0.47778745509134335
3.235927482980426,0.07050238349053384
3.235927482980426,0.07050238349053384
3.3387208249453817,0.24870785632416365
3.4485785637053468,0.09997465671548161
3.221989640417825,0.2923641252619744
3.3794056853995715,0.3174474762163224
3.3449550294174104,0.16180618863168633
3.343289657455757,0.18102365775485743
3.3911169311357408,0.11164406635474397
3.2067422400968204,0.13132743418346154
3.23895347379461,0.39294658380389114
3.3297783885956016,0.4453238070593593
3.3147286697233507,0.2531318061360411
3.263231510623957,0.16220481972906836
3.3402622248433067,0.21990846745256665
3.4600923621744624,0.1418691347045951
3.448197385027721,0.08866755931284717
3.177108356869503,0.16050939434991277
3.2088928929897635,0.20530823878867938
3.314581733816412,0.22609632082674128
3.202173981395994,0.16240175532361986
3.1886874785972923,0.18227159810685814
3.2751399234448573,0.23932783789326706
3.073250011445252,0.34301428803747047
3.171898623619026,0.5059554735098216
3.1729040534522985,0.46239481820826095
3.147565138953415,0.42364019737012937
3.2008934522206776,0.20851747338191626
3.4452207593058732,0.140605344584922
3.4727501005043417,0.1328144293680522
3.4858725195748037,0.059961786629652084
3.6051583538149004,0.02953633609804776
3.590397974214616,0.07627385308977516
3.5759909213783505,0.13565184568427124
3.44161320262877,0.0786959454740997
3.2507207306389883,0.09289286049664766
3.3811080690991906,0.1502237954399009
3.1770445409726933,0.20311814439688528
3.2189106456053533,0.28490149264042103
3.45702270079091,0.0836865311514852
3.253479278160038,0.24590144864069272
3.15279452335206,0.27343519942943356
3.6145841683759787,0.01961162700350257
3.6273687335835603,0.03406112138134291
3.5581009728535475,0.08193043107510947
3.53538845354666,0.17764931703630374
3.313425791835089,0.13917490949341346
3.296504807691256,0.2669985914454701
3.0874319134380093,0.4816050116011138
3.513220859414386,0.12231368353891325
3.395648596811538,0.1775548181414984
3.4846370783383924,0.12809990672097488
3.429233609153206,0.08325770514679268
3.483890317413059,0.0660334735277859
3.237173234169708,0.07312277497923009
3.265096461375516,0.19077679142539905
3.28538068351438,0.2645534966904811
3.4372826008107586,0.07633072570490018
3.361253533709469,0.21594183254920063
3.282775515513314,0.25068514504641154
3.2357965970861637,0.12394751320833375
3.188079012389396,0.10847167847800186
3.18746934401033,0.1059301391144455
3.2468347819663723,0.0820647101467142
3.2640071103821096,0.1347457247875847
3.356709582968837,0.07483192570984888
3.7190983487349114,0.010396217864961754
3.7272024966125823,-0.018751976546581835
3.477591748402952,0.11228524375966283
3.4841007337053136,-0.04625865562158175
3.511253828929024,-0.07445894599711635
3.7598504475710977,0.1147406242625401
3.7406623206928686,0.14483913126779102
3.2610404342155714,0.018853954138959184
3.3492506643094955,0.21308700788397836
3.412162376430858,0.19421580844226013
3.2421891061526926,0.2398095054466652
3.4818772837693652,0.15477362663405905
3.406982425339822,0.24948816539968693
3.443694753702499,0.19782019480459082
3.551322073093202,0.3221974253197372
3.5121121739084504,0.3715180198938812
3.534974705268581,0.31134044717318393
3.4260028420129744,0.19430274925905525
3.4365505739935824,0.18564040831843784
3.291612807249205,0.24030023433221506
3.425941204766668,0.20744384387287818
3.450090009354609,0.2456116608089034
3.2555280106710316,0.20216541105073105
3.3337639816646027,0.17664520091654035
3.2511302380435168,0.2150792823027809
3.4032525449311595,0.28120345582578565
3.113265376631405,0.22148261441999487
3.5138413018912833,0.16075961588922763
3.606474568565379,0.019632916226694195
3.63393267455874,-0.07562102320044836
3.667297145098896,-0.06193160376377624
3.6792781150326284,-0.013118194704038102
3.473171221632756,-0.022290370107035065
3.479897059919253,0.15549660608222154
3.510648227299682,0.0019083733066972532
3.598903450111931,-0.026317193174334508
3.4832185616844233,0.09420819603569985
3.560520908783599,0.03644175714840866
3.6501979592794362,0.054275503559587664
3.3541090480332905,0.11455274569192915
3.715067424198915,-0.002532396695978579
3.265831052172919,0.16338525356782774
3.409770439809537,0.2375547565746958
3.202472499130701,0.2817747447749206
3.4500322936057324,0.1762536199546394
3.502141927627605,0.15402096531236334
3.241819015860398,0.17577667297673802
3.3924271106597255,0.1233682306392611
3.239178939998139,0.26927107070386586
3.295591012389879,0.15601042940607662
3.295522413544721,0.19398266499684189
3.262084684741622,0.2797807830937944
3.3899070794716857,0.26010653612284923
3.131165545568908,0.2555445498511644
3.326141055080424,0.38927257884251076
3.184518403635033,0.14410356625457077
3.3628828773134036,0.1715426617060914
3.1306907041092513,0.40883106124147356
3.187776930153036,0.3320568851185739
3.010954172535226,0.26444800000017993
3.1256233089553307,0.4078041580094994
3.186037629684312,0.11561893077393462
3.1915870323770457,0.07404979589751788
3.1969911650805725,0.10085677044228047
3.2582660185662036,0.07664170335781727
3.5465060691167096,0.11585894967061276
3.2417963437034136,0.14867258666110736
3.2965981333035876,0.270032650984977
3.476823572701931,0.1759693737215584
3.495186539784255,0.09461186722846679
3.339946283449895,0.16217288029008575
3.2669510201682646,0.38761819698458266
3.2790753973946876,0.37083922794325075
3.2142026262026744,0.3290180745346375
3.296328618997511,0.30849440199757605
3.319136719458228,0.3401202538073243
3.317483035657075,0.3969030652510227
3.2635085785328557,0.15744809918487832
3.30201855844804,0.31678743866134473
3.328558229871416,0.3350838468193958
3.3701477714980066,0.051021394795532075
3.336936046605826,0.4091214958805612
3.2989663740174366,0.347119387716486
3.24511128605971,0.38722082301302424
3.056362992088038,0.26207745742221594
3.2519718305264145,0.4367010515721054
3.1205386864444002,0.33831903179231587
3.363719577676004,0.2880826817701357
3.4351956957341963,0.2181308953882862
3.44892784291155,0.35648498972993414
3.0664870459212845,0.21200641515708749
3.4693174167854064,0.1887978973083503
3.4537517912561966,0.09712808368629967
3.463658224020575,0.02545768048472917
3.3772063792781513,0.2787567281946718
3.2819733208282815,0.1368105432375262
3.22122096263043,0.13903229159479774
3.239675643950225,0.17693369748685944
3.2259982051735467,0.2532399533126597
3.632346305065991,0.06926307907886327
3.3481134195697044,0.048368540260530085
3.3912312503877904,0.0638678500511666
3.4733665752272014,0.17108420951820266
3.465393086780956,0.21965313570395195
3.2608949646676066,0.29040599817370655
3.3837023442671144,0.3321509688544789
3.145836656287116,0.22652095527926788
3.2530003012568676,0.29831706155951243
3.117625294199451,0.18055487981834822
3.1101122077659196,0.1668390074733827
3.189171878942594,0.1965891210833473
3.3326145370785056,0.13175587885830875
3.5312778649655847,0.0380983932716045
3.512889712705018,0.19476996659009047
3.2030747817877288,0.1536625712648884
3.2097299848523186,0.1611185528081603
3.280242248947297,0.26165500064298447
3.2770069644133333,0.18056442255945115
3.357957724532938,0.23405274423286856
3.4311001275019777,0.18532594562767082
3.403798993492806,0.22627752221629102
3.6016377461151974,0.02717327487766844
3.5721153745487118,0.09970214076502516
3.466878325408125,0.03502537666718268
3.453704516895218,0.07544315383604418
3.3710621936456806,0.043977636822334715
3.364810694253258,0.05882425669703499
3.2260980943984583,0.6206257033658465
3.228830793033234,0.5974052700198713
3.317157546740462,0.13108010842754153
3.3487320879434552,0.12245315165872096
3.35224379385639,0.13949592120937016
3.471275141330221,0.1019203071150661
3.5405633797952327,0.2556612548062155
3.4801963681768475,0.18618261513967596
3.493584784875552,0.18274051825608914
3.493039865173444,0.1999441057306751
3.4950940145309515,0.22071574600554075
3.0317362887433426,0.4060564975044919
3.0005996868722855,0.373420488982162
3.065191589966218,0.3834309759278183
3.0446868277959043,0.3730026778196542
2.9975800863434388,0.3651606013945811
3.146883632548308,0.3388968901897794
3.3210620629305816,0.15035789854685513
3.39435390573593,0.05645698088360314
3.455164216421694,0.2464289586851966
3.380408403900408,0.06349752434158147
3.2852388074785317,0.13972103431087393
3.4972344238096316,0.15624428964867612
3.441793855171325,0.17779854133497477
3.5996419640104316,0.15225615064630305
2.9957982517831208,0.33930132695744275
3.025889638476637,0.2671260620222903
3.286519972549506,0.1296434695247781
3.2849634352411643,0.08980055946313063
3.3099486607033297,0.09837647185834375
3.356307468307497,0.21757297594600758
3.483151177800323,0.12672354128661628
3.3713913965103317,0.1018918570340826
3.3721163561234837,0.09961109311334095
3.404645547777716,0.18875144822132167
3.385003862354572,0.1480889737390266
3.4578568086757517,-0.04437081636607764
3.6168129474538753,0.1653758403498174
3.65116382474545,0.1557224190965989
3.287987953730254,0.03193388574923883
3.4909837446811105,0.101912225779041
3.4897163912668905,0.1814953253400656
3.5682558078070405,0.18584733419496463
3.5384888086748143,0.057976430998835496
3.1634343856511253,0.21661056766077533
3.473471786393141,0.03691863834161406
3.4241952729051865,0.15359649357067934
3.302296735188104,0.24259127289091278
3.228912936392364,0.257921426512141
3.3229867446419545,0.2643547933935488
3.4275544059313923,0.216470871865772
3.3018455319944127,0.1559801522636887
3.5691945083547534,0.06190748399459486
3.4917958942302443,-0.033824147271666286
3.532162241456948,0.019378178196244357
3.5289867470547067,0.02334583205367238
3.516573817094204,-0.002385700765762333
3.5025246973291093,0.1306601431781107
3.41506198809395,0.0703699399413241
3.4099863181594077,0.07883656053639491
3.353494118238578,0.22458127817456272
3.427908012740847,0.22801324752666047
3.3443075885169895,0.3085461004284932
3.4264854068329855,-0.021294898890342258
3.3857287380453402,0.34613997993449785
3.589377575387285,0.23207657220651443
3.611737100309195,0.28398397682115384
3.541095574446158,0.23343206086759877
3.3961565077830462,0.2505282500465637
3.347161618470686,0.3114860022427401
3.3548293348441005,0.34780543507023587
3.350452386442179,0.3379693734906808
3.3307201284396593,0.2325141949732654
3.2394594549359566,0.25945609018739607
3.448097059792779,0.2907211734129079
3.162773694921227,0.28975523149929205
3.095794903957555,0.3099106222546201
3.15007690009212,0.3087234746554995
3.285424382761285,0.22151521535784865
3.426576614776612,0.2935761267662731
3.4293223263137005,-0.04257348521557415
3.500418832516971,-0.0052317572303881565
3.6464686908010964,0.016155325692125307
3.3848455946157125,0.06614841363205533
3.388739690670422,0.10387241937344135
3.539651726172606,0.03333978011769368
3.53082992487649,0.007128692251885137
3.2957440034759578,0.17985216043003913
3.346034373191568,0.19150091802765284
3.2043140902931353,0.26489071239221196
3.240868846035583,0.22018017562435918
3.402175984149731,0.2855911349530673
3.0370587310193438,0.29044349051385304
3.307720320389738,0.2634363079601669
3.1990211971817497,0.1051313289462706
3.3012670929551247,0.3527875245738801
3.2413023401821177,0.1363300581377781
3.2588447760118204,0.13347138724149177
3.406828497753409,0.22258714948240868
3.253689578504773,0.25939435585466775
3.517469845163657,0.04006235450579709
3.5593511751688363,-0.03920696365508302
3.419674145694731,0.2679871021970876
3.431297888956132,0.08436760752534657
3.1870055647265434,0.30144087632236144
3.300746077364369,0.18778466577466751
3.4400686015301676,0.10741378693764231
3.5149114802353374,0.06044424897896156
3.4533486063964363,0.05470310886091574
3.2997498732107995,0.17853467435392759
3.5287024376257348,0.09131058327825729
3.2868495846785835,0.16492682246439508
3.2191812081747684,0.23249712697041577
3.090467177902518,0.27457594277776054
3.4612277973332075,0.2789671515975724
3.195799523003141,0.21586192153564618
3.280873591191501,0.28015970773425963
3.259122978565391,0.16720054705521942
3.5772202074473864,0.14898243366890868
3.300095232275504,0.31971630333310697
3.0603475511055254,0.3049343547818775
3.3192972099524782,0.3205599038413119
3.3494714538840014,0.31564911271524015
3.6096153920329304,-0.07395316794041557
3.745571246171124,-0.02538945743663198
3.739775954382205,-0.10464178270157377
3.8824612281186255,-0.14675211974414237
3.902687147858997,-0.20339024505673045
3.104940676108146,0.30028740388681646
3.502516822682905,0.2828951783996008
3.4541479844935403,0.3475257113637763
3.257898937575144,0.22699178101986098
3.260032352907908,0.25634013239494347
3.5626068607994554,-0.049197766817738006
3.087344122679787,0.4795254432156014
3.1633014422651287,0.3265308562999272
3.2294721655525342,0.3331186440529176
3.321325772709995,0.09422186562543132
3.205424812146601,0.2578477752912734
3.3302289433101824,0.27807361582904744
3.4341643560955153,0.2755067234233073
3.2410530937900845,0.3846292150266003
3.294718686537799,0.28856160062182373
3.385204996729827,0.28142899643070346
3.173360584886851,0.20196504758719686
3.2341458134036776,0.36319193689833834
3.0552162245431456,0.5255306090324787
3.0800638078659572,0.30403819364786516
3.2885917892557526,0.30550854063991145
3.0860620178668166,0.39591461609049355
3.349073905551369,0.37628922541162046
3.132424258362531,0.20207320543484159
3.2491504864716547,0.37451307153698454
2.98080569802281,0.49437475315555196
2.9189293216147787,0.4425907971654551
2.949063206701746,0.4048771676509996
3.1875678116903283,0.2778859203790776
3.1352458172194404,0.33035572937480334
3.2764784170722003,0.3377126352758471
3.2206974246185838,0.090097331317421
3.287767324939702,0.22530059790848905
3.2770626565127445,0.4485794028779957
3.4751620577257913,0.37535937414492865
3.388564418901724,0.12374788904205423
3.6611829440612174,0.2758567623727792
3.557825815691009,0.17174351830061343
3.1623424077398488,0.2618647765348324
3.295064938998911,0.06718218363432255
3.287264603982176,0.01141951699415357
3.371312087026859,0.034392021214784296
3.3543271042066154,0.1351199963634568
3.332962197480655,0.035442858729701966
3.446831523348669,0.09872431535697164
3.2802864537790852,0.22823471614788168
3.4099807712934944,0.12456744216401716
3.470089495574374,0.28674161541639553
3.2838870583165285,0.2714666675088008
3.289442617517484,0.1758007032683105
3.2300697616776914,0.187157482396141
3.2544772901785346,0.17850443405489264
3.2551733145289052,0.24503630564940224
3.3212090681821773,0.29119858696896145
3.382518342427311,0.3070082217561357
3.3880527071000053,0.22909417305317678
3.4220746765265986,0.18550284359767893
3.3378457418112535,0.27501584945729285
3.104611862817481,0.23793416541739187
3.213834838033571,0.4490396386235658
3.018105390675623,0.392795230880017
3.043284002197297,0.49654149485602694
3.100863657506945,0.5328296381673517
3.0789119377604472,0.4848254632309197
3.0190810489958366,0.48693477678447056
2.920029405478222,0.4064898162295677
3.3067187735473267,0.3098499356204714
3.141533948105904,0.2353567358779939
3.6170800835831165,-0.008228267842079168
3.2884593654015233,0.23243838359704827
3.3314620662316266,0.19074152547964598
3.5873631213085075,0.15602038559713396
3.4512254086426344,0.21256262365790768
3.282798650663955,0.1831649233289904
3.4727398659371564,0.14257253414771567
3.422200573694448,0.05269377006912825
3.366994050102989,0.08921190979952422
3.48896092923658,0.10292162677581596
3.3286731251172674,0.20740229415125266
3.5111923392324864,-0.00045039118295015195
3.4594830427492176,0.07588521753658681
3.210499378845032,0.19995737783449247
3.3683633827657764,0.2495376576311182
3.4552442880583327,0.14187091816993347
3.3185154505624284,0.3927985359739338
3.306122634427313,0.3925985442946644
3.479824232369009,0.010351590534270178
3.5672817442453826,0.017892580772536748
3.484156837316158,0.057053679173685756
3.4014120879108574,0.16416226962003772
3.4708438237705805,0.30936916749693566
3.406553742148479,0.16075484477974844
3.3736322409006627,0.12296795625075972
3.335300797199839,0.18021854369647014
3.1595887895826285,0.22914488800561045
3.1572930034447895,0.2826420219793881
3.261539372628036,0.23704063519093518
3.2805859143913243,0.3214533517027555
3.4483224796105287,0.25293795149646636
3.1826468901868767,0.29291399756969094
3.088100124187617,0.35623930786661745
3.346510110894374,0.16298774748748188
3.1734098321266413,0.27744231647510753
3.435939808957798,0.14886044266250179
3.434033472547003,0.2031462273792027
3.280131124823321,0.12206959022464366
3.3619164842945395,0.29309632541774877
3.5923317572466686,0.1438736898413365
3.1112399212692337,0.21144763173358838
3.11199884295358,0.22515490096544788
3.1237727685697307,0.36545896322623994
3.117079363348423,0.36911292297628845
3.214623628530804,0.25641845544325503
3.2305233279114383,0.23286375019094982
3.2127182937262906,0.2823409757247659
3.3476860013135066,0.2621077630867481
3.174277752755472,0.2724165180966418
3.3035606612665647,0.28029290773908927
3.1731487724426,0.17960158323871822
3.323980127064742,0.16267347210994212
3.2577303038513237,0.2788088903939951
3.3348645838410604,0.21052586406223311
3.2831417652880726,0.21172421024413735
3.342215493351005,0.19094223927443532
3.279651561702779,0.3187471195308434
3.231695145798804,0.29349623457923163
3.4105205472091007,0.40043959771252136
3.1046323080037577,0.19061111859069496
3.2894639706477014,0.38890699655570155
3.1621050305443483,0.20779006003412076
3.360576727225084,0.17377477018559795
3.3349874706212432,0.07189316166099148
3.5411614420463082,0.22604136441244452
3.5302035771550475,0.18904368285774456
3.5041789380775814,0.18329203340644373
3.0602915767510552,0.25348312677278984
3.4365327148286586,0.3729181313813169
3.2613044932431206,0.21605819451609054
3.051536933289518,0.4736130394623305
3.1225876005759354,0.40748620239915273
3.331706911964907,0.16721166242026284
3.2452973537264724,0.22051122137620482
3.4986177992156757,0.09346020274169607
3.375032054774625,0.11003254963400715
3.403741630867025,0.1598758920629607
3.2801714178730856,0.1996556413157968
3.2240454280787945,0.28968575125095575
2.9748755566096734,0.3247630440675938
3.0411976756104235,0.3213123898146382
3.123001422266636,0.3580147249011569
3.1599921052413884,0.49480328085539693
3.009922098753168,0.3580934370383005
3.084877196993861,0.4208792354687402
3.0932292871310687,0.41578016837824433
3.2810764480488523,0.5288714770476239
3.3362311687613286,0.12503965449878762
3.373458985550767,0.25772872790933643
3.2698278941053087,0.26632449337952757
3.3270581252228792,0.23625005210889613
3.3099890180798273,0.03442213408576856
3.2728687304089736,0.08073936652364683
3.346611974578937,0.21480871714760216
3.3406812436409083,0.19142260894265206
3.305859899229918,0.045424320839601906
3.435495873980157,0.04651470181687342
3.3175236128184356,0.23613340428474766
3.3985872823778442,0.1896417714725451
3.349283986579713,0.2299579013493162
3.3252549311315596,0.1556868021457342
3.3032312386472475,0.10354684723703372
3.195666227776902,0.14369239833552686
3.3188074461121007,0.043501908130268864
3.414130758996195,0.014514548164904627
3.3733040243327985,0.2710928284888056
3.38567712073708,0.3026914454418373
3.3243735881592857,0.27583904831757877
3.384205031584429,0.32688583108760316
3.1608315574302943,0.26226450117804667
3.1608315574302943,0.26226450117804667
3.392750144041716,0.20026670883181916
3.438087264664205,0.18549101172062915
3.3714751292481875,0.15139986846273817
3.2964227142296187,0.18735348358995488
3.272216899795251,0.1268376896870759
3.4533029631168,0.2370714993597062
3.1783946872310405,0.1262337251973782
3.3266270600183976,0.07152829092687495
3.256580874282271,0.15396228705615914
3.3972851951942227,0.18679682767215078
3.2048496693255055,0.23783179793969045
3.311068742005444,0.32023603503713494
3.086834144002492,0.30206324341725055
3.099080390686294,0.272783989631148
3.538133826105356,0.08804596029890913
3.215996758552827,0.2379553484486456
3.5389038908376715,0.007580787877674275
3.3533814238167627,0.1257750543672733
3.4161341235592544,0.11135736395086207
3.4546166340229587,0.038443152733389316
3.517342975456993,0.19378343066753867
3.4551900332077317,0.1528371330942693
3.1539121542767665,0.22713691978176245
3.3160571619325614,0.20177004569860982
3.2805089698004033,0.22344028672675542
3.329210568038178,0.17180749773117124
3.3449028463884316,0.17727557309867556
3.3916002092419113,0.16291182837759977
3.404482274779098,0.09917695668184776
3.2718606763702094,0.12642779041843202
3.1848350644018018,0.22718536287114674
3.5933405857984395,0.09670884240772488
3.505084293918282,0.08157990292232076
3.4840741214588027,0.06314227508445579
3.648341029018929,0.05361591473341775
3.4304025710123693,0.13058156127421486
3.379765955849098,0.09300963851033654
3.306124146336951,0.1951889668538277
3.124018172530998,0.056097532475565585
3.125898696133023,0.06959090489818684
3.277588775788193,0.1860068303669507
3.347301033762746,0.2281709234699473
3.433944758718446,0.2109705136100726
2.9540030401778408,0.40319552653425306
2.8911426282434585,0.46273224634078786
3.123563808991422,0.4093385148151373
3.1097023682511,0.3815610737361903
3.423907759846643,0.09792953565369435
3.392565329051921,0.2045227385489005
3.5284599819093336,0.15048750270775713
3.5302775777133935,0.15191150827861127
3.585310499936084,0.002027797221199763
3.5939408659088703,0.04240410223340123
3.277792518240393,0.10731030048613943
3.0866155098873373,0.43760885236958436
3.207847999036642,0.45060763870943726
3.3329331353444984,0.15388646026081335
3.3025920216452835,0.19254229721784802
3.294679932395047,0.14260684284495
3.415936493993429,0.0847145137656108
3.3243860380173356,0.022904545545832808
3.6262574403717953,0.18609801571672982
3.288612020387182,0.18763739909929308
3.2823433609786306,0.28283642926896396
3.2560295801427017,0.20554992896472293
3.1238244532821016,0.3481831538956901
3.1119454485304434,0.34881496262998724
3.104924924363055,0.3568494470802832
3.049687460371202,0.345310569421668
3.1199995000016294,0.3423450979250979
3.374731239434773,0.09617290546512088
3.3648591388948588,0.189219464122826
3.3770848793343085,0.12424220034295169
3.4608911604472157,0.19763538812196924
3.433441866342155,0.20788225493368084
3.4803650750177435,0.25052170013033714
3.3309942459442534,0.26041913434172204
3.3257278280753413,0.2779551035855979
3.124275881095602,0.35142757037585676
3.252338176350155,0.36769398275982107
3.430210468141585,0.003292290755195626
3.393411636749124,0.28042451727562256
3.438855085431099,0.3303181102768681
3.333311011839319,0.25574351166875375
3.503784025066039,0.009981663350942893
3.417394933374346,0.07298401040037945
3.432583785690948,0.0576822527254653
3.4312823695259085,0.08524272244941138
3.3605794804415137,0.08926102993807138
3.2411633256170074,0.35418359821718154
3.1089582049523226,0.19299457613912166
3.210861083148374,0.28361590501704387
3.233165001997023,0.29425443578577054
3.5136810966242114,0.08725330718963246
3.156266277003343,0.32680939918722357
3.308572160915953,0.368705109936084
3.2022768589831547,0.1663870879573173
3.425687054817575,0.20169033799083821
3.448489249970764,0.19577963046455685
3.337160297599939,0.09922718256327974
3.5773060422059766,0.09976038002295871
3.311019344922898,0.03241009793662894
3.375790792072052,0.06994100737880203
3.234389942070124,0.35579616819625476
3.4030077267191614,0.2111628730500221
3.3979274254446548,0.21904167097090627
3.462699710443744,0.12933926752387187
3.2915508766937998,0.10457863636585613
3.4183892382805747,0.24004855828139512
3.4371237663895364,0.20741578568566668
3.6201276409070102,0.29601879313715224
3.4906636811123537,0.24598146756132888
3.2275923862402727,0.1623291731166173
3.288780564864115,0.20332906979759496
3.398415453710537,0.14702760232886544
3.4364147045595796,0.26609279561135446
3.3367080068171826,0.23262063339581124
3.3685581855650266,0.24377958877934508
3.5184357373131485,0.41706208375296955
3.459952628776085,0.31318164998879855
3.476862061784344,0.33009726439428166
3.3187144549409515,0.3339734992756787
3.219463205252433,0.18952350197002057
3.3421330408561403,0.09645503968976867
3.428670751418001,0.06816747248191274
3.5651341430076484,0.10854646550804482
3.155326497762265,0.225656841816811
3.203624649332814,0.20886211197247626
3.2473889219217638,0.06994471619728951
3.268309277252745,0.10040649187768995
3.564178768461857,0.10861680668367489
3.5494302289298867,0.2738614408995537
3.3669522792171707,0.27796205078182656
3.2660006521814484,0.18708447235599163
3.4655022693631095,0.1398676104540827
3.335803299810274,0.11213258087382649
3.3106588505932355,0.1546956050154535
3.626914166175367,0.1506225060476352
3.5334142431406628,0.0907260250381101
3.335333919950856,0.08279301083447868
3.193997170075962,0.44971017497729904
3.140957996764223,0.2304116245252372
3.326256393465233,0.23932189153921138
3.3260763073244513,0.23723250121118258
3.2004989075501684,0.0773237158604546
3.352820779701474,0.5009297801419957
3.3346461346111567,0.48316324852736015
3.111513663760639,0.3289744393371059
3.0494946844021937,0.3283576639876248
3.084596900551345,0.33302930177718576
3.0776415426776422,0.3040534683055452
3.179640537764796,0.3130813234015618
3.1678582522945824,0.15910970068640046
3.1882991748957594,0.17041437557649555
3.503528734641109,0.19522183683194974
3.6274404255288184,0.1717254405534739
3.406961501203177,-0.01464567496549897
3.426208261045574,0.07505099095329348
3.366303850038072,0.04708909424068764
3.284940074778024,0.15715335728603116
3.296125354893751,0.13510995568471265
3.0695764254601525,0.13151729202673357
3.117782014742832,0.14398396939093797
3.1530760821318085,0.1599700766412268
3.5646631844293775,0.15899722028523317
3.162328288878229,0.16557714437937596
3.2573107485440675,0.22097598985874148
3.1759538318389042,0.2417208598366066
3.4054878790115026,0.24784975150019706
3.6394868511490603,-0.11408067064546162
3.6255812664977016,-0.1030105157226507
3.6394460376433955,-0.1233809163578367
3.842703210438813,0.06100420683142004
3.858944358205125,0.05002763536409262
3.201340952667784,0.10082600396475742
3.4096455912434833,0.23886354367990212
3.5857018543964005,0.10940278381462479
3.6333755159268772,0.1573512483248186
3.4814928423411766,0.23586941331313246
3.6452311485233038,0.17935149966836264
3.398523629134729,0.2724000287713413
3.520783709417729,0.14067028071191762
3.5620991960090276,0.19267362472615385
3.55314030125624,0.22594876998388408
3.60561187559138,0.29024483275458113
3.5491839303067154,0.14221642219782987
3.405183673425894,0.07192586063254784
3.2850361297488897,0.29202981748823764
3.281529624210266,0.2908786134176773
3.226493623841254,0.29642333311556096
3.513968527815618,0.12826951556830346
3.5887069672463623,-0.033041503042293696
3.613832644856241,0.0010760540140041534
3.6163238156715978,-0.017002922243808536
3.5933819289622577,-0.02949683407484523
3.5521181556265606,0.08759536276283367
3.266577911772673,0.18710371644952242
3.385392492388652,0.1970099913024597
3.41439144838943,0.22096211700385554
3.117593409263605,0.22097272777066804
3.587851366006135,0.08812587634012227
3.3211328261535336,0.3191205179459753
3.3927823919584252,0.18853103438353438
3.2487154338174835,0.24736112581677733
3.300645951647531,0.21771999263584454
3.426964112840268,0.14952126239128893
3.3832757641754894,0.18492655589832452
3.2317893997468428,0.22894366709765238
3.199184276974957,0.19631370057007516
3.2757945705074545,0.3709151559214457
3.1805128478391524,0.2000941746477906
3.137636714989868,0.16757475454119403
3.161978227360365,0.06052568594181446
3.3055766021319677,0.1611625296556111
3.4129854242234683,0.11274916117193776
3.203544439170397,0.32407140182968736
3.4359296129063335,0.2697849360036606
3.4255333990316252,0.31539309520019304
3.292720832238843,0.10267053535267316
3.4033653405818525,0.09308075365884814
3.4502117623029793,0.16602292594427456
3.558137168894848,0.12375417010767148
3.4484234063008614,0.011210648048466734
3.394822305262932,0.04008240771149587
3.494226794815355,0.08751519541976063
3.434307248931022,0.08781998349550803
3.6118759368395748,0.031868397603499764
3.6426170294648377,-0.02515323200656549
3.6383499454853925,0.019421755962637323
3.427984045184525,0.05384270093425605
3.4302436441331965,0.0629528615025158
3.5210234035473746,0.10382964250367965
3.5748902722229308,0.21038781623227995
3.350722390704713,0.3785283341590538
3.1361572363089905,0.23418904002767799
3.3549933824544294,0.19060910338405893
3.227367281065316,0.18259489931876013
3.237325633639396,0.18991631401284337
3.30993724820912,0.22258793435719756
3.3516094293341,0.15164450579723343
3.28066803445347,0.20139658144303518
3.37867948109812,0.10182765254457435
3.3015646022021277,0.213295778417062
3.541210026853916,0.03530901624075017
3.367630397502881,0.16908065197764843
3.674422572125711,-0.07733203961652567
3.6653838633766767,-0.048581828949270205
3.510471138157268,0.0685327719328984
3.415636012031814,0.1162641395883654
3.4750215060787846,0.22301340370273096
3.383558103507189,0.23693650722531862
3.0624400162939636,0.3199084792020404
3.454223877201263,0.17478919379401325
3.204628199393972,0.20539601936874025
3.2408429445488753,0.24488059936376788
3.536638485127392,0.17659520591304267
3.4055053764973087,0.12862736640315395
3.4521210542273315,0.11996882336996542
3.2980691034116645,0.21504588308891293
3.176313410639004,0.38266953159708256
3.1897442646741174,0.12928687995475455
3.187826931257513,0.18149031090317203
3.4057713156567204,0.40876054039110565
3.311894078748713,0.33746366976930986
3.2492565896896317,0.41956841232993497
3.195424032307965,0.18144008405484638
3.340001527285111,0.13764563377036035
3.359604559109612,0.16318032240330632
3.2802199387370243,0.3667068344718743
3.4510926438443907,-0.004732542046319289
3.278358549452282,0.2980901562569207
3.4616807500814986,0.17306491176768737
3.1834998310235125,0.14327948768174148
3.1372190358759395,0.19229557326800756
3.0686483421796513,0.2364791931210299
3.055899728654445,0.2617803758630047
3.1139542017641575,0.2874315033772761
3.2591993795483742,0.31281263463465014
3.1959190700261946,0.32116947525930906
3.129172852344698,0.20988847517311982
3.15997777621781,0.17954016113476043
3.173174563185896,0.19732068084958249
3.119797149630701,0.1405195779060292
3.3599141650502946,0.21230062498135224
3.360253151883345,0.11865634847059021
3.280910780293798,0.051105187789717704
3.2817148143324015,0.3685166041251001
3.366992243599314,0.377858727145913
3.3678182431503227,0.3368336779960627
3.2510792040514174,0.32208740975415584
3.2526042604473977,0.3672523671885596
3.3772246498130594,0.07548446859785363
3.5121227947816545,0.1325680130878547
3.403064051159613,0.04734558842194724
3.530413362197401,0.13544538978173834
3.5324729624006936,-0.022465683516363598
3.5237651500818417,-0.04055739225216702
3.2664321720900613,0.13765527928900514
3.255366115872302,0.15040219329904064
3.5999748122348976,0.09814164631780636
3.5696663207252493,0.11628404593294156
3.33563230943798,0.12193939079146646
3.427106275667436,-0.010913406895910466
3.101494922352415,0.6681646399486815
3.0936448784646235,0.45788653752496594
3.164422046980312,0.44842982971212914
3.416287153776235,0.06036783448708659
3.40670825614948,0.208920431384317
3.0988432481421198,0.12190833646572796
3.1788496005599747,0.20416063956091685
3.255175169933591,0.19783986300019907
3.175147748621836,0.16203709150181367
3.273721323821426,0.4193683027895264
3.2785046155927158,0.4092596348737849
3.2741540564297456,0.3970731155179202
3.3924193931683146,0.3117546385956268
3.402138494881636,0.2210317891393719
3.363225178761171,0.2050567355584378
3.199784988016439,0.28384497735281233
3.2714944237658417,0.3150129547280602
3.3715271703808942,0.3522836581513473
3.255078112021696,0.1802194032547778
3.429690218794796,0.25938564784241286
3.3720358671812303,0.21963002935246387
3.2880738868407726,0.06516648682365596
3.3970931657217953,0.08367292002062218
3.538787991937251,0.1516932261854889
3.5308100932986237,0.15273085441269452
3.1115558492637296,0.24087053421626278
3.146213240558031,0.22883464964751907
3.3382597067440027,0.22799608487259385
3.362682371067275,0.0033889155037837436
3.240598138462724,0.5706472761751507
3.266325684813013,0.4341980210229757
3.181427296735418,0.3584665055596288
3.1711637233783656,0.2914912653985478
3.3093814982877516,0.34141980977026587
3.3118818703165194,0.11365680349574465
3.193407123621243,0.1098763395294933
3.312177910624198,0.1755487071610962
3.4058284373211323,0.12545205661631692
3.300091733658376,0.0005684870372023405
3.3335501807289436,0.2828546316728019
3.3097486024892024,0.24255464224981357
2.946948347615804,0.3228117648584319
2.953169796362233,0.32964433335648646
3.2389724435323695,0.4810442083724259
3.513428813229126,0.22875699894768406
3.1073923521746094,0.20375325266998842
3.4763784014060155,0.16514993090836977
3.582122585847534,0.2160199542370885
3.5419319695018343,0.2457849709539036
3.486616328738856,0.21313533367129678
3.6062908621608343,0.278813841855929
3.6241900802003504,0.1321828824634145
3.0831083485850646,0.24649114160103658
3.0100723796143196,0.3241137559025358
3.1421316510216784,0.27126615876881505
3.124083537358804,0.2849778744685544
3.1257123447099233,0.2936483095708282
2.9771911190243916,0.21700816995212382
3.3411861596550545,0.3819750907441873
3.2469354791668072,0.3394777287455769
3.1961595202952946,0.2597739893939425
3.368950822856838,0.17456832842251147
3.3181464192221375,0.1253243590195432
3.209671435092078,0.2700736503185529
3.1532128590261803,0.2013375725097331
3.2048820129867406,0.2513341533212627
3.3183068686013666,0.1268423705008684
3.276095399248973,0.33945720862373535
3.3885784338546934,0.251904215408594
2.9875003330573278,0.2582066476175762
3.0510176673828346,0.44132828996919493
3.2847493935914085,0.27181501427269417
3.3044569031660918,0.2833493530357943
3.337207518107815,0.1481813929974399
3.5624384811947425,0.0944881766633103
3.5206803595907368,-0.04465273815260619
3.2758981731855092,0.23974488513488304
3.296936003723225,0.2650596230939762
3.281810307442798,0.10747684389688263
3.338114542928047,0.10730415838564604
3.3053696639521775,0.30003711214528683
3.6616080641755193,0.16011852562258017
3.2983604910059894,0.13354279884320056
3.248810021259549,0.15445150126326965
3.594554366727281,0.2343423089366831
3.6910013913546575,0.20654599287746353
3.011284338010481,0.3205436293895906
2.9377227575953224,0.31841834384563833
3.5880137473429943,0.1661965131985014
3.2784797636662604,0.31053237772521886
3.289370668598911,0.1320516910590187
3.3709854116847695,0.06260727513193
3.3441231388066464,0.19848583828969166
3.3849628500515654,0.20922038353015102
3.17178530192481,0.11665055581499625
3.6231638392506387,0.19572626172150978
3.248532140428521,0.09811778613559256
3.4564144146585356,0.22626381529521677
3.3968603138138436,0.19795267917373838
3.3525137251023573,0.16577525201228993
3.2261458271747934,0.2908589737179861
3.369091446788631,0.05370638276957987
3.447197320988041,-0.024662238035687675
3.3465628719386644,0.22606475053544423
3.3114849012751546,0.39277847521993325
3.1822367379834895,0.4057645732703529
3.131440164527022,0.3019570907249349
3.5549083800116086,0.0295251181826066
3.4962615974068916,0.058505134504433155
3.2141606829668983,0.3698247387401897
3.280559226601204,0.18585804701960912
3.3960980708164734,0.1753057828018368
3.4339623388420715,0.14673690008930274
3.368071559871971,0.12347816560177464
3.316803192001245,0.2958734197890797
3.6225997229823585,0.2588779885963036
3.0710163417664837,0.17033981784888516
3.0817098699257115,0.17336478161579258
3.537756017161393,0.37943265896197664
3.4803837398005024,0.39378452982292594
3.4447412646599522,0.35549989272676247
3.548855519064227,0.38492765756679836
3.4002384327093615,0.10993517364180692
3.30945390733663,0.4717853635133984
3.4328680728255994,0.013048899472916296
3.2934480710910523,0.3630544635472077
3.327700897292751,0.2816201745117586
3.3981581967645056,0.3015106654419347
3.369407334761532,0.3546843345976766
3.0342099615877425,0.3852040884351182
3.1451935430087876,0.5591054801816837
3.06210423600276,0.4615654454424699
3.074945654936099,0.4491776652671534
3.063489503964046,0.42978777556701864
3.146363287914875,0.4117836258473822
3.014920860617034,0.43241323873183046
3.0899702600622203,0.4026510640346784
3.362913621598683,0.2201797655923087
3.360453319821536,0.24599015793936257
3.4439491873638355,0.26861353062670723
3.5893105803879757,0.1707473865628208
3.539679450050795,0.1972059978386004
3.6217229716443673,0.21072168691019502
3.5174270949958566,0.16349976718738135
3.3210580348039422,0.2421901774330713
3.0575250950545367,0.13153327239604848
3.148416923402059,0.17520743393335128
3.3588784453267717,0.3516212659733014
3.1665490716188835,0.3405677156521578
3.2787285417570557,0.3229384321156998
3.1191257711028024,0.22464437737463935
3.1162283213430153,0.2589181345537184
3.250634573458611,0.3821997756727486
3.204398186693273,0.3886956072808062
3.2369963595615485,0.44686475617696064
3.4668732467094805,0.07693976485420168
3.2592611042457054,0.18965032713246185
3.4411077894589654,0.1619330366329635
3.590701280371011,-0.023527824479505827
3.6928669461720003,-0.03989885235793103
3.592200717507599,-0.026678645329676242
3.4676797379096493,-0.01852830110807045
3.392290705927188,0.2549261475584762
3.167181447176455,0.35599973709437005
2.9901456140739975,0.23484589192097247
2.980173258122527,0.2393439630387463
3.062405424990776,0.3280714317742169
3.2130724408972027,0.21401907797395056
3.330985413892284,0.21540789789931253
3.431527548949195,0.2802514722318083
3.439893132051242,0.27188348706502335
3.106274893891874,0.2573431922114992
3.162907224671341,0.28678745389558696
3.600411376059246,0.12522343595939556
3.0668580474923477,0.3117772260937455
3.3269820374503074,0.2790310981954069
3.2662071062122746,0.16572011367764056
3.5259288361176813,0.1497514433653882
3.359265319189075,0.05730951436918636
3.470509339174189,0.01721975937161202
3.4846951837360383,0.15674798383682836
3.4793706650174854,0.131303064345539
3.484284056723227,0.0638204607983847
3.623565135742293,0.14190771368626373
3.42422901545006,0.004148750186894188
3.4476203091132076,0.10598591191724886
3.501548244316979,0.1455380033991477
3.4642206910006665,0.20713358461122658
3.2012053742774973,0.13151077371659373
3.2365434884828814,0.1984650259052235
3.4922103003372578,0.11295485922947932
3.4596140214571403,0.12151894904598845
3.2627961280196556,0.23674422356593383
3.236740640075241,0.2509679025237211
3.3429182145010965,0.2370646430776337
3.3626058516704753,0.11638591098970477
3.333087873097654,0.1335019377568806
3.345500025424186,0.12802519352891686
3.291414455362518,0.2511885311731679
3.2936585770517857,0.27167022669224516
3.265248332101487,0.18838025501822867
3.068421739244703,0.22649642806012354
3.507775182979655,0.31385228821413735
3.516429399569076,0.31440097067270145
3.4463699625401247,0.26285940061938445
3.157247876732326,0.18485913436704593
3.3481751224875334,0.3226408843467182
3.2056992655572967,0.1296791234882329
3.192664399428021,0.3492860434989826
3.341459941776935,0.35242562772984104
3.417062903670858,-0.005225196077053664
3.3556338286543546,0.3553758351778936
3.308141282932808,0.3814317949704083
3.142821808447888,0.2591167531390827
3.5080820708760676,0.12640992325261297
3.2441875826090305,0.36969910006447415
3.4449952898820766,0.28163844578323627
3.4597418186414903,0.120099667862802
3.144791312988711,0.24641435176533014
3.2572204074198723,0.33330922260547136
3.2824497199248865,0.10860809319585366
3.3727645447245567,0.10618809241853139
3.4163795171903644,0.18721707972684945
3.170543962281987,0.24587179268187365
3.0857256571344998,0.17600574249767642
3.193835800437748,0.15817857714472514
3.164277583521412,0.3085055876257013
3.0816718212649996,0.2597539045266061
3.1241781425568296,0.27351366580590947
3.42548691873381,0.27303144988203665
3.358663813606233,0.2584860128135968
3.2503951635359747,0.1357804211677264
3.4093772299911236,0.12101787922187238
3.460857222405079,0.23088758006311866
3.151945797363108,0.29963351106893843
3.2040709268117022,0.2662467317170778
3.5119863460264464,0.2393851025369517
3.506490201544196,0.22695144793028138
3.1359229281577092,0.29116936731860377
3.2115101147789673,0.400424580603955
3.1994713353315047,0.2552016549054987
3.435707950594193,0.13091888083549513
3.541954377144184,0.20110477379786407
3.4800319854132935,0.21396988085620944
3.5655744910568465,-0.06413321342189769
3.5567980338164,0.10154076933002243
3.5354024392071532,0.10835010127320129
3.3315898474425496,0.23463917986297386
3.301794938886337,0.15489172322709016
3.3275958795869696,0.23637583787645067
3.5613521662165404,0.09595682911634854
3.425188444330451,0.0922536368494631
3.6876077611554323,0.25776152456313556
3.2882528672166855,0.10335965155709885
3.30481609078556,0.07397841617898765
3.344806301950309,0.3735041949153708
3.371518510428571,0.23907542028167833
3.479667520426961,0.2017455162704655
3.4145532810598698,0.17605165574111548
3.4079410927374636,0.23179405696992064
3.480831763070643,0.1767018308203992
3.3166385598357255,0.11940588397694059
3.3092132153741334,0.2849378536414536
3.294778267732564,0.15164277842701288
3.2840375502601784,0.1042774096225211
3.2730132495854223,0.18950170066446373
3.06891185200935,0.35244672297399254
3.0656333673376595,0.32211432958645203
3.4453538886218373,0.14444172857888174
3.3996833973469975,0.12902225178658994
3.3602616329537507,0.1456045485243843
3.3300422769788733,0.15383233761147197
3.5060399863211917,0.27145171014323916
3.558921206429942,0.24943859206584565
3.376954322724673,0.3731352348187496
3.0646234324534123,0.2563605164007061
3.47956757074166,0.24240454242740544
3.4530742569890243,0.13523093183451376
3.3220164034402297,0.1455088480524578
3.3640482805532463,0.20369617398836862
3.2621947732339804,0.27967338707772105
3.2717989105637635,0.12920387658636037
3.4342782664146725,0.1337893616403845
3.413434356118144,0.20143990984089094
3.2527518640879753,0.2649322482281469
3.1424691007899326,0.2763722616294484
3.154172115909904,0.2686442425120621
3.4948724325791494,0.08904424303081902
3.2394236288306493,0.2325073500971643
3.3193083430793737,0.09946048332369922
3.715517235182205,-0.031282440810939297
3.4432280828878987,0.11692239609003935
3.3070180497391286,0.11977954100056619
3.4380405181148053,0.19391286820211254
3.28967352332517,0.1569151356934265
3.5893053933571886,0.10876383730831589
3.3400553762409837,0.15046655575106943
3.5222004286938393,0.12393671239997883
3.4398595405099432,0.09109814741361312
3.0444297974879126,0.5235087761796131
3.150029058157668,0.2013752881189001
3.5136452569993355,0.1870009244283941
3.5394741316881357,0.19554679069911732
3.4876941757663102,0.12812321043075553
3.239223218275953,0.09377137452447047
3.595501336815978,0.215644215226388
3.1920752698137713,0.1773771963185149
3.2234407935044334,0.26129611859776464
2.99548451700213,0.22398120551393116
2.918463742209262,0.30493439088561053
3.4990830744814945,0.07168136110979678
3.474636822222845,0.12895916794689774
3.254782900858532,0.20666326977874028
3.4590646046217453,0.11152662409132434
3.6663930228013455,-0.01788727958647038
3.6258696547337537,0.012452036200719748
3.5333005933329074,0.056138916608645666
3.6008795488657843,0.10051463520381085
3.0510366873730255,0.336058478757015
3.048080867693154,0.33749829798257613
3.063094057905386,0.2596555065216838
3.0824205495283157,0.28110359533049106
3.5237143287047994,0.13686354721072025
3.2272746173306555,0.17972757258710037
3.477669628853775,0.1711245622876287
3.0782678868491153,0.22008976102602562
3.078190275675473,0.27935983864269537
2.8904036683883416,0.36897933988927856
3.180657247014591,0.219955593621998
3.135858556864718,0.17914084046937498
3.30907453783362,0.19877641306248178
3.4717738261060718,0.10857796118726191
3.497322395935037,0.13376672052136943
3.264194321925911,0.3295789030512172
3.2506556561544238,0.31106122558833793
3.3340758714085066,0.06692371679409266
3.2499083083271554,0.23052057666255887
3.1867462504051316,0.2107956561610912
3.1584547012976882,0.13625058507932084
3.2039482365807417,0.1443801908941291
3.1806208345997566,0.1664417277879386
3.215480395612587,0.3509395543757944
3.180879679280881,0.42929043272998746
3.4833607347887017,0.2426824128226821
3.4298784600670382,0.24079541608248742
3.334938361099829,0.11794201556361783
3.4498153335629977,0.26725563099788086
3.19844799188997,0.24936046326205838
3.1560697705028122,0.2912816147002835
3.136779307037775,0.25662408565239836
3.14940242375362,0.13230706680049084
3.436029008656077,0.14412179627266064
3.372948143154217,0.13529705078172607
3.4426845849351615,0.23553183069731362
3.5473924166372997,0.021955763800860735
3.488462709567452,0.10359461476986324
3.2760608830138396,0.1758000994752384
3.3102237064804916,0.25877659062557834
3.200564408590278,0.35515128517001315
3.200091474016444,0.35272650659154803
3.231214860424105,0.34424794305776574
3.3911567748432216,0.08764305324729102
3.3722426066745177,0.09670199109892623
3.6071363467273057,0.053823233878592
3.596133975380085,-0.028148585773321216
3.621008820587541,-0.033212868372201346
3.659349459417725,-0.024929711590794497
3.580851986325547,-0.026191588111448866
3.1488981338182622,0.4607309264541758
3.3153664687773703,0.39588561550991697
3.2013526468197675,0.24632203396849137
3.3683270158338705,0.1378202101252012
3.478719965699776,0.06545595548233114
3.4981894611749262,0.08154210100491134
3.5847139563443253,0.06466809332956867
3.4695866416844785,0.11203538232176963
3.3103690538193824,0.3020330823929284
3.48831655116207,0.028885305801636414
3.553867071853972,0.1396228065673496
3.5319857146055464,0.051221556281857816
3.4469976211595346,0.0879865555428401
3.567164515131946,-0.022809783423484716
3.1999472602588086,0.26694504771787403
3.535786064227816,0.02258496141073475
3.445346680299701,0.1220355211659615
3.401409972868882,0.14412094094976852
3.3244105043964027,0.10574921623749728
3.483818110250934,0.10630023800671683
3.38790173652868,0.0452610938713022
3.3629729164266227,0.2933030792466435
3.365180844459041,0.13498258802361437
3.3050516445210234,0.23029891415370154
3.2564160538417477,0.18060075733314312
3.2710718695140377,0.17062625899780184
3.2198430883301286,0.28398218838097466
3.171909947919871,0.2929024938100848
3.4526871579329144,0.09362228650189536
3.543173491365221,0.15323910161451637
3.252692351849581,0.11672874941120538
3.2356985283046864,0.2819340293708475
3.2928810070797807,0.21174785935762044
3.5060716982174434,0.21558181559157902
3.31620201663492,0.16807284449773335
3.490532366799667,0.1015329115294619
3.5409597350345052,-0.08067470675640441
3.6247432989771546,0.03983651467730307
3.1490476197354638,0.2131249022739096
3.2283941524108464,0.33098718900669977
3.1633568664536584,0.2866130259963437
3.283901458732739,0.10629267310302638
3.2364769763768164,0.15452111471015323
3.3465422967934595,0.21945649937663744
3.255297919999926,0.3116984505925024
3.1278901656902414,0.26714649866411394
3.028010666565186,0.22898091017046035
3.0009006660412467,0.1673783310221914
3.260103959647469,0.27179708656611196
3.1999757974872507,0.15546013608784098
3.2952386525710775,0.11258522231508546
3.283132599914787,0.3964259399825567
3.0566491972809926,0.3199353323999519
3.1320437835031454,0.28732718891657694
3.2030001916666535,0.5095799613803106
3.161664872540669,0.23508620176370978
3.481380935687834,0.07818367998864821
3.496281825903542,0.07669301347721055
3.5433000507404286,0.06646927113720334
3.596088759623541,0.06503205488634746
3.5009633319841247,0.13749115588791816
3.354820063602003,0.10067689846931112
3.2295651624121122,0.14140165404476104
3.5981056713479416,0.02828585915021986
3.6084110183324296,0.032517313469357316
3.155230074856936,0.25716872547847125
3.0972428378199797,0.20061666870939074
3.170682665351225,0.15176878421954423
3.18421312072322,0.1695785222573665
3.1981494506829797,0.17430038984524313
3.2808087165150597,0.38965724788103884
3.2933508798123032,0.37604332732981066
3.323121292743676,0.3699943087533979
3.3887135421580874,0.303823572601265
3.4485997209106243,0.004413164484726737
3.601792655896636,0.1305918879116582
3.3603861382257643,0.1307731066785344
3.3660487500969674,0.17214063367361354
3.1627068765694037,0.24084852759892458
3.604105694251857,0.0574037541182757
3.316957172686088,0.16256660532477876
3.3220692771611944,0.21277944327192
3.2366320587940285,0.24213040054047488
3.436001968698555,0.12470774609976269
3.452298853800963,0.12929784830077662
3.2894263365885976,0.17785935341335724
3.396170917060472,0.16348485943769353
3.2641374405135655,0.2943364951524234
3.2479082071225895,0.2223681370222642
3.509395859685574,0.0849094532172916
3.466985411554354,0.030654059042370584
3.3920175399446104,0.26955287775758374
3.1325596898886676,0.2530945686949061
3.490384860948901,0.23494996851429042
3.4879235001450244,0.2301756800099517
3.536813182931844,0.13162209191468213
3.4261708642785944,0.11262349385963169
3.6394747259161586,0.15596952930276275
3.5258908261666826,0.1340317314953209
3.293126276235678,0.1663407555178675
3.299079919065014,0.14463535124131846
3.3387761093997317,0.2541278969210088
3.414190218471493,0.11930490441799702
3.254208566775132,0.2212369031525869
3.548189588547622,0.23110900834945264
3.195769000778178,0.08157691956768234
3.4302259043481387,0.16392611404776666
3.441363728156801,0.23804609918030215
3.282787992035028,0.2098272736989962
3.265513454709692,0.19652791190341587
3.2503779514669104,0.22470473218654
3.3246755099714385,0.169291038185737
3.336542852979447,0.17825480299529198
3.3072850434232257,0.2640603991224274
3.144028498190299,0.3151748649635253
3.5988001853240936,-0.007316274656420677
3.1399236929509042,0.3708929850525853
3.5255819985246517,0.010760827429246457
3.5710692820692316,0.053887015224852806
3.009583716624246,0.34501503918636084
3.7808745456368396,-0.0321132398028385
3.49893305568841,0.05024878236885709
3.155073944161333,0.3660566252348396
3.431915464784669,0.16657657354893277
3.4917562872813823,0.22879959295564106
3.4865188001593683,0.2064570959616117
3.4814705712140173,0.19336142313049573
3.3735079194951925,0.12177207499893992
3.2847139514093144,0.18551645440728495
3.292348463169943,0.16630964450259486
3.3456066236585564,0.1270756841081431
3.434194602270513,0.17775635524378902
3.3408312347132627,0.25779523265130255
3.354125467075285,0.24873182085733073
3.249112786039375,0.07517087157751788
3.6453257225454103,0.13858817742859073
3.678394046605808,0.08280186192818831
3.6955771520043306,-0.008750886015351574
3.7147316218739546,-0.08380961498536006
3.65870154965734,-0.07190890099409458
2.996468649492428,0.3158450859772488
2.9908308750585597,0.3217383608996019
2.989158104191207,0.3573834326849231
3.3143906287803806,0.36962081926773815
3.14889459653056,0.24103169583395911
3.187377933037887,0.24224330205487768
3.544324941532045,0.31187410736765925
3.4900618383416626,0.21410550142240115
3.2419565329594286,0.16952804717233713
3.432900673853685,0.17931766630159948
3.2033770970099336,0.3112502408134386
3.4160885460498998,0.08133615293638495
3.5167591516927086,0.11315136170931527
3.314113951679104,0.21420889035419302
3.493891309422679,0.1060957341328291
3.450098722716943,0.19426223884628852
3.2994272713445727,0.30649454443212876
3.115084914533323,0.28497839920443485
3.2051470973398546,0.2395069595436036
3.223714505152786,0.23517863241042586
3.4345498188387205,0.2650355140344774
3.4090680365025308,0.2000275366890157
3.3616100440017456,0.10826882216032624
3.183140695023313,0.2530977196354513
3.504154304784607,0.12227803421018119
3.303873989510958,0.2221988225764716
3.331549873801609,0.170331076050987
3.252220427840273,0.13008884220363545
3.3856271323691214,0.1532700705230952
3.274069471001021,0.21003696423122686
3.3856929694381046,0.1739752692255083
3.3345606373768626,0.20043220317081561
3.303402192239732,0.24737333182590152
3.2127609981364054,0.3364634851260128
3.1360529915925146,0.3766616903056958
3.2138059209111076,0.2933087020201048
3.383582158588683,0.2079032533243257
3.3323257780228497,0.023578306729583613
3.1596777675965133,0.5489654343041402
3.145677237522562,0.5316667020687011
3.053600917905545,0.39032536411897345
3.0158978494559747,0.4927026698770308
3.0766600196344864,0.41003099581545005
2.962004305183016,0.20465516733655892
3.480269182345938,0.4021049764322163
3.503936424769028,0.4083194247391069
3.1832353564882543,0.2752334088969056
3.136498817688005,0.2830953496570643
3.3158655612291095,0.08926487443394365
3.160458184607491,0.1257720593002474
3.199408548470139,0.31643168885878675
3.411691531664515,0.15123080836498767
3.4392748215539415,0.16614747426747542
3.4869495424464656,0.15727221738808567
3.389684895323123,0.13691159079841503
3.285354379203375,0.22507900206041273
2.809437901738737,0.41820092301023126
3.1645937836906786,0.5750542306145906
3.17443068883307,0.5775314714095834
3.3455531106968737,0.004180302862326597
3.458930368862388,0.03473452218999835
3.1615837102812456,0.3874752451658066
3.282286935620429,0.2535527434965896
3.403373124374921,0.1384918107511072
3.481023430290692,0.21310393128731053
3.3151830849351516,0.15878086362060614
3.534916336791974,0.1561729155702507
3.2596159965772418,0.1806502189365533
3.7998168560537255,-0.022487131298839173
3.2433632057583095,0.11718413892536955
3.2887342785971776,0.06290991198092376
3.256160522904423,0.056157075508952485
3.5658700969053636,0.002118362964151772
3.565503666130769,0.18152349248793745
3.0583355685716,0.24989248283959783
3.231543412401039,0.22079124538760575
3.1589743016553102,0.3445509953077292
3.2592112479014603,0.15029747904447927
3.3775974833695392,0.16307729990015543
3.502369493997626,0.1734933659839563
3.113144072054039,0.2485164344119525
3.1322574112627657,0.27450456201433426
3.216138957307456,0.3258893990178112
3.293002738684836,0.1658898258423142
3.352965784959928,0.16009360679255483
3.2879698877951116,0.27791651783820503
3.221945273157365,0.2765125918355099
3.154023969357854,0.1963696642912518
3.247297170611666,0.25172709819924044
3.160415182275271,0.1806492441582295
3.4434512617791606,0.19336930727797086
3.4113450880598917,0.33091389202317656
3.396582236805943,0.3296139912203518
3.3521490120322954,0.12159571604744829
3.4003281171599284,0.07857158481040592
3.295575146831786,0.07428928354205787
3.2143862767405817,0.38845725676931997
3.5849082062164084,0.12868997075116492
3.5868392876925363,0.1754942239166992
3.554192983343653,0.0885280848440032
3.4860156285762804,0.022387281241401144
3.5303099829148756,0.10389472806654554
3.4346999776264724,0.20193951724559064
3.5676171298936175,0.006387270580884813
3.318963288972194,0.11207908137460788
3.3758997009795806,0.29701536450237
3.323504073514839,0.2844306964584332
3.3617701783220837,0.3098286396052324
3.2839582477076554,0.3541730091173096
3.3194126378268627,0.3297055294054116
3.2022707212900627,0.2604195276553559
3.2651098671297847,0.3086368605393395
3.363738051706235,0.10522353869236287
3.3157998377251996,0.32774405275281004
3.343346908523334,0.1112321284746961
3.1084614494897838,0.44416066604204935
3.1418984661329104,0.41561581362805
3.140230133159496,0.4138176042161996
3.053398028013523,0.3968593933608308
3.310622319729163,0.45367748777474703
3.243788133084997,0.40030988680447016
3.253264319559913,0.16777636511691071
3.369754461524358,0.21557125639596994
3.3560222974647624,0.15947498522225179
3.081111378151435,0.3231664696219219
3.524242133107946,0.14528182504508652
3.5393817465250885,0.15609644346884738
3.499054871175214,0.0430808416755294
3.415784381757089,0.013006642339361999
3.2265374395012696,0.3192743275044485
3.408355002657066,0.11268941026182876
3.3499310008691183,0.27861425772831633
3.0984417400735085,0.27611976226857754
3.140714694125913,0.21954363585939343
3.433317758911989,0.32143876296070756
3.437760521109754,0.32468977260855036
2.9524932574335265,0.2196665040701443
3.1147373668735625,0.5566235799784043
3.0653499417402337,0.2631496761169744
3.3785993442327644,0.12786543735212771
3.5420806357307377,0.031965036149367694
3.332635560521546,0.2227335218249329
3.5547257338319906,0.07037952844073658
3.6682660510159093,0.05891022373346979
3.6504979121855454,0.05124014662893116
3.6629869979669447,-0.04092391284110147
3.080041661553161,0.43763542650233117
3.4672876067014937,0.04655679820420993
3.1512791352519516,0.37593831674627426
3.2436215936949484,0.32025179490575373
3.268480593475743,0.17143110173193996
3.211843630484932,0.2191380807628983
3.544760450533925,-0.00535211918568461
3.6274280656561313,0.01679120231029261
3.1186266603058654,0.34918009224004876
3.5100762363169578,0.2913443184831917
3.201255393232204,0.2057544573540567
3.22561003274268,0.20363295871145398
3.1833539611673882,0.1699391205651849
3.3692246021506516,0.28023464037104723
3.4214064265480184,0.16955980558146322
3.409422061770538,0.19676592218379046
3.492247046854034,0.2000893875238154
3.5851518738525594,0.1590314402780231
3.306856724601329,0.027424979984868373
3.2122475006409115,0.21526616994044126
3.2095453524578668,0.21440417799074574
3.20977220650677,0.17413502076193815
3.103908030048059,0.3105896646035585
3.2762254714295342,0.3090566286434019
3.08154215004278,0.3511806373659108
3.2228764992810772,0.33499746528243685
3.158347573406251,0.2802864471654063
3.221836449947924,0.2821365954526197
3.155128807674291,0.46920386341183973
3.0541749914525194,0.3937619138984937
3.2014968214381954,0.24697683152684355
3.172239369446093,0.21703069735627384
3.3320416320496924,0.0959468992391328
3.145632711832252,0.08736705644355214
3.3735954773038928,0.1850893553918841
3.400276799788462,0.12007318109788123
3.2972080698300252,0.2627026974672669
3.285701707793975,0.05869152792140988
3.505339292462436,0.15621013348125873
3.278246191583695,0.2667509942239817
3.2131481809419533,0.2556390028944845
3.3777093898102044,0.3177194359399051
3.1689440636901836,0.32437745049844635
3.2153359339581855,0.30943797818874685
3.219833370903806,0.28946274935158706
3.1838921258477817,0.2567253715195279
3.1272196393718357,0.2682386483368681
3.413380029419607,0.1705411992868876
3.503934832194957,0.035306547978690095
3.5090460740918967,0.03231165080308786
3.2440277612019774,0.24473250408217725
3.246874363808854,0.38987268486334087
3.2920879199212374,0.16045506028132264
3.4908010159293457,0.12766010186429583
3.577496759465897,0.16742618437455947
3.4644167335960505,0.021735180568628873
3.2870376619790744,0.1268692607525662
3.6485227176621198,0.07588718860845277
3.3462481084251126,0.04759574334645532
3.444836131306042,0.11524814685164331
3.448058436620301,0.08374326484065733
3.64807434784785,-0.09376070568048443
3.81530913829698,0.15502943682684778
3.191765319510336,0.09487344169661703
3.4198660526111566,0.20052087924243003
3.2434816822934747,0.28111698611005914
3.130085767563597,0.2690708264415133
3.200439811587389,0.5095329988779284
3.289637130961304,0.11470261515889281
3.5388327327372204,0.10793237453115397
3.5320837832351226,0.336854881104535
3.5138876934984493,0.341021965162262
3.468664075600661,0.25217278693955925
3.4613850424840953,0.2493244381100087
3.366074764415493,0.2779862468269068
3.333295519521668,0.25880995197998513
3.3344000666441875,0.2619136511523405
3.349836396960371,0.26736057605918434
3.409056206155011,0.21046754992937672
3.4056929072222024,0.20648906187410618
3.402253322113246,0.22090967267998227
3.4602877246090125,0.1730394638755207
3.52249779820004,0.21093757054991608
3.377094269636031,0.2029346018596853
3.30981153352487,0.1276050874286912
3.3569331694780176,0.23174355556589066
3.4108735136180472,0.19003256409693647
3.2857293485287564,0.1631301360283398
3.2322403603812977,0.24635463847183212
3.2480421225103338,0.2759807969178921
3.2455828503661155,0.24236325917223003
3.3684413848288526,0.1800400612171589
3.434898657519841,0.23553685831057639
3.451225177607186,0.23482641034579627
3.542571491745692,0.1263453692915193
3.119301719167195,0.2318905525769975
3.520750297360547,0.14238832449434535
3.4884741906647143,0.15865463771462868
3.5300347025380994,-0.025131400736934213
3.2908099550608654,0.29655017504766473
3.3916330599677216,0.19343695878173967
3.5541873658641197,0.07421369158167297
3.229685601278281,0.20294289190384732
3.4915160627305277,0.14459639406250513
3.421693101067269,0.09922675391246824
3.2149343453718977,0.3624517148838209
3.3419829603505273,0.0914463452217038
3.346162192328292,0.1582854719888242
3.321871504932823,0.15656220267905382
3.1898770889443164,0.12401846199958451
3.225544306932955,0.20028255239521606
3.2355276120340655,0.19455313539009284
3.164088413093311,0.40527204423821106
3.1409975436686697,0.41222794518381034
3.5537456926416255,0.18040228100798522
3.317960907715771,0.14233302636356354
3.1765900531806914,0.18563226204480035
3.3017116383595564,0.2964544973256903
3.375808607040145,0.04113022983313018
3.3846359397803005,0.05572307515033058
3.448339235823258,0.09747322164448609
3.567218871895128,0.007589214589289628
3.5096839859564493,0.05764150767352231
3.614018877602583,0.10411475720098674
3.578681538171206,0.10472809220963365
3.359568038092497,0.12651290342400287
3.5294447909787716,0.07982510936607672
3.407942782315089,0.09461210668239804
3.505376129471637,-0.018630442112045557
3.317427107084469,0.29104428492948603
3.345622852774668,0.3014664661472375
3.501793334009354,0.012287946025198513
3.3304198638511537,0.11931438354978952
3.486224848023889,0.05052169454584206
3.5058902518412385,0.11694294554870435
3.30734469822303,0.1411245122052376
3.4276946887339794,0.10868555086173733
3.4724936221933316,0.038449578266318445
3.656767758175514,0.05378363122687597
3.662659075593483,0.052105514431292736
3.6815805636668704,0.05142008296973038
3.095724135629711,0.24135998736254818
3.2311367389364616,0.33730938364576735
3.2179312685250996,0.22747595045416388
3.1653368554540675,0.3685544258495328
3.253367304177846,0.27828677697004583
3.343566120495709,0.22158254020717225
3.435562753159709,0.2235050535655476
3.432628996684221,0.12395261199899145
3.185920473915214,0.30103768710699613
3.2700934311942906,0.3345040317903665
3.2556142949096345,0.34934082576376074
3.486518267346216,-0.0008306206998349557
3.570068753608056,0.061102353731305833
3.5637203442152923,0.05584527655911837
3.3820585985500538,0.034798021138880156
3.3512210250042846,0.313433269928219
3.4357283778380516,0.07601501616460327
3.487238486013941,0.11863400906640874
3.34819386810798,0.0857120420672872
3.274525825046701,0.14810278542601993
3.3832409760064808,0.12520894919978565
3.2434379100451722,0.2828286852114713
3.311279997559552,0.07662021604391805
3.4210095850842874,0.07892852675382703
3.2996194501018796,0.3848570064743756
3.1608372745939666,0.16004791325835932
3.2002970026387327,0.1564951396162589
3.3165158655822995,0.06323491644448019
3.470349092489735,0.11709954507268504
3.3170504747091,0.11743553792551023
3.360235086184675,0.258675392791045
3.4935120914241473,0.2849583958205098
3.443108576464697,0.3347189896195202
3.5916421999542245,0.3643085332862687
3.490430642542989,0.45130672077990003
3.4299927059920923,0.3744849020983774
3.3576284465629422,0.37360111473262453
3.355988456362335,0.3731644224597049
3.3853040144019677,0.3406933758456425
3.3699740243665612,0.4046101019688734
3.0423662056345298,0.2680579372313069
3.222541893718159,0.18857746300743145
3.3107780295734957,0.2382234465664981
3.3372711340384074,0.19682892499343282
3.172516150914151,0.3186329223739279
3.2855486712915245,0.2157022586410406
3.389667985664025,0.13170343722718378
3.3375534708040395,0.10104313096839014
3.259802165730437,0.20871237990934677
3.0784672793186196,0.28519397971961624
3.155880051097114,0.29816625439476657
3.095312147119612,0.19389508663656027
3.3064717838789184,0.2593899316504492
3.399347922855105,0.2032387125835307
3.2112117313376873,0.32594828328324293
3.1209694071105294,0.3380982668040928
3.236774831516006,0.2106763127919253
3.3259287995685285,0.3284797635627218
3.3697783480631083,0.03265971716520715
3.3441869295400437,0.2467861770086553
3.612248810538993,0.17526476556670573
3.5957534950480685,0.21406928439192657
3.4366429090101236,0.18687640068430575
3.2702497631151792,0.2183722234564348
3.3472291568415655,0.24231413513641262
3.2536479926166115,0.08055979478150933
3.4259557997143437,0.08281311202914637
3.5119492701095254,0.2442573391588053
2.948559188162192,0.3204197359987764
2.875246392263964,0.3821124230840615
2.8949999967223663,0.3942613875124889
3.211071172369574,0.7809971081645107
3.168507865061366,0.7080034603742887
3.016230010914847,0.5003545153716171
3.3342497336389765,0.3195661307826893
3.3135727820416676,0.33437444318832266
3.4000135651546364,0.03817689596841343
3.502892005242349,0.18681895309116975
3.3519039358693345,0.18558148041992845
3.3183722600392835,0.23009425904807948
3.3974482326178217,0.09707853569528925
3.320926613304598,0.14912887342364922
3.2853731170390694,0.2436323910587039
3.342373327321834,0.27458531727394214
3.3483271899910116,0.171279142560161
3.3229053088942915,0.1763168338126988
3.41220244799814,0.1543809258051787
3.5012491678595032,0.10427007711888218
3.4704009950376156,0.043272966427503806
3.175504371296143,0.40368732473997265
3.139232114487035,0.2858482523648504
3.408539503867013,0.15412297715328496
3.336288053321201,0.14811240616361468
3.369314854213413,0.20659898155068504
3.338937927198106,0.14661947419176272
3.3797598572590624,0.17384177692330102
3.416093540706798,0.09894621442661418
3.455782742215532,0.01817701195407594
3.4227885144359296,0.18863396538161617
3.5318106691243987,-0.00829322261169765
3.39133725606779,0.1513505621721619
3.239874497509722,0.42098008078522375
3.619200628417767,0.0890294800132515
3.553728386485604,0.05818896342927986
3.6149999768156866,-0.0397137092424982
3.281746237656561,0.3474636029392604
3.2823105471694487,0.3422675011031926
3.1931976215931575,0.21479769254564246
3.244896647537019,0.3591405120439539
3.2828036982134687,0.07755306208225193
3.2906033920911812,0.12459491321880115
3.4564623488032233,0.23225321270443056
3.4437825849664687,0.18851292804278572
3.2558818862663355,0.1628702376533919
3.2362333916646655,0.32279871906490226
3.184189859536134,0.4501493248943284
3.0658466168207297,0.36929470497704464
3.023725302059108,0.2746454727902026
3.698099855217488,0.0636140607337062
3.7018820441483986,0.02219411809608211
3.449877117095263,-0.006136740758122898
3.3407777140445485,0.24975095741159292
3.3384072692397826,0.1372118537924344
3.4104506774855015,0.32449175189189744
3.1552339627619834,0.1397798974961269
3.6825418542727943,0.15153791679279413
3.379849406439259,0.20577714765483532
3.475491478406122,0.017616606710011053
3.361520685229597,0.23323847331134126
3.415819808605313,0.2741727199938212
3.4519685644658744,-0.028075269432776336
3.538538425733396,-0.029214863080921395
3.5986344828960575,0.08442619043487892
3.614520366117906,0.05227286675664332
3.3919492569587146,0.1414573019335833
3.209500276359265,0.1116500484090971
3.2255548019052407,0.2963411947475064
3.288672617846911,0.15832104268561364
3.3112890182106223,0.22245327539342785
3.171471864778835,0.22763598714452152
3.2255964402331316,0.2190779320727577
3.4467675105217053,0.10657628432066873
3.3880599348655767,0.08508452847059068
3.3985483540942036,0.130320112695024
3.477738306473294,0.22906357685831588
3.423448018848919,0.2316583453416843
3.546007544932141,-0.028778953941184477
3.4727642209094776,-0.015801121895995085
3.475867920561142,0.03841636745759684
3.2649286981965204,0.15342314852841263
3.25588935892655,0.2466040481339614
3.2694797787570105,0.274145827298803
3.571625566541678,0.1483213073968014
3.121466788394418,0.17413060665644176
3.174923843090222,0.11843905066482949
3.306857833107754,0.3652978592907589
3.1408223322143893,0.2311836575704124
3.265767356749091,0.1886184715859773
3.132419551821809,0.33253371806067805
3.427701314111412,0.12779703998119235
3.5550698596639023,0.027155685086152393
3.2238534165578407,0.171653691169884
3.2126996628431685,0.16571406122019483
3.3362799274621837,0.26735622160924266
3.3478322187877647,0.2955611951501287
3.3773179606734622,0.2441963963658092
3.3180730207472595,0.19663731288551034
3.3446685628014685,0.19836937969100582
3.5241907175367433,0.0052326021858797814
3.4607421971242682,0.16919058428861392
3.285026616695453,0.3352219680572703
3.1681548006493268,0.41821566959820844
3.1018957153716253,0.47305737413897664
3.09771259370221,0.47683425567598625
3.1786890488047934,0.4661715120300976
3.1172504714314986,0.27562080051133653
3.2471907936014426,0.2907477730869328
3.266255230098237,0.26775473905030905
3.374104463280132,0.15482762921318602
3.344390761796148,0.1942972143166078
3.4226992281839057,0.04048445008854319
3.5379724862780164,0.10952300852496125
3.24879656575547,0.15217048295955013
3.284873716626866,0.14685556287348647
3.600825862119825,0.018401468822830534
3.13157262163456,0.32065777109195515
3.3389050393479422,0.27266945968794676
3.323810021570675,0.30724922378080194
3.3723014304480565,0.048451784593241023
3.3705582917391017,0.08676480000167464
3.486409691224298,0.06434355805226404
3.071893084292717,0.3631859369619136
3.2099078129971184,0.1813301885731193
3.247580493950008,0.21910933836833402
3.2762413818976204,0.22560707872881178
3.293698292103888,0.15841092624784553
3.1990634404376674,0.28477203453394695
3.4009985270503202,0.1493738311001485
3.4226833354553103,0.15852317137229976
3.25381007695548,0.2511286924395946
3.3534137316709893,0.1691485403036012
3.1888640748533152,0.3459114367900806
3.452998145010715,0.10654850803144066
3.3613909762286562,0.2852593322992594
3.3424434455019654,0.27246384055953365
3.4155180100259175,0.20527431538862362
3.424098560544076,0.2476508408000007
3.339259510200279,0.1880679901887755
3.3712213248963807,0.21865867572351283
3.3240709197454126,0.2766913228046636
3.1935795120456256,0.35008065742010436
3.0698193252758625,0.3280423074350903
3.0835505834636794,0.36323704676051327
3.5453674503823804,0.07894972478308669
3.5806548853278812,0.06326170879397307
3.5300219021980537,0.038227830478497996
3.1319823856204585,0.3186792756775545
3.3455348532883566,0.20775509565726707
3.1407216715420074,0.3167537944828564
3.6167234935784514,-0.019428950165246456
3.599599380437516,0.009978771894750599
3.4076580560295286,0.11561334021739467
3.211086164098257,0.33300403718539673
3.377463234902793,0.1372481467364933
3.248012132880693,0.11988901499413711
3.145839994340235,0.39804436498772294
3.399371709936796,0.1250228733370885
3.304522857683459,0.24764324860583925
3.409241008261885,0.1908344337326568
3.3158850208071575,0.18776092988964538
3.3686966989670433,0.23148010176339978
3.07519556271983,0.35839448215551223
3.2164339383764777,0.4068519724973227
3.3191835652214166,0.16780181188463447
3.337521990265432,0.13296969368736258
3.145776135892586,0.12478321587397755
3.1738016993022953,0.2539715624799225
3.264746022565541,0.5484847996476573
3.2441835072002316,0.5095726939243405
3.3610953242023642,0.5157692669319547
3.1064192195335565,0.27775075674448024
3.6147260983588354,0.1651464120506267
3.533729876023812,0.16644922035283358
3.59309099815447,0.013502230302280734
3.1369166284042653,0.3045076240567919
3.2583251270345213,0.3232552697582762
3.400598595560604,0.09161157989703543
3.3609547958169848,0.2037789516863327
3.5753420089726258,0.07059650521610424
3.5815059078974336,0.0672077565963242
3.507302484815821,-0.04500193154343529
3.522558708551179,-0.033132960277525145
3.571429623053376,-0.006587544985105301
3.5563242020185557,-0.013071078450480179
3.5638794011398027,-0.01232698440188274
3.6478790841064423,0.00591261851894112
3.4647012186664847,-0.032398512053921
3.2672746237545236,0.35494725385722925
3.262286965035843,0.3341043102355451
3.3364980152075905,0.3668566434812156
3.3019391523778645,0.3928601821927169
3.2969048069192195,0.4501054795056354
3.5417365275400146,0.024621385138854042
3.5971708650477248,0.04234441990033259
3.483769256585688,0.15021084234591373
3.3483202366868063,-0.02215221877203055
3.3449075590047714,0.004692709117715033
3.740563656678744,0.08447539888858202
3.4284326729093073,0.17167698260519462
3.267239933414132,0.24228903761696075
3.3002905926524453,0.2800941947591627
3.2626928628079566,0.17985766054040375
3.5133208321384446,0.16731869067692537
3.472987323676582,0.10455742086814192
3.545511698071366,0.04666865656651434
3.5407779062193607,0.050367746695673746
3.4570669128863294,0.08712256626002916
3.2909743576123986,0.10630505493264036
3.219901054057791,0.20883418843259646
3.2711452089527104,0.17614628051210032
3.2904864981981192,0.16275893416709822
3.22998126455245,0.1330096682587427
3.5806857592543913,0.0671161975142578
3.3808422060214185,0.14369088576681044
3.442894551324123,0.26862016327437893
3.348970339625419,0.23053183767929833
3.484910504101537,0.24396845053032049
3.2206773551034713,0.2068084786727447
3.4822330019852594,0.19621519469476786
3.593818707466054,0.18993576408377807
3.3669686118370055,0.3643068024184636
3.1084026824923194,0.478947413788001
3.227274174290841,0.35233226173216714
3.389862906872329,0.40452771171514934
3.2211407529789935,0.5149662020664942
3.2740957407875277,0.4804504243565159
3.147770771779766,0.21906325364105184
3.3193810386045035,0.34925845801206107
3.2432636921867886,0.408653268319541
3.457400095278812,0.01444640823672765
3.601474774742749,0.16527510191355574
3.0146525059930993,0.2632466820028302
3.401895785914615,0.10937448202429388
3.274143920983464,0.1891211398517443
3.4037998359367663,0.15182807014774252
3.1930549496723835,0.2872141364546251
3.261831845317381,0.32868995039955967
3.119762671043823,0.19020874009525318
3.1810896720252386,0.25717857669323624
3.1901895850768804,0.3255512343711543
3.2356230735669844,0.3082029052460517
3.1234930288533627,0.33399120649875397
3.4280966898447915,0.09333229896258365
3.309527872173012,0.15500381199212193
3.2097142577625655,0.19947541136067515
3.1951585514696283,0.2171913228690843
3.1939029262103955,0.21206457712667395
3.14007215236807,0.26837562537791976
3.3311086108379673,0.3021818372236356
3.265092200883844,0.27049824855752397
3.409630771488781,0.15036395464204638
3.375740242050408,0.11569666006656805
3.3738596541069055,0.20388369951643956
3.3359831208392956,0.16836980924659814
3.3154793519361667,0.15144492814851535
3.7099126539343112,-0.004226461624529294
3.746129705965214,0.012540479611625242
3.594964836653212,-0.11473359581412182
3.7153587545702114,0.08821019555087635
3.4693450911516917,0.10632481123585104
3.4950754919886013,0.12750886004498474
3.2072527861035156,0.3189370812494248
3.213290898399453,0.25673470317907926
3.4937769020988654,0.1963263758191602
3.354618799298039,0.27259225205960896
3.1672128955780727,0.31269940249919953
3.5171774018075213,0.07761364097061295
3.7114543857107205,0.20063769121882366
2.9588436132095444,0.17865046282677413
3.552113301255634,0.396436620498586
3.442957583517149,0.32508444950218074
3.410232043497544,0.13754528957152964
3.3744076699184524,0.18438431996514612
3.2400853842311066,0.21807010306705396
3.164128341915306,0.4724403091823816
3.405524697226592,0.1585700436097431
3.7389328924343754,0.13856209351633392
3.648616007060676,0.10568365435553366
3.472801130937654,-0.0229614149393072
3.499251829344482,0.046146764215898126
3.4886231823367813,0.08613193079771704
3.242720539152527,0.29861352866535434
3.2979127341402075,0.24103191763975831
3.3239475081458965,0.27813920369845063
3.638720063035205,0.015270414331604814
3.3623075634181427,0.11961708561286938
3.3581215969443132,0.11846544086337261
3.218602693710683,0.12981352010962374
3.595758149208473,0.13845440346994514
3.4142954875594795,0.24187984225134435
3.4985307846119236,0.26283339467261596
3.3961549357449674,0.17270310708643935
3.2355236611112015,0.21429414251430365
3.485511703549723,0.1502856895816497
3.470194379317532,0.18879604369320233
3.4497889830495376,0.08944289140493411
3.356089496171989,0.09952482415310221
3.329266537977055,0.10253497072310579
3.418091560950538,0.18208542499363106
3.2760124571470004,0.1766220745968546
3.4372744693334085,0.15424004001279368
3.596424013469855,0.08343987863062186
3.600215425452379,0.07975881327353114
3.2776090636604143,0.1779948219473438
3.55967900545384,0.05806148366889227
3.3896201881814196,0.1753793129128508
3.458807507118554,0.11192719292777618
3.4048918746116246,0.21238052306972824
3.3057149920409463,0.313334251290057
3.249575129478209,0.38318673575687245
3.233153211036596,0.38751613755883213
3.347827830873711,0.32810455635021046
3.2648546656788273,0.3247312893448073
3.4272230064895166,0.3613458319004503
3.4425955817426734,0.3651611953698522
3.3322448991316964,0.14563013360120125
3.2814759912052214,0.11343518551818428
3.6007952045078353,0.0027516047271603
3.483778587304071,0.00011760435083224407
3.3547719161139065,0.150677828279626
3.3891569713696894,0.026956479988804596
3.275794456817707,0.10538551488826627
3.3153958552150735,0.07027052159220191
3.3042871044023534,0.09378854553826728
3.2371454957252777,0.07440002922220212
3.182702664640612,0.09568817325398275
3.210047115622053,0.37602982135991114
3.2598274824643383,0.14972079674383174
3.2637665266560836,0.05333552311695857
3.264063866225905,0.05078451922479581
3.3958393272186482,0.3473144555311979
3.2511987109742204,0.4196873398453428
3.259483845083772,0.42512616595227687
3.238390632777415,0.37784785713258073
3.2384230050224607,0.37136793748092517
3.2193413701348836,0.21142570792742343
3.3075076109545645,0.14742651176993968
3.3094290255408825,0.27196961417600374
3.2603570438198126,0.3466645078510443
3.2618410918320544,0.26972604389568045
3.2387079841104183,0.31407489484403384
3.4908941686378006,0.2611970470619652
3.4629755334518837,0.25469363020533076
3.128321274674734,0.26205903541713765
3.2825877244828336,0.31589421858625144
3.303854700336664,0.18159745474877254
3.4927697555475024,0.0374049288992197
3.1508649779697477,0.33577069464360465
3.3357035375740267,0.29910770887243193
3.3416864286649974,0.2891192313906659
3.2147869797563664,0.13832395392892521
3.2371074877839123,0.15523589851136732
3.4685182096499148,0.2654871075361111
3.26466758988618,0.17127835261626503
3.4732293408542487,0.046200169335773755
3.4022643237772474,0.09219241486640638
3.379589221123533,0.1557818770588675
3.1059466778419313,0.31468766141216914
3.2585043979184953,0.12526638516579738
3.4182351676381666,0.11947315896017732
3.3241218337042686,0.19591727281973403
3.2529604494372024,0.12488069240294032
3.4551567472922873,0.179150195635308
3.5655384811759316,0.18568390245348088
3.5657220111633556,0.18638539007646843
3.1740956726691785,0.28191346019232744
3.344304069944663,0.3196111828771387
3.1497069458631817,0.22664035592924078
3.328773071805262,0.29524166606967
3.142305857148031,0.24772302198516077
3.1935286680140136,0.2591936724163371
3.1541128290121825,0.12056415200448475
3.2654386252004617,0.227298216651741
3.450982100067445,0.10894652758155016
3.254117906165409,0.21907542068178174
3.442638713093616,0.11234930511843008
3.309953409101243,0.22448490702343604
3.2470910162832256,0.2754484503938578
3.253479836671642,0.19081378751701733
3.552854201226361,0.13907018215252787
3.2652184140932707,0.14226044147699168
3.3554048237303737,0.025725118761817583
3.369445572961409,0.09368844117163191
3.2385540190502256,0.14375379968696658
3.412067652246802,0.2970973613035647
3.147578532387938,0.07865046606910263
3.280672950356632,0.23159660206182392
3.22746782082779,0.2180256542165157
3.2214580257286394,0.2663193470878198
3.5420461393803118,0.04802248809057021
3.4725363204403767,-0.02894565697572381
3.4980361818985646,0.03738000682790471
3.6284679948716674,-0.013148015396423579
3.2143493200553452,0.30312143610162734
3.313984804724414,0.08222463069621207
3.2096776652326846,0.3605552501207167
3.220159849948491,0.31008361058503103
3.257080642565886,0.3996100470073696
3.4801367707907023,0.42443652610254595
3.464564662620483,0.43199754713058564
3.4334064071115464,0.4647635568025564
3.420379880344295,0.2964286847928548
3.3444088305166844,0.38568657886922436
3.428794824550786,0.20305090606180373
3.500460858904417,0.22212083931670334
3.540922999271135,0.20186640913901696
3.501612727668815,-0.07429672530065315
3.2686296179519108,0.4312622666785538
3.251261045188248,0.3397557414813907
3.2983878602006063,0.33086494824449214
3.264232320415664,0.15785008328991426
3.277278013047061,0.28446371794062986
3.2136093916143125,0.15592643098839998
3.2682596614387935,0.20063765897832786
3.3675553395147935,0.17545810453271174
3.3541646145058235,0.20355701570515097
3.3122539701714797,0.17427962516003562
3.380667201358966,0.22635203174058413
3.652185861980437,-0.0414050766117002
3.594487032218726,0.000653589427274176
3.5614175696421895,-0.059525851292682175
3.5698600718156888,0.1251009221443328
3.3406148231909847,0.16968892736033708
3.405756822978067,0.07611787814918247
3.4938104540230377,0.17006851656850813
3.0574885388836774,0.25716990005433543
3.041116290002213,0.1877553785210899
3.3198318555746575,0.515584538867671
2.9001051849083015,0.24700344011781303
2.9060633352968734,0.2500983166886968
2.981143112261433,0.38152244344724107
2.97590377395065,0.3587670010593208
3.0111689533240837,0.316608823224795
3.6047535170891347,0.11739091860794659
3.5292854523469033,0.07539472506863566
3.494145257628337,0.0026906983544541714
3.5271221198102523,0.08193656880475163
3.3588322353000137,0.15509554522447308
3.346384709626119,0.15753649818064494
3.4087685394740093,0.19126369363700552
3.3705000027126957,0.1994011107998188
3.313320210807877,0.17671289413084704
3.2844866235913663,0.188146197020294
3.418438469563221,0.16718690533521618
3.6194479758213514,0.019226834457714264
3.57980243541302,0.004605022665551019
3.3913909022713247,0.14039665475716187
3.3852312530996445,0.15721601880604855
3.5921173678495912,0.003992459464245881
3.1859717388498745,0.31082985925905215
3.333725273984903,0.17847126052510554
3.390791053169697,0.20387741472492346
3.3888546203179453,0.1726032239043805
3.2512502580835494,0.3107968648912647
3.316976297312952,0.29639979375782327
3.1943274479681394,0.2512477160577662
3.052355955926136,0.3368787852602141
3.062138258795723,0.3313943989275668
3.458752655350504,0.07949789861364782
3.4837145261155067,0.22884228687047087
3.4799865602803197,0.17434401359313417
3.110789732821909,0.3883646080693614
3.15756045282329,0.4358176378408902
3.5553885179759575,0.493994744483528
3.327413330164266,0.43289446792484576
3.2553758404679094,0.07046617482749995
3.251831703109869,0.2066544864695778
3.3579615428159033,0.4278881053818284
3.3274126489950477,0.3938853440290425
3.2631491549925355,0.15187553990625127
3.2349897662882796,0.13450081033745953
3.3123331801875118,0.18811092174467367
3.2365129326605913,0.21050378893179789
3.3936259286981207,0.22487330653167942
3.345426749085938,-0.0434119587621707
3.032968520744649,0.4505471336963686
3.013073131677839,0.5056181061595275
3.0845846186530195,0.13856990326560437
3.509531743062791,0.35043958011340537
3.4084475105666323,0.37608958979205115
3.4035027632556503,0.38827265441961595
3.339972337798251,0.3791196299775055
3.329911935866552,0.44289528160383507
3.2172743467535496,0.09140440482913127
3.4424180529666204,0.22869166538760974
3.2063008869000775,0.11224667091134655
3.3251032685996673,0.35525309913010283
3.4199624809244953,0.23220871965588089
3.4203650012957323,0.27784456473144503
3.3156900503791746,0.06691301248091017
3.516643379759328,0.14853649464350627
3.6676962608645276,0.019932064671599647
3.6559982283586776,0.03808908618749857
3.562018821016846,0.015099777661677579
3.4213594908598743,0.09917657666956274
3.302188546944878,0.13016508184347375
3.280285664952766,0.2704522831848102
3.1405786372553086,0.16340378829441501
3.103586235505161,0.30571733478903856
2.9613433762809165,0.2994739562305488
2.9528122459052013,0.2747088723815776
3.2824994401623786,0.48972072819295254
3.342940197687624,0.27877910261888766
3.223938039711664,0.16833704976407107
3.2669188034363974,0.20452521306655308
3.3537033160150718,0.10843770045768858
3.5238061025080603,0.16117456279801284
3.371776071356201,0.17488664213405902
3.3569615949177276,0.14889640608635743
3.236032296625323,0.2286527417529285
3.376801644583175,0.25218534206803156
3.4529797777125566,-0.014952614062577916
3.501885940728553,-0.02382424810003358
3.6454154283550855,0.09027131727475114
3.518013800673218,0.1618442980245673
3.342500923583355,0.02441812854717706
3.409255274441217,0.28602692202617097
3.321891766255247,0.1768432346263996
3.3351730567710707,0.15136257381865606
3.276852319170815,0.25066057035007494
3.3732644971619217,0.1853069011155961
3.1847450476725023,0.19954596999424248
3.1917502154930486,0.19121136817371354
3.4207485859317868,0.1374428402896303
3.4979409001638846,0.07079839291835018
3.5973283807933902,0.0680576245431432
3.2826169985606244,0.2365683562829451
3.3869113517795646,0.15268855210527266
3.2973444754117125,0.173972987696245
3.2893017795938633,0.20990560002594996
3.365933974770978,0.28977019186295033
3.1556548475586097,0.21835340785687365
3.3972223058443136,0.09469856444267423
3.44920065277867,0.125896387103882
3.3210052589619776,0.10347922552163431
3.3097859772130507,0.27014851027598885
3.023085214740283,0.588144008099173
3.314211328182006,0.33756913949594414
3.1513564943290335,0.36228445098858925
3.482030745218859,0.038695211649149595
3.5763148506611526,0.07913851659007645
3.5891266698030537,0.13132267725246127
3.4220560190713107,0.16695007014774224
3.4692202419897282,0.1902138653691555
3.3497891097618178,0.3382150226005923
3.236345035797364,0.2699786682323352
3.3838198083255087,0.19907430623775146
3.376418331941985,0.11779210758531318
3.4765767108439434,-0.002813809680532217
3.564029124986824,0.08292639542165282
3.203102386459132,0.2599958278834327
3.1893077896143724,0.24811754933646626
3.1765600492789474,0.1770120299336856
3.4369544171041735,0.046916848432024705
3.4032248539780654,0.31544931915427477
3.2802857190590298,0.09899631234246024
3.291712257002922,0.07148046498556658
3.361114628158924,0.3456218395782595
3.3505056732438527,0.28107160686996113
3.360752276064334,0.26600513940130827
3.1424787205818694,0.13603053198186796
3.161397043438245,0.17131167785317078
3.0224638458176227,0.14948207900804603
3.039382358619704,0.1703221289565475
3.332430179071364,0.5323045779654255
3.3295371998387933,0.5134677466232357
3.3989282552141504,0.22559682069207085
3.3375671475699007,0.2407776702072454
3.2371309041466545,0.2859197687153385
3.4066116747170603,0.20643372425058198
3.5058926485674484,0.13336883684813527
3.396687455451407,0.11037681512285855
3.5015073210847545,0.04859795659977554
3.5608320434338876,0.04929394699290604
3.616481277251441,0.08071590192515245
3.4026010599266434,0.06458734715407614
3.436750468401263,0.025596883369285173
3.4393273431615463,0.02033353769357376
3.381225248841212,0.030414070693848463
3.5351107812438363,0.19231197079366813
3.463223564216302,0.2640684554202218
3.433883271776523,0.26572813504390524
3.39722804602117,0.1524257747069023
3.27985039371664,0.29726687145303493
3.2828434490186535,0.25453272283757317
3.475265036453145,0.2519025489519199
3.3768697514121335,0.1500396158525252
3.276596080127673,0.3350909840677392
3.3603972248680405,0.09294495457569568
3.52809153721249,0.1116246102747482
3.40801903051888,0.11302024713147116
3.326730262941044,0.14117498748348115
3.373575240656321,0.12105413859297957
3.290882069694009,0.23759395054536334
3.3452897795173007,0.25187040475582206
3.2540686081933807,0.24030793299809985
3.257700051068307,0.3592132722442228
3.06649312879428,0.18204301980086024
3.189091394055031,0.24375334042420332
3.3595478029922905,0.1421279770300793
3.3574714858818973,0.1295679980709044
3.2413957003915868,0.26673939102414757
3.3407787876661508,0.16091456567433
3.3059819893851383,0.2196121711574565
3.3882027818598535,0.14473311735970534
3.1521204672299072,0.29801322135815034
3.3140328772613343,0.1864634815400237
3.4028444972071186,0.14434011350440212
3.207190939000531,0.302043666969032
3.2795480579654206,0.23906423888800005
3.3170479980814793,0.21369356205929646
3.5517769401063584,0.11125997828514313
3.332662001394717,0.15822728815842113
3.373962168824784,0.07331151731072315
3.3817182043356873,0.33519789614401396
3.4797994489898008,0.25086780942277753
3.4920317836489203,0.13093351097067113
3.4096219327653747,0.09810545187979251
3.2424185854690255,0.19284075688820648
3.2584053176095975,0.20495982985948097
3.2054360692346555,0.28623754905469095
3.4802582137051825,0.06269758773807368
3.470945045080684,0.09372975671682972
3.188594497324414,0.31143271096632497
3.1704102376470544,0.3571744531080533
3.2162600955132468,0.3209751153104148
3.4352495297404424,0.2572490305328006
3.428665775899934,0.25744540147077116
3.451649438395409,0.23992657389767
3.4965636199181516,-0.015027169313544829
3.125164690278162,0.28624646484427724
3.05627996441302,0.2859941322697995
3.0678267974884386,0.2836013348094158
3.417160910584161,0.15241797947124036
3.4192326166065694,0.13509703374497223
3.634028972701655,-0.0354457698672398
3.5014383833807905,0.12608857667957818
3.380883502358361,0.25788483007321783
3.2963014472131533,0.09343167165874292
3.3744195071036964,0.14983225171979397
3.422904957956897,0.12544587346094987
3.3828760780440836,0.01134102404998628
3.106427104381465,0.4029277968235958
3.0935369292698973,0.2911699595854498
3.142027615851496,0.4469172092848227
3.240461832828767,0.2564951908623938
3.2207515105509676,0.135216562099885
3.272388944241162,0.24314728332701774
3.3014634725534844,0.09601910228932158
3.3492643979795935,0.13268106158524007
3.4264369669464148,0.2358678272868828
3.201305390726335,0.37103513523254433
3.3497328045097565,0.11207262704659987
3.439933481968199,0.1647259547121194
3.362807312230566,0.216851672838898
3.423087639146695,0.0647528690589385
3.4482212939626704,0.14335115025116205
3.4736653467900402,0.1572553859486313
3.2708891270512144,0.15793700587291906
3.2539358668038774,0.21871144611411608
3.4565726233414558,0.10914301644432645
3.5421067328281666,0.015619736299911478
3.5699042117122626,0.0526176806207623
3.583291584880451,0.11516071786131195
3.506355814260696,-0.01697740600771937
3.7026218950829293,-0.00506666815652555
3.595259782984034,-0.03611059024451203
3.57790209042928,-0.002189195849493638
3.4541372079366615,0.008623738934968294
3.473627438752066,0.08304419067377283
3.2705068240419655,0.28734683916766524
3.6364349006895607,0.3180460464217569
3.6186493807419295,0.3206739701594316
3.64543364331868,0.3085637818651586
3.549737975050105,0.30387146049798364
3.378924228092678,0.38949935145182046
3.189820541882707,0.39275634604669446
3.0496847763514,0.3525949876828966
3.444662214897424,0.2953695381049685
3.4925078673016903,0.21158281285562536
3.638421020778352,0.07405253659047513
3.6283187258826515,0.029433864188275743
3.1061732011843874,0.32340893781726077
3.664873745943547,-0.0351635702152106
3.57893295933115,-0.014736451908294201
3.65026937580799,-0.06288148277215737
3.78612656621333,-0.10258695730699961
3.0995313407243126,0.34833566849318165
3.089419006151006,0.39929451382775016
3.1655646658598484,0.2593118716035124
3.3592340011341917,0.38117335477260833
3.166915096466863,0.39282346294706033
3.1700496135601703,0.3004105151246376
3.423049777121461,0.2115887620044051
3.4328064203800728,0.14185060042378178
3.2610281372145353,0.20360304747596758
3.338696817122294,0.18863113814097132
3.333978980058962,0.17955069715868033
3.210849341481677,0.13546666164282406
3.301951887882475,0.23516490924725503
3.2247313861962725,0.2523460832291119
3.4291090606203944,0.1493515795706457
3.3408597820093306,0.13172393959932946
3.3700760553764173,0.09194020361957171
3.3841027165064714,0.00043040502472665396
3.5718745462821175,-0.0333914379694416
3.6837948507987544,0.01211538975161967
3.66185014186456,0.1936135075705546
3.233797821675464,0.4776933868870942
3.078244586116074,0.5131727460942278
3.373611332966093,0.2536535928995519
3.415021404841002,0.26400523380797103
3.4006107356431183,0.23664055429904166
3.381475508668127,0.2588573790703043
3.3822687593622334,0.10758941672881944
3.4510473514852826,0.10559613768750112
3.4510473514852826,0.10559613768750112
3.3721942717650535,0.19150190238949596
3.2289092799035615,0.3006291280994816
3.302460594285499,0.24792500051602065
3.4740399546389718,0.06737510490303227
3.454645004234893,-0.004435025410084579
3.45184802474655,-0.009400631547779007
3.3011636251884746,0.2625431946610303
3.3733159830532666,0.29893941331706503
3.1874733026835425,0.29320585414864936
3.1823725359969037,0.2923398938209137
3.2895010014633557,0.37178392876375715
3.2201978977923083,0.2864543185218092
3.3273894261189314,0.3367229571894939
3.3260879866327957,0.34551497419187754
3.399170719617458,0.1165503669030718
3.4063085843987846,0.1723474275362053
3.5455559094954996,0.08751888163884144
3.560845765696293,0.07963473930896602
3.303377939278625,0.14479651653363296
3.2191874958569646,0.2201384328410877
3.2427495561512956,0.09295608688128888
3.2196798767209502,0.19170541570884672
3.2250336441042653,0.19496660420006837
3.240834019282297,0.12338351320016126
3.3450711180848627,0.1382009681632661
3.4016266681358402,0.07363872799588533
3.5639266249593313,0.10879844900416649
3.356527096886702,0.2039778418507909
3.186155453345267,0.333941389357101
3.3543646586617992,0.2422124793427325
3.3863698469778254,0.313116796834248
3.2550731193856164,0.08386921089956731
3.3534859128582473,0.3337136714543775
3.225758691386685,0.3302346566190448
3.455988132992539,0.026201304806944457
3.4668768598360957,0.03734514292730635
3.4764020162982368,0.08536285132813569
3.49150656524199,-0.010320424515571374
3.4403629609764876,0.15957624798125764
3.131227108726285,0.28997813825882546
3.262906633370613,0.18818540169465367
3.2360075914309676,0.338372070298036
3.2442516300611652,0.20460274928111355
3.451613371434954,0.21243594131916532
3.5220408190948778,0.20482764292991645
3.3154709128210835,0.15845462785711129
3.2694904862154743,0.17507799729552304
3.4423165438290195,0.15008839194235765
3.3942309843656613,0.20956608090371967
3.3857443515716934,0.19786055099539301
3.360922137189821,0.17718446327672344
3.603963303000668,0.07599478280531402
3.559849154960601,0.018775444795624492
