log_sigma,mu,xi
3.6245966553058815,81.40120703863097,0.012857927952215758
3.263289112931967,83.47378277441106,0.3413682190330848
3.667225654559059,109.82672306920949,0.08623791839018104
3.2972654481174724,85.3616264797498,-0.041474173535235685
3.2308070909399524,83.13756479589625,-0.08789180804327547
3.0802324251866695,87.86789611196957,0.33426466759690104
3.694671634045786,86.14806538310214,0.015156835508833169
3.783050760019037,81.91540864118947,0.027765177489075418
3.635227373927121,85.34443097206079,0.07174926930560135
3.530636365793966,90.07342895378063,0.22810490642977313
3.5004609210467614,88.03558277415,0.12254731584962818
3.175174109569815,83.17710701135834,0.14914599919761307
3.3722245362074768,91.33701557753498,0.3594625082171816
2.9238753059910554,68.26168658914979,0.48148326247882767
3.7692010253908648,97.98880816221481,-0.2518224794586692
3.525115014469994,52.205033661670434,0.2348923515377567
3.37319648849805,45.61440768689246,0.3930299091948093
3.353731088826556,43.93826166876181,0.3616230652040465
3.210359446444587,49.27215291723784,0.3916633497564525
3.2601700779109613,54.40898030886348,0.25380418372974484
3.314947605311382,54.86102975376353,0.228973744532142
3.3570423725231153,66.05197165362019,0.12549534500361784
3.693306753737701,91.80498200031758,0.09927556559306391
3.305602513861724,95.88407664503409,0.03849243285785187
3.419619696479094,85.88739564090217,0.14844222569962165
2.950822468278796,87.05997993808053,0.2440688406676181
3.0072859072008127,76.6150792318728,0.30893899098697974
3.587489564897232,90.43818099056644,0.10869637041339719
3.0129302265950946,85.4175167588468,0.2782135368267274
2.993974811776261,76.39828678137528,0.32376668915061524
3.0714814563061257,88.0010536306598,0.15190382155555474
3.3773539527613075,79.59921140068973,0.0024488623267200026
3.5587118668972,73.77777936674839,0.19579520948055362
3.0524397186140235,96.14474728032472,0.1723963834698289
3.785158739711512,86.00374770623117,0.07682802201513551
3.6911978344877263,86.56155425894009,-0.1647943928307939
3.7389752406367442,92.00133147550038,-0.13459926228477667
3.6085963599863393,113.48260903488753,0.005451259770252812
3.4579825066280536,87.7126165162865,0.19353696394168982
2.912795775748147,85.2979685161681,0.15481178859407774
2.7891995273582624,78.2887411964028,0.14734055336772872
3.1597860799310573,78.88531932707434,0.09710763538817192
3.5844047329122266,104.39619980246091,0.1955329318268719
3.3145623794618673,88.73068616667842,0.5348974526813236
3.266706659878527,87.18685824592995,0.3779043689149064
3.2938817016613084,86.09283580397027,0.25753547122781756
3.298155227100829,97.46193911470642,-0.022057290373750784
3.1999163768209393,84.40243055912586,0.5288169444948748
3.242096567020103,78.55370169595128,0.5319220975210667
3.357926622349979,84.64541498711026,0.27486196813287844
3.3541427650537914,105.30051880573555,0.12781503834804328
3.414736218625469,92.17024379884114,0.18046027588697244
3.481027537282037,85.46825587103672,0.4567847611801959
3.324540697416208,91.04842390638579,0.4829838068288305
3.129961116359293,75.89930663745393,0.2979358003049237
3.2463556372951103,86.65384604902503,0.21962246876355893
3.357595709496397,89.75885234532772,0.12819309868448928
3.2598276680196694,92.40906576749609,0.2105635283649642
3.449187554728553,96.04120039121062,0.06929878646487181
3.5785112132844286,103.81472976654602,-0.11748878089775316
3.7086730222834317,109.83418889385077,0.14055823628582748
3.700532468119612,117.32851998651668,0.10542698153985944
3.763066810004403,100.36919014191285,0.09111767563903041
3.2750459545261026,72.60769600206325,0.5208558642225021
3.132993590507917,74.64925258698933,0.3129273984606175
3.1550499599077315,92.80608599957725,0.08466453158664249
3.5848145707369468,97.3929761739431,0.23574005676874096
3.306139744846908,88.22132925228426,0.3217642606633171
3.3997696678088922,93.44886194145363,0.41190739322225745
3.0442569462196083,81.68082845368691,0.1503635859672722
2.863476169897896,82.91098602605194,0.28969486973527453
2.7997363122502215,78.1523513660204,0.3231658802874657
3.185644072385766,83.75007168676342,0.3494279910559293
3.239346807207619,86.61079836055339,0.23785518211729015
3.533001091442054,98.48996671590938,0.27656960610558234
3.747768926613795,92.41691919860735,0.2969863712840317
2.837841802297864,69.4038957333808,0.43105976390235273
2.8713371003724033,72.57766886932394,0.43388249167631204
3.431300457578057,82.99146122672231,0.07166568216100343
3.4889045801819076,61.14283807958347,0.08935254105903236
3.527222819962258,69.44624433364446,0.1331724983515823
3.8852019529686634,85.04380900874021,0.17823681200463992
3.6648693087664865,75.41934248133778,0.16955239688510035
3.21679105864557,99.22255834440226,0.16551801931311494
3.614231170147702,93.14215551291167,-0.07042343036966396
3.6626704743277343,88.83184503619972,-0.005790466123720166
3.564488457262544,94.80773213725094,-0.13003787628155458
3.5437830155434624,95.29482140150583,-0.18906986008613233
3.912952616133696,94.47234688219994,-0.05860514201927127
3.9266811631448575,86.7633155226191,0.12064263040320101
3.6954555552996156,75.65934380576701,0.12234262474548203
3.4673309462768738,67.57343144886015,0.07671338162430298
3.2801451492774842,67.9033385478048,0.35578934965677117
3.3045585911175697,74.40745417730209,-0.009622915028765567
3.70125343396578,110.75810984054624,0.21668986319012307
3.3481247300084456,78.69897909122375,0.19832658501353087
3.4162017478476145,80.26719544749805,0.0172294153998296
3.5977724530880324,78.22741714424085,0.21193062162643664
3.148830510499721,76.3651092605931,0.38689963854004744
3.2513748238068323,87.8142868435749,0.4202046841011606
3.401188831113826,92.79312103676682,0.032405541699021254
3.393072797968531,90.93442264421118,0.05072258359351868
3.3451756440951455,85.48507192034091,0.15359446884598738
3.2687179666863564,94.25727291210734,0.16436043438577416
3.430228228945623,92.40891811259489,0.21849776682909813
2.973824996014836,83.77484608072409,0.16856422423382822
3.4343738701525655,96.0684333205923,0.31422516789966726
3.0018829388662835,75.92929294040567,0.22900064414725604
3.0902952266667865,88.73786850949442,0.18662486441251994
3.132569041779482,86.98106039673398,0.16884886833751997
3.1655748327634914,86.5172951462893,0.1922038064735686
3.37346929300691,90.44713282415555,0.24694418563068884
3.5905293011537527,107.85227149803113,0.009055920655997413
3.5775356814713892,104.44289994553158,0.020542646411138576
3.4055146209516547,84.0070092276243,-0.029028771858758486
3.592197324541305,75.56685913514048,0.18257552662589877
3.531057882597949,87.9737774686115,-0.11432584753507025
3.6470444459184557,87.33239485543157,0.058118769226697786
3.247117228841467,94.51184537936327,0.242362774330071
3.400688140019696,97.25238871888862,0.18062558318957597
3.33753712135479,89.25941048542403,0.0617819322596301
3.174178202226802,88.74641274204734,0.06844282042949153
3.286349003553497,98.87569493702027,0.1979171389453489
3.5454835428992038,76.76703339945333,0.3351405568499339
3.66478984939929,88.17101366751092,0.23486794762838975
3.697133785476537,113.7953918743208,0.018102837286099994
3.642313901998803,76.20630182416299,0.3052423137808355
3.323461010820065,87.86997924894352,0.010764405519909963
3.449564704555103,88.28526477981303,0.16307519415653204
3.5182412673125403,89.89541265446057,0.1100012755894635
3.3453813506799346,95.5115528451551,0.19950030170542812
3.556217249500093,87.04811862008984,0.1533668678290454
3.636139117268001,87.20512495724854,0.16080744788423437
3.4958475590301066,94.70213721941528,0.2621598763132764
3.5498325591692175,83.72614070608824,0.29113287597722115
3.381129163182699,89.1402868774786,0.15556803114017723
3.3865617946888285,87.94674040985063,-0.0020872630148601745
3.3135829182376453,86.10178143823393,0.13331955089560787
3.2359268032710014,88.42662014338836,0.1492107246679466
3.2961808573602167,84.61356476367092,0.3604019042651887
3.3100203781490696,84.98534837573374,0.3168348176907193
3.52712791658631,87.72022111758305,0.25976918122955134
3.2543152845294756,100.34574835855406,0.2181859117382903
3.4046264117900362,77.78405774181293,-0.05502938504277808
3.3391598799478577,89.00121835892615,0.07005060798690445
3.217625553656126,86.7523198890541,0.1060189914180137
3.136185747663696,86.41162385125322,0.3103494750066339
3.3563186723884786,86.31853442787191,0.24921570141053118
3.2254866884174276,89.53521890759248,0.2508858098953363
3.2115172217176893,95.63245945151485,0.274714884624628
3.8629535290902726,93.57420561402115,0.23189375757892344
3.4792430648449377,109.60996903586411,-0.045699881520846
3.2804911029568076,84.304993391266,0.26435822716066076
3.1742731210002706,83.87124329047886,0.3249528499739093
3.0307449571179643,88.04402041026142,0.3269040565026221
2.927806483539518,73.88562389813353,0.2107457165455312
3.5375745513217947,84.61797254221788,0.22004109270422487
3.4116567038669112,79.85973857163367,0.30459681890005563
3.516279724514128,75.59281156354028,0.2505824507274987
3.8578184538115794,72.40426686679635,-0.040272998786380916
3.6790167744067177,72.45748723862664,-0.0853059322628309
3.3680906993478765,71.48126315260537,0.31746826914913606
3.255864442471379,77.79207265416518,0.12174589588028199
3.8733008444640378,95.6724230101744,0.08563748255632386
3.697504865623462,100.5395688918285,0.08023541347050422
3.4173108201613664,99.47312550786745,0.12720374866970788
3.3788307327963527,95.00984021569715,0.12382157767989599
3.2951034765069855,87.18145691641982,0.28256513490926005
3.0837775564278935,83.9990590112319,0.28024255963056754
2.8121335632974254,77.99071827869808,0.2999769546401195
3.1421757583461023,81.66694320538802,0.28745709870055236
3.2936529580544183,94.1975152042468,0.11749651221978752
2.98461038920591,87.78217392204736,0.10562903458664186
3.5619333546148573,93.01969935577719,0.18124292827370078
3.49970108064592,79.3162771895121,0.4304723565633346
3.0458176733800304,84.29363698454293,0.1852364515639096
3.0863617261038248,82.460721636504,0.2079345671051671
3.2294222197990523,93.932364862264,0.08338389248310443
3.3877355460844902,86.42799619124492,0.27020135057139405
3.513885582053711,106.71177402246552,-0.08952702999143611
3.5620341040072803,112.81288325523298,0.005166169311784494
3.5750724752168797,109.45279086673798,0.02969707020534433
3.8286569862103828,102.51915949068088,0.22452371283318542
3.0756311481679854,83.33198547977612,0.37289076229460866
3.1955413268991864,76.19046758585323,0.33876018696097365
3.5010342590949834,94.63848536895442,0.42174346121282874
3.478599753289739,95.20696980535058,0.36587245013924263
3.8469128896960396,97.90627591389485,0.27426328583682313
3.721280266373659,88.61415883850219,0.3097869509875101
3.3234039622886398,87.38695795550765,0.13510618937258778
3.55904038915319,88.71725311453666,0.19578387015318355
3.358078005121368,88.12142431321652,0.16825700368978613
3.4293927114780116,93.81099293021364,0.228426013211382
3.1706911072377855,86.99920428229476,0.19097276034856256
3.303901694224273,88.75270390123389,0.36308780315439126
3.7249480657198455,84.13566027958431,0.04708085631462531
3.143855717158264,90.84385265318222,0.46321191122546773
3.837262817179428,94.4842471283578,0.009837005905162802
3.220844414891075,89.7711604790895,0.28807789799564615
3.564768696719115,83.72519554537985,0.3400034954594839
3.499744998843364,71.4158766392591,0.1826266858745428
3.6173059824312874,82.19402257517699,-0.012973907622664359
3.6008875579782504,84.19514440116721,0.20726825848118832
3.4650299452315556,94.66068944786261,0.33691126728979426
3.3534817048712884,92.95026935224277,0.19870376334854248
3.1415748815433546,91.78153023013788,0.2999093452033917
3.566522171667193,87.17081141628945,0.2550509179863985
3.6389387492500584,92.8234860989401,0.14901323919579504
3.338402605792283,81.95346339156265,0.17708086504936807
3.6043621613032792,91.1616255204129,0.14639553476085848
3.289656227978209,101.33710344676764,0.0515290719233573
3.180263894791187,98.34487818706691,0.03297208982968059
3.365309293785174,90.87114941726153,0.11660472213830012
3.4499348786006125,82.58744265256757,0.2442749116983661
3.0934980494141713,93.74014487655045,-0.008256141935341252
3.102068727771767,92.61773399346366,-0.0676108640229143
3.650853556910744,95.81579813914195,0.3797647841638654
3.60283975659097,90.83319488084906,0.3214169441781582
3.4096284419129717,83.66458519128321,0.2719633890782744
3.4898363866884394,89.57104567653127,0.29387440535437404
3.3930386459373447,87.768105626755,0.35889917526280457
3.600611425381305,84.93915446908204,-0.18498634112820503
3.3970730902441755,84.5291389278395,0.08102413210761371
3.5222025518678004,79.93786857142898,-0.00998098825497703
3.198757235541287,85.22871505748151,0.059121376845487156
3.057489316138855,90.42292715809188,0.10099221671954989
3.5567601781957365,89.4279022796414,0.37307956349770766
3.4440057697560844,87.87259717925858,0.19839668186091525
3.3888273980771517,95.26780035336557,0.42144808509982634
3.862986436007537,85.26207670649931,0.24138222284734567
3.897241458723211,79.56799363667943,0.3301439699771797
3.8891229303563555,87.22801043493322,0.62540250223086
3.850027542499921,87.69394515534339,0.30259733678599415
3.363376667444427,103.64183241045271,-0.15815124767277228
3.651773736313564,106.89829963403653,0.028648829690261546
3.5812493027967713,94.39743278674767,-0.0230099210694781
3.113376708040619,90.4099133221357,0.10700880136569388
3.169705295303352,80.82535832486083,0.331060839464076
3.4826291403677088,106.90505648746593,-0.10040008321924251
3.190337667201122,94.53879611635057,0.09904971969800444
3.043471010270459,89.69126800686156,-0.05862403987585763
3.3076309159289186,92.83879572126189,0.03419371952729955
3.2075525736073054,87.32081864730326,0.21317488341124194
3.1181498629400703,91.26621142577791,0.29793373184793454
3.3781839902699353,99.9102198216256,-0.041867067076449306
3.2938494343172477,87.97092758561955,0.3615365843239112
3.4617831022853243,90.40115331569126,-0.030599753397082555
3.6162250481536753,100.02819283027364,0.12179046403962517
3.239710960911716,93.79649666292057,0.17449590835020243
3.1503478001008505,80.28747449884986,0.2113242772608439
3.3550774545588244,93.62845861101819,0.3569582796547057
3.30706725144171,76.09784016355295,0.5763055740420374
3.3246863868974055,71.65904640509301,0.2321114710426592
3.573487822227917,85.24357345642788,0.03274575542997293
3.405259541077635,80.37181268666338,-0.008657875069644713
3.3891673003550165,80.3237765360415,0.31202968862762304
3.3308588081891983,85.99527889972661,0.17336803358063174
3.413003306128311,92.56906344690856,0.06578874150130375
3.3202256434692976,93.85091314785488,-0.031229629236175515
3.1230806836386042,100.80075372986444,0.05759477991565431
3.4354593081480242,74.63446257423153,0.377701821975686
3.2455397465534648,82.27582960085562,0.387696292957565
3.331811353290012,93.0960681591032,-0.01875045232160664
3.5353330312160267,79.95069707214705,0.14251567590596553
3.113400295097357,78.35315460978508,0.41105622073488085
3.4320533000743256,93.54414225598026,0.26863171633814525
3.515951365722425,92.32329588447139,0.06682954911127345
3.669378936921929,106.01668979071785,-0.030175034983633178
3.220026638965886,87.08144514818161,0.17987014630056944
3.044420017884677,87.24291596958497,0.28610124800043213
3.6116379791584445,90.64193918896079,0.23859375323135948
3.087453110711819,83.47906540248496,0.26603925484534396
3.0941592240578943,93.14709296939122,0.07296597365137332
3.3199681467966435,78.79102853109974,0.3054770467276781
3.247896648466649,76.00756436330971,0.2706093535658362
3.194214511080553,79.88553665738424,0.26597123625996655
3.0680724058548496,85.01043116247112,0.24059807131045097
3.313380471282301,89.03301401763318,0.2804271934783912
3.160409492188011,84.65472254357653,-0.05837713998554868
3.1858808302124366,87.85057629332361,-0.08726924664559024
3.307333769913272,87.29816496876771,-0.055288448944981985
3.886017586288473,101.47514737509232,0.1483763088496869
3.473620875735075,96.83007892914645,0.29179568350087837
3.3002552615067606,90.17275425439007,0.14005411570288356
3.188957207175492,84.80230107593218,0.11653785583509003
3.3213133093222287,98.16865950697684,0.12132196531301027
3.2648293896960077,78.8680769179953,0.03830667089642335
3.1455460348338313,89.11246052282394,0.3744546203092818
3.2386927641961623,83.99114205180291,0.10255426191269643
3.294122807515738,85.91110655986107,0.3276529399037674
3.1654444624807607,87.66648421425435,0.24917626297734788
3.5860635181647353,85.11693342220687,0.05930012791257848
3.4165095212037055,76.71135594621849,0.06383542529863105
3.258510065668289,100.89225932735326,0.13914924657824265
3.3539506861508155,95.56334901297026,0.08797554357796589
3.3811871949871968,94.07333746301728,0.11589903664144173
3.4512780490604236,94.58746930930766,0.06143619021687095
3.5826276535727124,73.05707527122594,0.09478746701711831
3.552403700155989,80.75196518648498,0.3804977168318887
3.3623043597841007,90.23339899051074,0.22777038760868198
3.3404119168973714,89.17728335217726,0.034095443667962425
3.2395205855228815,81.87007227167086,0.18693546471552033
3.3509427319399387,89.3898519738594,0.15153185931175706
3.4398297804718077,98.56694113381958,0.2795707217871389
3.5161450821001057,92.34313864236444,0.22755175982744977
3.6685566383385395,98.78686386040141,0.2921971108396526
3.4765139903421383,102.7967614057985,0.05051160368486853
3.4281138189694107,94.9281276930977,-0.0054550937424788296
3.5141671080104273,102.94842120252468,0.373946659244428
3.2627104380225003,87.02010058573349,0.2502974847650683
3.603979973172331,100.71164001622779,-0.037800829618051895
3.5620600194256733,86.1496347889907,0.17379390277305842
3.1980049797276218,93.70568116496987,0.05961757094815059
3.4514183952306516,79.90647735095185,-0.016841765469984452
3.37534484039773,90.03833920056329,0.1592915514763551
3.3473638096504206,87.33887966968041,0.37425997027163593
3.2089760744042475,82.81330411574726,0.04303719100547852
3.489238664804058,90.86617111712418,0.19735485358530305
3.6652503425945127,101.48551389309719,-0.08966996852671669
3.1948435836192455,84.32299086357803,0.3772286341250807
2.941793668330028,79.44836565335177,0.3791888032483117
3.045053241601091,72.27482580572405,0.23563697406806647
3.1784084521646276,80.7009895957295,0.20196682175459385
3.36257884315244,99.11647826201215,0.2111852747975952
3.279316037396913,100.69693511350287,0.22420799533968155
3.3850441789223042,93.75015191432901,0.11180588136467927
3.5324676492959934,103.26673284367828,-0.06934796314610764
3.378521844384421,105.65562357757132,0.015102909550167366
3.3823839843575305,82.35176587539002,0.36559556134219734
3.2580541067947686,104.418973380211,0.06165825811827919
3.375211364333117,97.33012918463261,-0.10307199354499816
3.3703787186975203,104.49671447300216,0.148843777515802
3.6453220262213626,95.2758334634223,0.04467066543377409
3.493801424698013,101.97897131375593,-0.05635745212302018
3.3833317395511657,93.60857864108883,0.14321093671523824
3.2860256743390917,98.82397217825955,0.20648341631604364
3.526286626306805,87.42985238687879,0.1398802093138342
3.0009256637983013,79.26684901204035,0.28228937406746935
3.4340959564135756,93.9381024060306,0.15644288494174188
3.335662739238986,93.18259028860874,0.17427675558988037
3.3383087689170465,86.77281781712553,0.19435361604655244
3.4264983769301605,89.19140923018459,0.12224411165623231
3.2905821321780158,94.02645719429263,0.23959155224778445
3.0323142924114554,88.31438653002783,0.19788295953348403
3.0796682197506673,85.27813551600404,0.17180971968359843
3.2794241809191687,87.92989681729121,0.312226244262129
3.4788590076396035,80.96369064075247,0.25224549686709336
3.4406259423109313,95.10926853005267,0.13920051592379115
3.6150758962776175,89.5364797040358,0.19794204872727103
3.3131763100761056,82.90139748430124,0.3137135031825131
3.218884354832067,89.91750829275523,0.09728001458533495
3.118827190925949,88.36884441232478,0.06716595195892532
3.5051398110189433,87.03104539929292,0.4354746644771925
3.048974849706562,80.93670955572537,0.5534866357841671
3.2682080428015317,83.46315711980047,0.4604680809493957
3.171649936010747,92.10519768992363,0.3427514869869654
3.561982153057508,88.46443786693537,0.08475261248802787
3.599665879604117,88.59306521429745,-0.08878939500457537
3.604931740807999,90.90115675281417,0.01890531909366707
3.4141050913417117,90.6255850281518,-0.17438841863082596
3.4108069699480494,100.04466629946786,-0.19033948546585508
3.4147508574079164,98.5741497005246,-0.08755602179618546
3.4077661229443903,65.83318766182161,0.4222062555828111
3.4177199066863886,65.82637347078823,0.348221145659747
3.6114122816060976,65.01652289633996,0.34365367743160774
3.796024025014029,83.96418673994907,-0.06931271594000149
3.3499861000420914,84.65732108582849,0.1429264244457458
3.490227774153306,92.48038514595625,0.07177975638258224
3.180337155819614,91.2465768937369,0.24083361374087323
3.4284615449475133,93.32083370355205,0.24228403333538798
3.3177866082372076,96.57982139316917,0.17520665916358338
3.6097181242401724,96.28869404475529,0.37986881242344195
3.6705949099328237,93.16666601112989,0.43412936882663766
3.645376019124373,95.163327832451,0.432194182620854
3.656815891319815,98.44065168049451,0.38608440940619576
3.350072917029873,96.29685524356908,0.016584704989692643
3.8651012113646708,104.61025337995576,0.19833021468502302
3.3551349939246164,98.61860131798754,-0.013622823516370718
3.2528655763267533,90.97798004452405,0.10398026204739255
3.058501853507273,92.14155713400083,-0.050129644063155405
3.368105395718811,82.73812753171558,0.0839868239982778
3.5444113672242317,77.41629741579182,0.050559613252711445
3.5103148234754213,78.76348814592933,0.21661489119258767
3.1401273175131093,85.99302814695224,0.24991407317274794
3.3017546988854014,97.75917973700483,0.09962834169284128
3.4918536420133632,93.07735100002216,0.14468478307894728
3.5173728005823897,86.02937458946636,0.24483396188649478
3.5399245470024057,96.76036903241098,0.4462780389210442
2.9827987498219564,76.10235395478891,0.3311366058867296
3.156596042052216,90.76582130421404,0.3265480937180311
3.5178287748102024,75.89923986350723,0.5039927786414944
3.3718821818560447,95.25065975845172,0.36870148319874646
3.222522070361194,89.94406844949326,0.0813441908694301
3.347422808533693,82.72083915918475,0.516580261374459
3.486001456003471,96.2813832374148,0.04153435284058336
3.480089815686125,93.30842079198146,0.16110674568014233
3.1523313271850633,91.16384051679245,0.10290020345445013
3.199213554297586,85.78444393759857,0.22204695786483256
3.746506959456992,73.7948842128396,0.06702669720741224
3.446575469466985,87.91094792539454,0.005930465570881134
3.485336693264137,84.46497631751822,0.037928870626519263
3.825477838242189,76.9950117533858,-0.1357781002454909
3.6117844165067874,80.39040301191832,-0.17590293674724766
3.759552378088031,80.60405189384954,-0.13588692308720077
3.4785043334105836,75.72824419418293,0.3047526488579924
3.8149144937500696,100.61745025132718,-0.10539156315334437
3.2650300080962533,82.05547284563552,0.2703195683399685
3.35413589266107,90.58081055845155,0.13505245914896052
3.5626107252575063,97.76578649077913,0.23816566166078365
3.1517404530574495,74.05759830782445,0.043119144445293266
3.3671025209700605,79.21657610339888,0.3674405513207017
3.5422180315080447,92.45930784459547,0.3940167572150104
3.5139245017251786,99.71490737221538,0.3118624432781455
3.143161080103569,87.79754481503274,0.10026345169254182
3.7026966945570408,76.20643665887359,0.1125386398535064
3.4064716729788844,81.02479949571595,0.16578172927983176
3.5422229441671718,87.80104486149688,0.04568929698246315
3.53379700589748,89.87559171378294,-0.1356821969572947
3.4929130008306672,87.08992602158942,-0.035403516601935546
3.3840665800295033,84.55039100828914,0.15581939634218867
3.0377543441795067,79.24919592276451,0.25438917808338646
3.072613902843008,84.89525678376151,0.3101746883582205
3.2898143646604523,87.11508041791059,0.15202175977332427
3.1129373910179643,89.83858112285105,0.1617324734575566
3.210103463819857,86.60357138435808,0.047724004958626456
3.2740634979505017,89.12068150558424,0.4337900679740152
3.4406022399036154,81.90195403813448,0.3551540458713219
3.1292163163412123,83.16283832732893,0.3733587348778694
3.1952795470329676,82.38255344910824,0.4048414480996196
3.0904795162947143,91.66614719082355,-0.004251014597112096
3.096096515384723,90.39133665858373,0.18232455942899195
3.541057578673952,101.0416544666421,0.22043157009012837
3.5242594661631155,96.19429172417964,0.09515238672451816
3.4598657260678762,97.92444049866896,0.035186304540955796
3.0845404172142037,88.48623553638157,0.30753766108438857
3.0974613435801124,80.77719047915042,0.10203551954598944
3.1654314194685265,99.08744225751657,0.18800109914470256
3.303188819086392,96.91019642638337,0.13339848138545787
3.3473220537715545,87.65454387558225,0.01854019271238029
3.189159417441445,89.1882826149854,0.08238229622557043
3.2529139426719786,87.67131814958954,0.33384785497713565
3.053476279760772,80.40096235600609,0.1346422501681743
3.1423708972239734,81.78522093282226,0.6286978327939335
3.83492968806866,116.5513083230291,0.1754302756400078
3.7222427201087367,100.57334356902616,0.18945071958343515
3.4639135126999965,94.96361869984013,0.5014704223775869
3.438290568603239,92.26904895531776,0.5212779943645169
3.456707371651782,94.65190309993487,0.45012475748993785
3.4185979654164114,94.48979825072375,0.3790543890544596
3.283589864747556,84.43445380965846,0.12979433962016618
3.399359239910198,87.31464454510574,0.10825554598603407
2.9413481988382966,77.35510966053431,0.4636815279383243
2.977939360459009,77.2667737620576,0.4413106155706803
3.175454922430566,88.62746701347159,0.3290570530578417
3.029206625100155,81.89502253326327,0.10622012445765515
3.758902456517883,102.56210590126274,0.3341462515136727
3.3597632178751873,100.01813234636853,0.18765372996444857
3.3592310824396927,100.75591143274683,0.18740956812362186
3.447607508450172,95.39894281481303,-0.045406927437342766
3.335619552935935,93.30724176107921,0.30744521621887505
3.42069554994778,96.62280732249305,0.25665555093945525
3.5731902084735045,99.91051668249688,-0.010415370725033327
3.530844937291301,95.84767187240087,-0.017066071364147003
3.242121899505725,97.6662784917549,-0.002363093200815874
3.1753165852902736,87.71132264103977,0.18670007742192257
3.840996569461292,84.38684197681688,0.3238909247108677
3.8476890888111073,84.72570499885938,0.3424182732629636
2.77206407757732,75.86951430458741,0.3110157033160841
3.128574306008011,74.05818376661406,0.14136611073255245
3.5148226480351745,91.05167966792015,0.2885820662722432
3.241772049683492,96.18247232208616,0.19173159085674701
3.510998108012783,97.74234421638978,0.1307463020808285
3.399122080205896,77.90544909275137,0.2798163972007038
3.269450146242854,82.99094437880575,0.358958303654894
3.2798041767085397,83.31763781732236,0.3733235467177645
3.5552657403708308,93.62691424657984,-0.07226981050915174
3.3092585246083353,92.20876351900766,0.3671936575786278
3.328629636154985,89.70432498061807,0.46301231655884834
3.882756909872144,97.49728257266825,0.4608353789223454
3.483550352455366,91.54117909309582,0.38492956108952087
3.49878450415007,86.47757055022373,0.233633226097908
3.286219671750881,102.2229734920297,0.03506496971114957
3.9656827558742243,79.89882084076075,0.48794009880760864
3.0156500827922206,94.35340825795353,0.15192473008395804
3.1842053120848814,92.13327901812119,0.18766412391806828
3.1030119077143246,90.89696519570431,0.14808545083702246
3.6769507721222645,100.31281925646898,0.21262672363446633
3.203222603198345,91.36860831227936,0.12726708045335344
3.5514955111888686,100.21240083653574,0.008002372917601225
3.6653208127800463,83.78416036861898,0.18334070808764366
3.68171339227092,76.14502066184362,0.29855918989960795
3.0122324221225654,84.86963138360167,0.22986886691571198
3.0115223915894225,81.60068653025097,0.20565498438833754
3.50673489941347,82.46643117135176,0.1949244766879951
3.563933218857179,84.74667148858732,0.2320577823194524
3.453289074089468,81.27448640537615,0.32433352413809924
3.5361899279863827,80.31831738239028,0.4396653763914669
3.4203700192425184,94.80992210047201,0.3116174652496219
3.5065020554762434,85.0953065868964,0.32778127482677616
3.4803523598158796,94.74008071625332,0.4242217453489049
3.4365741834803147,81.97305006797318,0.4669090790000313
3.325789589122159,82.23878171341575,0.2090528589572638
3.565224183497928,93.57460391161521,0.058935117545586765
3.1612079798002917,96.8658468293737,0.1290106606071521
3.577349047242663,78.00681434654813,0.2926198271106608
3.386730675390347,84.02135063861002,0.21204874587794714
3.3015091726934545,83.84890455108528,0.07073797777440362
3.436451772019565,85.7300847919662,0.2732960346929291
3.4587716323007447,90.36670664854587,0.32840146053769825
3.344912272801153,95.48567971939462,0.0010887672707595225
3.417910420348404,90.91310166754846,-0.1117710471054115
3.7015820030950164,109.44803099146397,0.24604551993967183
3.7073705893948268,96.72734928935631,0.2221806066972533
3.7484777109279737,108.87019339158358,0.10851774733840026
3.767137360343919,109.50649185146649,0.26342244586013563
3.7328465527473247,107.08790222120476,0.24085123706115655
3.709109713175009,109.25656456803293,0.2814324562696462
3.6443209244550174,102.04805534721571,0.012074367544587893
3.712564718228388,99.16114863236541,-0.011939714082674155
3.4318934796535467,96.8357557941146,-0.038053087715705446
3.211631607143183,94.91573731815008,-0.008144681428452235
3.4849411040525204,87.65191769014955,0.4495911281339058
3.294033721411147,73.88511336822177,0.24171294827747047
3.1270367746566023,70.86055052571524,0.2755055345521853
2.9122152954042404,89.81706994156146,0.2122620088255799
3.5862653687067336,83.20394125015558,0.1337667564054256
3.6316863176836556,68.27176844763146,0.3222998849184758
3.5191118004683686,87.80112703677081,0.4463446229229101
3.337052083723615,82.2628118643279,0.3362698025291281
3.37933571963499,93.76098710443145,0.11314337234379737
3.341032003674576,97.92843312886734,0.06349740033550198
3.492844283608421,79.98775185575545,0.05020780371117933
3.6733155243504876,75.84655767341397,0.02758418077402932
3.724818206117009,93.01858321412844,-0.09302854538159012
3.011924075209333,91.23666234110117,0.17747372941887132
2.8535350233657146,92.75095939504811,0.02214642474573876
2.865621058614979,90.31636195776903,0.04013613128010801
3.542136437642228,85.04298178821587,0.3325890383600048
3.1053279139896968,83.92659155113735,0.434360473689425
3.0630781053946343,84.72818941081853,0.5184920453929093
3.074580378310337,76.00204391401066,0.29776849255117926
3.1063767427070523,75.20805627712919,0.2598911617527949
2.9743408932058695,75.94875002114004,0.3916651986340725
3.1147387120432612,85.29713854758504,0.19991510629274614
3.3875696142785467,93.13107220084306,0.15623840494860497
3.318956810415594,92.24109634871522,0.15626057297337684
3.2506494257074627,78.28054462692594,0.012416591912498512
3.341806101568605,85.35657824283999,0.15110194468057747
3.371132524382157,102.69558876655788,0.15478865433483743
3.2108045410212966,77.51729887197448,0.23071065285320896
3.2405386397866467,89.93283949377461,0.3879680780662557
3.13691936392322,78.99166021706974,0.5180515644184301
3.4244377524322767,86.69896452483033,-0.02412608830720171
3.397117295643333,97.6398168590077,0.293268625067722
3.522225419952148,99.90042288686045,0.10368722127356111
3.4865456037481732,102.95742576724403,0.24410899771575476
3.702261064054428,94.52633225558614,0.23693881157242339
3.1226748691046167,96.12348384623309,-0.00700705187670494
2.987974619525459,86.55527685505145,0.166867716104754
3.094338233649446,70.84264558374439,0.3125969966835986
3.1481358920977978,85.20123333392606,0.3990065920458978
3.395397566938766,87.6288402463113,0.3017029610364127
3.333551557363061,96.42753890079976,0.3037590679929238
3.428489460478566,81.36817189782994,0.36310402832443783
3.1623125155988707,75.56314527493161,0.43420060895231655
3.202842488521155,74.99727322838962,0.6653832560785422
2.8367839622464475,72.6733277410541,0.1603670826227651
3.0172665831337864,76.80958041125163,0.1925482331976342
3.36544754152086,84.42146209234431,0.3639123330356117
3.5909740540661472,81.35821892397409,0.15480069350332307
3.4995387443256467,85.54474527409161,0.2605389010924305
3.5839233240906405,88.77382722628607,0.22463784448286395
3.353081828911217,91.11174988151376,0.03058975562113558
3.2647252417919157,91.98904637126938,0.15399588384992083
3.3527691816842053,93.25613715733873,0.028980636770593395
3.4905225137164453,87.60784571129497,0.154309629574289
3.4873522391571994,83.35358443581853,0.15196165944769935
3.2718334952296413,96.14519959945322,0.22928793913464365
3.2754515830000677,94.94451816452927,0.24585890149701628
3.3803763433001968,93.69763943804497,0.2274478568970142
3.3887994434526796,93.24781511838484,0.18646400848578076
3.4569221170803783,88.29749643541322,0.19539690847389812
3.4966688488457662,76.47365068849517,0.47206915925708026
3.3377455083453658,80.0417519420531,0.27944775613037354
3.407726614875338,80.2454812475573,0.34301565022846636
3.2986339064926877,99.0322065810448,0.010829811670878977
3.3575532421002934,96.73858995550924,0.14511023443959423
3.4711925034342026,94.58329360182265,0.24437485459052624
3.3918710107787007,99.32210919913683,0.3044381440725154
3.4003512824500755,88.91731499404256,0.23533043749340016
3.31697392551565,98.30871498457141,0.1902556759749069
3.3347581785950795,102.43253620759211,0.13676792203479918
3.382977739578829,104.44701930856469,0.13808109661894777
3.388273965195606,89.46080052701396,-0.021650167494979708
3.098562641850037,74.79005094226818,0.25630229111283914
3.1136844828028942,66.66225555129931,0.3939397280305196
2.9505245239573417,79.60178594560911,0.436331383182222
2.9542632604432058,79.88768171301363,0.2796024950572042
3.307039708125213,82.71438027251305,0.38186407512097287
3.4283834505414146,90.84402599772723,0.2149642675448136
3.5517903973802767,82.34038675159246,0.048565550774022054
3.528142895642828,82.2490734601932,0.06215086908505816
3.49185570073374,103.74978850837809,0.07028816608542948
3.27186060714149,85.74713564254712,0.25938944029988076
3.4729781865608045,80.0616967375325,0.3046013740737609
3.41005627522469,105.40922864340732,0.34427484394324737
3.6492482015023247,101.81563018069504,0.4123065335333584
3.678938480963592,105.34484467315092,0.3833889392901528
3.496556103275623,103.34394952719659,0.3666960927788379
3.465150088031938,83.26092881813256,0.30736247102134034
3.128852267347244,93.37626231426303,0.0034734518164449405
3.3972125570870166,97.1575748263829,0.19131851907323993
3.3428426013279124,85.59068751891921,0.07842201936011353
3.417046758909512,88.14878975165328,0.017928218150287414
3.43876442157842,99.45514241478155,0.2722865856097121
3.4223210991801536,82.99022450781445,0.15756853846206745
3.487076693477211,88.01633880535408,0.37575181864461515
3.273975087231827,78.7800974774683,0.32213910537766344
3.3339433099353704,93.84569394133331,0.33559004219418576
3.2239785968392853,78.00642213923972,0.07571341815115099
3.316345296720876,99.41026710967802,0.2834845314059808
3.162776530649595,82.76735898775662,0.07810826288934099
3.3097717832236087,85.53458304178572,0.2209779638723212
3.342003196966229,95.20853696999144,0.2054774059232004
2.989106492158457,87.47530054129803,0.23112030007779372
3.1061972723332634,81.13447488698199,0.14627444966713601
3.160451454916422,92.12477238564085,0.03845251646973582
3.7081975882889973,100.88434497588668,0.19682279998563995
3.430035296043275,101.82550177866612,0.03782032197596275
3.4466515631339716,95.93637336169384,0.12189895089901517
3.2487672124889184,90.41296266649194,0.25887772449256435
3.1661802810115653,82.59233815022714,0.36984656375152175
3.2384905906752937,75.38222120661898,0.3248480142857311
3.815645730267431,105.29965606317302,-0.005557545781095457
3.6147556020958214,81.92701566963777,-0.004084522086000397
3.536801850301937,78.20589144701863,0.0443639462395756
3.4905212737488918,89.46688034684298,0.22714507892348876
3.515200999755395,93.368064869424,0.18395968210925231
3.3038627930467652,90.73185451942614,0.1698705242989277
3.22849739408323,83.81952435055167,0.24056453287103519
3.810839844647639,112.72033949692494,-0.14975046715650492
3.52337132163203,105.06499945558575,0.044946815067419085
3.8547853824225142,95.54064820288802,-0.05709120251713145
3.0212266753078887,91.55578913953958,0.21144000825322776
3.5993054211731415,78.32501789951434,0.3918611533996861
3.132123708396645,71.9495658855889,0.32626813633898416
3.291968517895779,73.17719265761322,0.18469240780279447
3.2530031979726135,75.29908349859087,0.31645732833424445
3.7623790556256966,92.30711385599392,0.1285045836523583
3.4423518417631263,73.99270983505072,-0.10144633999623205
3.499472992583774,76.13362527509273,-0.033403554785620654
3.6807872078711883,79.27746795192536,0.015482402241825264
3.4292659114052126,67.36759727188556,0.11065084464278314
3.3475431538400886,68.74430496159614,0.19085914405574916
3.2406483472473826,69.40923220497626,0.33862794766239945
3.2683890363209898,92.39475082200036,0.025052845961024937
3.4028458385385787,95.07014345319513,0.30087768916553825
3.112744025465614,89.13840987716209,0.1258916074907958
3.427993859586391,100.20451195975322,0.16378366886472434
3.477769742542073,96.83824977357735,0.311363398807554
3.654143400370565,93.54592286382582,0.011643086222271027
3.4528983605412336,91.75808699632088,0.11070202860723613
3.4615238764718206,91.51562918120622,0.23033226144822933
3.2777146133165918,79.91537518574857,0.2240385134898018
3.1341561123682347,88.03789546962092,0.18674114382705265
3.328719460712322,86.57266656081113,0.27776616199167503
3.3308688979643786,85.35431474824897,-0.0644186544527819
3.6241728921813827,96.12773102928203,0.2837012218596698
3.5920999552830257,79.66662963099729,0.12437194100449708
3.5577314250377015,90.24592270808283,-0.032774523591356464
3.5436025189899034,98.27048856699369,-0.09303981568271169
3.532034916064141,99.46003410894775,-0.014998603823801951
3.4093883444129873,98.59570178265989,-0.11651524666903983
3.3234360426768648,93.12396207407481,0.2867099334670471
3.432605987848214,94.3560932038403,0.28509374045731417
3.2906336382425385,86.24392928011892,0.42089714875179857
3.5752494569917768,94.49973955226726,0.317291761947506
3.667185974914424,106.64765476850066,-0.013369976891604138
3.490877286973761,102.39563799086743,-0.028756215134634854
3.7294572582558794,101.66896829743712,-0.0584360082960275
3.2777487245512837,88.31371003866289,0.36559536676989196
3.2297076038624377,92.91204199896302,0.23857329825556334
3.2549597214751373,96.3968082863994,0.3242038480984191
3.5336003114185357,95.21328286069955,0.26994403473913453
3.6360909146127547,102.94537795179751,0.23877033594375385
3.5674248279196674,93.02923811801452,0.1842642839348567
3.4134725224130658,83.81350646186671,0.1324772138037366
3.388555057219842,97.9147263370997,0.3268291309286585
3.396270797048332,90.50769854424931,0.12505777087846132
3.6237431288903044,99.88887435840012,0.1915165250711833
3.5498332943051154,105.74357076059312,0.05215281718402682
3.1098600454822622,79.03388102199389,0.21747108349857447
3.557773000540813,88.90007435191971,0.11753267881005879
3.591383639646712,80.56419326612244,0.2855694632144359
2.916698921259533,87.16424085567222,0.3071390406446204
3.312297888997825,79.84943664223852,0.3284028985619782
3.406450020814101,74.54930556285505,0.1762696365197182
3.496051262078592,95.3781291885332,0.11661011919083071
3.2923365344555107,94.14787083604404,0.0931588800103463
3.330055218759732,86.02954011150294,0.11842739749905462
3.37660924452767,89.59348052117804,0.224718293490556
3.5276470155820143,76.56360622191357,0.33351622061989944
3.589262754351635,77.15077409480139,0.24183878375674012
3.2985991589716326,106.73732576192032,0.20546505560540296
3.712261659781447,74.83212686357916,-0.09604438443122662
3.6905190601063116,75.48175339455676,-0.09223279028097779
3.407732405386192,71.8650556399557,0.4909454668706674
3.16042286117182,72.42558256834427,0.3925576709322926
3.569416675084333,82.84216608962235,0.18636214934508458
3.3476907778487104,71.78877467340763,0.18343876423249986
3.2471889102281293,74.52444125885926,0.007337180882139975
3.9197222269835916,92.08089300448215,0.20460271856269063
3.157363131866214,99.22728543820419,0.19724538774626288
3.231301589502318,94.27768095226615,0.2464979609144858
3.0544596319811026,78.5243980160037,0.06300236560754127
3.1184428868418848,84.69968716286544,0.1926549822721809
3.1423425409907826,87.04414762676878,0.22170002585942064
3.4010268387764166,89.03200242897059,0.023982743309737105
3.2281824399799004,98.19027959364736,0.2790521378099625
3.5470174201583293,91.57005670039014,0.3075731465419295
2.9961518531127584,88.48624952146925,0.05115573402304447
2.9707351915595877,88.2712273647814,0.045670283333542804
3.4668135691588255,85.48928265626802,0.4738101068191673
3.6499575078128603,83.77752805930331,0.42245564235114225
3.4977700892094545,85.56581932948953,0.4247049686414465
3.218799613389291,93.24520896001133,0.2267970037171898
3.6533730145562786,90.90742975256049,-0.11952557524047773
3.113633000048123,87.27963259432114,0.3129042190691049
3.1660700709096643,78.12638557076632,0.34353245809557414
3.3506283025678245,101.22378093965222,0.11175982129719471
3.3094261166725487,81.30130467024578,0.2523948510936899
3.353881102280037,82.04346862487905,0.2507354396372105
3.2242591313601667,85.39732166765457,0.4006516327956362
3.5221011915160783,87.15627230427602,0.008423494939347324
3.638155970953639,87.41315607807944,-0.04481909740513513
3.2623537577582957,88.09975166088238,0.5464661380636361
3.2777828877746926,83.76016674755243,0.2887690819353644
3.1849732373841695,79.30001894580069,0.40360507029381404
3.474989774191969,101.33639252504982,0.10466481367157764
3.21740253905681,81.4290743260804,0.3563014287905002
3.2188015288548026,86.78362833092375,0.2906372815862646
3.4716995222118836,102.2008936296138,0.00682693658688251
2.9823797014240045,84.30536329679202,0.19347862167740787
3.4943724687101585,103.06997080165281,0.21501655517887072
3.4445092014633425,82.68509891098276,0.23485758862974201
3.649041572168055,103.66358867203077,-0.12288229637441946
2.919461310723842,82.47570400847539,0.42044070908344855
3.6393597907205586,101.3668907223334,0.05008888909653253
3.327812907542489,88.18099292191646,0.04894011547686467
3.580220592274345,109.1359351340505,0.13559382146627164
3.548687137274611,96.3586895270074,-0.003921467174506566
3.2007449009810673,90.79197043551274,0.2807015690073079
3.1912650671575937,72.74964901561198,0.1628616646715226
3.482822148155143,95.90494375413773,0.10379822951845454
3.3477754788730567,97.67604446865205,0.2542465018134006
3.260268037116586,97.33150829249217,0.17630951941337628
3.3402866104835423,89.60245091183565,0.30452844311924293
3.2865230310317255,97.67824564927773,0.19273208631592328
3.0709076056709055,75.22032011738668,0.2041970359587339
2.8232632735001397,72.37387582352216,0.49055985341907554
2.5844860399520546,73.60216706313714,0.6192810106062343
2.8002470631442544,73.3162571281674,0.4097183117425305
2.7365451551296855,67.7492611268383,0.3400838059120249
2.9301830806856146,68.88116751580029,0.38975416307428595
2.897393225572108,67.54721341068566,0.4355664650678965
3.037545490933781,83.24696298756528,0.3750909116760943
3.4521934859135652,90.60403642476935,0.2888183504595692
3.460920692386289,90.41039878749586,0.1824740073314313
3.1551129020082205,99.53518916500398,0.029806594322950845
3.487771503717433,93.00825611298319,0.01573057606597231
3.084767150696737,77.38031987090609,0.4164120208785466
3.3750818535745597,78.15349997922249,0.46833544252662684
3.1960911862948,83.58539912289896,0.2927611050930071
3.166383256801717,83.26554395280944,0.3646474880544582
3.3499230377814198,91.8093616892876,0.061265418106568346
3.3805209256714845,100.73648790805841,-0.017321006057381058
3.3186635693218385,78.72616785755025,0.2336209384251803
3.7016573655876672,91.21933687959347,0.09711549919437003
3.3010824085030417,100.77282947903133,0.18209984817952357
3.4972213588739645,85.3697191029743,0.22177840124079695
3.4448447024863,82.73565360455756,0.3427669514288724
3.381283293614156,86.61313878450565,0.38801718942946883
3.3801186999873543,85.74626506631091,0.3893676011994694
3.4152988854015938,96.26299982347375,0.04199392542199171
3.250680589786171,88.60084196921129,0.26344235157337326
3.2438528004161653,90.17043940578615,0.12052995932051999
3.2634279101454076,80.47426589320384,0.40425593566053
3.3518078418329096,77.14491325604922,0.582121241426594
3.064652129557943,80.04927211669745,0.30341314250792517
3.194638626401866,85.7238496259246,0.4757549828087806
3.164875077219557,87.87477345352855,0.534464687334843
3.2305208486030677,80.70263476586827,0.21901589499445162
3.171618941353538,76.77143705984913,0.21138327404737514
3.0408859709869893,81.91280088666804,0.1859947208083551
3.542068718143809,92.82729940957833,0.30571516841580704
3.430015728983488,88.1918898214978,0.36706896742024947
3.77043926005048,107.41472726028977,0.39992083240913046
3.6908964862041405,102.41368662614325,0.4242420602409425
3.7744403440993413,103.84114675820398,0.19480828786513787
3.4240897478359487,89.25045198792255,0.31680503403508886
3.3013927288814156,87.93551508138063,0.503054121170926
3.227113535792848,89.04806313055394,0.18517309820937572
3.1362000888948494,88.67761451476343,0.28252228086255965
3.42068073218846,87.18601327263158,0.24284806097380818
3.5269079635519676,89.4458872032493,-0.0671810110095873
3.465820600833457,87.53410567383786,0.16944706512725008
3.4063323720482677,92.23060388984725,0.23944980590956874
3.228468027173333,99.37309265020059,0.06511531054786672
3.3438651744717607,98.53358100714937,0.01867267204150745
3.2382452426960042,93.61424882653881,0.09429756754129903
3.35332993902588,95.13784485562738,0.3509943878595092
3.492328302782416,97.3579974809058,-0.10797179252350805
3.332662963960826,98.1746427106978,-0.13414127453649877
3.867423101036192,106.04325400162574,0.3317574935687433
3.226922081619094,73.81900685162036,0.11738165267690841
3.4224618705228407,105.90451855379827,0.10102997737426661
3.5835816944057344,86.34624613738906,0.01581413516644824
3.1955755732474573,80.94258291423391,0.3021133866239448
3.1072105717204455,83.15830223583974,0.2788425276447423
3.104426831458479,84.89945955966671,0.2506143469886411
3.2880321906075234,87.28965994043098,0.1296147077756861
3.2806619723849852,106.62639373828688,0.015606959021819675
3.8597854058248067,95.81555020646651,0.01832783641314563
3.2783204240985473,89.07633450832137,0.08401001456400187
3.2863886272415255,81.16041153348705,0.10805528293494471
3.418175704467123,89.8710825240034,0.3144725908473583
3.1976314788333036,98.31898910085398,0.10102282866581277
3.130233158703675,90.47064440199017,0.13177818996103433
3.5359126854036886,86.85561217386386,0.4587801009266373
3.225495326470883,94.07603439103893,0.3031674012121007
3.2087730644247308,74.65534577487597,0.10938712818134443
3.449096529446421,83.21281162937328,0.2307863755540125
3.33756143341919,104.75767268498662,0.17159354342668534
3.3948099265551748,81.57634835093398,0.373064900529944
3.4579443876465126,75.18533303448125,0.018937402854379014
3.5051107953082186,73.91415342505152,0.209271254940112
3.4105853913208537,76.90273986784848,0.21335805689182116
3.761224876981553,126.19721090390372,0.06597723611167912
3.7736074515102875,124.08515870011466,0.06738443909959814
3.5395432477257627,102.27787359605973,0.025539772846091872
3.181084535608781,82.14289177254615,0.2856169106010478
3.262970310234893,89.89310404939464,0.1764593167445327
3.5170378366469106,96.29060109092022,0.25210654342873384
3.5937797581262934,106.28867399486083,-0.010631578050436463
3.185508391124195,96.98884286697505,0.018842633376075155
3.1330793277597704,99.87476617199891,-0.02983481843459083
3.5377942064822525,90.12013300552161,0.15785313476522478
3.1023268775416764,88.55411035599934,0.15453358169360318
3.0938951409099036,84.7070865092166,0.18359655872359915
3.19464685589508,85.5587487643918,0.1920844717086402
3.2026293677813418,83.71353342347491,0.18332423656755456
3.285709527263354,88.72302073427846,0.014483737000143299
3.4353523495738214,98.2341684445114,-0.04605032556181486
3.5783980130553186,114.88034439482841,-0.047551557350668266
3.4872134572047675,112.25852194767968,-0.002406702079300038
3.3580906906000925,108.00312742103937,0.018459911130258026
3.3287539995940874,99.71057374019503,-0.10290175034201167
3.2174487900748696,78.63530400117666,0.5604072034165346
3.302162006697228,80.70254799697095,0.30737184943399
3.3495307452161502,90.25557447892238,0.10217878937741393
3.365234768118145,87.14266899603825,0.037736814733295716
3.327896542966771,88.63781681663636,0.17292005743877448
3.4720181573203206,93.03791221724977,0.2962803373821687
3.0620832070848514,82.6581165850651,0.22462883282311336
3.240537752530149,85.39745137542344,0.3192472696941303
3.56096314512728,90.43360997580206,0.011165584190769398
3.618277800708487,81.35694204526727,0.09092632361563553
3.589121535959945,84.32073805442433,0.09103666442965438
3.5086043366899564,73.86959971474468,-0.19225894777389826
3.5409444470965785,73.99467541883318,-0.1201520423664534
3.5257954054817233,75.41060368485233,-0.05277793695234623
3.351101368274527,59.54742099406975,0.2788985577753877
3.321145492066292,57.99614101334292,0.32099248432444555
3.787568446517728,104.46764531761485,-0.14573685789012464
2.9961136292664237,79.14525032975061,0.4282915581477177
3.0944185173870187,87.33394491433936,0.2966924778151349
3.190070290772201,80.77829338243929,0.2606420545714581
2.9507306290088686,79.47154252024592,0.31456144082487103
3.1521695243974777,86.7554974064361,0.26364220559383267
3.2701453012923034,81.35827163868414,0.28003710530077874
3.5913846565821146,99.8838985424464,0.19964594543814523
3.2160558796195744,90.819523278752,0.05284333563609402
3.61345667572516,92.3935377907874,0.16939369815077798
3.2933094637383014,100.24690332283707,0.04433922915922074
3.4641592307392446,101.54896339331773,-0.07001294269387932
3.203804342890761,84.55665034511763,0.3825329660132951
3.3072535561070344,84.18114416688904,-0.02121228101165063
3.2719680842831393,92.25577214854735,0.47327130990059507
3.1701614824285045,79.61779684858806,0.36715044801530616
3.111230787412188,88.54758916918341,0.275831166002931
3.3143076963777287,93.48893150266132,0.11494428864969175
3.3096470083319227,98.31594958606185,-0.01602838441395772
3.3071104913648823,83.41898527080909,0.23131327363424187
3.1156842000263767,90.62482174365529,0.15760072752321497
3.2730635956497323,79.5425768874858,0.24565166703538913
3.219578025716695,92.00333027439692,0.20599207778497908
3.2997124307908465,82.83229931101629,0.3258218209439522
3.4436339381268963,93.607103415171,0.2650145170132375
3.3588998259227414,95.94485900705318,0.22293020083045864
3.331174148642777,97.13737735503726,0.15788774165290892
3.1007445013845514,92.91918283378135,0.1437717597651326
3.1871476360427478,93.53621658109792,0.11244682788938119
3.335535125994902,86.56297336127137,0.2700231906663974
3.0693606509917832,89.20225921797714,0.2058570729375743
3.350194805810561,80.83449661757739,0.09954201855219191
3.2771015962610797,81.76919324200917,0.19645116903404428
3.7889832836491886,81.56364725781707,-0.07758321410027359
2.989505617521742,81.54141787291039,0.3871007243255224
3.1734522365205713,74.869925909132,0.37057925116311574
3.476267658872486,94.32891307862069,0.4972824257353427
3.1778787659417014,79.26051907028541,0.5533992440498229
3.092124829867916,86.34260312194931,0.5489323959776965
3.62728738854713,70.39459462669308,0.27347612535176163
2.8037774252943204,83.35580602303386,0.3700317372761426
2.832805421158114,82.9585502474303,0.3634063618253703
3.836955786048285,73.18240228315999,-0.031214052660081933
3.3532292660562173,75.10655621148054,0.08950511705503476
3.5109335615242174,75.85348388076626,0.019238200948443935
3.394431581989064,65.6272145732416,0.05068489462445821
3.3317740018199773,88.0765467234296,0.34795497750099597
3.427856855106908,83.97650498033148,0.1317452193598973
3.381870888758989,82.54962518071576,0.22371020206377495
2.9251219807090525,79.66024138704496,0.10035115867087385
3.4717815463893054,102.68276982737964,0.02234719737927149
3.4223779759583914,88.48365992580813,0.12275148243248339
3.207290402215181,92.3698903862088,0.17194472101177213
3.2444634784003092,92.39290348793656,-0.008362680825407174
3.3295318609812763,92.28227261778498,0.19154662741885536
3.4463534802958624,77.15746495022853,0.08223042159471225
3.4775132166922367,75.11607844102797,0.011941932734720844
3.4999635239775846,67.45219735739869,-0.006938119372084453
3.7965323076895707,71.03522203042871,0.1876635246642147
3.5116339709045277,70.5474280015721,0.3392671046584387
3.2967141104364233,107.17403322691584,-0.012942274537619817
3.6281244753524162,92.81505200549363,-0.038094321675549034
3.641537010977625,86.72079621238224,-0.021001264002157218
3.6876506564390064,83.16308478356346,-0.07184509184814515
3.7580241271527273,84.95066859538133,0.10294145289101017
3.50631255703435,78.07622346688765,0.22593671052028524
3.310674055232682,94.08212803150498,0.27331368513998316
3.1542613189217428,73.59892360145948,0.2935003876373658
3.642156675936728,90.67375728653072,-0.07689843313465242
3.7065287065553174,93.93040903002623,-0.08722304989415886
3.3213156689590853,95.76417982542037,0.0861828783661581
3.2624103329826633,86.19640705047067,0.4464252352874348
3.1290544908947884,81.7893710521339,0.505304932248814
3.347936528390082,76.38048847061577,0.30349505669714233
3.517169176868296,106.35313605265475,0.11915342089040165
3.4329310602711307,99.2522091356907,0.10095675744397507
3.4805353996215107,86.94833889247111,0.1388080304915215
3.475874238334067,83.87050889595912,0.10358476283546084
3.2723299723875927,83.15803643098978,-0.019835305129334894
3.7017628236479094,91.10086923200711,0.2746435911343404
3.453236457531231,83.67496660406347,0.20321387176502087
3.0272041071592497,89.92457069576896,0.28435340548919835
3.1048947365595914,70.50255134873885,0.2236176191897619
3.0236836968133476,88.96878144545474,0.4293642962085087
3.2232587722499395,76.55528877691053,0.49037058462513694
3.148859675274496,86.7542520137452,0.24076095434747866
3.0892280908984566,85.56415502113343,0.08825924655980652
3.530448022398939,85.50575971185339,0.3229142870520121
3.2419005389397277,92.6288847649452,0.3796606877622107
3.3404158766849275,92.60566888738416,0.10893334415694383
2.90630448160303,76.1683450315666,0.44668973040135274
3.0413240338744507,83.36648434572163,0.1906191906884893
3.0203865538125805,83.75125682820384,0.17988905011073772
3.2009651720912267,79.36338263220549,0.5531077231743654
3.1462204871235597,82.78845305590184,0.5378591748874127
3.4121046155625523,104.14712862066592,-0.08351319948757921
3.383061701464182,111.42227038267293,-0.011257881798671036
3.444490015176261,108.79945839834025,-0.027279023969738345
3.47492487150624,83.4472872913608,0.25759338358029993
3.5080671077577583,81.0861454998418,0.2548653943622366
3.421205173508908,87.94755885356336,-0.04923940844569496
3.460057149908207,101.97633672522713,0.26040091348347116
3.1224766300310134,84.31458993774322,0.0015098211832135092
3.5725221277760255,106.19828102764875,0.21521948659326345
3.490351874268552,94.21396841840269,0.12589413964412952
3.4195453527787167,84.81342172120443,0.14779415726676506
3.5685927651959015,87.00953316961368,0.23935805623962225
3.382373874692856,84.92969533940389,0.8154375293739764
3.402647975675,89.65432134044049,0.5448058444716257
3.2607809711478364,86.14320803561631,0.575804577821606
3.169710825644891,85.45894575848287,0.411751128703206
3.3736443756150254,87.40074563506802,0.5297934145213128
3.35456296317436,86.44310883049447,0.48450635322056174
3.4709030387074185,92.79260228963616,0.32730106313261986
3.3541406235712024,94.84377935182631,-0.03445708674315921
3.3008180018494553,96.64283457494713,0.19605442415770302
3.518304658279615,88.02141108321594,0.3302762858488582
3.509449991850682,91.09275636758709,0.23684005653486692
3.278884011642536,90.9732188206607,-0.03999321451039185
3.418144195192291,101.66247950341743,0.18719557959015115
3.4643094417908413,96.76067069364524,0.2925010932113415
3.7638653576933354,85.93690895793752,0.13792844204046018
3.1241054260548196,90.0183017158718,0.28679169591733333
3.27190908254212,82.25062527285846,0.11562045717206199
3.432267651157144,99.07622190832907,0.027598304754422754
3.568149929516049,100.55514657341904,0.14113259950100449
3.218107985881785,90.58485916926904,0.024544573864757332
3.574225547351816,86.54541024604661,0.1903840328406437
3.7063759000378473,79.92444362972145,0.05465621015542636
3.6294120395540057,76.97098524652924,0.1021782453703269
3.695175188711547,65.83901631802483,0.08525753693300894
3.816460439303671,71.06420427750665,0.4221184236658937
3.320983038127612,72.32173709639619,0.028781364114393776
3.4939943687605117,76.03006658648604,0.14558559706647317
3.0424716048065936,82.68108505223469,0.12650066908011445
3.0700696648620376,89.35459616828791,0.2169356042599263
3.387691460553137,92.21007780801457,0.18679202099344733
3.170338032366742,94.03768789869513,-0.021353386826631002
3.2365066178221396,96.28315251203124,-0.010837891238125577
3.327015647547904,98.35058583942549,0.18137542108329904
3.365007619002094,87.82778091693142,0.32882552839382695
3.366416705239097,90.61111088605301,0.44229268508619185
3.553629176586672,97.34520467959672,0.09852012858947655
3.7466421617020633,84.10555227922096,0.24435341660662194
3.3089880640047267,87.5413570535256,0.1427454645686434
3.576259935562478,113.62124043176003,-0.1720639023134585
3.4158280818906035,88.39324976921051,0.0914577086761707
3.240302006895815,96.48230494620977,0.06980130593703696
3.296720347699323,79.4192696833548,0.1442427149218077
3.4699950194648306,87.28105712570925,0.295311934210407
3.2824891760647192,89.25176989712439,0.453589366588449
3.4772078898597356,91.11154585757444,0.570215840833537
3.3866413740582018,88.20926936365906,0.2533593341121292
3.217349959010788,89.62389913271782,0.1664608029498957
3.3697505940349086,85.17580699513285,0.2304333533075854
3.5873875348072914,101.09441752814885,0.047554282649192946
3.017012691238559,83.9043103862656,0.2438924190734201
3.0806393586045253,88.10453162763616,-0.014561375131172878
3.035104538406333,89.04766061224831,0.03884935934813508
3.279527538614228,89.89163366793137,0.108517932625231
3.2859605167100536,95.024005339422,0.1318268594177436
3.2299544035336147,96.15848432368041,0.15876084554310568
3.4675997194816404,98.77499773041532,0.2787077424709807
3.2925303387070217,86.48629073695253,0.23705568755994055
3.290514180860449,83.57071529150232,0.2521638978176781
3.262947434210168,88.43348712063064,0.28151951452924323
3.4549459932761937,99.42827163717044,-0.00356237524825992
3.4409588071071497,84.4168452854481,0.185105214574437
3.3379085338553316,86.7165246715272,0.36350056123606717
3.2922410410024017,81.58641305020055,0.43418494890602266
3.136780261224303,87.65140596928862,0.02569945196601376
3.1134477705996675,96.3903232390361,0.030013823152501586
3.5199707306059724,93.49380027193719,0.042937251904715514
3.555539276387877,94.86216504665069,0.04419612680550275
3.3079675528080457,96.16265794791836,0.16409444696869552
3.203607271410385,94.00254594129485,0.04707464578420348
3.666578016756079,94.44707340098277,0.17978028924556314
3.118495768373458,90.40778481088677,0.12583179038667547
3.634052002977022,91.36230561756649,0.22672344753790225
3.504409208108378,88.9019901595094,0.1558094279517988
3.551025991994779,88.8063591791521,0.15135913590960146
3.449492869405834,94.33944459602888,0.21921310128995086
3.5654015293441006,77.34872511601296,0.2363881096548937
3.1077214572548346,72.59263116380535,0.13095137776915503
3.286330097485078,75.99873842591482,0.19270549884120047
3.1526776167412307,97.89822702947346,0.2626677528482991
3.581059769918892,84.1518765395736,0.21338705160520696
3.265929832685843,98.21058328989798,0.08402336165326015
3.4546347408344875,92.4984633045195,0.09730761752744056
3.4621420235653546,100.76040698385806,0.11228969834412901
3.654211956576105,84.65131823884036,-0.09107701400695448
3.560444959136531,100.69786133926723,-0.040163646877902554
3.707107803068839,124.6918133084667,0.04044165150851853
3.620135586167105,87.60949131253962,-0.008636791121835132
3.539670258548488,82.6523995282938,0.15846281343213578
3.707840328477955,82.18257663645532,0.29598443519182316
3.1406752088240717,82.602986612408,0.02468566260987904
3.560603047902452,79.92446412031259,0.11671657896372407
3.5432887150063728,73.43000791636433,0.10072175688492281
3.4346995716373994,57.19966088599764,0.2364054667665857
3.42810734171893,55.47612664271813,0.31707681959021355
3.3701866535873766,57.69254069240345,0.31109224982174755
3.440641760030922,114.3235774436673,0.10288303666080688
3.405156639947706,70.4587943859959,0.12040317553948425
3.3746657980625234,66.94388068711389,0.14820162424621044
3.512512744533611,66.5828382385135,0.15979655744714014
3.3848328834866126,59.55293197928716,0.23577742544374888
3.1503307867182553,75.6671667751161,0.29613993534819594
3.32043622041035,78.4898904314363,0.22233143193416585
2.9358142004701597,82.17981795808471,0.3134253513500576
3.133743297116503,72.12081421773219,0.3849930802645522
2.918520096798245,77.51018256382106,0.5743237615287952
3.2717064919822043,90.77250350341787,0.294463217505399
3.428304425927352,87.65181246822516,0.2608607074062573
3.3184914160681727,95.42587295958018,0.27527945377342655
3.546018362094541,101.48190435246471,0.029162663810587696
3.343823891346904,84.53487006405729,0.48194404663035256
3.292761321958307,86.87832031134461,0.3691374370371767
3.3914079922435345,95.01093030844454,0.0564640310752174
3.2001587192804712,91.83061155634796,0.2560757697751562
3.086994758563185,85.46552513622241,0.0789719859228063
3.4512152474474225,86.24125105324005,0.32611922987199865
3.5114182193386476,80.96482078284055,0.22959639640555
3.4112014038778797,100.18607424899274,-0.08023371414973841
3.615248905120532,100.66163142826709,-0.012551770012643728
3.05851895228625,84.57681671530608,0.2766107729618746
3.6312790807682656,103.57079333464698,0.03330396456635294
3.441834635273471,96.84094888132915,-0.014777465933037708
3.6372461795764326,100.14551284523928,0.015927010106058605
3.3118634918503074,94.76314403888014,0.05738864122947597
3.1401947335869296,85.4698390380227,0.38019073630657946
3.23181059948202,78.59043827284569,0.3312732747924837
3.0857803114163045,80.69737373130566,0.4280603181333433
3.7211252810088244,107.69671625320218,0.05112578618916021
3.1356795750921562,84.51279705716205,0.03949062013295283
3.4658707650549734,87.94298705863078,0.1837176809071188
3.688516011021884,86.94119699477994,0.13947402334286305
3.6390384754054588,86.96152664822267,0.20546815558053058
3.108981444206032,79.91563463814191,0.08035628134152076
3.375929108049927,98.01553599493425,0.2697064005074798
3.5400285982757147,94.46449021635874,0.16544327369915476
3.27030672614604,90.23677663273715,0.18633978219374434
3.621471111489071,92.86635461149405,0.01674582260466508
3.5560938128972848,80.70113336840095,-0.1431635604201279
3.5984432314472676,65.83390982846022,0.26943546171711596
3.4502425498431775,92.83150500968229,0.09411857189325931
3.4515181551722973,86.28422549934537,0.11910068037258585
3.5305315631402467,90.8796926497943,0.10433169065299903
3.355906942781179,96.73674239775903,0.042841311408385235
3.3412827565440293,86.96869128623324,0.22319850555688214
3.3813964031610744,100.67365537704866,0.062196362294535776
3.377238896409544,97.00517360283915,0.10244951587544167
3.442622199229929,100.74991486590535,0.24489846195123824
3.3718680383700534,95.82762209442383,0.2175095454912797
3.4221733803686334,96.30798472162472,0.2230011097796327
3.537789829070183,88.6955862318343,0.45838479926732734
3.4492024960379046,104.15285555091145,0.15436458911025547
3.559383398463712,94.16264550851008,-0.08389874066981506
3.3841532329110544,105.42333830725046,0.05905699942795101
3.6757787487297064,93.89631767259534,0.04525732845026076
2.9624137888780218,85.18629874077294,0.30000593679744575
3.171721766546589,89.97150116702139,0.23532372497314832
3.4773935532047644,100.43604840380011,0.06390708531085615
3.3745813502457973,82.69068495855002,0.19609191907185564
3.2393322397741833,87.06957929290058,0.4972299896472848
3.377407503106725,82.47502235728437,0.12726250578784934
3.2946129659334784,85.1820846210118,0.24274641663822955
3.4464321024956677,100.50619618235858,0.1801795574803101
3.539398065050313,100.32253070987657,0.005331039432586271
3.6836118503459545,109.3194951548491,-0.00703561397537438
3.737118568830049,107.81320850639686,0.1274656780328048
3.035182836195495,71.28271901918428,0.2510643950059682
3.2414979237099897,91.36214754437792,0.47479193806040054
3.238154375584054,91.97693619376444,0.4923347070739764
3.339694467211288,83.03258367040982,0.011594888398534117
3.621818717959217,111.41733863970187,0.043536746394495486
3.12820447366981,77.27694179015757,0.25900672268073177
3.3230268979606743,80.40229880965514,0.4261472283079863
3.148201173265675,92.11589114471181,0.4413597202066308
3.1449508366607164,72.78907215077294,0.002980311591278394
3.157712675392425,77.5097948404838,0.057293175993315924
3.2626081395182704,72.02788274237277,0.3487286374968072
3.2499747237527203,89.35424109558068,0.49750975417867666
3.3170059952830733,94.36506690853231,0.38636731710323424
3.341800725768516,83.1509711296393,0.17344951378727935
3.170006887825461,91.84068411767362,0.1557572673432704
3.440476884086229,95.30599277385213,0.05888330853325504
3.482480710150617,101.5642971864048,0.32019882037407466
3.767650460004585,89.64622381161608,0.2606691430442091
2.9039987261760856,90.85267325007345,0.16230325748856891
2.928234030643954,90.53118399592677,0.17289003406047668
3.746967855985754,76.32436063273157,0.32340041311538104
3.4166919733181618,80.79532394696162,0.03384208176606925
3.3561768074544145,79.65928175972944,-0.03204032278637496
2.9091260557724725,82.9246271134903,0.537934142899975
3.1671586743204143,78.37137709271086,-0.030930998051180273
3.235921659613915,77.71790533396648,0.14289811514212636
3.1421262800843555,89.86769371015849,0.26214269982188887
3.208660781827424,91.80778779484258,0.12196211527097783
3.1239405050324325,88.84603860945265,0.08949769426521346
3.7527457789369647,101.01279787074216,0.10139378388383782
3.4658706417889213,99.99281952143097,0.2144482005814503
3.2065622769512236,89.99986123637046,0.2216590737648023
3.642123485243078,87.61563643366355,0.23059400132459565
3.269050493880228,82.66431608933372,0.15798783658613322
3.333859891278497,94.11610746365812,-0.10264704934120525
3.3861570966471515,95.3524952372768,0.46708361959499484
3.3293613830542825,89.73015508578901,0.5222436814905617
3.361455810029114,100.52954005153981,0.12388594246319519
3.587926939240378,83.16777175008001,-0.18718363272743926
3.6174954320942194,84.49965320412517,-0.15706595588293557
3.447027146065565,112.12700740345889,0.156995545819079
3.455170829418327,113.40724378121377,0.15054399770517377
3.3952318156070507,65.91751189143585,0.13117857051574733
3.515158033124306,64.02081889028054,0.11695665422655102
3.503843317065927,63.64450807478476,0.05522524251836975
3.860309229425858,76.79873342697584,-0.059577479930452475
3.7892662932615333,74.83130256672482,-0.05529281799887327
2.956204292001352,91.165911408396,0.30033453451986253
4.172180120874481,78.26652204924271,-0.13708049634076658
3.8341257238627384,94.35488981730785,-0.29030807253260854
3.4178548745774737,91.29705221835417,0.18153855263520308
3.5084648039008175,84.96739306765296,0.37882243718106456
3.4838323164892047,104.9822141414238,0.19786934136701229
3.3253642928568286,88.70176744412561,0.3078107703525339
3.391199613803436,93.47446847195593,0.33387022228103547
3.4392841691982063,88.35415483288423,0.2101533289273904
3.3961256849403174,89.5862800119133,0.13843302735982632
3.4127754730548125,90.18019135437567,0.15043034036575328
3.4203044050395617,94.959891219346,0.1987966319276023
3.284619267357286,81.76482086949392,0.19710999212079958
3.3650653016658203,77.8467603894156,0.12284583719259358
3.339389886064129,73.19058680007902,0.1847870017974048
3.3708873081530775,78.88248451205047,0.2520494311767078
3.4202872541804035,107.03681263076795,0.057139327515084944
3.436775477685855,98.14145895142512,0.11206776975222124
2.864234448101116,76.18162858062992,0.33074948012035615
3.424922655877152,94.50243191902027,-0.01163041435522245
3.0353571761190596,76.35158314314646,0.3137351268380259
2.7516016488742348,78.94754734927132,0.4114781847073386
3.643945303404787,100.713979493757,0.05555785506615217
3.5958813316059945,99.13407700075308,-0.09342187853922694
3.6296133799339656,100.70492781188742,0.2222800563750882
3.418530890842742,98.3409292147838,0.22713140280966154
3.3514142058869125,90.09864064555883,-0.004357359402731596
3.1867166673623424,95.35593134391779,0.06421514470683293
3.643268915555517,78.17884593325626,0.23327747469600163
3.5437198231189395,104.49413123324011,0.21374107151679073
3.445467791182789,95.32725405458068,0.10465375208583708
3.3372704683474197,98.91972838386505,0.18959824515443316
3.3085610292308334,101.75295929914685,0.17119807736201587
3.5985179140108263,94.90530121770772,0.06475285395874958
3.5306222384260693,62.11884769852016,0.09170614117305914
3.4653720863002295,75.80886584714226,0.16283472800797907
3.323818161913273,82.23025095955862,0.16907335500344498
3.333634307620134,97.7548967536088,0.24866509080332821
3.011074128559127,76.19993140054964,0.3478123718827051
3.0737169075147417,74.40479463989602,0.3267578543741447
3.1429835022705648,76.72898250693375,0.37505310074202935
3.0893436440370423,76.03346239862387,0.42842140796231093
2.858436754290935,84.4564147415167,0.14379125348720162
2.7712764482099863,81.58112747857493,0.24290167170422317
2.8195393187975535,82.43927427311442,0.25844237638918066
3.3264338785137393,84.03319671710848,0.18851136931070733
3.409113059962163,102.33193314501439,0.02640223920782477
3.369797536009964,97.56907314219303,0.009073924189504548
3.3712492418313844,102.40755566403567,-0.07248145734235419
3.788528953136226,99.2682624370702,0.15151655386421
3.5413073102711734,105.97470093535198,0.15255385738944316
3.2780553542187847,73.38511065801498,0.12629100045803643
3.271176824484102,85.58630156942799,0.22914439592748073
3.418003578047302,78.68387046452649,0.3229033925012957
3.420581644796935,78.68063502847517,0.32846185688950735
3.413454585604593,88.89290715958656,-0.13642918851223507
3.3757138492430596,92.37730344334692,-0.06829270142025197
3.450209704524553,89.3819374234613,0.194220993919467
3.4008984273180847,91.0681964085068,0.004200418906154301
3.3538448621564196,91.19780784384815,0.024971161109425932
3.321051104834024,94.92364525527793,0.1336683585815046
3.359780856057219,91.69748533658456,0.05567649570718977
3.2497295491338205,91.75576520396837,0.19490115541844358
3.1998742905516298,92.54158350644185,-0.0012783655730706795
3.566195700658007,88.60969163276864,0.3329614551522398
3.078174685692456,75.89519396960101,0.17782699340296965
3.6120965210191582,98.91338033603489,0.3508448872778608
3.162729509408256,88.37273232506487,0.3262196709056265
3.316188963542076,74.37894741148872,0.021046028527620754
3.3059007198835935,93.26736641317,0.08066577247490013
3.200680172390195,93.53214217801998,0.19141913574851865
3.142184599891398,85.03641864493254,0.03889814192177666
3.17397624947082,85.18661816950058,0.04788542681841533
3.424022664922275,94.2908892452849,0.3367268823817244
3.849049303128159,110.97136369781293,0.01940396642325867
3.7671208190149468,88.72394737362741,0.08035084474018156
3.817514634333284,96.67951147860245,0.09988585228904932
3.549239624839916,97.38665277612255,0.053831640158285635
3.223978611854147,91.44887939712602,0.020836582660291664
3.1970607649362064,84.2452065405457,-0.02311015755119375
3.3438490550973707,80.78560418686087,0.3491638275976323
3.2957212901850292,83.77677944781294,0.3320648502553495
3.417355875307897,88.39109142941788,0.1884012219692112
3.5908259452150455,93.2893690997269,0.2615035138610237
3.15811652214228,84.29584735301407,0.12036989124893128
3.258490370889547,90.52814474330744,0.3179253655410901
3.40282869712916,88.90310337988655,0.016814574143763004
3.3071277957516023,99.39442111375092,0.07702756555281728
3.4691219659153463,71.79363330059583,-0.07310155216210668
3.48940822009897,72.1541892127102,-0.022450923307676708
3.838764996576518,73.16877597393983,0.13082775285885
3.6033517842912164,70.63968301332686,0.308601478564214
3.489527641564438,78.8442434552515,0.4091719770928433
3.7867969200462204,82.67815597880265,0.40421035705491054
3.6415794501215495,105.88122878700935,0.3794371340847469
3.5868205953423082,109.31911075022657,0.22607414751271956
3.536889506628896,106.92112733265826,0.316819963062741
3.866335881222163,88.31918617190895,0.235168074798643
3.6333726339829977,109.66660857852487,0.06584485124753839
3.553370640626586,96.85248844394599,-0.07282584696144663
3.333151036162897,77.94489278908377,0.2460631636171102
3.241768898821301,79.20329821454237,0.2408302631795797
3.5353984238227416,87.0772517899164,0.04988633108177522
3.343953208979099,90.613432026153,0.02092017389910603
3.158114314633685,86.6451857539708,-0.016684477617808537
3.414231105518611,66.49219204253994,0.47291969058191086
3.4219229812598586,98.43547706537645,-0.11890687458066619
3.6089996370848043,99.9199276572185,0.22182730262570985
3.5244679301276256,87.85586719545523,0.11842497939180674
3.2607281250193094,96.88849526457317,0.20559415671266382
3.531289654989402,90.74503058364361,0.013013621939367812
3.431426098317186,108.3534021291311,0.0031686614082295423
3.4165571782254776,90.58552818488499,-0.0627668365384545
3.4835598991177594,89.31466148108342,0.3710229347996704
3.528950168805583,84.43164906921584,0.3020713271316562
3.346689096252194,105.64018702057542,0.04890455609599176
3.490478862087365,92.56777190184803,-0.06538062406306795
3.7510114799263,79.05705725365918,0.17393855491783966
3.2323223105101726,77.62991669642233,0.009268789765639699
3.179287399652583,92.0096323952758,0.32068137549677445
3.296776792292571,93.94589225007489,0.22125078032770198
3.2136846126526564,97.70900205630079,0.2436631023715206
3.1977538789152815,98.31345043910028,0.24910294763412627
3.1948532744041267,97.67367986964884,0.23235088309516902
3.1625522792688625,98.61734576756702,0.24885222828489556
3.1811418513271437,98.26515071738515,0.23176329381582908
3.360641353260824,91.11952030665543,0.20954266714169537
3.317944116546423,97.21138448567841,0.15618699477830247
3.0102997422830478,78.48324409166717,0.3643405423343083
3.516712245789582,100.13492696954232,0.210649931103828
3.5236640013358143,96.75437021935471,0.19448606563124626
3.4463177751289447,99.20411299236223,-0.05162208368160121
3.482169665278263,95.20190652364413,0.23071148356263332
3.662380515565277,92.80126006168864,0.29125196556453675
3.4900317885801373,98.34334566039398,0.4392820751375968
3.756073839138153,101.43738266591377,0.14052952973382588
3.5858932211985746,99.0679333811246,0.2704861034769286
3.572843896875636,110.4331227159932,0.3116991291363627
3.5938506998132307,105.31272268933115,0.30898603828009896
3.4010313777582932,81.95009048263589,0.45923085086157794
3.2310976667956828,102.85456266635622,0.24166176505191586
3.299131115401211,66.34249989447156,0.35795251624980984
3.0956172185520137,88.05314326969808,0.551522790656501
3.181062718712242,73.3182041082789,0.5347922129142304
3.226459066089925,76.83284916694437,0.51905666868813
3.000500659723298,89.94444072339905,0.027740333852011318
3.154343126330605,94.76430867368907,0.1444397711472047
3.1423783216151984,78.72472243507691,0.2119382571668729
2.9151757349652088,92.73503450091523,0.2294119752433095
3.5174813740106226,82.64343348901363,0.00895659760956795
3.475112291213519,78.28293023889668,0.05258515269760037
3.5911296195556504,107.67754828065362,0.20833182696082503
3.5790065800005944,88.63563881824142,-0.014913312551481957
3.465950177285599,91.34596207905736,0.08251072807592243
3.3513878222409414,97.93105323193458,0.11596409751508184
3.624408921867408,96.33026429590802,0.23478170025163075
3.7074839379554585,119.45366519792148,0.1769566195268028
3.566643021358474,92.78248402137287,0.21502938868370053
3.5628268801555465,92.90786712758066,0.21428749724624813
3.414484707463337,94.08581873907949,0.09847356596580223
3.440585751692009,96.2962305906111,0.21289190328973856
3.072673945252258,86.77370023683248,0.2142574836253559
3.1210494489343277,84.8830303462021,0.2893653561838417
3.039193522839527,79.98511323730665,0.35151955815314007
3.5954794145894713,104.54313059951376,0.1090439750696477
3.811467327276393,98.98563381403234,0.5552063583561847
3.294000423200036,86.28054174016042,0.28805753931357747
3.1734463450119312,91.6271928122282,0.10283185549941486
3.4264443810401617,91.86599511286367,0.23145975171613264
3.6563825925792006,101.52804580798458,-0.012064887264929332
3.172367821738,89.28140071979922,0.1776253535381327
3.492074624982456,83.02970128472158,0.36445671474945934
3.2280978857183658,100.92031454207944,-0.033461028691883374
3.70527345317039,84.5425387920576,0.23497802004790075
3.0573753016413825,80.68565578003376,0.10716626964481653
3.6397285060561746,108.51186747061064,0.24252157688174295
3.1536326446798646,68.03070871947138,0.17466719447335932
3.240460768153128,75.08090847136484,0.008996227396233103
3.4997469976863784,94.09940510853549,0.02478942999673263
3.5509231381581587,103.08812840378667,0.3039830423529949
3.589929478075538,98.10390110553617,0.24539365989784548
3.5635895556337553,91.9327855275617,0.29513089940009307
3.5563302377209043,101.76362831158015,-0.1349600055450385
3.3719098269708048,83.71110784506884,0.3643691145988696
3.271394061493621,97.62522187824837,-0.028594477480657195
3.6456065662169093,84.82388120811319,-0.04698419053997032
3.6129072086667637,81.99301679066714,0.006808814479690409
3.6639694644887175,74.639014475008,-0.061282774697688225
3.4059595646978678,79.18109236719685,-0.060250072785419495
3.703649964506208,109.37515257436635,0.21983959433070002
3.543042404835022,92.08819395673805,0.3409168153743209
2.8921928065728317,82.63888388098346,0.20480529753909446
2.9562140960854615,79.22822389068942,0.19437145078457768
3.01781266267702,79.22850229673004,0.6168551641486426
3.295922728000297,83.21841460597632,0.4055043855406704
3.5921943624565738,109.00814501924168,-0.18872577419786252
3.6111113968127686,107.89231072710177,-0.19493542083136342
3.588328386413731,108.95986963681513,-0.01401769410303904
3.525748448110495,99.75653111676266,-0.009383267072707153
3.663227422452717,102.5729765322024,-0.00023306488147660192
3.043086280541536,73.92765487176058,0.5619585340765906
3.0554156706202047,76.296497533504,0.509184586781763
3.183343818462151,92.28079756056927,0.1765243271240471
3.4171497579900385,78.82779139296909,0.44820177037821235
3.0041762282101065,85.98066088481198,0.13544052539335627
3.2228354348514756,85.09619426367404,0.14666563985574632
3.5501730635071342,96.72505785118041,-0.07756031520051272
3.7541434687114723,108.52321702127692,0.05685421587406637
3.053327938817379,76.51335236699715,0.2847421352432059
3.6520961512869814,105.8989725237874,0.11934283105886395
3.249051850571294,79.33629061308338,0.08833672303479809
3.3585998702285913,80.60953007842484,0.1523674240859534
3.4267582440875604,78.5769432251386,0.1455231751797392
3.442735819017346,77.9601498391558,0.2044216224908703
3.0812799803942497,94.17338912646316,0.2524214520566768
3.205985545445976,73.21723693501167,0.4069055794230207
3.3268758654154316,66.5000616172362,0.2259221385373406
4.062600394656255,81.87172248495207,-0.19607731432015962
4.036450597420715,79.10007127315316,-0.21243680737584697
3.774764618610633,91.96416123367858,-0.1702543351299548
3.395838814948071,72.31929724170753,0.27987193270454386
3.551583045543317,98.79544689677759,-0.0180138093945374
3.4507836220692782,94.2801218475873,0.23641192806428776
3.147903458276424,86.562338468826,0.1489663108980905
3.382154222603822,90.63466611089937,0.08718317926055229
3.321482843173987,90.20957012260592,0.171470008195097
3.23381856368424,87.9659271956617,0.09893780231142049
3.5106034222561386,91.57725657584822,0.22256503446184991
3.2174050156682905,70.20593764332365,0.417708344445707
3.24323815004524,68.16019398956362,0.32780002096044564
3.22520598181199,71.09446650424033,0.045646912997500656
3.037717287180552,76.7821761758193,0.3068037524858675
3.4294353344782387,88.50756106345418,0.14683621927894588
3.1067061663233764,90.56992916953872,0.2569220465722811
3.155481858631555,90.79192470819197,0.23034757706680384
3.343401971298576,89.6081050726477,0.20019377969177063
3.4660374595980765,78.56839973877291,0.0033346330016915645
3.4662526811922225,78.47155120411561,-0.001547902964630227
3.465585365194513,86.31522005206318,0.24191556703658373
3.447344799837904,91.54307592489596,-0.012401657858522404
3.477927532280997,87.24858335821664,0.06574231629170611
3.5329097522247928,94.59548850827629,0.06397636277741572
3.367801437685815,87.07914608049691,0.061684374564513714
3.367494810302258,88.74012095208805,0.07683864623829788
3.5038153745256646,106.09668396764944,0.19752671368285069
3.3935444650734263,78.01416090684938,0.00995233724514887
3.4552156890563013,77.04276432801099,0.049372715975291255
3.3564950219071417,96.52960403964587,0.3817739899484564
3.557111408163161,90.73512192680515,0.2814695506721684
3.2707983672460057,92.74278657325065,0.40612829938787975
3.8238127375141495,92.78647014502262,-0.02375609476300209
3.673195132623801,99.47413448850878,0.023514527376907676
3.6022268100685775,97.92819937105415,0.18396502372504822
3.230349784403568,98.02918146590626,-0.0927682970910154
3.2497879885867516,99.23064410183893,-0.041590089680435954
3.2794661455355003,93.62786087408769,0.06080181704723477
3.1992382382387414,94.97906408974639,0.07457042976574747
3.0233492328553604,95.83290318844905,0.0355296992241955
3.07507854299032,90.80728824860377,0.01606063434611987
3.1351117284763474,89.05879985909414,0.04202222981835405
3.4388064404936833,75.56306563825846,0.25632209871389483
3.345174792058717,81.95183197025418,0.1109418087396754
3.1761634392154847,80.70414612858956,0.0058985992043751
3.294972417973417,89.9045304849802,0.039382024671759254
3.487839080577985,71.08269857108762,0.09691589067713573
3.4102083010655773,74.4670960613954,0.1789120761887679
3.601024514789422,73.04818223111829,0.3069299012227003
3.037041137590705,95.16978859917282,0.12759084007544147
3.21328070005602,95.02158632035514,0.09284606807853814
3.622155898503879,101.10574886762232,-0.0058092749803883926
3.6412822935128695,92.09078295623051,0.008355767799664585
3.2804217095254904,75.19650732732836,0.23315011600752286
3.4346225084790016,80.66366378031091,0.280238722609067
3.476460087564422,81.88967996532253,0.28828515477632305
3.2821585030376212,78.39202878524762,0.2092852526925084
3.190117790971549,88.84244273230239,0.19647442855092528
3.4087795472876614,92.57984804766734,0.021188678810926585
3.3753631494513674,80.75073920738977,0.021768345594578534
3.479074314595821,99.58892402247979,0.06380854913821135
3.4550158001059885,95.93900437718092,0.10361745159195873
3.5325927310525826,109.34486487449568,0.10772240978037155
3.2155279791807856,80.46586089996251,0.27179146855901526
3.283509823770708,98.19044423039122,0.0628710319061356
3.3314826480613955,95.84665208999199,0.08258752830746185
3.3529275894899664,96.24998676732304,0.058817068654205405
3.5312394830356624,86.84856243133821,0.1323361748598581
3.1459451968125345,78.88922243863209,0.3241796637182758
2.985008137734724,87.49168441840436,0.1604760052138802
3.324484181335935,90.94395698121669,0.12136197929124347
3.0294013458582887,87.25263717249699,0.040922022557691576
3.189372428865563,85.93893472309654,0.11072470617842448
3.4076817333939564,92.35829757243934,0.2153965489563235
3.6507742255514435,106.59588458254865,-0.04143309339304622
3.3504718174222288,95.88692898907436,-0.0039505235958825985
3.5272550662736037,93.77308740181013,0.27710351293762464
3.4611155091832937,92.53126305588509,0.5533080757698958
3.749038341009167,101.44341456202226,0.20606200497878005
3.4666230276519956,106.475160490214,0.027963734178966238
3.4620659875039417,105.48774367883482,0.0105151213623024
3.5078191532433767,109.13981787797167,-0.057216994950384986
3.148858142606029,77.27136656474534,0.3015151686087711
3.1702633928229442,79.56271737415466,0.2661648573149232
3.2783079241130486,83.8852554136259,0.1685526106446314
3.4351676313932202,82.30414816211784,-0.07869381124727065
3.1446377020881964,95.85868225028777,0.23379605621037008
3.4723661611408434,84.39100999361199,0.451738125177991
3.500056493812612,85.01026694971729,0.40469186809299457
2.9339212179720175,76.83634497190661,0.3322149327346587
2.963124904663489,86.60353584109825,0.41259609407728104
3.2203394740766047,73.33988939475847,0.10529230554007694
3.555437949121619,83.27269659107859,0.14665814827727397
3.2138142681155304,82.77130108104072,0.142696505123951
3.226201142350942,92.26781899746821,0.13553028903083522
3.534427062173519,79.70754310207242,0.2228405233910398
3.427649073450763,91.8594319038733,0.09177998028223605
3.286226107143957,94.80468737744903,0.26303577878610285
3.389715052065234,99.65212004779323,0.11240584385109839
3.4605645558891083,80.97152212965833,0.2253810167053051
3.4091201853281565,81.72959376732045,0.2121336213374013
3.2293051388342104,100.28416547862507,0.026912241748007503
3.2032622135558286,100.93180269131422,0.04256241779426099
3.241748056896973,100.48985333228127,-0.08691721900179207
3.384536068999082,102.07180228200856,-0.05047748225803116
3.3643441998871,84.6733552638716,0.3437767335906109
3.404801615153665,94.27040516877463,0.21809803896795374
3.0499272809681766,74.30798031107948,0.32793717888507595
3.188299778822719,73.62366048207159,0.1654131480091516
3.6433722470751597,84.44627391970732,0.1043290179332713
3.275415473367616,66.0908802489715,-0.010813590784669584
3.32695454007135,73.58778481760118,0.3842169201525256
3.515363081504763,70.26344165152409,0.22565535520650884
3.4409463127004165,76.02729906515376,0.13480726604182372
3.289830336169707,62.071802460137896,0.0744679188449307
3.378635649810516,68.00268371313865,0.08649651114066789
3.704394848618433,83.04985138361967,0.0585698838623976
3.736472277234744,85.94352901280634,0.07069095006609485
2.9740501483499218,79.11645971445947,0.18183052849974304
2.923827673039511,75.91760446588906,0.20705222467092496
3.2173067474841965,85.79539428216485,0.3621547032493035
3.314276396559988,91.7506075206879,0.08077659797126062
3.20170792143035,86.61457787028476,0.026655883430826033
3.2509691439222452,84.44526879367272,0.2562822790044339
3.3130042178936487,91.6354783183704,0.24130624495711636
2.984588766652701,82.1853779563074,0.34869739427465046
3.379046358497729,80.4027289199517,0.8286812961673901
3.2549174491225052,84.7427256065582,0.7802186037378254
3.1535577166379576,83.82164395249114,0.739709463044029
3.1918374325060026,80.18173585764265,0.7316806606755452
3.079973246191534,77.43998363517203,0.1461207731611084
3.1518899067139228,83.6731416521539,0.12910718324817205
3.5951866090796836,89.01255583611598,0.2955666458244519
2.889564029573952,83.19788840853046,0.17503492652455896
3.201316814425181,88.95456777834877,0.09698588460577486
3.386013791330335,94.98179504868116,0.3050326531620956
3.0502836104983992,83.63426294252996,0.31196268827275725
3.8414793555529876,113.38421330908817,-0.09808514159465628
3.902603062068979,110.84202967219498,0.012428377095314743
4.126693837610138,110.76191293173646,0.05095057376022769
3.066428895264114,74.67459985156059,0.6015660830942952
3.0653581640610295,81.5405341153329,0.5247237825401584
3.0924302111404716,81.88813141245554,0.37896618391128106
3.10152470297813,80.85613448336693,0.3697840996576715
3.040919542865054,82.87763835827606,0.5447439592753492
3.265044891061291,71.50086996894763,0.3342247451981642
3.5373804070191053,79.7456803912633,0.4835926773064173
3.2683527498390617,89.80752498853485,-0.07026871156963534
3.2809610878076128,92.70049033470525,-0.0547861316987766
3.5705777730834187,103.37323268444568,0.19060414264802597
3.4379599655916193,87.23240992699164,0.08740384225546044
3.369557021644704,103.8359986677552,0.09875816865256128
3.17409521977906,98.30367020377896,-0.05307353497454111
3.8737771042610576,98.54625850006651,0.27373202182284395
3.0024095348871414,91.76778173387451,0.013231004335654486
3.404919848579155,101.32656906096219,0.08103681206040995
3.2655859295559027,86.81271599101484,0.02738080343010607
3.2237723001078735,86.93430037770007,0.32377834017010815
3.233333026294076,88.61075876208851,0.42023634999460113
3.3733240739619683,92.81064922243887,0.23820526847888024
3.5097829070370072,95.35642683620819,0.27920178974755255
3.048694823919262,86.69731102947074,0.1241175446535588
2.9782131415315667,80.94613510414834,0.31422723311954204
3.7011148257981907,95.5980113294782,0.0016486523514961263
3.501699643031626,110.96879764494922,0.2790784829139191
3.496398332216905,104.76190902093519,0.23444075088431712
3.45128191341492,76.99273076670511,0.10703693918821834
3.5524157590976366,78.66476884736427,0.24185320894524795
3.810043619919368,77.77909135065832,0.19296919922929273
3.418440542598675,74.00902309077337,0.3839253233083702
3.296081860105669,76.11474781573426,0.39055633707518705
3.442211590695392,85.24956279032202,0.4477904647285822
3.3319768545084,92.02562856497806,0.5018967515928067
3.2173090399813686,79.0301596616452,0.14589856587614222
2.8633291465297117,74.89256451249302,0.1846185422361582
3.350959222808085,99.95990072555463,0.16363271048343697
3.4280098942537824,80.31686224026765,0.17066159410684043
3.5763013934385395,104.61497014136894,-0.07938944853081288
3.791581690171597,102.55886669880675,0.11450509386474843
3.70533795848384,101.01316250081413,0.031136604268750524
3.5861602369433294,116.41710519886682,-0.0841422762135384
3.477090262313549,88.53992384239986,0.005168401578709469
3.521074319113601,92.60560961685485,0.33347604460899793
3.5358249050262627,85.56593549480588,0.23248962781210478
3.5305329105695824,85.49497912877602,0.22767768886363934
3.6076197961911443,83.05674241633409,0.3463875870852022
3.111529434263449,81.12909950862029,-0.046355219318453836
3.23012558115042,87.23625032798861,-0.019733535247053593
3.2503362278647474,88.76077456333161,-0.00062254370411857
3.693122187458757,103.93026310580683,0.2323060206208568
3.210537359594412,84.36248888433799,0.20561383094540647
3.3059702197269774,86.48545583801437,0.03480323336052015
3.085750306305726,70.64914047792766,0.37194814005180704
3.0283217013337587,72.08286256201458,0.45920218575971233
2.8450156413349172,73.45485952696447,0.4705753382750468
3.313235928140725,87.92842895567361,0.5302774268365558
2.946209229666406,78.92230671110232,0.24984007019292226
3.343488308500799,86.16552489212661,0.26770084164507435
3.6142636779342228,104.10883115957662,-0.16385942353565935
3.898628433664687,94.64797857437334,0.018078428464245743
3.7696867616083973,96.46331824112639,-0.10343120244478045
3.694364942132611,101.51486617916801,-0.07988019435352132
3.206474208852545,90.6908166237163,0.26670012202402493
3.448725090572969,85.30848183894291,0.3605778958057124
3.542191577125437,78.7766353474086,0.26600645673899037
3.2342935560451034,78.70927265366956,0.23871802021718935
3.443040783628263,77.53006731347132,0.2671200471470466
3.183409088538487,69.55778848363343,0.13767414944624845
3.113492322475616,66.26870756804448,0.29315583789367516
3.554963131856575,93.23841125970735,0.05913620403617427
3.537101140237921,96.0076982129863,0.1182400955634899
3.35681273257107,88.58640317380042,0.2165870497798708
3.279327077523128,94.67688450426303,0.05093100612129651
3.405281631959239,89.67948784865676,0.07340279332356493
3.3481780906688723,83.2702610983638,0.24343828552722144
3.0087414418228,85.43706983608293,0.10285366066877855
3.103713344374256,93.13514686616084,0.031220905230417647
3.5530217518202516,89.22412533822718,0.3857188076085275
3.261948568820621,90.69663611760946,0.3347034076907474
3.4582035527986608,95.95901390839494,0.112530274570017
3.2835389906538404,88.87516300613922,0.3048035772410872
3.332518111787664,90.75163594144921,0.08978688679916491
3.7224965001796178,100.81842469567154,-0.030956562098775193
3.556859158742444,102.6336470529627,0.17558220660221494
3.409366195216281,96.16083950622732,0.21166707274319926
3.2710412933897657,88.9132065808856,0.13008508891867748
3.3462102542293963,85.3460746358193,0.42979904966082527
3.4638009981443476,84.16149217327161,0.3431968043340368
2.9924594543175904,88.05413032550894,0.1727605336751819
3.4815903573142353,84.11850105141711,0.41992561450714905
3.1524257170085774,93.00478284388495,0.03659395127133531
3.3252732493569805,90.20302963991328,0.20787150378346328
3.434210926835822,95.07750530929839,0.33825417395060087
3.342275750132456,92.72226011416798,0.32420702607174234
3.566977341657152,91.05144041662881,0.43133827328502106
3.550614470003046,89.21944334196672,0.39361054303681026
3.3671148484354725,79.47608736662355,0.18922107881910552
3.2110874900355886,79.10712219639703,0.22192127585459537
3.419225106861328,100.11373921791372,0.05087773215964833
3.2616719746303335,102.04380022477822,0.12481696472012287
3.8580340284432206,94.31871170299272,0.04723763147864053
2.9138478567378843,81.38253045596197,0.249668695449504
3.4547099459730406,101.56355656612813,0.08873855475668872
3.3072018980114315,84.18656427717316,0.091625692082833
3.4481854295499192,95.89315101523769,0.0953903848287426
3.007069894258313,86.45280765010216,0.12325939542878203
3.4524481065927306,94.20856128057848,0.21652433601314586
3.4159552718048767,94.24632513487478,0.049114335258780194
3.5743397071096696,107.92076286004043,0.04294376241217355
3.052138834594251,83.02112150510754,0.34179892200912815
3.292584747043405,86.1949138934762,0.40723202984892976
3.3055438331766562,85.07274234648301,0.3798551238619394
3.320171554636283,98.18879553340174,-0.006618643683493714
3.3879002589184632,102.02729307412174,0.039971384990337054
3.6974868815878046,91.1410197823323,-0.016482149301436
3.6965024640122377,90.23148848354633,-0.017690582217106086
3.25589981661281,85.41638793665973,0.19746949605601025
3.544341172123701,100.26991941368914,0.09002017420785666
3.2492189395384643,105.79377295659268,-0.07808208920442733
3.703704031391782,95.74230018597218,0.20653696754362996
3.66687149626131,90.64968608473639,0.25811731586466663
3.589045648825636,95.22069514013228,0.2540187713231147
3.1491091310987023,87.46432349479512,0.00030148723197196586
3.2753928985521013,87.06244035768862,0.12099029002292547
3.2344212073146745,84.79376779526308,0.11937892325969324
3.4267779413568804,90.1175548855652,0.14784715610152924
3.617358291824046,86.40702205978057,-0.00834499497864005
4.176285826258748,86.22518510430935,-0.11637692091958868
4.191255334623017,86.96359125424536,-0.1628162972510274
4.248015131448641,84.22030482850346,-0.15361443931043472
3.4079526336480432,52.53326663504996,0.4546910352629833
3.0608169467455126,69.3820840189004,0.5100067849748517
3.2762734810775846,72.81478530398854,0.568683293410778
3.279418337517956,72.81416641743674,0.5651951787313392
3.2953480835556666,77.31187783220923,0.42010779441913254
3.4989557784931926,99.47714520876342,-0.13044007886107553
3.678504987209211,105.99526145978398,-0.06685360156690515
3.4066688122458038,74.44160701435152,0.0702922904933925
3.5507359565257772,101.4611464652982,-0.044676003208850915
3.5774109828817484,96.84802402102564,0.19529005229106233
3.373250289646721,94.05919140939616,0.069876766660865
3.181124151629305,89.04726053501805,0.05900223084352585
3.578358014703883,86.53849790573773,0.12369167781100879
3.687458613349087,87.7216741923987,0.19861962930201038
3.2135121607543287,86.90969990744479,0.09814956843326454
3.090076828550031,94.04526549803877,0.04784555246269316
3.4863955982524573,99.7819069040743,0.21238401689622086
3.6461229649352442,93.22634942766959,-0.046004274938178234
3.648324888866304,117.01011673973437,0.24432703231478686
3.6898691261015477,111.22638707922006,0.25944416600820536
3.5648166274555484,91.43785372741416,-0.021866543592665776
3.1883263352857956,83.7251639959456,0.37859092662982474
3.2097089060080455,78.33233705919744,0.3290127532214623
3.242548356895545,83.83428043832106,0.08263605681107311
3.3998338153466703,96.24138874301798,0.16854946282699082
3.292323491559258,92.13308480634858,0.3380833406198517
3.1726565237630533,80.56544929812414,0.27293732039963825
3.1969565049425035,84.4779189331446,0.30354100516113064
3.335584478780385,92.05258040493368,0.13016685848911203
3.220903874848943,82.69061958571316,0.1450140990226936
3.236222701822166,82.62970123514854,0.14744990072377606
3.3242869273953604,89.97604451211316,0.0772933428767551
3.608285539161069,98.13448606760562,0.1881330540224798
3.394024332797645,95.2299315551252,-0.056785521095642846
3.503875811862486,102.4624316584866,0.0728779986792217
3.5581869748812447,93.71457920173413,0.03466167445653631
3.618014894958359,95.68864532830369,0.08507254102525892
3.065557067521483,78.41751856918427,0.3170109139858633
3.5827855389270216,98.11883239061498,0.030064785988641377
3.3180246801197395,96.47097764595992,0.1253736027482455
3.8032564540675278,120.53548912261793,-0.11633435775162672
2.8318082851740964,74.36832195329562,0.4300449580251158
3.41525348203765,77.52868166947057,0.2785362058804647
3.528329067380793,65.8850664483042,0.18045507714394848
3.5924521232666415,75.52449547799071,0.2811579203257295
3.130905759577127,96.03428145508065,0.23109824700368814
3.1934508419624454,85.47411162386146,0.30386559318431716
3.6632047970074377,72.9805495431548,0.014671231041481107
3.3784724155632118,93.9526402496164,0.010233458638826663
3.7391364407875587,85.75755620156609,-0.1859708862344466
3.494838609823547,102.05892761541357,-0.03826212566739516
3.6568206468895736,88.24815326734789,-0.07877825676958446
3.0887492576384608,84.15503374860644,0.365238633292733
3.1496187818289987,92.78754029750526,-0.07909330233659181
3.3832668530103063,89.99144552371553,0.16149367565164022
2.959987500887223,85.61401359300916,0.16067143918051632
3.631248892784375,89.6140167513713,0.13091033972885635
3.6298713346946934,96.84988105556226,0.1698246025353018
3.7915896204457358,99.74324526609956,0.02595032899372621
3.7579057157480187,106.04524347711633,0.054855789581025015
3.1707584929974684,88.58626123381383,0.26747523752434277
3.5581508814042335,97.96689406781756,-0.021083422224053506
3.473972861643544,98.86053605344485,0.23459234665482342
3.6064544224261357,87.64486532219567,0.2590867970012829
3.303913721836033,91.5560475648095,0.337211328182837
3.462731214724038,92.73125535254026,0.5113728368327134
3.4417410104793436,91.11790137915642,0.6579456077601353
3.817420522253916,85.58002841401348,0.39056035573207826
3.806066533664321,85.15275689881827,0.34712668302899
3.2590166827455964,86.97288775136742,0.27819880278073555
3.1127563187531666,94.51167609828582,0.1940736191325432
3.424808533454161,88.58979183249046,0.39039716666500585
3.083530621318924,87.49865030214073,0.1323562198203941
3.8670965669614783,100.88818298862584,0.1465100701889073
3.701677813263746,101.11532975742205,0.07885174846069828
3.228214061003032,90.87296845541174,0.07550889056854676
3.4755121733918335,93.83862939274277,0.037057513759417286
3.3842416110369893,101.06172073344824,0.051652636374912776
3.256370711942441,101.57305889067253,-0.08014299793723438
3.635947122963601,84.1927809540261,0.29476149132900376
2.9746272361757855,89.69750576571828,0.15652249596125348
2.957853426093624,86.15035513109879,0.10558294483260476
3.3573370035585266,86.66061592648407,0.4672609804481897
3.1689653890931626,94.20547403516468,-0.09541508176574967
3.211929859361272,94.13591317661641,0.005659418881222173
3.40448571362498,86.84793164067753,0.39969659117525225
3.384806169272534,92.90088016758696,0.15059684650574226
3.451481352992323,93.47874769246069,0.3253013282735375
3.307065713382289,93.16455231720512,-0.009895889592028629
3.2992683662303177,89.03027873775541,0.06607615806444907
3.298774207708975,70.73533626283117,0.1388950872718996
3.484416889559675,84.11461351257557,0.025118127125332946
3.4291791766745496,83.04360874553986,-0.026626484687393936
3.448020869796976,78.9155577070786,0.30933957509941473
3.5423308418811366,81.5719714685121,0.33863356974997133
3.028907185538232,93.28277845364072,0.11143049269784776
2.9835122420051734,93.0043231555005,0.08342300492343156
3.0543274156929163,86.85881006528024,0.08871011534327176
3.5251309835164975,96.46737967345047,0.11546065617456022
3.26882511098651,91.5448868490952,0.22159271431467314
3.614300040458454,95.83406226350104,0.18247740446265873
3.593747634010418,94.83750592501448,0.028427447712607894
3.457806772286782,109.0630360687774,0.07925640540805705
3.277741552954532,89.48756961428286,0.06756728160921845
3.2878296059588377,89.98434199085872,0.3174273325083741
3.3513568549620865,83.63190047934661,0.01640366073703025
3.512823756113636,94.2100947703364,-0.07376135347872409
3.620785757299557,63.07288278336372,0.25673564837081636
3.1474103526875608,90.13986630316529,0.2474856766743117
3.2702729146849885,78.52965040851544,0.22553300354175956
3.6741974327639335,98.06816874647023,0.5058884977540896
3.6004066999524307,101.17499245009665,0.41715729842432764
3.7128684271848087,90.63967097952892,0.5077286425390146
3.438521632889557,96.49895622899538,0.41698672803443243
3.687045534881065,93.91268046761579,0.33121673368753785
3.438594968345926,88.8043108896332,0.258958491311071
3.1563364769857962,89.54271144786736,0.2720225279428006
3.173315841320399,87.63396313405653,0.21645725160893348
3.540880402961947,101.19397144147621,0.16734524093193134
3.4697013737131015,99.31084264803555,0.007783881232593666
3.4740453576949784,96.50784707208811,0.01711889465121149
3.365037165601536,116.19016607770924,-0.008485740036958055
3.397736695151752,82.00220569828289,-0.0065813296065076665
3.4837488033734596,97.48140772334581,0.07347953469590203
3.851887064858646,92.70621190979384,0.008866453462515878
3.163182029913159,87.04347599896526,0.21871526715030604
3.1307630814426775,85.05158388797048,0.24769337362906327
3.0198215105318793,82.85340782660552,0.26375028413216567
3.1733767554101884,80.22291128063507,0.26019748694119726
3.5383475579133616,91.41272849127074,0.4711042406277449
3.4799884985671996,92.42866970212324,0.2966104562770694
3.7795629043672254,83.0507440937219,0.10861529902685983
3.4094036571287227,97.14566803705482,-0.019059595419146733
3.2800093844965095,85.06380220381502,0.19710326786137317
3.3036214184923463,93.53066918745209,0.2681569072476067
3.4098733933711967,85.24341321257268,0.07838568936020056
3.3746217729541077,86.54137538847273,0.06437573878194287
3.559093098621461,82.41261149248821,0.09250437121454472
3.6121847062974752,73.69950721990708,0.026349136634796193
3.628888843405092,92.28024214232815,-0.1854370713880125
3.7847911961484852,77.03850355339632,0.12575649777757567
3.2175890066622954,66.93907413231426,0.19609561660080368
3.3465564225772773,100.37510489818857,0.3863722467962067
3.3991474509762316,96.4405127943436,0.33565469003987747
3.385090258380414,86.2933591575163,0.2806782045450442
3.2230273900780935,91.13388086347703,0.010709263960737906
3.513433042580994,88.25253176524276,0.19048509590929127
3.2438056490588325,92.11261600202359,0.2959264505115691
3.4896112464958176,90.92541229604512,0.17940537080141436
3.381715516910641,91.02001102083167,0.046509128685111464
3.2971027058721556,85.85231210365042,0.2201239227939395
3.5325603481716934,106.5725173741581,-0.043751378500935904
3.383715619131276,87.82204103514361,0.26632131613713333
3.2347472614730077,92.07647528675503,0.41519192830124024
3.245309506394646,80.72390099113431,0.05263639223982543
3.0910403657522236,87.02520200246381,0.4223102311838865
3.4295238914764523,83.34598989748292,0.19955209648463484
3.3591707351101325,83.09568518541344,0.34374340407771015
3.68479765664585,86.03542418268701,0.3455390939401355
3.293909511272479,89.23732898189863,0.4559941950232829
3.2241868773693922,84.4611035265994,0.10117400934894547
3.115493138878525,86.53814876689846,0.021345407739786115
3.136155339831896,92.87566080157909,0.07380908286980531
3.1786711693438883,89.83832772651195,0.07482807249430744
3.2330572355957523,93.32152611779428,0.04305445286975838
3.4696999892095426,91.90494458626127,0.06992833498873664
3.4332670183114216,100.47060175443667,-0.0948101662660264
3.2115060927901453,88.34138796505003,0.24990787385229665
3.39979979570432,96.563427446045,0.0626101457048428
3.7065449468223575,111.32801616872771,-0.03780844736912705
3.657098655576892,115.41177128798736,0.003829405886103938
3.582599841677409,83.31704697031665,0.1585110744437983
3.4194786528768892,104.73025093817117,0.10086065867813677
3.628820236587808,89.8611851428362,0.23339085779477445
3.3983748479825486,105.03505538243977,0.08130491980876696
3.5415389365314827,75.75855835389216,0.4548467334933894
3.3535359620035545,99.20290656788251,0.35441058077979104
3.287893950954385,98.40361810394982,0.33346951489192506
3.3714501064890583,73.93134371046236,0.1684717402070468
3.460691287824187,80.78175715756373,0.3542299625509792
3.3988924727694108,89.61176908361554,0.417485401404194
3.8062844155577977,106.6879490993645,0.24673928430131728
3.7547419296980933,116.00529984993678,0.2794624457394092
3.6063312365330145,113.75734897548304,0.24004661820280937
3.6359482706607245,109.49720658569098,0.21929813853311358
3.6560165631175043,114.50731569966081,0.25075359916019474
3.666768116517573,113.70260294810639,0.23556234384772554
3.6819100996980403,100.94839585039543,-0.1857383633340532
3.8013780386997613,107.42394383924317,-0.25472038400152136
3.645846846560302,83.08516927212594,0.02803979507338622
3.687222423428754,80.3187312140483,0.04787604703072704
3.2147486186834584,102.09550980812506,0.08954042895339817
3.4054980420983547,75.94770199939661,0.27497585231910127
3.3771725929788206,85.0371225944407,0.2642006553814425
3.416013305254662,84.2358829630597,0.24927566837982706
2.9807426348377684,89.86605449304325,0.16474726695828196
3.116252047035693,81.68304223039543,0.1542865134428741
3.382001058201489,86.94012102759253,0.2981485277686603
3.4465309897755656,89.83755835482211,0.2939358207091152
3.494915012171701,95.37546354188953,0.4198416124632248
3.677822817180991,98.60898543059798,0.22101990792701232
3.2186256999712906,88.53840001985037,0.040025022694934395
3.1988645419213166,90.15016406274505,0.13424824485483713
3.1831411735479476,80.99872054756698,0.020343649988427224
3.57755528850747,99.90649338008583,0.12301057802451776
3.7172711686968194,103.99613252652784,0.014990653037164379
3.473923883083215,99.73163879984182,0.15883748797609562
3.404922195766822,103.53765052093395,0.1957995955694752
3.6458304774559376,86.94255408874633,0.16972603478680887
3.0600656634958527,91.01935700397988,0.22814063138397636
3.1412094090991025,83.86360600759761,0.25719825702815363
3.2071929998238673,73.99991371978132,0.2255002621440124
3.770517992096964,94.32293554589022,0.14695216925956842
2.905608476352415,93.1075716149642,0.030863119801886846
3.337078149293762,88.9582282885861,0.13404748318239865
3.2469031536345168,83.58738625246366,0.1905509520719307
3.504795399964246,85.80067647631346,0.17065189749330184
3.5456051202449066,90.26903894874003,0.1830324744419395
3.500287013707237,107.86064674240406,-0.034173763236436026
3.837849889037939,109.30738048714055,0.14402249123987604
3.7786153303907057,80.79840743242643,-0.05566105999879723
3.8171160006196856,80.84677245391146,-0.06624267627902722
3.135851249101215,95.39586694044469,0.32896119706785093
3.229040349068897,72.4547633602018,0.30369815478484236
3.78523610703102,86.90417794656086,0.042546575230822524
2.8883673700179373,82.39027667709904,0.4832851887770334
3.007169401995243,70.76573448872074,0.21896460685076577
3.0370158060757895,73.12195383794244,0.2179253821694992
3.065671702018415,83.80620792033673,0.4867382932153739
3.237055059144824,79.65084428487842,0.5460121167222416
3.6483679111475413,100.31719753453604,0.08904167590172718
3.264313988093557,90.9902488111863,-0.030914338038542148
3.545094932868939,100.71774052892543,0.01909563069020866
3.667604717818137,94.77102052608362,-0.001637109765470654
3.2588183601365808,73.50872742910586,0.1947660264076743
3.326891271674047,81.83736186266432,0.21284345889110987
3.414995204237609,65.53463053420073,0.04760050444526941
3.5458331431040335,94.05383144109592,0.3604405042120083
3.7302620204894343,104.26420705618669,0.3069252035205479
3.4920346785260548,92.59860224681908,0.35124373365163974
3.393223421362398,96.25971065130416,0.5040318105017705
3.826529587399784,94.49647329258696,0.1721385869493947
3.4865521835591236,105.3187678137678,0.07882236975979438
3.418816218730716,91.86428926517469,-0.12304558090632317
3.4271557747418924,105.31194331527814,0.15267813794646612
3.503751524236802,85.69950903093822,-0.08083721861139974
3.5509521436834968,102.13308452997718,0.16645544481743818
3.2576052570216314,88.09304214016336,0.04598356977650005
3.4024135925964507,93.15546457410797,0.08093296645244485
3.5031411191243653,90.07814278849779,0.04745569207512264
3.3972867487281126,92.40522578147582,-0.030418393744455638
3.3839062068295886,99.1560570485474,0.01674613895925701
3.3287811955698525,83.8101364924331,0.2862807219077358
3.1377912603884175,86.31277221225211,0.07413180252946348
3.164721888236852,92.14185531804074,0.1652894826435092
3.316771660329393,95.01868180400425,0.2577809270131887
3.1602450042519417,84.79860003171268,0.11256354367866114
3.4566926392793156,88.78577975018104,0.37926667086891996
3.1795323723993367,82.75685207384976,0.18635163354259437
3.1114644146748063,85.09058877248184,0.17606329212684377
3.171113567674936,96.78480279339364,0.1351002819943871
3.570730009913211,87.36422709152055,0.21658474370009487
3.3828788602639297,88.39198652945106,0.1959134124808581
3.472465389869424,83.53825421308399,0.22246859627949392
3.0954104625590193,91.15049144098562,0.2815680626786733
3.6029277548013776,88.9317952770819,0.08878111026605352
3.599844132137105,89.90236631007144,0.10502389608188861
3.3701502478033336,83.4629069257966,0.11338001292223464
3.1778501517569966,82.20757838069754,0.11207193780940178
3.089253274486633,89.75050792219307,0.11227185922794895
3.295664044199954,102.30457822488509,0.1254870062591036
3.5599674056348753,98.2628600015329,0.02801497329574636
3.5743170035742504,103.84161978193131,-0.04274309249258757
3.4769750546425,102.00391859333158,-0.1389423017285692
3.414314549141562,96.76714606496255,-0.11772581820941225
3.4399889012449925,98.18842025499947,-0.09104721676375208
3.488395120396677,95.25421994643015,0.22243295015659184
3.4925230195102923,99.25878581871783,-0.0556252159487585
3.235375113309979,86.50756218105556,-0.03193127640196312
3.1319287992967233,89.26026550795176,-0.041479899962746904
3.1823944836231024,83.43144933174027,0.11972231784974116
3.765049365968043,114.69129574470162,0.14994945955625605
3.3419356704374557,84.03540038961522,-0.09059763035180941
3.421551152954338,112.37981877004053,0.11142417465369822
3.431922983110538,112.77659202556602,0.10838772403274426
3.474930559243848,117.2211725738625,0.09102717115331685
3.745311765492116,113.31813260970603,0.19645235303231032
2.920871040307578,69.9639472897934,0.2122473162498818
3.1560306891828036,69.95179497325144,0.10372173517777993
3.7229386853163415,119.44988782832647,0.14369694307915234
3.630758845522894,107.81069579477541,0.037675206926099096
3.579749728827065,119.72808367500642,-0.015884967707900037
3.4985038928812786,78.66914983603549,0.26084217934025583
3.3680885293473195,87.11717613793316,0.15990508340127557
3.31864532411459,90.67768840677368,0.19097771812597664
3.4613348096638767,96.97449595913886,0.29229495187498417
3.328208218729716,92.93826082603432,0.10371709554142032
3.3242454710112384,89.12771487795746,0.11660040400036502
3.46935544150709,100.94442405343763,0.047021608217597925
3.200873521574088,81.16813953430335,0.29800458985220163
3.1481525606794976,79.23597334718671,0.3133881296004135
3.464810695281055,104.6030633108946,0.04291877890953602
3.4800530214843395,104.0828942935641,0.03450704857119632
3.1591490679209784,93.657289160396,0.0678167803526136
3.679632301481999,98.55565089166218,0.0696019487384273
3.781784676838068,98.22783634080417,0.11398637854810592
2.878495550345297,80.08844146356411,0.23232865673648173
2.9271424024213486,83.04591111041054,0.3171159824102482
3.464256395979389,94.0410999963879,0.16653837118827852
3.280818450959692,80.57637882573906,0.11417733565084283
3.445863796516511,100.13017283612992,0.14907427636608556
3.70755714052662,94.30052167535898,0.36138922534505524
3.170489548131099,83.12850170305227,0.30055384618332187
3.258843623688441,91.31959986858224,0.12950249634678643
3.3069339783915,86.88073499725836,0.14280059554604077
3.2368164067606937,90.40562986536162,0.22276242340316693
3.1795586733202916,95.49564280054152,0.10425689990895724
3.5452084270910826,94.71581451659108,0.04025600566380378
3.521031159375365,85.81020946353269,-0.10505286609552851
3.214415296969982,95.47088212890543,0.025131672215345967
3.5809017720082816,80.32710466462733,0.18338906199497637
3.522235565126456,78.72449478757345,0.20815526491700118
3.355859791910707,82.99421797573554,0.2955924363027946
3.212126223739148,77.7607557755313,0.4508895936221457
3.1884770810023766,92.82430056278973,0.03448200399129492
2.99382752566161,91.78574552357883,0.029227814497712452
3.4572256679750417,88.9712036305412,0.11420050268413921
3.2824172701138843,84.10433689338896,0.04541764380539929
3.1197851718948315,97.87310891981221,0.13665545371393792
3.214450004139837,94.294970477478,0.22569211695361918
3.4452613741131244,86.1491346548765,0.007259500487109131
3.3687760670290907,102.93327049907802,0.037525027862605385
3.2148206743869783,111.95769220951053,0.008108857515034151
3.7568514103918007,95.88788624311152,-0.13024391862062676
3.0986335391285187,77.08148798063527,0.32693122690409276
3.436521547618485,86.45504111366826,0.23141534064229227
3.465865346940392,84.53556062522078,0.09860303112149371
3.367926673677666,83.30208398356716,0.12588389990124108
3.4286797299717087,106.25606000451344,0.2678667928393765
3.5211592226086137,109.06824621807732,0.22315277449437254
3.552006230627766,89.69395489001064,0.24753217680922826
3.292105410370264,100.65288203892128,-0.01978017754295425
3.725056983374487,73.80424159890411,0.21491457870000402
3.6819733090385816,74.78662214200212,0.13900167996460563
3.46715807303017,66.23388073374463,0.21758706682369552
3.247741644687887,64.29327217742517,0.1922645047808205
3.6608295548308374,65.65880181303375,0.10152261470574414
3.657463242158152,61.299746475238024,0.1329040856908322
3.5002991059830335,64.77154765898112,0.199324169301217
3.1746647330411704,86.96044722942466,0.21831627079515603
3.4352752258653716,90.87869315575898,0.26720177991389654
3.253456531206629,88.87796219346144,0.1360699435212078
3.3742432660952124,80.49044043637456,0.049709871272311086
3.3781932039985016,82.09663655791641,0.05391858226765333
3.3273309685397794,74.53690633636285,0.21305571254286446
3.25405233804958,101.66882792322926,0.12470029001062619
3.6378299470075666,80.97924149136969,0.14365793068372085
3.2224252524917976,91.42198119720067,0.0022041600352327322
3.4612933055835975,99.7344353741313,0.12891669191052055
3.5014597815754107,102.78032941174006,-0.011478665941453907
3.5248859753230524,95.24213283402939,0.25530246220217695
2.96257664783083,80.68399963871262,0.28984897356718387
3.788076854009248,98.2950314272243,0.13633112347886242
3.3425425315811768,82.80170056418808,0.4098185668973442
3.517592586510869,98.32568961246506,0.2530047100992235
3.575798503985651,90.4760096091962,0.012046228000178873
3.5347694887599337,105.87452798669585,0.027292309835790812
3.592608814439795,90.76506563139344,-0.10014664715858916
3.4187445170761395,100.39537731293797,0.021135450185796097
3.252251792385478,83.25525682048504,0.26717624159260317
3.1018451047672038,88.94780491071593,0.2228341796187765
3.568978860912051,94.45176338723363,0.08046539467746416
3.5809265898757494,87.11860240841223,0.15371281671353604
3.3506907619828565,97.80328064053856,0.2266273808822932
3.451300283502195,97.09081274128785,-0.10905990563221432
3.385149613787897,86.59953162392917,0.44690945161276335
3.6592264051164327,97.29589087623673,0.2755100244724234
3.6554433689864356,93.64668739972731,0.213320982790969
3.2334838498260043,99.20042628101997,-0.013467046313022585
3.2975591138734037,94.91328088296478,0.09811241127057292
3.191452208225512,73.0444440184522,0.2687442917192334
3.1182466840228624,76.9915138096923,0.30799582450624874
3.315968649783035,79.13798180243944,0.34729702789850864
3.4077029098269818,86.48397957482884,0.3583997762973563
2.9625603261781954,80.59976126595602,0.22810347762706082
2.855360239417051,81.05631864637776,0.2853594972509691
3.2644472532087097,80.92798960975144,0.10938426642469275
3.4702370063246253,92.05467373408128,0.058092126171237886
3.306983617187199,90.12963992092976,0.5079746900144584
3.289732373409731,86.9744088901266,0.43612655321296623
3.1559631574899476,86.5718520676845,0.229343559882997
3.217845821244309,83.62730541820909,0.22970780109808356
3.426905240115172,77.16381009950312,0.43061506296541546
3.4523189912514605,90.73701402355485,0.5162474123996628
3.338305892033828,89.85236199888614,0.4950958421847737
3.443333416758401,88.69955259123448,0.305020964064221
3.2833717285037536,74.51777815608466,0.1083724844397003
3.2611133192807484,73.28705482521744,0.1700563583343159
3.4278240191182974,79.87693652299025,0.0937607176722772
3.426915546359725,76.19495269195946,0.3810488070674599
3.506574988400518,83.38853731836696,0.03489804840764065
3.6005445879361377,75.62093000025735,0.0821006034075507
3.741204609449641,73.51573420355393,0.09931501162934592
3.1948315931433706,82.52835868429618,0.04728991217171559
3.186333753254595,78.17120348814986,0.056531736825928595
3.324379350284773,97.53506335049754,0.19261213131942156
3.2632160267704906,93.15846231767776,0.08822936762590869
3.4575498774625295,95.4038410980799,0.012743021713220871
3.68421301132079,81.50771637829664,0.011238861904652052
3.754318092055604,81.89632888781007,0.03914329220547623
3.6343827644820705,72.56571061940969,0.14126229521926184
3.6852069723867125,95.44476241461139,-0.16771514371705715
3.7531794280606774,82.43798370937884,-0.23919605912959824
3.846051777580799,96.56983325504656,-0.15234523999009197
3.624673558739789,100.85884754366278,-0.17996900444529676
3.49318032826551,54.8500640908752,0.3043063253837188
3.5160711444585013,61.741141337808344,0.0460474547597533
3.7309042755768433,71.01549773251882,0.11304421208305811
3.2736785664866135,81.8680974227134,0.14189511729228446
3.540859119819591,104.9782909639906,0.08845187209961783
3.323769963323038,99.438918494961,0.1399421039721214
3.5445795557955964,88.5116845244517,0.09100770816485836
3.3455404803232254,90.48175903129024,0.20173047640212258
3.2621851553622805,93.1877957487973,0.1842219506205617
3.401430586787889,98.61064267687748,0.19653048941044393
3.0695879771039594,81.95718032195603,0.2609098200642464
3.570923411079694,107.0094090453987,0.1096542291698343
3.736180248164046,91.1932241280318,0.09495416122988146
2.871149982267995,79.32251664892618,0.31998855445927404
3.5631861215519214,92.38282210897617,0.26685485241780416
3.3998694957802744,95.11818873973164,0.08615182453312571
3.528629574095914,116.07733576389452,-0.09188430967147183
3.8228360247734785,111.43986183878037,0.043107891001745224
3.676703464373748,104.46930490090747,0.08319533752510072
3.389774891935663,101.98067274195883,-0.03328057739404774
3.3426423321885386,96.38494295357714,0.14659135451780628
3.01825288607866,86.12224714285823,0.19343204680284856
3.0351958982045906,85.56745861412834,0.2158763567667249
3.0509676238228165,81.25743623791153,0.2332680534066657
3.552292030478953,114.17861261759909,-0.0245356894609034
3.6617935374038266,86.71414708343494,-0.15063839770457563
3.5302089980945914,102.53650119865141,0.22112099098464164
3.404951704742104,100.80210153554911,0.10099904789040155
2.9666965229709024,79.9584497470407,0.3952901230517746
3.0733120232955753,85.70937092134521,0.33152315688807865
3.3935208250619078,74.89157076546138,0.3637545899039748
3.3270780173196215,85.44231493965293,0.4964765251876659
3.3101059521865683,94.10054924636569,0.03959981550890602
3.1650961412107055,94.20247259629718,0.20523873279446594
3.619108406020434,90.18282644779342,0.15565116986684285
3.543537045360203,89.05424975218598,0.09898642818333568
3.330896612859532,88.94436572472411,-0.002225295238768096
3.354620538961697,92.53116549710319,0.3056821781190044
3.355056556908091,89.33030667111012,0.23124532559298883
3.4307514448638217,92.80134696682686,0.16346415883535953
3.0507635327355054,84.10458993530443,0.28799859785484455
3.031235022539695,87.9776087509424,0.24687428997970035
3.066416878593638,88.2989352120621,0.18055779356217797
3.7703795524046315,103.12564020382317,-0.0173986276401021
3.483405260541732,95.58202294744797,0.20410774989497052
2.947732461281788,70.68773660228673,0.1421728851168795
2.9747492269365146,69.58871175147151,0.1855769949079586
2.9286815270904323,69.42465722895909,0.116443860465728
3.2290946454613842,74.50931353718664,0.7076351563999608
3.2046157165997777,75.03882387644855,0.7330149184845216
3.1041721827852857,83.30965874263038,0.5262127163797864
3.2679950894934673,86.12352586765314,0.455775142268061
3.200868013678594,89.94414869480765,-0.00859483368961479
3.1102670162228723,95.487288918356,0.07345394410007977
3.6974228673735396,95.93350783330305,0.005757798223332075
3.7496961285820394,89.55097690896461,-0.16383886363062963
3.722624379358466,85.97433691709175,-0.17346634474872344
3.644607778807095,82.66952775594416,-0.17277362252020387
3.578080229896434,100.21737465437876,0.203944972371839
3.5874608328478916,92.93252735122684,0.3680646008462239
3.606372809159448,89.83487509960722,0.29183429573381486
3.4464760063676936,96.40793640291571,0.23026288218262883
3.4005232615120424,98.46264854552996,0.007570487008474683
3.0870555343524457,82.40831108191435,0.3831608038377673
2.779173034312909,75.21703603347737,0.4235760216522345
2.831156564045554,71.01507724277613,0.43622154020820153
3.1464154774997715,71.64576108900974,0.4563009580005024
3.0805400047319704,94.2212165789074,0.11359825213477169
3.1462233123318075,88.48213682220815,0.18011855356101683
3.2580648761965785,85.9054405299463,0.07497891549259797
3.3894609248873864,93.71037488315285,0.13544706143049567
3.3700210427364525,95.06262655292123,0.21220434586859566
3.477861473164553,90.9308800696871,-0.031511517928769085
3.33760487752362,99.36640933457096,0.0012893698737514656
3.4530629870966796,89.00544477899686,0.322798930542926
3.2913230337676533,71.91681716883197,0.0202771792395189
3.1618771048655336,87.40001415117987,0.2749853875628874
3.640585280398542,109.69738156693361,-0.04685831081558322
3.502488470544185,101.31633934993427,0.1329656839165734
3.537895738342335,100.52577241252449,-0.01973052917146708
3.4334215674585646,97.36930871958262,0.0732499589037272
3.385664151310943,93.41266361586993,0.15957800397239716
3.2749087606435663,88.54012094271694,0.12326389144747929
3.656234500291003,97.39652403705077,0.4214971967753657
3.1262604330116965,92.27128538327737,0.060944244755545746
3.03400583964995,94.81721535799974,0.07584056159071854
3.4240215479503333,84.21176057768011,0.29024318561892953
3.3914687306806655,82.84366584895919,0.18463089744584926
3.018350939217094,77.39654666677515,0.2990105769780281
3.5471540957874614,95.3511801008955,0.5610638452264131
3.2217355016338196,83.06366815866613,0.39243038468731795
3.5376440498501847,82.7870396066895,0.1380137012380057
3.76225640533686,87.2424715801177,-0.1320642847744059
3.3672114654067773,95.35675296122274,0.01990958644200903
3.2704067268711277,95.76310889932071,0.24448507077484988
3.624280070628026,66.37662395581658,0.1314011836040653
3.4834629317226655,64.77565306121156,0.3825283925851631
3.5602356570633615,65.14715727475667,-0.03710449082546809
3.5675417230929405,65.63251279422589,-0.03929389321827899
3.3192520288767025,96.67730455685276,0.0467448035175307
3.398279922391739,94.93578997069918,0.048110216894392106
3.5289726282639355,88.47639026380438,-0.02130188155656608
3.460091361339051,93.73819049884277,0.13816730695460414
3.450625880457298,91.93243931918067,0.18660229792747757
3.4151363069455614,79.2052249565511,0.25068585393024345
3.2478492442024582,91.9326253774937,0.3200382020947496
3.2746400737892074,91.61332728207928,0.1953853766493876
3.303852034959787,84.79093246716141,0.13911830428323882
3.355947558771946,86.57963081131777,0.10967871499309242
3.647946855655003,94.46570815026975,0.15591879947520215
3.4714244409568886,104.84827589682011,0.03503951004497439
3.097679247293863,82.64313873514389,0.18104281351496498
3.0777741850810982,80.5116655157459,0.21539685225509922
2.9704288870144033,83.79069464821663,0.22148885501195253
3.07668967757782,85.04875523167775,0.23558157410014002
3.5103924445024486,77.61668301830497,0.33495668173130605
3.1679829700019897,93.48432905996687,0.25132855094459045
3.5934087340103105,85.03484901315247,0.3144506869371273
3.8443683028222875,73.59465060229495,0.26511507557309544
3.2882093480756733,78.19203521369346,0.1763773044507813
3.165765321315156,82.72558941673641,0.18587646179282585
3.0818189691216484,81.79701625524483,0.42529531602985887
3.578596196340808,107.74674244693824,0.0035511268264738034
3.5723878911517373,110.48033193506194,0.05782532651638702
2.7708218430404714,82.42851804670909,0.26582629788626244
2.750560454410913,76.08339611503447,0.3066409608109281
2.775770737918986,78.32593883852864,0.33374171311398626
3.0720882029442738,80.53526393940551,0.3601612579355618
3.0000558095823573,72.49986847107074,0.32876081069351143
3.537726850460997,78.46047536965392,0.15389295859763805
3.5772577390231963,75.2109478146198,0.12775073334331297
3.3369507437989543,66.43720056840584,0.16012733829851195
3.429139976126732,62.317570570298706,0.19523894396930355
3.718409075443331,66.64487862718957,0.34739908005931003
2.953878344525558,62.24876136037625,0.28538838522055326
2.9928018221047545,64.87091582615794,0.2082454102721279
3.4775778854025208,91.54497375212979,0.5024162002186165
3.405895803317018,91.16186034496832,0.5500174821353635
3.450193365944941,86.90327121151127,0.5305561647363899
3.303289653303778,80.68967594797263,0.5055642005430288
3.2532882054878773,95.311600612506,0.09406437268520354
3.4798644694033887,94.67511154767305,0.17391402498511827
3.4489100305567852,95.04934451442303,0.1679290199736674
3.4285618683449917,91.86276827913909,0.14137150927539707
3.7241961461846707,95.79422218849997,0.2938035354455417
3.4571187143320015,90.38911697438783,0.09972309814489609
3.318657998384503,88.38767841897273,0.2843179862461036
2.9448265587283577,80.75869028051936,0.12737710397148766
3.0943878995354153,80.23011373429543,0.37562888149264145
3.2279521674099843,83.19834337844354,0.6585902721898933
3.344687369917737,82.4201471736115,0.6659761422437313
3.374706857840878,93.19911634758024,0.40334081610487665
3.2470976870446346,85.93394129256167,0.2444332594816454
3.5156421381620766,99.63605738620673,0.1349310187765827
3.4046658140692103,92.94072058548548,0.1283284742575359
3.5467123280673865,92.64785917133274,0.31038452875761613
3.5391520514297565,97.24790684139529,0.22103165258418261
3.463962847794123,93.50791934644715,-0.0716442482671193
3.8994490130662296,80.87653359888041,-0.06982258138219703
3.9577136105433035,79.88609099708279,-0.058407259947359146
3.347586176412759,87.57268765222922,0.31237713056178357
3.3422572999588867,94.33672790184579,0.053601770236605555
3.3629659818310076,97.39841080552301,0.030627408401032077
3.349973011552382,80.7225727789646,0.016018687015885377
3.562206710235216,93.9227740374499,0.3528110363965311
3.448533269224485,90.26537677567151,0.3021981077892614
3.2202026882693118,89.01013633158188,0.3376608555637244
2.9637679654311655,69.73594487296185,0.2297206664534641
3.1123256432897946,77.34566150472955,0.48056831840948616
3.2064985541473665,80.35286445675587,0.2821356090090818
3.5234667937733697,93.22884080894781,-0.009501410588641962
3.4112503624060184,87.62489200124985,-0.0724035079652255
3.226939520967306,92.90472291420593,0.34469830534124185
3.1886769990857884,79.14145548339988,0.2464010171099578
3.6800628813758713,92.03790860397046,0.15633428314556513
3.5109114310460225,83.86198371870906,0.14079971807836644
3.507529261530748,87.51047446011303,0.3451803759965309
3.315756198365879,107.1982374985357,0.01306153226131135
3.354227711513367,103.2995092507248,-0.006476266933949359
3.5018024500360356,95.054744551738,0.21806632179819893
3.7417691250230507,107.89124797801414,0.1307634192486538
3.7619831803128605,118.79087103249735,0.05938723655083752
3.5340034486638565,101.07627847991262,0.19010748828034704
3.6351474235291863,101.77298401469392,0.1317285443491544
3.240622590413414,83.86799572703995,0.0219202281771272
3.269607397402616,83.18962359268649,0.11806893027757961
3.3376928864687634,99.88448598107607,0.18700471636726854
3.3853968757290027,90.1694809715848,0.07744125767269695
3.8569063713489125,93.00772567923404,0.10696451296246773
3.562243830098213,93.87085162168988,0.1830639894957987
3.7103462470761865,105.42611865725297,0.31003408816936523
3.3226581185870483,84.74165972106356,0.26567360074779195
3.315342349823269,86.86723500995761,0.11752117354719288
3.4707607117290338,100.05891284608188,0.11475031628137933
3.1700440959259675,83.57769739915845,0.2343052978607597
3.3692072477685917,97.71153025577121,0.09479495338750706
3.67265354933705,95.58094971953264,-0.0662432428766587
3.177219686152839,87.36153282486173,0.2997182135921147
3.6078878727760633,90.74810112938975,0.5322067313317012
3.673363373703482,91.77160501874357,0.49148621687131694
3.348626930116776,95.45161628025183,0.11237922136788227
3.2610639161768216,82.15576785682849,0.07712892997114298
3.1103541209324432,87.35061502223134,0.14850839721423997
2.8631686571847603,87.55061315942238,0.12016903006509523
3.694694930824431,89.35160018262248,0.12756536059279566
3.7103232330278266,88.1593291903055,0.13657645067025892
3.668894368660794,101.25301038277719,0.00047867194684198395
3.4154135673718145,101.06896979996021,0.19816829734289143
3.457330878701164,96.35966059639465,0.15506732160988085
3.456975071144591,84.2179965151514,0.2787095487089994
3.4996414800651556,82.62599895993246,0.2970866200239814
3.2386815537214853,89.13069794350974,0.17392877547154953
3.4404152445345435,95.33939169189593,0.12610718137769605
3.101557668309724,90.4580318705313,0.2416127855665363
3.466586782959482,94.79422629527915,0.2459744599499671
3.3343382119628573,87.28101040912564,0.3447689837334134
3.5897283695453575,103.49368843576865,-0.00013152762417427397
3.420677623854282,86.06614802105585,-0.01316885782013262
3.284883872016118,84.61098260305324,-0.10841174767183928
3.219667491855003,96.0205333464077,0.3114022879294303
3.238072195580779,85.51563971885803,0.14622859249066208
3.2730653915012065,81.05855167950429,0.058952069269392185
3.2707071429517636,88.50716237546963,0.3550368778808637
3.06597855188701,81.63730331326127,0.19206933485794547
3.327844253402042,92.20809544848346,0.2172837605986855
3.5036894320380827,96.05492738896102,0.18325511630232677
3.482047849222392,95.45411196690404,0.21979722524205783
3.3747545644198946,90.86527160966313,0.33977352801400895
2.920360156049414,81.51517321208728,0.3084954469418007
3.006312707112787,77.46910506682785,0.4739386108416158
2.973808976141706,76.7926127503124,0.42152681121854024
3.339378261184425,93.52193207159645,0.14250947108175852
3.30656829863351,89.53110363814473,0.18979855869470502
3.3921631516756587,98.367537473169,0.06011953725958119
3.601241499013628,91.64161303547526,0.09729374019825862
3.4068679620149713,104.54056621125602,0.11896140840795012
3.309436487556736,102.61285046492063,0.17547559918594485
3.6278090075225546,86.17583931614675,-0.015318610578077199
3.674063242939594,83.46207238818965,-0.04341918809986159
3.712944343108555,86.6978116489268,0.08151128316554891
3.3175061114465665,87.68241340092688,0.08371520192042248
3.3031530696536833,97.56986645514611,0.12983688777408228
3.4867508933366307,85.20896164281805,0.10295732055831827
3.0174559561698953,90.8069590898398,0.14769107778470972
3.0267048589934267,84.81491630517057,0.17355290661531594
3.4890023223035764,92.64855095792129,0.14128613440854518
3.4635694070934706,91.05529088231683,0.28288710115154825
3.2596431593582085,78.74137885009013,0.3369949868562626
3.328147888097446,77.55057303487092,0.29693356738711396
3.245737625202923,71.52625648198837,0.19277640446953584
3.3678673046914227,77.08417688295033,0.2577689930592505
3.6448121788681833,108.71951341593699,0.40464604597592124
3.3721418294886667,80.76165210915724,0.3456413777422495
3.254306617296691,94.45049747723012,0.2973764304985439
2.9479119898494415,80.88113965970102,0.02934169598023069
2.9222314740642497,81.0783138899403,0.01838276913859699
3.029235436783088,84.17687490588784,0.0642197947296236
3.1942698164920422,89.21661353617463,0.3484557066988576
3.305633961742318,90.13416320140847,0.10565838893380707
3.406034069724434,88.83652751736794,0.386841984972426
3.325413807020191,89.65526166384286,0.3164006836320578
3.673979508345934,97.17085002850557,0.3279503109567312
3.099700815019414,82.73006172111997,0.19171775612794298
3.2831467676049213,99.89042427363322,0.18570154758105692
3.389457367289479,87.82916602174909,-0.019556998201224272
3.5644364199898124,104.26325765601003,0.34701097592813457
3.1285307599908134,91.12331248746074,0.004042157760188668
3.250520228125746,95.92635326565413,0.08879266613477292
3.412542106547061,86.14870987116382,0.09777890012249121
3.5238412327226656,92.21564577674567,0.115376065850626
3.5053077739263765,92.77355785970879,0.10734580815751449
3.164203617352692,89.53889474765003,0.28167036870385875
3.217470529553977,83.63217934482796,0.2929244362356713
3.4278468931421853,92.37862151745162,0.2409914469835862
3.199494921555439,83.27085125036398,0.1102423424228181
3.371631278389133,87.7011315609634,-0.04930610806050835
3.375760244637329,85.21281258652294,0.2551787272393661
3.403837826337036,82.26667246459908,0.35146726403502715
3.3912918094015225,86.60378900641825,0.029810298336633997
3.2946636046317868,74.08580363160267,0.23469823071267626
3.497666585153871,73.21851277499279,0.44348892137135515
3.6107425273701024,76.31451724342094,0.4995367759958011
3.8583379703870024,93.17104003839125,0.24513353741015068
3.5451817102298415,98.34207533250299,0.29745409253488725
3.084011436366944,91.12769607317406,0.07669587328932378
3.183274770609529,87.67259103228369,0.19945897919482236
3.0917812886758926,89.84156162937659,0.19857568794164324
3.2777325325109747,96.5499818054428,0.10480762917482031
3.3704965369403372,87.41415916184374,-0.06529799289582004
3.608699354641086,102.36714311431179,0.14928431332301798
3.6291244446213087,109.84675308238853,-0.004201607734556945
3.3014417682038077,86.71785864320954,0.26957613151434406
3.1877118769040456,85.80150793168983,0.38951413318777073
3.1897445057002556,88.54050472148835,0.2557559158266716
3.2490124806205163,81.15656383029999,0.11915907698420854
3.179658655562623,80.02706060732588,0.1595367022985156
3.604597973650833,98.45958825104209,0.11177884460029955
3.425936403541273,103.24964305018482,0.23423115367380712
3.5059999615800805,79.21501109846669,-0.09098985358662039
3.738841065449789,88.41764938932945,0.14351868733368367
3.4550177421494315,83.57360491272709,0.2246286017712385
3.5530603979089337,76.27778601093551,0.14080006046436835
3.259481044190621,102.87544526565213,0.08350359040749282
3.56138386479415,85.17401140615473,0.20090685030880298
3.691765641250932,124.47999050682128,-0.11229981762391618
3.753358100366243,117.61050851417531,-0.1793207333914226
3.862815992144016,122.37355861440102,-0.07014609062649456
3.794803199198524,107.09480045088554,-0.11017503153283655
3.7720634216267905,101.79538423184509,0.11472443081311927
3.412880797997743,88.2291011852473,-0.14711150146322222
3.6949226091503413,105.06232864266428,0.3997335552814519
3.6949226091503413,105.06232864266428,0.3997335552814519
3.7131240806072343,97.55923370731608,0.3801501910572454
3.4600219553629747,90.16358650283918,0.14842726488602015
3.599496910461554,93.62741082995818,0.06936581660031531
3.244602868266552,95.80250227227062,0.1581526814092791
3.3373009602335046,93.73836394348399,0.24959440613360892
3.405136825241215,96.97554566551014,0.2148207420026913
3.133164240748156,86.339796672791,0.043307078213248
3.3987373981482496,89.28517360739907,0.17616027219802619
3.3607158072433134,91.57896780675866,0.23777751513319761
3.3225591759558473,101.51481703710043,0.2211128968507547
3.6459812054769976,99.78182291002933,0.04469601719483318
3.5767749734514394,93.4599398331244,0.10691527143476368
3.6552347882737704,92.14739912678861,-0.13313228183136744
3.8591560828452387,86.57898639521089,0.2797373666769459
3.543733792097559,93.33660454595021,0.07193651655534872
3.563744624933485,98.80548577323579,0.30821680736883134
3.4360861163672447,91.28440525324197,0.13245211890030997
3.274686650658249,87.51324537864247,0.45424230868865295
3.195170338542315,85.1322897736255,0.1592338662023301
3.1025896322070783,89.22091598932316,0.13343739336397561
3.128489613366799,85.97876155114804,0.30746383331994165
3.1283415034641053,82.46790240208107,0.3848570368024093
3.1472927121978933,79.72790479590633,0.3010633807538042
3.1895153624842347,86.03615462710627,0.4397969203170312
3.2952686612672393,87.21789069096747,0.31840159198509543
3.3290018212493764,83.24683449085171,0.35467582705505507
3.4510381317601486,84.37064780274554,0.4119269492018956
3.6822092609304193,111.86923625955824,0.113852097956662
3.5754639924966063,103.696024827252,0.11154679028755768
3.4291818477683473,83.57063115236943,-0.029393570125328283
3.2291576203494166,89.68666322741558,0.3128233872203711
3.0198659089674487,75.13699079617861,0.3171071070150801
3.137589924457281,87.59550594770226,0.3333699666378764
3.23972218953614,77.54779578211041,0.13857783300650137
3.3005808903487432,69.88382074626408,0.27876699469275057
3.2305198991939963,70.20851094630322,0.3646204072275024
3.2309763977688695,86.5005413076955,0.37308085580783795
3.385918416432775,89.62322865209941,0.21290675808277543
3.4489198962987775,99.1652674790678,0.17273979830050917
3.5539134166888724,83.39722159044628,0.2084304455816511
3.470395330014015,84.26137288673632,0.2731636965236779
3.3550565063732374,67.32109876366721,0.07600680774088897
3.3428490970301583,68.79419110613775,0.09565664111750127
3.882583622151007,41.79858718970457,0.26077203453659126
3.628499145800132,56.788507101556306,-0.0907087177374479
3.5176480674063817,56.580647960841,0.25587770709844504
3.3682030202902853,102.87265566227188,0.19620367409584827
3.3824463871515964,82.71428788371306,0.003181035338505325
3.238255311553465,86.53083799992719,0.13945790219392548
3.3488806679610006,98.93585167148096,0.19982422486106458
3.5461309334647053,93.99343100690899,-0.0606228730254778
3.382309308332618,100.733043053885,0.1621914601340925
3.796176332811608,105.91625208180818,0.0871456153848812
3.581097673426065,110.86799489605899,-0.16247696757893754
3.3707810480612967,80.51425764162103,0.21596373709078565
3.560122178449141,94.99374700036614,0.006761053979383626
3.761689812172181,84.86953113855944,0.08018419913799206
3.6712591968492534,104.61202806354635,0.163498500139492
3.67186182296311,99.77927444342295,0.19873102653280852
3.313027964307867,84.1466592886841,0.44410221857011994
3.324021222921543,90.37480558731752,0.45199653220020136
3.343750326634156,88.88197611795776,0.35930349289937347
3.398886718282471,95.34457954369539,0.32203388243383707
3.2120530230366104,80.40744692503264,0.3054517858447333
3.1223510555924103,90.1971801103263,0.22639878736328836
3.5048850971819294,89.4396756729218,-0.04596938816510032
3.5381914132865475,101.27803108251089,0.1532908419476275
3.7801583693988428,86.35340147442544,-0.2891552098304569
4.124087552282166,84.8604874065772,-0.06086045807971064
4.089064182227197,82.76171736045258,0.004292180152291922
3.758920754819881,77.00922776620793,0.2964089841078031
3.674867633274863,74.72132877285222,0.5807332421151955
3.33904246618154,101.36611284326855,0.12311567878935427
3.41065788925688,86.13592671383539,0.21372536678644768
3.414174516476409,101.30928348846054,0.23787331420886348
3.5861969825156694,92.96439672769374,0.1992372637974805
3.0487696282700614,84.68503252060154,0.15611982430712362
3.455968609889658,64.91363141892018,0.24822840468546223
3.0450931117400657,80.91879862797508,0.2711675226028623
3.3304267212312455,89.35348531363178,0.1817481402577911
3.631745378735885,90.80043982108135,-0.11923357847407381
3.6109410332673595,91.2535752841562,0.04149538219419899
3.5939063344382625,84.2892003933418,0.07008066526533688
3.6561988864796735,90.65792097136769,0.22489679494168063
3.595343529985981,86.98099760707903,0.34758050391264245
3.1017088999659577,82.90618114413614,0.07621317653402465
2.9732870397919124,93.91001535038716,0.14900719559666623
2.991271512699061,92.45743212817611,0.14206771723049655
3.150000316533403,79.36896300561939,0.1331130463495319
3.622010639415873,78.10449313624771,0.19836235754752762
3.365097286737276,86.99550136777451,0.02377068329213923
3.3439391036575157,82.20664841808073,0.25699157987144394
3.1942986731464136,82.62038606691327,0.35508948944985175
3.3922487754780293,83.01420140826413,0.27242739494811213
3.3518879854563446,87.36646710760411,0.11805304880630159
3.4971140693624916,95.94015940458522,-0.11583015661311723
3.2682639877031288,76.26211470907715,0.2795155697128517
3.762965087297423,106.25621580264959,0.586987993920365
3.7197147211234016,108.78817645905012,0.5539538277726859
4.055886683486912,98.72223529075346,0.3769466215680184
3.192916938412179,78.74724401786501,0.3982093819370391
3.2294789831273163,75.30995457262121,0.3343600750744384
3.387120453781608,76.07759989972799,0.5573238933394614
3.547788736583313,93.59183910314992,0.47221330784288734
3.3102753432923615,86.69030503257036,0.41484124951150986
3.388275264119205,88.004248525663,0.37975308326884655
3.6373709570999058,91.57461565374821,0.47862490480281755
3.5475320469451237,79.7698558585832,0.5721349174308028
3.6524111309049463,86.90494724743857,0.6698320649096733
3.5404836985019577,91.72740616943835,0.5638359940775522
3.4617267106802445,92.58561467177721,0.49103794924295807
3.116067940964101,79.49089920402182,0.5405854484295474
3.0243941307813946,80.00633084732009,0.41680914955848886
3.2105255260788077,82.87389017425147,0.0953774592235498
3.8626579847003897,90.02601928671132,0.014980795073201979
3.881019373937038,89.85554737501391,0.017118364554768572
3.263534145341072,92.87138932316894,-0.03174475337589904
3.2677509376784886,85.16343249862952,0.08740054537864585
3.1153766696364484,88.9572337692826,0.10877545259720359
3.637217434343899,97.02627919952546,0.30695149311959685
3.521731305548721,97.48757891487583,0.3863484008738667
3.4001016883611235,104.82218246441487,0.25520952350007725
3.4172677166110654,96.29143733643265,0.06788921371623409
3.136103971755961,86.48606738356864,0.17303672206033152
3.5198881629556595,99.31465927806876,0.013592478756251018
3.358953794811404,99.31351923397659,0.10074605736173578
3.548242570462633,92.09912572451039,0.21537140020020618
3.3879538545810246,100.54744669681578,0.05367549370449154
3.1297738753153794,77.8481037225415,0.3615345599642426
3.1803462693413165,85.43744221039832,0.30822541990913777
3.181247650212479,86.96767696091568,0.3103209199804678
3.3742846623716196,92.93143977539124,0.35826265654331513
3.2968382402091776,76.84902938407662,0.1719089211420369
3.1997896828544095,80.3915445721566,0.24429327929983322
3.4021400849719123,90.15479117930761,0.17055133740388903
3.289751258714105,88.31815515767057,0.237286578474844
3.4235975467256528,108.29269673877555,-0.15688667318399946
3.364047453650191,104.89082592539845,-0.12455718389233914
3.5114773498831755,97.98166298664177,0.15352368335926014
3.0165462974368147,84.40390214198095,0.11432903499702488
3.312019046146007,89.66570042934764,0.3046689522650341
3.2025132830625753,80.09539596039333,0.20039378658674523
3.013590300291336,77.6811880861913,0.028136490649387363
3.562648212276466,83.50336789600155,0.34252861425257175
3.3591466137488255,83.83465910044032,0.26648985294656874
3.5049087817786173,101.51336199525227,0.2369600512968281
3.406261746535298,84.18844708948009,0.3062688483111457
3.5523900635107832,76.10172986874966,0.10749946541346339
3.4522722534586014,71.07133727839248,0.13626732433949632
3.3511472011324557,90.19714499874856,0.0894100175241038
3.0964902033955695,92.42817585724646,0.09788636212834402
3.439018624952601,97.25556003150783,0.1834909563723942
3.054306123625871,80.68540817311944,0.29745369108323466
3.3730625567379127,105.42330605565938,-0.10500300229671787
3.3309505681184897,106.32167811772676,-0.05986756939790705
3.43801687705609,100.56595886274951,-0.04412766169534711
3.538883362962005,94.62298087600018,-0.024496859847309472
3.5908867251229317,84.71673530797594,-0.03865378476284211
3.4915561005758864,60.434430542400655,0.33750731813193985
3.2938915207868424,99.34623247674305,0.005391374159480362
3.5879054080412054,89.84260216658447,0.19821888663612486
3.2083365571608398,79.08536321747782,0.22115413718228097
3.2738618171145215,79.36993130861907,0.17711738939511773
3.126365589547158,81.51735847075588,0.21848677594492963
3.13775806017485,78.51084585527136,0.25962066373060233
3.1113263709309122,88.11283499121137,0.12380123978070252
3.2903760038366885,89.29275813388008,0.2192566941430437
3.304301453170598,90.03769567642729,0.2421044882177952
3.107704026812277,83.73634637860397,0.40461525539027365
3.276243085421154,85.41978986121202,0.0477642027501876
3.173307315103981,86.18329212848188,0.4099843848344263
3.37570258903352,87.61183590694722,-0.05992472541989213
3.7664221532708155,82.4311782047971,0.11305007188112291
3.8402823877369987,82.6226369607664,0.10809438413355603
3.7339297181688544,88.64256579565881,0.03315241775974243
3.6315931314355967,91.43935892976087,0.006803648709373953
3.469218067423132,98.2660432628521,0.05438908708218756
3.1640534453618003,82.29669080193551,0.17191172517334177
3.591512379662511,106.55229893202662,0.1341095996987649
3.450685784083412,91.60187224524903,-0.009170267040882736
2.966053049168857,77.5940922598952,0.43353793767410187
3.041203672336621,72.41243122522752,0.504000130147261
3.311587591327658,96.98672887153782,0.19901226522299956
3.5611376315186214,93.98583286817613,0.11151373313825608
3.9486646246308545,90.96826604651582,0.1909408658005304
3.3732221802086313,99.35743348149587,0.026798127477650813
3.3125433756695752,93.13071431637552,0.3448991019431391
3.461283365930973,94.69608144032227,-0.026503351794025798
3.2268883187142414,74.04353991754688,0.25639851483672277
3.13213456831641,74.49358793431163,0.32183119430441376
3.533862648096502,91.48275959004707,0.09080653501948932
3.0953048293878873,94.25055389179532,0.10036948626871217
3.345681232560073,91.67615726117089,0.0242667672243021
2.957629164513166,82.71677665344934,0.21780622913570669
3.2510260424163415,84.87899516918986,0.37639082883180197
3.1328642227930548,79.50030532010487,0.5756604008861821
3.2699828365767827,78.8566199780744,0.40965109861057336
3.0041337713964302,79.59810538431036,0.534607143397782
3.209035731901179,85.67503169922145,0.46196478013222214
3.251690474498263,91.64442393361415,0.28416149290653286
3.292386270950601,96.54553539023252,0.08338927135529137
3.6790672787609515,96.48959638513115,0.14067902839248633
3.5719803176102682,103.03116077156024,0.16338043646880354
3.3143086545601133,97.42758593644015,0.25059461493962776
3.576776580703119,97.7858579783968,0.20458311182919237
3.394771083311064,103.39433367934531,0.2759864725205487
3.120533467621195,92.04171141220286,0.16622249878583495
3.155246569246609,95.79334541027093,0.10845808509583853
3.1932534966076522,90.67180071827329,0.0655391770747506
3.624866395580567,90.44051731342219,0.20226456088227285
3.722675587013671,110.81999038470796,0.04034760806357456
3.09012552587228,82.35414279068611,0.3726524577034426
3.2333430137634056,78.79878281227691,0.36860004607899954
3.162919995307557,74.76103324092666,0.26595973485368624
3.4253268335189433,99.93142509000859,0.16785615768055753
3.541663258447854,100.5247745821163,0.013959670351524772
3.578152564635306,96.06698700724351,0.005589712141604181
3.5631512417736997,97.11703719967008,0.04562775713235242
3.4482737688178435,72.19414110958716,-0.0369069874110019
3.683760768296334,76.11833892983528,-0.0269289381204658
3.6275912694802037,82.18776602568953,0.005107002787579707
3.552550997343641,110.23665254027242,-0.10964419570726341
3.268645264905374,97.18647546723841,-0.04273479056718217
3.610766243038664,107.16099240957902,0.031249358579980627
3.243907853228296,89.50058779076475,0.08626661847080815
3.3868120567291906,94.9442499573689,0.09285821573899657
3.4519567812101744,95.62555130729079,0.21860839180822406
3.4095005785403796,97.66517355178337,0.2071485188616412
3.208924202510649,89.98682858273406,0.44687167675434497
3.2113742468574498,82.75902001894437,0.5730724835996165
3.415011893566174,90.28449412238892,0.46307327989138425
3.320348491585791,71.00703684884972,0.2855852287857653
3.410014428787973,75.29223642576576,0.13302029135625637
3.4326186403030885,73.0931041319727,0.22021690458991144
3.6290468877821183,69.94026727096217,0.010187631610390163
3.875380799008849,86.05260911009246,0.26467559250800093
3.5540232061143304,68.49378609624429,0.15923133759465138
4.04951248502487,60.32665970459778,-0.06128542573927945
4.308521145322729,51.404104635589164,-0.1851601956542604
3.942392034366122,44.73272273557585,-0.06258572263117954
3.7666151891864303,73.33623957594426,0.20547140266207348
3.724363478686698,75.750468043054,0.12026953728388723
3.7577273585680473,82.05806649112172,0.09633867254113221
3.5701452913888483,76.26987669003218,-0.05936206748331886
3.584475517559153,96.14545344741398,0.0903128656502511
3.501153485812106,99.13740156993876,0.15412054844525222
3.3060285668552494,88.84521829340272,0.3418002643865673
3.384200861006558,91.26972427589155,0.4432447331772978
3.2974220076723313,92.21816571602773,0.2536392903004662
3.238600314181544,97.17837327160706,0.12590043378654084
3.1468852702823553,89.67178427554298,0.20001995003807882
3.3671728992276226,85.90011360711262,0.27542920117052466
3.093163791648617,74.55248012740147,0.13418346854419438
3.0195311293949185,85.3364023393291,0.5076037075620253
3.2548217317107064,81.19265040738,0.27065716197702044
3.631899856541936,92.53074340107189,0.016956661616489666
3.445495378294928,94.07476788556608,-0.07806675535720448
3.5276550585899513,100.1504562815686,0.21293582871285907
3.8011267382521075,107.1717297552522,0.21275243361460217
3.2611035002089452,95.17257164742747,-0.058089488522778975
3.327723805728246,94.43993609391559,0.36821512159597614
3.360654496242678,84.9482449198879,0.30701641323199313
3.547757492828234,91.42260177343461,0.42411842467132793
3.739319118886688,96.36443634060704,0.4939891896239635
3.517368734683192,98.88926995977195,0.3696298252583915
3.200086989965255,85.33542515575613,0.23324279655995547
3.01060673709996,86.88166303907778,0.10627029906587895
3.4451492351274147,73.80026770822224,0.19863431661105557
3.3813755677639903,70.77598216948017,0.17658439080718655
3.2129954957026885,72.71497851747108,0.1332332948513666
3.3888088490848256,84.36664323738992,0.42588020808480653
3.1730928980393407,84.12287273485943,0.28102448303616284
3.1275905608090957,80.05755777399821,0.299798327141049
3.2630116004731486,96.33328685203223,0.1978634455129902
3.2235798271218474,83.60389130217904,0.2586916659927185
3.325388093996568,95.59899412860717,0.33327326017481207
3.2303610916531875,89.51526584634053,0.11542881179091646
3.376392885263798,92.79040099004342,0.22662864014613485
3.2161324368759923,74.46064292608354,0.1861682965633183
3.253247485329268,99.42015034982158,0.240688787688354
3.3755304163970505,81.26126839408322,0.10849285656174312
3.285644656328578,83.89926079097243,0.11073312707723
3.5424202348351232,100.20769500034557,0.17982159482541446
3.467271921909685,95.47434125446756,-0.006944578541871137
3.489303770270535,85.13770230098777,-0.04370483766417244
3.6209366241225958,87.90607105444772,0.1137534123853287
3.3893522769212505,99.4076349515532,-0.07309592855613135
3.657652419427022,98.6615164728359,0.01543784771624048
3.582729220838853,109.77689040068013,-0.013799347421292263
3.633098531613264,107.28261873064366,0.18518081311676626
3.689286821994003,94.1541716318741,-0.028127769752304285
3.11949284306824,91.69868901953029,0.2777483253091269
3.2862573271765374,76.72695624105992,0.20704745442399566
3.322579025301191,93.72859415251423,0.29334135647921405
3.4429623347222074,92.51176038815356,0.3797117914487049
3.572084946853752,96.31376512676816,0.028754634533647367
3.5262447629913427,97.32682221432593,0.049587770576669854
3.111931351794485,86.28533049452462,0.24861571197483104
3.130202745478306,87.15217635935709,-0.01476620514178498
3.200607505334966,89.11660011480566,0.02192691093826059
3.5534279236587274,78.90209215482939,0.26579808931207555
3.228482420277546,95.64582835291051,0.29030983611470906
3.2699497140189675,78.6932209497511,0.28562432172170654
3.5692280737705913,99.1923782168328,0.19299634607766858
3.233313401774201,96.03739190250514,-0.04354841130429016
3.0633596178418374,75.3102422195867,0.3962213854363648
3.1764670489954545,79.07896157591732,0.6348678674074715
2.938105487475853,76.43762095130661,0.5408705835431075
2.6483685814339757,74.33177571369379,0.43547794783363414
2.64369036826893,76.95127478902275,0.5026756128719053
2.8479133766753666,73.26488874323063,0.4076984699542977
2.976245967715418,74.90232761590785,0.29604935452084635
3.5209607745719893,100.0215896663017,0.2967842889284874
3.330039783208724,84.484594393077,0.18020640529673645
3.472631696984765,95.65484146984234,0.22933591274904097
3.3079743983712278,89.04741551330642,0.2991851357254098
3.1425451543321827,77.86430305479088,0.48247444166688425
3.1284102031981584,74.38558690843598,0.5139245303445492
3.5984447838929103,89.77645223910459,0.4382454280517477
3.6795659464346,88.7542976220593,0.4145516435157519
3.4516138816888353,87.56621014898577,0.25497013013607656
3.0890416718416827,87.14293090617666,0.26710675231494857
3.5180692555032533,101.12705139917583,0.11289191786333748
3.630294663176743,105.71169940615542,-0.08876115013614409
3.4889739409806073,107.41983074123696,0.023327299237813362
3.617925352273947,94.64160689464563,0.23014446134596567
3.464200009203194,87.08814024576792,0.3264030175552553
3.6049279800428695,75.80199936876264,0.04372451087413148
3.5413827746745907,81.98942314947395,-0.1302716221706386
3.650741058091755,79.31441559633045,-0.0739740616492204
3.5656025712393284,78.31888756700663,-0.14424216782084393
3.4722176056242073,77.75411691136893,-0.08402081530804462
3.6599060067841127,96.7317517616001,0.0671394863446185
3.68886173392504,93.67486636838073,-0.13433878296806337
3.681304088317613,93.16018957072554,0.04267444518187224
3.3652589944325006,95.27326961284034,0.08584984455383603
3.5478830026983275,89.61483059287532,0.11526237457486828
3.479643322714946,107.74336972035563,-0.01787789354860023
3.507908446788409,86.81362661738525,0.17114899257585192
3.5350847506055736,97.76352679981693,0.19164113459348514
3.2734737008723456,78.10619248348706,0.09384200468350053
3.3646760928659973,79.75962019903984,0.18525350651821598
3.2573159659000455,90.05184545696947,0.21696998548820506
3.3072562344266214,95.05057682239953,0.11768737364828788
3.2730146432736893,90.95349469971084,0.31108223406727714
3.648663610054512,76.66642363031582,0.26874112602503814
3.438569037174488,105.18924740597598,0.3866882475679598
3.63389730042796,97.98034656277872,0.20475943215600548
3.425609200356614,93.51625610611042,0.24713519910899223
3.254321397614393,79.75877184018492,0.11831098543291022
3.2606757730681704,83.44948952408404,0.16867190147176
3.352163395415997,99.57085489534137,0.12253228292368347
3.573810402537452,100.19677008819666,0.19791868432901163
3.5890583217915206,98.66186252095986,0.3163738385945523
3.656358726260024,95.40741368345954,0.16927486164306838
3.670286188631768,97.118404763469,0.2066207545306875
3.826298047709942,101.00526297725887,0.15207115707534755
3.105223026078071,93.27004601859679,0.022291878660741532
3.1757353788322655,88.23085412376719,0.1932398606474884
3.4511288707470484,90.17090633870865,0.03492778916795517
3.3705621558422205,99.63373655018154,0.17604282080699749
3.588911423339204,100.25515825455648,0.2894499548778522
3.6130905383847045,103.52840472110282,0.4069796543553879
3.63378010953583,107.84991866239817,0.2745022096164271
3.4677005398616325,88.50696780621308,0.2063199492315329
3.6699368278564806,106.85057385473779,0.15085926340230163
3.914809467886661,77.60274781861985,0.2174875448316123
3.9337023075115303,76.65295529325265,0.1904230330373271
3.4652723007056383,110.97413914757874,0.15113099257178697
3.505204907488397,80.33480589530427,0.27987478076461203
3.550182813600784,89.83978345810081,0.171643762198377
3.4440735485464478,90.83553939441276,0.14091201200951914
3.1969363157884274,83.61438996110898,0.1687516196741108
3.2066958573588233,92.77842291943509,0.01858659514224611
3.5521785361836975,84.78161004843199,0.29280184600615283
3.271921968364133,106.75624574334537,-0.019647907742988694
3.3502504493264387,97.66542914543723,0.01322913574700651
3.389020462599849,89.02369968260466,0.40113944946281976
3.467722809498764,88.61923900953246,0.40781813638471487
3.492476681481414,80.30622419760859,0.4046162987075986
3.4788871201111267,79.05971603817275,0.40011392740824336
3.088077942906923,81.72894034001997,0.4062251707477825
3.1763761274774627,85.45763680373497,0.4202075062307327
3.586373752795161,87.47707931947451,0.44432102654564815
3.2866731114545593,100.0010368738509,0.21980035020748925
3.334294492512562,100.5593337163584,0.1779212370991565
3.2858520481866202,89.91049611045413,0.05036919844088065
3.1642524402272363,82.13367136536006,0.3505891520700162
3.028362385236921,83.10968028516861,0.2743036177623499
3.0636219117161487,75.38190186190711,0.3340908268347328
3.33779736292592,99.04471861442424,0.1633809754222661
3.7182793382017234,104.01857455378934,0.03216083648445847
3.775088464125524,99.3434564104576,0.17174455205536363
3.50625568744341,85.78135950960932,0.5218581065197541
3.178059880858953,87.72140551379992,0.4251314397884304
3.227568593404706,80.8899758463455,0.42388606619109437
3.61128875943174,110.26274376126692,-0.12561996961819805
3.5583405824720558,116.70860923303182,-0.041208519463533995
3.7247000995421633,100.76489108723757,-0.00429320731622207
3.36651345202269,96.9618278085423,-0.1182825680642971
3.633866626803145,91.403880458777,0.1912905261318538
3.2741710303441045,85.36058071468047,0.04985156288166152
3.4232818389012056,83.91394302783401,0.09498563444433558
3.5973884333626978,97.53603199489663,0.07849764126629967
3.7333466659544126,115.53654497689239,0.04228157665718066
3.742197768257311,121.06086233958098,0.055613613025328655
3.687699833781168,107.46223506920751,-0.045222338767741115
3.301138971138638,104.45076481269581,0.004392526819967444
3.216325262893739,105.69668575969018,-0.06991728168373851
3.1639130077818707,88.72371321335716,0.07491064697337621
3.2247714817499626,87.78759113629775,-0.03247446215872161
3.351393428256548,101.34362163616937,0.10741088966042728
3.5172699739165485,89.3556082482588,0.03465170480894904
3.3450569212599497,95.87682624606478,0.17899649400540588
3.1570474023768873,87.79807385575562,0.07581836306234328
3.5855165484717273,106.46416765696492,0.0232660627167768
3.602746986830605,111.68907506837984,0.031112887176429335
3.352146671717009,81.52596188849323,0.0836169558630335
3.3646013760244857,86.1559629684893,0.21444349655721537
3.3251405225596495,95.79979708273501,0.01898542321472613
3.5634022940008534,79.3077665028189,0.10774388796045808
3.5454152759723083,91.53917017751081,-0.015927438063347742
3.4056746254704855,76.22334047962038,0.04752019217590348
3.4241253373210148,86.58025822774597,-0.0017879046079749773
3.1980405992305085,93.23495223310364,0.22168837986783915
3.3444161410104805,97.23609372061928,0.261789738579449
3.60109444899259,96.36196913644987,0.06703082581318648
3.548392620020132,89.19417894008957,0.1849746988714361
3.2560309176203015,88.5105529458899,0.1225146664074208
3.0634568638689705,93.1981238655593,0.12636292324810997
3.4258671677154777,85.55504094827891,-0.05347315583814696
3.348067283643736,90.38131427734308,-0.03098422746202605
3.4653611578596277,89.29399307049815,0.039448013296492765
3.2230013992467477,84.3161139362662,0.409548833532838
3.1913089344393537,89.28463184336053,0.40349567974359996
3.2848472351214304,79.37212068429731,0.09849637586705884
3.305834976239912,77.71820326105026,0.03404738761451789
3.4676744798887746,78.21639358752904,0.13418825264445813
3.2446048641526346,78.41044986903847,0.1673006583693399
3.163785798437621,97.53340385864448,0.11339967237348486
3.134580557189452,89.4382413932102,0.012949741012659501
3.0126346456892663,85.32129158847151,0.1007853881105725
3.0769030257356866,82.42376841599298,0.13955853924637607
3.272790770960927,96.43413196413563,0.11696289401780391
3.5917622972878465,90.77640748898098,0.13974889307582672
3.3038221519463358,85.97124941445428,0.3192180611969538
3.1211625661363875,87.39462986177982,0.12913969356927943
3.180132353680459,87.75016806701781,0.094741222814459
3.3875384008281144,99.69506493244089,0.2868838359611689
3.388311273956895,97.3103331720734,0.2633741959335624
3.5178062204622393,94.72892476214874,0.4896095752820552
3.369557933083951,88.19936262403607,0.2676116553057968
3.2539007375738604,88.21922266561752,0.030137688773478367
3.6815717015538243,106.49696840164461,0.1810413653234785
3.5736206058719535,107.18200407096859,0.18159987229063385
3.3020943738920328,78.07546308926287,0.3800409274478003
3.3075740601969255,87.56172500508129,0.30572337107701886
3.1741907818069177,71.9368136390103,0.12799078101173653
3.178726581645957,74.49032641829453,0.35451966686973246
3.2828467521689606,78.05871163768725,0.29242719709674103
3.193259801279969,87.7418890208672,0.281696330233668
3.0259321735192777,80.6460764394923,0.36518139244279624
2.621401299234237,72.7345358121773,0.5502049224952779
3.206629542535191,83.35971430345026,0.3008632681204064
3.1823949524092456,94.62823573805991,0.18256486486194312
3.385434531560054,93.80777226411084,0.3305303460825457
3.3368825562993423,93.08505275816381,0.33339786703146984
3.371984988398733,96.70038547940099,-0.09204877609072264
3.3980718511534898,102.19622642631793,-0.11759788823962995
3.665753817192788,105.23183708105311,0.049109403629094446
3.712630275129978,110.44951994439086,-0.10686708395913264
3.4191773091018547,89.57247124530376,0.3320578156964386
3.461209932283176,90.90277061502834,0.29030382358760853
3.665592841954096,89.97781450519851,-0.08146911212736012
3.8292184503052327,96.64951258303448,0.029429585796903645
3.2003521982986656,85.95113307400818,0.291405377543596
3.110083696896846,81.11281000518807,0.2512120172204667
3.1579955106469244,83.57541216220181,0.5124499645266687
3.443765110259806,89.04295746963737,0.03813005271217879
3.4183558546635147,88.33701155423658,0.03423491894497337
3.4385266549962643,93.37901988616619,0.1621812937631657
3.5037001343112064,103.83630820469563,0.09447156213010476
3.5784592811022837,93.75110289538055,0.09021413013133024
3.1632186034808094,80.62255591335631,0.15523895888557707
3.1424433565352947,92.2737907336733,0.19891707323200028
3.48335399746777,88.9160918735965,0.14689954730910637
3.6166039754331227,99.22756435647649,0.13410267501398293
3.52777190732873,86.75072248954193,0.14437825115891736
3.515909035713752,90.28969132054374,0.3870427641654885
3.4147818181369063,99.30031127449931,0.397987466784693
3.2612210176097935,79.6316374626435,0.13113808594941334
3.3852485314810634,99.94860377909269,0.22999110632184203
3.703284541444481,98.47341429019473,0.09570581465632547
3.492425964912654,98.84104284830642,0.36516731417939585
3.5141541258416633,91.61966679530352,0.3474451951985463
3.3198937419505192,93.20506317812844,0.19424158961455823
3.407272406551962,91.91332628992184,0.21704775226788303
3.3791775817875367,92.02228775034209,0.22874932534337553
3.336788269639416,69.89572743616986,0.26425934813155266
2.9933767201254913,77.94641385114639,0.3198617031515759
2.8698621565057834,75.09789679816265,0.8537240725085988
2.8857752516084068,71.83525451401628,0.8525439046868202
2.9545052579684508,75.9564575191582,0.7417573457522545
2.9251606152512175,76.03924248462013,0.5774886338561038
3.4194679143268707,76.47985714625472,0.20989996866469232
3.2067372379972054,77.6126533234001,0.34164813691056967
3.532508173175903,96.25004910792795,0.02798150765479272
3.411647882866587,95.33057676679695,0.06778001830751795
3.350865114204672,90.67931062395945,0.30269370681876173
3.2049445466029396,92.36689912569764,0.132411649945048
2.998300971507126,92.78646218731913,0.17450584887515408
3.116764011895744,86.5334317984126,0.207324426245068
3.132486637448325,83.10094954905142,0.2953168123717187
2.86835646067218,79.36526614422178,0.387999883403841
2.9539108381750063,78.40394888086269,0.3735471424080541
3.3073119807541675,90.72897788356399,0.3497527504632543
3.091042013218402,72.90583701709983,0.5750311410206409
3.1041093351159477,71.15183219987001,0.5419202519722731
3.4276963771237865,100.45835103623492,-0.07120355227552504
3.43250230076725,95.54042238719146,0.08402676893206669
3.238875040827459,97.95389854384565,0.15726496905819562
3.445151136256524,94.78328007669379,0.242605676575893
3.2270786350973295,83.28227818736005,0.32838501215421234
3.058124868738482,82.61827569422191,0.32197826139661734
3.0798425652598755,83.00894117293994,0.26999921341319827
3.620877140229801,106.29566737630904,0.009440061130525717
3.7917543063967085,102.54955470933334,0.05038009154569142
2.835385490726094,80.84689613204326,0.4057296384053268
2.7908183443234327,76.22482561480707,0.2985664780147989
3.5726929897347555,94.97074873725403,0.0990392392569604
3.2818469922452547,79.80762111257786,0.21763900098614597
3.45432900022621,89.63098588202544,0.0593165042323204
3.3564704693064655,97.36370312358746,0.2673666430411978
3.364347488589195,84.94587564919655,0.2829899458480036
3.3830424336712435,77.62835031909101,0.24343658386077263
3.6309690540047144,81.09339802363604,0.3104031129438256
3.3316496390749544,76.94791414015702,0.1496646883092831
3.247847218739052,93.08249643972259,0.36744969959022294
3.2721709288602168,90.7893754383664,0.33238612703279785
3.5482393967522237,102.95792530710229,-0.061823711089472023
3.318632519460966,96.20502861545096,-0.020367072056169305
3.3726937086680326,73.13019939912961,0.062440262923305075
3.1193019741950088,97.7059670087723,0.20472806094197624
3.266036213891314,84.10129171292762,0.19765857543268972
3.119376836591369,86.00986196402516,0.24279139865701493
3.381981987640815,90.79545156594105,0.18384058680167065
3.079904860234239,87.00059811732183,0.02350941431868167
3.388178196709296,86.53041302870153,0.26300064424019626
3.6400023169472058,80.45300035291554,0.03611435638962182
3.6419462801679434,89.40128987819415,0.05073214406172914
3.4303360588393255,103.40573031741978,-0.010542974925160311
3.0019629735728914,65.4818964876748,0.5393789707095723
2.9699789659329525,70.96422856507213,0.32090533359912765
3.5619252507842263,98.89528899925516,0.00993737515379244
3.40838070154148,100.37751342069551,-0.11181621801711897
3.45239026968277,101.92698591904345,0.06356402159405977
3.492878318933611,88.90514776946142,0.4892520232237202
3.6521755996261995,85.53710316029196,0.38752258107663196
3.603896779602266,85.57455737187291,0.3145780424969556
3.499314794256352,85.85109580537657,0.2363694991355471
3.5758153284616983,80.79435778620723,0.18928941967489457
3.454981371566513,83.92395081002718,0.21817922933934736
3.126370922885329,77.88669017984026,0.041619282204112325
3.028086906778465,87.49290044974481,0.17505679948109124
2.984955608305599,82.91533004494639,0.12365288429525567
3.128132110177274,90.01570165510276,0.19077497366222404
3.2640799140158716,88.62183997504039,0.2061133817285208
3.1986881655912662,91.89805261735566,0.08572380911531587
3.6317763774460254,73.74633408910523,0.20480390604676285
3.3940307596298758,79.55992764308277,0.09275980818020502
3.579965458653714,99.54761166591413,0.010321746396540255
3.5962587262940358,97.65450637337854,-0.0657025937994229
3.372300070801646,103.45147271363261,0.14339462579346707
3.3677543274777753,91.62058145526227,0.01668000133769108
3.268113876186969,98.00082703017037,0.16445615809854214
3.2936950152270588,94.70276589114657,0.18016198872954492
3.3691658711321764,93.21382655747495,0.027845518591323053
3.2594988011134296,96.43151312384008,0.04813073951450224
3.2823081940778636,98.75807843831686,0.09756705593065877
3.2532017276885075,101.12564717796592,0.09128682700281507
3.069438383968017,70.62993789552715,0.33141149689389343
3.2108695144680133,70.4718192683149,0.3202861521794025
2.8531404324200316,81.3148968419086,0.23519256748713613
3.798781180473315,101.25511771860589,0.17167125655611956
3.030827325738816,90.64463759655418,0.0746416226607839
3.494484286780431,78.21762883075999,0.1265638059181062
3.4970581735759536,74.66104933330384,0.02108520626312825
3.57657013139603,78.04115514248834,0.0735620332787516
3.2620080712826973,85.09742989353907,0.06259296312205496
3.2274100117889515,85.50616537963809,0.11789656571427491
3.0256180827198147,88.1020416690416,0.15623470090662456
3.1481040119139077,85.56589325292144,0.14457343790392063
3.6047449321176184,95.12457136652513,0.26905236186618187
3.0894110585911476,89.3965094427019,0.003197078172683793
3.3775903631786957,74.89878607509579,0.5498355583123282
3.36168254684991,91.85217717497446,0.5675240517169351
3.4579248024681686,83.01746434986241,0.4836401420885637
3.242867613172828,91.67214597414421,-0.049783229979213105
3.6035551771286127,79.4679057790347,0.17549166631838092
3.6591991757946434,99.96174405212729,-0.023904391556953265
3.4510934029352174,92.85487511516503,-0.13529054123648723
3.9997714740567085,91.9197630913222,-0.04579030254541444
3.9699904323464428,83.47952271827131,0.09614717448842665
2.7785725730970188,87.93573213105878,0.17570624702024365
3.178371867486743,77.05994223053884,0.40396376474085843
3.5137382656198137,101.35018873164064,0.3415177735936889
3.3489532662060544,82.7488204255381,0.34796053497522145
2.999927515830146,90.60065002052463,0.07967873407238436
3.0650913806599007,90.34553359687841,0.03814618659871895
3.4784184317654425,83.86478262063827,0.3452298501907046
3.1717566816013827,87.0603546288993,0.33082147066703793
3.0791720904556916,80.61616963058049,0.40359866630950025
3.432072848436559,86.96973510150006,0.2566800978820225
3.455047153592534,86.58159612036827,0.3938471480234804
3.472084056426832,94.77394556803995,0.4174644875894353
3.413070086702726,96.63933601624751,0.4484520183742229
3.5722513575701154,99.85008739512077,0.18395106993037455
3.1249594384487263,81.87428600906665,0.4059116392546935
3.2325765916399267,87.59164600086741,0.2234815571563777
3.27886700501583,84.0092132323907,0.05702484255658237
3.3658319780292336,90.29407558024756,0.10049006141901425
3.30633234545725,95.53432058791459,0.19186703307891925
3.509251602321126,94.44654962626588,-0.0259799134108479
3.3484523230057253,95.54570362714459,0.21877225526571933
3.387241952640079,85.58106603501743,0.4396902829588916
3.229549917284321,83.79011841625288,0.5296504321605244
3.90715564316202,105.32795253156071,0.5866205325313033
3.8691398633929923,111.55037329383408,0.5307432580322302
4.04151621279817,119.62367098606876,0.5101919253347262
3.9899307334480367,101.81136807746284,0.5633371412604183
3.4315565229785197,103.36967953564104,0.2571323343713075
3.234403047891626,74.48990794942478,0.23243814069615776
3.543795988980587,70.2838556914205,0.23152108366986385
3.438060498803647,77.83187706710355,0.3831874830261699
3.23714772200024,74.84883392117383,0.0273332286925499
3.4713660168760163,82.51496718433464,0.0157474884080747
3.6972129634710527,122.68783247673626,-0.057794713783298333
3.697103730861807,115.10260773458147,-0.15457252407798416
3.5156910449489422,113.07520935613823,-0.05834707611359902
3.5630426459025926,105.97684830299976,-0.010637126461631308
3.4083453347438986,100.56221356710383,-0.037790867740095324
3.426888928323362,94.72149174991456,0.011049013159645349
3.616192093735153,100.30538624134998,0.22170807205073506
3.4096839831246464,102.44937482257524,0.06479705565414476
3.103298753402539,87.84622496648171,0.20542037399906277
3.3008790346513153,94.51831475495705,0.02021370435080798
3.3581692218289105,89.156312959105,0.2821782793544823
3.4754870322169795,105.14127096199087,0.35743825849950606
3.198447271267417,66.37517240710608,0.07637378054512446
3.2349077658952634,70.39116573738993,0.15605746174412527
3.1837469880104536,99.44138185307342,0.267322308147764
3.930514874191029,84.68725756716123,0.06549361471608675
3.308589848366852,92.258608849566,0.10095733622848552
3.2551853321790363,91.23414188563757,0.02282030683567673
3.223245934415068,91.8557291857596,0.17596344714515355
3.7568893311649654,96.64533716738127,0.07566684344085617
3.5772829307319207,108.36804819596229,0.10614730095583405
3.620890210006804,102.65263483902258,0.06111373933275591
3.4338206696153177,98.1745268603362,0.19915827150166118
3.3244996085826464,82.6986315407766,0.2941153509268729
3.3831079906432437,105.33554503513946,-0.05750024848364738
3.553469842337059,97.59459925030168,0.023876701904767234
3.64271808648996,91.13810319499281,-0.0248958275485926
3.1840908342102607,102.09404154404262,-0.008730972716455569
3.1504580811118785,99.97909925178361,0.012923988464865267
3.073482949285449,83.91395120908619,0.13265699968026157
3.5363252222162647,77.76858523432622,-0.010207887385101524
3.5614547194013375,78.8148227441042,-0.0935848337300684
3.761383801715469,81.55784894939342,-0.10179402652116344
3.7710913029789666,73.02820070192936,-0.07594904211611145
3.6138085244379305,77.14035301599638,0.09896196600379137
3.646777726543049,75.36559610268893,0.07417367813026693
3.0950507233507425,83.76742242851597,0.2507967181949486
3.1770230898044427,87.76994364146584,0.2685669096776376
3.608265535872233,91.54941349717713,0.3298256509740987
3.6351607446655674,94.23414018960229,0.34251145972913694
3.4416363044919054,86.76949000174388,0.37518093929201524
3.4601274113328304,99.98045895515165,-0.14457784056985304
3.4888930086367744,83.58478618236413,0.2378116746389285
3.4848205145128874,83.01215745508777,0.25907638163081753
3.4506454548864185,85.63563866917865,0.3532355629076814
3.4780506720263316,85.87675243026435,0.359696733479591
3.3812092975046406,94.06595147596083,-0.054394186519557505
3.2812199714029227,81.23307081337124,0.32152647117884675
3.300437511517832,100.82678824905118,0.06568615237143437
3.293529504371744,87.36161336899386,0.3793322165549936
3.2745316909982103,90.43889392827646,0.265465630715645
3.437284709643671,99.88378837746234,0.034123873269845416
3.6231528728943423,95.3523036996127,0.2554119508076005
3.339009112314378,87.12471014810622,-0.03930148443788227
3.3196909734867615,87.48749336380574,-0.009717026807777699
3.607110812006632,106.00445857219009,0.23277656757690598
3.6674360589299586,103.47806429523634,0.09623654035033985
3.319170387796332,76.87903186978059,0.09825879847892884
3.2377905171015073,90.66910071068718,0.02858260692049463
3.2923868956438036,90.20760145508167,-0.0002306082114610728
3.489509600406055,85.095422833254,0.09283626634351184
3.37967919008663,95.22895677881957,-0.00782791908248821
3.3909722397450763,97.67964523857401,0.07802747746201105
3.4481905611215042,88.20728692029007,0.18646320940288424
3.2619645460420448,87.33611954662292,0.15422909254716713
3.2114836191699303,90.35318828624641,0.09243372942965128
3.185799217195571,72.76728214749066,0.2776532159943176
2.8133480087054825,86.37772329181976,0.2541167104804902
2.9228398853849153,79.1113541393335,0.4009271338178205
2.9335753640936337,80.57983969804121,0.34682873111630125
3.5936615183816096,101.55956093356107,0.10411611526205938
3.400624021094082,87.26746013390955,0.19776146428818855
3.6204167847805726,97.2495110758881,0.029832796188997524
3.436656847202239,96.93993717284717,0.02171252071813639
3.492056403904258,94.48887717532938,0.09502680817421345
3.33911039970229,97.3597603399084,0.001560692119111687
3.4111582899934576,106.01710057643736,-0.006018684596491353
3.5536580941697173,88.547967923647,0.1640892759308768
3.404055320490724,101.39846605299921,0.1635576297292179
3.820742324053699,100.39298886442754,-0.007073383486436528
3.033890956910176,68.15515540800129,0.24483851864047304
3.0829013479220784,70.44418374104006,0.2678885481224133
3.3856199651499645,86.38397885422948,0.2891654593945061
3.446335439138894,85.49356034553362,0.12147033980727544
3.380336215716987,86.48627799305596,0.1297498297625319
3.136150221788068,88.53675889924568,0.13767680976059907
3.0494785957976083,84.3178742116909,0.17313189753065264
3.3828480000030687,93.0000002793962,0.33356144462998416
3.4013769335057202,94.94550190725029,0.08363621006898705
3.5247467011848705,87.54420859828643,0.5145582491864394
3.226982827887294,81.86977640824524,0.393897654120241
2.9368691341963786,87.10507449551275,0.14582151073479838
3.529376185841389,101.18762639635793,0.24132015210000407
3.259972864720583,89.71084299240907,0.0426810413057625
3.661880726158161,112.65672391569592,0.06651805841786095
3.699610554343076,106.49602064660456,0.13471475712156458
3.2762464581963844,89.07503547055533,0.10394987468058542
3.334061813751402,82.04165950179708,0.3139093212390403
3.669360258652403,103.46583745093459,0.19281290596894546
3.196941325782561,85.59224019473034,0.29780431893462045
3.0275928763729554,82.2724334209081,0.2960565306066366
3.057380902498043,78.08708129932124,0.389880962791746
2.88202112247868,85.60311529339305,0.10681881700154999
3.319573231002353,79.97352538970225,0.14839131713246587
3.5183778285942493,87.75188040025826,0.12364700657622825
3.584843986550475,94.42468225937523,0.07782864366140498
3.640626005681277,101.63834055583924,0.06718448136377204
2.8653338466670717,62.69914729087995,0.39511229215916716
3.8137104074956656,71.80277736234305,0.08750721562437437
3.6082704938416454,88.41817570296891,-0.09593193361167665
3.230035142798305,84.75490958102746,0.42257984996098685
3.4276931510834805,94.60033183218735,0.024737072142527156
3.562853777085901,112.1837838186126,0.13743067839721576
3.620151639623901,123.55523820769469,0.09428443474763432
3.91177059326439,83.41257135773213,0.1607019214823846
3.935932385468917,92.04207726839508,0.32613275039261874
3.4346697436612614,82.01133860660414,0.168046688793555
3.558514511043455,77.82577701304788,0.1288732723066116
3.5856227625827346,115.5500668112876,0.06132745573042595
3.629288995205161,113.95376338921449,0.10456194464199284
3.210361824953036,83.16283873219645,0.09385298219905032
3.3739507653149663,77.34918786082623,0.15228484418054833
3.364844566887186,76.9825847181011,0.1549114224571416
3.2575552785859205,65.64702154646332,0.3332435753694131
3.2659939505397837,65.64115712903983,0.38528940544790985
3.2801555968232754,99.5941996966347,0.0876937251214754
3.314466895276126,90.66292597268304,0.153670008836595
3.3509375764516665,95.17464150352977,0.08158314096453576
3.368617784564801,95.15848121385527,0.04615511757689415
3.5206615799980363,94.4690843714639,-0.07006227697311901
3.5799057536256678,70.89460174197224,0.12991789074275858
3.6297635050571606,81.86827937609823,0.03344104586150521
3.675107537407318,79.4944591794605,0.024221233624656332
3.709518293105032,84.72802137846804,-0.15140234462142796
3.4777801059921343,95.61061574383712,0.048967148757978
3.116007019106345,89.71402825411845,0.1559407357593896
3.423674498887508,95.75314285306726,0.04163974277763057
3.19034722358419,87.6328670400872,0.2326617229650353
3.3925269930249313,91.96419393249988,0.23023871681897967
3.1728843534658866,88.89215189787423,0.10598056980033166
3.4150092797250555,103.0974068746275,0.14091169334787873
3.374886350485845,102.60709479560524,0.17838380327673384
3.6154865279848436,100.63663625774137,0.16508849769498363
3.3511645937330634,91.95054731348975,0.1496493661909771
3.21222297683031,81.9362865807258,0.17460814595338994
3.354866402131632,75.59103478892412,0.33278664284559517
3.414133246989083,91.46331557356694,-0.035618404049485
3.533223757132153,91.95540674032303,0.24735698186985128
3.4333950650750924,94.8656320586741,0.25508128120185464
3.3741917458815522,88.4391457192671,0.4022170794116245
3.175612840007712,85.08468726744925,0.27495071331641036
3.189405263734639,85.36996896702487,0.11268757893524178
3.8422697703409923,88.06074847002016,-0.0606806861482861
3.0840027907350573,95.12775771492514,0.20159233395322873
3.2932377733585865,87.6095743372412,0.3205391830203445
3.4677510888127117,93.20864139870757,0.12439455905107351
3.294544508191854,91.17385777311897,0.04609112677384072
3.2956914953071346,86.24056773236248,-0.017175281024820698
3.906121291049245,76.09867567827351,0.20136133524351482
3.9064697742233627,76.82019433018968,0.27167579783761825
3.2048218589275477,109.43684627077138,0.11373434354242638
3.113163998110589,106.69235435442741,0.0914475501955998
3.253294712449645,103.18752112347534,0.0808094687333192
3.327706922318512,98.16927490547211,0.11917522057312098
3.1254919692073955,87.0895827444607,0.2717608076441682
3.6728792663322913,106.63009338178426,0.2548291176394146
3.520700504029783,102.01693139066177,0.1905458485421001
3.3617759270011662,91.32915686619059,0.15889499175239943
3.35261327528036,96.69737333430155,0.25373645117094124
3.6459712669808533,88.13220429066838,0.1617274727221937
3.5199929228653346,92.79672700056868,-0.01264944121599627
3.439246887955154,100.66208226586896,0.23239892330841494
3.5560973241826885,94.77742307445507,0.17405163988566782
3.5463200800913808,91.5211487273319,0.49957245599804745
2.82561756790801,80.48080346472143,0.30816896759171736
3.5808454949056765,93.41695348669695,0.13296970771235023
3.5457761039442617,88.65115721155613,0.2415797418869319
3.6500758082891283,78.03056935676607,0.20348208723789574
3.0424579944059347,95.90755070456844,0.043389615353610717
3.638768808725904,98.72444590825042,0.1499180307203895
3.7724744896050133,104.28370978003781,0.10610734474805719
3.768626741158415,99.65188964619124,0.1062569925028097
3.1812820303603693,101.00950613577498,0.06003782995619356
3.2022339235060557,99.40868753672562,0.06242661334172404
3.2717830859336523,96.16009021668714,-0.04598490493461113
3.286513177800251,94.91909874125135,-0.027298707901117457
3.306667367597766,84.81860254812774,0.4431561567514839
3.0230295767530584,76.50017323831298,0.14743346479198113
3.210729281837255,88.74382457098599,0.1524089452392047
3.1932597912455356,84.8754212105969,0.3679173465526504
3.2293409780824884,83.33722128978768,0.22609582567344427
3.339754001740879,99.34302788264404,0.2737491749726726
3.2778129724682734,100.36128854661985,0.33035906144311805
3.4186787016792506,88.85085787430434,0.15617240362539206
3.5162883153459537,91.44102625224842,0.12887092930088168
3.418926722844571,87.43736324443178,0.2661568076302772
3.121579204844096,81.82947656024365,0.4012878964318004
3.7384272871523203,106.62042754424102,-0.09123078374119267
3.3791513335094705,106.18617660206381,0.043443215110893114
3.5019578563416203,81.28743451709813,0.15145835847469488
3.2827849727402585,81.53747055898849,0.2608815173034674
3.1008094989536445,79.41687191099236,0.17537086517787945
2.8786595979060157,81.99341118318051,0.45640555825903517
3.062727396420469,76.0109174799185,0.3559145248982674
3.1530088160546694,85.73406676843577,0.17613834864022648
3.2376110862476617,92.7599051817975,0.19576787559869188
3.240711781795948,95.22560931196108,0.19135811474431907
3.5357958848791244,93.22896874120852,0.019903749615631624
3.140713494603726,78.21685139938818,0.3363493326550017
3.452574545678577,98.50559060326299,0.09587591416177965
3.308184806486234,89.08419013108951,0.35974880466399956
3.4424322860376275,85.91898888899311,0.4199126410507786
3.4025864303606252,98.96557417737966,0.3156213157986422
3.7135474110741886,91.91069399165093,0.15244551118648736
3.888730092947539,96.21803860103154,0.18101439553408538
3.3215601265138557,91.55917915182214,0.176528429853122
3.243338155816571,91.7869547649243,0.06762172997712199
3.3357681860030195,91.75371932731453,0.018002123466613007
3.4770609162477064,85.28935831679007,0.013237409623901537
3.976522550309638,89.08176216163518,0.1885439257667646
3.054496262026181,91.11739786082315,0.270492128636269
3.074826558097891,82.53779790239265,0.3106307894983272
3.403086783920394,88.5673573082583,0.16948192352778485
3.352633330842426,96.22096731400454,0.1995876249799182
3.325266931842965,87.99578232058502,0.16015623726370862
3.4244315517709123,100.97433986359718,-0.046299974066714565
3.5914675674485244,100.47653621181507,-0.03084207490629489
3.4971593025255,108.60445510663075,-0.0367705648518289
3.5411106563838626,97.97431314972401,0.10741968432504882
3.441223260780233,95.19264671941181,0.08115387397851823
3.1400021960475124,93.23884415680413,0.2051169863321768
3.488310268039989,85.22074185238623,0.16766629610146686
3.2944622515945166,93.17640813366725,0.31351491453286284
3.664984591710233,103.42974510598012,-0.14665782990118117
3.4808029368937903,90.37725069899251,0.13602661022161466
3.4052459036955995,82.7162344837518,0.1981402841246167
3.038773614099337,75.94910812694798,0.22872291440200035
2.5929322887275155,81.59864381376543,0.3261775257549336
2.604180306880074,69.3728585588513,0.3312519407975388
2.7160359129382448,75.33618712584637,0.5750315360785241
2.8167972950870195,69.96683117479998,0.5028231637795626
2.8432315106161936,73.28451803773322,0.4814888134728415
2.729487806503069,81.14456453510367,0.286470411330677
3.0325597119702765,74.88932512377201,0.13017767831922727
2.903802188476079,78.48351236208953,0.118524320584138
2.7071238462490776,70.82314738754819,0.27551005781777227
2.964142567872295,81.8452499332454,0.3990228485783194
3.281692226441969,85.2100718677895,0.34872161296321297
3.302493759805198,97.5181420416313,-0.0012736657434889332
3.7242307690618373,90.7495429011158,0.14556563546276466
3.523382895253248,102.94864464583574,0.0344805133868505
3.4492729700918296,97.29343829540926,0.24287304818835742
3.3724777440768476,82.15899295900894,0.4356226956481136
3.7791231130756997,119.2773073671105,-0.1086008321018694
3.57559404270075,95.2859449009348,0.2758647427648995
3.2586710410081707,87.78094392567782,0.5278139571717587
3.5969581049593917,94.80779204924558,-0.0965780017162171
3.7156195883731313,117.56270254785287,0.2084404900327233
3.7036400244220933,100.54620026223854,-0.1589019390411076
3.338269365309277,101.57346465801085,-0.022897081620047836
3.710855789147513,93.18473822241194,0.3285501925260104
3.6841485025675005,87.45822707244332,0.27003117336671895
3.7063949304718067,89.98269386376069,0.11661782670914844
3.655645835269468,93.89211043012749,0.06903998724782014
3.644672227312901,97.6088384868828,0.04718914113805283
3.892718718422228,83.89295395391859,0.1602835495622919
2.8235231036419934,76.11458737043269,0.37239180996578564
3.003267434992493,84.57204498225437,0.37866534809973684
3.1003179216990038,72.98848307257006,0.5103904732552065
3.4494309422045073,79.29291890845793,0.4106137988169568
3.920772308485025,94.94321188413842,0.2549885792576851
3.0677516191470704,76.76270998609851,0.442667401663959
3.5617745313217144,101.703018297468,0.13301912109410613
3.2517300815250314,99.3164085709601,-0.09363554375000233
3.0267590816178287,83.22820474172742,0.2834733656312363
3.002094168447637,76.81291068454354,0.21222012801684545
3.818442715966836,96.47150334441838,0.05513744724043036
3.715340669857267,85.43530253671524,0.11811842927861141
3.434274518849093,87.92010746955742,0.08095759742872684
3.3312992096509286,80.84048121372449,0.13246389495478517
3.426545630584707,102.08029312176167,0.019214586306052238
3.7023082998995784,88.71276864511123,-0.1716275049951615
3.329598204549656,98.12369638545034,0.06150258661961281
3.0980566078405607,78.39506102284292,0.7136563920353621
3.807596430183448,113.26269576459563,-0.018893032618418588
3.932324298942112,109.7421754707636,-0.04561590013950948
3.5101243157811877,90.5551197830351,0.49437204645978106
3.1639165659440507,83.59797110707039,0.2946596758627134
3.1423022687956985,91.75711399675146,0.32186548894162376
3.0948406182609225,92.46231655521326,0.31692443981276586
3.2682544308856767,90.8003565787581,0.3140440115754837
3.4145508827952344,91.60747684458511,0.1661838761633336
3.437431585850839,86.08427961507908,0.21074111084039154
3.681725016104268,70.07179632028803,-0.06237095581805525
3.890967475114002,89.53038176705978,-0.07102466971305478
3.684975481230458,102.32105749904835,-0.0815961884960978
3.339342579376219,96.42749973059261,0.01801830328595106
3.5074504827931903,81.186397943593,0.1660386367130619
3.2994860003123643,87.18602631045755,0.1632854186996895
3.1611380324076026,92.44878047069115,0.12971103253964242
3.4216336841126047,94.51844206520339,0.19721949174513675
3.33586645593235,99.87097676886674,-0.07247684363218912
3.6336689434121396,99.93665979506743,0.14635610246740283
3.7620635576348267,101.90063395104735,0.07820630948281022
3.537914921542495,94.57442251302767,0.09193587671733794
3.4904028340311726,94.99564351318152,0.20135240666049053
3.8123554952579206,102.13414520599885,0.28017413989216927
3.8250861856563434,85.20617434951846,0.21916262787379645
3.462092459482581,74.6671076678799,0.09773343028385556
3.305980537574486,86.9308439187175,0.08966283848625967
3.5385432280964224,104.0439345820453,-0.03284492050043061
3.007954122108041,76.53770796678744,0.3228968230981744
3.013724292535942,72.05974989028546,0.2758600286343911
2.759529688366963,78.49493511093706,0.49898614598830854
3.440081750107275,88.03825919455637,0.15715532757320916
3.4575494479115743,74.94885229970627,0.1469798783145833
3.6573616215496894,102.04754337216593,0.04030808990550012
3.780514706988733,100.30672592975063,0.120276406519319
3.660561003650126,116.02949637561518,0.2952849109273308
3.620164306801225,56.446036184502894,0.09982537387463716
3.7392163333448334,68.71078677635025,0.017432263817405147
3.7247027229919807,58.93386963168003,0.2361758844876568
3.541833216777431,60.07101162281046,0.14626361713815414
3.646909998370018,74.8186937358538,0.0753610049238376
3.2035147710727743,95.52892235170555,0.24823873932538196
3.6700765478606083,87.70507482755553,0.20525381295668255
3.689366080746268,91.41346846682659,0.3711506435911463
3.23875273106784,90.59601541402222,0.18176506728587258
3.523757273584089,93.582133460096,0.16596968177704408
3.719463262025812,81.99130806058795,0.33470310926718866
3.4594275840157156,82.28272750928849,0.2470916604640096
3.450940734515022,83.3099627005125,0.23478861316434282
3.1961076670765554,81.72477392133482,0.36481248959431634
3.4527345075121505,96.54715884052983,0.2835677376401121
3.4003774993544758,90.75422233457518,-0.0514466255379922
3.3096048619441567,98.94715044751287,-0.10893005820473232
3.272476995401813,102.39724874627262,0.09931986729632278
3.392558013745674,96.11899347054872,0.12113343960196458
3.5780612499763778,87.81507270514616,-0.11504165845096768
3.3156944360157006,88.87266637809351,0.3828821762390461
3.3516092866153797,92.09724290751788,0.016579889189268747
3.5591657765285323,104.16006152419625,0.21667062301645906
3.5538221482852075,93.72802233103438,0.22337117517692529
3.37754580098139,87.33977692592931,0.10226017505290909
3.4123286576822376,76.38499913798749,0.23946224413615
3.6061198603619338,79.50902513529977,0.012977772512639948
3.5293302615979263,93.31848928558553,-0.1822910833188386
3.559131800041281,92.33283202434086,-0.11403001182368233
3.657531727428322,107.06597633299506,-0.13596263293408123
3.6367732606230447,96.37278194695655,-0.21909331045980823
3.892821653407305,73.56577160056978,0.12468334482040497
3.5326566166621824,94.77588418602636,0.1767388369033167
3.456903957068522,90.07884038288216,-0.03548807212765331
3.281362810945282,99.09498385611691,0.24617436510380464
3.2855526988522312,93.90798512346817,0.2859677336388555
3.781450105762522,100.84974300678505,0.04262721739195897
3.5002549022602034,100.16354009436122,-0.05234405405118982
3.3259918571187637,87.73464672155131,0.25102297996509154
3.525292906940353,94.2331641707858,-0.05071733537602731
3.344752038427419,100.02993803750546,0.1361969678094488
3.566989801457242,84.41519207466284,0.23503657238821118
3.506323081339303,87.10593799841274,0.42319654283121305
3.3424474557191934,98.20019526844598,0.1553544177859868
3.54530435335761,82.18022325556878,0.2939597409980364
3.2875276677861662,89.83068661941154,0.27855809896221995
3.6248243277547973,91.08683663737743,0.20128311801354645
3.4067365785012016,78.10929275135807,0.4454103129469114
3.6937994599595867,89.15016166127184,0.5183941965970279
3.546428450217708,82.84347692718246,0.5316631299853694
3.573797027190567,80.37002400708477,0.4557968069683301
3.430305777783078,90.85973617682001,0.20170094466545976
3.3131357268897066,89.80201758473711,-0.03308636057216697
3.2292368347385905,90.88140697032618,0.17044592450851562
3.3138005041106897,84.35737664690207,0.02088365470973959
3.9686524132507084,95.39452875980722,0.08918521341042941
3.314475061910402,104.0341692659433,0.13805679292664438
3.3619888671546905,77.59777779771504,0.14660599635457497
3.3345980464208465,75.54381472706793,0.125240180484023
3.2333689128617378,105.08464623507894,-0.046129471834369655
3.83952838998983,93.44417336112097,0.14680586522494113
3.5164952267536305,88.701245784234,-0.004339035300143416
3.7399466333772153,96.01328133009625,-0.022560035076670766
3.644439188004084,115.34100162439029,-0.04273337224258273
3.867096535827649,94.20169253968241,0.11123557126029886
3.104837987437795,83.81234523819217,0.2953207756401298
3.264937680657247,87.78276300381116,0.07412191372394362
3.1449144550488857,91.68737403259345,0.17223245587693925
3.676729029633439,94.27872790495265,0.08362981205591005
3.671609224624467,96.02368835599093,0.1481805870947118
3.203735101640396,93.49057271626008,0.21811411511889428
3.3441719074499625,89.96295031095501,0.21424978523590785
3.1781722361575557,86.70501244698032,0.13383897842709752
3.3580771631070645,95.92702197390801,0.11420004603401723
3.592095991191023,88.75123978168179,0.34988697837492866
3.444236039157175,84.23705137099356,0.19388469933148667
3.259622425843604,89.07648475097264,0.15001014448401107
3.3693013657528668,92.36993838933911,0.140971896014729
3.4002141693338563,88.51274368082524,0.1384176981695221
3.5887965258713947,85.93770515339695,0.09715985905158461
3.7337133244012923,81.56613469770988,0.13841972688384907
3.6091495346159133,77.5065905246133,0.19346498544135662
3.6507715079359446,80.16919415790372,0.2116835369830243
3.6131217029698672,103.47401786724421,0.18665916234512622
3.5193523851550004,83.8597545146129,0.11289747989348208
3.4397121467047507,84.76552927207833,0.12897269478169815
3.7019202183178024,83.6397303680281,0.21413466976172182
3.9277741092698166,92.63320666453299,0.01940790413547866
3.758478999961967,105.34950576428105,0.03682621508802972
2.959232657964646,81.07359491656712,0.3822571238052388
3.4556601959147537,103.1531393789451,0.0374054152881707
3.622415366361519,105.84971527978999,0.1711569928781229
3.0801189928738832,84.89951876496808,0.1479240406136848
3.1192611986509995,84.99175795351115,0.14744162116258724
3.450264384646331,97.02026578304883,0.0984307187841853
3.344726133479819,97.277922412278,0.1753370793574876
3.209280396043702,94.51193947974969,0.042128504589210275
3.3196930486591745,85.41052280304086,0.03703620163676446
3.2063671453073823,88.38239670457506,0.26284488450258425
3.3019438358503947,85.62753475040986,0.28139219036784674
3.075561356503822,88.91369022024142,0.10704754556634669
3.372569012541967,87.11459621376942,0.23979355040736208
3.2862003755636726,87.8460483658396,0.2841330533517816
3.1244616756078423,87.00490892868076,0.12344204018830893
3.4107440706211105,79.42391923061713,0.23140717582322587
3.6722899853397784,90.87376786279343,0.10557493057987101
3.0345391440946186,94.15287473096582,0.0852315804039379
3.4097448764833196,75.41022036136172,0.29619479724872916
3.031196464132504,94.7597787516065,0.12478690777207656
3.543075306353766,93.14844699894373,0.28704395242134795
3.2705511445572113,87.75395850747381,0.2627947404508215
3.2658380808104117,83.13396963449388,0.1537505536427409
3.332875063899931,87.69783837406165,0.1167284861147847
3.374191688209295,95.99948774181011,0.3794541346810216
3.672884548990004,92.16394681448334,0.008839222487329181
3.422458053453956,94.18023262504671,0.17420966106313765
3.538217541521786,92.67414842697424,0.1340761444567733
3.374777245011585,106.4617855528112,-0.011449294915811249
3.832261366790508,99.59100741201121,0.10167858254105079
3.0549161769096553,89.44087646544905,0.16209632967059717
3.463715305647822,89.10714717231265,0.2939221887006463
3.4323338134601045,87.20241527586474,0.35920277433485304
3.140342234031313,79.28177652471676,0.08627358496117254
3.0871955293693563,80.2631064723341,0.1772007923282115
3.3083087342169097,84.87497474675935,0.15639857863522663
3.424998538030737,97.9665227028635,0.36246041787241645
3.2529746419265435,86.09502405137664,0.33046778335273747
3.0644391366906745,83.1023660213132,0.281839990484808
3.3501803154572163,89.72857576666732,0.13145506115705854
3.5792628320724162,94.71287129533012,0.4141050451298656
3.273479721067067,90.21385313992926,0.18357395759489661
3.686170418368505,86.13213478461421,0.1437091019453184
3.6161519602499013,85.4430609287795,0.1747338303703256
3.6722340718223077,94.83590994646364,0.03263713176842271
3.6533049238811066,88.58006360814339,-0.03080699066479719
3.4639160753540543,78.19918314915823,0.17637227753042395
3.2947454281589335,104.76041785094957,-0.00955375616358604
3.3158488802407997,85.8205716783988,0.13524464197755973
3.4991852690463463,104.22336923190149,0.13879959185577562
3.2695612425638387,109.44326296984683,0.1387481919213243
3.6172756119014817,89.62328232906519,0.2784807279089573
3.672826641121088,98.03606633536246,0.2527202829410608
3.6907629924790433,94.74052140254383,0.3359058062648647
3.6961501234538265,103.08574643417091,0.4750724438401406
3.3472339803666404,92.12291421444144,-0.03361276922022511
3.485402643021306,104.90404343700905,0.04846635867157083
3.5635120284957735,100.06738755936475,-0.0906072222382594
3.7194615655973564,111.75959265328015,-0.16857214217138083
3.254176009908,99.13585731095894,0.11031450829455178
3.511741663001187,88.26080644618881,0.10060194803202693
3.492932025555909,98.05568032030364,0.1511119569965046
3.377598254840935,94.15916821287179,0.009251876305741579
3.2884884868516644,97.96966877631903,0.042850184269446055
3.3560293227010534,91.26526772938884,0.21334236535779286
3.3272492203340582,90.95169811634904,0.2650316215891394
3.2198312345062723,94.59289593138053,0.1481589750698909
3.3417145425099566,86.5977700269319,0.2241986068543665
3.5358286330829083,92.20631880727531,0.20028375092669806
3.3158932248942232,90.54878348953395,0.17208259517524974
3.260054593920775,95.57676707550229,0.08859671574122709
3.223033459648625,99.41291467972904,0.1357168543612092
3.5634207769204296,98.74255432266408,-0.006552382452118665
3.667587795017611,96.17126156460479,0.02101810864326445
2.97941097387673,80.42423332191387,0.3017102718039153
2.681018626806452,73.89375839397697,0.40501885009236416
3.4655591123026768,84.12446542474554,0.22472445567770205
3.4953348415663914,82.14168193608572,0.22680279434193207
3.376030642339616,76.15670281488562,0.13995912122911414
3.3497947371030086,83.25705122147582,0.034153502406299094
3.4232637156489694,85.79154845326609,0.1444789444264184
3.5343603470973015,105.87314371731308,-0.019256590001835373
3.5248867291092716,100.96550147091268,-0.006333030792384722
3.392994535263563,89.82183352814464,0.23881777372197574
3.24025074931346,94.82229074118,0.02481532567493044
3.2464592712720455,101.12397053739336,0.09601314052980092
3.49315242267974,98.39697911197139,-0.04828604193981052
3.4481785110503687,91.33065958677949,0.4000865256522142
3.437845348006589,91.39087471881076,0.10619188909631319
3.345126457593372,88.9525234602,0.12056502337228522
3.5391068465138313,79.09315200537604,0.08113120621672017
3.5580876464115674,79.3417170338453,-0.017763341495051398
3.5452630636626172,100.06860521006529,-0.035026611003091464
3.567530968928408,98.24534307491841,-0.04286962609576118
3.6050054194421115,111.43614562672397,-0.05273118854714964
3.548348718376918,96.72261007928122,-0.00909729097244725
3.3117688328196118,102.57898453699626,-0.02193777324094512
3.4841336860362717,98.87873590355306,0.18497017117116563
3.0984765524859226,91.59945991739625,0.032137164390567574
3.352092931396622,84.41687590461915,0.2606472187791597
3.7120516275330933,102.36946288611365,-0.06428623398494779
3.528971143832573,110.3320397711924,0.005635899628309233
3.7169860312478886,78.67829664643102,0.2761419026399238
3.3479612935638072,80.82149413052252,0.30863152322333876
3.055271155547903,89.43863598579438,0.13442900375595437
3.6042586389332585,91.22313609863359,0.07013787920817677
3.6457492694435416,97.75992600836989,0.04064372961969394
3.52408860774464,94.92218954801801,0.2496844555960541
3.401702055741414,96.59224443220172,0.4827562490198317
3.6226027938468945,92.64619481951985,0.44512113721486457
3.454582559075246,85.13614506516599,0.28985668725520075
3.653676311347479,106.99698819579903,0.25965003086534444
3.5856431388833765,87.98458445761355,0.12880891902219485
3.325495332426022,102.12534320952818,0.33257562645944344
3.5461449667959517,86.20816735916291,0.04290602784752604
3.4624318803623586,71.5780506143372,0.14950118497653891
3.3434353448073053,77.26899051385719,-0.050263340172240226
3.578664842322487,85.56685286087632,0.40160614666783095
3.4523169538180567,99.00909562109398,0.21962352227773257
3.189159039066313,74.549908484283,0.2958946036757216
3.3341976315047717,81.16091323108216,0.11636855292430931
3.4124885448800963,82.83716927129656,0.1522199162022408
3.4232151956407093,87.262589962747,0.07012894072071406
3.447998707918166,102.39177436875171,0.006935554631152083
3.518322096779676,99.72622787020858,0.1388332028298439
3.2000952641771017,91.92944082072087,0.16417488352838877
3.3359066686225924,87.77290423400004,0.2693790511196198
3.3036863280558997,84.854583032196,0.08965154468809856
3.289225126170041,88.51124492858948,0.07755198870759462
3.1868716193114768,83.86419428776847,0.07291421709225607
3.12639339179866,83.81710516955901,0.4139299766857565
3.2008045398657274,79.83176393829116,0.1744615132357316
3.6232157469189725,87.84262914249348,0.19543579056266278
3.1518904523854387,96.77499434520394,0.10026176338221539
3.3576962970402264,81.86599507581448,0.24981444159993177
3.4446390626352765,94.91375222465408,-0.01639962719528759
3.3872662057429888,93.94638384583406,0.012451903988967861
3.686330935139298,93.49461262393957,-0.04117911488456405
3.3930461689340423,85.77473273180358,0.06578251271917228
3.296943008463702,83.52762480436137,-0.02676305296613977
3.2293527903837616,86.53467152160198,-0.03272984212502509
3.2736589598538792,83.47428679557834,0.3117825815782811
3.28599645974217,84.57512866771083,0.3152027551233198
3.2781188733730438,79.34472314062621,0.25652396732972
3.408854505592675,78.63329988910098,0.2294041173722086
3.47064912005848,78.89438797404439,0.21372661274229224
3.5159272216214066,84.71807403824107,0.22980380476723794
3.479219215593859,93.0245519388842,-0.002092871650341729
3.4298129910831863,113.40227200530491,0.06722951241803511
3.4930910306219736,98.30898764239203,0.03685890680099466
3.697163002863283,95.42175418315367,-0.010314091514998206
3.825193107324248,99.29863555933558,0.16554200103805145
3.718134124930276,99.89891472696989,0.11227167454636945
3.8524076846213062,94.24228869507616,0.12425327430211398
3.4439382264309097,97.21634536643056,0.5045416457102997
3.3717629990159694,94.95046674376941,0.49899188338774125
3.3166084256562236,82.41394504863887,-0.027533603476073226
3.591262753857988,94.17795467991581,0.3070870564466051
3.18124385754323,91.17964236734565,0.14921694432878058
3.1110669776762547,77.80027423049337,0.06494557452754392
3.509463618406042,108.0543798388444,0.19179204027146157
3.5026314813970667,107.33268369712307,0.19181843273987648
3.5843325265382435,111.28233445382008,0.23958928445350833
3.6226461066277493,95.22276884065366,-0.010306558223032733
3.419121646153275,76.49102505271063,0.10641517839894778
3.415282053984568,78.21712968564735,0.24508334326950953
3.4804283279088737,84.41689132802053,0.23016728977601608
3.2687082714084985,97.16636613248676,0.2144722574201934
3.1971321301721316,97.26630945962154,0.20937226067429893
3.5357959889426263,88.88791081452142,0.11891795873191753
3.3650253166091915,93.66273958776063,0.11950731807094925
3.2630263823498424,80.55089847761829,0.21839409475317406
3.2695858416383343,80.79858317823334,0.21791205599751468
3.2132748045707236,74.88772931214498,0.12075302027357453
3.3492990444414388,74.25040316678974,0.09486671664759282
3.4467785533992217,78.11864047944451,0.13619945329450273
3.7123941626926547,66.74243380974322,0.11946447572920103
3.7454674192993416,64.73489353305379,0.10814814301636853
3.4564569883270226,64.55275362966955,0.4801263232353282
3.6896436196664073,61.09676296205496,-0.10267624720384906
3.7116563318158065,63.03182966590976,-0.04482441795224002
3.6488254513208553,62.63891050235003,-0.04865061008701333
3.790154559547339,63.72684422889147,0.09477615023818349
3.796242679429255,59.78693963809913,0.14258027161567763
3.4744840319461545,70.29140323515806,0.12340621776339677
3.2685146112225114,76.90820273195654,0.061736661663140346
3.246599866346306,91.58751114796745,0.2168159615313363
3.3530955285348893,96.48381180219837,0.05428645345581587
3.328311392594131,96.59434651018428,0.04957658927698089
3.3576711971499673,94.87051710486833,0.11356188885729453
3.452805594643892,96.10989377922103,0.0959852257454511
3.4696897341185062,95.93589685139088,0.018907011634202976
3.38288825891478,82.23146198048505,0.17115746152474037
3.191513851682817,95.58382581395502,0.18633514369324558
3.054746118409016,70.42096700526585,0.28295061826608214
3.850202118769376,70.89409234863392,0.1485290170001944
3.9664910651107945,69.13433321171398,0.06223621196655658
3.7652472355071325,68.96933574192425,0.11567042293061419
3.3171676958890317,72.35881198567442,0.387023049794238
3.1604967387637246,82.83000705789189,0.32332045648145574
3.3079858073875252,91.73804022076466,0.2564380092580377
3.4441550123626987,83.87864948795502,-0.0026518369321285023
3.4376178783537763,98.15566857610294,-0.03862790352275182
3.703002942384232,87.09464906237072,-0.010764116539150062
3.6075932052497723,116.4801654354577,-0.12222066580102077
3.445056654930254,89.29955758528355,0.07356135968062669
3.3232376805164323,96.58966149913267,0.14301124058934422
3.28921090645731,101.60875631982093,0.19334102973206163
3.3188161613199334,104.07164375419504,0.1494209700202252
3.551580418388769,106.22394374758125,0.08578063189079392
3.4579374125722477,93.1539917994187,-0.004027764868669963
3.667750590114419,91.31029307117468,-0.1164393727775788
3.276612929632683,100.30537668611699,0.15900361732130275
3.532589521307651,87.77328718994261,0.20129754003337444
3.6541058780251916,106.9131104255619,0.08122949915331877
3.614472554394803,100.13614397442083,0.05683690853922521
3.3065251742621498,105.6868790344185,-0.09083755293685268
3.689105764496711,95.61370131397359,0.14908112633451276
3.5616613299491533,88.67899887015142,0.026065349185804464
3.6946445201277087,73.77007194220633,-0.015043270608488762
3.6806326442688775,70.95712503700601,-0.044870025040439056
4.060103815173423,76.01424947480696,-0.10043006176780697
3.838291135504243,68.08532517139767,-0.13409348216821623
3.886548458071707,67.49817529677911,-0.052932074725394955
3.727177360011096,90.04763422447617,-0.05071136753471092
3.4298766994901464,104.79168717768528,0.03394435052052761
3.1362245120096834,88.22678580333911,0.12360717244777013
3.401670589635406,82.95317044715951,0.32803364772189897
2.9950060580643605,81.87125837656198,0.1359036265345606
3.3078495847676983,85.04863042753874,0.09158151615351805
3.569725897440934,105.84220920747705,0.11285303971454658
3.448415244218078,95.37472496712523,-0.10897943807443748
3.3894307193096727,79.72817730976548,0.22626129523408017
3.3073882742221223,85.32885020537107,0.26866051742925884
3.0434184780129026,86.7561004966479,0.1904378846378701
3.423866815278997,90.40155766804797,0.10706676759015628
3.408689107791412,103.94680173903808,-0.015000305272472885
3.430025124110998,105.14062636142762,-0.036551082780300705
3.4493276299013784,100.86066408245127,-0.0048108307082631255
3.580788246494647,96.31382048771673,0.1386619614271593
3.5278661911197067,92.7806410799194,0.02780583165449967
3.3080578655515316,77.55137523598405,0.3344027100270349
3.3096220194342063,90.58475276507744,0.07051255974998828
3.5899272028958404,109.25589681882151,-0.03498349990811111
3.310831746305527,88.55588589818056,0.14097199447113826
3.4483331573797287,90.32146794798572,0.2932682799314557
3.4510645113728398,90.26623194068831,0.15320727829458694
3.36516563877954,104.63429355518639,-0.05804736586050952
3.5987240545594754,94.12944526003103,0.0765672844585307
3.4676865152999246,100.42124974981994,0.2107417194529704
3.1793697379591164,69.3071469377271,0.4186559741778739
2.9868310012695365,69.14297911883737,0.6001196408650459
3.412634940590387,95.63701075637617,-0.02403339384479975
3.2933901615534644,99.50334850757895,0.054432653554953504
3.2828802425967596,94.03580841053427,0.2762085253268172
3.210056062522987,86.51240790524628,0.15743683722999025
3.3661582326910113,81.41716229727864,0.21201162406487137
3.032492883190489,88.99444426070085,0.15213508184965893
3.4698673774773576,94.34529695685283,0.07010760240318879
3.3232706753841095,94.92615844513806,0.10068951049450972
3.496151905435112,96.36219570707947,0.06877981808265765
3.633746568075755,103.1926517439714,0.07151942694132005
3.540227579942585,104.71033569177946,0.09388566785182269
3.4950970903801517,108.60734105892152,0.09077278471879628
3.3952086088807834,87.24150606889324,0.017994027597432086
3.1336547703795192,95.47359296143824,0.12358697047717238
3.2749794109500305,92.52513716421099,0.17155252037717147
3.3975528282221488,89.73638673216944,0.06039381155476524
3.41098828445513,88.43749859875336,-0.10924190118974278
3.4586766821220913,92.02743977953298,-0.10123873357710308
3.471709591323429,111.70838095777962,0.06827474422996802
3.5535000818113436,100.72620993185419,0.1686062525232932
3.4873088588793446,98.8866344366605,0.18386173147090742
3.442434100098422,95.63090343017632,0.19791564737084713
3.3662771225085963,84.43928216384013,0.24393716117961628
3.200619967188793,87.75184314540108,0.12772619478539676
3.762633000773543,97.79078379787634,0.058545358292920145
3.6280743777702966,103.2398178482411,0.12167192228390618
3.2712846853671054,98.95645828073822,-0.029912116308335835
3.220445246153791,84.6218163626518,0.1959753160791806
3.489901705602402,80.83227889679428,-0.0011155608004935493
3.116348801132464,91.18758751868778,0.06958810886617167
3.667698866699728,93.39546157489391,0.010498780047472116
3.7300205557291983,91.97916538388895,-0.0741828645965874
3.7436760908555704,84.49698151234286,-0.04097714456057693
3.5356578078570613,82.6962290848652,0.07122512999322257
3.7410655423806984,78.66098932720247,0.13030285602668745
3.4318684780292625,99.01887135811903,0.06067584066046884
3.1858561885654275,83.58802931928325,0.32276425970327954
3.3011874943852013,87.07273358546865,0.14251009643895002
3.1797082792079125,89.68292109953217,0.157421869472471
3.3248914377253125,87.92995740980368,0.25048648082341135
3.419730583398645,103.72027747449134,-0.0942409032695779
3.5447130476639783,91.49041517052447,0.1946119296075376
3.4724605622656908,96.5368849009085,0.05600171554668712
3.3696266411857163,96.98804311102317,0.19049600952558074
3.3279031993135577,85.65207969025964,0.3226480636576879
3.4601004514318427,103.31374144672792,-0.09186269123248703
3.4603045853321728,103.76945579215014,-0.09888704601014184
3.218997666372421,85.01019725557836,0.3348389686702953
3.6180297685680096,90.52202052424896,0.27192134558812314
3.672992274471182,89.8309167255628,0.18385714449804863
3.2259258713026298,100.81151774318553,-0.0024195193734486272
3.289988350236734,83.94172684600589,0.20396677793949955
3.2970677273471853,92.74719120416455,0.08947785263113542
3.2933418860522137,92.8587858237185,0.1727941898479698
3.3230474149346527,76.42567562350574,0.5359144440458552
3.0719244997932997,78.51967641713745,0.4638516561635024
3.8007548822932624,103.45907179072492,0.2943694683566375
3.5681241991979995,86.88708937780432,0.4316137766746628
3.4191245748907266,93.49641279082365,0.34279255775734646
3.4684819630151615,93.08572593952793,0.32072826392057857
3.262553646154247,93.40568753233373,0.033499028609155455
3.315210696890235,78.17732885236754,0.19550450984412368
3.3253573939670655,77.9953165202764,0.20473415699602993
3.520508569486812,77.81172933172546,0.1379410069103413
3.349704732514011,82.85459024970896,0.12880276246148709
3.4848852220681588,81.81931658385274,0.01785171025485147
3.2374106566168934,93.69110706857786,0.2871012790428225
3.316826946026224,97.84817283811962,0.15974942516222232
3.69787240170574,108.71903779511922,-0.03318073955582545
3.0892085663689657,80.89178384318942,0.33649993752241764
2.882809724653777,86.68265771224972,0.22008692646459094
2.751646751485237,85.56801266533967,0.19546619770906143
2.9876056881266395,90.25378133549698,0.0535842269961386
3.002759776283396,82.59141453303184,0.21352787947872928
2.7946400197858243,88.8652277719669,0.1535135548189848
3.0113289481223697,84.75640115570886,0.11630464551036838
3.40049843805042,80.7163601716854,0.4523613478760774
3.3717549781380534,77.06308235081103,0.3610943383098462
3.379630586546663,75.86963576760913,0.3983301234342672
3.4562273488573605,86.8202008228277,0.0019488631369833156
3.418537958723613,88.96446830842888,0.311650314280981
3.303906120072389,85.95753379746793,0.05449687032394076
3.38636155166571,87.78226586528166,0.10054066908311708
3.2070854274455827,83.1269102105667,0.1461610160484435
3.104208942588096,88.25307885754371,0.302170917187697
2.923880836066516,88.0014352966486,0.19218094223682586
3.5292120245974576,79.95257461014448,0.23836674245803477
3.1660467130705046,87.4709835173758,0.35322897314400803
3.320730533127724,87.80146917014117,0.16639045797949448
3.4044819020398274,98.59616155144232,0.13384956955033459
3.3451807639957134,92.68114665313672,0.25078093759773584
3.20457753157341,89.98100932678277,0.30228518280361094
3.176092145855862,93.62425022257233,0.33614874362216896
3.2219769124083717,90.05543379041927,0.3307852656948802
3.246654588770669,88.86611239025729,0.2807876655922662
3.652659787891685,106.02929210503723,-0.14091397217226637
3.2416069588099465,91.59007789236348,0.28046738836690954
3.328655004097595,94.23407428219,-0.08518717769036975
3.46777367869913,95.58489887353102,-0.12291967968232693
3.204313170260758,107.90952006179502,-0.019169586944641784
3.4718090876345498,97.86137587462062,-0.060103067838965414
3.2362361194932716,81.90897400090708,0.27269842824530954
3.311022063106725,90.2890104465995,0.1791006978502486
3.3448358505522697,83.77917704351884,0.12777233080332756
3.4498802402234507,75.83572366149946,0.09102896254519523
3.463885239847658,92.81955988664593,0.03365426838581673
3.6189832937711963,94.38271499180645,0.17322307038788867
3.5005801650581407,101.91824697355007,0.1618070807500764
3.4443246807422248,103.47025052548179,-0.13098376909314616
3.556056997966874,93.75816999277693,0.09564930528278029
3.344796113661181,101.0438026390202,0.0235083957388368
3.560824456118799,90.49564437930302,0.1553169180246252
3.5989178990363557,89.87572718785114,0.18158235097187211
3.40596131256105,94.93387664455668,-0.05741205592972766
3.61794665606127,104.33548209205375,0.09202307583082353
2.982654960840202,80.69854522579142,0.35428415205019315
3.0354930902018493,72.36263679566999,0.4506800969691373
3.069711044634638,74.10748631039374,0.4337189989655231
3.172215838411234,89.88011063646445,0.3969154222339836
3.515815410623247,88.34118147198362,0.08998227523865181
3.3557352894936416,95.35817042085358,-0.03129005747470057
3.3749966794838957,88.47041308539296,0.3335451228546456
3.067406945206015,82.44421917012151,0.4223795897765449
3.8049551052153507,106.3868036061027,0.048179747705616616
3.3761853535717874,79.72882611489872,0.4364262826504196
3.5802933126602254,87.96603398845016,0.05670357319199443
3.765549703302881,77.66456996786007,0.10933069659239178
3.330482423051914,93.05117056614039,0.2356226772237861
3.4025262122195294,97.17081429352258,0.16562169458944725
3.493298318174896,101.6502875062104,0.1656619021220951
3.572962207479079,101.22607379212018,0.15976212488003555
3.612034283553067,95.8514827987265,0.1296596778767446
3.8127853967233025,84.70783884943378,0.2856855196329655
3.4815468459141576,94.35548091123198,0.07558231744601902
2.933165901153772,81.81186234372501,0.27419319663937536
3.5129645549242325,100.42032759190039,0.19786941484245396
3.6921655492080703,73.69674294797792,-0.10755909662732266
3.6642044994251406,74.38686235916562,-0.08601869565835728
3.7976316082159034,90.90174388825054,0.0709482648625181
3.5027022455511094,93.47685527960358,0.20728083015326276
3.170816196568127,84.34039132927302,-0.0023467714988891697
3.3084197495348118,93.9404746622701,0.12767830626130966
3.5285604424128363,103.11265000659762,-0.08613914657412892
3.4597441061502954,93.69164432917196,0.1740691000173597
3.4689020738133105,97.2113987203364,0.4302873091896071
3.3917119467485826,99.06467060377412,0.2885204859793285
3.5272893639666534,90.95467322276146,0.26524483379523367
3.179658653022499,97.53417933358892,-0.01935122483593758
3.251245345768337,98.03219014860099,-0.05828420193011227
3.275266832580238,96.78744558471122,0.11913567173952766
3.4564609139169864,96.70947639249079,0.003700434344303698
3.160186985748003,84.72234978560473,0.39461204798079447
3.376074232371769,88.02575062708596,0.49265150520175544
3.292966552421092,87.54102904412856,0.539035224605889
3.175104404024656,81.61515825940087,0.43133950125654164
3.37004527960375,95.80828728243411,0.08256837834269921
3.7306348480881364,105.55019158539645,0.10336537366469468
3.141852048864172,84.72571807753963,0.21344331188735646
3.058116443809657,85.05097182040309,0.19701086532035422
2.954682144612192,85.56415552218749,0.22375255793357718
3.4404489342347464,86.80978448492452,0.18841603317275085
3.1882333871154964,89.49977449330721,0.38797247123900486
3.3729301973495374,81.57892071422253,0.4470704545537785
3.2544904768912364,83.72512736413714,0.6117738006925404
3.126728157197345,84.18924139957959,0.33650064987034545
3.1351330075034776,80.94657820702471,0.32161933421932304
3.2686525234383654,85.1871659372879,0.28171318791711536
3.26857776203842,93.02754785040773,0.2505988580189498
3.1568821400129945,88.02169194183512,0.13649266615282135
3.371847819063999,80.84898656509931,0.24439411301024033
3.5926209722989726,96.72876157616258,0.1184045605494048
3.310063038557582,96.80038459004284,0.2005206387778725
3.281388266574912,93.53115686567031,0.276861813277229
3.7415022899357377,97.94414175910164,-0.08816130975088565
3.245753616093528,93.95438654242578,0.24969655541486924
3.330398435200319,82.83347110937264,0.24395587348403633
3.35932886974417,82.40200402875237,0.05930157782319498
3.8356974397102186,77.50352877688577,-0.0187307177312403
3.6150301568469243,72.63994587913183,-0.08312725287768911
4.049782872818273,76.72240577223079,-0.19313287145064956
3.388649038137142,58.49707360538142,0.25712985489041235
3.3947456832056204,56.41254551258659,0.2617696872828316
3.6678514492563057,71.72138580987126,0.11556540662480008
3.6531159673499807,91.52939067876768,-0.029268372973652586
3.6164510798996123,94.87224681432181,-0.08412873573428076
3.299156604950559,93.9322089683996,0.3199010798812628
3.3896188870968813,93.6173899602356,0.2574369740182296
3.75335206337779,95.18851895865694,0.028523729125895878
3.8062107092342257,90.97897972756246,0.03938286424323381
3.1184946245272185,70.0362966042441,0.19043606675486482
3.6640363660381823,80.3637204118889,0.057720567132865865
3.6120522221586326,95.1189523224508,-0.08549850511149187
3.4284207338597708,100.87658236600355,0.026339684132194712
3.627484954885204,87.86165664710715,0.0931002008532439
3.59434833862918,85.47662292109203,0.16505523144743003
3.5883328653475504,104.86141896801006,0.0032092284357429436
3.540368952767606,87.19930122144116,0.03147886526158175
3.625718099093306,87.60894251193845,-0.005191063159148859
3.407655724618879,98.81043615830593,-0.020991353446234113
3.461445303232515,93.70917362565538,0.02070340424140766
3.345700319554307,104.12919218440874,0.041869329763839294
3.380380427544028,88.67887834375146,0.24854903632210154
3.393994565923959,84.80291298597638,0.16692431315589554
3.0024731500246555,89.18516552198858,0.17756192200095902
3.736076511309821,92.62588694006807,0.09409137269663342
3.145627786412011,95.66058887364987,0.19354353730206023
3.636229743994849,88.79886217447766,0.1541883850771862
3.4099780339231778,110.78355245639548,0.07185246248364019
3.4248550660902413,71.33502345294875,0.39325653375537994
3.514830975347957,118.38013552046483,-0.05454551243943395
3.3970906487760884,103.48274738896576,0.062401445948218524
3.416993760106173,91.94762477126207,0.13658174942472381
3.4011249767882608,88.10489564485978,0.10827309989743313
3.477388916057187,96.88028017008322,0.130474034813498
3.356621922989561,102.29558262229027,0.05965382050882856
3.3404047876774494,107.13579566455675,0.16225785832338052
3.017329387567076,92.58622346266486,0.07857109947879726
3.3757359305290056,91.37077049891433,-0.03917457476382651
3.6162708578939777,111.61507066313574,0.0786809905023272
3.6691214473792213,110.85618410787778,0.12698252390510908
3.8176286162031823,98.24740228235157,-0.23688420660118545
3.7404483526282473,104.9924349588091,0.05260318232865942
3.8734444347428485,101.90646963989657,0.1889988247013002
3.3919023263436356,103.58553812396698,0.020806861597445644
3.5265870853870087,91.99648309583985,-0.029751070353918777
3.235227039210339,101.39992106234305,0.09563020718772969
3.617742910159369,90.83414942135668,0.2744523030833751
3.369993930221079,102.58222635245555,0.10216568250083662
3.4507175700669026,109.98120924178077,0.013005406074371666
3.3250624813849305,84.22743317606206,0.25163676853939976
3.3961468416854115,89.55774725441944,0.2468214338334588
3.1594770526386124,86.45130095370462,0.34268867666943437
3.255316660399061,83.6506261054963,0.3013846364908826
3.636654556361175,102.58296142127315,0.26892695489959234
3.4243979321311064,93.86207441676233,0.2617945432410215
3.5910402407030046,94.82622776997981,0.006542199000645615
3.092179810245864,88.99951618251187,0.189551979741114
3.013034851755718,93.01852837605713,-0.008982794954067855
3.5721284861768683,78.76674291611101,0.26368606818740714
3.405011967511713,79.61440393123378,0.15942058247837873
3.257839921149145,97.13531871705068,0.06846767527829013
3.230091053089109,101.1677469091237,0.06617458909385328
3.4300723501356067,81.26600777589044,0.10405302035800434
3.2415397169446103,80.60096433718513,0.11881390835486039
3.1084678731299933,79.6535021528671,0.3817644642536169
3.8011383314523908,91.02815555531383,0.1739817936279962
3.485524609332318,71.49292975372278,0.08048872160465727
3.000137639654574,75.61822389853694,0.21529747193481102
3.0127314510612737,78.86721064400085,0.20335291302598515
3.513956045153723,92.5136468711961,0.32170404172391814
3.4299770382119994,84.34948264411169,0.31343602650850055
3.2616173800652,85.25553674947676,0.09230922196759772
3.191247039939178,96.27395709617191,0.11491311282034956
3.3762063012997396,85.50570621666797,0.3761872958516981
3.053539634674786,82.40948626362331,0.19606510103969416
2.8737153645729543,79.84392490231261,0.2937143166659202
3.1095214086763328,73.846611555889,0.2820579209321759
2.9816233662682787,79.44366948397419,0.39703777995609796
2.906492094078942,82.2874177537402,0.48360385778795745
3.1938389030586465,77.50175499742,0.40977921289176195
3.6147101563020603,103.581433146921,-0.10841488573221347
3.4240386160563787,99.47372236882897,0.1926164060184426
3.1041836657566986,86.7751362658393,0.05428789296848685
3.1013951186846604,82.0308867755197,0.22113789015555352
3.035481643816692,86.02624630633913,0.18951538763156042
3.251793507127547,96.3441356790059,0.17777299019562495
3.3354646174497313,85.93775695213698,-0.017001011335549574
3.4231332898975295,84.33574269181011,0.11340005876020197
3.401514422008961,92.91200823458315,0.14009993358596506
3.435623961450138,94.40984814201366,0.2990065513162923
3.448198149703371,91.28794027355144,0.12192872648042731
3.3043127005069794,95.49400689626665,0.10609707191936206
3.4573701438969944,86.03071139382507,0.14211502126329992
3.6189382092192686,77.23891058778848,0.24386670355214923
3.2260590276704906,101.64559869058344,0.25282597884650543
3.32734328458967,92.30396175732155,0.22877070594360557
3.1595997734677885,87.41339432992285,0.08000561823865057
3.1687800801419157,82.35397638960305,0.2665159172628295
3.337356065301121,80.22465459521757,0.2512818659662255
3.3546154618170525,79.50821396446489,0.2268381566799322
3.2929831974773363,80.57518794717808,0.07614591065005435
3.6305345619901157,98.99970108982454,0.09903291990355864
3.612749944459657,102.30931016889265,0.09927566067554756
3.2539290639687626,92.10848125534868,0.031017663270621457
3.2284923394072687,73.5046733083117,0.5271485854809643
3.3396254745872858,85.90833805596401,0.7321944261314475
3.114058846202604,83.87192255012619,0.251465365895142
3.410361194531596,92.89527836963978,0.13215875420454676
3.6936096285496767,68.59762090608208,0.3383880611254494
3.445337826619937,86.46574111334571,0.24424518198839318
3.7197702975578437,80.77665204165619,0.2590351758353976
3.6477907966586316,73.85815538620918,0.2616987524055425
3.734844536213249,68.98012752546337,0.14064713629616193
3.3212482095778397,66.36145427695533,0.04901822359437146
3.105682299104372,76.73422526925535,0.1821439555643953
3.6873455545269427,89.5692249408999,0.46776923369471973
3.498508378874093,99.83429698249229,0.4649007122889032
3.558478700746427,95.40582928894402,0.4392629225973004
