log_sigma,mu,xi
3.4915012146904862,103.44029563219115,-0.08058373346682159
3.06819668485906,102.56589893296685,0.1082985158785297
2.778007480365584,105.15560184317808,0.2918394783013353
2.268610598396109,98.75170651015371,0.4617775513351956
2.238660875613058,98.32890861347214,0.5215556909046608
2.4994575003064905,102.6917526020567,0.2809948070520215
2.720523495901919,109.20323787612682,0.15716110863598473
2.8686329313670695,105.24930187811655,0.33765000280033464
2.3402558661679347,99.72496313498785,0.6154583623326025
2.294186447174652,99.51869877749884,0.6319546035936704
2.679443191831289,107.33787976039483,0.09802600678342732
2.7173028042157847,108.1338025785531,0.06474606498594641
3.226029220267633,103.7431681985371,0.5203721104593863
2.9680521410592773,115.80622705755732,0.33248784119635877
2.8594254991274712,91.83554891710394,0.32972751629876557
2.877895826655349,98.37501624244237,0.624474302864258
2.516509841766446,102.92514176080039,0.6835218698239163
2.6028912484088784,99.56702692137003,0.6031242299833424
2.884432928430288,103.34626410609387,0.06857691798364256
2.905829367317863,104.88976911705034,0.20541431255955078
2.85550584491099,103.18591016896127,0.3452678215957362
2.9085633880969572,103.35598196242063,0.18789264873329595
2.7630623782413353,102.60087979069907,0.5272748303028072
2.3732597605421266,102.8363178376708,0.2833875914581483
2.4998209564039873,100.37135616162463,0.3558578137105401
2.6190021717543415,103.52614515126923,0.38600732339835037
3.255853574604238,99.6222807222763,-0.022113863814015394
3.2625835008376427,96.52373941831347,0.025335071497082928
3.264022308277927,100.06347701984582,-0.13195551347468634
2.5853455276297495,110.14499280165809,0.20002583725984333
2.9536633566493644,93.83000306744917,0.4297756747833395
3.2150169522356387,115.61622602381134,0.3959151868040695
2.7907577618020003,99.63116974602943,0.020075403830632662
3.344739303537579,116.20305320575008,0.10893175917744764
2.3509861913138983,93.84209073333852,0.2512385665434015
2.3522819977926974,98.19016481898448,0.3122604787796624
2.5267391358923024,95.16692967847196,0.3140960345222411
2.852930765941379,102.16909538331859,0.3158527208370779
2.9254444953374588,109.1580521958929,0.16062209320924054
2.8394061268036315,111.93126009520978,0.03726053216658398
2.9472241084060857,106.89481948404261,0.034414157009165565
3.1096044466049295,114.88205565176548,-0.08549407381084369
3.106316891267498,112.30791310473046,-0.06585687186506123
3.4278100587389297,113.78830874918454,-0.08948985342911606
3.2885016853779945,113.86340219196995,0.09508392414160828
2.628183469711778,99.38103152167066,0.35894051325234727
3.042571466959923,105.44115616586176,0.19772429279735682
2.830760851397451,105.76604652069649,0.3375021050330612
2.7919488375552355,105.3211410134645,0.24689078045819288
2.921141597269755,104.65527706510377,0.21272198515394514
2.988356977346118,101.70888103641397,-0.02015368226221116
3.0674698694240004,104.47813429736236,0.25128045219263634
2.929865534267733,111.24971871956522,0.09493433937946648
2.969561144500827,110.29049228106568,0.16592469988743158
2.8639181522780044,103.83375959648347,0.2790915175900193
3.0981272354389247,108.2226424169913,0.31356928430718894
3.2393920179953333,105.61058878735298,0.4610246569948331
2.532464477671361,98.97325086311999,0.016012500510875043
2.7112333989471322,99.74380084751637,0.6885849606487318
2.5288317715609274,94.23857816551907,0.5594945433326625
2.3277463750494998,102.32864437353737,0.5470013517051181
2.9970977660137628,101.23019117733737,0.30606570097630786
2.9585470055407326,110.41749995899373,0.48184651204200724
3.291582548980584,111.13428215867697,0.23367016188085973
2.9906329562987763,111.58213306578317,-0.04658680210222715
3.2710743297638087,105.54419324945593,0.03404794312965083
3.136682490712588,108.65587063692446,0.2839960982524413
3.170669437398018,110.4229573358091,0.12239435034878939
2.9407375192452148,103.04092827014271,0.29895579767195896
2.8207622779311268,98.20206447531542,0.046755563540021285
2.92670672949122,100.17996335375518,0.059965840235806575
2.8342215193077642,97.7376018798285,0.17578299556761567
2.950010993686384,97.9455958240644,0.16230659424888466
2.7425184551250346,104.67659672251868,0.16473344386052463
2.8807925932714404,108.18966774093215,0.28382373005518635
3.0981085944413107,104.15283270598782,0.19802930670541605
2.8200798348313945,88.32489267763528,0.202949069756729
2.882862110039138,87.18829758329738,0.2350528814368574
2.8479258140916395,92.70079186526847,0.3480129512508807
2.995965432426936,100.25074196709093,0.19081084591603414
3.100971978680184,97.61603325525952,0.2717936172353333
2.864987112856063,103.27322019307671,0.089211480957773
3.100533543591005,110.35827898770631,0.31409823810720805
2.9423504059181096,109.34429760808094,0.1849211480665513
3.3034012846973475,115.00145950943008,0.09970954917960245
2.991534878004264,99.65036771627003,0.3742569735740345
3.2228622290556626,104.81817501149149,0.4596676285579196
3.4494346762297474,98.29817039648655,0.5184495720427011
3.5716618736320984,101.0859247281793,0.7379458484854233
3.0615491292209343,116.0043146970446,0.48244293718076564
2.7388931129044662,91.40726896959703,0.32609101767599274
3.255179608217706,99.57884106901436,0.15141280777640642
3.169302835836883,97.2245961954918,0.17437309920591051
3.0252269993643504,115.84704172244238,0.14585965975741702
2.405877407734833,91.24155728211404,0.35883883557916496
3.038160911364863,115.30495349968582,0.3193374582347507
3.1206659197431192,102.05875047799144,0.021964403826071028
3.235676506432802,102.81077002485546,0.030272739166766583
3.1486044067981096,100.08989162525026,0.0006439544951562275
3.1143563099443403,99.42187741629164,-0.06375272738575563
3.096096848991811,97.58265413341068,0.15431259192176242
3.0974077471102,96.34414833332396,0.14684169523668722
3.330882771224566,111.77627099939942,0.22835731933483916
2.4570692135534347,100.0432634541104,0.41307984450471347
2.9266463594559102,105.50052611028936,0.35032239663498005
3.093964506970495,100.26906976805935,0.3755148580082318
3.1652209808871588,97.80139511895062,0.2701009803898991
3.1345830092909392,108.4924589538031,0.07125763179221903
2.786660749099363,109.22959269471013,0.2013604337164833
2.448950996787058,96.92814425288837,0.39257727628041134
3.009693882935183,88.13388901925096,0.5292291649052467
2.8406511003926678,107.18261382922712,0.13338692090232696
2.905432278538744,104.59802503484109,0.27334714624823836
2.7149155343346307,101.35385853065658,0.2869239730718993
2.776090639712661,101.4275064643366,0.28643621624197596
2.5565213363243147,96.4334209043113,0.18293720306148892
2.376265912975638,101.53294997024108,0.2982234731568038
2.7042684688482765,105.28043761264506,0.43833905864991524
2.9206086237288504,106.0125366233249,0.4361512455980835
3.192926783348901,112.29250396717309,0.3840651842825754
3.0224314203629024,93.93232527931167,0.0012708865814563411
2.6823350050538974,95.12725264221304,0.3603291095270836
2.9834174042307766,108.31148657523151,0.3003728220248269
3.1600924509136905,103.09546539529153,0.2047432091348275
3.0088299168255097,108.12284766415124,0.030578790691040886
3.1759073629202987,102.32256103972267,0.10264453691160998
2.730593194427175,108.05468279447138,0.21762120495572856
2.6642260541559213,97.60559339416471,0.38046867438509757
2.400122617906517,102.39231712245683,0.20749989436576202
2.3505326743138393,96.98166801364772,0.26042434983118967
2.3680973333840454,95.69702269419246,0.24961280818083434
2.8140011037536254,96.71717075814439,0.34343139453297356
2.6378660512422325,107.51845066022756,0.3830920534399243
2.6069746158712097,105.8399463582537,0.4024898874259932
2.662070705506775,99.63500117977462,0.47254486542531676
3.0965826274016113,112.93301240674809,-0.029128844826889242
3.2324170647496913,109.9000714430772,-0.026980810873199097
2.877472853271343,109.06671582908999,0.020280997843642488
2.9368690872043217,109.46982377391065,0.045063722791099166
2.5713800328762253,101.08256659237354,0.15711525977222562
2.6825507788728493,106.61782574228981,0.16697455570359077
2.685087995414009,99.8357248775015,0.1400051810073737
2.977661446939182,113.25276882336206,0.36860862227357993
3.1237004651901863,104.23262479666055,-0.18549148874017887
3.2046629118979557,101.91401569189202,-0.14502636136729
3.2330842655460184,101.5646099302593,-0.16708823618545662
3.11270335516719,92.27704815716095,0.19193711159722318
2.8503774982063486,97.77627695976129,0.17426170944836103
2.7864877876701994,113.6705437320578,0.2190041756464744
2.856249806270343,90.14523236191444,0.11551829176238462
2.883954086782212,88.98274298343432,0.2604242843967694
2.77216631136692,99.8818161883565,0.3197276954026878
2.727186761594178,99.8475380856512,0.4765604400760648
3.1277863977160294,99.45632841303394,0.18188276989570168
2.687551642785754,109.90937583276181,0.3172084422257331
2.860377828175583,105.56958396794448,0.28465008523715757
2.679930911256095,102.49953404467894,0.35616148954010074
2.771735611978116,105.06534404387632,0.1964163753886407
3.4346153813805502,118.01440883461294,-0.07493774019249308
2.350898352979033,91.74850508156267,0.4784225291945947
2.3763818829054157,100.94702171618081,0.5357309629071073
3.17000434315183,105.77641096774968,0.7490550018683964
3.3588008257551882,108.37573412282147,0.6112059513480665
3.36215960684927,101.13487584413207,0.6173805299441341
2.5190702700068845,106.68065558405979,0.26553160109996715
2.7291973589737673,98.90694321179538,-0.004553782984182661
2.6982093175812296,100.31447491480755,0.09697580599113617
3.343345233076348,104.27453085057013,0.3414899324045064
3.305538462873042,104.60590983325994,0.2566895359686192
2.4749146452650286,98.45850987950875,0.28735653844703307
2.4585691413095057,95.3345827067794,0.3347140949172378
3.0225987214112533,108.46709009968974,0.40910398588857494
2.974014873428176,106.57571900282315,0.3835550039691431
2.922106457368421,107.53452926463787,0.31639299890483846
3.099599214090826,96.61964367249018,-0.005050916053375564
3.3220159613352354,105.5229303887135,0.31829050459517017
3.2986039625273778,109.47490696103108,0.31313107061426165
2.5657656658237213,105.04495356941254,0.15581550777908665
2.462005284894705,102.15377141584177,0.1408766367125858
2.567165457884646,101.69375978056858,0.3315601974770028
2.764093141621948,104.7807348824797,0.3270241307511972
2.8415306865049783,107.71857738694831,0.18727024374919765
2.9283346985667316,109.70750821081123,0.16140714163478728
2.798434432562299,104.0130052411863,0.3859017721264562
3.0171767916032732,91.08021512129561,0.2195830979585913
2.777118376897591,98.14231805585446,0.24315930772482405
3.2420145512675145,116.34924559991727,0.010842286010377329
2.8497422759822366,100.06604526536236,0.25024621707194383
2.5959726783743604,94.67844066741911,0.31336986804990663
3.4032726252679417,103.80494594687487,0.21018529198111097
3.0638348757282605,107.33268384982492,0.4091060604173414
2.9038034243564392,107.831696961204,0.29462850645757654
3.080065571558684,111.88766725144484,0.41002793824014133
3.08900226606315,111.68794968675275,0.39427063960771724
3.090778857903948,108.17313643844109,0.42558224744636963
2.8392886444658023,104.65343924608327,0.24283765488795256
2.9183089838948573,110.37722900931642,0.3418260743503955
2.7958381118008058,96.19399767309571,0.13641904111898173
3.314589147391965,111.17340151503522,0.27716611568552174
2.879422096500446,106.0683099888172,0.29495240724522226
2.9288030895958466,107.4549678741919,0.3254633668301856
2.94104787989736,103.5398728109034,0.4071967863938337
3.2345035992920352,106.93095261096983,0.18587069383960095
2.3972248731895256,99.64808871057897,0.26362432300670663
3.482376439243031,112.6270553221426,0.13431408265781608
3.622407459846074,111.58297970498067,-0.019586033743379628
2.9799817311840715,101.85584434670527,-0.03057589258879188
2.9479481349691867,106.93371476892445,-0.10394726241046749
2.7147757487150868,95.95325660896795,0.5674826758458991
3.483471247585417,110.44230016278448,0.0958350465357937
2.9175590429651956,114.22941075456755,-0.10740645007802133
3.0511034349024255,95.52472269842619,0.5146764614618982
2.930370642397507,115.98198255810551,0.035105185275181486
3.0573707043434037,109.89188226761145,0.23526502758125376
2.683687762993686,97.44904026364969,0.12304248889093126
2.5544780859743312,110.05066470759711,0.2244078334238273
3.024292283869747,100.53583107637476,0.35702094628698344
3.2180176941184193,112.5744338905041,-0.04672056590923998
3.1746467047519356,110.82063703378043,-0.027987174471429517
2.877862552280571,102.78326022239895,0.5630983240781816
2.817052233174555,109.10932060244052,0.21953673161887796
3.420674291159053,107.98787769315464,-0.034080856965367494
3.465953248461513,110.53078601660742,-0.03822693992808734
2.694519628607335,103.48289803956318,0.39232085868730304
3.01446463032102,103.91631840121264,0.18036173349905343
2.9160177563289813,108.51776479203531,0.6034775256645151
2.754406343603244,101.10086397848212,0.13516049789377213
2.8700765951427916,111.56057094871412,0.32642726319183746
2.829960951205487,107.0849486882954,-0.12799262193278604
2.829960951205487,107.0849486882954,-0.12799262193278604
2.8970426514507372,110.57677376694218,0.005411927077430002
3.181002779869961,110.28894999012473,0.14380680071512209
2.887540782913511,101.6174001925181,0.2659065677579597
3.0064099850752535,109.03670612164026,0.09125928708903401
2.6804022103024083,105.52164509358923,0.3130907085374905
2.907962969897516,108.17151687231045,0.22509726654177334
3.040451260048578,96.82212249949336,0.4821436729400265
2.3474480715326833,97.42164548651982,0.24576494191159143
2.626510154148468,101.89534011811669,0.33385285843671264
2.7641932299610823,101.78997755475872,0.1222705366473075
3.4017620254293557,84.07502993314955,0.16482826013431684
3.576124569565053,92.41213663167014,0.15720984589485876
3.3361892123938968,90.37091283675586,0.18270278413197502
2.9025045781103396,103.48251286167378,0.5714135690055338
2.557244529252058,103.7916083291336,0.33079984788803757
1.9989795156726993,94.02862660928128,0.2112906916267566
2.07483548006475,98.01469944297999,0.38517211423580994
2.531455436706183,103.8348940329559,0.25818509157261826
3.1916700505872213,112.35276213367455,0.2512060638494654
3.40085429041793,112.86132983514457,0.043778647342382265
2.833816733617093,107.28412577181273,0.22350850203561676
2.9180596883505463,112.0115677538171,0.28647464304555254
3.1021071892762104,102.76547856594476,0.36388051843965574
2.8854023211185,107.2262304963602,0.04362156490967758
2.869769801964219,106.90256806923561,0.03996980454488708
3.0553108805706937,106.26069583092676,0.3303323845523964
3.0227113850069856,111.57598007266594,0.10230641249676994
3.3395796625666487,116.99358530396466,0.18271472536976746
2.4406115417459024,98.00464494193358,0.31458061555533334
2.8370834841735575,94.60197901741974,0.22427114102360018
2.8675031865595986,110.09003572224158,0.3770021965590129
2.648721438301073,105.32871268962718,0.1942623112776138
2.8434501251316067,103.40662523877023,0.47679813443962615
2.9328380134091465,105.24730924536179,0.46460477774936154
2.8673489193481516,110.16651394632947,0.045733438885329256
3.013416508935407,105.23004394474857,0.3135701679552523
2.731188082440589,103.5730027993213,0.23414003613540604
2.995838778054363,108.15636761773591,0.10060131237771529
2.6012471136243085,101.903100864554,0.29575305539315877
2.9248691486171223,106.98041180894721,0.00606481592775451
3.1983390946181864,110.27811393055346,0.27299265453238925
2.930226873000013,111.09391775646188,0.26904582848683106
3.1178019883763377,103.72627427642234,0.18625244102337166
3.144391523914381,103.01796917493591,0.17378865871447363
2.8178753009137085,98.90422962109044,0.03708583603954254
3.2435508818048815,108.74748161780553,0.29048243037069776
3.0618868798095416,114.03073388970854,0.3350640616957463
2.510158344609437,100.85851764012186,0.21432163068668572
2.8278765637108148,95.94886387846935,0.38983399567814186
2.6596245874971043,105.00449027993719,0.619740573078699
2.736744707276733,106.1461135024612,0.08323855939840905
3.09369843077477,104.8029157132651,0.1408152373573425
2.7062393388491035,104.356792586558,0.01673768895635999
2.7495798915236214,104.46805060787831,0.10644991776418755
3.4068790816807035,114.21820598025108,0.0773195153641497
3.260695756225782,113.24728482447316,0.1468678894223918
2.8254791355343034,115.69016514317904,-0.07566968826228383
3.2924634982583045,83.7206633172122,0.391392813438848
3.2591587642127777,91.08489739861768,-0.18546259360883902
3.0726744930740146,89.8677542498676,0.048341754802861646
2.990887099011477,98.52868210211761,0.317309539325438
2.8102882428926477,96.02043124687225,0.2727133194979057
3.1578505665077423,102.61681461884889,0.11397069822541023
2.9956848871438004,107.53582619219837,-0.04197768118785876
2.8032498551777243,103.91388957425262,-0.12954610093431543
2.969709979650933,105.78395661942444,-0.05022567648439248
3.453849349389811,122.31184727077824,0.1328806129067585
3.4902547646912603,121.96430631293528,0.14789845085904174
3.288080004585524,123.6119216125063,0.2536960294676191
3.2095425290685253,115.31841471528408,-0.03616790053814192
2.49846900959909,101.98107601126411,0.553993281226323
2.5669063916034096,95.41931963063412,0.38488739077700285
2.625440356657268,108.16964684715774,0.2319923906618683
2.709286252354176,96.20176149165067,0.3023201900749007
2.672363404234177,94.78881991405162,0.316629685545182
2.662372128978355,96.39366566865401,0.31102376694483347
3.0328709949816632,113.42021596870815,0.22260493561578054
3.0554519257213353,117.45101836514264,0.4107938274160042
2.7314903945890934,93.77974314284019,0.21854752263042218
3.289194596003766,93.19416723528533,0.25603696532367465
2.7649942899097812,97.35846523285353,0.26193624692928746
2.7976859998888544,99.0750715267257,-0.020787320455616494
3.043324562574863,101.50502164621182,0.19554077281671495
2.943502229264154,102.67276191743305,0.21622121491148352
2.801413234493826,109.59174116867077,0.24960856957172292
2.5816722704962416,101.22180665616324,0.4273545398991791
3.112321238992759,111.61890115411411,0.3484130923669062
3.1411123736315454,115.22298828979899,0.3770151238148719
3.3820288102960916,105.21204839134843,0.6493306784845676
3.123562028339111,100.15436561205202,0.665665367662195
2.819323746596104,83.57502750371447,0.47884593548583865
2.783566246403161,81.74337278334667,0.46479439470195827
2.9591414348638487,87.82864362322428,0.5808742587673814
3.204981042181671,97.32689781684398,0.35881717056428347
3.344040360284051,113.99421318336059,0.3325208801760991
3.4188289978428,113.72104580040033,0.3111346713103946
3.2461633177551166,105.79406004281229,0.09005359560386826
2.7068203943004696,94.29359019817106,0.2890372748217722
3.0186049519694294,103.89543854092551,0.32037111158693904
2.9097586153310173,104.72724600561844,0.2925235572127173
2.8797899241078326,99.39573342740712,0.30692342478956774
2.8925229909028185,99.38292863698602,0.2984643264050338
2.7528276011498596,103.06846536698642,0.2432825029816957
2.942143894895006,109.05423663217225,0.22124935583483193
2.8592195153555884,102.83559942331722,0.07653849264031115
2.664513168150282,109.21284786190274,0.19587287130170306
3.059078728844527,100.34368292985236,0.15696773671013972
3.442113608293397,102.52623869131554,0.08898811965969029
3.569884733306203,103.09893945957349,0.06538177346997853
3.4063172653914378,99.63218974914436,0.45313700474970187
3.4024191195072193,100.91887882664876,0.4388049648088449
3.491081963958701,104.70528958270084,0.3581437296466626
3.045506588285064,102.87053660149361,0.10703239741178652
3.1536278513788196,91.04691275362713,0.21070565807525865
3.207851017137374,128.72844336299352,-0.11032888026262645
3.3487612707757775,127.4483028255079,-0.11393123612621793
3.0171958977576208,111.42790041271648,0.05582221913611881
3.0514404224002476,112.6424665330228,0.0587746888667107
3.059646762437756,112.53144958465231,0.04045080743160452
3.073859572808697,109.77808176940862,0.15184799474211416
2.5454970798251004,98.77882057626313,0.31192096077759396
3.123979192197372,107.1855107714895,0.27397932302099576
3.045668004708861,104.66064411139516,0.2241894543880643
2.913365666835376,107.55015452938498,0.3227042025807488
2.822672696641324,109.91319854165148,0.21275782822474004
2.809770947940761,96.56309021003642,0.5009013356197236
2.6268561109712456,102.06831737003748,0.09166808165907096
2.699336151520087,105.38520861570625,0.27976960122392613
2.703688416073012,107.56153840666248,0.3195306495755674
2.8262577709425387,108.81303291728007,0.13880967332394314
2.7280682599584405,109.6275897749644,0.08720782638074819
2.6682918824399158,97.99092768959541,0.2834551224934531
2.630936675599146,99.94651498745537,0.2785436179116189
2.672021671437565,100.99550310571568,0.2988875081474628
3.1452780174499404,117.00154474738949,0.08289478049940299
2.894356363847458,94.11339492897272,0.39265286253707793
2.5516907502631545,105.24306933247078,0.36087374022724256
2.596978607097504,97.3202950075382,0.208304317176105
3.0212187711112106,115.39404069758973,0.06320707379987063
3.352271937128412,100.63265109318492,-0.08590155090638468
3.3160206556975407,100.13996984361773,0.20615974858278308
2.660196393464925,95.49639849642097,0.11998530943000515
2.74399227852173,107.86088524225387,0.35380400115853167
2.6336769466024377,99.02473300846925,0.06274442553097387
2.7547209322553314,97.68401812064964,0.13001745362308761
3.217733174442477,106.08364611697077,0.13764175632215123
2.8331754113567214,108.60229768947565,0.3590190973295442
2.715844210142832,106.21397094279097,0.3806981698475417
2.478383841569961,100.12118605258064,0.15284369608501552
2.5263403955218062,104.51684678972514,0.19044342678978274
2.560486453827451,97.2632292401734,0.39852540041270906
3.064868582592227,107.53818845100092,0.0929173735097609
3.2298498698425995,119.19658351163534,0.29813364340916576
3.053643561415027,113.63887925573458,0.3031585088894828
3.2017100717215428,104.57265878888909,-0.017645316177028213
3.2109678257045786,97.22395284297241,0.08775793693743401
2.862545971085498,105.97953058674621,0.17448048547129
3.0904595016643666,109.46664196364667,0.11222683081477978
2.9013122954686406,109.09170084989623,0.2280360268731581
3.0814645808512084,107.62502765330797,0.04482937221579919
3.4528767957927538,102.412409706759,0.052607084415217685
2.3989902382147603,103.47167271400654,0.36483195204548535
2.868473029550895,103.61299953476338,0.14090965493901614
3.0224831164740578,112.61155569889134,0.11901467600824882
3.0925558253425085,100.0798652729808,0.09164506283390146
3.120227857414517,109.30509860013123,0.12313622205915879
2.338888293206755,99.64526547447905,0.3463172061902215
3.0989548173007533,108.9043727461752,0.5243167713941694
3.1438808505455285,95.76118346566332,0.15073208036793828
2.602533782085576,97.36166922457613,0.23298943667234026
2.7197644830073653,102.28288843457571,0.2832083429059967
2.678034870536454,105.01922515057156,0.3223888419416301
3.0739565502619057,104.63012859964437,0.09656132170137631
2.8133451632711637,100.75994677764382,0.35314659966572587
3.3439830451539794,111.42667537685786,0.46550156028846357
3.1275052786520914,112.62987742428787,0.2367515107940229
3.0184413893140576,103.43496526834763,0.33419123568682424
2.8409350452050965,108.90322266476227,0.3976361542928985
3.1482836548125146,106.79688153540502,0.3319762062731885
3.312648394656055,107.0544486492482,0.2906693475581574
3.3334363899146786,107.9455991664874,0.29235597365977484
2.8528161968679044,101.1396727371684,0.03283232991869468
3.0728544448745505,99.68082452768367,0.12557844363652468
2.6830497482671727,101.11271384659508,0.1681333434655788
2.77604246926415,104.2251715685907,0.18213970514401098
2.894766005529635,107.34683822755143,0.3784568029945788
2.9729670447226706,101.15739690193529,0.4158484038750467
3.083795731420062,97.46422476660943,0.2714333720518848
2.7962623462257756,100.65724863650823,0.21283620291145305
2.8979799980644625,97.13894317179555,0.28934207505877446
2.892019001157881,105.65131685163942,0.3626065616163418
3.1365354741485953,105.95627462437962,0.7058578734931741
2.9789101505169846,108.4535624381925,0.4583289021304738
2.9821095249467815,105.66301406887332,0.6600740220542718
2.9078815703826293,106.5472067985952,0.6881694840567169
3.1257263216339344,107.61951503246449,0.8307646338031545
3.09241656958868,105.48487341713518,0.781722420489426
3.073637634814673,104.03345515068939,0.7651312106989041
3.147695144184177,107.11915787063705,0.5867253479564923
3.1895367221083375,113.8527591025994,0.6266037916506623
3.128394380554481,112.14812756671748,0.5645733748429346
3.1621390746052143,106.72823355933564,-0.20845353821298626
3.242658410389399,106.78769704518375,-0.18708735958973347
3.279833794248122,104.66485574191348,-0.24390977139397504
3.3984115684706957,122.48205237864241,0.22460842061053182
2.530048547598835,97.00894472164633,0.3870465911915371
2.8265922167471005,90.21702855524036,0.2746897360610252
3.064279450821488,113.99341550437347,0.27196069543989704
3.137794028899477,106.75367508718153,0.17221582950918504
3.1851352819800076,93.25826804945139,0.21085509030853813
3.1657261218096915,114.00201006146445,-0.09180897522951252
3.2754287057412013,116.6812964239418,-0.1275968086701148
2.970139976204529,100.43605654615709,0.5553122176350099
2.8066219610740997,102.79170765739433,0.42031323776331
3.1561310316443847,111.19525033665772,0.7238626631944096
3.0635836412369675,103.8536238963211,0.7947161715045636
2.888696880363832,102.26186805706155,0.6654368328301681
2.8151033808677437,103.1985213157224,0.6780846937776067
2.7008818916919206,102.90617438287515,0.63002534535577
3.0943250636709942,109.2614360319439,-0.11775333958567656
3.3293814201008813,117.09930827631487,0.31394929260604
3.454812764441121,114.83368864885199,0.384686730355892
2.4768149160172768,100.96115390976408,0.27258858100740163
2.4755080657001582,96.12419800052983,0.2580366220211024
2.5503319940883524,108.73248286827936,0.22628613399153857
2.526653359245208,109.13625873447297,0.2516493911482326
2.628222272853368,97.22600584374857,0.2584140554963453
2.3177855165007144,101.0590754919752,0.36558982262780193
3.3112777312355504,112.68786443186131,0.17555058543346674
2.906018868504576,108.68320634913479,0.3560430088696628
2.762839390606694,105.90148478255716,0.16480645968024313
2.7995582612437864,96.38942752644343,0.44151416409291544
2.925372318759298,103.34976364183285,0.5509293786941604
2.8496403872168354,104.5717137772068,0.11041491131831026
2.5963908451710074,104.817874528636,0.24565402876699274
2.186518552406624,99.29426655899553,0.6058847430448688
2.4747434916895705,102.33134142233959,0.31023308242690406
2.525851845330937,104.13269699729821,0.15817534277410228
2.6513968223082465,100.49738052656751,0.4056570027379667
2.4810611588736675,98.78836793406599,0.5272118156932225
2.484780619962568,103.01153343279495,0.5772472015791053
3.3432438642473437,107.42515635348543,0.0001148453227291952
3.0011164412330666,111.84721818291726,0.14336813908430981
3.003418698347938,110.08870600341702,0.15083774806285788
2.495370487047105,106.254475040531,0.31189790138690743
2.5005643832877205,107.0666149935311,0.32273941659499433
3.42063904715887,100.55930577671084,0.19276166488581933
3.6273797516583985,96.64636152822315,0.33860663181100387
3.0655339312030634,105.2575785184597,0.05860788506917944
2.937854899870477,107.98022806348794,0.097742042142644
2.8265152459611254,107.92355558060918,0.5192270419931851
3.21143995748868,108.60503336428629,0.34247490329336183
2.8514395633222036,104.52691336538699,0.41344926728450354
2.5207023326970974,101.54010640959144,0.24851248454780472
2.7021552013464922,105.64968898483397,0.3269050224893443
2.775493248126575,107.29162619063372,0.21606437017313138
2.6303401417999366,99.90748640182187,0.2692378229350212
3.4797636123894287,118.216797826118,0.23049934561213656
3.4567439837535776,121.85452853290305,0.2606002837744897
3.1498345492740794,95.36471223269355,-0.1712700801760112
3.0825503705591673,101.60610197202365,0.128784771237992
2.798240910910104,100.98349335599907,0.4305666771765457
2.980236336890242,112.77960046388824,0.07201880469999272
2.7454157029520525,96.82707867466524,0.512986454529067
3.0620902128825165,99.84066190409129,0.38836323494411246
2.319089653394764,97.27058220791395,0.23164018795785862
2.7219609705286474,104.07121737207528,0.2683710961614248
2.711163716108147,104.71956063025593,0.2336180523412083
2.377086837242117,100.12479676229202,0.32234454855626793
2.309765029087924,95.9830907080862,0.24429373600380108
2.368943502910263,105.28168415193005,0.21461036498092656
3.1287875274385866,101.13857508812393,0.23040698647222688
3.0880043623599427,103.52915516715501,0.2322482117147649
2.548985181924993,105.09357932917601,0.15779289440923977
3.371895735433144,108.91091341364057,0.3649199654092874
2.9867465390955887,110.24928056456874,0.0715541309213853
2.8074633473980932,103.85448348686631,0.2228527553787161
2.7722723607564586,101.37634205923229,0.23168113352836497
3.2884897247458196,104.41085994914012,0.12455682035580279
2.4579032279163218,99.10993249715646,0.5190507456804117
2.3088089168417643,98.92201800857646,0.5778364547721213
2.3602942252021366,99.2536950846869,0.6153998540428549
2.689311733127481,102.15663346194468,0.3134909014905469
2.578880207308632,104.06546435836194,0.16779735435830825
2.4885334688058154,105.0722706812091,0.3261536632268953
2.763045549680398,99.37885678713137,0.11534750456892603
2.4978734278477916,99.9083944488818,0.5758122733185503
2.5058737141831333,103.46015267100691,0.5092799617004654
3.248135894396605,112.70408055724776,-0.03026062457117389
3.177736683856218,106.91136029025438,0.10025257871086247
2.8714828076173813,104.35337951028511,0.5422041689355837
2.8417518421584664,106.84282573045597,0.5884374125533106
2.729024072662775,100.64106492688181,0.6537916854656378
2.759296860019618,103.49665421437903,0.7244761478525181
2.4724113724973837,94.78295818599977,0.7118329773738606
2.7346729784089687,90.90171378939037,0.7921306051241388
2.691163929237019,107.4841756178814,-0.08955472954566454
3.1159739434527225,112.15753636568692,-0.02525246775844212
3.097387637167076,111.23442550040475,0.03544926688888953
2.6283143105121085,98.38104940418218,0.4177220041898849
2.582508071429694,100.4904990463985,0.39714172582798996
2.4882567028235916,99.74185192868856,0.1399276266194289
2.9095095906803348,102.634549850834,0.266321103426344
2.806967782264058,104.7469792554958,0.3065790123116728
3.168539972852708,111.5765110637584,0.35382983164820603
3.3213003682302196,116.65921713449416,0.3381067791068946
2.845032815509024,100.58898329159304,0.03381963224770602
2.848812661525695,100.71345789783147,0.04198573041729347
2.8607938303830784,108.19294280253253,0.25959540918007873
3.4087100243144954,117.24614831208069,-0.11953408603592933
2.8994509993955515,99.43475228220022,0.44748252145332773
3.043508688178233,103.24423025785775,0.5401676301641718
3.026085126532448,105.98249536090061,0.3890095619169586
2.9239374635211774,100.21340791533189,0.29456564632292964
2.7877398392262767,96.67236003814641,-0.040427059398334374
3.344715760622187,106.5411863824957,0.2471049508747472
3.3565933892650928,110.54010389211692,0.2912875412957505
3.0146330204369796,112.2158109559366,0.11039524912258204
2.7886619157804784,95.35735965353966,0.2360051717074421
2.687563904141986,99.23518703696094,0.13495674757480483
2.9218582780155398,103.89253214614918,0.028271274601763034
3.041257356675351,111.0197404892268,-0.05010142035811127
3.0197670938985137,109.37611426977178,-0.09318105847132972
2.771973160379583,110.92785546470282,0.03246383759928601
2.7480935946503777,111.48768370690637,0.0994509706137762
3.72079859142922,91.53342293924133,0.18385807401270768
3.4702337926855105,93.39326688125158,0.17450921638933717
3.37973702786956,94.42165825763827,0.11213580194707103
2.7258373136331273,110.8036846495819,0.25622664811724954
2.8784965528586137,106.82828181469252,0.1293018509951312
2.8000366891777677,103.14355251478605,0.3319693961350702
2.8709963430126213,106.85076685700918,0.1651563667969504
2.8217643313274596,106.9616905815206,0.2074900745588872
2.7243167950923466,103.00904454687112,0.3597460761470399
3.144465990239743,106.90337683844021,0.1908802251497009
2.9488343503109404,108.11244263559932,0.3440909604351333
2.670642068557685,99.80708400976636,0.16137710620620815
2.971110635675389,109.07908840213877,0.1377654544690896
2.7547219318907925,104.78113088468048,0.17009885961828045
2.5157768128294307,104.83082208454483,0.21352940280746266
2.668796378224635,98.84040587199215,0.4752739085253588
2.6212186917040516,97.01525185978157,0.03600832477604977
3.2831761861221453,111.75747777673463,0.4556268210295817
3.3429591367539886,104.5128439689887,0.5071493613674136
3.261475192621004,106.16288061137827,-0.04864454167618078
2.93816999106068,120.82087457224787,-0.07548508819242959
3.036402467131369,113.08825426254485,0.05340611616995903
3.0058834911722756,95.31484180931064,0.22949505148633226
3.1627844380264456,100.38146242039844,0.10000226116748774
3.1972816302986384,100.79499250024261,0.07131379516196834
3.1833905833550977,99.68654289709328,0.04635584608831697
3.272213764386871,96.39715183774763,0.056388144675008293
3.333658094000739,89.14541489194173,0.03303415453010497
3.0575448631364712,99.06645299645658,0.09245680000143223
3.188538825372876,110.46639216950226,0.24900650681916567
2.8500949874143324,106.57372558768435,0.051249340221527134
2.846472498160949,106.13006495966334,0.10673898974726519
2.9311142538814092,105.07553874103621,0.5035265907927517
2.863149374102647,101.06462613261763,0.5539079009102355
2.7455653722693483,107.27894702351773,0.03068664316563056
3.097338834917612,108.06231559054372,0.237154417943959
2.769194756806869,102.67715660819873,0.1830374670504034
3.0228306030159184,112.38362454036277,0.17673708194468196
2.6061479297458665,100.77790569506196,0.36368457742740284
2.7486249104515728,105.47932513716893,0.32687408169451787
2.449219883644225,99.50587445983778,0.45742124487361846
2.9320698761787387,106.6821663586871,0.19799615111872193
3.224147446876731,106.67999399373794,0.16681395291668985
3.011242005529542,105.78100114902809,0.2085647321994076
2.861764412162736,102.75325045266393,-0.038994170644673976
2.7965466796362595,99.1533516612264,0.24504102264504435
2.9702695521518936,101.33292687151429,0.39560740814534195
2.768830380796375,106.68569265782313,0.20342727258569746
2.582280535172353,99.23821360338376,0.2804361244779438
3.1412119598628205,111.15501730924932,0.23527519362820098
2.9256795836700835,112.11491024335255,0.2177403331970574
3.3437118006761493,114.99002749651045,0.2691513916972306
3.466384364497735,128.23274165853215,0.27986999825280573
3.442469649776701,124.73193650627465,0.28009741271031513
3.5122786995878457,114.70737301991984,0.5511217790177423
3.3903371207033794,111.44474755614189,0.4788624376470415
3.409877634367335,114.85783091517337,0.687234513568617
3.053457877412707,111.36489992819641,0.5597322178605922
2.9420212744901084,110.15984038712809,0.5475111437457023
2.966994212491976,106.19473534939138,0.5128224802968661
2.9570730057259706,102.00596909247413,0.05451344823001893
2.970979638080962,105.30257614521166,0.3336237386256692
3.1976973518642744,112.5288987376132,0.277775184726056
3.1739798254986558,117.42192151717751,0.265781506169491
3.1315578030447786,99.85522267497379,0.12023509435320918
3.060772993515344,100.72609112907897,0.3706022269650528
3.139451665361916,99.88783659438404,0.39588128884492196
2.9884751340176425,103.58738550308003,-0.11523537447675393
3.1495407973489127,116.4691655280781,0.3097365366902946
2.8188263700042997,94.34717904882147,0.18068318889998172
3.387542327855436,104.98763609025013,0.17916006213270175
2.6533940605207245,108.80615631551073,0.07456208926714213
3.0530916267060118,93.8283380645709,0.11864980136966845
2.6092139495757674,100.50872484134642,0.14095729816650954
3.3090213309101255,114.87865132468892,0.15164618791379436
2.8516419021827097,104.80151035353363,0.07504562463140665
2.786361483770249,106.87259502229242,0.13703489297229307
2.8634321280866497,109.10532068234781,0.17789462240713627
2.694489148609272,107.48507489062764,0.20417165759781383
2.6273808909750747,90.82644638913884,0.14564688505105902
3.059133355193326,115.31788701855089,0.40133374455941073
2.4432580548732,91.59296918027043,0.5450515975169719
2.436579385461366,106.49838757103369,0.24011545608122417
2.2144469798925486,102.11337348585003,0.1778309138198376
2.6299396594558466,104.61955679112893,0.2595695962047866
2.810000451631203,101.58327891955513,0.3301908942869205
2.988074693573678,101.28561694527937,0.42129688878639365
2.6346370646915798,99.18466859424171,0.20620424623782074
2.7604135041916615,107.95554915470575,0.24057781744820605
3.192131941671835,114.31684429046547,0.2200281092210195
3.4164491972953672,108.28971048851119,-0.036064669008697904
3.5293353217970034,118.84214400977187,-0.1276853184555568
2.6121628465835647,96.97361909589746,0.36294152714418176
2.5488282873576624,106.37911348849607,0.3460511140494084
2.9266912996529904,99.73589212606507,0.3270104586144659
2.789290022384613,100.12178618758242,0.3039176451378746
2.9723289315285983,107.39847518002964,0.08309409991188567
3.043644952330909,108.37720158097257,0.3071667483041207
3.05182813332658,100.63319276626862,0.08588838522410337
2.989625614885475,110.70576537513655,0.16130812786157947
2.6363290858032955,99.77983590107817,0.22139463498904766
3.08385232162507,107.82640275195001,0.43651417477781257
3.1335697937042375,106.09114588088792,0.5255852087247198
2.8734029685143594,96.36605369144391,0.3375867502730914
3.0175589031248053,102.4056878363534,0.23770051980319554
2.99065321884842,104.79169971082217,0.2677190859983939
2.8373849576925942,106.63597448745672,0.14946764292110717
2.9135483878179937,104.22930050571938,0.41469974802878207
2.603363760056772,104.16012315165614,0.18017398441371785
2.6107810581946267,100.25975938255598,0.20595826271668805
2.574542163480535,90.43735636675659,0.13268552338786943
2.878866624071194,108.65488618718126,0.30185963950070477
3.0711253657049356,108.73453397720637,0.18515094342348384
3.054115473494321,96.35947194976875,-0.029238995374030047
2.9754668693848574,96.90027187933403,0.024292920227314323
2.9946620903807957,103.61678631299388,0.6031812817811901
3.015976373231307,107.93983201117229,0.7067265170752397
3.240868034463558,112.97984128886284,0.6098854768072746
2.8053028711144563,103.56071559627061,0.23863520366764035
3.185722866859237,93.2704678825002,0.025799931378847108
3.2805126268806566,102.90142645617183,0.16000112721771115
3.553008870348087,96.45059231471578,0.02696403450700187
3.4500136813203497,96.34713314258227,0.09468773453255247
2.5721672929704376,110.04334580696332,0.3344471963067768
2.6607244266934,106.62125168118432,0.37008748662919827
2.592309338784449,97.3870008495361,0.3453668986064596
2.5957410343792446,103.08865497066755,0.09815336640684974
3.271061347673334,100.55261142341996,-0.026462267725793426
3.1900810023557824,105.19368601713607,-0.007316238363743566
2.95185612484777,96.98391125833973,0.03049364769741853
2.7889062789020462,96.48035571397716,0.38706738337087115
3.256187087564342,103.69105628869409,0.4068597827402959
3.0813871804989246,108.04020596014531,0.4141045391836482
3.06376410578547,108.03051875101292,0.3904800591492477
3.1816090663147207,107.54888043812053,0.6543714736039087
3.575811469315367,115.8628596228979,0.5577246108882201
3.5533537805821735,106.43176709353165,0.5902561650205822
3.1405997178590064,102.4225962284323,0.6092103778611405
3.399438216161022,119.59559979105514,0.4918127429193037
3.2159689312965183,111.1138646837981,0.19381244860949007
2.962437655567432,107.92423043744293,0.09133405514201808
2.8668550224236684,103.87422742992808,-0.0008677489542461971
2.7202570186210044,107.41743008740141,0.1548093848726384
2.759154369447535,105.93985898820583,0.2050141670380791
2.5635678016828813,102.69757276578095,0.2799713857327814
2.5084772530053288,101.91764219575711,0.17687486149371964
3.0652336740578976,109.65307382493106,0.31247857271941376
3.0714689890407247,112.76042485625442,0.24042177665048936
2.9700691783334827,116.1266064706357,0.2819380879368748
2.9309683529500026,105.84603541681895,0.16373598858283117
2.87650731748515,107.66876098519894,0.09574508959162518
3.0251075093395503,103.80670973877085,0.26131363040163447
3.2408219514712377,111.78043455912312,0.19153401562758013
2.8733745311957435,102.30503504402537,0.4451055835282474
2.7316288252004126,103.53478179042872,0.28992630804521285
2.928370507125888,94.98515692148422,0.08867250617620448
2.9275642005841647,95.7443756497368,0.23392498113662616
2.9872741125123854,101.07169636315575,0.26769305148643535
2.691461492958089,102.92091651418427,0.24479518911867942
3.0814698003155345,109.66989105203776,0.12405219630604188
2.764396631431316,91.70871137998246,0.18044691289053832
3.228662691454752,120.94136858559368,0.1871604832081518
3.288206543685909,113.24699045247682,0.06922359541673312
3.121421752516806,114.525474482751,0.21461010809418915
3.293392033101975,119.08796216404524,0.2627764729968647
3.006485582144318,110.69142244160132,0.34827614457955175
3.446082319510591,115.12205892240095,0.20002257241556584
2.9866802290610814,99.25162180610987,-0.07488379961580864
2.8098289573583064,109.5412004310758,0.4652001491031907
3.099690748060292,104.25653858673239,0.5247485163652317
3.1025896482830557,109.049413021681,-0.14443422497638342
2.9567410147356004,107.68070127694948,0.5984970580602696
2.910613010627716,108.00354895790271,0.616654012423651
3.0100955083040173,104.0937463597347,0.6713952263085095
2.1528906978720164,100.36781149056281,0.39751076474437225
3.5298565224882217,114.97173977551527,0.18027727680320377
3.292082381747182,112.63091874316171,0.29801456706759055
3.3872172217316634,117.4093934365738,0.3616000774468891
3.1681514836471214,110.21415381801103,0.18082625510570477
3.145189259915506,110.37998071776434,0.16761244438221223
2.502739604172018,100.1038860483376,0.4776179659910165
3.138536996596068,110.36545495895153,0.095943416038449
3.256217894832736,115.5263303198188,0.2538714995103263
2.9272139389902807,101.65945979190721,0.00940093725872445
3.137971142518173,93.04922590394793,0.3201493162738516
3.2552910806045343,104.9702807343773,0.01452772414470331
2.687324822062614,104.04520430197711,0.43207462549867215
2.552834807602702,102.23853103817878,0.5414901735611753
2.754789582686099,104.44755418556706,0.3974643259897927
2.9953892590033973,99.8960150439875,0.1136151192464375
3.128070983642326,103.70081877086271,0.0793393752280572
3.2077956885922707,116.54398152422696,-0.16891990935740828
3.0471601835779745,115.57576843879015,-0.12112735014181646
3.028327158174778,106.50188775576959,0.17247491449122218
3.1906956417709527,112.35010181501639,0.10896796869324736
2.836702992238054,98.25522799840955,0.18640214048033366
2.820042077879541,104.55270652146866,0.20270809050999603
2.9188867773364415,103.74457540611049,0.23245559616627073
2.987770648933519,107.59903631003917,0.20439413242507445
2.826609261890914,104.67807336586502,0.1907143136429239
2.716384728956584,103.28631168376994,0.42913646690841784
3.0402626739651235,105.34215229072556,0.15331387256013423
2.9991925634421968,107.48346209447098,0.36802324731385255
2.8149807451524302,104.38031388896486,0.19492659889561423
2.80760120282731,105.73966997966082,0.41545212251524216
2.84179036976634,105.65784059051143,0.4882755168701096
2.8822254629880297,104.58350508002661,0.48853828921215176
2.8805634656950136,106.8537684517369,0.3064842604567382
2.5404784806467373,101.57244264185944,0.35769530055612214
3.232081077851248,110.19130074901997,0.2893610665649071
2.9571092069692426,102.70983068371467,0.20319358357907064
2.9203129888679276,106.1835667520206,0.10020370585515052
2.67564077044625,101.41510267164104,0.4127990911460545
2.7316424610657597,105.6863174402335,0.31814339715303125
2.4798980567215025,103.35982229578312,0.35889826898066574
2.2788189995306882,96.31301547432547,0.34377946676816756
2.2418870986464734,96.57117596528649,0.3203732334201015
2.229292765298274,96.29892262044284,0.36999506401314175
2.8054102878960725,101.64554384018912,0.6329881085943372
2.717203744109328,109.19619197800144,0.118867799188159
2.8417938398396196,99.66280618634774,0.26266549310781423
2.86404672201795,100.582497642986,0.3791049718300828
3.0637646187937477,100.51856020865735,0.13309964555505005
2.824641030129844,102.59675706682626,-0.006686071728645925
3.2677076732385806,114.05643464864893,0.4231553825582814
3.0143902036849872,107.5001880819403,0.5197476633186994
2.8955300892884166,97.18294097028415,0.33523441814514554
3.2853949864218475,108.18113179869249,0.003806231552158383
3.2418457029468652,105.71212855230041,0.011480699444175015
2.815042238862668,105.61765212408214,0.2727169257849424
3.162855678783709,106.39790058739109,0.38073796140319904
3.5088439585367177,103.87132523265699,0.5433661866333976
3.2210993289713326,106.32519529581826,0.5266043157459933
3.1214372436471125,108.50436871683596,0.44594170363045305
2.8535126271729907,100.62369529575376,0.054495579515341966
3.2797242213755124,113.39358806736153,0.265326526170752
2.970645498877717,99.62483786825395,0.4937851775840343
3.112779768607572,99.25768885756185,0.11152776068814822
3.3717518608910764,102.54681289747838,0.11698012247005407
2.5599152525059337,107.2172816392464,0.2758865558908475
3.9558381992311578,110.05525188604805,-0.08148419262437921
2.9512973316382904,103.4066039807726,0.2474247971076483
2.5184386612005825,102.75553230046796,0.359239148642689
2.7107497225565167,100.34252079751336,0.40586831377819504
3.189930322539257,99.79166288434139,0.3026061550676305
2.761891243581772,115.23259788643344,0.1446137119660049
2.491403378675119,106.71725460246084,0.10725533569035195
2.4476067040877747,105.96362224952011,0.09124407720171412
2.6490146418554774,97.65179340232889,0.4056842120297981
2.5185565737576625,100.80328773234835,0.2616537433992027
2.937350221995588,104.15722034081512,0.45286667192033225
2.946365883288502,102.34214218020796,0.4176087980893579
2.432111742532864,104.26554208217152,0.2618136000743725
2.648749154884189,101.2148780045825,0.2555843587712949
2.6297435200644377,102.98830149506828,0.2213464205212187
2.9937136598706444,110.77884775880892,0.39076130029262596
2.66863784937102,105.43245742794997,0.2937279575737621
2.733949199234268,110.42967843425338,0.3747881661753512
2.8208890991893725,95.3693035805271,0.0014442488367530568
2.9491533603418203,103.09014826358211,0.13127463098352415
3.0209099974253553,105.26556624768091,0.17391146548072572
2.772964666733458,107.52461932666215,0.4119579418005156
3.3005811546137283,106.30477365776783,-0.08227934605339284
3.2995009233342403,106.77264826090426,-0.08650137194886919
2.7559929728812906,93.36606980400227,0.4647236534068028
2.984094148679833,107.8420828304136,0.3689097869641986
3.0537127193107874,110.0341173894028,0.3455394290652853
3.1539994200646944,107.21687626406789,0.3235263495913272
3.028098498913266,94.22850666434118,0.4227389418106401
2.674356455638672,100.84772011351808,0.253365934674615
2.806401560822558,108.24085770996555,0.13813975705945758
3.2365866480855154,111.5465888395781,0.11617030384065839
3.021803110695259,109.99877386614037,-0.15951147576838187
3.044626729698305,104.71071903937356,0.5647387765439345
2.7295146236887726,107.59150681721887,-0.03735340906408943
3.4305069503362153,113.72323225558705,0.15181979221813424
2.3222779069451724,99.24470633323233,0.30024019661005846
2.9029539722120683,105.28304374689398,0.22392114528025198
3.1784653535001848,113.08069002131843,0.23206589886350426
2.9456830866483403,106.56709976888942,0.30303525148546645
3.0021177446649587,103.09337185069496,0.21571907976243418
2.8015154204947303,105.3113955814631,0.23451607802202754
2.3506835598877265,97.94152455577459,0.42791878038468895
2.355250110511995,99.06943325770871,0.4293190454483097
2.6351102392220334,97.4962452765806,0.20265803490864068
3.6825390547966568,109.48564623523053,0.09840696438395474
3.8907841670049566,107.44858251505535,0.11375805242395008
2.7601527045167806,100.86796495664785,0.1464955299172965
2.8255419446291823,110.1553789136321,0.17495945460685777
3.4286494396281086,95.06873131025591,0.03904045324121212
3.1682469574746785,106.98738416593513,0.22153558165088152
2.7963186193371397,104.94662906851836,0.0722281851859242
2.812414199956935,99.86513368395391,0.07803804868075485
3.4298067800855794,105.45258414221927,0.29500529776433515
2.68884602662197,107.18782436419431,0.04805088410609393
3.187698542777129,96.43100355185042,0.38874785672444184
2.820453059601484,89.90348194370291,0.20587348538262615
3.20702464352885,112.87906468891059,0.2125562834621544
2.939648954636695,111.65640452790957,0.13642105466551596
3.023577607884447,102.28746985810825,0.19886119842265412
3.1257065214983926,93.71555740466442,0.3790327752869537
2.4093738146623362,96.16753297568482,0.3430882949391103
2.700105305696677,95.64455669937726,0.32641779953916744
2.7321820623717032,94.63941534340334,0.2802315602435649
3.011962593538746,110.01333594235824,-0.03035276082474364
2.744050895225587,102.4035643860556,0.3471457205677945
2.8298541026449358,101.59242342470823,0.24907183123884413
2.905332637101539,108.83985398966684,0.13226827480796383
2.833366835631156,101.7388709756374,0.26550237544704053
2.624132188467678,108.45269930352895,0.05430876417904997
2.791851564246813,99.22682607514164,0.33182226105948376
3.192911717026932,118.52171599802143,0.07857495901207597
3.2912921343954484,112.40295461437238,0.07144435659055653
2.385396518191297,98.3426887540705,0.5125507167917362
2.210976781813826,98.66153193924345,0.5056200174645902
2.1987099828513967,98.20012124571763,0.5441244809979866
2.1669071976484764,98.33332176726212,0.5991576267279113
2.390626422357151,96.77104109738745,0.5515587359701577
2.3695045723561106,101.93084270497943,0.5263992397089094
2.3695045723561106,101.93084270497943,0.5263992397089094
3.483201025915933,109.24075735703441,-0.14202701921907893
3.6928802252851174,106.04895095563418,-0.07709789144668516
3.646696886847962,109.2548820290785,-0.07374689885330357
3.4269736401496096,101.74162821686126,-0.25516485985117354
3.38606165544983,101.068505030576,-0.17884084766339647
3.344333695866642,93.18766992100817,0.11335519208564893
2.885863793139598,94.39122099923725,0.07817144840233116
2.8317210018873364,92.89019818462594,0.4332041120061311
3.1687335583171907,120.27284175283093,0.13712791357983378
3.155860677584344,117.9175815910001,0.08988073914308234
3.0681578485757295,115.1367708487253,-0.07107781928366867
3.1185068700938547,113.29377775601131,0.06399537162465488
3.3194611971254018,119.57847283755562,0.0962253170268777
2.715198027748178,100.69584535836722,0.3455256557805327
3.3181325069825607,110.71537097462503,0.2598073560320555
2.9129459064635546,116.05065821824726,0.2275702246633529
3.2048689853280194,94.87089446871467,0.341065484600955
3.073696677656935,91.73985489983174,0.3290664442614147
2.8378042899569325,106.16601704123651,0.24830455589400646
2.9607052316705813,115.48999094443708,0.005053531519202948
3.26550668222156,115.21529250713606,-0.056299043559141636
3.067949521544515,120.74707348101762,0.06650893209551327
2.996087482679867,88.59837556525186,0.32654300625666144
3.4667571108499176,99.83593441910804,-0.22212981066439033
3.331614721497616,97.70438638575726,-0.047152911423891046
3.250561149088364,97.51037142337351,-0.04144792177403171
3.218215320279427,97.86366231563477,-0.01723767299199906
3.212127551697296,104.38200839238868,0.14135525500835305
2.5451636204737107,105.97003281641342,0.17292923607098623
2.7058884678750736,101.34925101622625,0.2616598327852562
3.3337034806355836,116.37866517895787,0.11053580170335929
3.1623238685520496,123.61263298336458,0.20488426403012258
3.1957364286719163,122.68509209276345,0.1807717231853096
3.2296309004044645,121.21922946550583,0.19789763643251945
3.402225695415358,117.45414523888746,0.20333500603922072
3.2492732911119924,120.77549868762324,0.052747500564392924
3.115642465889182,114.59251625795386,0.1689692113999232
2.807056649477694,98.84481149332403,0.5175993211211846
2.6762550839987735,106.0130872792496,0.5907140524649137
2.53197806060686,91.73337792501289,0.4642249779770827
3.2789139282557165,112.4485552704054,-0.014334698521429356
3.202840349218337,114.5607734966131,0.0653602369414858
2.4481703673298494,101.88159685464288,0.38122404360380213
2.4223204262981484,97.83337176501836,0.2938309221451166
3.273766311905563,112.51622267121782,0.5763294354961723
3.444631204414203,119.91734795378909,0.5431032601450998
2.9064861843101073,99.70647724296768,0.4336572571511248
2.4660530587635834,106.81156203377182,0.23213460722314005
3.395481864122506,92.12870735241559,-0.009683634495854559
3.2567152658698775,103.97734990427861,0.1357395657855338
3.4625455807975296,95.20605781108931,0.027578372075956353
2.9704476427911546,101.05361242586886,0.17986360963018685
3.068001287690677,100.87406790148658,0.392527458455693
3.085312090707692,97.68829447484616,0.37869697693812826
2.9305990419037276,95.23793970139602,-0.00037757404095551517
3.085982181465622,103.58152628853762,0.00571549123627432
2.7053128362907426,100.76832338309433,0.11852436734366116
2.5629196489611985,103.71846870694357,0.42968186928586594
2.5497398684566868,104.13745804028878,0.4879662127058395
3.0872437150956866,105.65629942454792,0.10818873874971965
2.8216473416288887,101.80881739351638,0.33166265082972457
2.5768948047467513,105.01933642655865,0.3240963840226422
2.5867857631042566,102.68245361712849,0.38815634229973633
2.5862515289650836,104.70946583169447,0.39659110063670633
2.6717790553892233,100.6687579980963,0.2393724917537877
2.7524282598836933,107.44446743069557,0.05011265842546817
2.9416750272560876,106.4707351714517,0.30840003840794994
3.208333381667028,108.42234695354014,0.49573104675997803
3.061699296301954,105.53469925089273,0.5013665857101722
3.351161903799286,108.69489326703304,0.6454266219446916
2.7195669050558973,96.21575779493232,0.10931978918696424
2.932917486767379,110.69310031080572,0.2744317313993894
2.8695727193425054,97.90871033269963,0.15710297980610607
2.5712953139995283,102.69209956073742,0.3705861566753708
2.680291676195512,102.82582364505983,0.23850859918028525
2.698001371368254,105.39845057787682,0.3088570892645917
2.858204709142322,97.44134388942865,0.20208631314900918
3.1492453395996365,101.58344004562966,0.03608848374021698
3.7516991150695214,109.53690254579121,-0.16011439028308133
3.028151233031065,88.44876700362201,0.11327080526099574
2.9582766593388476,85.87222671741345,0.08152044925540251
3.3010517962647317,82.4002484583218,0.14657462526214848
3.6334658992331876,78.42135849113865,0.10178338606415557
3.2978239214278187,96.0773307072855,-0.13546034251359076
2.966264716137984,98.83658048799609,0.2265202335305445
2.974307685535226,99.7806147294505,0.2281489036881654
3.1503112858594973,104.3754986506493,0.324674788546964
2.8110395732436206,101.93935642542408,0.1143883746920308
3.2915792415570118,113.65031237817392,0.15184228536734629
2.4273209611272466,99.51703108913135,0.40960139645214316
3.0588072391496035,108.92598619869818,0.35959688599493556
2.8229332486686713,98.75000464954324,0.6559168396643722
3.1998444828229258,109.94400656911786,0.5555063459357188
3.188240625255777,109.05607726335319,0.6413048617671512
3.0332357904055955,110.70948805768347,0.3696622867897849
3.203292537881158,108.8876233235522,0.5088189216457614
2.4585510525688035,98.21001099059852,0.12309978666553659
3.2601203448900216,121.17686607277035,0.42344467976241995
3.2095668188859277,97.61613163245028,0.13057915526418332
2.959781649364535,91.63664817468633,0.1001543822592614
3.5613601946369613,97.18298503754443,0.17652106520162422
3.0194733891335037,97.4977904868131,0.3251738059802805
3.1973724021870535,101.18223798691648,0.27125303936827316
3.1657295746588194,121.04607284382367,0.08978244901625004
3.1607396516455415,108.15677441862088,0.21127083564670632
2.445752699796353,100.67022476087477,0.41352700284146493
2.5835468755463484,100.38464286187873,0.5002906144121508
2.888582503240126,94.44307306070894,0.2018692442839913
3.423298904574485,115.23908008869178,0.25081102859198456
2.5775355787813288,91.94794590722817,0.13269726616349845
2.740542025709586,99.63389262576185,0.21570663205841556
2.92231055057491,107.55059186422545,0.20308581899320702
2.9788863361285047,102.70542885250873,0.2069218422547859
2.852558043332453,106.39821031514217,0.0480120991563204
2.8614252331960173,104.08555986721082,0.00485911296554501
2.6500358090489033,102.98151229497384,0.22887182261852115
2.8398653269923324,105.26079689614257,0.6099932765958042
2.788451955303186,102.15045741058549,0.6782769797385559
2.613366040401461,106.06979542896983,0.3200372665265943
2.687447415313831,104.53381249642253,0.20052713524370594
3.1737859493247593,111.88684326707393,0.2926506386854831
3.2566455239572263,111.27255781019913,0.2536376942059659
2.833814617959741,112.40852782669774,0.25977835578487113
2.8992998520447757,115.06547735329501,0.20743458003127063
2.9741431016818067,112.90917817747639,0.19867956430155254
2.950633670685501,109.66881583608802,0.2473072807282085
3.0189152007858144,103.88096667757725,-0.08816846453190996
3.014963570455763,106.01358744004307,0.03703462027321837
3.1784862816169768,114.71673821756097,0.11292415219282632
3.214035171300363,114.95815357774367,0.10723612892628696
2.6674489355815325,95.25977382737534,0.3359788258572887
2.75272725156506,97.69762697535116,0.30812575362378014
2.8728860490680477,107.87375897705921,0.35839908839931855
2.9112287117850872,107.4214845168384,0.31357488816519985
2.9574031737834656,100.52317057224738,0.4544891106450679
2.416736853904411,94.77850292760787,0.18764830645766664
2.646707790505275,104.77827383919544,0.3003350407667795
2.6271307885226776,100.12490953145684,0.24375855244324376
2.6840066882944833,100.92637763536707,0.28170240766922366
2.994536690239525,104.96966158870173,0.6459719937284519
3.218697952376537,98.1481342521488,0.6166682581531034
2.9493714488316467,102.79893744634018,0.40437184659657094
3.0137764538976883,104.37272147850797,0.42087905563123945
2.571629269019645,103.67152171800274,0.46424756624844665
2.966301194734199,106.41261362925391,0.2162526347192451
3.182451162228115,106.36879458832719,0.23725985847083872
2.5546016894302306,105.06318484828157,0.20647123577568785
2.597539156690236,103.0616183758655,0.163014749880736
3.0529947857713555,108.4502467052096,0.4074378531401238
2.920317014742721,106.97817373268931,0.2068451655280739
2.968890357410251,102.42676580309144,0.2666093671529665
2.515305344396844,94.18614536621752,0.4679373801693615
3.3939652318765865,117.10516341688718,-0.05801257859135259
3.019886547729913,119.22027978372039,-0.08203122657690516
2.9142698491466295,118.05330289730475,-0.0003515655904747646
3.4617890682416443,88.81479950164335,0.4106058614098802
3.054285108401948,94.16236929155099,-0.19739618463892086
3.12896359530736,97.51741080685876,-0.06748110989771525
3.4366732141953613,105.6721271641588,0.024093417439868637
2.60534896176753,92.29400580897486,0.358373543839571
2.715229202879082,92.44401720957107,0.25197775877731265
3.0960976178764725,100.23147311584698,0.17460620150319164
3.057104538765515,107.1563600240689,0.062244689332094365
2.9698680786107206,109.75519475867569,0.24249033191546576
2.852887965302253,102.98927845844136,0.3364744582643811
2.8156426920283413,102.10284494516696,0.5111964581380569
2.7337359944895674,95.7113938170035,0.5342288819525686
2.8791544792485158,107.01980398172586,0.14039588235984726
2.765253289186375,105.46558711560498,0.3407666276662752
2.6794871308525963,109.7371691716725,0.29174496574272524
2.6899907723775547,109.45449267147269,0.2880088228311758
2.961445332796111,86.25213328183327,0.26057898188530554
2.880778230101968,92.51275353206259,0.40314249772092925
3.5107407151153067,107.21023766918444,0.2038391009649751
2.929136754892881,98.522566930929,0.5923355460272036
3.120765850295021,105.47748388818823,-0.16091199403680106
2.8781324387813094,109.60774451891868,0.2815987011131928
3.036147599564714,105.26720821647775,0.1795862644427918
3.0467039590136356,114.53734973716928,0.1626475435709463
3.060716287432937,113.18068124641067,0.1640181406557659
3.118907777679641,92.46547988800859,0.012160712660582941
2.914862686693269,108.04505072104195,0.12210869992039665
2.812356604684206,99.33721265001331,-0.02810463069899946
2.9760159773904555,101.33781448797727,0.6096544061166678
2.7867853406805403,102.42877649224377,0.621738002673586
2.610305449967699,102.13147367122504,0.4269294002075301
2.6016143488365993,99.97245072632413,0.4406163447842313
2.337627153708292,101.9663562549176,0.2326204154580853
2.6432621872664144,102.15026797567049,0.45207823800944646
2.577236827571534,102.2721444837452,0.4411767331537444
2.7723131285250653,105.95707598321712,0.2832757816574752
2.8487113448468206,105.52399542180746,0.16187743399101842
2.902944200930679,111.64138384500083,0.15175256341478352
2.922823694290913,111.77809180737903,0.1399640594946758
3.1918109518556235,114.84491307750706,0.2644992705760844
3.4570436441751746,117.60271723256213,0.21122412441722277
3.200747780026186,111.2708571287047,0.07526307233736504
3.1566573311298622,117.41060128853557,-0.028306593823324244
3.1734680748801565,114.85874964451004,-0.09467236111524582
3.1564607463720042,113.7139776410199,0.00910166475077026
3.164266390197835,113.01437991460728,-0.11443778152833145
3.607392224445061,108.84326150844166,-0.05378325831710394
2.738557906167822,91.60603558086872,0.29406363756679726
2.8712363316306937,86.92075168658641,0.29854649867489114
2.941672344223292,93.24185677908578,0.3526890228893802
3.0724119567488573,90.68909902414542,0.33991962941046033
3.032351791125968,90.24915527924495,0.1973168512377686
3.4214477877036624,100.39326863868973,0.08776233545949008
2.7769926031922374,113.9884796772712,0.1187213555001636
2.798305798299247,114.23553660049298,0.11268112754319087
2.7528343235346933,113.76983574308436,0.1589891521326967
2.7409079496250834,117.6654303039267,0.13904169255108836
3.3512938787695874,100.71814558324874,0.03361743263229945
3.2336563265505425,102.89513757071589,0.1636082379566889
3.5718436882417985,107.05765208035041,-0.08081206019895576
3.712885947766055,105.93652378562255,-0.07446095732278028
3.6962878155392707,102.29421746795775,-0.029153040784872235
3.3520048651985217,89.01216669063818,-0.04482922318185936
3.397188532909608,81.1419094461319,-0.052529630118625166
2.945436824619591,87.9052732951977,0.2633023417363198
2.8227568093186544,97.44409418702728,0.420324888528775
2.688510549122818,97.80839624193426,0.43083522103263416
2.45389787641983,99.42276251372282,0.34720626767132207
2.7136613377566268,96.93879864485545,0.354126838550039
2.9526466846728425,109.43545691348409,0.1496544999975736
2.7859780969512924,108.08572249598865,0.3168032954083756
2.7123397413342185,104.4600259547468,0.3759227602985453
2.8920084365492165,105.61144219428164,0.3162805072197866
2.6722887835091242,108.19389119954327,0.4691294543040461
2.804422001357099,100.6266356448069,0.5106802888391834
3.027514825054578,80.90858742217863,0.48178675063561294
3.1626372830095764,104.99651835682157,-0.004554818975206447
3.29600363458118,98.84776267815839,0.10684172307893318
3.3397508883627425,100.68594731124831,-0.1355510019114123
2.719806506253712,104.53784260485477,0.658755379040547
2.534592746817293,99.12925732711516,0.3340194135208406
2.6961159472818035,98.73912101851454,0.5836431953428153
3.1566896659240737,115.01998166514292,0.04016299644307374
3.047014333861477,113.02166486460146,0.16270186422621388
3.256017892158818,113.34874773924237,0.12794441557685754
2.9699347342140014,106.43892720958156,-0.06774983113458784
3.187841343415281,96.90608297344758,0.3602460160394359
2.806532228598644,101.92609221052946,0.15238308430577466
3.057885776658778,105.0722495365527,0.12601961157021954
2.7102850457340026,106.79728880477171,0.5292601860413165
2.68946308283441,104.04457744406501,0.13705913106879486
2.7282243894721314,106.73330333228677,0.053347335628670944
3.3972056336418124,106.77403109373292,0.18574980500975166
3.1554109634911605,100.44591959581201,0.07542741065491473
3.1119056356371466,102.16652498999144,-0.12614266133245328
3.1083047959110828,103.42628554818268,-0.03144077540041775
2.936505069228683,98.19369367750011,0.046167277947429065
2.905429891909124,100.79654643130999,0.10639676127624931
3.229609777160262,103.06409204737531,-0.018647185219619455
3.413781693901898,87.55260539749717,-0.01076533512337786
3.160731264384521,91.68893407075979,0.021996075030465842
2.88672698927052,107.02202314632846,0.23523073984346254
3.0232860765757708,105.92633406631121,0.23640978937179621
3.0729702145593696,111.58045814861696,-0.034704076646594605
2.9591194410663517,101.29923430011048,0.29779730183297165
3.1264708539736015,107.64035126491022,0.02817479061907758
2.909899462095779,105.97171209682439,0.34131571961202956
2.736009333029009,103.67219246887358,0.2751758871412818
2.8847353127875213,102.00577126720817,0.21097689056737026
2.995235138815173,106.6794396279241,0.005213010387596678
2.618738384390796,100.409709550498,0.19723236177107242
2.8836204616696333,105.43363493717503,0.1599864880915856
3.0047418510903525,100.22772170073128,0.12921977180823815
2.686322579788098,101.85151068211252,0.1947430600149252
2.9616587182671243,106.49655988199649,0.27404636893569007
3.2217947003670315,108.36040059091864,0.09361167474037674
2.9397779845316934,105.29197364436624,0.21635138538966509
2.914181263179158,104.23549105024557,0.41020846655737675
3.125749531813274,110.5067465129102,0.06115883450597034
3.2123048970121237,107.63708729373559,0.11645815476323178
2.909953016523299,114.45103498868608,0.24484153081418963
2.8337204407960455,93.24320163602708,0.40141420317339693
2.624207341522054,90.7967713036125,0.21602301866365536
2.909060998435293,92.22435518946332,0.2679403107917439
2.6220567810069286,88.8410794136968,0.15038923774631927
2.579552518706152,86.96018491229366,0.08846575817167024
3.3380575633865193,105.69142500340975,0.24432946514064124
3.324128197921763,106.0403327532273,0.21019696676226843
2.6239245129001163,101.85891691945143,0.4423647660249993
2.8138404582743672,93.50833784327752,0.3700653351504504
3.247169144442143,96.31680667094835,-0.020868827847922378
3.225646177605607,91.53300678661785,0.1514064757078026
2.9137951701448324,89.44820261360881,0.23244583564980933
3.112775158480481,97.31389303718619,0.22693673793972963
3.4259223438445248,95.88206043570305,0.3780947518891615
3.2998871401681384,94.25370347725197,0.34962491454395345
3.3425609600854695,94.64215257678714,0.031116399408040153
3.341881559705468,94.31972170297867,-0.002560401243623596
3.066295814295998,108.90730173199702,0.07443630382198525
3.1201240562573584,109.28088108728983,0.06396089951409718
3.111104029149196,114.91445945269025,0.03984709417429538
3.336662692995107,109.4311554970826,0.4091400132664268
2.700957600812202,104.4484420221173,0.17334132599339688
3.090304138279553,110.33749298389087,0.5059167850703105
2.9438192763849393,106.12703863279677,0.12327648482318641
2.770099267244073,105.12076543619426,0.0465729150019939
2.7168668881167375,97.97303793173279,0.12757946603558953
3.0711702352062513,91.16864186996646,0.15901204632920465
3.623813090894981,108.84645371262631,-0.1653222868225994
3.0777273928023337,103.99058822548513,-0.020829424572362417
2.8539201198016153,102.62676290319047,0.06088485695863448
3.0644084620234424,89.61289399690003,0.24044649153741882
3.019459002109399,114.03823657659804,0.10754001391173729
3.254541787850597,109.9549121986487,0.047020435922494976
3.425245312308215,114.26217010469836,0.30371989838102564
3.4850708617584103,123.983520360954,0.3858720166823823
3.5017045369702884,122.3933150352084,0.3655138911075798
3.5066771594165007,117.08478088068074,0.38526845590063313
3.4841634408896276,118.40057949578137,0.4046568856778557
2.3818242736818602,97.89701592629815,0.2841668469390036
2.2120045194873454,99.00969618995573,0.3709157813224983
2.888637002558681,105.53979000836412,0.35175010274276125
2.7867346376351816,110.1773929012557,0.21414976395942148
3.6962252211365376,105.57343736554795,0.14091259299344658
2.7504718419166725,101.6789904224986,0.34129518510033346
3.1551448572445047,95.78691605508435,0.28326711570292384
2.6058673573961615,93.21677345576288,0.12091750903426614
2.9859985007027867,98.68490800788405,0.08354741039917536
3.0943504276996796,106.54666709671854,0.30377078973229504
3.271584348760976,100.21015144756107,0.40117457525776073
2.8838032642203033,101.05453958952361,0.36908516009833875
3.007589976205654,99.4675723839906,0.25071236294731075
3.2011342262470244,113.33303018104847,0.23051281003774307
2.494524078505415,98.57972864766134,0.6560166080934018
2.492918444736002,101.41412225341675,0.4085005736531433
3.033949750636127,100.88581184483745,0.14707937799962514
2.998409269818269,110.7621576275631,0.1740346534688372
2.990873671687768,108.67680906603123,0.39818037579842924
2.871127508174757,112.62889060086576,0.4493626965796122
3.4614608578512667,102.55408294325709,0.3432796482869358
3.0498592656120516,105.34522672796221,0.45384121740643824
3.054567441864133,111.80522042827552,0.620358928889552
2.9234570036604968,101.42640290175504,0.12692323925371948
3.0826201892381278,112.03418311279103,0.2979816491502134
3.125485961545006,113.00562907931622,0.3218182785378021
3.111031507838902,112.19286447667652,0.3331285146371337
3.5000505693588506,113.92158828049234,-0.030572659782192983
2.856048489108644,111.22384694890602,0.3418050826889814
2.8861313802929973,107.58281320041742,0.3023969278879718
3.0664585005798273,111.27484054422658,0.44827803684395656
3.0563824748751807,112.10298857447299,0.5335172006279791
3.3464375570098204,99.13699389392404,0.24638071827555003
3.4694656395700303,103.45247900202114,0.3514865805467284
2.503744850945555,103.53270029486521,0.5159468150000989
3.0182953625535633,103.03405887518575,0.21988326090862548
2.931500494678512,90.57181941683297,0.47102778734159695
2.464845118784601,88.19941817436339,0.5017403545969884
2.4393207058417703,89.17910934736568,0.49532226011221414
2.341973541909913,87.23574752360885,0.49212871317238727
2.395791932956484,87.64367405238362,0.4565383378867598
2.3458481164665086,86.78873366645603,0.4597487732202363
3.195809936434684,97.32624857941016,0.2068009748367955
3.1079800717401387,107.29521153049392,0.24205924783472021
3.031682195512087,107.19570661410414,0.21557812332627316
2.9466316789199962,108.99873786502532,0.2462066167600598
3.1632266007267917,107.99668856549891,0.2418697904783562
2.549554729462201,98.14324716412662,0.3485941076664711
2.494398512226248,101.21945105861424,0.3558704678696817
2.689751851132477,109.35261052914116,0.2577181589319567
2.9790128712768866,100.62212250682761,0.38472602665477557
2.820635015178139,102.2649278043724,0.5026705522631817
2.9955751415799026,95.17652651422922,0.14872840175722274
3.093865921960322,90.73837340282188,0.18402712055232973
3.190334283626882,96.33256796839744,0.37695632476034013
3.162659406707843,98.62278616601834,0.31143226341735536
2.4601325088440515,93.16007669885491,0.2787593152455049
3.0018837256802975,96.00351281175074,0.4850751376011602
3.469924807734386,113.95971134938988,0.040553981848470595
2.6815535995615494,101.43899838048124,0.15519443735032795
3.2732077218122533,113.27223308695832,0.27570266939917243
2.483423074283813,99.52949425863733,0.12361865475662172
2.446148716996822,100.69086976884202,0.18117069526793297
2.6515063136174866,99.7489132990233,0.24759872950351894
2.435664487966958,103.93545927604401,0.4293894053264667
2.430320179021141,104.32231077912412,0.432400982618001
3.420109412255926,104.33259111470709,0.1815662202387612
2.904635215872546,102.53798746911046,0.22853810650019346
3.0302370225455464,100.00615789834056,0.0002409307318994202
2.6748711167315116,99.01375500817653,0.2592426415847378
2.812259151197554,101.214164184317,0.3091282369545561
3.030790282461465,107.39584335361519,0.23199053181848017
2.8890273478784625,106.60590283279467,0.028831110353478635
2.8322637986687367,109.94669317857773,0.10776678463704017
2.592281706621462,96.61070161048752,0.4195694338189483
2.7223871611087365,106.85812588378631,0.49023384271171516
2.7079377731905607,107.36293465293411,0.35111742274471464
2.7876262306199897,104.6931786057938,0.24116583890073812
2.9263449371719603,112.25628602793387,0.1104678381678577
3.5424808478022647,125.31773609753199,0.08094952327493646
3.558049002690437,124.84454672475302,0.0569998607540216
3.517289621977461,132.4556794700581,0.09309008735949002
3.061675789591187,103.08860584622107,0.21338010767160784
2.9753080524119966,100.03710221295273,0.27030855488843664
3.3643878616762497,126.4748652144736,-0.15662707492119446
3.052707238289879,105.09743815956477,0.3838412170680716
2.9502750285635786,104.09091586420179,0.3564652645677824
3.0177283012304144,100.4515213392929,0.3817377146131477
2.4973923789513455,109.01742391928663,0.2696670277611645
2.801393607788867,104.00745101668704,0.059720215049299516
2.982047399727714,109.979930491024,0.2771687056984262
2.5814192221313914,100.61799655805338,0.2692830722449774
2.686922621101162,102.45671240568431,0.36027228448944304
3.08221717871202,110.36125188434026,0.075567461253344
3.229513228691045,110.18276101553158,0.20592037542947092
2.3101870702101284,97.93597654055172,0.4570802881399599
2.3569028778470322,97.44298095326566,0.5380263894436328
2.57688282794798,97.61779079168048,0.4192394736430652
2.446067436143007,102.15656837452552,0.46752092676438134
2.7093919476277755,101.17011175673323,0.48234642606814837
3.1252771194329525,113.32736344987156,0.1279840077562052
3.2003694874028246,115.17326447457862,0.1387803203615377
2.7372852297363517,104.18181194563805,0.38617959881405045
2.44222785433788,97.43811423345193,0.3642319891860321
3.2466615626525486,108.60665469873881,0.18960839026846646
3.0117672528348125,108.2297662321557,0.44210134447946103
3.0269597907805887,112.48647286091797,0.41123715404487293
2.908756854717943,100.20127737529076,0.4365396957842415
2.8680328921782934,104.66838780424919,0.25529112034509266
2.7987943104589847,108.02204863209016,0.355707132156122
2.9343048074009594,106.81228859263737,0.4996013842339301
2.8072462251571064,105.11125968266704,0.6365637036194346
3.0999625235362767,107.1878214674256,0.6864759354792475
2.8444629322823487,105.71343226316321,0.5310708589463267
2.8343878813049037,93.44218221588707,0.30900986540888653
3.319858779524194,100.22630412123884,0.039537885062032666
3.413864764744609,105.42605390903223,-0.09564763901738922
3.369052207214845,105.75803125294173,-0.08084168208038525
3.1911616394692004,102.2299896993397,0.5682029923805657
2.7578096806809147,108.58212211084941,0.4283620509263801
2.720042601471297,107.93585452994216,0.4125586852030123
3.044753857083575,97.95653263047927,0.025225889404529567
3.2277514494769943,86.37842287701055,0.119019959238934
2.9168298569342452,93.41496852851287,0.13069109012834426
3.329678027479072,90.61243468119027,0.050422934894688486
3.0595106838538446,90.2339933992671,0.16847431009136762
2.7856127795439654,91.38642480102753,0.11138194665592392
2.935870732323272,89.35952311396122,0.09921843424672949
2.9222525250446956,89.50015869089067,0.41086810486669717
3.0160481196250397,95.11445527084085,0.3076114153253456
2.955060456944239,96.60623222109496,0.026316213866197858
2.698835855518107,105.22546970133702,0.26648255524939407
2.84642665896899,101.13667437392294,0.28997477867161175
2.962735414336309,102.59955355115223,0.4525157231294137
2.5381519684959106,104.74457655296496,0.5747751645374224
2.558046263557993,93.1130754395695,0.42212734667622587
2.6061122092870574,109.33840159501548,0.28416089792754085
3.2555812195724165,101.98139856734234,-0.01857152950462875
2.946054034856669,116.37558209040755,0.1854973447894658
3.3084329556872247,109.5858001241634,0.17963944693076495
2.8201555719069216,90.91057610525647,0.23967950760120182
2.943657268502208,95.87665257514699,0.22846211926546972
2.9626161514793727,106.4086707618466,0.2243643710770806
2.8803261143060883,104.20936750931072,0.2588932774195694
2.9069751060112443,103.31545505133606,0.14170894124996547
3.1930682479478008,113.81224219011806,0.06404128792436528
3.2353110830855747,122.49864771222283,-0.3601890254555252
3.214397384650985,110.41802908374746,0.27047078297782384
2.8236112214377567,101.34681375273115,0.04396507344497597
2.806646605610418,100.95296401611083,0.027042411112343193
3.563619881659328,108.900880328917,0.3270597569600137
3.471172571061097,109.11639576327424,0.3070258693802076
2.700905803215679,96.96089546069857,0.20848548644911316
2.626770115778542,104.39877635013944,0.37056687173012276
2.580996660063085,105.57949293950607,0.38135411858732376
3.2713089166061895,102.55402829543964,0.16487424532649045
3.233730045194978,106.52129633709262,0.17312638957601834
2.9007767412151773,105.11121329079475,0.18333020184400417
3.1033398552925053,93.9198081793546,0.29413040760661524
3.1598884642654945,107.49738928477159,-0.09235933441574076
2.7373195902928393,99.43087555417647,0.37919052793920927
2.8734160372123663,103.93991353566513,0.3686759360276948
2.8416541728545055,98.45567551604633,0.25282376407527896
2.980904931024298,99.44083698600058,0.34311315483755345
3.047742478671204,100.00031212234785,0.2585410671159804
3.145624881703961,101.35058834074889,0.24470991475340403
2.826674406658292,106.73075962288364,0.22963436356761915
2.476837644987845,103.29392620143332,0.2397375678847544
2.869826594109279,102.26706424911903,0.21219132649247796
2.6030587659721562,102.78342219794999,0.3113806033887551
2.5578683029047737,99.52345142721767,0.2688481092934106
3.1604656860592497,110.56283200316622,0.2106797712403458
2.9384435627842493,95.50896246456264,0.22527559971917477
2.9161644175050636,104.87456913026398,0.047449940931980926
3.059700638573824,103.46956251180973,0.25558537560414774
3.2186107891342477,104.12761972461557,0.2533116416637804
3.2873938218804306,101.83961449803236,0.21203721592855446
3.1397886628230562,109.48875887394634,0.0400350142188938
2.741540850100474,100.12644211584882,0.2492444504676676
2.7692100176088834,100.41430376811212,0.23343855811031536
3.1452002599144153,110.86536321972409,0.14816783088254504
3.071009428042078,100.54876740954371,0.06049833626387888
2.928545465448384,112.95807866964307,0.2631445665516875
3.083280293053599,97.52371780409231,0.0712683508905774
3.218283586459998,95.8162550291189,-0.021478500437599794
3.4795510787579658,97.2943098324694,0.05234021079042371
2.291507524837245,100.56571505878102,0.3501336401972695
2.6281215263661157,95.76081643328578,0.40664551732929316
2.8232788011720915,100.03985180919327,0.7300923922943426
2.519801353988831,101.4225769990375,0.3164995754927194
2.6972677281845163,105.47940788875104,0.3537670608816425
2.9473869536313484,109.50289537375212,0.20358153369705806
2.7952761345502344,109.69521129081508,0.3504225416622892
3.146004128399889,105.50134274893146,0.39667514311886926
3.0637859895196433,111.1445145245103,-0.04114886205931388
3.037636085460581,109.95851254849671,0.19060867991339195
3.196293824597118,107.0669503474597,0.12128977822805241
2.930034745258134,96.67093894198516,0.27570150293343165
2.9080668613350653,95.15121652277702,0.27837205179682867
3.244686820550082,98.58794241612881,0.42207544913623735
2.8552477003801022,107.37781136586986,0.2794702300922499
2.993131380991209,110.10404785027292,0.22915198007813917
2.765890371436846,106.87621403059306,0.12946154086193343
2.9255311124846632,114.10215575735236,0.017362966392022876
2.685144950092945,98.46043064978497,0.3663079499603767
2.72009496494759,105.06185709895266,0.615074763782371
2.8431364260003837,103.41362011071992,0.006864330044458674
2.614113490189206,90.83642904267015,0.46941628645516476
3.251670583240468,113.40996835217163,0.05583511541588033
3.1781005259441337,114.96063602266045,-0.06997996076979042
2.7702770689754397,107.74636332844543,0.14011836159987695
2.7131375800586826,108.95243350344126,0.28365290827281264
2.68714986901704,99.84604454870298,0.47054470560859807
2.687838906520345,100.57420377487676,0.5121172839230973
3.3925675917871545,112.0998522215049,0.15170297655621232
2.802934973593661,104.60039456806791,0.29438836743753866
3.128524998168152,107.12259848993256,0.4896616614160042
2.7558428311640677,94.13846180310178,0.3320952694429059
2.6123063826116266,105.6051762635536,0.32555226517322744
2.895251800875901,100.81028321890808,0.35841166804084507
2.8048005003032674,101.41681612079978,0.2578842559848386
2.9899638817143748,104.95627780581769,0.14373118233148444
2.841631437625487,108.72574220668321,0.270089952545506
2.713128604259878,102.28010817128789,0.17656969909690495
3.065984478406294,102.48096234968813,0.018444824462550954
3.0546126243320724,113.06343596431117,0.2586608579412409
3.027416777938455,115.90581646809215,0.301718127604524
3.4538482494172698,112.17621346607095,0.34771278901659985
3.134897883966281,108.13597379227394,0.19976050580746105
3.263973276778949,108.7496317360912,0.18526519742454822
2.821121634814727,103.21820794820474,0.596503918507699
3.0584798592282176,107.9836993513471,0.36433826532738645
3.0005581284071847,110.06127900401724,0.32228383246486725
3.1524334477287277,96.90726408772214,0.08134063014747508
2.9048497398801643,106.7580725065293,0.09499202986681354
2.754370586872237,103.52213880532452,0.18830597695090406
3.0415649016770927,107.63104620631741,0.45283697313977583
3.210213447422583,98.5388454070644,0.11679512713848969
3.491035014979936,100.68584903475725,0.018947567031897445
3.4898388441456833,103.97229410480207,0.040195458765676664
3.417007330527086,103.28360483755067,0.11469006572991182
2.7846061424912705,110.82069355740627,0.08689369321095518
3.086476016816703,97.5549783236567,0.18817247601554155
2.888234713458676,99.95851790092748,0.14581313937034937
3.120640644718399,105.20252768183894,0.06310755905247818
2.846174811373466,110.16649038132387,0.18701706761882375
2.937266187893964,114.62117707571845,-0.015470366956899757
3.333121845982063,102.67505464570635,0.3153970314177991
3.4311918185161434,93.84954112890459,0.3630302557973134
3.053471415937527,98.10208226888665,0.20488881934543676
2.977719504280466,107.4096642008048,0.11219220843687065
3.2444613456042735,101.19532658532229,0.267893364140667
2.958938763693031,110.98743409998502,-0.06727664399337774
3.053798844978583,106.36141307809784,0.041455566219941675
3.2271147173067303,115.11187611478408,0.2335763340172228
3.3236603364731643,111.77306002990761,-0.1254977617273049
3.4524893521910323,116.1860603222977,-0.013083558371949616
3.211370892371372,119.14614839041727,0.07053483512477325
3.0018208681255576,114.21816350360749,0.2849724471328126
3.075269513752103,97.16054295589042,0.12412009356650977
2.9106597980379227,105.62266730802085,0.6089017099901108
2.5191336815357532,104.45678776900759,0.2204360090642732
2.722001327807832,104.936029764026,0.35912900574580275
2.876754779951852,108.6710297927451,0.42508612520649514
3.054891180502045,104.1124169992233,0.30972058599664065
3.0160791564556293,97.92560788844823,0.07014942264450799
2.791067561193938,95.45315714215077,-0.05012822438118007
3.085467990904029,101.5644695555132,0.20817015700629152
2.996827235339547,99.8485310629249,0.29942489169795233
2.9447541496555147,110.73692971523793,0.18680706391568982
2.950459401197963,110.26293480272703,-0.009068970346776237
3.236298845935314,116.59086639797714,0.2833405413477368
2.8975985174335124,93.201095030147,0.2782552981212187
3.2553292225906696,91.62580752996038,0.3789086881284073
3.7278040027614257,92.4957734592151,-0.04452964233818995
3.294531684748218,90.95472356266043,-0.179536899736056
3.391944625500128,92.86842786502982,-0.18508607934949636
2.7250874049715357,99.03000297539796,0.5370104660688266
2.269968441654516,100.83966524156577,0.5290925519222656
2.4219525755329907,98.18188814851699,0.4737128618594431
2.708881007043663,107.8158214378454,0.32716382366870256
2.7068084633261806,105.9647381765885,0.24107879400498994
2.829650722360987,101.43722465051779,0.5119703083892752
2.8569460879498965,99.53762182815511,0.558900793898087
2.708214489270703,99.0595771741112,0.5385672487069351
3.0205913018523365,103.42095454857076,0.3055047546362622
3.158898884259919,105.09356239492062,0.18163213125820346
2.429483609101317,103.1872733238008,0.27201163857228355
3.1750856967024115,100.71550828023518,0.13705801584823957
2.867343207128314,101.21963673411358,-0.010656984823738358
2.890890835049252,98.86177805669568,0.1817843634581423
2.9793634958711808,106.41670659414487,0.17823668085442695
2.985581683648757,103.03655409956515,0.20333230858018428
3.341454482008394,99.8271394192265,0.24281186258110038
3.4142634886156076,103.0662121118417,0.04912369419919198
3.1583722475805738,102.41018898390598,0.2702303760726645
3.1523168647892335,97.50968885479125,0.17730241617369724
3.2993352114879557,100.71580072445286,0.22554429323455227
3.2387003888458255,103.54659347450601,0.22177087865231648
2.7452483217703274,108.23308230491554,0.4939158983573752
2.7351230348035718,99.3179938988118,0.32638238109308915
3.0954533617514612,109.23998194292237,0.266761836013689
2.6011979540266794,103.9710925589868,0.22232528616577207
3.0937212383479875,96.48831675550495,0.08229272440431391
2.9926034257161644,100.28772531994949,0.18367944382333914
2.8358483933425154,92.29394500401902,0.4261504175407901
3.238934379180999,92.89459205578241,-0.1726927200541342
3.67865120155045,92.20864788985959,0.03397407965860018
2.74648967400849,81.21199700371251,0.40732226824656664
2.9745967670535585,113.92650882508899,0.27516714757524613
3.1712682673210284,110.03849122054638,0.30273556531588475
2.343858386055198,86.8471584112614,0.40674197436484344
3.2267347652289797,103.94363472086559,0.3617696343992532
3.0823172419998497,110.63792321558778,0.36397401467998364
2.997652858291768,110.21287141175966,0.17084381362616963
2.649680900997363,101.75657099549672,0.32398004603961433
2.9930755802095885,109.10449242742911,0.16854549517324197
3.293825530182674,103.00978604910756,0.2119639356497371
3.180855439609879,100.90552469722972,0.34712252429836754
3.298378136078072,92.14328460717635,0.5240914311210239
3.0188721619388588,93.10443961796399,0.49864691020858504
3.584683467421826,92.263724856665,-0.15246974032655797
3.307845589382081,94.36178676017653,0.14726933260936043
3.198583992197114,103.86940801521338,-0.0021413463780267867
3.0838067420103843,108.32601449714886,0.6559128866996922
3.016140381418154,102.09990348399187,0.525362118259926
2.8843655441287437,105.43836048456998,0.5941655461525888
2.8679190641947288,106.07202972597968,0.3549862889048157
3.0765038772182383,100.4285062786248,0.25558367405490473
2.8565357268478935,99.28837212613396,0.34822481195536725
3.0922831853949946,105.41123936885982,0.2576517137742124
2.8138851600479233,112.14567318609475,0.25433966670894154
3.1925380322472976,94.95318480745908,0.22170839227932132
2.942368099230977,92.90255929660427,0.10062227457304294
3.1028016886339493,96.41596068153379,0.24332741750160605
3.4592262229646207,95.82419716537116,0.21241018904796669
2.935980576873806,82.01384237564916,0.26991410513913083
3.2209131012286174,76.71217481639097,0.05658445058488109
3.212188695702509,76.83962323054013,0.06862275127294235
3.186683077868754,77.50759025648638,0.5042577235847457
3.1731509747063513,77.08187051141067,0.49883726359643515
2.8981771982864735,81.10118218762437,0.060736599530674264
3.3544382793681433,84.19458977273636,0.20281250947350812
2.9579633170322253,86.07505992167599,0.17619006689962655
3.072876201750644,98.51167328815673,0.028540471500260577
2.908640502570994,99.23617180807621,0.300036765764594
2.7799035790597575,109.96645079556357,0.24915942650388145
2.9286534465278584,108.21658039763172,0.2537804399437974
3.006615841254694,112.20862561729737,0.33581540563576495
2.5589139021336207,98.99091467156526,0.2084114934904287
2.94274669309743,105.22740236991189,0.16692823433697454
2.979344179328656,106.76384440975387,0.2640728709678574
2.9940578955942514,103.77098041527447,0.1272402485535568
3.1377493687188824,100.15247387899846,0.18045110875565312
2.789760015470272,109.56915660500908,0.20131094219027193
2.7868249150512883,109.60644362331865,0.2211277143350133
2.8959629737879857,110.079586734438,0.18568618443266946
2.8550872938269274,110.06159909907959,0.1238543809244024
3.1804385158350876,107.72703872787963,0.3367709233880099
3.0164033433905035,107.55998799180614,0.34932688108861876
2.947026863580784,108.60731416808666,0.34840161379090695
3.145305678160766,96.20598097033822,0.2457888899153192
3.143930827080694,93.16594868394422,0.3528352395599524
3.0978445540725423,92.8055164601928,0.3029603903580612
2.884029461122048,99.93037610639011,0.3153901385894346
2.7080249647171706,108.92144795654785,0.18356225874498183
2.8585987347305277,107.68484460354156,0.29257322144870596
2.939041465651523,104.12645210499936,0.29112196231551574
2.9619906772018796,99.9687565513637,0.3336114023970322
3.4288077732473368,99.81404753623983,0.4174396279726384
2.9172146503929124,102.98067680821758,0.21754975244166821
2.892046733571146,105.81669007410403,0.10447174078534643
3.0182621470079614,106.55243509916313,0.31608616666011674
2.779985601093465,104.56979880590279,0.19929737139361403
3.20638427564911,110.76287679903879,0.10019511793580531
3.182452101938928,112.25745344341118,0.08849484489681615
3.159969473297293,106.77848659739462,0.18221842263940777
2.9369102634416375,100.93164236053558,0.16905757061253376
3.0070936216110153,97.98320966182433,0.1254604520506792
3.1359280474794002,105.36755836407009,0.0405265885209516
3.1244101893830254,107.22707886596419,0.25546174486346623
3.232015186496316,104.77312682683566,0.05895200591837622
2.676260935597886,104.91976636230991,0.1104966136321233
2.909521921471124,104.65430183940077,0.1519206112820806
3.4924343908145263,101.50658399825423,0.005160835585067921
2.8999893117518205,90.3146969405758,0.23958654811117433
2.531139544092339,101.80661959189881,0.16482168595689797
2.573566415410204,104.4932067757193,0.34283074626535137
2.735966312030483,97.8726621720301,0.3121574152830355
2.7135586024751417,105.60127866391042,0.2734158817135487
3.0025160928891905,107.84578667793599,0.30850642370290404
2.6477057040555976,105.45122952227155,0.3593287221481825
2.5410545504870976,103.23375513093843,0.3213236344246105
2.4543633685154096,104.89248343012407,0.3861774556973633
3.673887455698072,93.72950152308299,-0.08000157271318971
3.0586448767720986,89.89062927608734,0.3293604977619542
3.0601384508882914,98.08786570509902,0.1274322164469949
2.798710805113947,102.79528837698655,0.3755532584241959
2.884787359398954,99.77547180600688,0.41373665994483283
2.987868104704558,102.66495071180573,0.5279441166767536
3.075410263578131,110.79819047261587,0.4819752232134158
3.0686207869150426,111.29854480660205,0.5110616970793269
2.810171111805165,103.49092453054521,0.09498969136525938
2.585638591503908,104.39778832401768,0.3234975889994542
2.927781496712182,108.39586913286794,0.24405180825575204
2.9605369706735725,112.70426084663723,0.3435053364757841
2.885279610566854,101.59992954900122,0.3474482407020466
2.926991284391002,100.95892128803705,0.435630711172355
3.104191871347583,108.68086092621745,0.027603689569826756
2.686952973855603,108.90939041104423,0.17802020101039298
2.9907234717863793,105.29511583409129,0.2565125860738834
2.9911722353335475,111.16603357307008,0.300217377385707
3.284950969263635,112.07096489692148,0.3686526547443839
3.157341142790398,115.34898204628763,0.3216410139495777
3.4678144128551813,114.22206029918331,0.013174140798736722
2.869131356632982,115.40376997153491,0.31516147266181876
2.842356118927375,109.23062159528108,0.29092895283388254
3.071603084591597,104.22033168251413,0.006902288188817669
3.231477015183277,114.19305249792444,0.20749061321313964
3.2339871962646844,110.0066533004582,0.4349801703488948
3.008894630400997,109.06401995489819,0.25223299881777445
2.988589176482105,102.33941260124566,0.06400914481093492
3.100964862084196,107.4421294688696,0.047355907952894
3.3667617418758056,103.99478524886862,-0.021304786715567525
2.963026379508568,94.80977845451432,0.4664671269412171
2.9020775504296994,95.9480431901009,0.5769125410740331
3.366996006142551,103.88237702508776,0.5805651812788476
3.399293702107321,119.60515131740986,0.29267108335376635
2.6745497705603727,99.71531355009516,0.12879824860461844
3.1688254452437956,96.46886017955359,0.31120319246032724
3.525897319873006,94.12132660442198,0.16692830910625586
3.0595516159775893,96.42965515924219,0.1824361051887625
3.0683101181767043,97.84452825660551,0.37413064149320774
2.9112740968732083,96.60679944503872,0.43515250479151213
3.1432767125158128,97.79384029211546,0.5609971296577103
3.3230547550697933,110.9763091927703,-0.02925973782846087
3.0982506845917515,118.24326997033968,0.2651372604563156
3.180224298268956,113.46424298830215,0.2390051365589201
2.746834783433108,100.90983118671899,0.12297884782339262
3.0610831613036105,104.18313589353444,0.2239431384581578
3.13744236279238,102.48787287522258,0.19595224649979717
2.95816491777523,112.76110006236934,0.041516179413314
3.3347076567069402,99.83030718794451,0.4479931108957443
2.991870992468364,96.59263530819962,0.32259698916433743
3.355425213031507,105.26817311172972,-0.042270836580765164
2.858184888513367,111.92999017059628,0.22471470818531905
3.179947154763621,104.97333539611495,0.09001461267870937
2.7722231554695815,108.26317564044972,0.2811785235204049
3.033159167645503,110.3046269576373,0.17788830946875256
3.1486836720145828,113.99508341134678,0.2737031027307587
2.9955023397311464,105.2200136452339,0.3134607750430193
2.888544447317746,100.94422339401086,0.15931271286159063
2.942146493783544,111.66374331971043,0.056025539663998265
3.151042849060086,107.7235935176272,0.19448658351859432
2.737706582561364,108.11436003743968,0.24192798358027146
2.69357486799927,97.89065122846785,0.24166664376584954
2.8951781960591503,101.52227584443992,0.3851730403919724
2.8702252617904738,102.02215112800506,0.39334033568747406
2.852825447791697,99.89353582044369,0.4433684903088276
2.9322191003846174,101.91971102081979,0.17064078753228315
2.767732527570862,101.69886652682223,0.2933782709436298
2.9465714927865765,100.64270535268084,0.37639694713443855
3.1604448020604887,105.8515410700412,0.6406871706971884
3.290317493639703,119.52760160208109,0.5684994685522445
3.636460540747385,119.41563739529775,0.5381646402768534
3.122902951977025,113.36707994118478,-0.2188233892651318
3.369699258528822,116.08940479929147,-0.14467389944210726
2.8071834879037416,102.7140153756117,0.42133379215071354
3.1140909660411578,108.28238538273037,0.11792282252484848
2.872341963962843,98.42822203108148,0.3644221680190499
3.5058856663011078,82.65410613343619,0.051290894055040684
3.156255463220095,86.59247450175137,0.3566333696338457
3.1781147144422155,86.81482947654467,0.37130065358845804
3.0913211243187577,91.03835273043234,0.2059039687685374
3.055259158961661,93.45750122800058,0.14843336230255388
2.7645923276379336,97.5822752725027,0.18881797544819923
2.852518894297323,98.4551191670258,0.2083697251023025
3.060993555029719,94.79455057531037,0.06503422836347174
3.212844347596762,98.39942009496441,0.22639583235089308
3.1624836438963078,95.02163346180413,0.10729677870698151
3.076420516183395,98.16408312399025,0.12267112061057815
3.103450846741911,93.46782142450132,0.1375248820636642
2.982329185699973,92.17420744753144,-0.03245726933459567
2.89781654903866,85.63691249274785,0.18978246916341357
3.3670621458739305,115.82483565266301,-0.004656890982733456
3.3229651636217574,119.59653385392181,0.11759648772680126
3.3547784451508655,116.7018482065476,0.5436280046130793
2.933700090102698,103.46417441534923,0.4720869372229762
2.8491252113451653,105.82798801078675,0.4461384750214842
2.5879646538926524,102.35758380157725,0.3233693668703556
2.614673501900494,102.05103413224873,0.3259795004761312
2.5558846448588373,99.78968261772873,0.30477872819592916
2.6252966166845355,106.45628322694421,0.23985838322877062
2.3393963050185524,101.2124193942537,0.14088762669639546
3.4802558734071787,111.94798703905829,0.37147108786249283
3.3986836965220104,119.90183577237434,0.05856093983124169
3.379989883332588,122.91506056181052,0.1870886490260628
3.241629487097203,114.84892450925523,0.008384587675278192
3.368587781001743,119.74712034032049,0.06728561822403899
2.909749506761268,108.6264796752172,0.14252374724570127
3.1767225406573405,104.92082728594501,0.4822432733750484
3.2794758743785604,121.13185961159265,0.3392295360825964
3.2499600156982007,110.23539518758899,0.12522495503544306
2.740400972135334,103.07760379542937,0.16911388934283655
2.5236860129602263,96.49305129362926,0.34085290774354954
2.851009017036277,109.83682010388442,0.14474226701568982
3.0881711994129892,111.65464657731492,0.10923596801165174
3.171601518851639,114.68493682935046,-0.00786083155534534
3.1455063030663903,113.13673335599422,0.1849768709888842
2.73151656264454,100.06663752005544,0.35942610476198666
2.669454736950516,106.37284460987664,0.18187158377221463
3.046708256296241,97.32429459891729,0.27075160610845994
2.7820920788077284,101.58298186945404,0.21099536581187492
2.952626122080963,105.50042420688143,0.1250691592784778
2.9338409044382097,105.12901044574608,0.11820103686126984
3.254667672001698,106.95687726538303,-0.017672261008053605
2.563828067311635,101.93631607013222,0.5589989464172768
2.6598685982704136,102.00160940644551,0.44589957058866664
2.6912551972666483,103.0270380081943,0.48262821569316355
2.719978755175836,108.91959037735165,0.48291288052144526
2.764706009641924,108.03253808047975,0.4862290428287958
2.89616246447494,105.17327133064836,0.4172962682895162
2.8815037066185827,103.79325344840781,0.301208878899815
3.0209209305842855,104.4691959766596,0.04357245198166957
3.0208678944122016,102.58894643900673,0.13212410241487632
2.5433609731715405,104.56428216702197,0.26222836538438343
3.317056421859385,99.54361779358598,-0.010231819313424283
2.5768462609280594,100.71272093795629,0.22921843701058692
2.8463484201722955,106.24856789992168,0.31029798567676553
2.6493732334071334,101.65848593368835,0.35620865751276415
2.795981812208646,101.61367620928537,0.37524283673236963
2.9600568686830875,106.35308636621308,0.08845603144533207
3.0644779960030615,107.60392242077155,0.19776033425826453
2.724005668710848,104.03100553960371,0.21655635621369676
2.9391779771175934,103.2522215320576,0.36236114544046855
3.100632200671087,117.83640198352579,0.16145091787493215
2.592917664880888,92.6850824893582,0.5107271726410384
2.5401750735548743,100.6157611159385,0.41738901805109274
2.471537378606394,106.01943588572547,0.3230586910961605
3.267086388636602,99.98343138294695,0.01606987551654427
3.162610734037266,102.46725428686075,0.15441569421913745
3.122691174301094,99.20617635843102,-0.056586496355469314
3.010381825933349,109.77122236340536,0.05226340251061077
3.110500140599269,114.69951653102687,0.22027695149724708
2.9944342781503197,114.8126814960124,0.26661721850737746
3.0273037671880054,114.79937547265276,0.2842492862703098
2.9970493957148028,116.10840981701027,0.2792600817064703
3.2110363887818463,108.00294305371473,0.29297848133890786
3.441751297626394,111.85209545119235,0.29843980598176517
3.5549711929576993,112.38212705368487,0.23543479548270166
2.3009228136875484,102.20662859744262,0.46257231159945583
2.3274880422635005,101.45251728958837,0.45788182727051313
2.8240124875098895,102.53330223130335,0.17865863621461148
2.874850080967214,107.63295788860735,0.24799571125701278
3.1050264447814016,90.21619704046874,0.2458087372453165
2.8619324927692418,110.18021916998481,0.15795426962011672
2.966965254283463,107.59589586848568,0.38184109617351053
3.3373207095412636,112.2950140408454,0.3987895153678729
3.3507257526443888,112.67881436897949,0.42519060637560907
3.5551164468319003,107.48223994886445,0.6212611934728158
2.3060361919623196,92.98767056651405,0.09098027165043712
2.3081371988406016,92.97489713824784,0.08216976938296897
2.3299253633946884,100.29495307841196,0.2751034778478665
2.4255201894455505,98.81559207834611,0.24063102225063143
2.482726520801446,95.88262504151344,0.39610205374723423
2.5432739112871117,96.3043988661942,0.4702049527118296
2.3844922317319206,97.00656602257051,0.48933518035619544
3.1298231074976046,111.24168580778299,-0.05787968753651075
2.9412145963459717,109.5946227382702,-0.10066514705063712
3.129750980141379,99.7789306615957,0.1752082208045737
2.8180397136521886,94.83119558666137,0.22611246732561324
3.3484893014239208,122.4699165575053,0.09430869356419577
3.4170305273981594,124.15369811632836,0.22040530709649792
3.436031672198548,118.20092167017827,0.19488116365966057
3.4423439176644384,121.7391472326689,0.22920296330481227
2.3149495941414804,95.86926586432847,0.30471849445513516
2.95341582211437,92.43061718678592,0.24569274984800069
2.6241170083758294,95.1212376641605,0.16146095035973881
2.279953284627058,104.87852945223925,0.29648985432638186
2.988413502080658,98.23208764134733,0.12885810164547828
2.630181588193476,101.14272343379912,0.5037866481914577
2.939354015820746,107.77702157028367,0.4495468536312839
2.664545698334987,102.21782709307158,0.22084353257667674
2.8141758188975734,100.83250516009494,0.48142978279810245
2.8389880048099396,98.39824322303824,0.4349664316847489
2.6941524880693475,102.65565078125,0.26119939849840085
2.614663959477246,107.51070122584107,0.42697437573353736
2.7663724062098916,104.38461940748537,0.4617764181757907
3.251045878965697,112.41864377160096,0.3844967795586062
3.1469012303338313,115.38039515447801,0.48282728399376484
3.386946622577702,114.44804449795954,0.08028474854297826
3.4939124160774724,110.7274421263237,0.08127838366167832
2.829021771224646,110.15288551674934,0.22988481140529474
2.869901313089588,92.38392334737053,0.35174339907754576
2.848494270917924,94.3092577035393,0.3572970814973692
3.080623155265721,97.90430576526373,0.18610758584171672
3.194428420860431,96.19913509659554,0.002371254547129886
2.5621679446202346,90.9348887061235,0.39786955708430044
2.4553490722755487,102.86305912927932,0.5134253512329788
2.7088281981439484,97.81441370271851,0.5161686399739321
2.457603506392451,105.65971106672332,0.09415940555419058
3.0108903932689004,104.53351910886235,0.5707925138434141
2.967515973568244,108.56586303892723,0.565684335261807
3.0982925241019506,107.22146832463251,0.49815244340385795
2.996370271064489,105.97361112026424,0.2876182712634037
2.772018930915315,110.47910977112257,0.2737869601860095
3.1336867617496784,109.88211015932362,0.03897555801457711
2.737065157106003,104.96318266568404,0.43614313905800245
2.9173775429252378,104.6785755594454,0.30094076594117264
2.871038687309333,104.65133752388971,0.3447192553403328
2.6773966596685774,94.8032980996345,0.4535501757402835
2.790936377249611,102.58136298428849,0.4915851449147563
2.791129175437344,98.82205109731295,0.46761827116702714
3.095811148668173,114.20094370301177,0.3113563971346578
3.0587957098941363,105.14671914476926,0.49985636906442077
3.0795752370092866,107.66123166597197,0.39248042913319414
2.8620427342505357,110.59872658062585,0.29568672677992036
3.0008001187146234,102.7059632536845,0.27303208368867926
2.6972898292133776,98.50515311178464,0.422760929462232
3.0204824515440643,113.22616417612917,0.09748650896882666
2.9488536401140735,107.73370323982974,0.47933124397256566
3.0583048916990565,103.36416335998952,0.09227528440579907
2.5590733781807975,109.80813810175552,0.16789189285290462
2.800437255233101,91.42182294200367,0.4023112269226651
2.6316662045992723,100.69284190132824,0.4898998819981765
2.554499585539158,105.9177462234672,0.24965763873607522
2.992222847186273,110.4470273715041,0.05589753494563889
2.880322584429045,116.12728220208827,0.012977661089438472
3.0614471639514824,98.56776246228183,0.4420911821834459
2.8404187051990735,109.92240875921222,0.4522000306134421
2.9647555439767412,103.58231566735347,0.5719131219028768
2.8508893248221416,98.82942893372383,0.34549689364362657
2.9294986176685556,97.22827099778897,0.3692152597514464
2.6836175426715116,99.80487710380733,0.4757436516931113
2.6405432143948304,103.44565360601689,0.2597199974896227
3.2194587647422646,106.3789267447355,-0.03371180762653023
3.1770784009272477,104.91528783171832,-0.0600074135566875
3.0189383433777097,115.55682004093403,0.2838047446303958
3.1221212680779016,102.93061167189975,0.4342413010641858
3.1596583995130825,100.5990289226777,0.4457899263333029
3.4817506929514526,107.92420770426274,0.22077258080382522
3.0249241826548467,112.84501721574117,-0.04101818989317597
3.149934619752337,113.13607539151738,0.149651871168624
2.6951168161755716,96.99088389808992,0.33436315693621693
2.5479192222908758,95.73940781088008,0.3277415208207246
2.8893135898539195,100.13899416882835,0.12780247848995363
2.6561426945336337,106.77012919559658,0.12745626907897079
3.077781370546726,106.93408750013938,0.13097648711611531
2.7677024942650474,103.31182633622363,0.049197850889145495
3.16086082213232,100.37076374431474,-0.06909897321550287
3.5017484794224107,109.27059471506291,0.0072719946081232
2.7670918975701673,105.64921469951149,0.268902660604841
3.0643234808528668,110.22562178599784,0.2514632207018143
3.1703508632847703,106.95860270429148,0.159687115791005
3.013851171458185,106.31979418212677,0.48808190792954553
3.113671175671291,106.99913286386092,0.2165460688028904
3.053854378957773,108.14707084459306,0.2861765453776408
3.2324090717962126,102.94076635555248,0.2471173090189054
3.05513010601542,109.13913176121363,0.25040843771664917
2.626293607264061,98.45083547385389,0.3603708121432552
2.789766451433893,102.31625398812182,0.30415261827981055
3.3283638074193282,99.16052006102328,0.43755232049012693
2.4159523117704245,104.93399001731315,0.446325621338138
2.3413198523838843,90.58650172379747,0.14648758473246665
2.865724136371296,112.81181947311167,0.3557643314144756
2.9219575732855456,91.12566576073252,0.13518756508769125
2.6998468523724566,92.9243693343979,0.22068465293848008
2.7008736462607246,99.3865075294207,0.09530291871687756
2.4909817909124925,106.91993375382285,0.09353204542600185
3.0870478180998973,101.20821954604254,0.4684034122914244
3.319670125154502,106.86022147548906,0.4712760711019383
3.358005520128689,106.80123812428197,0.5722806542330957
3.4242231807294887,111.79794720505618,0.33719337405769145
2.399632007398128,101.90233518624723,0.18380092476047177
2.432318884236729,101.8527651717747,0.19561606007963747
3.1068694538304653,102.05762459511183,0.4627224116817347
3.181651557271708,109.40120428377455,0.5580454248727953
3.0453595837077807,107.06354638773296,0.09400576576797752
2.9617419843620545,114.24914197670091,0.2415351846708291
2.943663046657356,117.29939759421744,0.3947053626038122
3.223213728884087,112.13542082776787,0.1728161009990892
2.5833796300580976,104.17311865408628,0.078518602106297
2.6145837690177736,100.5402071302424,0.6680960689512137
3.449141496106074,102.98401369455691,-0.041068697748602084
3.205631535001175,115.27060023293747,-0.021723183615995935
2.8024188275450364,101.29738882296529,0.5398173404564667
2.8777992698317765,109.341032874149,0.12521898130713552
2.9292129990220888,106.31879191556224,0.4134646042921391
2.648959030252804,102.69273664538534,0.1980080356220707
3.3777421832709305,103.57265610736258,0.3573245461843705
3.0948286242180116,115.31109602174527,0.28137740571884595
3.352596681894794,120.95798553844264,0.3535321703117264
3.3495142407355054,122.87449855424428,0.36304343124608984
3.002697294259098,104.07260957809999,0.2909479901564014
3.2021155239319374,114.46729714909745,-0.03823366357797323
3.3465438199668642,99.95644931350263,0.11101833892756258
3.2605442332932526,102.97065019980256,0.18947648821581603
3.166955419919569,99.09498631118433,0.10828530819661092
3.2977672560347417,103.96656757894716,-0.06238804420554833
3.242011449170499,94.80950042278525,0.349766011367692
3.3063591873716676,95.30831720715302,0.31087915809431377
2.9470599684968852,104.2360436366213,0.2582464025518257
2.8378739493285896,99.32016056857945,0.26270596935066004
3.228775621524782,110.55398158675574,0.19143288834059946
3.3356437736513604,119.06190351757103,0.02932594557848218
3.3741710969699095,115.75003523190186,-0.033183286806181836
3.1248990742035714,116.46632057668432,0.08510715596697004
2.639141516754549,105.3445548550781,0.26000713535405684
2.891673779859743,102.60396989622144,0.2493133027235067
2.8619139256988206,103.8822835880804,0.09605314784632593
2.8919376915828447,105.14101652074822,0.20902015158963794
3.031550986969818,105.02848922867574,0.33829557274020194
2.875797121226719,111.09682703467016,0.22285328108683816
2.8636887499528076,110.27890577452308,0.21618938426079282
2.8819762418054418,104.61351991431786,0.253960794431964
2.9640928210999142,108.88862510535932,0.1130626745998252
2.70534493247845,100.4997272116476,0.32638561137983474
2.603703854229909,103.98476192611503,0.14534755673423425
3.1487960165280358,105.11868273342141,0.3460050509542352
3.173455551020584,104.74783399617782,0.24515178184267897
3.040897972706721,108.80668414230158,0.3134446623833174
3.158509235300002,103.55946710566889,0.196463876956964
3.1449288317332855,102.03822732947768,0.22262485439817525
3.5677251324873067,115.03718759796732,0.005680275877363645
3.5632450493615804,110.43960057638584,0.06954436804786562
3.237470375055084,104.01483018630286,0.30777099622343423
3.0893278281873227,91.47950953749435,0.07058976966353052
3.051782997865967,123.18152583335855,-0.023759519141481063
3.3064013518661746,117.61103704706535,0.028648043168209885
3.288675993767796,117.07482408030548,0.025524657729305296
3.1784320807651087,118.78834473866486,0.004894777521805253
3.1216405374791534,115.81149976571824,0.08661746207405856
2.8423708813996624,97.59058873716306,0.3741756997356552
2.6904748710196853,108.48557495588113,0.3193177160299104
2.595614226861026,97.58781698078667,0.1725929685934562
3.1591593887850618,112.44782207415177,0.19993618270048313
2.6811305908671357,100.57011715111676,0.3981047200983355
3.144472488901611,109.56135856904811,0.06778748661062849
2.7848651201236767,105.9958664942647,0.4696510918386759
2.709965017964555,105.57936158900661,0.31493441020143315
2.9662555238728086,106.25875469925707,0.22699216611160508
2.95460904867785,106.81054834214434,0.17220980304865627
2.905835442546133,106.71720816723776,0.46430806312844036
3.435185264257726,97.57892947085826,0.1712932167620289
2.616367549463274,109.58946740949959,0.37106789397121653
2.5872450089249948,100.61693243754776,0.2665931751573225
2.5287882754232065,92.36749234922755,0.5826698851144502
2.8024705896914237,96.67419936341234,0.48349140660761564
3.0235885345076072,97.88390878045672,0.4824847488987154
3.202877788121321,100.80481411990694,0.5626400615607688
3.178368252459251,98.5406100156113,-0.13705530980358635
3.678242544199694,106.70168775179066,-0.027282652866646957
3.6473200240284798,108.88980206103298,-0.09069394828894323
2.927012684137315,120.37444822832201,0.1613703471523343
3.4449785373626183,111.54624616119628,0.2284785958994713
3.0287179815885916,114.03546051446287,0.2677547319149667
2.76550336428418,99.85706014915048,0.19714697806856332
3.046346036609684,103.39903791041507,0.24223300190427144
2.877014172754602,106.51992277429979,0.18765725174858286
2.8712738951658516,97.3903514912863,0.1969606587417417
3.074439726120077,103.6113948141018,0.1165714731138414
3.312483918856533,111.30167631986873,0.07472866188261415
3.2207024784439557,101.70212649810654,0.048122090138546035
2.744134067476103,100.61960149168657,0.5125966431447125
2.8125482489828912,100.49679566944201,0.4826461076712549
3.168213662826833,103.82642479929643,0.27800677740272095
2.6975929657168995,114.09971619839709,0.1256291999161848
3.574251080800406,104.0615925830588,0.2327811370845198
3.4806792908450856,102.4373034199183,-0.02788885665888263
3.1836189991019244,103.15090798104262,0.09492058421174081
2.8980774626681747,99.71464741789394,0.3014842876473327
2.941511497929527,96.99377550918464,0.23205191291680427
2.8341512121595223,102.4009762841176,0.3084258591546183
3.019333182241881,108.08682112911329,0.10892001732480913
2.7192979875692878,99.33115263831633,0.18591648525285245
2.769291856843359,101.57432528094014,0.16942893160034234
2.9479843368732266,101.50913016904005,0.1411222851885813
3.4088127992949278,122.64345274149976,-0.05280993304886189
3.8421703667056373,112.5677583085159,0.2264027191675747
3.400787023952157,107.1911588069626,0.15188620979548087
3.0752900579191214,114.95102524206841,0.07682868234057072
3.0584803660111146,110.58221821486755,0.16241699716008634
2.692984878935198,99.99668954034782,0.26103956629709607
2.093872089183261,98.16495097319248,0.4895197597217893
1.9144599425925455,95.99665592989672,0.5169764012555559
2.140221418639637,100.3541799956275,0.46743842579366246
2.195327158349835,99.51313014865404,0.4595583642194314
2.1992867928185684,97.33494088582344,0.45845980592879226
2.2631792479735755,99.5291767631436,0.4468805291591763
2.2289334673113297,100.50027541692687,0.42630690475412714
2.613366184493055,98.93589072491629,0.2740995740478221
3.158397431089002,111.77516999463128,0.24604984648747744
2.600561238822701,103.79129551540566,0.4763267948425279
2.8117276161147764,102.87534885563376,0.46690327711626334
2.716382181292193,99.48970229986561,0.21461981332011654
3.2526191277639898,104.69717388293728,0.25901247805045297
2.7757424656797958,107.7016194672692,0.04296518763248031
2.518226991203781,105.3091345642593,0.4094932970287429
2.672617225137436,95.23195652149262,0.3153904454486801
2.600947748904044,95.58140659027514,0.3248973162519623
2.347302741638454,103.56739603074755,0.28163070464144124
2.427387980343206,93.19446992749303,0.4693769446215812
2.8507600453324673,104.96798058715697,0.0612245792871913
2.8777381942799583,103.61557677834692,0.02903628846665722
2.930225973787282,103.72297416794763,0.40845007696400126
2.6069307544540457,104.54593535235412,0.2875449395661756
3.1239174782203794,106.9451830073028,0.08498298938522242
2.5571507758765137,102.29960149418949,0.34787498021860314
2.7703447516365354,103.09634866674328,0.6533413659230004
2.630737628686803,98.75593157776866,0.4859071871519227
2.654978425912534,97.2117062048954,0.5858486334145725
3.258931293655791,101.33114058790316,0.17855553292317866
3.22163109651203,109.13203820648273,-0.04466642894134117
3.1219863893078674,110.28652865191677,-0.029119262695549056
2.7397691310084,96.9254215685077,0.2963806661280174
2.8960344531398556,110.01954144943817,0.17506987891790216
2.859613610079029,96.0947446036656,0.22809701737315174
2.506190998037031,98.56733981694946,0.2136308342193516
2.536587815533293,101.48486371242072,0.28629996659705514
3.5931592939302237,113.14176316858726,0.5132589896331351
3.39615896281049,107.09371122578085,0.6041888273114309
3.4119877240527923,107.2921778388826,0.6086010992697777
3.4786310494304606,110.24314508695797,0.5977544424181289
2.9994319030542393,110.60970706450797,-0.01968157321870864
3.4177014782784365,96.93109079301242,0.15138847942851635
3.356285006256572,102.85908822946469,0.12813038310495095
3.046321847975306,99.98485796089973,-0.030316579287598844
3.000029050669728,107.7362458419614,0.451298494309977
3.007084507160348,109.9522952036788,0.34868548750298645
2.63506140426801,97.8247683029902,0.20694573873811048
3.5195937458451656,104.43511688188327,0.01775149732998175
3.408005201968531,103.6583871635974,0.03542040421762343
3.4755308426519504,104.86939368380989,-0.17251020883213605
2.7706897616748467,110.57678102328487,0.2556558161565256
3.08025234402472,103.07635319439993,0.42802598454712165
2.7024009104265803,105.01870918733594,0.5152255465722119
2.844778064439753,101.69986448748378,0.6329011108822624
2.3415523752055405,101.72253660431943,0.39351843010458826
3.7391037449754863,96.17405120819022,-0.05270643605164277
3.4735451999268814,95.01600666031207,0.03483301669195163
2.800318412380289,102.94623030430397,0.1965881089808697
2.7511451268094995,105.36562595810992,0.226504448563776
2.6265058861935056,110.72777832862572,0.18207817605139862
3.0805687170481875,103.94418247923767,0.343475291617894
2.9823201324085056,107.63399775115809,0.23160220062405118
3.2561997261560793,108.08447841903785,-0.05955737956001556
3.3719000420589156,123.03622454415108,0.34248838330502507
3.4458553128164167,111.94082677117284,0.4743087762535471
3.135553329785663,108.7286972306281,0.1608551243694886
3.1425316800952916,107.24143116379466,0.04482509833511514
3.2879074214523345,115.16061182329653,0.36909255858023815
2.4378033615036014,89.82386501756898,0.40800409923886155
2.417613748522852,89.26179824994978,0.4220511533026861
2.556087571759856,86.46982193171236,0.3324168898492467
3.7589574213550745,122.69060683672068,-0.04412179748737775
3.19378570355233,124.20129629746108,-0.010540389639259611
3.3986982879511727,120.57267915758348,-0.0638609992716428
2.7993961323859766,96.86111776783079,0.1891053711124747
2.985621064290293,98.88604039774383,-0.02505470832402516
3.027738197037634,98.8862774151628,0.03746197308358203
3.2352636326334334,104.9519942553546,0.16363836208804927
2.40928523891437,104.07029272143015,0.3852113656971456
2.4046739164578477,103.76482873704093,0.23552491600991476
2.756053511990669,97.98600139267263,0.373169187273604
2.8367235593971927,88.11551866599922,0.11580659420697749
2.9200015167400024,90.37982432739999,0.182435913730891
2.9848232797729732,88.6586407566053,0.16016985835460998
3.068458253245045,112.91151698131326,0.15354914797571032
2.9813153856455306,110.41661887803015,0.19336141014335526
2.965965987580639,101.4711451601918,0.11588117835824177
3.0548228104497808,98.3724121878935,0.24322675627690096
2.8392042114544296,89.30613210492314,0.24965707417754546
2.7161602765165322,92.2475352029386,0.6128171433480569
3.365958536808413,102.68653423414634,0.16896821604473328
3.0919288027291776,105.72870251304406,0.0978742763153662
3.286373097528485,92.00201001752114,0.25363670849402553
3.06203607188546,101.95864912730846,0.20092257612947587
3.263337463576235,95.56217613120306,0.16119459098614375
2.8284776287262545,110.24927318784316,0.07884185372117983
2.948574987230296,100.18469746638281,-0.028680350244801943
3.1729156301839296,102.40205495386621,0.185194014894753
3.040527434407817,116.46429381646706,0.27743830524859975
3.478624843609397,107.60094972049194,0.24131603217687522
3.3725923027304927,95.42480554897541,0.4866883107287912
3.3444773705346367,85.50620702686024,0.4843570744734487
3.3762563305684923,104.0088017218549,-0.09203765025859659
3.2818884374857187,102.43121548920188,-0.185240696776187
3.2805786839541686,100.65444917207206,-0.19275622081297042
3.280293792938255,104.0310569041059,-0.14128707146055905
2.5188726868625544,105.4023096584633,0.5178639933327277
2.62611266983726,102.9842253012621,0.5134285924077414
3.126311529147226,105.70038404291499,0.43923278191484916
2.578418035814191,104.03732277374287,0.5399104060255765
2.7438785846111595,101.36017015822335,0.16925323647269971
2.8139810860685484,105.4571085014826,0.4727847808157417
2.9856962796636375,97.3402642669461,0.4315593297701314
2.992511569540587,97.49956960834015,0.4607812880935091
3.157375760899501,106.90329468818335,0.3496018299108753
2.717405104011968,107.84850973466247,0.2832100271703706
2.798151028427622,107.70800292201203,0.20213011285337673
2.4727686600535144,103.46477487874036,0.1822486854564564
2.907230839245642,99.17778346369843,0.5415304152587742
2.6899278097274926,107.29888640980684,0.49943197417796253
3.5382915808784237,90.43327578531603,0.17362911942210862
2.85918283297221,86.00612353110236,0.021729580677334975
3.2039218165896455,106.57581259048413,0.28704427583153014
2.6721781665294633,101.54622609800984,0.4553768091664608
2.8882109090568964,105.87573425111479,0.12324747361832501
2.8044171349168647,104.3403363563488,0.13011948244089006
2.5845411204041224,104.00078089154617,0.15676241533041016
2.7687631707618197,104.44804709735637,0.10741940885280785
2.7503066357760364,103.47779691690623,0.17831448340333914
2.543420906860819,99.92576996283074,0.32719607107508286
2.7790532445401674,107.67367267238437,0.1258322225973939
3.149301940755612,110.6686599503415,0.3520204466637563
2.8751898688460398,108.08813382770667,0.09757340104036293
2.8457998820277,105.96792450473468,-0.020380165036940637
3.089901805282312,111.52688666351824,-0.0585493571742131
3.024785963747936,113.75632215653606,-0.011513956878839403
2.953753465648268,105.47589113753922,0.11058997868011623
2.949727153365345,103.71243420042349,0.03888456197815671
2.836398795338621,104.16040426103592,0.06044341407288749
2.94637005382023,111.76922157232569,0.29057626062391906
2.8073177277182504,100.4055887427344,0.2830146510415273
2.4826546759707195,99.47960918319633,0.1480090409326888
3.0917352525252335,104.20820523769747,0.45582653089783237
3.1710453724875185,100.47727728746753,0.4543012157156671
3.004473755188407,111.11863536712342,0.35809193342561535
2.75765707642963,102.77811676856349,0.2810503883605735
2.9328560232982124,96.85088780031988,0.23703564423698945
3.3102694288187324,99.88147931173204,0.14010988440324892
3.269940607177492,99.31461265669786,0.13626684175662826
3.345532420095492,97.94403633689595,0.13754766759089854
3.442777158797051,100.40484908479974,0.32788094325122447
2.534188630669494,106.08543571382998,0.14623199130189024
2.519027545400417,106.35009862482842,0.13540666528208678
2.3852925798234432,106.24010803034324,0.0984922136699607
2.403907359058415,99.01933452805814,0.3318534567722532
2.260799498347635,100.7483116404772,0.3701854990136311
2.3940640534883566,97.73063212785736,0.19141231509323486
2.6028386816803915,99.41627699961339,0.3309369962903065
3.293096355961448,88.05362211805986,0.1488862831351402
3.2401165412816995,85.83472506063521,0.29990635012912964
3.3679087269050783,86.44281781224774,0.19542568224882648
2.9903643443931194,87.99272086610313,0.037644930038311285
2.9702795630917613,87.32093174110652,-0.008535883503438065
2.7030778880971154,99.51081562156001,0.3020163779040296
3.1740071718157163,105.30865134118416,0.2080531018716993
2.825899137348852,108.91483342874837,0.11197335597225722
2.721482253257879,101.26336850437644,0.19801042617451037
3.0874911948269403,107.51582512772163,0.1831014807332393
2.7705754242501452,109.45514613110325,0.09411179074545886
3.0162181117571714,109.55190028212223,0.3613307477068936
2.7995482953533837,103.95727144208118,0.24091135517124712
2.774735827329741,100.52045206091546,0.2548956145225669
3.1215932283119066,113.24519488135913,0.13112690630941326
3.049491606191342,114.01917148423567,-0.036290921976031704
3.3111532913067627,117.0943925311151,-0.06914850012039597
3.3529051303872723,121.95604411461622,-0.10312754814850392
2.9276644898280075,101.0298637989344,0.20817438801167498
2.977388163835434,108.24960647467678,0.3676761971837409
2.91577272016562,107.52752871875086,0.3336335068155349
2.5539519408536093,101.30644948422574,0.37756825260927207
2.511430032989029,103.98886018699709,0.44066812592436627
3.14824867390342,101.04098562755445,0.0688007182342388
3.129685937933978,105.3390740373307,-0.01854080600968422
2.816674115864857,102.14807935888842,0.08563708247219923
3.170568081882491,114.71022456454207,0.4530064238537413
3.007399643222927,120.25192368490937,0.4178898391173846
3.213217101681431,85.81350986929033,-0.14134880986831203
3.3428300232223243,86.4781135427669,-0.01957567950951955
3.189722579527639,90.4670855138895,0.04188037239569453
3.4317958402730095,91.444787465199,-0.06381399548504264
3.2721680531065425,90.26440279549584,0.07658155368113302
3.4599643793161996,79.83784768194707,-0.010922155844293653
3.9513333348439836,82.73242680090608,0.027273520834265225
4.0099816098107475,83.82502839449621,-0.021025220368589746
2.5479477912034345,86.53264658886509,0.3294157817992113
2.6111986857942684,90.80190084670394,0.20890971753673568
2.682715352069639,96.7252709559056,0.3460930286390506
2.8933110338516608,107.9237582725852,0.30724308164838415
2.6455522562812672,104.11073546669046,0.21114085413698713
2.9062761842212588,97.07035691534384,0.16232307667330895
2.7916270394270493,99.08661698219659,0.042801700496231866
2.8554867711386156,107.06961386372804,0.38358859129541706
2.698287135092678,101.22830426124558,0.2532394036215961
3.1320415483790467,111.11515342687157,0.18789957076402564
3.11981013872852,109.70016283940707,0.3122051849463337
3.030984525926882,107.02277031578089,0.15014779443267667
3.173847558950484,106.3944461627041,0.12064841285414381
3.0959186166039663,105.9524429244845,0.0902051707881317
2.9949250932338503,111.86222003912246,0.18075674648834417
2.9905051864845835,109.8459338223149,0.16298256363629932
3.0058582409112935,108.83576785007706,0.2615715286779971
3.16929446626625,104.76549659691133,0.029047447669680745
3.017643568268457,107.94533033316475,0.16263994518849362
3.0343593239377427,106.01883089101905,0.19374546327626585
2.9476697966639174,108.92647644979333,0.4524772290815992
3.1696813967402657,93.9693997454801,0.12073349583671596
3.467908132798455,97.47455881034496,0.19042659227827508
3.11368104235317,106.48754139014406,-0.021087936034706045
2.8477753146441347,102.2327296393599,0.4434370234555962
2.9222500771823183,105.74762835395663,0.12849107426037956
3.0017803650306467,108.15981528632575,0.18336118742690025
3.146325761724485,103.11733652019305,0.11257265762257376
2.9337896883257537,110.62694213242027,0.2620677234623811
3.259565604068036,111.20017861918171,0.2445288369216168
2.836245757109533,100.59093304777608,0.14989878224124387
3.026986398638119,100.50376920927297,0.585964958251111
3.224593492071901,86.69198064378789,0.6801152768518967
3.3123319493226226,92.24194107377716,0.5632559957563434
2.350687569870268,103.4680117651417,0.48673324665688045
3.2949202094907393,104.31275746944641,0.01995718669841879
3.273047215357185,103.36968101792198,0.05059893193500087
3.970676450037858,80.55652476283117,0.1518488863936055
3.4483149036071277,65.35788652241588,0.38289527378144217
3.3173362437866922,65.93990654159501,0.11949925411541497
3.1405072936070355,98.95498511870431,0.05769407481494262
3.034294230664494,98.62626969573446,0.09226391755267317
2.9859757430357305,108.01885977491209,0.1586258214814262
3.1910231933132436,117.51246012428193,-0.03998155782031726
3.3730399094079484,109.42166024355996,0.08692893882871568
2.7939199018089353,100.16163038713886,0.107074292915677
3.2771016426721964,105.90104961957495,0.19225361209598324
2.700727730440153,104.59934235077017,0.12098928718052729
2.9738017003781745,109.49596524075389,0.18607448828855888
2.646918751102904,103.45760602498865,0.5279644430143969
3.124242442599667,104.64825945304403,0.3107782647999557
3.035798157559262,100.23844361411102,0.23489599462944522
2.988853076962119,98.38924441314107,0.1774337300658342
3.1440361261123653,110.77986732914547,0.2197710190525783
2.802028202045119,113.8016455824339,-0.02852289676923251
3.4130061398532443,102.21157237541308,0.27862458471637835
2.8383456182230633,96.43475146152733,0.3174948094578814
3.2934059953660815,92.72725729301672,0.16085266255851868
2.899191084478632,91.74875213270148,0.051573382776441266
3.0083477897684077,90.52481032435479,0.15507862351405427
3.3602695814773393,85.60326468233879,0.31625177646433617
3.2072380736577952,114.97156923238006,0.23851254404109332
2.9590902200546574,105.46987428154723,-0.07569074866694242
2.9606682528438264,104.42839859441852,-0.10114034141029495
2.6172819975761166,98.20901386952491,0.60424052347266
2.5977216698899,102.67919911567596,0.7224133487716993
2.6661408970731677,101.65354905139684,0.6946224615309745
2.404276659749637,100.01514936862623,0.653649950936526
2.725972062286203,104.11308314767389,0.4299851304034049
2.5411022103435337,100.16148598056435,0.6873814279208174
2.5605537372780702,96.89086088008384,0.7082815259244576
2.738448729076793,104.14161947412602,0.5540819089209248
3.087228757211733,109.62632881549429,0.13679222604515293
2.5748980832509023,104.05231776631109,0.35055952480836905
2.9860978871235075,114.42126377987113,-0.010952654117816376
3.340516784181604,117.17305530299356,-0.026488281575380603
2.9294389320780154,99.77148868048322,0.2562201807943683
2.860058591975784,101.97960623182298,0.1627910856591739
2.7682232143755283,104.45918804601186,0.3912176553660926
2.7754543270217606,103.59415094998609,0.3701613537757843
2.7207114989382415,101.46893794629811,0.2986359947358787
2.706451338345204,103.54209106273429,0.24462763168648657
2.6141969225121366,99.95100605110339,0.5447046655419885
2.7584387521902656,107.26289357935265,-0.0027310844255560274
3.0123939025128106,108.82415597493987,0.2219344865376762
2.6115302883779243,103.36240813539612,0.2665011416052997
2.896873585294581,104.52175252425356,0.2821165503029942
3.2367423170588285,100.72833315222411,0.0709558590572565
3.010625984626328,95.85173133880846,0.1407350618879718
3.5340596409444203,101.30215274965741,0.161635658742319
2.8850868364981714,119.11146930696212,-0.016900731935553907
2.879125452056887,112.96538040799048,0.059133316876185504
2.9585621223515277,95.75994100405237,0.21554701429259562
2.534707630628679,101.20786351417432,0.5011498471802674
3.446274295324156,121.64639552902153,0.2106256717213699
2.8008574653963687,97.12133025156008,0.09363239438221953
2.9722912440019624,107.05574521067639,0.2878182423391937
3.3556867640044126,100.33556190436578,-0.025577840987155043
2.8062424768004983,112.10342807973295,0.23046018071885654
2.7313405811271294,110.83000056379078,0.30150324926395694
2.520849420783922,107.04991188108724,0.11073501635569331
2.6240357680020527,102.55681014166701,0.25433344204027636
2.4301750799413084,99.88133302912453,0.2935279793279166
3.0532043302052863,103.45095732432775,-0.02408936811487972
3.1313744272269366,101.0261924591298,0.005440337291948806
2.914408397241615,98.9500176749103,0.13140218911078716
3.003575141113544,93.9995399462565,0.02175009816396971
3.4836247872712263,111.61183890342312,0.03409773282093034
3.0720925672091384,117.44386557551414,0.05424710640846091
2.8541655804249464,94.75127657206964,0.286515378679242
2.95986590608618,112.03013185259586,0.23344357250761147
2.797574990687119,106.0501126109067,0.2833845292998934
3.231363189202255,103.9196324799494,0.2056247113254345
2.842697025389554,111.18642711500526,0.24274820985531237
3.047328369181289,99.28821809498517,0.5039270309895229
2.8023598833925694,97.79368492124037,0.06638290560734948
3.2478111971017456,101.50547048995053,0.26555630081656206
3.077521974878894,102.28666152074338,0.38389810299841276
2.9231464097204505,102.72091898277515,0.47217628352425806
2.830884353618295,104.03847833033879,0.24344209330460187
2.9977809225782264,110.25516587872585,0.31910747403555356
3.099243197983511,110.59064446256342,0.3061292219338866
2.915291987718573,112.02879296098176,0.2498754681956917
2.6540544403082804,102.89787553745651,0.19263347696514949
2.7945928663278843,106.62831193179122,0.2886149899629052
2.853369852353968,108.0293823384787,0.23845145454415553
2.7647007643660113,105.7845637560893,0.39755855602167717
2.764544004516552,90.9723474928756,0.2861161282848843
3.110024178313549,100.28929936952974,0.10825528819210839
3.2130630024816487,104.26418744594278,0.0566349774125721
3.1753387204571997,95.4690573198992,0.06190980273856998
3.3884047231286583,91.86637980060752,0.1481197381657957
3.1767144516121455,90.7535188277375,0.06206326527563752
2.8585724242300956,100.69506376693046,0.3359448709785658
2.9242053070751006,103.26277612971323,0.4264158268211714
3.118739557686323,112.6815225325416,0.33518493181747727
3.1938180463315473,116.60801879925503,0.3364398239959793
3.2366857576940604,109.957291674093,0.26288626322536857
2.2912422013024156,97.17285889845469,0.712105207858397
2.441063714399514,99.06150585934324,0.5854056807591193
3.2291099869342283,110.47181921526867,0.2918572729071426
2.793549467574323,108.99809751754178,0.14435821371988145
2.8512560784892256,103.37219800298632,0.2238082550029747
3.2348009771035393,109.25355274838019,0.14839494581575383
2.604766574379733,102.5561546106294,0.3276063038845965
2.529418618805326,104.1171722845688,0.3637794505189522
3.286073758568358,110.61435629823671,0.15952534264804927
2.7207238085637937,100.74066090259129,0.2732776014121015
2.7137262067643935,102.22782433843325,0.23856513273530144
2.7963784302095487,102.9712284737848,0.4329530544569866
2.5923163604037684,106.4709762126816,0.31205597720297334
2.6943128806094387,104.46202323733979,0.33869138026407924
2.724995190946542,103.30654941448677,0.4370425382860223
2.6779659138829435,105.09625803971949,0.4333850898483061
2.968574412031165,101.16395958600717,0.4356416276291998
3.0182151292175257,89.08613814270868,0.2791201710965319
3.2376596929969135,99.03160782050334,0.10417436769996219
2.935748895181,90.51347454301529,0.08746220487755381
2.991282409691779,89.38726584356762,0.16741105518194868
2.741003910330168,88.69589075948348,0.22747284196270764
2.9556993576179975,87.32665408192042,0.17717319779155097
3.227887727322754,92.23009359641206,0.16362395725889867
3.2148684214605088,91.11700568273278,0.08663897741728296
3.112049387192813,93.26073689072042,-0.0048540238756126725
2.9292412416850087,90.57662547438129,0.04101655874025255
3.015315824762451,93.79226432327397,0.04463626414110838
2.9288931355651964,94.2622137429865,0.045005314134365745
3.1167485584454466,112.24671661408217,0.5251331025403563
2.4884468474056987,97.07821164386615,0.42320086143598534
2.429142990920233,102.34764848487826,0.5586644843174018
2.749225476901717,101.99422315414776,0.4821161906942581
3.4145716126493717,108.86060811212616,0.23171305808615505
2.341460950738903,95.31814300797302,0.39869691398963636
2.2951371894760384,98.58332723319621,0.34477504040698914
2.9051408198984494,106.77055787063829,0.1166876075622614
2.6459024065937586,104.08187359027151,0.2801900309327801
3.2202356908136713,106.47558408721358,0.19546778885612723
2.8235428341762834,108.10652898701899,0.38014586712014037
2.809906409903918,107.71211005934647,0.1428960841519693
2.7271385360963145,110.9105586948568,0.23597073453230757
3.2300214159963194,102.5248679394243,0.23008437318398658
3.492488757756534,110.99163268294225,0.22517458745952088
2.953401147811441,112.18862985629497,-0.013149880374565909
2.8890500785247704,102.71950334316195,0.2140069659585586
2.95426848490521,104.95908104589044,0.07098006840270675
2.7904780817253116,103.65040492363185,0.3870139672696225
3.0377169096061647,110.25488103316349,0.15653730112569372
2.7254557856239323,108.71371383627229,-0.015297833652663241
2.6455298142881176,106.43253805258827,0.14781062035923231
2.7689878685162332,102.3832893243526,0.1400603826811055
2.8912774515226523,105.96763819793259,0.3480471397368283
3.1394879861681697,104.68912844380415,-0.01010064893042531
2.816133475005175,108.63684486875944,0.3943716605191972
3.1020377046961927,98.36076699678881,0.45943983571460206
2.9659555019621844,98.5522055629798,0.5420066428678331
2.606286477469317,103.5396040751917,0.694972431028985
2.5468107393753785,99.1159630959616,0.5686273023028764
2.1467850217158078,98.33255436883903,0.45855239591194497
2.5301964432833857,97.67768157895961,0.5801894196953916
3.2767842104606615,112.78299902391934,0.2918640719684315
3.0614018783807504,109.97969388360754,0.3270085942554365
2.8874628248046377,101.0489524227213,0.5137323618573552
3.05416773404598,95.35692787035514,0.029603047382481647
3.5786883811238703,130.9535660497671,0.4152564624774956
3.6976908565618762,129.0826220467942,0.3631885537660202
3.041502399631464,110.08184708066608,0.03828309412638242
2.91882626355859,109.17476205037372,0.11496012302982744
2.8696793435429906,117.68407243631175,0.11918693092581559
2.8651649387060343,115.90122009485867,0.10448205098909698
2.8800682737298593,116.49993007881677,0.07706787417674464
3.014476461912226,115.90245376073523,-0.07379482569937204
2.8536216584377048,95.9217350716376,0.49479384708642976
2.7832035355516855,112.04951023890116,0.04704295573357102
3.0031883113936466,110.4023063554928,-0.07469856331448904
3.2319863786496152,101.15900282995571,0.024544248479891017
3.1454111348495664,93.22362324799224,0.05187429455966277
2.990272477746111,93.6441554440982,0.18420532303831316
2.859278120362119,107.68156602103315,0.32775998301872394
3.167873404512324,102.05971794871844,0.02901071490980163
2.735005684829611,106.75936561430964,0.47820903261093994
2.747729633148703,103.91828369451666,0.5639544641511475
2.6184044223532665,104.0324821111766,0.1580195685525531
2.7318976433551305,103.13014776035159,0.26743302103475464
2.740976339739941,104.70240089063722,0.19177154934295035
2.6823696970147908,105.71611969257701,0.17283217834986084
2.9123936440227927,107.06057032346285,0.3263449202895006
3.0594364895977724,106.718638829182,0.28266035717177534
2.700803108257224,100.46758889076943,0.3463678582205544
3.229488588237618,103.21196010407263,0.29104122341241706
3.3195365665420997,101.22966548344029,0.34738798952558436
2.832704618282247,111.38128069551064,0.18275575496609506
3.270600188092791,97.05358514678699,0.2552307759568831
2.4708117047957847,105.45871598628275,0.24862824497733707
2.5437118855601106,105.89940456203848,0.2538734327371804
2.8920286825039314,111.20691322516389,0.1933681849321453
2.8513643234749364,98.53224442855624,0.1398364914888386
2.8755130264639672,94.67449831457348,0.4746455470388096
3.4054817413337224,97.7748730087047,-0.07579959082162828
2.921718533051524,113.36743843170669,0.30597653452239026
3.3183667418003733,105.0849952280234,0.1516833199764059
2.8927091050639433,113.05411226208486,0.08934296954087709
3.514947678298853,111.80224371838857,-0.008028509794107129
2.6673618060491795,102.18626058277283,0.40402309031145844
2.696535662829979,104.45439376164222,0.6002037894948347
3.177114766626521,104.73538803032737,0.08512802559711417
2.5815490169983426,98.24140177313305,0.3831086746916708
3.2727663856376696,103.2910774413734,0.1871381560202955
3.585110414379399,111.27513531303316,0.33065915886266667
2.8027913218827925,107.15422672886942,0.4536884564317117
2.760612135241493,101.87265367752666,0.08459651705155441
2.641990316024909,107.6281011495659,0.23504519930334575
3.2200676135149786,106.63307725717861,0.07346052016150552
2.93911449133448,112.93850809328103,0.19903732104341512
3.0539886583504368,103.17727413783317,0.09078930826443826
2.869709519367779,112.90851610284204,0.14160982435118963
3.3200014059497214,109.1176061190944,0.18727439835985998
3.349512428526211,106.48260934963668,0.2792949502884359
2.8302037124588595,112.44779612597155,0.14386540515316998
2.8701032072771238,101.74223176627235,0.1730569126160289
2.667891638008191,106.30059166468718,0.14527622195620635
2.967119570135801,105.8202364529387,0.16542916239934624
3.112550084522516,103.6600445963146,0.2868306535296118
2.8881669477542706,108.7647680825754,0.10317517451634382
2.962150639644614,101.18030217461131,0.20642706862866497
3.2428862311388533,103.8396089079241,0.0107722903201944
2.821243127569922,101.15511670605176,0.4745850752781971
2.404531130247495,103.14584589115844,0.44188290477311104
3.253326242180163,102.57712456631965,0.07033110305244646
2.7150568970222686,104.04638574892329,0.007164147008451497
2.693692470092078,106.40049554269733,-0.017958119176011506
2.766729451266695,101.81947297693986,0.06552377347772081
2.8492040559932277,113.67233600963672,0.28930628132424047
2.8365821943481975,114.8671874858297,0.28884060551482976
3.054476585150955,86.26589978385756,0.21592691321158977
3.0826419067770283,94.55061504595446,0.12936903406547784
2.9028674484449066,115.07699937778641,0.24752908429943563
2.8511643382876413,98.8399999891316,0.12705650556388043
2.913476474539889,100.06411105259748,0.08180784317385208
2.9343637155639364,113.44461280539075,0.3073063557013899
2.7643558722068917,104.7272715069673,0.21587978453549916
3.202624631252867,112.00177712846903,0.3011226162258317
2.9700816321900905,107.51866787192898,0.4216164529110412
2.824477991322954,103.57815306212694,0.19267514347775094
2.9288547796924242,101.50325700199093,0.34489721544455676
2.896937966192066,104.7897575441196,0.2100294403857761
2.856010594761565,104.86307237055402,0.16328226626730982
2.5741154570280296,105.37815611799968,0.415760820212904
2.570521668651522,100.77718907245372,0.4223539924835106
2.9577746419796167,103.1522377772564,0.39043610022661224
3.086793242265673,111.35635619701017,0.22801052022824858
2.71813921965125,98.37243534624922,0.4125395794312443
2.5700093503057175,97.4435162466584,0.4360943818301185
3.2208427851421124,105.06046220373536,0.34465191704332904
3.107303468676131,94.03727587053152,0.006108164898551899
2.8826695697591243,107.90954984070089,0.23900476588747605
2.843322242403988,109.17416283121234,0.2860561498155941
2.8353432946812576,109.04956613330324,0.2573129211594154
3.157501326900382,101.67501341886091,0.18718584860803938
3.256872331585916,96.33740955924436,0.3856436754974679
3.249203788108099,108.85588341111266,0.4043944874802685
3.220417681392239,119.91817593629871,0.030286919874033646
3.161827191624718,121.95040454709098,0.04629301872653764
2.682934547823867,98.23408176018741,0.192448238015853
3.0030469880483452,100.40397573523491,0.2887911273628634
2.9984722667617563,103.40346262917244,0.2656490011843218
2.8141206982625646,93.73947051416792,0.17816574845837369
2.9318003255914027,95.22406791327931,0.16493846297711326
2.9797031882064475,102.45520643109212,0.06842870265125284
3.171321749663145,102.69784386018831,-0.01820572221416919
3.3857417993083767,106.63387495684388,-0.015180340585867003
3.369547909635131,87.95499716124999,-0.13504358392101193
2.890616227579658,89.63130557494311,0.29898496450580897
2.6786387337292727,90.11329062612823,0.31059775064625295
2.858102561811552,89.19515449108141,0.3022693031841081
3.0497576868799294,110.52718625402686,-0.06456447416229508
3.091384567847228,108.63938583548345,0.2714781872656297
2.4641744901535385,98.91138651600221,0.40218664629746387
2.434365882425883,102.81619958282307,0.18358622294763197
2.712505654720065,103.48878313171907,0.4458208666667203
2.9382760072445624,103.14557616130962,0.30945924327318014
3.1237247823263146,112.77132902591846,0.22880919029525085
3.3814584662554843,116.5615203999979,0.3741143845537002
2.276518628424487,97.91261469220585,0.26169014215516073
3.42883420745757,114.73787645453697,0.42018022358945273
3.1064320846433313,115.54744537154183,0.12071857393028534
2.8491426624249896,99.31604833390512,0.23896525459356194
3.1375072535549626,108.45166256880223,0.32083869852355634
3.199010347160551,99.7438269443736,0.2679293210418837
3.076944422021464,109.56797182810969,0.1339877295546697
3.2733216711355895,111.06932396455203,0.0788210503640308
3.0395923708219765,108.15814690917894,0.1552878740939179
3.2333846514583757,105.93041623817811,0.17140273014821658
2.644618081132315,99.39609203458524,0.35564527063965784
2.3068469611349207,95.0830925390991,0.4563652931670907
2.2331653468290904,92.36625841836184,0.5616377282810314
2.5765337111722144,106.1565692241316,0.40707398178020054
2.755188456247775,96.8950667616449,0.25792744974697207
3.0949394970579434,105.92491937901228,0.1456967328935333
3.027782334879318,99.24510680438493,0.0710881742190426
3.0283926100052723,101.28919848375641,0.06638195340398748
3.097939424759385,103.28009851314218,0.43980726314175533
3.1873838976505304,106.88491242798271,0.46899440413770077
2.710455600215192,106.22442373890043,0.46469274548487394
3.1122531994730194,100.64622510066476,0.3579473786368998
2.907855499457848,111.60449410265178,0.10450844124777237
3.130165188386049,110.67484081615295,0.10015402877740126
3.33365007794589,107.03969521529561,0.34600287541444424
2.3879225812151503,92.97257773298162,0.35778171368916173
3.3961801436109544,111.23267781598352,0.05595778772076999
3.3242252884679835,109.97889007109593,0.07821007543607783
2.449447450849503,100.39224440365203,0.30820312561130103
2.604669994195469,104.0670943392735,0.17908500664861993
3.004306129221074,106.40005369874812,0.42990600203166757
2.832465945218205,98.43944190172434,0.12232486236743387
3.020670245715319,99.20678688722437,0.0011849796699121547
2.911264450274376,115.5689961720584,0.2141430813635744
3.020335787122272,111.16277872569134,0.2809543241527593
2.6849257391113226,108.06449742022481,0.276310244328762
2.967905092821489,97.25631371152116,0.2156809353227221
3.0861357277603005,92.71101362502066,0.1443125354990071
3.148903037915283,95.02504261445857,0.2781275847301024
2.9114719819639645,116.47319730962943,-0.004145958174083629
2.7036447485750426,102.55481737721239,0.24458404967803984
3.006490931430196,105.50464272274351,0.05785932336411695
2.9648452951750603,112.55703774423053,0.2578253042590986
2.8902902810315907,102.892897054071,0.09877144133518927
2.6166907329182076,102.58320267474018,0.3869007986713832
2.66131802202444,101.71743724186994,0.367213343254294
2.6968292896059016,100.84887327771543,0.2400739586214548
2.600395905041574,95.43932679669491,0.016019517549436615
2.4915580682897565,101.23634084733146,0.30221398896332446
2.159555677630508,92.6955674196737,0.38370334178658705
2.646790674952424,102.41724045669868,0.5056970842717423
2.620165051993272,98.59480483233288,0.5883618678955272
2.679950570708521,100.23264138370702,0.5762205352295369
2.91142663061311,104.71810277431,0.4646407524694917
2.691295369113471,104.79177300921397,0.1557110328008623
3.3563199795628087,106.05226327212013,0.14158509609350126
2.825123363894382,99.77321569164603,0.07676342324271891
2.999136310353249,100.82686264625278,0.2182727541835317
2.677666209076271,104.93531286282784,0.41039691808890116
2.6394060660341414,101.11471803092188,0.1682053055040018
2.665937879501165,101.09490448997916,0.13012886598117973
2.4948703912491195,100.95592337460333,0.23958707772048815
2.8087552452076836,98.36200426810085,0.337104299549077
2.653606912574466,100.87067394584507,0.18512650010690124
3.351362944978709,119.74340378814499,0.35816490320782196
3.1899933122948787,109.04461952138689,0.2621345389506383
3.0282419163910075,110.53716861069186,0.20540076482906167
2.9826943071961076,112.07069266966057,0.02500725664559759
2.9618042501578308,105.83014997622334,0.07899838105332
3.042230424721521,108.86338956769906,0.05442573240038434
2.9818698276159368,95.21542750182623,0.32446928309444906
2.9284881101648828,114.33386581920207,0.45291761818602705
3.0958872704181473,97.9430788250696,0.2923304397693252
3.1715859465181713,95.05654674844374,0.1827524430428281
3.218503626397372,100.91626069241728,0.0594179557919854
2.730215944081794,102.01751790653863,0.49231394678555407
3.0478942211271907,103.0872006704922,-0.021656821805710172
3.0282832909709816,112.58343288661587,0.1061200597521852
2.516608122846557,94.48671994159395,0.24660498879857454
2.551024324071364,102.58709787489025,0.27666665008129626
2.9730154594442033,103.22347098085638,0.29063197879560376
2.8995993814816017,108.73013337405777,0.20777296025794226
3.1621144141354267,110.05753862049143,0.10616471492078941
2.818327049208826,106.14802796031717,0.13848264232005683
3.1051962078730386,93.87032419920452,0.39615972908051394
2.995344034463739,91.54838042390188,0.37792446996737517
2.7122777027240677,110.55726922198542,0.18476637396749834
2.930342076006223,92.77225235250118,0.2958091579274925
3.1604951672993833,125.73299757661978,-0.14566718247317567
3.494521735556035,117.48681398950144,-0.10912127677139491
3.1358077151744146,113.98620326152341,-0.08679855837694452
3.075140613779129,114.25775804615881,-0.1682384860454386
3.261057397370511,108.55030904428659,0.28607189423525486
3.1658236365980947,108.21861562796555,0.26487918933773597
3.247352822516957,125.43776602635921,-0.16043843492720358
3.3866294271474224,109.56296141921025,-0.0437336226373405
3.292950940658434,113.6364128787838,-0.028441722984073575
2.893307551300227,98.04452162379324,0.15075582328598228
2.4963580556501572,101.2847055791819,0.40426384985477254
3.248196668523911,114.86985705295854,0.11980587140655038
3.1014440312631972,113.7175520003476,0.12038070724316736
2.732573153617119,99.24380014896572,0.5442793844533362
2.532790830064698,105.3441638940171,0.30781737307953433
2.607906602295187,97.98114038043889,0.20396367605761911
3.391631242239201,115.78741663741174,0.34420690949691773
3.1101095744058838,108.42349012315879,0.1906956225152972
2.578818110774981,100.99151087003885,0.5134296565570271
2.6115112124809605,99.21235383822054,0.6800842506797543
2.5944483593326084,100.54028214928842,0.6949681791553389
2.7281558205139977,95.62221962285093,0.22607399498021694
3.2937388649833803,121.9388294868993,0.12897408069300303
2.8791543555264867,98.45986029558448,0.3973660159473993
2.614228437398929,100.95227784824512,0.5187409844006812
2.7260355438512383,103.88465596767323,0.3038379725383756
2.8820440499428117,106.44511728914554,0.1927867993167061
2.9148385379216384,105.94856567219918,0.14544337720833508
2.8611809353063826,109.57933172337914,0.17743590792005332
2.600277075323274,101.64196968355776,0.39049113601953994
2.638306901932708,101.11755419404703,0.3660016120419239
3.1757638137579836,103.17590890785756,0.18220590918196702
3.2831812244735543,111.04604498672217,0.0829713901027701
3.3382851771882076,113.24313553121038,0.16129936031496145
3.607011930458736,127.10345502106243,0.055025041347597614
3.6396240560479445,126.67326526954739,0.0286430114071028
3.505190023296592,121.45167710128075,0.12357776706121539
2.5997595648054106,102.80325763659168,0.33486592670338694
2.4179306200311323,102.17661418227632,0.12286141133295998
2.7258731034410637,100.34565716377132,0.5082547069624064
2.6379899295407596,107.4352682575996,0.4934785778669456
2.6379899295407596,107.4352682575996,0.4934785778669456
2.7625553882011546,104.24413052844484,0.39719294217493784
2.774118423809882,104.7127102217559,0.41381800083529496
3.3611708461167447,113.65967087115487,0.3284855444744444
3.6215749959904,107.24183786095392,0.056786309176705095
2.201822974718524,100.59604792965187,0.552099414546372
3.1970558320740126,121.00472285640703,-0.1301489819510119
3.407721788484347,105.57739486869677,-0.2067945189091973
3.570350975272135,110.22487525712994,0.0014995193303794765
2.7577679028838205,92.51566411322787,0.33077607369797674
2.8692589342381503,98.79377529745679,0.25342647320156847
2.707296509796566,99.1377576607389,0.22196081320207373
2.9940392818910966,106.2566251746605,0.17542840584256722
2.99469565970565,102.86607850767726,0.21468897718311505
2.9062610723531432,108.1782343368529,0.08545242448713473
3.2537172413373363,102.57607681409723,0.3082418555433142
2.9710462379786997,109.42681620115792,0.3469903766069066
3.2366290657353165,115.01043427571248,0.32279300932154165
3.212848009246603,114.56434690658445,0.3017608367866573
3.163000602294285,113.02772751323721,0.10345842433548805
2.5447614303757007,102.54809960956534,0.46836190224500907
2.6033996478915715,100.38013351351647,0.5508171504830136
2.5363119181481983,105.4018075337,0.5483178702805717
2.665466433367153,102.5651861834954,0.5409955778019829
2.407930808050443,100.89853797242775,0.2816212511203359
2.426103749384613,99.6948410847992,0.34424275786888653
2.658711902117782,102.77798174439565,0.17860588664041235
2.7902913525919497,103.4656699424893,0.3279424093058584
2.7902490611889688,107.01870044228785,0.3497616557674125
3.2296533265988163,111.12621406019613,-0.10616630760611644
3.077725238752516,106.71586033809331,-0.0483509159669985
2.7165133635400105,103.1879138117697,0.47713916937816464
2.431370863722869,93.3342003535521,0.5263207718685415
2.759788129360549,105.75319454333543,0.5242878142668171
2.95982535977096,110.42471240129298,0.020605384447908805
2.8087511258286986,102.4642004819913,0.6632994462820347
2.9883988736251808,104.80782243527885,0.6360782635582691
3.126625256593405,111.86610832275235,0.5566025932214291
3.0943702640259305,108.87211072396028,0.2265355192782182
2.8241749153997833,105.16746315974778,0.3071651431499545
2.769237288563352,103.44241792907452,0.36456071486780267
2.6171204962262617,106.30536022771051,0.40162784065264984
3.2568152977649047,107.20080107230302,-0.15457500319869436
2.916715438059451,114.10895541240193,0.17193447132950793
3.3773485946971333,105.05214548091571,0.27625738092647695
3.455158178041944,104.94210860545321,0.3309530804455226
3.5376283305792304,105.40989937228476,0.4010325008393967
2.5468883268485962,98.21999504642166,0.09196403401454033
3.419141290539508,113.8235247910684,0.28285620888203217
3.006183682806112,115.19872189168672,0.30638467716468387
3.192326485113947,109.21435353224209,0.04809641282284134
3.0819543398564067,112.20683176877846,-0.06626296120023921
3.4601121223464952,123.22610627391565,0.21937353032859044
3.108460949579434,105.70260258370665,-0.1624813753940543
2.983363490833886,94.55882128992052,0.23858200950376066
2.605466413501307,98.09453923872228,0.26272492300061767
2.2273810444575983,103.53306917715871,0.2259548476016426
2.7526801288261287,99.11833632163165,0.17250641881886747
2.6358729682988975,102.21624251632247,0.17286083700107535
2.9638046148108232,101.10805704615994,0.45277721019012124
3.0954052971026456,111.38932332712865,0.2065352911371679
2.939598842332723,93.38507287917314,0.026817873674258533
3.044935645354636,93.54625562646821,0.22036890007169782
3.2322672899121128,96.22448789690898,0.07065363418816382
3.0452765003283377,94.22623111049684,0.11963834555706682
2.670856820344334,105.87197003189571,0.09557689379145072
2.692118763743812,106.45029535037557,0.21190398450383566
2.5846235061208738,107.98020514724624,0.17664262192266728
3.1072823316574416,93.69912644175147,0.19724302320095868
3.2116556144168076,91.50514976728752,0.29960699687961784
3.310262063632562,90.16594290063544,0.04370053484658566
2.9283906350543147,100.62736261384374,0.18561970283150006
3.309071676549085,117.81793701581599,0.008330921358931967
2.6791470571824876,89.83862930066171,0.308044524919645
2.734762743892604,91.0588397234855,0.3532512597977421
3.1038740661714646,108.58380331957561,0.15601133034155415
3.300362721607601,105.93390137547975,0.31098889628059195
2.386119780170236,101.44705491433973,0.432528234377589
3.2312732809634053,115.0151574905338,-0.03368264086020864
2.9691537202489737,105.76813614116806,0.2984843664243801
2.7892346314720693,98.22496374867515,0.3040423655579458
3.014961739339865,101.60052815361267,0.116369196785868
2.4381571094416468,100.76906381483334,0.40344423369641463
2.9897849785737085,111.23580209866172,0.3993269885965387
3.4186973678731616,109.39172272289028,0.1769501997925914
2.8572835923088618,111.70183947550343,0.21334867754812797
3.103209149364679,103.4669459552689,0.23962545442727767
3.4227811866914477,97.54714256265734,0.36036234571679143
3.4576083552776757,96.57639830650037,0.37613449059692977
3.1976845346333933,102.63527904156362,0.6201527082213788
3.353068725482967,105.93018218842634,0.4905395211469593
3.305562800616976,108.6620646294072,0.45332484367953546
3.192755049674266,119.25744822832046,0.1263490467052471
3.0537212292807836,103.87028403410032,0.460732722611277
3.2843856586307574,118.0518341303548,0.17228598024460892
3.195703117267052,116.08422676671094,0.3921401882489757
3.302494267774998,117.10400351765311,0.4553880449193271
3.283058882978583,108.13952423137468,0.44641579192380626
2.605877286131709,101.89312122901867,0.41913915361775855
2.600452459395924,100.63888110995734,0.42282928638163314
2.6524717865769327,97.7906767850704,0.46735423268472587
2.751274419747214,102.42456334010022,0.30716384616902365
2.8297549533865056,109.46878019417633,0.3646509528199203
2.5776686577706047,98.10895309830673,0.3271742072269696
2.9896572293194748,98.34453464864758,0.309119901813089
2.8656399759748776,100.81437918902404,0.3724027601709783
2.853700206110739,100.37313288116887,0.39297260959532965
2.2169874638051716,102.37514317274098,0.35564245743499895
2.3634723136006683,98.92996582223107,0.4119271579309469
2.574825308008021,99.64021813645611,0.12384554479042523
3.0883467783061516,103.15142372604004,0.2962376151343357
3.2300816885797756,102.16310310624554,0.3293709727813515
2.6871842720287846,93.22811913474419,0.3626029810772829
2.6920701865566934,102.24934319433832,0.29923963178557655
2.7619709890300763,105.88282130269369,0.3028955705719572
3.164542147315462,102.39629241446697,0.02291101135414135
2.9326207896593948,106.79346273432269,0.23974913297220865
3.257415531498234,102.55285137057744,-0.03517738096526728
3.3543748742944297,107.43295064930734,0.38685711529521993
3.2152160559979692,95.99066765456215,0.15963863344225052
3.1215341375830694,98.78533520032906,0.07351679680320547
2.9384208824381077,103.70545181245494,0.21228300654604715
3.2931284265109517,104.98624183097128,-0.10371420654194938
2.9418063809153057,114.01860746728505,0.37354171518265067
3.2241167809171674,111.70242168034446,0.39104250454204637
2.991343412405576,111.79359191349212,0.24721895869781074
3.0350210999362366,105.87250556831945,0.35747841851419215
2.956023247683429,106.08975959666984,0.27938642766991656
2.9400111712973653,106.52846979682127,0.1554353964702622
3.2075354613854725,97.61040323258837,0.2144692063563561
3.1709219139160494,104.90089437966918,0.30960890318038814
2.9584406853059564,103.00762435136366,0.11860783717818846
3.1448385879330893,100.99151279054693,0.15997560061331678
3.271015868201034,106.41579164098478,0.22300361824936885
3.3849714833594042,106.94444420673851,0.20519310727427162
3.1135555016451435,111.86419213925898,0.42227507076538406
2.96258060315808,109.02984196384406,0.35991021567558457
2.8647628581550086,106.04878816619784,0.39179150405383995
2.799427652278627,99.40731348054244,0.1544261540648631
3.075739737936128,117.21291456657173,0.02458669527113263
2.8274948549617145,98.4689260509093,0.5234114307181611
3.251036493742082,99.60586534689472,0.6228887360462526
3.306139374020182,100.39113174011715,0.6310769463831882
3.3103086338281447,101.1535318075111,0.6122246773972414
3.368941601105882,110.84619114950726,0.42876663705940915
2.9396990341373788,98.09669061017213,0.49422199725818616
3.047295591231418,106.2168390558701,0.16574599811562785
2.8711125201970047,102.75385111535692,0.23054335285667155
2.679966481814233,107.72718053924402,0.28013749432766644
2.7145699498708815,104.76664633055965,0.26360156749991975
2.73978461309983,106.28630571626061,0.251479613686743
2.915000813517813,97.6086005947294,0.6147186036737871
2.953598784521154,92.81465497383138,0.5641364989793229
3.049806235458288,89.7264075124114,0.565191661089238
2.69068210942444,101.02278831126786,0.4225012321354627
2.5917497406019243,102.95989892836607,0.526550232896561
3.057164058150077,113.44148099163954,0.0357717884573667
3.2058030253165355,105.41069269893286,0.3227049570224238
3.0951663716354423,114.62625567735243,0.39649544793174335
2.9281843899228943,101.18622263636786,0.3603634192144482
3.3437914385485565,94.8591144582719,0.05186616246335957
2.619370089778754,98.05115422427873,0.02858603459684843
2.650888608205168,104.40714497779503,0.29649613559738225
2.488602772219289,99.75730413601426,0.2050935937149332
2.708860363937102,94.67251205909392,0.5123445297914401
2.803810403885625,101.39619365069461,0.532786243618743
3.15625976054635,103.57545313112686,0.4377518102922001
2.860864512206755,100.03135181362119,0.20170513890627406
2.7118304914405256,95.59697600197532,0.31639861597654373
2.635798424407401,103.1998274570666,0.24250805875481685
2.8848768124443187,104.62676347638529,0.14787273373311266
2.904223016306374,108.79863119199857,0.09167832589751594
2.9978411383920243,106.67723380393993,0.6700221461125969
2.2640663795130043,100.57021427563488,0.08485678160475457
2.1368571305990276,97.47526068750332,0.7398297980839847
2.391180015269298,96.38410267711227,0.7703194867156713
2.457396500897353,98.48713255949026,0.6937734608748646
3.066773463620806,110.55294055786491,-0.05253964174377562
3.304346574496582,107.37813400170282,0.10398437388671385
3.1860296646080206,94.78901496205589,0.4224733812031865
3.217156736107932,94.41529647182814,0.44809769681265543
3.1070331499550985,98.34020549353684,0.20228084374913907
2.830052080849784,110.91074708952083,0.20380956665928324
3.0896988310517792,98.39008824644402,0.30481906647769963
3.044882780441922,106.36814262218319,0.36745546144193775
2.99241522263141,109.6131984374829,0.4349613104640322
2.743498790540831,99.28015259300497,0.3684918749820991
3.0482403344292623,109.61387820246074,0.3404598429937088
3.211549631706134,109.32275254642008,0.36116568118232817
3.2151123543121054,108.15112565527318,0.3205356986571536
3.2264964264090534,116.90804129098406,0.41144387245060626
3.4599085769677083,118.17625597400281,0.259399635763362
2.5651854184891416,105.80677930784901,0.24189942393211283
2.5539874514596628,99.32156195031519,0.1645363310340665
2.7096245229946607,106.3486269001576,0.2965085095597422
3.038981737768795,106.05492653654883,0.23480850282057605
2.9540590504538673,108.65250281419173,0.15991836774283255
2.985193253685321,97.4083741095334,0.07186882988064662
3.074583818154621,95.8844768941399,0.08805779756002836
2.783984859955659,105.27156843326495,0.0523036837019628
2.8192100175061423,105.80207643456264,-0.02628283900168827
2.827041999498754,103.82692247659078,0.08065392150853956
2.745715677653766,104.78017620598177,0.32121135005786533
2.73255986860214,96.68120687983945,0.5650456897368673
2.6687971869176073,100.29137430986722,0.6262889588970794
2.4617295674237996,99.93967277171791,0.22725494143026773
2.4564455871419484,99.2503466414395,0.24420845707628508
2.729805427412065,103.05889620598903,0.1980275664514044
2.851004877824838,107.39812823635974,0.1907915717558594
2.9666648033491674,114.47474021207988,0.1436481610309032
2.6906006636720172,102.24874120465955,0.31813282367723833
2.6624528608349194,100.84505860892413,0.2140007896228121
2.955891236901709,102.12970986670396,-0.02682058228810208
3.1705067787579804,112.4195886448515,0.309044586848704
3.3491905891065357,115.48658291279894,0.478390505294011
3.4494548054020404,123.2205722787376,0.11366385496137425
3.395589740533853,128.18218110275794,0.16394930423724208
3.2419868473689495,127.78133353161692,0.17129998584265516
3.0341604679816445,96.08247720418822,-0.10857231025967358
3.0770871487166027,101.44629110658215,0.36332961488983107
3.076793890547971,100.26900558985432,0.2700895386411315
3.3554756829203947,99.62174968368561,0.3104523827536178
3.4333661362991386,98.89358533047859,0.28635678278779014
3.2186095695529415,96.9914606220776,0.3139441673179381
2.6092060051400634,91.6107225045475,0.23493697469360417
2.4403848089460833,101.41871104992383,0.23115262917503385
2.86228526265497,98.33736072510936,0.4136549608910516
3.1749452255149238,101.11428883866049,0.1368794513143023
3.113139645876942,97.19642499299933,-0.1291271038055335
3.35126479639639,99.45457808343099,-0.05587630963792292
2.7625738946960188,99.4218000202795,0.32306116511874133
3.6565733444152007,104.28041157635333,-0.07927504890874779
2.9651167786447403,105.76672487170778,0.3412081625403993
2.8732654151688055,108.27509064792321,0.10424889420807411
3.10387833487877,103.3304120752424,0.18409933574481088
2.8669062573163293,104.7418946346318,0.2646353389156048
2.805655979468319,104.7286131080802,0.28170463590907685
2.895610428436895,102.20543087763734,0.3024074127814218
2.9370250043038646,105.99532037881175,0.2570570337198067
2.8590759458282147,106.66069247855174,0.39613257851076616
2.8262306412661524,104.1525801457187,0.3619707913369315
3.1601867154847727,104.60570846170765,0.03330776428380688
2.6719098198196782,103.74676010865227,0.37874231001687314
2.729873081491224,105.16381864970413,0.44839926594839885
3.3841482923113,110.39291967732471,0.1988085714889315
2.366328354189878,99.65832243205351,0.391183097412205
3.2065439557328483,110.24692545715827,0.24046827881077615
2.970576456144725,110.14771585433799,0.34444735490894995
3.0553139485757117,112.42080385178858,0.4840195901726195
3.0175073431325785,105.15164162031948,0.12030883634245002
2.6367175273525274,104.52411234821827,0.29974148867178463
2.6313159855338952,106.0815622825208,0.3088065726037401
2.664219969054626,103.02500103440072,0.2684463635693457
2.6875884350854,105.56605864028609,0.20976169160640737
3.155341557773276,105.5385716815452,0.17998619565311358
3.1854370416324507,105.7201193849187,0.23724517831253994
2.860832870453034,105.09204321803004,0.2155638036503938
3.072956799129174,111.64300133842806,0.19961893180709284
3.186648006312553,93.4087522200503,0.029017347817684353
3.3011627566252932,96.6909412913267,0.1440998276320009
3.2341022443258534,100.6965744878579,0.3102250416284596
2.6486674958906193,108.99761382784973,0.008431690436442594
2.6470614737110534,108.13397296036989,-0.010898083310185297
2.834267154468663,109.35638468685427,0.016704386909297923
3.265050344716527,110.35224811385953,-0.043101380386242456
3.2511023782404385,104.95084320194064,0.006093380611170319
2.782260683514157,106.66992154427818,0.2966262451325606
3.0556966454087435,95.28035419412488,0.1138924410342339
2.88060030263672,113.02557641582216,0.4687365750530279
2.9019297288789603,108.45536894343527,0.406567985697479
2.8804685981887332,103.16298929673762,0.4362669322297434
2.814543942638816,101.92897105979492,0.4290722588693324
3.1560789076940177,101.47141650262657,0.011943106505323826
2.986305476529192,105.89824625803743,0.10692156234902479
3.031470892482768,102.30701778279604,-0.023010810986977066
2.7501712942007517,100.21269424397316,0.634221664889034
3.139173496997619,115.10295172504928,-0.16795796511634714
3.2230015416874562,117.18552063843542,0.061021026102933924
3.219031760152137,113.2604064094864,0.0868496970931268
3.052175020790183,104.95475038606774,0.37325325318918523
2.753436931460877,100.44731218617221,0.03938126281047775
2.6830333148274783,94.55364147772988,0.045852819701716924
3.0276368798170683,110.29933459981275,0.5084983969340547
3.008772373882421,107.88235193541101,0.5291743681967314
2.9547330532418927,108.20409512882314,0.6594839786147813
3.2571835418653334,112.13896594948032,0.4111045614610635
3.23320371880257,111.05174373427931,0.42071076595996254
3.2180710080086343,111.47665032359532,0.653089047615895
3.1203036420007315,106.50666066145037,0.5540935605994783
2.5907938685114713,99.83867489676237,0.21493640167774286
3.0279711332058756,113.41259572192888,0.3287079537866839
2.857777473357753,110.69156823031548,0.24532767045725515
2.919308449070438,112.17392878431916,0.3731512941791465
3.222137993154705,110.21895889907712,0.4575456089485153
3.338090044784468,99.75704969000932,0.041987057493794125
3.269342341086509,100.86964300469491,0.09620098826960195
2.9057138464655803,98.28929115915372,0.2376514726518198
2.583488227944865,91.46251492148453,0.3610098571589983
2.9624958585862706,112.15131789380327,0.2917437956564782
3.0119155253245387,101.1708297268107,0.09358488072988658
3.039298280455956,113.08881243048816,0.29039226984739747
2.644984908039898,97.45293655994564,0.24210132905798643
2.560418545654799,105.19181000810346,0.2698052183522299
2.8099269776358264,108.63015480012707,0.38488780438637993
3.074510256674196,102.90973786350963,0.31510455861208336
2.757030565331537,99.24537335340965,0.08665908707566358
2.9845300148643843,98.66792796831018,0.018833163508430714
3.2627401612471534,118.0977721637636,0.24960394311568548
3.1774189065918645,110.85288197285091,0.30865122563618896
3.306177105434542,116.94041889872207,0.4773906844508757
3.1564839651913053,109.62619312278215,0.6283799379232783
2.691800005991538,102.81740728277917,0.6924707339319162
2.7178486812658664,100.38840451827701,0.5226911386504435
2.465355722857471,98.26365155786084,0.5126096097108453
2.4553197534962736,104.96856649594785,0.557614137896595
2.5430980354950905,101.67528281303389,0.5911136640843181
3.187142498559989,110.07294967506252,0.1717905398622143
2.6060211614687954,103.65929336392418,0.3665119026574337
3.2336762358467768,111.30818027079819,0.12019036411672229
3.464123208480674,111.465023684458,0.15497202364628335
3.5124590689904105,107.61520148097445,0.13432954542401015
3.5661479679169172,100.19505113344266,-0.15066332419947667
2.9326082375272478,84.8718666637878,0.31124053537696894
2.9313068662841077,89.47079155347626,0.5217832669228051
2.8578624863038598,109.80460177972734,0.24357121324642086
3.095412229950988,108.38532848048106,0.3043957270572364
3.109574205091584,108.08173473050721,0.5583197740323277
2.542042525027356,100.36058872431391,0.08733768111057615
3.3850060499143733,110.55800020112311,0.36392054039767285
3.491288430520055,109.86213300451793,0.35478791245338265
3.511462184223768,112.52200858546564,0.4150749081806941
3.246493030857438,116.5995936297949,0.2509448168898389
3.085093107148668,109.15294615344422,0.09639392527902227
2.9523983944116954,95.74767456980379,0.23527505906203094
2.9050441195181977,98.41291693190081,-0.05410656487143615
3.0418100306534117,97.12681639898615,0.07491219045557386
2.7569440751328194,97.67947354745212,0.04548843394936731
2.9845558432515644,94.80625897591233,0.5598188825602873
2.7248739738027665,108.93858053263388,0.4766137310755384
3.1957512814300904,109.47073858919944,0.42311348823831557
3.1598293731915983,114.24630630114055,0.44245922803615984
2.771814870269982,89.47697883801166,0.2834325730628483
3.0022808790992395,111.38351764395951,0.12009068402699082
3.0296659235126566,106.07901628262368,0.30312306256529753
3.2784523531646235,109.1963095086754,0.23701421811036183
3.354246138062171,115.63970842567225,0.3021962371856222
2.2953527153074784,96.73566498118926,0.36474565286635635
2.5840918998790343,88.77577231797756,0.25652204064619355
2.8190668809312585,92.39568099249581,0.29938753489121694
3.3546035234085076,92.04618952938489,0.11684459397851284
2.6528957114668827,94.30191302739743,0.31264824656526363
2.992908593826232,101.87136486362724,0.1999322480100291
2.867496844190779,99.68287545209108,0.19839560804024706
2.3142581643897353,96.28172615171486,0.43433971592306064
2.4272824904789903,96.82430034303299,0.7620546151764438
2.427129520353769,95.83276808816814,0.7417436862183898
2.771091338595955,101.90710889788735,0.6864042743752473
2.757149786502362,102.14962373651187,0.4874442193430315
2.875935557871801,98.69451278897156,0.42109883961335476
2.9824445368825043,103.7938860072918,0.2431048157690882
3.258011711047985,110.71748332853285,0.13298550869365938
2.5596644195788585,99.59345729126815,0.26606803156499587
2.656963836415601,105.3346139134883,0.28375938623062863
3.085499251609667,106.92232401124379,0.2386291975370894
3.2013536466776755,103.7362039998628,0.028719335223036584
3.250743752892797,112.66419248203593,-0.09676882994598042
3.217861393490173,109.50633837568402,-0.16066017513966632
2.9039499754126465,103.34949282588558,0.07072553499299601
2.882544239815797,108.0967661967729,0.08221807244109815
2.5034354766184075,94.78825882717909,0.488572424597938
3.354856561074579,115.8084021954316,0.07970047171457141
3.379238556487059,115.7884258684185,0.042609742534823594
3.544256824703058,117.37966802883973,-0.15715591813788837
2.441118958787664,99.03505703098519,0.4210296697168954
2.4495054712662623,97.7991465718751,0.49750200695520225
2.509080261122841,101.61043323753637,0.497378649485992
2.435617384306863,103.8837703212603,0.46491747160544744
2.5228857103754723,93.79243503558988,0.5112555612561458
2.6634963049255798,97.5660177968059,0.521348569073053
2.761594896236669,108.17979090454415,0.09404781535138258
3.20351291332486,109.4880945089667,0.17463771308953802
2.8836692587446113,110.69912292851592,0.36396462056526435
3.0110618068072323,99.46826454252542,0.2665706240812139
2.536115769739053,104.25587553693143,0.2867359027530399
2.5425233769985334,98.59668586768423,0.40234269665523914
2.8327324207645743,101.05448881803504,0.3110157695913699
2.8943416121110643,99.8058286025,0.3425235435505388
2.968054269876522,94.03125835007464,0.2749357783044353
2.85870030621699,102.98528180226491,0.30967000747330825
3.304960501054866,99.34120233303675,0.2590565150142533
3.0091763939991845,93.48983636321073,0.40506660881983503
2.8869327324738037,94.63489191948575,0.3588315475252147
2.858593865253308,95.00569588899148,0.3683167649044448
3.37154465276318,115.87598365593654,0.33766397888633876
3.1711119679962065,114.55075670308369,0.2626719457615766
2.837256483611007,101.31414917721565,0.3259949070934739
3.1227614792402014,107.16655377100581,0.24047775588937087
2.6441679507133595,103.42654076304609,0.18256497907186814
2.634507656025133,99.70980495566789,0.19985827931191052
2.4402549082339915,105.16817972418214,0.30988458723287204
2.4402549082339915,105.16817972418214,0.30988458723287204
2.4402549082339915,105.16817972418214,0.30988458723287204
2.4402549082339915,105.16817972418214,0.30988458723287204
2.4402549082339915,105.16817972418214,0.30988458723287204
3.0166701886059117,99.34358294421962,0.43444173280543213
2.760700237799631,110.29382862081292,0.25841438505357756
2.697260745669657,113.76799584958385,0.2262322014765194
2.7289857490548055,112.41451435399016,0.23578664140145694
3.4089748305715286,84.30012850776299,0.318346039062437
3.547565859272545,75.77194668832024,0.3338917715848105
3.368230177472991,90.94881303475991,0.24218029942541447
2.972546862242845,105.52314689783437,0.060347312150201275
2.994157784667802,99.61196779337672,-0.05022713012058476
3.0423290536763594,103.28135473689208,0.06791944170739697
3.2610133820038003,117.36534455677076,0.15349488939441483
3.301021551218673,118.51466523090038,0.1542507792372151
3.1796918582644698,122.85044473389908,0.2821353290348444
3.324056342428068,118.45936887002796,0.2029649050634482
3.35296299378372,119.78869255877,0.3274608226038563
2.9603335044612544,116.05913860213701,0.29144813843241374
3.3852652774739016,104.88286122621192,0.20426278449242255
2.3336523158302183,104.87852764151295,0.13506606131469753
2.5507740614351815,102.43123900031947,0.07979223428553381
2.668702060287267,99.29968083064368,0.6433156047494518
3.913878041416634,129.2401741093668,0.020540862733620973
2.4125858284742816,93.77147144985882,0.5220222962979082
2.366811019127346,95.26170468583702,0.5002484895095946
2.3772022172713534,94.88162048613549,0.5216026851311235
2.7974501978260786,108.11094915821819,0.048254669033177454
2.8305594429456997,94.10024325761366,0.40998318758403623
3.002719985991596,104.01721602137994,0.2598898718260273
3.003287741622025,106.23424198358826,0.4029167760063241
2.776980982335553,110.29028633111507,0.027698463294538882
2.7465941765606554,112.16332842486277,-0.023087499304496006
2.747210928389845,112.33400150570606,-0.013425371924355393
2.708251096349869,108.90088498174518,-0.07632198506318555
2.725870617736012,109.93882253580236,0.0921406099058159
2.7559673368319157,113.20923966360625,0.059376736719333835
3.2649918521489596,112.04023510355822,-0.05584517611302327
3.0072085389062924,102.14424257860875,-0.023027863629052008
3.0628669116448446,104.58079070030824,0.022980884291919516
3.060398775680039,107.06531583692083,0.09162886622649377
2.7527801111963432,104.88438278447927,0.14209273034652253
2.6788306977354606,105.52506949747736,0.15904879254591414
2.973546200597917,103.85100015612979,0.3324803565250968
2.9250789831308017,104.32315255502252,0.2896117392406403
2.953175387429144,108.40021236476805,0.17263066257819268
2.9414761102847122,99.7377202925375,0.14638946705983868
2.8943773301171927,109.10593342653421,0.026706860659563604
3.220991250181147,104.19293621081492,0.347060731653594
3.0393693895060614,117.57363971819747,-0.05791854975459656
3.447583244476591,116.6383444528726,0.06509045465873314
3.3323976712111154,120.52596412496587,0.007492768467401063
3.1738250733620674,106.50809261379307,0.2890062665104714
3.100519892066946,102.79321283521382,0.49055704552474483
3.419729521360625,102.9179382318897,0.09810511188932025
3.2749253982519577,90.23874068832426,-0.08863270924349573
2.932192852815164,100.1213853319563,0.25550072182956185
3.3761596229940403,112.24652982640767,0.16916278508872926
3.489200536560727,110.6021532164477,0.2403736380875596
2.6554064691272727,101.90489854240131,0.17026717964735533
2.649297425866872,101.03634385781643,0.18844921964470823
2.4534663054637433,101.48978962927713,0.3806736311730663
2.493889843750069,102.02679363597677,0.38185313709323343
2.503607503983641,103.98971117520793,0.4240734805745272
2.6804832447368594,102.59271828011836,0.31378092712499833
2.482601077606049,106.56989457285502,0.4056258852181409
2.9848594916219735,99.01485647867781,0.032831992169399256
2.920930515672521,90.14392177519551,0.16636108552633364
2.533931969852793,88.16500466954443,0.3927325749794074
3.1911631905333917,112.58776435387315,0.13824083407857413
3.2005236707523173,115.7478546610047,0.08872288109521553
3.354202418401283,118.06914567075586,0.134693908576867
3.5204183942170113,127.14919536658046,-0.04944419602099351
3.5158662597272548,131.61827020370077,-0.010655936833777125
3.3008910966714056,110.10203991167529,0.4275478690895613
3.217107764181679,110.61927726252861,0.34877780782246687
3.1193661980357437,112.37428616392549,0.34471868004125095
2.9825472800642827,111.25859262695455,0.36871040678549283
3.014917321059722,107.6710681543788,0.2479054960672166
2.509675680180309,101.5623117149558,0.14909747324391315
3.0783663584512446,108.57788611626154,0.23047382321281903
2.820085324522175,106.84637509265862,0.4900928535677707
2.795438028332732,104.08743650201293,0.40921177364846156
3.2220150942597434,104.59217884821878,0.12090079267787734
2.9923491091608367,99.2024789204853,0.24994834265963067
2.988967518992262,110.20243203944335,0.15851060364046957
3.3104805353644577,119.90969186530894,0.17225218431114286
3.0984788416484648,106.95964053384677,-0.012972415550534834
3.223517098463418,122.2275386247286,-0.07448545905447998
3.2452185918747185,107.6974464691209,0.42749650029608516
2.5861208002132607,104.9401349699571,0.10665693712297061
2.620063235721169,104.48180351564156,0.40155836675311407
2.4798148702201996,94.97826035948623,0.2953227058310984
2.810561750764036,103.50955181715652,0.03133846180868125
2.667946107353327,96.37591761853841,0.1806448332936925
2.4848568126481414,105.94978147907447,0.29063155522715095
2.2990910280191295,105.34459020605689,0.2890982944074073
2.2967053123328753,98.53424567880103,0.2571280705169855
3.4346559779155266,114.92399829413316,0.3354307296065408
2.752921080724308,104.33751686087375,-0.10580653281421398
2.849318352314982,101.83958677945104,0.04192663778360541
3.1598778609933786,100.28673684318366,0.14205801860946624
2.8561034149045903,114.54829632471814,0.25616111763870386
3.5922284040375403,109.25719748232457,0.18759414146684603
3.0003653372750554,112.17095918222765,0.10079338690521518
2.8326640094268214,107.05533000650716,0.1482502374345848
2.8195911058211043,98.26760587033148,0.12012546807914352
2.9873213428814527,110.587732236093,0.18037233117633034
3.043350103965979,110.95409533502597,0.24381022693820453
2.868846858704431,103.81015931907079,0.07815963536391744
3.079230985381059,98.3530147314392,0.39120926545590395
2.435142254204122,96.7894200225479,0.26085794181472804
2.3272760508982655,97.29717833389182,0.3236968202496138
3.280824035679301,113.94512628642339,0.16471079818394582
3.145938146251268,95.3141879461494,0.29654706824230176
3.385662335061541,114.70685984477677,-0.10640554243533214
2.9896093306804796,111.64513828010206,0.12521805550389767
3.0983691700130422,107.88453443666873,0.19325540886030554
2.859508678348625,100.92284580111301,-0.048414912693167084
2.88805789776745,99.88051938997926,0.39339203540784984
2.8532325168660755,97.73581936466124,0.3359064014348644
2.925315135622552,101.86351441353872,0.46532753190047643
2.54067220095432,105.01848922443375,0.33487049815029246
2.427027511315632,97.99864687849559,0.24010037048839997
3.396144532422419,113.28633991408475,0.15689195669709172
2.969724507073205,112.75766570661422,0.33958497495432366
2.5480210840681923,100.04652454644689,0.23699234686348367
2.588329640226226,102.27597506175007,0.6890677496635431
2.4236521395819772,102.37863282288659,0.3261274856296739
3.334322077870321,109.07841002362866,0.19933035569381774
3.2513298333581924,105.38950417775835,0.016454298758194708
2.6209801381095605,104.7525712926192,0.48556864050467713
2.7096643524119,100.22256547976875,0.46253700218904614
2.735059199266092,93.45228614501593,0.21910084153909617
2.773999558503794,95.1808162745585,0.19672819733033645
2.7935141449563585,102.87543173080122,0.26661405221347634
2.7988505387292544,107.2557442462473,0.23928458115970636
2.8749459946268274,104.58909098825289,0.2368112055665972
2.5534737539222645,100.97890719481933,0.31519319267079304
2.5984922023212915,101.1575675803141,0.3363429454197846
2.457932791392852,102.47560310054078,0.2041798140919285
2.730394748097035,107.46188647789407,0.19279497936090664
2.7349815147930254,99.64170413211177,0.35084687103818907
2.793277725248889,98.1055596790348,0.3568516844255701
3.1924259038758933,117.32129783338314,0.025921551831835952
3.2175862047673736,116.3243710576328,0.01856404364591163
2.8580881715771476,98.06303852196153,0.17942067552751798
3.2691757990929813,113.92694379117296,-0.10791080926325217
3.0376603830673146,118.92832440986976,-0.13465932338736963
3.312324923322962,115.93266914689285,0.21407186265179953
3.0495738392613054,116.80561524429747,0.25147088121151084
3.279494545551984,114.50230454161716,0.35369278635144663
3.1249280643741564,107.39113446833618,0.26672759222332626
2.8620772677355384,103.11069597866087,0.507123313247263
3.263119423761587,117.15149587378794,0.22328777125288593
2.9287754809072664,99.33387689741872,0.1902928519876676
2.559078476736933,93.40483688894324,0.6373691876533059
2.4617526623108854,94.39865596903878,0.5957466601173903
2.6522966437656383,107.58728478699146,0.18789292841535016
3.0863285891613295,106.72920546634843,0.3278400088209026
3.2248579958076022,103.08128215397646,0.2202270783737831
3.2313891102719077,111.5640765404231,0.001985219171468877
3.0132464978955595,108.76599059200852,0.1928986823159303
2.723358700145806,102.76514014337887,0.09121440895586647
2.9968963452945796,98.3865947719582,0.3244351487685047
2.8585339444844733,93.56455887013541,0.2973438238571746
2.74769683102655,105.57581531612925,0.3738937756692716
2.684461482173089,100.7103581350177,0.3336356277502329
2.925855248121803,103.42833351231177,0.5088140622231853
2.9954744381810863,104.72129334477525,0.5003947462294464
2.636199390621805,104.87648553394054,0.27862451648879466
2.9021172936660813,108.89012254614839,0.35131639096077383
2.9180490270281263,103.85651221720791,0.5068651327101462
3.146351632527093,105.47018671068108,0.007817682834829521
3.1491183433282,104.96956868880383,0.23299275996147364
3.1825755611984925,107.13604676315757,0.17235586431807692
2.9715445805803546,107.48508668527985,0.06890118657268661
3.1332985932388735,96.94807660238354,0.1591217745486509
2.7734443536773514,102.47995704153999,0.2410576622324612
2.838249994775603,106.41576798248988,0.3589901581725964
2.8070622391457647,108.05952973882728,0.3581879078214195
2.9143575517231564,105.00822363700779,0.560734406468335
3.2077280090551366,113.07484978639091,-0.11737439747360877
3.172411603067829,108.70039886985064,-0.09007666070976096
3.1876783386841847,107.19814997804372,0.29543003216709857
2.92280814274244,105.61171275447957,0.1939035949376555
3.2240499272914334,102.96377129512362,0.006944563228919731
2.628710437701547,106.43219983279126,0.4394911977035421
2.564883617033863,101.47974903901802,0.4938903847263748
2.944832470184847,105.66799740164318,0.037867521372629005
2.9139255020562387,107.91845602840321,0.019403738998495623
2.9042752753948595,108.42263696977157,-0.01554826268715794
3.1825229639536117,88.79751834905942,0.3394336877421377
2.6939272970408465,103.75146876063683,0.11105698784695195
2.6096490672389554,102.19511786509882,0.4336125457089362
3.268581699138961,112.88518239231693,0.16593594955891447
3.169464588507479,112.02831224861686,0.5828223888046968
3.2895845990104875,106.40238867559773,0.4865804775205633
3.279422696728218,113.04858911379478,0.49129050785567213
3.1749598575262574,117.38653596435579,0.35496012125310866
3.2551346067804765,117.39095906740587,0.4346727455482184
3.479315468812319,109.24279163036306,0.31898963693322385
3.1650638448682265,118.08615816990365,0.32783149698348607
3.270059489639146,117.2843472848805,0.20030458286536748
2.751414667244306,99.84642777536793,0.18541475550318073
3.002902977365509,99.17264010214468,0.49896140206316425
3.2069998674087326,115.30281033843957,0.07670286457986168
2.80153550134981,92.52513456968047,0.19939733694602269
3.258274710400641,94.03699322866154,-0.05705816869874625
2.8874516531711616,89.76707237035613,0.4047474809416752
2.9464401021561017,93.84937437810825,0.014897852084196334
2.9379984017879006,97.72003611227854,0.26001957388971586
3.111907560039668,102.48938295716155,0.08928983547196562
3.191652632250647,103.49337898268342,-0.06324661988696265
2.5334877736454926,103.90852306560451,0.5120108040779691
2.5334877736454926,103.90852306560451,0.5120108040779691
2.5849298592126106,106.21453001075135,0.5327485663294932
2.7221703202990746,99.28778444283884,0.5549653541728025
2.4907687587700225,102.12381323207087,0.6459086347475873
2.7079311999030957,97.75494309378517,0.31816766720615636
2.6717131100557996,94.51464695786478,0.31597973599284657
2.8459520446773596,102.1686511858358,0.23608098805395017
2.8359292656870294,101.52705295211895,0.2927300362344409
2.7294575578635114,111.34172430767956,0.28370750625232805
2.800274663089816,110.60307689890114,0.2844109440730167
2.9217511543448187,103.73057702954335,-0.01998037634666196
2.9999472389085238,99.51646726031397,0.059432275022753146
2.962725314992358,100.90807749787625,0.07859787571776733
3.1639487631159415,98.1609463622934,0.2349853183178452
3.0772237467972356,117.37242548913781,-0.027847180386120603
2.9699484156908795,117.55732901407846,0.000526622326849936
3.2105569557662794,101.52286482076302,0.4220291804103481
2.4978159330079754,103.9302767031368,0.19289120011429656
2.955950344989517,95.77460892932042,0.42371773179651717
3.117162637249174,94.69715638442746,0.21994379788456814
3.225916772877475,117.80097536355122,-0.020931730635605605
2.736682268297296,96.09936776989476,0.3919702091992833
2.872278189577436,110.92543093953641,0.3661275959849228
3.2932249104510736,105.48612111255515,0.43391769141285974
3.0648847281859415,112.9965106014375,0.1266342935425744
3.040625526440643,107.60442167385831,0.30723192475801203
3.118374622775,108.2613450598906,0.3212979540018702
2.8858962705883284,101.92574815292006,0.09139256270412646
2.974884077527859,99.95621849975845,0.22473494954401044
2.7623574539926454,103.98832303154661,0.07888796984913163
2.840643205083954,104.48320588556709,0.38099243249070197
2.7163997562758646,103.59661185246397,0.2809912338997034
2.66944366687685,108.70760554915093,0.3160733513759447
3.626048425947665,102.53280037610917,0.009943782002675946
3.1899915343543634,113.34744398611409,0.14880288768448918
2.8066346292373736,105.31448731522124,0.1324734614438236
2.8307411671371874,103.57598871829536,0.3845849691644706
2.8031241823547477,108.96794434153448,0.1904065592885998
3.0821228822181124,104.03413794944989,0.2543233904223588
3.4763598371698015,93.81989346067483,-0.043513223139681693
2.9127937452934507,95.21771408922102,0.1895257451296568
3.207238983923873,96.08426957042734,0.1722851607841471
3.0526862781670774,86.01220027750297,0.1800964504134955
3.369565514859074,104.83440456103475,-0.04793272500387423
3.2150363710992678,122.2454337828599,-0.1504684573698596
3.5494786716320115,121.35566742938177,0.015731881861972774
3.6170876167139063,118.38888752164087,0.0028360681160489913
2.9549324820207308,111.82743537741635,0.20102613272685652
2.987941700865751,108.37718230468423,0.17393124941809604
2.617683978657579,97.5110342248569,0.5148936286705829
3.025698737760012,96.41167360598199,0.087808951700245
3.137335218982134,104.3047132674724,0.45977491510294666
3.146773176593337,112.89379255125087,0.4172218722091692
2.8327433414095657,107.23264682817191,0.2188207073469579
2.48206552493828,100.03201651149585,0.392704264584385
2.368678795544468,98.20828880218265,0.35766027286532237
2.3370846345865415,100.99441410722999,0.5007905089887523
2.2650184596420524,97.84921010802427,0.509146640766724
2.7489497303048824,99.36147567562995,0.49452974786806175
2.9541894169606464,108.48183110153747,-0.0025924448220336948
2.69212206495912,97.55527145899597,0.21826042847298144
3.1999982871303514,101.01698873374352,0.1106366925536289
2.8774407029944844,101.66765763814452,-0.03835245949860657
2.9628103711160594,99.43191451088022,-0.03843317092837779
3.0890839108460044,111.53949106125025,0.42049983901464383
2.959544734923773,103.55161438758765,0.3176246790599769
3.0419530183784422,102.59134618010324,-0.011086823289761502
3.023722591555323,107.1542969611323,0.3067721391913391
2.6921166220585437,102.97732177093236,0.3150192159398832
3.2157209443974906,112.19470179366806,0.17979078176703076
3.03729262621166,110.43630485066664,0.13134850628053563
3.285929518851179,103.48953427500909,0.13049927138662645
2.8684012589126753,109.08482536347884,0.29664959658562934
3.186645482999551,105.28127450821617,0.31503996055037387
2.5461389218821058,102.20129725823627,-0.017018147129077017
2.509482988343029,102.8965287349053,0.055027236256330846
2.7356529259440623,103.4763972349944,0.5719282606759751
2.782663412776566,108.11154513013864,0.20147248800945716
2.953417088013054,105.5084984657602,0.3012197198193125
2.826672475545156,108.60936013441797,0.3065892894001071
2.9946951655621983,105.65476953901292,0.058352429866732225
2.715806451833618,104.64935331945192,0.21353305000888248
2.7682588262557166,106.62283638120127,0.06415291090388668
2.862876310937927,103.39046192129153,0.40136224533524734
2.980523838332459,106.7792861509235,0.4884740533513599
2.904458694544212,103.99642496129975,0.19123752722637175
2.5540323637501023,97.27784276709714,0.6058434177717616
3.4017819473151767,118.57153885075917,-0.0009682237063861842
2.84299980584161,104.87445147106246,0.3804795195531147
2.5623443909818433,104.28348707639005,0.1846545676123085
2.661774559507416,99.22106552399796,0.14138802480797616
2.8603886589815666,94.42019601755365,0.3299599849907392
2.820302433021013,102.5072064149347,0.15381448160360384
3.0617437936211953,104.97077209595902,0.2458756747343164
3.250513066239997,105.85175085362712,0.3300384812946074
3.422560097983496,119.03647750432336,0.05572582377067008
2.9552074164881237,98.64493257125606,0.5765899460038673
3.198220563330535,116.09388199665868,0.14963879787873424
3.177459020319491,107.83298769646413,0.11203536792862792
3.4358721099391447,98.51102856084994,0.1123097365667646
2.9764028578431803,94.7426772418595,0.13230511738621906
2.7562815005073906,108.30495175543888,0.44539269675697246
3.0553126724356745,99.14681981991471,-0.039240514440420336
3.1746286159951977,98.78807544337127,0.27162099985099974
2.860804979722556,98.38505378787784,0.3104218143980167
3.426571818762566,114.61634248775343,0.24069751929032768
2.714783531266951,98.0274093866785,0.14822305758294457
2.73416445791871,106.7360743116329,0.1881810319341664
2.8025989110197385,93.91453079873565,0.2640175319377008
2.9596582220873118,109.00066271812526,0.2897357627389722
2.8561102292187672,112.4546039865614,0.3397210217195007
2.8943694909033404,108.7649845146781,0.31619333125016713
3.283252569428527,114.92613763030793,0.3364007840473153
2.847719852549487,104.9034102487021,0.08075536012266067
2.943833009370713,109.88249410913068,0.1605737788880243
3.199373053486588,110.71220383060019,0.050360203910116225
3.25654202597019,107.9804048747069,-0.0004823575327518178
3.1679049445745884,103.37399674672855,-0.18055490683662143
3.0637470124594945,120.2035268027014,0.2538330067585786
3.1022443925739385,119.21224120070197,0.24448466380763265
3.2142658086603726,114.38607217582249,0.24780573917890036
2.552879226371509,99.04224381733353,0.5704024120485446
2.537464841138906,102.22448176979893,0.5389454980816116
2.372892285706643,99.9843596575113,0.5782777514037745
2.481372843430703,99.06924014504717,0.482115774936549
2.70528625950925,101.88609822431793,0.3847301935753812
2.8588681794811595,110.09018448292095,0.29734000061370186
3.0450587789653665,100.25003187400495,0.3141555773955148
3.205814292924263,109.25227015020526,-0.018871426624460064
2.969319311238142,107.25949926075094,-0.006949399678716578
2.6269404050891465,99.63460136729289,0.5560517676532041
2.3204287166273225,102.07073411928341,0.333769831144495
2.5773606037554497,101.27104995177277,0.3506695138538601
2.5670093338590467,102.29154610446578,0.20531055635150242
3.047615980799091,98.14859398185288,0.15614099224911632
3.434917099163237,112.50290928613937,0.20285579298765655
3.3479407517304334,121.74795268246648,0.4032739479267221
3.368642646489097,123.6483945469097,0.40364274700621844
3.5328965999333155,114.70778808527946,0.23518841882576114
2.616352689217351,95.80014081658803,0.5303870131297109
2.8212831996514804,103.65761534997348,0.18889039980085975
2.896285852947068,99.89321061760886,0.338816710836336
2.987207302980753,99.79959075131363,0.1141536476817812
2.9091061351245733,100.46399632195943,0.3131319662301667
2.8787569095445473,103.81914749929614,0.3477074332639233
2.9915620025453027,108.40871794085776,0.07803818149554397
3.179857809565406,119.17832085188073,-0.024841621986355998
3.4492114211999056,108.56981432607746,0.1587423990853121
3.1596219882030128,117.10301190914974,0.18036858192061908
3.26820072069877,120.0508750292404,0.19559886673769178
2.3635162287962417,97.6921300233386,0.2486461736844246
2.3995639474911266,101.00609634870587,0.35809029275878884
2.9842426685531724,104.17524548079497,0.37375858568637554
3.0448086187538843,109.78188007308144,0.18702438850460876
2.8701464790557716,103.91689606576368,0.16244826090241188
2.9448514006720057,102.82553597199966,0.2111164387802534
3.18170999381021,102.95751307019346,0.25447944243696846
3.2980592409448777,97.05584316359587,0.4325760324325866
3.142163600576808,98.42635466653746,0.5003026749532231
3.430268071024942,93.41893154023019,-0.006734368449573543
3.237700672418861,96.74692500927915,0.10456069401805207
3.0873224789320473,94.91594507661614,0.04274704459263462
2.7815787293353758,99.68445787094824,0.44313957267803855
2.810384464372077,99.62272014393295,0.12980107732349108
3.3807735604463667,96.0559284413708,-0.00026108294744731916
2.955431462380103,91.18733070443136,0.13497439142745035
3.6312280517926476,112.04715089906873,-0.07959973299109444
2.79860427113596,114.06775703450798,0.06799872564360297
2.626098354703565,103.11615051956674,0.12488699496373847
3.309571430556234,96.85179046162982,0.10126027831753374
3.328977374402787,104.14757063153765,0.06701202202575775
3.644001708211973,106.67071274391833,-0.02998257430964264
3.488574472229303,104.56693594124091,-0.07935406590754046
3.206891653097625,109.61599946079275,-0.006584269879454168
2.9799459666381036,111.60199495689805,0.1889296504994952
2.681817631398877,105.80651625634192,0.35817818318030525
2.7086230699751144,107.23643468140612,0.39237691787748824
2.8855533840361436,89.19474797553794,0.15869839534584138
2.8164506126843434,94.04280482101402,0.20283838636362866
2.6810719360911976,109.36849254653322,0.39650742030924346
3.0348290095877415,98.41255356470818,0.5255227713714011
3.067098304440037,97.72920789772373,0.5564675009361639
3.3082894440765562,104.8215770314655,0.3372131191893093
3.29632694318918,104.85479101380592,0.45445168078854187
2.969793331168849,104.80288812993807,0.34736827239465545
2.829173787743402,102.26281469879004,0.040777165126330624
3.1426590105039143,98.49678943549938,0.4212026573604885
3.2939690482032984,98.207614440591,0.4267864265919162
2.9898018474100554,119.6474937774779,-0.1361725154613761
3.513675968387364,115.2553502391976,-0.05785528563605689
2.669090118201961,108.69098936177754,0.07566666264635116
2.54886648585651,99.9332408946337,0.23521931695819148
2.6250867561306,103.11875482812708,0.4772182412365855
2.5619613882971803,103.65577390475462,0.47040990051302384
2.545658566445791,100.6604364079767,0.2582928612180856
3.078776749340594,102.43479795474863,0.2363685111021113
3.3040870132378544,93.76083444926363,0.17305514536325117
3.0872080310465533,62.82928067474,0.32847014079277587
3.698059810212242,84.10717071513464,-0.1629942795624
3.7442415851657285,79.03063517957118,-0.08837261228429179
3.3362785147811227,81.28566471384072,-0.10684468956578869
2.694986997226712,98.6670861803867,0.2154764571373002
2.597689253464513,103.5600994513979,0.31712745546407306
2.491891558054847,99.16613870261523,0.2800750214310016
2.4657544494092294,105.11218237660687,0.3014679849097509
2.47326046080518,96.10975238024993,0.4879738785531565
2.6906790770709756,98.14421384869934,0.6362269157687325
2.4958432243827167,99.46137500180319,0.7368996066940912
2.860404177039348,99.91151738740048,0.18823830652031007
2.734259059436089,100.28473425577592,0.4408975878490569
2.7343684941852553,97.6733898270561,0.2408477499358443
2.9296421169201285,101.54174424406303,0.039493162746161645
3.2912639730598237,115.73020616769738,-0.015509973589186713
2.853961233756779,101.66573008960803,0.2900893340131029
2.5101853191032166,106.60649416179525,0.37567005007472004
2.5717050805790644,101.75780186868357,0.37444959842709497
2.9528367745042643,109.1560552184692,-0.04729782181099842
3.2369342902574356,113.91704718539955,0.16868755946534847
2.9579651128696667,107.21292097998976,0.1662120847397555
2.55903030920997,105.69548061606582,0.29282580951410775
2.5266866945681192,101.73214942150874,0.3471947546852871
2.6819057499324406,100.47902410755863,0.2692254000738552
2.582142315881054,100.40698773594444,0.27420171832596435
2.7030573521998726,99.07080664212783,0.25742433553919014
3.1232460035969147,112.335172075722,0.1060115160944508
2.8740230596909844,103.01502247861939,0.18369043582044342
2.746091653893767,107.48568566708958,0.26172558112864525
2.6840378143191197,109.94839435840606,0.24375913592467593
2.9652533049498615,100.31078475930023,0.22127998650283776
2.8548825193487906,105.98641884290042,0.29507733415778575
3.2771339958104138,113.14369519843251,0.23631968285197735
2.9957318074211914,108.18675766064997,0.368489403310141
3.056119240803091,103.93372942209133,0.34014693763587706
2.931517887173143,109.1276693136388,0.43984646076232514
3.182485191246415,110.03748015734256,0.18107777095123728
3.421869214231459,115.96486245149218,0.1502872838945244
2.9444253529337536,95.67289329309061,0.32854190407403056
2.641701506360928,91.77290254453287,0.231483020239211
2.5737515235409845,91.70025910984873,0.17383172438240876
2.6972707494991606,94.7743334951695,0.1647994091167024
2.7644431049763165,96.62295689191413,0.23199614828374163
2.5196417757089504,92.55940557978656,0.27782365881624477
2.7427810814851497,110.19553362287583,0.17315462272709864
2.92124483483555,117.02927265671352,0.05769922496503928
3.1917031680443944,94.85588400173943,0.35546067141494775
2.4064836644455028,99.57188241999684,0.22675420054391732
2.572955452106284,89.73679477983494,0.23201416300136815
2.7523003920972724,91.62587075295933,0.14097680711232777
3.3473443671215226,91.7284547406571,0.08991227439544873
3.3808369718368043,90.60822750101966,0.11870270529939313
2.776029311041965,97.25843294026346,0.20302710105200353
2.82890631492444,98.80995086513256,0.6155785830620999
2.682891770235174,108.52257114037506,0.16947066085261947
2.7955720012031784,111.54967158271491,0.26720444966712065
2.831571209882407,99.0829361563591,0.324653160731326
2.5957443627729853,110.24513955091611,-0.00710348279292045
2.6768683210895725,110.04165792515683,0.1242728991753991
2.7777606593898634,97.41543605471331,0.2536524475267515
3.0501265368180985,115.77862939626459,0.05341344330637413
3.2298428175187683,114.0191479777923,0.23974532696415313
2.6378095993818347,98.90928259684075,0.17190146101771495
2.942439150272578,107.5043494083977,0.08074043363932658
3.3638157618999953,110.69640914756883,-0.1857677873444918
3.500517803335111,111.43282550556223,-0.1476387988902673
3.165474238950171,108.4261646165862,0.21524194998737584
3.135957853860591,107.3556256790166,0.19124558967074484
2.99074313173905,105.24751941145759,0.010501782156224429
2.570909996607027,101.84206812543447,0.26839198572223816
2.6913261975597758,105.66021484406183,0.23777254825980587
3.067000353617862,97.39669613545367,0.11290008398935261
2.5031507523891094,103.90301587563826,0.5227715451680452
2.5791594494323555,101.68903307010609,0.42507336144048885
2.6213701941149643,100.44650896936103,0.24674411944190774
3.0163540850604287,110.71127267850189,0.30411703705806487
3.235214068683248,110.35024027017201,0.32471262173520965
2.7061706253159503,105.9157000905781,0.2368956042903546
2.7343699463901117,104.46532951727534,0.20312974898861613
2.6661040460008025,105.78731346495007,0.16156180145296883
2.7333360741987773,98.46226359470589,0.5293197203396609
2.7567959018915866,108.94611866516463,0.4189013257320974
3.0036128706513807,115.08929615239168,0.24433856760352501
2.9258279411826074,99.63214654543417,0.35970498147241314
2.381447942372182,104.50905327848318,0.2601152364510935
2.8222514195025425,100.43224462595083,0.2943882751548839
2.6022828385502383,97.03926247375406,0.2765334941252924
3.0048435872195514,111.39664808079641,0.545751782651752
2.9173492572180972,97.73345335656866,0.567101998249241
2.818363565550404,97.63876332082343,0.5200782889878922
2.9180750579858197,107.1141588148093,0.5980947320904841
2.754954891568142,103.1320686986092,0.26492964057622814
2.9722066462885186,108.21502281192909,0.3738629715813633
3.2314696738634203,108.19191668098233,0.29269058332455195
2.9412995004895435,119.00605181311325,-0.06773505398810938
3.1819050838351273,88.6032475206261,0.2815852876753492
3.1346093458331996,87.31571038115948,0.2622528552308902
3.2938291361481475,107.90801098617521,0.009404864077858937
3.1504919213635496,108.88344145594608,0.09999546782644282
3.4483769007124363,111.07497276740705,0.09942138605913577
2.6470902589702336,102.44232411756175,0.22374891166417776
3.4330593411754546,117.48686215557451,0.09416115537685821
2.8271969340484864,103.04450369692394,0.2425045738717389
2.8672686289076905,106.76169047930527,0.15945096442232765
2.734143889545783,105.02166841252291,0.4918741595380564
2.534418522428804,100.78015289912801,0.41065260935671816
2.65101937910849,104.65295266554264,0.16921345090408008
2.611985583024355,106.43767215305334,0.26416511491253114
2.889677466407924,93.56755170889691,0.3453139035698573
2.799297171458596,104.8340502206577,0.23749071167802266
2.4606354958007146,103.51245926220902,0.3869597659217309
3.435810024600184,109.57409066414664,0.1976328850641789
2.8268917042640846,105.60003190072898,0.0796440950185947
2.817086721577532,101.3818851447808,0.18842250190124327
2.7255581490292102,95.05171524697697,0.2872560181542947
2.582800803650877,104.81917370546039,0.2598514582847579
3.4309755117369236,111.25467870345305,0.0616741579345448
3.453645609970264,119.8102220447355,0.04879489046586758
2.2768354619736364,95.74640906825236,0.2952068380748121
3.184654262356016,112.10590590331238,-0.15893066181944568
3.123927381947689,114.40557033044394,-0.0036401541730438336
2.9547464030149073,105.291420387331,0.007932837850627728
2.8888918306250067,105.51063393400908,0.3897596951246102
2.7871026494046647,94.22028879469862,0.2240978874047358
3.2418836966186384,119.39323733145694,0.03664691275728904
3.3250971221308228,114.2836203575245,0.13442621903051016
3.12505216270747,119.25225949758413,0.18178695290425578
3.14153701305269,116.22898192873417,0.1331031455600377
3.165742079604669,106.45168812315912,0.38945566174974533
3.2232093535931403,98.7505256704995,0.3618483313256857
3.125794119982789,94.78097237724013,0.059753328353969716
3.18147445023976,96.5527487487437,0.06294852641812425
2.823483753121747,97.45204249761422,0.31425626431415093
3.1492950780184095,104.84596385458092,0.22498091570376508
2.414772433112069,100.79360990609386,0.4186255232376026
2.400121145890022,100.69722798050185,0.28337059929349223
2.4929280464645793,101.74607190453825,0.3331683769839287
2.7846916844355487,103.43247295191574,0.38645722928214626
3.0410524358274347,109.44833268188765,0.008207951771536898
2.6766190899501185,103.68042618589685,0.3678087690303311
2.647142754481778,104.37190193969927,0.45280264296074935
3.027183669402592,96.94138503194809,0.21672018957204653
3.0191016107418576,96.06351588709151,0.2164736320457985
2.8223311374883577,102.46567337756355,0.21508163645929804
2.9999084605421404,107.69263792320392,0.22997225793238762
2.8474256102284032,111.87974915296329,0.23355194710376412
2.660843249579251,99.20609255634828,0.22928072824355053
2.4503592638853613,102.1449324614453,0.30045059045619454
2.874890712600719,102.56639064956686,0.3158465621235477
2.941571439194457,104.89818262787938,0.1851456600209535
2.898361355359917,104.46686898883053,0.109765604326689
2.7419440258972747,104.33653100719374,0.35838593458167334
2.767488810626785,106.16616973630585,-0.03550576489722608
2.74468389107112,107.58716491368128,0.030940169077865055
2.8760312111226805,98.9468687640933,0.13364886345719795
2.6930323540655565,100.97980948219771,0.36573542124988523
3.2529568237749147,107.25098928396997,0.36459849939017985
2.451584399377117,98.565626015277,0.06455593951633307
2.815103574356075,106.71869565073729,0.5291769931432391
2.7040803186806555,102.52696567645866,0.10782601848756398
2.9241131302052508,103.78643369947294,0.3924834730403916
2.9956773261377165,102.15821605596017,0.24150670518447076
2.6665624625493978,99.00126177880041,0.30535318161099634
2.725210663110262,101.495107338277,0.3030576556497728
2.7295351952946643,100.04370501067092,0.09890335335567725
2.6320089231956008,100.43727970499718,0.4652318641388993
2.5875343481582114,106.20857150891003,0.23537034545057953
2.868810455471131,106.8392035504402,0.31636145460566834
3.0675500786105254,100.9255920919103,0.09202189837904834
2.751703765812128,104.72399472793415,0.265432064188746
2.9224482313505646,100.96196571528982,0.20977327019418937
2.8147983820354012,102.46385374981995,0.34138353119024606
3.1964013667821076,114.64968811485346,0.32839952894716984
3.0909953443933333,107.70936077826974,0.014449470649898965
2.9510170608555857,97.0331455374613,0.5141012402295271
2.8654342760542795,99.57335681673928,0.5949724496038449
2.4826403929600933,104.19580382695295,0.2641802218814102
2.519619178677759,100.1996311235115,0.3223533332783328
2.426934644333956,93.82530463847996,0.5843065493555822
2.3752275126278444,92.97515008523953,0.6967332077090509
2.364036315068289,94.20249883932061,0.6998066967283333
2.6090966966616427,101.2992558020392,0.48947612088425757
2.418182801185796,100.38831710464738,0.565873139116325
2.7721739503456337,101.1517135169244,0.23759070882878086
2.878781405802899,107.77406574176607,0.1514724242842185
3.3301445361452253,117.71336253831579,0.02631608983900715
3.57941985797297,126.32900531124744,0.08776629555810275
3.0238927425130844,102.94740274324162,0.155040426538927
3.168363840127523,102.20293584163525,0.07627809463020481
3.0338580501843837,108.24379069682742,0.03951503812102118
2.8969268668529833,106.81253121655286,0.5083435385805055
2.731883148777723,103.9411017477484,0.283241305630886
2.7822821273122873,103.86276256907368,0.2791470568064573
2.8917344335647566,105.95758812224672,0.2532383380249779
2.5306031845328762,101.00773233830489,0.22607324515152305
2.654736782138762,99.28138219252506,0.2723384434141795
2.5677023202329368,104.02876863733384,0.28368039450599264
2.9013966793349346,110.55662380230972,0.08776954998790011
2.756615738211507,98.71726437550342,0.3179237126247492
3.5074538737736773,115.49250079713171,0.10358797947965234
2.6074966865872597,101.91404009740995,0.2167190785580567
2.751475228767018,102.04269645074613,0.2569477633007645
2.84408202439373,107.40653449954533,0.46161836340266255
3.3251126591833082,110.92320051116157,0.470992046054205
3.226131942851469,112.1336339132387,0.4786784287496453
3.29403152976625,107.93890282458752,0.2697574885994346
3.3729339167856343,103.07273498160328,0.14073295858284296
2.81946993068964,96.20619358835948,0.14253729370110113
2.88634667794914,101.21429912725762,0.10843695483826281
2.4774266349535847,97.95740386989725,0.6117803081996469
2.827610597979454,107.32491995779668,0.3372589986665958
2.769937734176712,106.09457276900497,0.16184932711059294
2.7761764346770113,104.88614465094935,0.1426674658847166
2.659973510548833,107.7673604602533,0.11896517036605177
2.8696546116961716,100.43991898851057,0.6052351714370376
3.052962039392563,114.39909484196548,0.18490566923955465
2.969411310590638,101.26642848573437,0.11919600648338714
3.1383813175782405,95.11729602319707,0.1476316556719462
3.456135420235178,87.6608365337369,0.018603651233482232
3.639772330489865,87.6761170231815,-0.03673344207304933
3.3350558301563824,91.59879272879911,0.1566898529285218
3.0286782094128015,97.28033678209644,-0.04171182900135417
2.9226549312757073,103.34424412391992,0.09044951675147725
2.941403301909288,102.40301514561371,0.053309135228398
2.9591230915998334,109.24528308621703,0.46054270320529567
3.0299698786538003,108.81939378618551,-0.1947120111262626
3.7909990861849647,112.62326407699996,0.011841682481647235
3.2032280188899365,118.7331649463049,-0.11462852185652143
3.493889624770573,118.00227042968191,0.18898759229830997
3.317537568575198,107.93094412811517,0.14634352498136025
3.2711560893717815,112.18527754346601,0.18134261974712437
3.0196825045382303,109.7446955146746,0.5353891999153977
2.9060497730291437,96.20872711814832,-0.019647505447605136
3.5184741431977002,107.35131406505327,0.04400460744147742
2.8449021468941864,110.3919993632914,0.12263406948125499
3.2920338610063355,110.61903374841008,0.2759920804695558
3.3487657102683346,109.91059172995625,0.2795803860736916
2.6877981696591324,99.03055189526172,0.1668771364889225
2.9446668470773676,103.12097776369082,0.048846593064968705
2.822155186723403,107.8506391563859,0.29971804786346246
2.88930021029478,103.08006274765529,0.4008396851388673
3.3069711269990334,114.33409821226526,0.2958773454615013
2.8664974649414563,94.88684304162847,0.025773019868797084
3.001524032039335,95.56323679250164,0.14536962218908658
2.993779070293558,97.88995108851586,0.0801725215544407
3.4654242709802037,98.67410631219202,-0.009864351987951108
2.894822607049858,96.31964881455026,0.39022468411947125
2.7359004249512813,98.45935225846534,-0.023901527868382726
2.9909376671227204,104.51604078288415,-0.0448170535404505
3.191490990681314,102.23787839014491,0.12862099386882467
3.232217425934848,110.29936932365621,-0.012285435469604833
2.802875919019449,109.38422055852075,0.2801257278573077
3.07680024050813,104.36980324940389,0.35595974643821165
2.8870588248543885,111.59515832757499,0.031276057650677605
2.616252749960243,105.67928562038769,0.3814405773736236
2.564734790413327,108.64879584262135,0.40384524641943176
2.7041886203051844,99.01727589340217,0.14487586781312425
2.6709769762086646,103.04886069273067,0.17541003806153863
3.396828080485474,108.26262023438211,0.4271062873686246
3.3906526442386005,104.63965195196255,0.29157244620993494
3.4085213981717564,100.5582327804182,0.1477710771549347
3.270759882352227,83.94579497896135,0.2675234329057092
3.052063863485851,96.40820456589057,0.22895048055357278
2.979404104297249,96.61801790419347,0.27018689069769186
2.6773132078705575,103.67925371764258,0.3208277955809442
2.8835661584499994,106.60432476608116,0.16757811107992698
2.8270223599228017,108.96549570800066,0.15723396278926827
2.8704424770148895,101.62849427057529,0.2930918116377674
2.792741881225813,105.6215485953861,0.0708142119880815
3.0215301157529946,108.84678309077238,0.10405291030710863
3.2998555453513574,112.53602386687044,0.2938093156672408
2.390854663197572,99.58593620631197,0.2801825062754893
2.5585371975419853,102.20728588958481,0.5565833809751677
2.6022342742824534,101.22987165118637,0.45489941598323114
2.552202340856115,97.91910162575594,0.47900651952167517
2.058147540125519,94.74616200746287,0.4022670895355073
2.9217367652337094,101.23512928093358,0.48064640776149525
2.948282321304973,96.68503424196912,0.3443558238706615
2.9552646651446763,95.6140356220683,0.06875879747723762
2.958768072681557,97.12721945697082,0.07048761615788317
2.9230697104399543,97.85432235308637,0.28047229088754755
2.873768065528657,97.54651844067733,0.3510300619080924
2.870744801514197,99.94341768915517,0.31913846505226934
2.942015507962085,103.16122302749788,0.17836792882069558
2.8945892911609956,105.14254586599861,0.1140534273889818
3.0838668953773656,109.6549849592785,-0.10543967654147979
3.008403244191521,105.2802749316706,0.36877199092110796
2.8808027973363886,106.49926812907897,0.31187722255483635
3.1648325793244023,109.45599645097981,0.03300832951453468
3.4192202567733965,110.09932186215842,0.034168752068268034
3.3445492328967314,119.4054733205363,0.19403737341092914
3.3299355290170736,109.33955300962029,0.1457042364826579
3.177546940797885,97.19660603208277,0.15136907834732888
3.222058792062568,91.76389548343234,-0.061920337449912814
3.1823083320202477,90.94965181496681,0.013759693708204046
3.0454733591644274,113.27544690990575,0.3477049939663544
2.9901789318423555,105.20959435122725,0.10315282881069557
2.6636252507808074,106.22250403228595,0.12134939846845892
3.237099071037963,98.35441808488677,0.2003833545867914
3.1148434815563513,93.2600982942706,0.16164254833753364
3.2369326418686857,101.1963895692949,0.3148933866494981
3.310180284737965,97.44313335157574,0.5301757809528691
2.9502810480231663,120.24154837380941,-0.05196003775048712
3.005548588635534,116.337403700168,0.011913911340819223
2.939318482061163,100.97857585765682,0.037871379531967675
3.161297967719814,93.12183536914844,0.0823986523898859
3.327978751455241,104.3552066674696,0.14686464180832148
2.9500949460161485,105.00327077877384,0.0695024172510712
3.487356101140099,119.83731548880675,0.03458176266097488
3.0885995764648295,113.53303465898252,0.2676526928130403
2.677781997117126,99.20605510573783,0.2053112974125495
3.405031291701663,91.42671696727781,0.13507084654712292
3.257670914211002,88.95916611423924,0.04399743246638945
2.951178254272744,98.6582645968209,0.16783941107633812
2.9961167104038213,114.08220621447659,0.19424171650004354
3.2615375773662514,102.88841262685456,0.20354268614764895
3.24819658858476,100.77384064120989,0.16232376514590288
3.552353421352452,96.70152190893879,-0.1081244382735693
3.408621265783603,104.50549676377163,0.10258146404286426
3.291911538063148,112.645693299869,0.18986653814743315
2.8454914257515482,107.73758023042755,0.046081125254944295
3.078713230857737,110.25844795210419,0.1467066469087242
3.220176446864177,106.95020546636592,0.16195304728872212
2.737282259339695,105.87812446894122,0.29617270866132106
2.7870908294333856,109.31080347885198,0.057852168745643515
3.0468793408336383,104.04287312330982,0.3848984020844699
3.2028024884859785,113.58210724657121,-0.02889062177613062
2.7242341828150103,95.14421603509167,0.4529635392202636
2.729660986330503,110.22084607711457,0.04788634751541704
2.900028890878015,107.03215869044773,0.022421014596642967
3.4110165327429702,111.01130328640154,0.2717599554589315
3.028625424147364,114.76897282459893,0.3051035586291436
3.173888924272189,107.81046248385462,0.022985376078174885
3.0954949863197996,102.53995518412312,0.3066078965221949
2.5416946185758156,97.61226267425478,0.24091226432739543
3.015070852242412,100.7305829202101,0.32692052288005635
2.5551698400321956,95.90564133607411,0.12259671947614995
2.3654379412178943,104.70679849783063,0.40374308256443603
2.422652242411688,102.14060877285436,0.4000754189483639
3.310520400243048,105.17763066235193,0.20123471596038311
2.3973711737751873,97.3793990550353,0.5386148201176172
2.431965632607269,101.99082853830679,0.5207516770697181
2.431965632607269,101.99082853830679,0.5207516770697181
2.6363774498801726,100.79084945904546,0.09962733286511301
2.5790883698049702,100.41491500684761,-0.0463616020073214
3.510855104944976,113.61177241707703,0.5003899544181463
3.025937122895061,111.57587529659276,0.4506684716852062
2.9600643096594785,106.082927222616,0.46378703659561427
2.934535220930145,109.65500057553831,0.3874350714155912
3.0311393442712116,106.3800969366217,0.4914334898514682
2.468525253588297,102.69622418447116,0.3008067159544577
3.1579660161912586,100.81413084964436,0.20943996455841227
2.8124719672280607,99.2839431102433,0.29461870645193566
2.6324203158459762,104.9326022019837,0.2744250214433603
2.7625498015523235,102.49346730369714,0.3316122263289166
2.9469442325840034,106.33037722008122,0.15616770604518754
2.967219244027383,102.714236923342,0.27806336355208144
3.321076634690629,102.5969559063562,-0.12669220609255885
3.3466662262026468,103.96729857217032,0.43089796849865813
3.1420808188014124,101.75523060378431,0.49995552685407196
2.551479171985654,101.75844577975954,0.23121677688503559
3.133234551937698,105.32015992724376,0.23758751588812702
2.4053131312404976,102.71551201025004,0.27338603380720294
2.8580471045226945,103.2055448064279,0.4993650754425145
2.8779574982068192,107.66993496744607,0.5968249803123733
3.309741198740149,110.97020255661766,0.5443015870194627
3.133671268465706,110.02829415702453,0.3649646380875861
3.165231611268884,103.7748657866814,0.49021231026563
3.2399581762518155,109.7848460407055,0.30520142951784834
2.5429235195258437,97.927489343647,0.20365565156290955
2.5725834486766606,99.67645898157784,0.21733453219401613
2.8829058308409294,107.51478765357466,0.43685998128474024
2.82113370468524,103.34126436487713,0.4937966470581665
2.7825230355017427,106.46949294819653,0.5124077713522671
3.2925211611093097,105.68461455630525,0.20606833617418427
2.6065544703061416,100.5878468356463,0.13060968176190263
2.5163600348294506,108.83085898801036,0.11923377945590888
2.741814043096731,93.66053677854916,0.39029355211045813
2.7326292631708027,106.7026243726066,0.10496360068633273
3.105486560915486,106.36740995785132,0.07015249127290218
3.3729299053982724,120.28487194365162,0.15524307288725334
3.1757480045835864,109.94619917637436,0.2526348874477811
2.4601708593399474,100.83096060920059,0.5348039321773089
2.922263604929581,105.46802627011782,0.16341400809581322
3.1522899493699867,104.60304928356096,0.379688726121991
3.0044743598885497,103.94235443606856,0.2971789241867177
3.2037455492080835,98.37467545139386,0.24466505738493805
3.031867070557266,106.57046414314145,0.22118368991708012
3.4288868299572983,116.25648435772382,0.22148301490630307
2.754592956670753,97.49290380348381,0.18706650794217025
3.124761002222567,116.0710772900088,0.29711113690038554
3.2496103639233382,108.58814179853896,0.34166512864222803
2.7933408402021076,110.16962082467732,0.29781867186027255
2.86875510310071,97.33158091769735,0.35551691373985017
2.7287122181349943,105.78643979526277,0.2960550890940984
2.834784265907822,108.9287312467145,0.1296761703040787
2.7661055191543484,109.1510736087564,0.10980227074457102
3.1614371634965464,100.86161400345898,0.15763749109302572
3.1415386950796487,99.15962546902466,0.8070674124651261
3.363814086269508,95.55683106680162,0.6278141197168864
3.1817370638146394,105.45724246062204,0.4662256897993395
2.888497880422155,104.1127427041861,0.006804014592206024
3.585760841250024,96.9467836751511,0.016721106480375187
3.6345311208940725,95.57532755358314,0.07407278530263767
3.6853012185442213,103.34643198496782,-0.1969160843435485
3.336847921200413,95.5891941693947,0.04012873606645062
3.091080292764613,98.12925462820192,0.04783007811114134
3.1412431718608707,95.68083069984856,0.22612325811506648
2.89637538070737,106.03324989934833,0.14462860064468752
2.9213700120450565,101.9825118607033,0.11344676080342907
2.993410839355282,102.9514760333951,0.20669915408843995
3.008322332663268,110.0326855474778,0.0328232157568182
2.4790563482045664,98.6398835999477,0.2663936639437833
2.7329550967229483,108.13493403783629,0.22571196786043835
2.8914164600197614,108.0037080359982,0.19795465059694395
2.9720318224352513,104.74921395135195,0.09091040546932329
3.118452897474894,107.9551298141047,0.2375390746654958
2.9579947736125627,99.75105636799636,0.10777639804807519
2.885781498932536,111.2949389643665,0.30904340318885354
3.1231869371565355,113.61749269675283,0.1337261756460021
2.997838782324769,115.23911689525511,0.06808572768694215
3.058813282843457,106.45724491642369,-0.10278478533967085
3.27674796862886,106.39742689566148,0.1816249275284943
2.5702854698781743,105.57238103895563,0.3644774626621233
2.456867595837463,95.54273963664576,0.14106839899613546
2.5751580574135153,102.63115520954226,0.19243716981470396
2.698679284046736,105.00751321811475,0.2746429600290316
2.8252216264941934,104.99639220402557,0.29230391595133937
3.1509300086558216,105.56624598490983,0.3233053192780673
3.1097525394069034,101.99222431997124,0.3088471634072232
2.9813672365076793,108.15028994643552,0.08389106181919403
3.3499669331828197,104.4805171406271,0.1862207676151469
2.900238866402343,109.5819064986568,0.3154332588086948
2.772129871432674,96.43006597913829,0.41123088516953477
2.612942793048523,109.56226614966992,0.046591945531590864
3.066314999650972,98.4340008538254,0.5714368077226487
2.773915426647139,117.32373485218521,-0.07301165396233877
3.1391215939450094,103.76984988362688,0.1390229735879278
3.1449977256964066,104.68584385725428,0.2603279968855496
3.1741154298969483,103.34730888247937,0.10874573645899947
2.968656661109829,102.91025449521905,0.10882955046235508
2.994433990820105,107.77580492409444,0.2959942431012475
3.0056426814614476,111.07953409874493,0.24580153201816826
3.127492098575401,109.13592481869301,0.341053332728609
2.7075726054941645,99.25305520678867,0.5268517983105894
2.600970841222002,102.34092171931213,0.6671069843449484
3.182783252221917,103.97757445759886,0.46451680282696883
3.1226032582558476,104.8794890250609,0.4570560418571308
2.7724756740009733,107.08802726214091,0.39565447317131036
2.765755491364391,102.49825038754305,0.2907264152420541
2.784879431041177,106.02178755475055,0.20088708002261757
2.8159520203695254,106.20601266425051,0.3321864404399761
2.797698213734409,101.21178345865792,0.31067255270567556
3.0205338180043495,111.20157882266096,0.4748398630341974
3.0205338180043495,111.20157882266096,0.4748398630341974
3.09143326107682,104.81230007043,0.25914870776545695
2.5606622069724416,103.95246727489759,0.32021316170620545
2.5247168039039,98.74809574505011,0.3648838161893319
2.292134819312506,102.66530581169548,0.2511005430292256
2.977023570169651,104.00279448142142,0.23910658313068262
3.3868001223120703,114.26550783869772,0.273073624160666
2.8411124130114227,97.83555850731213,0.3796425425142336
2.650433917921485,108.82693342324862,0.16246413213716088
2.795284890947499,105.55772602335585,0.12974689820891303
2.605031703384673,101.53244670677282,0.37613930968412335
3.053609258261907,105.46959411550823,-0.05602229608371659
2.7683804602070956,105.18377551250084,0.48475992628797526
3.0887981203815107,108.73577427570925,0.3763026655862537
3.3620147032511913,118.55194690401966,0.5480718905819177
3.560716605632031,111.86730193872295,0.15280263857302417
2.7457124701687947,103.41493276317115,0.7626132017220769
2.6562785047895057,103.46817672494848,0.03486982787043558
2.628298672352577,102.74040839076699,0.22658908797824975
3.2669378453471984,98.98640916142304,0.336034936081974
2.850180684272028,104.5006140396634,0.226740096116102
2.8358488512140365,101.77743016817203,0.19260441371183895
2.689616778493554,105.83130027942771,0.17766945180288252
2.7324051104791547,106.73816194643122,0.3170562006762459
3.4254400635356212,111.61347430082567,0.5021842567540702
2.482950458786552,101.80156641185789,0.1322708848151969
2.5934994987549884,97.5912668218632,0.22615692158183506
2.5232126204794807,105.66901368558052,0.24036015116181564
2.469982856640355,106.59029059476308,0.1577697209265498
2.7205206105709396,104.57015799246007,0.13692449024370593
2.4796055476971945,102.1357696097473,0.3515960663207431
2.9477992007853837,105.36493083135237,0.34069955584362704
2.970323122683422,105.83785889287668,0.3635825726111546
2.8770857375787946,109.03193127843682,0.26773603880292807
2.873479835431815,106.06001565621753,0.20551220854693364
2.9467985573879547,100.08462599796576,0.23654021231832636
2.8621352967357825,99.43676695587595,0.4783129238462797
3.226501685442278,108.86011434357945,0.374409958582421
2.9403774548017245,109.88061083728147,0.39023959143349013
3.0892347249725587,112.87047563201907,0.20725475157897955
3.067840958036056,112.30892361169035,0.2467229602344704
3.0919022543479513,110.88147631459668,-0.0130826778651267
3.0390470138839296,106.55569243584736,-0.10834743189119612
3.0325774499141778,101.91561693902938,0.49027679273743924
2.9872945702302127,107.38842355098156,0.5397533746682505
3.1304559584649088,101.80926930603418,0.4815992584110503
3.084383322011688,112.72217978965887,0.5806134422860949
3.2982822349763636,110.15229305887229,0.11582043116552582
3.0876035312884786,100.87339153861771,0.3220806919306624
2.732505098493036,111.73261080027284,0.10856262793903858
2.9186026727033374,98.68242655332182,0.17730596049399472
2.640059462873209,103.9971319428303,0.2418323630381927
2.6166984200372023,106.50561206947405,0.31561690709935675
2.681897892492629,106.01643551839781,0.3690840289471992
2.795607816218835,97.598874611034,0.280542782475054
2.772758011404065,111.27841711683052,0.22465374882263028
3.47526400205728,103.00904921908703,0.1119984056462047
2.915952841962975,116.67266427609027,0.3035358948103015
3.0217905470718214,111.10037819025108,0.21994540758072847
2.9975597785457833,110.2674645021226,0.282560746037362
2.69434346309529,101.90419770920599,0.35122202452682727
2.5247396069195847,103.59178905329165,0.27079268082076746
3.185550974267756,105.72779838887543,0.30579184671308085
3.3987128924991707,106.13611639588333,0.1752634626562821
3.455547035449622,115.17991591480559,-0.07366120342369899
3.447063459130473,132.047621032189,0.20122534798159122
3.461319273597622,112.8644791866176,0.2783947725015725
3.352345085536751,113.44042803199642,0.2893937038201782
2.6399922430089133,98.24255202929956,0.3507933852291912
2.7225365518483375,95.70411809067545,0.42598787332820753
3.1104284752368687,111.3037108435632,-0.020012737892916833
3.075742081933556,104.89289866155289,-0.009988844434961786
2.9144049086565165,113.7739641473083,0.12544732202892792
3.15625284857712,100.71525764006304,0.29638168261996545
2.6666784609510867,100.61843951364963,0.01893458431709124
2.8133461822006574,94.0801798692255,0.2965239791885678
3.152327384164712,102.25504927283984,0.23808327442470598
2.5898979341906436,104.31745619729145,0.3000790535172306
2.578810319969988,103.62081665787845,0.33842232046085835
2.7151216711914414,105.70447987371325,0.4764303690963825
2.8453345958741094,104.3162622313433,0.16587472183052077
2.869891913742429,105.31164115158052,0.004129975117462666
3.128980180373137,91.61419651947327,0.16488541563141915
3.1481578564207973,91.10264262957776,0.3757964985909012
2.9309247203518054,91.25536318771262,0.39685067395221424
3.7485442487280127,104.65747019989442,-0.17938435286335638
3.9334092588753693,104.37866964663617,-0.17091373703567375
2.716531280339101,92.8319992490373,0.14436237651624695
2.7708483549998673,93.93019358411382,0.1225009398340822
2.8088641246086032,96.69602440451357,0.5457550195601706
3.002859291306648,93.38991365468898,0.09726343404240904
3.1295839880120897,96.24032104547325,0.20343375780405554
3.095098874387746,92.70525424993913,0.10076540796663325
2.8654470326677237,112.19707504474974,0.4243772051529853
3.114102188411063,102.22798029200997,-0.018206380165880703
3.1760504665629496,101.96034882548894,0.13173147022546566
3.3782230192013096,94.34101749765797,0.20001794162070763
3.260683358192378,103.39381182341636,0.19455871930257318
3.2689591774064124,108.21958182889819,0.32323670099209184
2.9256272148601976,102.92161709235098,0.12685800879415837
3.3478122467986733,104.11022396685577,0.527719907919069
3.0850355978953234,99.68976200546976,0.027086598589363155
3.0239122077510765,101.52715145427362,0.3792984513191193
2.6373868763834754,102.25240553010389,0.46024334083895085
2.474353827882309,99.83565761863348,0.6042536998880836
2.4309686615052084,98.00365826432692,0.3151753241238814
2.609850869347138,101.23550897231054,0.3785722005497009
2.621501144382361,101.6840526612822,0.37590862190913227
3.0553083977272952,109.66278077631355,0.1746901757759704
3.0588084944071134,109.84919159511674,0.17105756420399887
3.152651840726297,117.69469578348287,-0.17535308758352527
3.395849057781944,109.51538197401909,-0.1399098498266332
3.376468366108309,107.45921671198455,-0.17844521002759567
3.277977184273492,117.01451768883423,0.21848316194010384
3.3363655628432403,118.91921925512328,0.2123421145598504
