log_sigma,xi
3.085775766887241,0.3752132441025917
2.640759316433911,0.48433672841905084
2.5418764918417005,0.4442162621033325
2.8481533535686157,0.45670094870641686
2.807619700899334,0.5053071897626238
2.894613591829318,0.2331333654053288
2.888388423536786,0.22785058648066941
3.107857153873153,0.25371497251723807
2.8391615057702997,0.2709157153030976
2.7572677507698446,0.25923474110633005
2.785377521326323,0.23113542487124436
2.7229175123435843,0.40550050613842425
3.014016296530203,0.25260314190815736
2.791094026848408,0.2694034661762045
2.6771210514830046,0.6326421351465397
2.689021461751046,0.6595426274450565
3.13363375742835,0.22851794542595352
2.9448577629906025,0.263570523014621
2.804313613107294,0.2873531991564884
2.768248774103113,0.34530947171758614
2.911079707639273,0.5699224764210834
2.5773975736458756,0.25847223833878485
2.6494867333386605,0.3830010264125392
2.865539192008407,0.43115151610955765
2.670840696536354,0.33916936229098665
2.770651734563459,0.4431546182728551
2.8582716316494223,0.46604187275892744
2.8967767931840473,0.4424022640835221
2.8633400540537846,0.43799703185841266
2.856245017030964,0.43580344284047484
2.7621280816788287,0.4943686458755353
2.836098650651316,0.27319986746700403
2.893738644732624,0.30816218862066147
3.0678241267919133,0.13403327468902415
3.045355443291265,0.09723899957060955
2.901401770903427,0.38528731731169424
2.934653999276459,0.23814116659707568
2.530414019569351,0.6477036232632368
2.5976359186781846,0.6985952263857905
2.591095081386353,0.7246147628966196
2.8621907455170588,0.38010640410473845
2.597329739194578,0.3097667361931744
2.6924850251200168,0.35794740487782
2.6943670124588666,0.45324302067214584
2.7241137290002952,0.5227417319336354
2.58496185888134,0.2588263509272395
2.487168034345668,0.20197953775079464
2.5316899451589494,0.2306747241490737
2.598242509750859,0.22925972649763096
2.738479462860768,0.1829486993027221
2.9551643648572914,0.572398710868273
2.3756213927395433,0.4051548448615579
2.512725180575995,0.4607877467229777
2.672616676545159,0.24701105345565952
2.6366158368723798,0.444565729790623
2.56636130316103,0.3538026106905433
2.6518798487477526,0.37169671005859023
2.6534962729054725,0.530709302073615
2.6077507295267766,0.268323640850968
2.602094179362077,0.2641345030472127
2.668577950934219,0.40898320498472296
2.567596606396417,0.49243776505384856
2.627126743630488,0.6833243756462498
2.8434084787909484,0.4915281796368894
2.928180380259477,0.28505862145202726
2.5604708966295537,0.470065811956566
2.59983508885883,0.5714787198030972
2.601611378874918,0.5606506209885983
2.7094086433796023,0.6502267390807783
2.5880512548013503,0.6350097948029743
2.698438104399264,0.5162340894417207
2.6133432416904734,0.47972459963842085
2.613551420068512,0.5014365659258825
2.9176132551958207,0.3487805131769918
2.86650500587154,0.3296211714999666
2.8596685117832816,0.2620646628601821
2.963266224731474,0.30065972725105794
3.0274665848079354,0.395689851272431
2.791430703712447,0.439689205365354
2.7904742397248343,0.43989182168502977
2.526810476966479,0.47737718908303156
2.851570791451925,0.3593573991290903
2.759956289249223,0.3811648882748003
2.8859095863741917,0.30027913028711306
2.8419692686098297,0.2603972545215448
2.9346885781678385,0.43243828751053676
2.8261794580298782,0.5745089395525558
2.5566183036659242,0.4642898960402128
2.4971242760764634,0.4635918244296871
3.013851911135444,0.2880240403545233
3.04022522230702,0.2221477173502051
3.0390918518006047,0.264432282790582
3.000540117081755,0.42898298682941444
2.9006546080733844,0.552387607436518
2.6386825597308547,0.4866901755549178
2.839945520119227,0.4195191018755868
2.7547173181629327,0.39591042191340453
2.753431683990522,0.3969573165551825
2.824436139304778,0.337571407796787
2.818678507360521,0.3316384249665384
2.934817687904611,0.29315075002723723
2.8527038986189277,0.37027231140782335
2.8271805685698914,0.34777469938300404
3.083543915512932,0.2365018126416095
3.0658602591649293,0.2788041782027232
2.9524271306619743,0.26086613534743053
2.7276456446371147,0.42236979548762066
2.80220731107387,0.47827393252432854
2.6933779005002156,0.43930218021859724
2.86707734590132,0.36817779278945606
2.4620076443907033,0.28965609746835563
2.6653393138320287,0.5394793180100373
2.626751777182519,0.3366066995295869
2.568888412891505,0.5693967615984972
3.2228805695594804,0.2532222466019639
2.5832013827359264,0.3598719888582513
2.6696726290131587,0.4738886726887661
2.760690648559823,0.510424863144841
2.6468562636610793,0.367396251331503
2.9460230624424235,0.418574380944401
2.943607375203215,0.41524436892586525
2.856672181510947,0.433654376255258
2.8380755899091277,0.426769094343791
2.73158184697772,0.3035888086249639
2.6368859763457055,0.21297076861909003
2.796209675547051,0.7096928688542401
2.969520530799249,0.12353413999064448
2.962260193344366,0.17676210437711617
3.051284669904285,0.17180912736511453
2.8292331585642545,0.30287272579844254
2.912838310590567,0.3270259080845305
2.797940611228507,0.4751360248341767
2.818200791917748,0.23003963605641642
2.8455362999323692,0.2634745208430248
2.6529991785860556,0.40742656580288356
2.859949879886356,0.22111211763063846
3.1137267809758153,0.3703998522802524
3.111474936068753,0.3483985347107557
3.040424063665699,0.34712967114286175
2.7601947189967335,0.2077499038047179
2.706336348906908,0.2638034571692077
2.7938779411768886,0.28509904469580183
2.802768342912699,0.25045535311684775
2.7708729446479867,0.21571791824917858
2.83500636846579,0.5012021317798184
2.937251068049756,0.1907037241241149
2.7239381026425113,0.2738266552693184
2.66915661195709,0.27017113575855545
2.6864114066410796,0.3552952463954274
2.628002165338032,0.31391895013916504
2.6627010869586347,0.39628806073537715
2.9319387627886946,0.31831659226561776
2.658519455741934,0.36572675825335127
3.0893793983220124,0.29153700783627573
2.9370413210824746,0.19987783059651767
3.0849303439546025,0.270076292607391
3.038261425426247,0.3030657716644391
2.8911940304175507,0.16833124005217656
2.8783434681224023,0.22171936534370393
2.883512306665207,0.26106490817086553
2.75253545045317,0.4077657873920609
2.7587835308232513,0.37356563272114884
2.708162978812018,0.31730988538404353
2.642498767011259,0.31189084786313
2.7305678567566565,0.4256236068550707
2.8918978514220535,0.2630297827472248
2.8760568184611577,0.2787766344825155
2.936735421271102,0.2934430446961687
2.739130125679052,0.37652533226164153
3.0042708650714895,0.20910578990584527
2.805081030467489,0.33863668695763544
2.7645559956689114,0.4150951575467807
2.658821579145566,0.46032153755424676
2.810242510680212,0.40259025048163954
2.955614666215189,0.3191644814901605
2.91419736579609,0.20561977759193054
2.795919094821701,0.42896520967010976
2.844370481179442,0.33464980007555717
2.881942856949956,0.3268097761515337
2.703674298916027,0.406429724917716
2.8033315012630506,0.4877523288026085
2.876050907214814,0.43022039893315284
2.8640461722952377,0.40411586647391495
2.7798472189047594,0.3828395037672372
2.7596343281713542,0.4279864923372542
2.6477245206385556,0.44602482011005723
2.6116036254846264,0.22653070017292598
2.8150594239138003,0.28946528049470166
2.763518628572245,0.3103618555313651
2.674907601506155,0.22424594881357274
2.635095485747049,0.25077650255265455
2.981385428437115,0.5016451763760353
2.8589936573555472,0.2895282489693887
2.8359401717080948,0.2713317147135579
2.4581833198147636,0.4866142501821198
2.789285545081515,0.5543529406718881
2.810908550294087,0.4809608940971696
2.599379387477724,0.3170428550125053
3.1375489284685396,0.30979947584168543
3.0232912892515706,0.27593440727614915
2.9708894602467706,0.2988535318468878
2.8585361065978154,0.27039322326776605
3.023425630984541,0.212384773116906
2.668612644481186,0.3094216820850529
2.9480806719721295,0.3200210261922874
2.9432618153059287,0.3263371530387427
2.856555808203849,0.21821875797504975
2.859188112912777,0.2074147646501567
2.799979591869025,0.3875600750292524
2.8906325740817462,0.23949489842548616
2.90877310063477,0.1729331919431564
2.763016766604296,0.4593700790940476
3.0026687002897487,0.24435519237128656
2.6834012937020932,0.3986392940702147
2.648639793809975,0.537202230167895
2.6101040319135933,0.5834610484613952
2.5611702315122526,0.5028808478417733
2.660033202732188,0.5431341413696513
2.9901628983635513,0.12182720322999585
2.9737960477567005,0.08524502518789731
3.1642197918361306,0.3929993970979455
3.2188284635240327,0.17156768115724585
3.2031917588281864,0.05751671812417912
3.2466107635318435,0.0663510111548151
3.0409805757584665,0.22277979273925655
3.0709364520467792,0.2502545289632646
2.6844485594701157,0.3321097621799595
2.9958662916598566,0.2236288383177253
2.905191930251158,0.3852052101208908
2.8122715744591558,0.36233979478927664
2.7491596529253353,0.3538889449613316
2.672344281839257,0.3596573256242347
3.1106976827781736,0.31557617301190927
2.9025830398841053,0.17027026825855085
2.9529013472357253,0.39839639196092697
2.9620483903673747,0.29010975347825163
2.9637192984883534,0.3058330699860634
3.059670697997142,0.2832628823331579
2.9294575281044932,0.4151791293732391
2.697649982001529,0.390878682531833
2.8863529313052307,0.25547714067388233
2.888373661033105,0.14323879818968294
2.9160214289505837,0.42761335631220476
2.66574227423794,0.4410700068008139
2.589062286206986,0.7011003390683909
2.6185377654100477,0.6376029223071554
2.356191829246838,0.3852483565020505
2.3745749115620187,0.44473387894958505
2.5486222230693336,0.4851760064878076
2.5121102570623575,0.3306236983243715
2.626447255145159,0.3634791955125674
3.0348384137081132,0.3540732787753814
2.8137335302156212,0.6007616539751833
2.3133894228249305,0.49417697895891777
2.8022247804322373,0.3442649689782746
2.967632313617509,0.21348084875727555
3.134390402839249,0.2759418149290734
2.768457593084917,0.5195676957211881
2.8833626439511986,0.5830898045171558
2.978059686931871,0.6348924852566398
2.9713260670853554,0.6263793974347109
2.435229008399681,0.5489980736235458
2.744066628477525,0.44003700362656484
2.8513791226253233,0.20770530624006547
2.8745850328790743,0.3518885462565132
2.7570592907101266,0.41326022435192694
2.8478491764143548,0.43313683411498644
2.7416827095865455,0.2762487230086411
2.7067514157675476,0.41193762866401096
2.6844459711315953,0.3975500654273639
2.6633831244080173,0.3624880336785445
2.852814711770118,0.4353467671708623
2.972436734133516,0.333790812752925
2.8276634232882967,0.3004862553694759
2.7654994502303936,0.3400707523678867
2.731564331201659,0.26289545017217525
2.928825404726116,0.3621759387796459
2.753245695590164,0.28132853832703214
2.6437523026501535,0.3555040985722402
2.5688877955964005,0.3546721484137907
2.961104345923593,0.28791762700195256
2.482008749767925,0.5867061498341279
3.1008018243982436,0.20614878941130493
3.2857679032933134,0.28205568374782025
3.1181739123531633,0.18173198194655873
3.199994674700873,0.1572943515091049
3.011536235357638,0.38840346279041543
3.107623434369648,0.3295676588428926
3.109867885355806,0.333602560391875
2.5242089532430168,0.3762948841269669
2.9287504722544266,0.33012893755886946
2.784249073134304,0.3906064083264804
2.738787028049411,0.37892757839830754
2.841302166778682,0.3235535951200552
2.6453579858077427,0.36721249380503806
2.84031293605064,0.46262247384510136
2.590671937596085,0.39356085154468173
2.8600173915652642,0.28449828390671045
2.8607447508775805,0.2624674668327839
2.9944084845044823,0.3176067421055903
2.796624370519183,0.26554699601156373
2.7766558526648084,0.32971307775229214
3.009954400719071,0.22443632900299657
3.0324183683043264,0.46750201491631405
2.554084907117713,0.3844597687503916
2.454436228617685,0.3926096188934625
2.5273382372993125,0.4340783470122283
2.667464074254002,0.6614947512489022
2.7414734679102875,0.44918434342166147
2.720223615408858,0.470509356954928
2.7217654508333182,0.4663973510743169
2.7554070454217934,0.42963691843896806
2.687400848644087,0.4012935896332957
2.6572784946897,0.376015305961039
2.6184258334269237,0.3826279483076996
2.668580545108159,0.38096724514935926
2.965781280666398,0.3986840963621447
2.753237800896082,0.36791158806828517
2.841037648551951,0.2838175243371093
3.074850688460389,0.17997914638954488
3.0665775894968546,0.19031791480759297
3.0079101457037436,0.24722719976154894
2.8943782331127874,0.3917361227750827
3.0413483152467,0.13447247814390154
2.581915329377564,0.617235494333657
2.5527306440703326,0.6470594522237584
2.785103473164218,0.4913657751372974
2.7899027581849474,0.5170203697523447
2.8467576347366905,0.30928991116199067
2.773389274262644,0.3424742359287129
2.721975191641636,0.20616801485187716
2.941564172074502,0.28347038177822476
2.6807727718204313,0.520315040367687
2.781042156802121,0.49219778906170114
2.890690519714173,0.2954931013037856
2.865601680921805,0.32312217818406624
2.595267777028362,0.20834405183542123
3.221519900070019,0.41456123383574545
2.6234264977615513,0.40288036033590996
2.8495658580616805,0.4212489927177702
2.7710415112198725,0.2819659366210629
2.77138757443545,0.345399795324829
2.7712408979385055,0.24241121728599216
2.7769060341351897,0.296147592337421
2.6062484036876414,0.5674428311516005
2.839326049195088,0.5493665252254415
2.741078463510948,0.4160994125665281
2.7020673700218687,0.23525290242207564
2.6694217198742063,0.3618004834370371
2.9014467227995615,0.4443943156553191
2.650123053444466,0.3466485447988835
2.6942228927033223,0.5639531392211646
2.6919415856011946,0.6019990446247924
2.7576807861305244,0.6518696071041712
2.7637045844472805,0.664113585639013
2.7324602682702257,0.6403634841234035
2.6273736988148775,0.5877573907615917
2.5946695052761375,0.4195649834911059
2.5561208480145954,0.3115542491201214
2.625787775311473,0.27595698558983106
2.672080285584377,0.507954100515243
2.9236757617083433,0.31118672302926237
2.9222074420899937,0.36481192504231885
2.91435753691602,0.43458216837340813
2.9389596073198914,0.34264847190292247
2.9660237884263716,0.31496283589133744
2.8803197873434248,0.29075386860389413
2.81100482056416,0.49453692297909646
2.7336258034236955,0.5266597640240197
2.9990526687295134,0.23582072521423653
2.91915372385703,0.2540766879657825
2.9003836137730703,0.3025137202691787
2.8930969973512783,0.21613415896445082
2.73953755815816,0.5064106666754139
3.0763147295396203,0.30961479826026184
3.0577888597932117,0.24455296623747833
2.5998646694232965,0.32110313977304294
2.6733538858596777,0.289948386349345
2.8187821624406793,0.22801964980569453
2.7488371310357236,0.3887620480081613
2.8707212120950114,0.24337883636840085
2.783517267899815,0.41978368319968973
3.001812525515626,0.524230997035632
2.976035903926226,0.44145032846814625
3.046638296716311,0.4806950314125865
2.9677205047134416,0.374422638076976
2.994047767233045,0.39228557401611025
2.5623224674322977,0.42089389247146336
2.884216151618597,0.41408008404788293
3.0852396289114177,0.16352010342023757
3.087754677647758,0.12337609801675205
2.885903988798024,0.380306110018509
2.6949089817750873,0.665864091266895
2.597040146865631,0.6495478152829701
2.6268858633268457,0.6572415181367459
2.4691654020396356,0.6346281791460406
2.943492014887316,0.2785854913085996
2.6540217882658395,0.43488614813274823
2.4763829288266472,0.3685174965472441
2.497404173959977,0.3704259228326785
2.5755131571228045,0.4238393904863246
2.453001029605225,0.30122054962719735
2.9044215018762576,0.4147045204802941
2.6444677634751095,0.373342145056293
2.718861128158773,0.4559393870179623
2.7101114864179148,0.39536500978463
2.625768021359126,0.43273667335344956
2.5316724155855925,0.48908023107116644
2.8367297592445437,0.5239067610086112
2.822765023929806,0.38668802446756295
2.7044717168172103,0.4497174621781292
3.012152651760101,0.22875453519363628
3.0761951811339583,0.30469388262438146
2.8601858445803336,0.39976256288192474
2.9886083875470377,0.26449089834513245
3.012411207101828,0.2673487644891434
2.9514493872452205,0.14982771208554913
3.0961157457117445,0.33554855911961096
2.702500823476932,0.2617959635920379
3.1924753051716124,0.26472811915754185
2.9663372277839524,0.12244330887380879
2.501054087231399,0.5154387182103997
2.491383359401955,0.5239732690159934
2.781181593239609,0.26265535639624565
2.847587968081725,0.4115657129596359
2.6217665502024303,0.33621184867589726
2.7374663820211995,0.27276018909692623
2.8969689507465537,0.44619001965951327
2.901670080091812,0.39701487341053693
2.8144600600513052,0.3816162959033955
2.904510789095339,0.677898093725688
2.7870325857614646,0.6767319461652062
2.7879087990207694,0.638703610020536
2.712457415418172,0.5897406573537338
2.661615328468799,0.5468187632891944
2.391823930136635,0.4171718712683487
2.9308582123708353,0.5316439475387511
3.0769804415088746,0.47121073115968004
2.8917363902496156,0.45058379461096515
2.701353121851399,0.3669087508822652
2.803185265368921,0.32888414462160276
2.5024604884713817,0.25646667000041795
2.6008105221325866,0.27799328707819254
2.660690138194776,0.29812487631375073
2.6541418265929875,0.3354323198128929
2.6970040222723117,0.5985034088060758
2.6970805308813426,0.47225352195977055
2.75747140815866,0.43335184230022183
2.8468129046934103,0.27479719520249213
2.8185134890428682,0.2471679982268621
2.666833377828682,0.2920646572290011
2.8584176928043625,0.5362149238193243
2.3437108200148185,0.566141129730461
2.387079484206313,0.6964592690606185
3.0008722668239933,0.204055780259563
2.9517385722923235,0.22650669449060015
2.900227580696024,0.32827978295030674
2.6133239780965942,0.40602224680338017
2.965532508720078,0.33898878687551753
2.7604024567069754,0.3464505783452269
2.7965542171858098,0.40105820255818186
2.650053602403213,0.41980077897771423
2.6331029838397395,0.43163766098826106
2.627001299823386,0.44253982760264676
2.9705925202368366,0.259634851514947
2.906575029263428,0.2712333283207343
2.8342969191198866,0.21831595891273636
2.8775369116294187,0.31090647952622097
2.766878118986579,0.4489961936902755
2.636450822282431,0.3599358775815672
2.9561700602427625,0.3978576021347383
2.8632207449036104,0.28460271148665106
2.822163590023701,0.3547703260057828
2.673751907261822,0.5224097942891259
2.8479004968662,0.5053326667357283
2.999991553734993,0.18357535934435246
2.9687581211269802,0.3140393741001116
3.0605187008027577,0.29870147953425463
2.9341846286053586,0.29705933058683487
2.9082346261718097,0.2628180924859647
2.941967289351042,0.19325841377520803
2.681880742254351,0.48190070560526854
2.6045564460699233,0.5268544478083572
2.68081414916005,0.35593380698320937
2.762432354021998,0.49816276770040485
2.8615406322852985,0.3979716209896883
2.988980141252504,0.3835404691668324
3.3133227853616525,0.25335188700464023
3.2838419960527276,0.21755236756637678
2.7305187353914997,0.20690200833380512
2.883935382993998,0.317289772351425
2.703341021745635,0.4281423688638723
2.8357907399520075,0.4072399115534639
2.811389715271159,0.37736717424254934
2.783427045495137,0.34947053256115795
2.8798308575444835,0.2117675641775107
2.9462949433734087,0.3496754941448835
2.7810277599713245,0.3274173847653705
2.7920582811046284,0.40387211699498055
2.844327820086628,0.35560293100489865
2.937197303268756,0.3113608942987179
2.889597244909112,0.31008211049574463
2.8407994608297846,0.3990934145995007
2.8696918735896655,0.37292331214844243
2.718134103543222,0.2806663880245239
2.707756903825945,0.26607581133209446
2.776214326513681,0.27114393423168587
2.832337829154233,0.2833792716152621
2.734598599974062,0.2427971729409134
2.6397132507292747,0.25811190873156004
2.78193814397727,0.5799468285340886
2.4549201207684335,0.6698428217091027
2.8031144558561736,0.5895900271981437
2.797733590586803,0.5566909106427522
2.7540523263470016,0.2985846782505928
2.8445541229762377,0.3913727674199405
2.9709305223023548,0.4310978510463261
2.8059373772844425,0.3060481470646962
2.9774256224252977,0.543739692016273
2.817172496659126,0.17212761661775278
2.6869877102127546,0.6613551598888078
2.5959174402562932,0.36880981511424354
2.569618744772939,0.3889940333229315
3.2707764272659694,0.17716099965666224
3.228318966928799,0.125061516567184
3.124798252949086,0.1479431332521275
3.128682837384603,0.16776643196657864
2.880311862804407,0.2596812752717999
3.0588862889192523,0.30691683941364933
2.761918640103484,0.3485343038244563
2.6802020427514917,0.49209692409541245
2.6719396964971907,0.2723407785830648
2.911484610629961,0.3639837266669355
2.9312879892613464,0.33261193999332705
2.3472014709111177,0.5880083347555171
2.398549561392287,0.6004019881645191
2.3640551450580327,0.4762445132557003
2.7075617592261993,0.7562736182523343
2.566990800022577,0.6261015667989461
2.529948920663121,0.6092187127838857
2.557829357386627,0.6453867115299549
2.5298237745177827,0.3597970939295942
2.505214904575654,0.40075616812834364
2.8107685037820547,0.5694694857734108
2.590238604541631,0.5966324039443526
2.609027718603778,0.574215108865673
2.6845000797859306,0.46505639338082755
2.665894467603118,0.36768762337783867
2.4166479150184186,0.30702868044256426
2.699436124294089,0.5907550404767222
2.633980106905497,0.47066616474179845
2.515921615587667,0.3816644107804054
2.4749691523839425,0.38388225368326717
2.84808069266219,0.48150436320294715
2.915549281602079,0.5498080516319976
2.7341596784698665,0.23424441299435197
2.8747599838732754,0.2758864660325756
2.9183299806663645,0.2819912756128164
3.0442993710440134,0.25957261025092354
2.9678224310885644,0.266145748159813
2.769747567697258,0.41316911465222256
2.7526388187124655,0.4760377726645189
2.7502105468467857,0.47152586911021377
2.847268480671058,0.4201104023371791
2.876826439277949,0.3023965983411968
2.804679318644983,0.41398068299081214
2.743761659698034,0.2792970342385811
3.0290463734175437,0.4357665602534304
3.0009487530863885,0.45086769506788926
2.8345803564616245,0.3791142513398161
2.9433741076985713,0.2518384135879545
3.1017666515318245,0.46544559673077973
2.8262528023908398,0.4891361539473292
2.7582625700519117,0.5470075201625081
2.837897369397699,0.4187866841743705
2.7636858659417705,0.36675088530871747
2.9311357428871068,0.348379824148447
2.9624465726575298,0.4888485955420262
2.4475975545284516,0.459886130082968
3.207699469851814,0.198617998977988
2.9446597547099995,0.18506245519344416
2.939555780851264,0.07233786532154896
3.0117081937950054,0.4385682421229711
2.860592938015187,0.202161241806384
2.7062496697682197,0.24970294635853535
2.639845033333363,0.2962933933419659
2.6372663887560996,0.2850378956267609
2.760068341375205,0.289330385887147
2.9081675407844956,0.24580486989536077
2.9060847927018396,0.2393074569071148
2.7803530448279976,0.2905587814275816
2.6276848626792284,0.3022604673897175
2.7944228124578885,0.25656818340016624
2.743212172456049,0.3173323435694382
2.847914970773723,0.29478080466425133
2.8513028173629555,0.2500887945445157
2.7877651938904826,0.22531136253152445
2.8521326331949313,0.25551470835104795
2.7854416583273016,0.4039652798654777
3.0362769147444912,0.33515280481718807
3.016179493302669,0.24686898938846988
2.773469917397884,0.3293404008050208
2.7043937974545242,0.3079618632328864
2.7595858097741277,0.29156157719977555
2.647598739445088,0.18233500932694696
3.213338737587932,0.4402372082688867
2.910599758368424,0.07400568270056432
3.0191882756608535,0.15975952567133792
3.1137514744474117,0.2829616770004861
2.70383750980851,0.44322114769341375
2.674758968233782,0.4428435612458814
2.57291179122318,0.41680887627846525
2.549737104287516,0.42491480007241067
2.9370454319410384,0.3248165534273264
2.7607390067357103,0.46010707563371817
2.6802586088615623,0.2971037873275652
2.7329662421407996,0.4533004453904776
2.971357633266806,0.4666394257610199
2.845102292294981,0.4245233903152819
2.9437122578891004,0.20515535959681466
2.6977098312542256,0.46447341534971265
2.6390134185898777,0.49845510767886275
2.8085546677171034,0.30796942731740606
2.7013113355955873,0.3178437448113954
2.9385901219112993,0.21344345993067682
2.656277922909335,0.4653015261522832
2.874627337797573,0.2265635579006626
2.906354969294235,0.2261282465916283
2.891654938044333,0.3673614759228412
2.771773205762035,0.3382250212588693
2.6675900265035297,0.38980816967717713
2.7006716431137128,0.4014564556844648
3.03832222642311,0.37625010016564475
2.9300832037622273,0.19119074633098213
2.8757771192241925,0.3363008469206091
2.9232892342045593,0.38114916101857077
2.8161196561368387,0.3554501516971007
2.8394280097714133,0.2738406757189532
3.003226806165003,0.3230697709164107
2.889526528630999,0.4523698991364507
2.6470425717657777,0.3018592549224289
2.6773821575952885,0.3051821868251226
3.152907997385227,0.33369206888979236
2.8883903631134036,0.15628602467351138
3.079612114839092,0.35332733105676123
3.0793639851827233,0.3183821042178182
3.012111538417081,0.27177971464564715
2.731758625012563,0.2114965249064826
2.833256399721069,0.32980785389730677
2.8562110529171005,0.33554407376313783
2.696021083575532,0.39562726838553824
2.925981649579265,0.3773964050880279
2.9397664967809125,0.19492182086697607
2.9001700624714775,0.09989474102433496
3.06146615587545,0.41422931268145746
3.098531149671955,0.23527418789685234
2.660286092232525,0.3605549269571823
2.802475590313682,0.22207107721330555
2.7006090975704757,0.40491828414797043
2.7777214437097477,0.4389671349064192
2.8635911782562613,0.4808861221057733
2.917637530109556,0.5047233624273277
2.9359664395608642,0.4242528868041828
2.8649698276015294,0.3298267633599876
2.963740960270183,0.25802128892830456
2.717211719408649,0.25823913019326605
2.5684862587104886,0.4958089343424892
2.981800765459779,0.2240785736771519
2.724760249744314,0.3833983575953751
2.502046455416475,0.5775052360789726
2.4799823276940534,0.418164030872491
2.8701826711885112,0.6888158493196435
2.543832858476947,0.4801664858843641
2.525690928198996,0.5367067580360825
2.5122798378465276,0.5393262329204133
2.588552262473259,0.44137808102190423
2.456741520634433,0.3337147125892265
2.6170939691943547,0.409750749964318
2.53893891470468,0.4690439790826698
2.9744278259456824,0.30926747164074836
2.747386973559426,0.4272363929520918
2.8642530064077936,0.32916683700961197
2.7630506370457435,0.34191115539666167
2.754226951286957,0.2790191640365388
2.837612547890905,0.3543422787697804
2.703907163409105,0.3716630178987115
2.89757982030628,0.300527597613095
2.6646190293852885,0.5063802348961121
2.710878495981788,0.4423581046432409
2.847363260548081,0.25065390622746336
2.895226983730671,0.40296764416676306
3.0445694419556726,0.4024442614062167
2.9390905826379936,0.32905903355144317
3.0589610649919785,0.49979057294249124
3.0488308804647364,0.4473598894140413
2.818542793929235,0.39627978310110723
2.582284277409792,0.2933434713235012
2.717277315106294,0.4054424569062992
2.64042547713605,0.6125985029481069
2.85559365756369,0.205550363163944
2.803036562025433,0.2928591843099758
2.6947359814784946,0.179104912503817
2.7126639945136892,0.1490104903551695
2.837775812342092,0.8091441285323886
2.954061827484368,0.8522943511104206
2.893729498560284,0.3410736966266162
2.868377927329814,0.33408697690827976
3.036956838039318,0.20219701484201777
3.026310287240645,0.3102589820885155
2.6480436017572777,0.217355054796034
2.909612549720296,0.680618589558846
2.879135554195322,0.5407470854003962
2.544185465177407,0.4083292579415396
3.197703257157782,0.4283709492340875
2.890613447889909,0.10876447563035564
3.0119283114782434,0.3819017552177811
2.857249297357162,0.41667639177481197
2.6417219604734865,0.4008997081044764
2.6774956173937454,0.3840821691320107
2.937192212571525,0.3456313763486154
2.877505488789572,0.32288039576160715
2.776278350877028,0.5081999185497107
2.511223193199651,0.46712040095138874
2.565529413593157,0.46784382024354987
2.9090178764637096,0.24360229904546213
2.8561910513614883,0.29933853933375926
2.8226926593076342,0.22599321733621885
2.7495652817253093,0.3103895342283727
2.8700642395786757,0.2944605234052737
2.676152388124372,0.3782152724092658
3.0066754562094653,0.2857543004131079
2.5149167658451224,0.33021434862648463
2.814933049864312,0.4348865487214601
3.0403952924494577,0.30333199028553176
2.7399712475827402,0.2771757746073491
2.9285665551197875,0.28826611331235963
2.904532693322348,0.22398494282901138
2.9734468847837157,0.32497380056781777
3.05731812800088,0.4047925376982864
2.9179413527992533,0.387756502717349
2.8431233806544634,0.4484119198724066
2.922912038233422,0.40475169961735635
2.9906359167444863,0.222255782918044
2.6829033674818548,0.299273742894578
2.7454514451144814,0.35697437841427
2.7991783394866867,0.36188080741404943
2.861623162556676,0.18148740431373506
2.6834660044699623,0.5362321900579695
2.6020487808337633,0.5905664598610507
2.886980105612061,0.3592982454867504
2.8648367300099062,0.39051054682790143
2.6738258971204956,0.443354369776949
2.619130745044128,0.4710710601597659
2.7838889920959984,0.34140470574491427
2.806970002660115,0.3094054400524475
2.8351902564794775,0.24851603590660384
2.8704937675129285,0.26642226197968
2.9810889866460126,0.3184034544247744
3.164813952000941,0.23598475120098591
3.137365699085257,0.27256886586092616
3.0227858054114303,0.30173795535719933
2.5902398050567257,0.3968988414618921
3.149838190728353,0.21995780206016358
2.944046741747791,0.23367290554659673
2.8515713524257738,0.2677392867707912
2.8671984803737516,0.2677549513755198
3.1234652449696125,0.3198035388423802
3.103379712746207,0.31424188140951276
3.1029582352771183,0.17850610636182024
2.913370822452767,0.18915177398755484
2.9000077200156107,0.24485726987014012
3.168799513131805,0.35142562794584126
3.1052837744302626,0.3594207048951146
3.0899133183460723,0.40220257297445544
2.4876163709567303,0.40561004329269573
2.4942848358136294,0.4142814947202592
2.483796575320148,0.40974353476095504
2.703806962611796,0.32466665405215644
2.7191584982102297,0.3453091258326943
2.6346861947607962,0.40229753016921815
2.909164555689967,0.3431266287653197
2.711298512651011,0.41232459525140586
2.793745990833272,0.26734429104192037
3.0210664636458313,0.3448546957293957
3.1540083962763528,0.29755614393406427
3.1967630760217154,0.16858037846499438
2.6876152204494606,0.4680378467965177
2.604756991975608,0.41511105592735165
2.670339043415447,0.4389441594305351
3.0400373704022976,0.1832746331872439
2.9444171116584332,0.22803545973387376
2.8658518004194855,0.3937963142540571
2.6103137227562785,0.6030615745675456
3.1664593010029916,0.3195845780569998
3.172551150641192,0.3683991591580646
2.63929423767132,0.2651476697007778
2.8484670390833933,0.3502273697528243
2.8843246312728033,0.37779913207797206
2.763556258815233,0.2650324268928249
2.6989731647735993,0.5142033273454599
2.832932273962745,0.3901959864362755
2.834069740606571,0.2939328240804016
2.670280737669163,0.35325098308133784
2.7145225221784877,0.5323092028043379
2.854951667202441,0.2799943998641973
2.8282873914451683,0.39526165333822866
2.86421077993951,0.30876490016670677
2.7448575145440084,0.350139628101466
2.9274787342487394,0.3096341788275182
2.700514106444713,0.41957130004948884
2.843605828330544,0.3310242249829426
2.698856928758914,0.3722555555946638
2.7231253053323603,0.37072261176141547
3.035890343432627,0.33898074135227446
2.9656124630242617,0.4698328828032586
2.907877237729883,0.3131725393112839
2.8854817426370105,0.46746520454142554
2.886513098706889,0.47115683931244573
2.5735483152596164,0.511139203748968
2.725893816046776,0.28036778294010034
2.6585172198776705,0.24625252292898314
2.4693809596968417,0.3514091767140204
2.5364422166301854,0.4918260939082488
2.491511230134393,0.550285728722536
3.1160331723146473,0.3035075014168861
3.189584710697061,0.3365140964172043
2.8261945203475767,0.43357707441007576
2.548015252442068,0.422145428637472
2.915344431320541,0.4224446624084793
2.8317190152415925,0.20520832106397027
2.881602967294014,0.29039899206718967
2.881985034774061,0.3131878378479479
2.7266973484403643,0.4930647568096621
2.889828574458965,0.22272618181029086
2.5129162603158206,0.5548103260400762
2.693086479194189,0.6638408266047205
2.71536767590463,0.6832124528844467
2.8216095115615816,0.6795430224290676
2.574973890311349,0.4327022502698497
2.9361048188254313,0.23987767365978654
2.7539832949302396,0.3263534405441374
3.2486182511844306,0.16172567273328278
3.0919378666239736,0.30763200208207436
3.0265350218582765,0.27429424957530746
2.5194025234340582,0.3733706675376305
2.611685438248945,0.3197746519711906
2.651240660836812,0.32556428730510434
2.6633801595102464,0.3385800714402388
2.6517863260468006,0.33704530094465557
2.9401719805515305,0.3831085702808969
2.8905006613179642,0.3551157673207255
3.0060092154825457,0.321591637076833
2.516262516528028,0.4640022757219045
2.5344326177588625,0.4636841357266209
2.46974283082566,0.49257653143217517
2.6596914014416493,0.35408697790413984
2.826156710031655,0.492008245475838
2.522631737288401,0.5033779882876517
2.5535890518514246,0.4873899804710245
2.755964992928503,0.587595646156485
2.623086995131857,0.6220864365154881
2.850181653215713,0.12317558775762044
2.9638290130469778,0.5320716571473308
2.9113766200862825,0.5064420661472488
2.806071512064613,0.47029110137093894
2.8237167609718674,0.2511427630723928
2.8201860772353307,0.20268628513760892
2.7690080072479235,0.44679993144073127
2.700076793609977,0.4826898501628866
2.9020869232983237,0.25776849807582813
2.7422088071376844,0.41639602925621644
2.977519047766966,0.3214510371594594
2.848044008948066,0.29731437800579114
2.463743483238267,0.4093226738248839
2.533144330788081,0.39354955120275686
2.9481177598444397,0.2007126853324249
2.905159740093652,0.2310654459120622
2.9077599484122363,0.19546338343053593
2.7701160702945153,0.4123407398384246
3.010602800932079,0.17606616327500887
2.5150789056669822,0.6188297571415823
2.5051608606431106,0.6271406941530336
2.856232170278923,0.21588226795850607
2.8864163281654425,0.3843517931129477
2.518810715193191,0.41178139379730716
3.219602517565454,0.2360387576550265
3.3506291689336813,0.15583251596717665
2.429398946919588,0.4664029858047738
2.568663150294652,0.4847243415706663
2.588705716911518,0.3895058434234126
2.7532146641887842,0.5688235489423165
2.9475255037685657,0.37426566682737156
2.944461927101873,0.5474737853943702
2.801421131326788,0.440481938162759
2.7731511449102206,0.4045829581241111
2.7032873644215645,0.1920250097167657
3.2809878663719885,0.42853989811899307
3.3405040958705694,0.2794416154600834
3.002620130018495,0.1279037626127987
3.1128287796911285,0.27582451480281284
2.8310782906604652,0.2140149085828777
2.858086997385001,0.28312469090373793
2.940695092847842,0.2738133334973091
2.6539671607984108,0.2591288470383148
2.7741513534023357,0.43635029387924873
2.6773205975305183,0.4579738031092845
3.153566678406825,0.16537476869383666
2.901403539394439,0.3966204424348004
2.762060215927108,0.3994177441294861
2.8475134212312248,0.3180545547118409
2.887990190891547,0.340035734443294
2.6817865685098523,0.5277940476519399
2.841552716877883,0.4176503378199197
2.8838785802044913,0.5083161059418307
2.9821505922379896,0.34227023128172585
2.550585088940563,0.3943838160650971
2.8230359662996016,0.32501581391215856
2.763802415468034,0.30621166256515264
2.52481545634332,0.43532354468856077
2.4219323926589436,0.4847593613417828
2.733434990866464,0.6800371952343629
2.725110938955317,0.698611332953101
2.87447191774333,0.1708202563880123
2.927377090492583,0.2380576648692681
2.782842747461949,0.2696369748667305
2.904962076935918,0.3235452106944969
2.9650355968761577,0.26160929577938474
2.942628480428399,0.46703913264190305
2.8346740472261214,0.477241008039986
2.780768423517534,0.22350036367808765
2.817992399102879,0.23398240417907884
3.44215874727278,0.14934890365507744
3.461399240723593,0.1770899428764676
2.7687147325401003,0.20527145019619458
2.7988691685182427,0.2968779737082896
2.94138743359652,0.45663919923650387
2.851380073321907,0.1432189318935386
2.7650090759420443,0.1484908659895957
2.693678240477505,0.7538536685719843
2.4862190612377386,0.35020978835039707
2.8203188733338775,0.35042434851119425
2.7872856977448883,0.3249859084266885
2.830239293229816,0.34343683505119205
2.7346832797207608,0.41056811762753787
2.8645350716999,0.3264258530484371
2.843853114971921,0.2673008946596176
2.7660957191415925,0.38071770033193125
2.774316657193039,0.39104456301414914
2.7608882585855175,0.6636113440155226
2.4788201867047315,0.6521098052824426
2.9680293613647057,0.49944122759747744
2.9865545649292935,0.5013670355215822
2.9566781827744197,0.4641274360209217
2.9044980806937963,0.30286924027126017
2.852223657568933,0.40654627854015213
2.9900441944379414,0.15873584109793248
2.944492399325314,0.29506194184308177
2.84005235741915,0.432622823983075
2.7008010453550226,0.5215901441537378
2.679567152859473,0.5022357539124845
2.607836268932644,0.499416166204716
2.5153733089277206,0.5178813462359121
2.766570290049651,0.3322474296553019
2.786838603788103,0.3459778589597393
2.7313602726824135,0.47987846802965844
3.047574956750623,0.20189273176138384
2.3988739934075785,0.5870504567675973
2.506752884479154,0.6742848688583942
2.5125335421685375,0.5877033155076931
2.6812194379895993,0.6695377453837548
2.3941139792528725,0.6878753743918792
2.4764894581108914,0.8003080132114356
2.4494948409926467,0.6631613185321965
2.4553642452358924,0.6289727826637299
2.522501784341341,0.5466386942013475
2.717085477164681,0.5236618887373896
2.3900792422271464,0.4490993737149827
3.185196168776212,0.2733788752542518
2.8914170228996356,0.17632975730285624
2.991922419432909,0.24086129590633185
3.0159463959928945,0.2538375300316319
3.0297524453988274,0.14431600709443548
2.969783373641484,0.20700786003443197
2.744991239000569,0.4338825357530777
2.8130772962384043,0.3503859213809605
2.458656013271172,0.40230218063257
2.526582455970294,0.6208455797509825
2.591440133764696,0.5668906260972907
2.5782194724708707,0.6005696625092042
2.5413780031359705,0.6136807282303438
2.8096254150740525,0.4945019621505824
2.809554263680763,0.4971503870135509
2.9250580667446133,0.5500200531471313
2.497902407967476,0.33263405881536784
2.66480562743454,0.38267596863069936
3.106894951945859,0.3150121949096937
2.936405805744511,0.28196697745847454
2.902355069560888,0.22119508649540556
2.9169727766144176,0.19087131743519642
2.9111973584309014,0.17602297785436183
2.9129617210450123,0.3555517006945978
2.9345358839440667,0.19715233452996545
2.8633806756248523,0.37697379691156835
3.089844982735397,0.27231959475092427
2.5345320658597497,0.4030867662723268
2.4391904197947727,0.34484073751645705
2.756420974957986,0.24139635458198724
2.5301888382685176,0.3603197827347515
2.6158274077518135,0.6260679827007215
2.8092550955014852,0.656299710539365
2.786623221027901,0.5749939546217254
2.3473609314022297,0.5780845507832424
2.4076495258265114,0.5727073283971753
2.502112537662281,0.5693720652310802
2.8555766690658664,0.23474761229290803
3.0112863476892175,0.2363711378851741
3.005069771385391,0.24422010159272273
2.9548138438491045,0.2610235390001005
2.9073330782303355,0.2726905364130414
3.015854488641901,0.23255862031378918
2.770054706055314,0.37427562047852164
2.7961087138434793,0.421945744532924
2.802818605053407,0.4273085606715172
2.657063392833289,0.3820433988105912
2.9313667402572117,0.2885544917829761
2.8154100260416026,0.2956529961752942
2.818892864611164,0.3808246522206897
2.747460788451139,0.4603505583905397
2.8361734292334413,0.4635457925872754
2.9826929768082304,0.31286190204528097
2.9769882146211657,0.3149314188787068
2.9812912582453337,0.3146364118923658
2.9758285448347057,0.35895005279487313
2.896683501883025,0.5242258295074409
2.91241123585269,0.43598848181576705
2.954379037625109,0.5398641544763959
2.9482442022734774,0.2506739955538685
2.7495636356882427,0.293407066072852
2.9045053022207012,0.26046775239597797
2.793611565490429,0.0974521901790512
2.9008094170866596,0.1428205693598076
2.7689918636729,0.537936274366601
2.8232045177899265,0.2387521429144949
2.7229281417187234,0.4661981830450559
2.8677984197920288,0.4270481419418479
2.8722184252306544,0.45826577535701124
2.7314361656811124,0.34210449370746165
2.7663328096101494,0.30301808459348367
2.9210888160674546,0.2643832689921581
2.9735821251405703,0.2752601296523455
2.8556920949146236,0.333905912463692
2.8712723282462758,0.306729492239987
2.533982479061805,0.3131420325314783
2.469945501126563,0.35668709891533423
2.483413129677361,0.36225218922780683
2.5106918263426925,0.3461819229369832
2.6594949974863757,0.3142334149510583
2.756938756632612,0.38614097492030086
3.047554082961453,0.25526764375805805
3.168458889906211,0.16025717956267888
3.1027292341809245,0.1600468740669008
2.955408086315711,0.24853095440398804
2.9812878453479548,0.2524102676377329
3.0715170137234264,0.2874568301437683
3.008828115991889,0.2257334629195261
2.885390654069737,0.3428235067010041
2.8682609478139165,0.26355409284879006
2.8744603649540204,0.3562460177008059
2.7905905628010164,0.2630979701577479
3.142967199178978,0.20291815462885923
2.9754137822682836,0.21821700176442646
3.0738320432913944,0.10946231455096836
3.006566731960014,0.19720055726725472
2.89446975632771,0.08792623923341758
2.9705564942146165,0.1354700843429338
2.74662011211687,0.5153237645726322
2.911863287521886,0.4453039695234804
2.985129818860599,0.35590797847435807
2.6893366425275405,0.40801836534951746
2.7274494577321997,0.45841705838171043
2.6906880791138237,0.36178076884097615
2.6256504286375275,0.5447699582922702
3.1878978222074728,0.13227635846814573
3.199097511076074,0.1788339641043485
3.096607690191713,0.25459016583504146
2.7901121189053546,0.16553289968575075
2.8078122745718983,0.235414672310213
2.7548011523023423,0.3801215193753148
2.743771323172869,0.3735228662471556
2.7156728583329564,0.45094961742124823
2.9804150671181415,0.399144544689459
2.910031094231069,0.4398838392216594
2.7219576581553087,0.30754813978339546
2.8283693653765423,0.4737684441550966
2.9437152350563895,0.5198819857920551
2.806981255575619,0.4063259490555958
2.963733611801966,0.37382698024344707
2.8589658172740955,0.46359052491120695
2.6365095932885536,0.6482501351368801
3.003879332928387,0.08424265442934092
3.0959345368155184,0.32580964101611054
2.571317908871398,0.41913582296317536
2.9668149473057115,0.5657237856120262
2.6272162421506926,0.5208763708538456
2.7990514850840396,0.49474770234480425
2.8175886520813207,0.5542766777765155
2.7070813258783364,0.49113180278303115
2.801931609527994,0.3066859626009182
2.7760058317005436,0.32404084204219247
2.9193805943809417,0.3780723544779934
2.799003099189301,0.4072526893561
2.972992479459221,0.2587560200612902
2.935987072664715,0.2694849648890728
2.9413527557270154,0.18535868961155502
2.96956533438076,0.21075937090376146
2.6058964653726036,0.3913709235187177
2.712501110731858,0.3434764470787519
2.9831625134668296,0.2120067643289539
2.8296583468948735,0.4216982866612978
2.8816048800353458,0.5701044151798789
2.8530376199097054,0.5363180379924718
2.561547773785017,0.589732889050972
2.3630424013885762,0.6144371492768119
2.70363251019721,0.28670211051724565
2.755469667199982,0.47843435564766257
3.0750994438928756,0.22670883700831052
2.7653648661485306,0.2979690180732647
2.7209356468935164,0.3214742686278106
2.851771520475724,0.3180056857826946
2.961436125466774,0.16819427611581342
2.7636537778573436,0.521863265587931
2.6306010445043784,0.26298302293337245
2.6462792685941943,0.2603303949817654
2.587867385474641,0.25295275432311237
2.6095408683057415,0.26774504765271
2.747384441346228,0.2960157441905594
2.983310050918551,0.49024869980430313
2.8683003834253507,0.5971435062922799
3.0372967251883964,0.3110404778037169
2.8314404077320763,0.24490292685879791
2.8733713891863553,0.3207986285376068
2.545060921855085,0.5077815443259911
2.4272229374456757,0.41694231823966105
2.5487315180865293,0.5986500700644349
2.660033423902511,0.30788219449017884
3.040194328722743,0.3162613541909861
2.946199341733475,0.2797186054128735
2.6712111695254266,0.3776889861844096
2.872846235648756,0.28711026691290326
2.8288977300212386,0.22283499568301537
3.0631569888251233,0.2764438293233685
2.9933330157537306,0.28620386915336815
2.8246180288703533,0.3073539410114289
2.9544603796007496,0.3679116741933216
2.884109524704213,0.4180982786850909
3.0487765666428928,0.40619899945050164
2.9029340655310127,0.34537138998803374
2.7981568723442907,0.2993814100069321
2.9837753436692562,0.2386703201821788
2.8667934205493544,0.3714332564350458
2.8414326006430692,0.4031079423423031
2.7609374898571666,0.3706115226808633
2.8089711669103496,0.36379396079833165
2.864875836760324,0.32802563836688625
2.949060231457804,0.40962083379301306
2.6486915808140115,0.4450846308715879
3.059897341117889,0.5009615264048318
3.0106258838287556,0.611582580820395
3.0973784371046995,0.604894725512854
3.1371242114218303,0.4976142863808061
2.552038796453528,0.39591197183434124
2.5269023485134037,0.3727097244371509
3.0128223544002903,0.31413820957668903
3.121667909358919,0.17001533236719646
3.0692721484434413,0.17006223145930796
2.9482479893837312,0.2843216735966821
2.8671521254591776,0.33572532828503465
2.7884189918962203,0.3073357492322993
2.942843567004449,0.2989898471056422
2.839676226711353,0.4329818626628759
2.6356141681148895,0.5258585885473196
2.592780010978903,0.47677942151081465
2.971132149581556,0.335801164689226
3.0569434856835547,0.32557810842504553
2.712740846086918,0.5890873773709205
2.8096779574713695,0.21733498438371618
2.732489216940256,0.3854186153737793
2.7384247794985415,0.37929209723311896
3.0323788978802626,0.16120021640958107
2.7563754681171715,0.3003762867951594
3.244189025167179,0.19893311257825147
3.212918703412207,0.21602824603771698
3.214170935079747,0.21719296579758798
2.891066176522339,0.31795152556555234
2.8004393587372,0.3919628192518829
2.6773974213565794,0.3002677523909216
2.710021760959372,0.4789610113479579
2.56475662573093,0.47906819231331865
2.522944517153526,0.5208857518908919
2.553483042640228,0.516644414771162
2.7451475997625683,0.3754982786221669
2.798982951145299,0.49846174714636665
2.9185632020143473,0.3728983332347815
2.990433771316947,0.33876087860390697
2.938946999258287,0.35619214255803144
2.9142562100936504,0.34369676624823364
2.8438255996071247,0.3635916695094907
2.870004691371757,0.29398846682493734
2.8680252356571803,0.30808202587602207
2.8648438872009208,0.4121523978657464
2.956866942067737,0.31865882880379076
2.7653975719783603,0.2910148734585643
2.9827583944867064,0.32090259672433097
2.4442098736964235,0.4303001683915538
3.1122872058383573,0.271910863210725
2.5991545629613055,0.5007748080506672
2.8056018677913213,0.315682449931104
2.7536913807051917,0.3419194533895472
2.9041298263881323,0.2768536112496374
2.6756417710706586,0.18193620315069423
2.6658761158492794,0.28917374038891897
2.705536009388665,0.4742039381609099
2.8943180679761844,0.26713408918568615
2.752211377260883,0.4033287293465726
3.089523500951797,0.28382639382827396
2.9655505689562944,0.2496411502455026
2.934491189843274,0.2842186245769847
2.9316888279030024,0.16059438351673969
2.8770243839161074,0.14256982250308797
2.8842952332844827,0.4251777275592177
2.947523907157824,0.36972096149756856
2.896707326362491,0.289952914642785
2.7744925130338394,0.31307016361982803
2.9473562968100047,0.24880750419752168
2.8832448880231407,0.2556983511716358
2.658112803612021,0.3806311671980433
2.8665445106383287,0.37354776601772893
2.950035410605851,0.2766376627025235
2.8712265456285193,0.30737352084837277
3.023034849906395,0.21380498989275762
2.5799060399767235,0.49695977057650403
2.709817902017999,0.3582097687653733
2.724347549811731,0.40785097937248627
2.8745626359817917,0.29638879425543085
2.7445317690775273,0.41765036468234873
2.6660710268450374,0.23459281409823304
3.080550051063229,0.3908332922797306
3.1670742603818205,0.2226983742618556
2.9492632315218623,0.30122520465365427
2.7516530013857343,0.3190440157738277
2.6539805764849413,0.45785069638151993
2.6858613331927925,0.5151063537289391
2.857476452809522,0.24818731506663608
2.7587903896190515,0.2727107702520803
2.8213270878796686,0.32850332205995636
3.016534080421982,0.19620736370061312
2.979408681402671,0.42301537814185164
3.1101102479680613,0.37212044985561277
2.858244912848422,0.13639980651255132
2.6097686217958684,0.3708917734776862
2.8542591377646556,0.28147063627439967
2.855566874311561,0.30367626594311264
2.59748682083572,0.4093608245387607
2.8912080849684667,0.3581153972648027
2.9791196416122223,0.1746606542733499
2.654977942389989,0.4049968124647479
2.9159029370388034,0.3419906370910663
2.922364541118712,0.3555443061274793
2.7753819618173567,0.4083823267999704
2.887695141026279,0.349176550437475
2.8729218311228704,0.3665168972579727
3.0328228097943417,0.32138544788530976
2.9991411992217456,0.316204281171047
2.825468750446732,0.3381560630812455
2.7266643453641053,0.3620290831821681
2.717826823646405,0.23378481346768193
3.14985370915354,0.37543609934679373
2.6947891642347535,0.22784459112029157
3.189865525357204,0.33919404940005143
3.0979348079815217,0.32705851378381257
3.066869702395498,0.35249670512768266
2.7152940901336424,0.38076613224645317
2.863452918428705,0.24889019381178987
2.8791801815010305,0.1426437789535992
2.8532346729609364,0.19540250291077815
2.790916558429232,0.4160664686962878
2.724128621916822,0.35790097558371015
2.9710757900742886,0.28373282807226896
3.0407862768942033,0.25248721331514673
2.8162178552507178,0.2883853405128031
2.6797390673921706,0.3775676018551036
2.6667205150457645,0.37421246628637633
2.8877856914073923,0.312646716283078
2.71566644500133,0.33012257542674206
2.9658567783207914,0.2617826990444251
3.0002509130527604,0.3318939875924824
2.79948211297007,0.4325109830528708
2.9663909436422213,0.22411526969135553
2.7334225422291656,0.32481959111019854
2.8920058786020313,0.3071083314616915
2.593535325547239,0.4038921972696314
3.1516119860105514,0.29941135638290234
3.2959653257114905,0.26705456892037516
2.752621254125284,0.19279015900787502
2.8293742516339244,0.30803544789473647
2.6548793921216167,0.41970154069083687
3.014937632973036,0.3427075870247621
3.0470497223977184,0.37419929125437007
2.646469223029498,0.2991351923264905
2.7455156513971857,0.5364551863272756
2.7414000696594973,0.5210415503526235
2.7591322312314532,0.5145014142247917
2.540760966503987,0.6861003008677313
2.816722832894405,0.6437859692747196
2.5494654561162524,0.5377182314946903
2.953554997056535,0.3085817245446796
2.6232680400231807,0.6977615199662854
2.8441459319846367,0.4437125574704107
2.8479155292805394,0.4099937001612237
2.917642084539193,0.21241565266977266
3.1824440151963915,0.21920310344907976
2.5562721491898617,0.38575724950158136
3.1325321189271027,0.29872448905149895
2.769191297048229,0.2789468598411376
2.959841217625726,0.3315671154895558
2.9614650581212887,0.3061169177882598
2.796267838017941,0.48090957950575036
2.8832581287749983,0.4667345944619224
2.810281144953675,0.47738076729542367
2.874439657302378,0.554949482792469
2.7074354968169025,0.17731100844423683
2.91809583146487,0.15365093754389159
2.917487351018258,0.14699537161688317
2.928744078662947,0.17361786827243778
2.623862461352478,0.44809510273296077
2.878437721096075,0.1923429091804962
2.8409838652471664,0.339760321843593
2.860565219851293,0.37081365768191255
2.7150859876828015,0.41561750487315513
2.9082762546949024,0.24528430163705708
2.589997542192617,0.49425466657741685
2.7061203659381468,0.4119173636356411
2.7294089502438097,0.2945612946126437
2.842180987408986,0.424286550102697
2.9215797237048977,0.4203541870983799
2.9732773227261537,0.2698853398266034
2.9280248158842865,0.16000745845314657
2.9085901242416123,0.1780294818299792
2.811828632904771,0.2862056564858657
2.814749219285338,0.28399601558379944
2.7422554132829378,0.2812754638327952
3.0664824022077193,0.19620286576552404
2.9768734110044432,0.2904001731010414
2.77292320718427,0.34243836571955566
2.85684282988428,0.3113759784049044
2.6684595921482357,0.41063264428617563
2.541664053592419,0.34859868533531324
2.9192310227871823,0.33338412691314134
2.9459052494393196,0.3323968661242441
3.004539204211127,0.15777248805461971
2.933949030341762,0.5762907557030055
2.7253949458593416,0.4082141033538769
2.8147506355989425,0.2731263562477995
2.707096362159267,0.2657651104196197
2.6362903991138955,0.4041619863087841
2.9092886725129716,0.24827950706372107
2.919017092096858,0.3363761186905343
2.8909630968539743,0.5124312475256365
2.5311134839945453,0.44275098960292153
2.6298665803967607,0.32359560894600187
2.5977282396396792,0.3522633273453143
2.635741201419081,0.36104927240795637
3.094801884219682,0.34445580451530267
2.9854986023419987,0.20983973762853975
3.0920042135548162,0.23372124749233816
3.019040235558204,0.22971242202073852
2.667345466376479,0.39811519847224064
2.5727152524251364,0.36532995348184744
2.7410731683465324,0.33814293203546025
2.5336060785649757,0.4201751229860476
2.551561845028094,0.534628847932299
2.585064085643387,0.5438976224893144
2.3567774165796678,0.24449649334983725
2.3892123781101606,0.24914875123435665
3.028709497933113,0.7036863666429825
2.897702218716197,0.6052849215810551
3.046484678524388,0.32171029465243894
3.171829480845869,0.34509595431483336
2.666512785755673,0.303915477053725
2.722722981880465,0.44898108707459145
2.9555378143114446,0.5637548577489301
2.860077563165107,0.5263881100058726
2.786152874945052,0.4309144986039258
2.7283071779370704,0.2934836827768301
2.7338889439256997,0.2792038004067234
2.596310413139518,0.36542653538205133
2.9611109060360428,0.30050318460889397
3.413967145846647,0.03214494276099414
3.173773520095605,0.31215510598217416
2.8760186951433515,0.16643263403358352
2.9698847724842192,0.2527385516035081
2.9170223847645818,0.2725418491810069
3.050082942818611,0.24976184485487732
2.753742395471288,0.28192552941864496
2.968301645405022,0.3558773683283456
2.846571648264724,0.2554767385130631
2.765863946070231,0.2735481370710098
2.6739006853576917,0.41515036135259503
2.874836574620619,0.4638912596490189
2.889907568435209,0.49687501072132767
2.8465416487699047,0.5505127680821584
2.7801349832803948,0.4959467280445614
2.7018956802701117,0.6965844220552009
2.942007281150247,0.15330367492136576
2.9740844778275934,0.2511370325211645
2.8885475341090325,0.400445839355706
3.1376626763335556,0.4719735596669188
3.1555468577182673,0.4792874097550332
3.161764116920628,0.4778339869325987
3.1485677854305636,0.4622794634851041
2.2908505726550166,0.542144880045961
2.4630711997866217,0.4621154952406043
2.309468009915815,0.4303381307746341
2.623530392004447,0.8376481730719957
2.7465317437727754,0.6583516284920412
2.768649536567321,0.3076590841711827
3.0295856614902474,0.3492483366128212
2.8919455192526113,0.44717375228986433
2.8883808414001306,0.43554395961245373
2.437329984457455,0.5223444098728272
2.9010981003512777,0.433152583881306
2.656149103865665,0.3292200284349493
2.686838687290903,0.2739058492739715
2.8486480787648194,0.2782601133881168
2.6112740777393975,0.28259372355901946
2.8012613989918345,0.34551063774703333
2.6251108749184424,0.4034828141284178
2.6844267800961847,0.32887906064045785
2.5826714624927387,0.2995626141214565
2.739497188295046,0.4683862490685168
2.8239942374195186,0.20967503517493552
2.749921800711321,0.21493778241672773
2.6706133398138947,0.46039181303423315
2.708146721292306,0.37388790260628696
2.7888573015376217,0.4480282184348828
3.016612120089705,0.21475469878838732
2.9548682008400102,0.33100224245633725
2.888284640651148,0.2639879292749496
2.63583120073177,0.46713117964686246
2.5690296634543404,0.486560425956546
2.55386231945738,0.5157155877091512
2.6238729139926,0.5221367176558753
2.488403576255408,0.7696208913735
2.5519338675771324,0.7315238775051205
2.8359295211539406,0.5024899304921634
2.848533705372559,0.5104073991645168
2.7705020790869552,0.30647100249308856
3.010222393573583,0.15892415173990326
2.4532453881831513,0.35258502903646294
3.097776875180555,0.36202511027596457
3.0648107049719564,0.34779413625913475
3.1361173823180506,0.3603192897455864
2.493202025200073,0.3182431360346469
2.729382371512287,0.26617869716490694
2.7688444418545983,0.25581848536788493
2.8563102982944093,0.41956677927262587
2.731007535700791,0.31236037528849536
2.8023737531246335,0.24333842572307018
2.7375216424997255,0.30901508357482466
2.7368408689573487,0.2238229402401517
2.8417708940682966,0.3877041713744845
2.7781923600526435,0.3140493715679985
2.714271525285559,0.4609782568720094
2.922260730866332,0.2057030313204026
2.68311446417068,0.26422172126566984
2.749634254834608,0.5865252344928344
2.9990039404119355,0.12458869926162684
2.779620692885665,0.40648770709908943
2.98029888285041,0.4124327093407136
2.780605903297498,0.2984619693225976
2.781555001955363,0.3905562364952248
2.6823453899338916,0.24423705726576656
2.6705372028003835,0.6439471307771214
2.890069799955122,0.22252939250469342
3.0597163288288938,0.3066904804809533
3.0127400326094667,0.2256932862157289
3.086641704775184,0.264991764442669
2.822446252402647,0.26418669463203137
2.636072451209756,0.3813130239464706
2.610213675210986,0.3624229700010779
2.5972199376880925,0.575426291656317
2.6823834200050976,0.5032199767032512
2.9209566495013384,0.24540554997599445
2.7606826614924214,0.3777402679655152
2.8862546984386324,0.23281349659469658
2.743089357358084,0.4614890834994521
2.7300890324045572,0.48348134128129816
2.725594489332624,0.5431481136688369
2.7969981860639916,0.45632919217573303
2.5852047954042896,0.2751918654798077
2.703566908230107,0.34549324901201023
2.683266229344495,0.5234179556794253
2.6675332272366967,0.39544605271376204
2.701723545913278,0.3715865328980063
2.841696808335974,0.4733165842903531
2.7336501706600007,0.3466320232496717
2.9460595499367783,0.5269289325838911
3.0546366120414064,0.3292728022819499
2.775273536407883,0.43497446298843134
2.784621311415627,0.4305871264755928
3.023749065604318,0.3246227608638267
2.5726042836721974,0.3692249277603278
2.6943790896442152,0.32085901275534967
2.7348966410894193,0.5260266924801718
2.496113459625725,0.48079109100003753
3.2256705646057795,0.27267740350283753
2.466213957809765,0.3567492537015901
2.973271348115358,0.48989152807686004
2.6198403215929975,0.3499434872691006
2.970036436034711,0.39567954219175877
2.920550357978506,0.1612869102032134
2.9249059550627607,0.29568702800690067
2.7505050491433574,0.5027707441326265
2.778251063933325,0.4537466756110999
2.7948001446541597,0.47672887030445416
2.8692342711766257,0.3548339636039721
2.768516038778714,0.4755418157119151
3.0018825580947768,0.2514422000420726
2.826568587631655,0.4092158393330108
2.710464041798024,0.34786260768272176
2.7011212868715684,0.3551898362228678
2.7119758046119147,0.3322880090503725
2.6918547886086515,0.4414977628564414
2.9053094352662496,0.1677693633303631
2.8179180162004007,0.4233149013954483
2.841458960243965,0.4088409414738233
3.1269464964018776,0.37746734858584996
2.9716417846044414,0.3511854362279925
2.8769122020339064,0.18887398180469872
2.8977340949435018,0.26710395093066286
2.6454240535142803,0.4512116202934435
2.7337904998466422,0.16503297976920334
2.771534153881712,0.38860897262954625
2.9299854974650996,0.20238397665470773
2.883937462661872,0.3175183666361929
2.773903191393314,0.43202744094922074
2.9157996032578954,0.4199984637378516
2.77500624595695,0.4693732705369882
2.531431880755655,0.35984682870495094
2.545724136351895,0.3921163834760977
2.742481831478048,0.5660055839576054
2.7209305734943023,0.20866872746278298
2.717377275606731,0.2691392679775716
2.7961004558187845,0.4564469629232034
2.704104971270165,0.2740394996690311
2.793428870642365,0.24879788051555776
2.828981467926638,0.2908591446249951
2.684301388037415,0.4209351491031553
2.686231284715624,0.4193358605987467
2.8872423099127036,0.1753476167209221
3.064210332111167,0.4018775845970778
3.241759686398128,0.42342197769205814
3.1120283456170994,0.10873357092818048
3.090663962743845,0.1439140957455483
3.1701597163183575,0.0771606145760018
3.1663790455851486,0.11089811458315907
3.19475150902242,0.1790943180199354
3.099478070837167,0.18011924583854405
3.255446960027807,0.07351209200719913
3.178103942223431,0.1316320299121497
2.8211558047173266,0.3168914674228939
2.9374996524322063,0.2161896887421744
2.8717926339154722,0.3651597165215188
2.75070916350327,0.2941016593961615
2.6919948794098483,0.35699502323329646
2.636617120028921,0.4295736772286749
2.7115911452429016,0.5118245867980783
2.7147713943936873,0.5340566390834788
2.9041047007113963,0.31550424499836516
2.8458605007109834,0.4189849885892275
2.7539773051209115,0.41721985231807734
3.0536928636571528,0.37647980324986074
2.8869369910422717,0.38767156060866875
2.7023732071604023,0.3940162236405655
2.696714809161716,0.34599943551785217
2.8886731337109492,0.42996079826890893
2.750453111178984,0.5702948021713131
2.907598863285113,0.4333726333806724
3.115155523832254,0.3796791186714405
2.6651636768362263,0.24395777803059396
2.7256237240480488,0.28196760800140774
2.7149188627606584,0.505979963639583
2.9968567731434272,0.14706643490012852
2.922414397636862,0.2569392261680092
2.992563046221365,0.2615585119476459
2.87475822255249,0.3524125051306821
3.026029898973104,0.3170079377173836
2.9196824936275796,0.34113212521138103
3.054213596954886,0.26351708007876773
3.144070388226945,0.44530374237739456
3.1131747063354878,0.39860229333789093
2.9906056779103167,0.08842276866766857
3.059550412208548,0.41359435551750223
2.965849845395876,0.5264347419239428
2.511168760049386,0.3268893861394327
2.697215748154791,0.28133782021556547
2.7027451920564953,0.4562511579869352
2.6751776503128437,0.186042690225461
2.7542662724821003,0.4169827324029008
2.901360878999755,0.23225725696534455
2.8134586095947474,0.2114943740806584
2.8214394089394186,0.20453427330522286
2.8516810044528538,0.15130047391918966
2.7504252502339965,0.18570831025549336
2.7602475948517204,0.18720523613054788
2.7565879196596357,0.2531997038893571
2.7665779815756233,0.3985238158137359
2.8264507059149704,0.3295354419840698
2.7602796047396136,0.28085652560893143
2.8525102090134435,0.34581114144910796
3.0939189267423135,0.3231658082942404
3.084334091813998,0.2930938368367426
2.8402567241054784,0.444581005301924
2.9215191868255865,0.4632571019127493
2.8032892876433313,0.4998758775658477
2.8695657130270398,0.32873376816835365
2.7948030036869707,0.3263345877171917
2.843173060294298,0.302463180502808
2.7223567973604985,0.35988819825565377
2.7293254829650397,0.3087936259002655
2.5668189040373255,0.2827432941286624
2.683442896159937,0.29667086567021966
2.746011286535904,0.3656307295542216
2.9859703466351766,0.26634847994371874
2.8568173711539884,0.25603021243737034
2.770669464253826,0.2355493269117161
3.0516235344294405,0.297500377065139
2.758011887309729,0.24946523956619066
2.858383262410084,0.49162094311965854
2.8172432034657726,0.4444294448366865
2.856429982746184,0.5232704405848824
2.9627079017400715,0.5218186375026737
2.965750149286197,0.5144233792476942
3.0513411718614063,0.45823894268181575
3.0810754746633324,0.5480361852222075
2.933018729467707,0.42155322998167266
2.9089848865655576,0.572310605901141
2.8064516730543883,0.5394113823406577
2.8775063311695064,0.4296746051556237
2.866148258661766,0.4425709555938249
3.0249085384763577,0.44813581546227504
3.032134802424596,0.46371540887454943
3.130397471972631,0.31513825529641143
2.517733540357774,0.3364534237384962
3.126704517350919,0.32181805965587607
3.161249735686464,0.41507974525063157
3.0876377091558247,0.4252967588931748
3.1307814624051478,0.42272658334155977
2.7647098057241113,0.3967021419445344
2.9589084450693357,0.42278136631388846
3.343768678554654,0.2648839634722134
3.20016270226667,0.17315779951184082
2.565331731289913,0.4854666305916025
3.0363552811413315,0.29723967046613453
2.7285368423040097,0.3278262087109388
2.632765700079425,0.4488992748812355
2.938024531147725,0.5210514383448714
2.6202088834733614,0.4781015876915572
2.4829854168762395,0.44756679291264445
2.799322203811999,0.3039418793365209
2.7700100800159726,0.326514125768924
2.7732411962969663,0.42916563497713794
2.7168838868551513,0.5753681805866119
2.615308404161756,0.5483532649095847
2.8234615612035965,0.5142096199346392
2.8728558977661804,0.4003704026399869
2.840177573790754,0.35172560732784075
3.0996314187066525,0.18853789018927722
3.137011934883327,0.21874427681626565
3.163764813224339,0.28443277862741495
3.068833223963002,0.31052845494542214
2.610693275477844,0.5509509949614096
2.621523497418769,0.5256891985908146
2.7723188913326298,0.3446802810815181
2.783332849858905,0.21082134296351818
2.776811984991169,0.19196923378927894
2.931591673949498,0.26022086457447136
2.7619340206154614,0.39836909749735405
2.8875094916331654,0.39754593872615673
2.742276763970736,0.2879543743781836
2.839553104340476,0.29866904389534604
2.8413508995404606,0.33170882345101393
2.767956618767231,0.2728860358782953
2.670757496861189,0.2709399724642288
3.019065335375363,0.43015986575210136
2.5960815215641087,0.41034167319431775
3.0725221128464977,0.259009269892568
2.853880911998412,0.25074504417254745
2.9607109133290237,0.27977913105964697
2.9696558511386684,0.28361172163614046
2.7522861951550444,0.3254127575733906
2.7104266717705694,0.27764055963447887
2.6550935234966357,0.5452696307287999
2.8574327342236523,0.49781138603828773
2.545915848260143,0.5162975059750773
2.635436498660657,0.46281123791391054
2.884707290752301,0.2920857401624272
2.8953475286599293,0.32867751120028704
2.926520000927111,0.34038512232330054
2.765227205786785,0.2968836781267823
3.0061142477040366,0.29008896400110123
2.990636236136905,0.2945492158375231
2.8372723843402974,0.269654820795582
2.73899071349571,0.2976715630122744
2.721341502079476,0.3061875436709047
2.712302909272076,0.4692754724876184
2.7416798388716317,0.33710924102418394
2.9757469064165774,0.4467662124272701
2.9187797209845674,0.5043403972982438
3.030581528877293,0.5647099962074468
3.1492307476394337,0.149086323724872
2.675380229436137,0.30656369220351737
2.7784685384209555,0.2781139629659001
2.7958643010782414,0.3753166433741255
2.8979223844415967,0.3191378102189718
2.6704557509040856,0.5480210740732271
2.719145621756583,0.48126306795828516
2.6143521696857017,0.429522097549822
2.7820743517961795,0.333037377882778
2.907569671365648,0.378506453901133
2.906639578045517,0.2792353686423553
2.8734106633306946,0.3528160501128736
2.8027896667646415,0.4194447705451191
3.0173610704038323,0.40344083721659946
2.7521053291422883,0.31537536581461123
3.1320854798674795,0.22589047295875572
3.148353285560694,0.11018523755277361
3.181599517285998,0.1497500152581679
2.7479845253342616,0.38670662073853246
2.9403732862814276,0.23495688360465075
2.7277823348476273,0.42141725509367783
2.6688835319495188,0.3544617088067539
2.452627457160684,0.6305335804798536
2.416639633732382,0.6226180509687521
2.413111916320144,0.6015167829469608
2.6629031589977115,0.3772524314815379
2.7208759882772795,0.2754679313583658
2.8503905055059064,0.2661798871705308
2.727764301116938,0.47487117863030265
2.8158580575960532,0.49831685024404015
2.7344179270545075,0.4143692815698793
2.825123423804579,0.3912204915578791
3.069678044828287,0.3013339727940784
2.760818732500705,0.42365644289231236
2.78315146505961,0.46932026305705504
2.7384296580733563,0.28417673597507676
2.8493422842553775,0.4547394579882209
2.7886028229173423,0.32735114869508314
2.9458058012444375,0.3226720748123151
2.77617129110513,0.2668969594604353
3.070805472089833,0.4462980491257432
2.80424118311244,0.2739701468246976
2.9393802078711717,0.2925230767970672
2.9348729636217223,0.29436442580648436
2.8342531845026606,0.2680378081325284
2.8481519256292898,0.21885908887857317
2.8319106521224775,0.3949481350090452
2.744233543668968,0.4999045337557285
2.7912536510066643,0.4932196535874891
2.696717423965341,0.2778122483502003
2.9507179100349257,0.27904021217674374
2.9483918236723285,0.22154828222473763
2.470734012014808,0.640608596701361
3.1517794075171826,0.025356373422690277
3.1166857266184853,0.048853327917449695
2.9458387469663827,0.21604264647771726
2.9701042718712243,0.3348118811096723
2.970100565385204,0.33818600227938017
2.847132400420787,0.2776149739284094
3.013733269726784,0.23914371497335976
2.7758533539474146,0.3411244166491727
2.7088413099356967,0.24602830487059454
2.7534051583622023,0.4396357545380001
2.789883559672762,0.4409767111207195
2.8074231932315015,0.41754857708350507
2.710115651419564,0.3714115891490515
2.741154251651528,0.5291697107903175
2.927540647943831,0.1720979858393023
2.815702504107969,0.14166364456174854
2.694205247909863,0.6398091709464917
2.512101076820752,0.3047803284319198
2.8607691035145097,0.6489717281715447
2.7219709906368603,0.5598260159308996
3.046936175163189,0.49718862305114303
3.03343735220974,0.49394780415967754
2.9636468731538215,0.45745978890788624
2.5081389907087837,0.37892625805189417
2.5629576730315073,0.3533892439999865
2.6917284279232856,0.6094408939335404
2.7091679654950274,0.6809947193969318
2.7613335642098225,0.5531329666531946
2.7308615726916226,0.5256457614382656
2.7854432437095116,0.11868886903761154
2.884452778990001,0.7698074977841768
2.7349105742340623,0.6441699741556147
2.6158525568193647,0.6245543153730236
2.9133172237878084,0.5532475955675562
3.030082049107047,0.5825562701502593
2.68139424750102,0.5379109596187212
2.6808764868871364,0.5991322052799344
2.7092613281104483,0.35928844436963653
2.581287708394436,0.501754181817714
2.9051667289614325,0.23087984712940587
2.920657314280045,0.20110363028414194
2.846560474186709,0.3426074862663704
2.9612067130376785,0.31920115712608094
2.696091703565393,0.3783848469705976
2.566353938094838,0.40909504584659123
2.7068398839243906,0.6833291070356261
2.726173988678362,0.6294862695775015
2.6914766454405714,0.41226602857898886
2.7351017819924484,0.3598756243420729
2.7152998394430523,0.3636431320202924
2.828502681451476,0.19511494874915233
2.9214368007942597,0.2531822738044459
2.653371522359163,0.3789950509586716
2.7284958636372827,0.28731015869072374
2.9711607460287217,0.28389347811284826
2.7999682910912687,0.17151024174522048
2.9418861954360676,0.31289466538964233
2.8337983763956722,0.4208028327481424
2.8351271755414627,0.41524838602753034
2.9542170561836367,0.4845082047598863
2.425282753520206,0.37280495340337905
2.53273140342463,0.453569666660699
2.6809494638507494,0.5836111912828532
2.6936687609254024,0.5948117147456289
2.9846248050619693,0.36814088083982305
3.0801761806287664,0.1851155533009661
2.8213743676546494,0.4207460085836777
2.9443857622331175,0.38017028968090305
2.706622473616495,0.34253771504532843
2.7762323926654218,0.4024794268701744
3.137093686774989,0.5723730267325161
2.871596218110112,0.6686660536137445
2.6471453748555804,0.4133613594354371
3.0370133420679926,0.3233162616333387
3.1629729527625763,0.20866059574009058
3.1248830910767804,0.21940638542961924
2.5925335201123105,0.4533740074327143
3.048675763946854,0.2000240231740849
2.99667374194896,0.10578988541118849
2.6685286172290263,0.6696692066462597
2.774441786048843,0.340935786016567
2.966653655163837,0.20543910510675614
2.958634693826305,0.21511761225202472
3.040639823310104,0.18221137401728102
3.1467277138304373,0.2144458815895723
3.0034203454872257,0.20537509609699872
3.1337217926082395,0.2724912023949088
3.192813330229985,0.30281743502853387
2.7945287962516825,0.3438303871152882
2.8080269378802223,0.26729263009010146
2.9908726910968806,0.3684697397119347
3.0041724164858947,0.33480880424115095
2.8699308986410776,0.18057409679817352
3.132679063429378,0.34890358341384564
2.5850851622510786,0.37194858904172406
2.5724726823045727,0.365264749635451
2.847258630926412,0.46967222682446563
2.9156121976914253,0.5215394260069831
2.4650939217413406,0.47165512404293725
2.683191507458663,0.33793174759671185
2.8029492084787186,0.23256713639000723
2.7999865025031188,0.29357476090817075
2.8181916972975163,0.4498561827873143
2.9539572851231197,0.36801403267227484
2.8565744111833666,0.41169835253603637
2.892958132108408,0.28299702446798874
3.028713743376786,0.24124234487566412
2.600747537093827,0.39625173116305457
2.6112598936981053,0.3956770710504194
2.7613741937791794,0.30957258096171886
2.7257606606000375,0.4325757716766993
2.9292572762247397,0.26273517419228837
2.986304734936044,0.28019572761178146
3.1214611677429005,0.2185932383955613
2.6199780303045688,0.5131723535829126
2.806000070380739,0.49375855122633705
2.8493259587453017,0.5027817264526211
2.8479408769502292,0.3466423004086569
2.899986607444783,0.40965031038932637
2.866307436269502,0.2982316211444123
3.050277416151317,0.19768115109642623
2.709755414048994,0.49852937170576306
2.718067109331852,0.5025182326420183
2.8039485996452993,0.2257842805007996
2.951768043423237,0.4033674038968066
2.814063650234292,0.2080968915725293
2.8474898372461737,0.4651627516928735
2.8844156485366015,0.44767634563073017
2.809193102649236,0.4426357118085954
2.703425838080815,0.32105318248344167
2.6956536250418957,0.3046881070106851
3.187606909115256,0.24465450053979
3.109598704955835,0.2127288340396468
2.8712639718745163,0.35546096588725284
2.7953362853765826,0.32466733238879303
2.8942922276169845,0.321059814794145
2.954404022768332,0.3486772926986053
2.8784973642112917,0.5752038784765445
2.927179201716139,0.5322568118347106
2.8953311191842586,0.3737346014609021
2.7548950632083606,0.3349227773052983
2.487385978966228,0.5093026602013035
3.173990540269074,0.1581515686143134
3.0272986445135763,0.17615762532699739
2.5503685589934597,0.6134490330577534
2.6396337804014687,0.5741267506501542
2.9794882782867513,0.6450177434071455
2.8463412010443325,0.6041241379553725
2.663004512289738,0.3515738881555566
2.9590643252962083,0.23562409727922107
2.5330531277634925,0.4871518721854755
2.609720463882637,0.5404042565287703
2.8782085379525726,0.5489380429118675
2.875399661934414,0.525286229436781
2.8633376281050116,0.5190139024867712
2.6587784659008866,0.4943886284818441
2.651283128205629,0.40583495962615423
2.7886216332409477,0.27915230387466033
2.7737600297679195,0.3470306418449439
2.7123675834355057,0.4501460466228918
3.0298502573088184,0.38257128470263857
3.0207001576617833,0.39213269259112155
3.100609412058013,0.3816035359937988
3.0840862042240835,0.3527158653580416
3.1074902810551115,0.40149960048314765
3.0574858101483224,0.3994271082123794
2.800389997517192,0.2129781296059656
2.7321785689408586,0.18109093735943885
2.780333990557658,0.582962055499792
2.7908051988065417,0.1866511695115776
3.1745645562305196,0.3047255089622661
2.7265998515390315,0.25451903623677724
2.8038056975385492,0.5467485657627816
2.7621090250691767,0.5074840485703246
2.665342445966218,0.1935477060494251
2.6523830434287596,0.1626770405643711
2.6077754558759,0.23700053817527586
2.68930225406542,0.4013585563323132
2.64253311394451,0.26069460663535987
2.7608753934581216,0.3840002804522088
2.7823424612642573,0.45767080878958205
2.73489321133757,0.2707617687264073
2.5435251820362987,0.685465180832722
2.576061596414322,0.3065335368937124
2.667594504524429,0.506756188046071
2.7371307032315753,0.5569099710605615
2.6592604668984476,0.3481059121755463
2.978573549151966,0.28977441430215195
2.5311278091317884,0.41844299861304557
2.5360100670374046,0.4202622346259339
3.025238247152318,0.3105009852592357
2.7125296432009507,0.4042907502564058
2.941468545390373,0.42146383212798966
2.8673163578687113,0.44057404514330456
3.1324830630448846,0.37195324524512985
3.0485810762614047,0.3119893292501237
2.6383397938958475,0.4786764615350123
2.6655839449997663,0.5945404692101123
3.0281332822765927,0.32069706999881975
2.72714239413224,0.4450170981761271
2.739659497381027,0.2766505676472274
3.0996434852801467,0.3223799626902884
2.550160405517094,0.3962000812086022
2.650915352530927,0.5928236374662296
2.5127275134226474,0.4852607664738988
2.4967797701245718,0.5026861832620613
2.9731348231117183,0.16118289288135412
3.015632681864454,0.22220761400772088
2.5290059856877103,0.4113188127398206
2.8738511586027014,0.6064776668636879
2.9005984267508182,0.5698406652244588
2.6057344623645697,0.3750933910289982
2.93805010367408,0.2855898203957262
3.0268615854353924,0.1183578184623863
3.009018191048838,0.07219812132256072
3.096818760388329,0.31877127315528914
2.911941480318398,0.3358227167462259
2.8620503024327917,0.31144075856196074
2.834574938365452,0.34515366918687157
2.6703469150606467,0.19480186877502526
2.7290686556515102,0.43254646778445893
2.8197644000828963,0.37336565987995735
2.8083332587636574,0.5705931654846064
2.6184007294214497,0.35032186325092585
2.470340234026693,0.2848143693808728
2.822824201008266,0.27267088416233193
2.9264536784180732,0.2703227991980319
2.782742002500631,0.34310344489299255
2.8513968700264134,0.30625975590050003
2.736164995215144,0.38342626175178335
3.007468982812199,0.3953850875036614
2.7271066813469544,0.36008466374093495
2.71691320631289,0.2893848142502401
2.91291317088697,0.27327826437419983
2.8873420130504677,0.31116457164535943
2.7080405241472523,0.3951735200544069
2.7208622654674937,0.3109386749517392
2.712381543475057,0.34978817293637
2.7754491913815156,0.3069411220249208
2.918680987893928,0.33170079799051794
2.927823457377424,0.27823179767490086
2.809221931123927,0.36296527465035955
2.6890373650423167,0.31371516956661666
2.6870593165002536,0.4430869716420535
2.623317121342296,0.46515349806081474
2.666794770453831,0.44725553074415564
2.92239043645739,0.3914659846511108
2.947340207280118,0.34642331658751535
3.0762047110776862,0.15151661961822005
2.661880126020952,0.5346774217459039
2.5678866093417074,0.320936274362981
3.0684048622470614,0.4096710628116779
2.989529645734878,0.4767296342997224
3.190932510387302,0.3256102372202514
3.1865584801218843,0.30531599430643963
3.1023060698563127,0.29156971542085386
2.9900854720408776,0.280235054155009
3.271184008487307,0.23669256837332164
3.0285617032719543,0.3945686251137919
3.043671164170872,0.3987943635634996
2.985143064658303,0.2717377272550738
2.978899087871306,0.34449571287977443
2.8579155967031533,0.5089915609682834
2.7915630571842427,0.49435912379720304
2.849473666478354,0.1996844748541936
2.8427880469562523,0.20154651123898884
3.004404496509763,0.28928170526600633
2.796239950235205,0.34990225721342966
2.916591917999104,0.2627532397005288
2.9626865758460417,0.2490924779044412
2.9013066762612936,0.3126900670354118
2.976267767167508,0.3175366464267327
2.4839390938804327,0.5832488228448156
2.6477424972339434,0.3531046676898639
2.979534013122949,0.3458328117779384
2.9417059167109274,0.3405844596439878
2.9040058497572554,0.2732638147549488
2.854076970730904,0.35431050304880124
2.8024341536254593,0.32822493213783815
3.0709334088693776,0.17065732694746272
2.8785608886959837,0.23873445322474898
2.9665787543090643,0.2959980287998778
2.8232124688935842,0.44927383318668074
2.7263743443656483,0.3740377874971788
2.7357768735495758,0.46080971516086694
2.832659619139856,0.21810916436313738
2.6686827588374644,0.5286295602410547
2.688108529968252,0.25363031707423517
2.647945144476291,0.4554598815875669
3.008458955141671,0.5882761594157165
2.778747099764568,0.20489664774655034
2.7881700882574494,0.17371103486428324
2.949133521115708,0.4413691351135361
2.7804824047239185,0.30873902709050804
2.819012002990664,0.4053724384072484
2.876342952703869,0.4488275827862481
2.9504435825031283,0.3248934327945443
2.804660352424033,0.3373535708150538
2.7609353509247505,0.4011244615867871
2.738885336866397,0.434864307616923
2.7982419973175947,0.3499185644387759
2.90461328092364,0.4194661716821547
2.906389119934753,0.3892036724016521
3.0835314948945736,0.1897998495783779
2.7499965683927567,0.19830742749573207
3.007421871124759,0.3553188067260985
2.618349432681231,0.4337145144443047
2.7467064278208704,0.379455767415842
2.8497142411967813,0.29358246588222897
2.779917146362727,0.2619449577872573
2.723983272713744,0.3436850663628846
2.799866425024843,0.42643754173853793
2.8835098739301794,0.33076917892814495
3.0133627154949667,0.2484322283195121
2.860419494634195,0.3082222260067527
2.8269178060523297,0.30492042925971746
2.8809267727816392,0.3204369625735308
2.750321851859989,0.33102758364695317
2.600986148360025,0.25916963715348296
2.5716341576436146,0.2476864878074591
2.5347617854736475,0.2579672531275599
2.7280465623463694,0.2971045819172794
2.7144793890937127,0.26490323727768467
2.7603916633181678,0.5748220638731202
2.7747899384082904,0.27549991481647673
2.9756485674674558,0.26766414053033655
2.9439922112469534,0.3288459097614183
2.9073877681489826,0.4448766657425889
2.6628989463746446,0.47845807273470053
2.54034785033419,0.4530380197294068
2.7024483971925997,0.3325762071244994
2.8499262087329993,0.2583362540416043
2.9969984123889706,0.2575754657671101
2.9935058065455973,0.25892090376980575
2.941563512430338,0.3506585014713013
2.5051913909826693,0.35786758314641587
2.5398926406864026,0.37767929612828355
3.0059434725266185,0.23524177597282797
3.0001074710685014,0.2378632489581083
3.0323245756730994,0.2327193065640708
2.890727386455745,0.19334579871344534
2.7174310180586247,0.3060437018847304
2.7006654208717698,0.40118474401363713
2.863700101759757,0.27449346758397297
2.71445631100543,0.48786707506419297
2.713625759420949,0.3414386418768166
2.7804805318939985,0.24718583279998207
2.852449811830652,0.2658373286911893
3.109873044530424,0.15008639439242527
3.0409285898867022,0.0918667306729366
3.1643709779654987,0.10707771406502627
3.2266060284571094,0.20647646829336289
3.0954963653171825,0.24958035623207994
2.5911166162503836,0.5302865397728491
2.8373117308408906,0.27766592543038254
2.7347621465937757,0.24201674407633092
2.7564381621519116,0.40741073736797706
2.7553185712882535,0.4037154160198573
2.646569343591257,0.3486218208348431
2.628776334242762,0.40840621014698364
3.1548125625127588,0.27318636012390324
2.875264824749488,0.18837088313192102
3.040753701117159,0.3002744741076484
2.661499563412148,0.27266702854180463
2.761286031982121,0.43203177263798964
2.7958965847635437,0.3581434513715
2.8061400941595824,0.29388479635105624
2.695395623082096,0.49777843596144233
2.6230900232018937,0.4575793963194807
2.553000747870444,0.4230920535958598
2.4566002676137306,0.5449449037137225
2.7231114436730146,0.6499432584341363
2.791040213215868,0.4909836294752132
2.7588459991564185,0.341922755809377
2.8337310590386555,0.378404213729553
2.9143956015475156,0.283258142469627
2.8965480700829453,0.35099526081476584
2.9842380458007494,0.22191730825448625
2.596917168911631,0.5142342401003969
2.696470979031996,0.35138271059699805
3.057304279737138,0.4208556562096256
3.061805174537569,0.49330259668742266
2.991825524299598,0.44936777330174976
2.6967659344288313,0.41271912652574055
2.7162047960523275,0.29052671623319076
2.73473943188264,0.43375404238860066
2.683056283798955,0.3295393521506496
2.962829475589381,0.36527015946153973
3.2248601877081913,0.17355127777104343
3.2087939126592837,0.19663564964858551
3.0341375801900696,0.30005260198232087
2.9796548909750253,0.22323797241719284
2.96118883251307,0.2756491590322745
2.8334590181044126,0.25584272310482364
2.9795885205449566,0.3456891217232307
3.0863913495948947,0.4209971396436693
2.918840818499096,0.3624696497362033
2.8894496528948883,0.2794070795580245
2.843972000648464,0.3044655778414956
2.7368285162894272,0.38815500823827803
2.9236141272898366,0.25119306034331174
2.668808407526091,0.42586579094647437
2.7834067495434285,0.41854839030294894
2.6627219800267117,0.365610913058179
2.7289480581170555,0.24248171375607533
2.7403436234977945,0.21147861808874352
2.7559437881318765,0.34649421334625946
2.825163229450041,0.35427133582090164
2.857711951913187,0.34201519275063685
2.737219029360363,0.4189208062155915
2.7173366300298176,0.4219522508262621
3.0884103877796107,0.26889971648047384
3.014114606162074,0.39969330690531474
2.972356062096313,0.24396726638838098
2.955067798675258,0.3723371708159819
2.87123019875956,0.23915559450574086
2.6901266483087816,0.44578545668218617
2.8833103179440034,0.41164261069622265
2.6561802323854606,0.33941305852946096
2.7215879421408706,0.3734306870048026
2.824532308622198,0.39959740547684885
2.7985267074503275,0.3162994660075228
2.784155774404467,0.4132167736127655
2.7641766894165087,0.24489175923632464
2.77273486197402,0.42952613188830097
3.2291454746408856,0.32901069385750686
3.0275864216888584,0.33483496113396255
3.0833996779860118,0.3192052617180485
2.8201137565977072,0.24928383508681515
2.5890459216216604,0.5370633002805417
2.681429352580407,0.32284838177634595
2.5640394829055557,0.4477086651364995
2.9501293606624928,0.27162701039693005
3.0853806908331904,0.4460840561672059
3.0322892949836047,0.40756710985757766
3.0566380589228146,0.478623403702067
2.9111416359359774,0.247085695754283
2.8238026099316853,0.15849238794325682
2.877197058289166,0.274864525170407
2.9952568752673425,0.5805427198902428
2.5386353134281934,0.25412819297997163
2.8498469026408912,0.3380923605855963
2.8757989656673466,0.28098246084300205
3.0259346313588042,0.3658611346936399
2.575622836150622,0.30154338234238326
2.8850220334055914,0.46798919564663577
2.9206057238414904,0.501883903236795
2.784130014535981,0.2347845850214736
2.84620917001904,0.32516789489363124
2.57974524598103,0.20946697919326376
2.5147542723729783,0.48982553167655213
2.9328012317372645,0.3550826003675414
2.886931834642814,0.4387865693994111
2.728984639226614,0.3788994435443206
2.725340671418204,0.3684219246974119
2.893327435776843,0.3053909112543043
2.6784354998452478,0.4846150611685397
3.0222026518762353,0.42069190063430983
2.751969390518234,0.44336439471597705
2.730643919460299,0.4474296877800278
2.7232998647156785,0.411470969107577
2.9758865702175132,0.2636946722250467
2.5525646736859198,0.5271571629926174
2.6699602434809675,0.5433410990185625
2.8519820716110753,0.22701403265820108
2.811985971993704,0.19419925429593188
2.4250962732767842,0.5603169194820442
2.617479260060833,0.4303535570923315
2.593151492104075,0.358357968119168
2.6468951179739504,0.45515014350083155
2.7629708225399296,0.4950514452635895
2.655704085374067,0.537772036039353
2.4728824817320625,0.523471964260244
2.5913409622561514,0.3484539267164825
2.827391993837484,0.3104281287177757
2.9003318451790054,0.2907646150948232
2.7675713096647856,0.3193759485983835
2.9569420719990336,0.3594798377017501
2.8658607415157116,0.3736303135286734
2.8956431610993723,0.4121045459902938
2.95384355369942,0.36564001797844864
3.006153344033863,0.30472257542384157
2.9908276699761336,0.3293792938178684
2.5451196636977427,0.25413730668941287
3.1661954961063055,0.39675375982240546
2.5340847392852868,0.2963609084947937
2.4924459361069995,0.4198990765517878
2.7805509109785587,0.643560418261906
2.490078504348145,0.6350136325056608
3.0989482891153375,0.11013558814108358
3.108584789866479,0.1569911431090372
3.0118844302867203,0.31508033343772035
2.940994602108754,0.4581940318109871
2.6674899537196133,0.48866481620732843
3.0521542378199085,0.14333083271287017
2.8179485481234705,0.21749527049044176
2.9588265336428337,0.26282485238545533
2.8124844939622315,0.29898511933936495
2.782300234519272,0.2823170625644512
2.7387214675269353,0.21633090680412945
2.7138021496628006,0.2222126222606684
2.825265663496756,0.39036687084091215
2.793935941299646,0.3104777038849624
2.742745945662764,0.3106653568000109
2.9353217181996722,0.28114460381931916
2.9005311488717185,0.37412528866529016
2.8434230208168922,0.3456342860870967
2.6968906762870506,0.38562479116729326
2.7737041367356503,0.33266132940414633
2.863866455410823,0.44236482637217817
2.8856107195748972,0.21240568544938748
2.624111789317715,0.5748076470787891
2.6023254027501,0.2997598838464407
2.8814647441766534,0.2435385239080428
2.687893142618781,0.5236570247193194
2.8331602553159043,0.4526661603104316
2.5874385829940656,0.40843243391964207
2.9663951129975428,0.287357777471567
2.890147821618578,0.33390475050856755
2.995451218151828,0.2226180921650323
2.6067133396883544,0.508631425312893
2.7518588495439444,0.46802206704318394
2.7975016136864297,0.39601618279564144
2.8411360853889343,0.4943834757921729
2.605253612354323,0.5136772115455148
2.9198729519034914,0.5064241982037706
2.8327631175650936,0.32576316434341523
2.8674200446461837,0.36383103060704713
2.8293614701631746,0.254782053351919
2.9406606809968574,0.2918203902063109
2.568559307784175,0.34769731527530523
2.590722220959615,0.3481214525358345
2.8360136745245907,0.5594108338889213
2.8550713283624836,0.45781335560482905
2.860429951505009,0.446868025530316
2.8530512075038397,0.3145690009538834
2.4889453564408255,0.4460610064280244
2.55813198094438,0.449234062991013
2.946692229744152,0.38645856341920065
2.8802332156720367,0.38120409416994405
2.982838751854852,0.4068187666008257
2.994025457366369,0.32830943972707877
3.052753210565702,0.20144061940763502
2.8890979269334176,0.38022540198760946
2.7355606929185243,0.34042043540813355
2.6694233332254336,0.45579956166712515
2.640443082870149,0.3624935947828926
2.6331025465866413,0.363087180981846
2.644904076491892,0.44511145622562376
2.7052624688069153,0.3308122147811244
2.7374965355578613,0.4877536058372023
2.5405005122228936,0.46314864353084606
2.7945907947973687,0.22617953302815882
2.7980967441580127,0.46431373241955026
2.9991933879068795,0.34160714907604045
2.813990005802594,0.3495111736739552
3.0642175538315564,0.44351150623152835
3.0232399801536762,0.4468818711493369
2.832534165875791,0.5877634516288901
2.788839919711344,0.17800708583689548
2.8708712766192903,0.5266797937611902
2.9111320531423712,0.46851139163283095
2.8354988834921775,0.3969844560125059
2.8217211075206627,0.4045992451040931
2.6919341380458315,0.34663526166064307
2.8030423923607493,0.3378047845378131
2.8802448493734745,0.3481674604575422
3.06026924801682,0.09634527846443589
2.9876978330842947,0.20618665073011025
2.973162832827706,0.17986204464801478
3.0816902241575637,0.1443312052299917
3.1612843231069037,0.11947084020284639
3.040471752350386,0.17777438422221958
2.7419849866868193,0.3911747985601548
3.19708711988574,0.1695519762815606
3.2414757193276325,0.1750155518510721
2.9678674101526585,0.23166964496957673
2.763199102315287,0.38879095239015116
3.0387722901956953,0.3299874719543697
2.5704640896992483,0.34607087538038217
2.6860129285295486,0.3013422180214878
3.01825032263181,0.18457501632360276
2.799918337911079,0.2206210187870129
2.809357259649775,0.3996053544951282
2.6373947482697204,0.37967740483259793
2.9676087183732323,0.343666514645172
2.723433058662932,0.3800279920383684
2.67527645303119,0.28858210449890936
2.7561484813734562,0.4837784993535953
2.720979034840585,0.5611658551065191
2.852354279173751,0.47336614610720307
2.5096007133149327,0.4609127693738742
2.676122799877601,0.569379441844738
2.4488329336768726,0.5145318557408571
2.580644525115519,0.6190508650358777
2.6106485301742564,0.5730129224204491
2.8264727943517194,0.11506779417633911
3.0169079909135634,0.26901347839339895
2.5408239344401347,0.5331033561720097
3.059488483572995,0.28789355524289545
2.5030340845161954,0.4074502644575326
2.852368820668727,0.5538536201449824
2.656515433138631,0.42803600386903334
2.9140799965450266,0.19882961780653782
2.952266122650485,0.36868259231494727
3.0662715038476804,0.43864387077390476
3.0620890952499744,0.5065138351343228
2.8545612927019364,0.3570675150822871
2.9179109629719138,0.5090720786590944
2.9116724729437222,0.4534509467801789
2.9246779899952164,0.4570047698843799
2.906222887544346,0.482798437209326
3.023005524415016,0.06852443943791048
3.034389202760335,0.08600424932549967
3.092609069493181,0.24126679118724487
3.261212660967333,0.15816581379720893
2.687226189192536,0.3461731937794961
2.691584767225651,0.469248917486049
2.611938431078256,0.6004507412747477
2.6413741506832373,0.3515592566200558
2.626010697952444,0.36909301911184794
2.6221835705447414,0.410232327293753
2.818092830333123,0.3427853399680755
2.8700626920678123,0.3281361340616073
2.8315129313661758,0.39459568381930415
3.2517564033900737,0.09330117063155033
3.2388283318807627,0.09445804079286446
3.3037601258023765,0.09049007483209998
2.8879525766804455,0.2623412804864383
2.7724767121522786,0.30998053870086345
2.8236157177130874,0.31285737987271883
2.878670645270791,0.34347428411264497
2.8914747910833962,0.3587946086097451
2.843981024349803,0.34922685234511813
2.8514670669246702,0.31130317341979125
2.9397507342004743,0.4250042085415509
2.8719622010273587,0.41063870703653305
2.7833832427836165,0.4778005722613048
2.685771443236242,0.7160693552228069
2.545532576534972,0.4870250020140848
2.916455351746331,0.33832935799235164
2.797767135392309,0.3074460120322905
2.7412653463049024,0.2911373171236455
2.5482514860135805,0.2677953645458386
2.4105924615873215,0.3142269828683692
2.686303823908522,0.3165901756705309
2.7939975843080234,0.49987799339479555
2.745169210086588,0.48588602311378576
2.686928425877865,0.405896612788337
2.902278739837419,0.2560271147228636
2.7624802404633653,0.3890905997628653
3.0054552350347183,0.3721369051385613
2.8900879085496776,0.407005023098911
2.893566526696378,0.34723185838523946
3.054519173105598,0.2594143827683681
2.6414596981951393,0.2899771925465078
2.581823284345672,0.2715243766808752
2.5753583291399043,0.29348028792389264
2.8367671009688187,0.47950111729268885
2.5120978789818746,0.39538497780097476
2.669063578358029,0.283902705741686
2.534155476321742,0.2724058140072808
2.8487004389103765,0.2974439089355939
3.114773529751613,0.17080624166237907
3.1824187973771543,0.35124327601065564
3.2037536870648715,0.35517987175961097
2.3413464447573866,0.36255646009267994
2.8721904173058967,0.3213030819314309
2.383133137761712,0.45427876853444915
2.5455883542489586,0.5252467200880141
2.7342007901956444,0.4610865044967459
3.137600667230524,0.34748791469441154
3.0785426085436844,0.3642168032292703
3.0788581016015635,0.37043808356243724
3.13711127850708,0.35340205871367275
3.0916559934564782,0.28814152566000334
2.8615723954361787,0.3537873478746257
2.665216209980801,0.47651131643653477
2.661874873877085,0.4405324690329896
2.6795906976941612,0.468414872688923
2.668023381733722,0.5166259959086343
2.713651643667741,0.4580337850865542
2.7752248211510255,0.36213701604897114
2.897623407022101,0.29889131803097657
2.681767847406434,0.4673087478884111
2.798704888156297,0.35772589403750393
3.003648496412366,0.25850497063263467
2.9163550093499704,0.26303620673715494
2.725028291083759,0.31590322795564174
2.921592691829863,0.3236733864470157
2.8542186425627256,0.29553955628420736
2.761279387936537,0.37732403326631314
2.7166090385746395,0.2805048338372165
2.721479675985045,0.32606656884287893
2.7780310374004586,0.4143569133345527
2.8811147896771234,0.25638049937558693
2.9661504543229786,0.2938529648653541
2.6273135011113613,0.3324651800287845
2.839363085677543,0.25136970492860555
2.902054222511689,0.18383303644984753
2.8368885215401938,0.39987488338264426
3.2426608501537824,0.46345605569715503
3.113289618262561,0.4397084724268286
3.13183454862756,0.404367149582073
2.924361718623498,0.40010796379069374
3.0535453327580564,0.4361111764171008
2.708079601515264,0.3914559424943154
2.714019635572292,0.3868116193886527
2.6512014876146153,0.3909461061097542
2.731285302766078,0.41630233592352656
2.718753181167158,0.313749204589538
2.782665051427851,0.36738323478413193
2.9088531906184767,0.23543533427322566
2.7300643029643297,0.5569564757133765
2.4897024960683694,0.36243316100973644
2.7413973679478802,0.6215233924478271
2.7436213824969697,0.4943131662535518
2.7381861395031764,0.49835077374271175
3.064185979825533,0.25374368392145674
2.961039946200531,0.3075980815062018
2.849878707691631,0.49383864158213725
2.863676819522614,0.28223387013505374
2.6960234368333333,0.4545984683978569
2.646800940214222,0.37424948112634204
2.468430611373437,0.5482306883844262
2.3763089644559683,0.6114309126977642
2.3974109368515655,0.5636290147035079
2.917740437145122,0.2869748688724496
2.7003144710962017,0.24911605604723422
2.5878651339765755,0.6767088038440705
2.716048587447589,0.5187949092298654
2.8838960117641217,0.33331361364686757
2.8228392912114932,0.32294553380394336
2.7652817608968383,0.30911835366726104
2.844334337500889,0.3390941619780351
2.81861575382812,0.2576937472742962
2.7807937539356735,0.4553621665873779
2.968923379417932,0.27828294221768274
2.894820287168095,0.22952047545341078
3.070075324798735,0.273022912916558
3.0904500824339203,0.1364847482167751
3.0631903682866692,0.2924526824596839
2.8379473463341762,0.32756091807243315
2.6458819735692107,0.39176860145856096
2.783682520120797,0.3714954772197708
2.6313588619265484,0.25591762211602714
2.698061801549382,0.3154571076458623
2.928804495553968,0.26350568028585686
2.9391862861983395,0.22904227432934418
2.636735044830598,0.6088617725728367
2.5663515674988893,0.44176173856024825
2.6672049451317297,0.4113854478059168
2.899701375125524,0.31702726657755204
2.660874814749298,0.27457382089273874
2.6157563085009192,0.4743235667794293
2.836240361722835,0.3949419279281399
2.793670752285912,0.3773818675992335
3.0079731562319436,0.2660893790385279
2.442138828600574,0.584647596752451
2.3184120533215222,0.5728475047481918
2.330812185836365,0.6093934994560867
2.457033918837433,0.5795451114438781
2.5621051992648285,0.6324619696340074
2.8799820746450457,0.7123299486842225
2.8692439184736696,0.6605320059029737
2.953703041512794,0.6063284919024521
2.7422016252279304,0.5694708337176462
2.884801014955584,0.31754618794792094
2.693927007940673,0.37032899257360025
2.882812712075396,0.30731537594340497
2.8763186748191103,0.33731992874005645
2.5707726117932723,0.5383596225808998
2.856478373124028,0.25257404144149087
2.7094959544292605,0.4317657980679976
2.790758707713822,0.4939502384747628
2.864203400342413,0.19778895940966815
3.0291611353377585,0.22426460522033376
2.7648666542466964,0.4157157829424844
2.9094244395867532,0.3004672948520144
2.869326969406141,0.3089527906296128
2.839278320654133,0.2540769538339396
2.7439559933803017,0.29546659366810346
2.8816956374090115,0.37095198809517854
2.544223925244897,0.45021747764006276
2.787205442570617,0.46568671482476814
2.5066951850957233,0.3599880976825532
2.716768167483563,0.29425121426403655
2.9724517366535403,0.3345434662318595
2.5372016920797025,0.41039318744009423
2.8464160723943004,0.503551535804151
2.6234121458967463,0.30564473741994497
2.6240167393086393,0.3172819112337376
2.6482300690970244,0.5356255376797232
2.6987819352676126,0.568137450114742
2.7013843299335423,0.5757658658217175
2.852137343874945,0.5561835170762212
2.668628052851233,0.20550114641608164
3.1564370910086064,0.347285544953934
3.0536826952519998,0.20215513443950914
2.821236910649693,0.2657000347371485
2.7548560575458905,0.5195349304664406
2.7457898077311516,0.45509636129646913
2.7250604945259265,0.47306756715445303
2.6722978708719873,0.6126029250209367
2.6553881944040687,0.6060552463346247
2.8303904021401274,0.2967899047014316
2.783639173636442,0.35688173823934805
2.723326154805289,0.29516157605429133
2.6874241928675042,0.4920886269814275
2.610250832388125,0.4543857363600891
2.815426587663127,0.40318450067728284
3.0047054835646314,0.4422157482495635
2.806495483959422,0.16861439644341045
2.8539410706445225,0.1838480073916194
2.874691106816763,0.12447825835787947
2.983681020212984,0.09776638540878807
3.1927613672390924,0.34887819430457856
3.156297597380505,0.32371781285538864
2.783157449947862,0.2771814097507995
2.8242201529607653,0.3148198880252496
2.7805957621683666,0.3106174103535889
2.6813058280015505,0.28083481029390855
2.8176842633972616,0.32449317936675603
2.8530434246950493,0.46371021636434034
2.9523945028064023,0.53334330594185
2.489162449431158,0.48804142106935444
2.4665275253790453,0.5818004347470528
2.5277660805849456,0.4461262083445563
3.0957660166054306,0.24403733850346015
2.86819082644014,0.3153209678278354
2.7086992956301432,0.4348349911848594
2.692455724969512,0.4307415336327426
2.727907219073828,0.5363236416541126
2.6535118763830883,0.4158827101548802
2.759178659523733,0.5525071265516548
2.6634053221454757,0.5415447200756451
2.8531905689431447,0.47039932338554985
2.804112179023717,0.5749837605656855
2.6029416819377187,0.6888494384623995
2.492557354666842,0.4362024456837504
2.9846619840145916,0.30435313222864535
2.75736689814427,0.3039005253155698
2.933675054444483,0.2738537050703572
2.9857780597714196,0.2544450513331143
3.109176368725024,0.18331068981708187
3.0809212230387235,0.20603304854131058
2.6495929245666563,0.40994634153999127
2.5437977831732295,0.37260992725707137
2.4349335404127896,0.38482191614911504
2.4533802295817617,0.37578260872503794
2.8816794266267456,0.5011782900911612
2.6138487549129037,0.35953270792944625
2.9250929368418106,0.2889523441190701
2.9290861678410245,0.3698902930670788
2.533534948675358,0.27331525745576224
3.228840647223825,0.27981807745079784
3.2806924819078587,0.27271091026301225
2.9678581566475835,0.07965373951481193
2.9678581566475835,0.07965373951481193
2.9629831220706992,0.13884629931219605
3.0067395052104398,0.16209758835396146
3.198674315561303,0.21525443779857314
2.92103222286326,0.5429230146958383
2.875670225040984,0.1748543261536931
2.885663993284315,0.18877081587946146
2.8739259305315668,0.15504253302498863
3.0519447486347517,0.14284062809824
3.1464331069639573,0.21986736700352696
2.526891787767289,0.5667172246246946
2.7556316434342665,0.20355513528433297
2.8319084682004334,0.3264031893396625
3.0226670292214353,0.3075029922256509
2.8336608020879757,0.3299245951978775
2.7217526864985664,0.568239643343892
3.112291679503281,0.33817034270002483
2.7000023171620673,0.41082898594919903
2.9371064686023654,0.4230156372255065
2.8780116738249206,0.27324955745017476
2.8919663591602838,0.26770580900598856
2.9388972768234938,0.29769672679727427
2.6409577112946527,0.41146067999596997
2.926229520973124,0.33609457209765803
2.9065370238297383,0.36328856460509906
2.629811153260775,0.4719931701745851
3.0306606709039348,0.24791749384445017
2.823129182260635,0.39139907823121745
2.852515423314809,0.42020210915732614
3.097795754597169,0.3573446634972825
3.187821219061622,0.30086185505125035
3.0841388584129263,0.32817321825574247
2.9815824524143135,0.2986268215109837
3.0112622993552107,0.23787230320029448
2.604016196192694,0.46268572891942944
2.746649196775534,0.4614994744292323
2.8111726770983503,0.29102868437763924
2.9171913813918784,0.3267064642818857
2.925615020860459,0.3635211306179424
2.715776116318329,0.29117701117441896
2.714794215209422,0.24346428617531346
2.825869945774461,0.17406090991337456
2.929093400667235,0.2089198373833656
2.901029313295017,0.12486498631536032
2.9762304682226937,0.17143167984487176
3.0193368771856686,0.21246689747938247
2.99215181298297,0.1666598104762819
2.646770673295462,0.513945632995621
2.655735620122762,0.3378804201782163
2.7819188293269437,0.3000703041989635
2.8799560033677207,0.3900841236322688
2.94321824317154,0.3350691619914074
2.877619979770584,0.2576161033671391
2.98209132053533,0.18986337800008646
2.6983267575489944,0.40692210775668514
2.703403804320884,0.47526918338984125
2.802502693375346,0.3779654817852353
2.916620895953547,0.37172558339724426
2.822761210498004,0.4730673854655858
2.807046653876821,0.4166553971694575
2.670501614624058,0.5285955275641695
2.7952985983251604,0.4042021402452475
2.907945883002194,0.45003715136501027
2.956040159790066,0.23667993849069713
3.086692001371149,0.3890782063930644
3.0990007137289983,0.39442240253317085
2.398455988171907,0.5037966797452069
2.8681283081306974,0.5652275878968972
2.998850551514121,0.2970990721642042
3.0183510599697896,0.22886191537071937
2.735863295680069,0.45915330998733184
2.6441637096288217,0.4396007104405337
2.751714280334614,0.2525072795432223
2.994567259437156,0.32658891651210503
2.938494915280947,0.2724355128759511
2.991188392033458,0.25326232827764994
2.8589658238263,0.3121529683481323
2.8113690402500677,0.16730151946694694
3.1685755554959916,0.37710407698586923
2.9215221063090535,0.40854475241497196
2.9388165840159317,0.3650821425111749
2.8773158845783535,0.35126025949935635
2.9140706170476243,0.31184691410221466
2.9119802576218103,0.3894899022740284
2.9503324559279545,0.5196443655855638
2.724089136985203,0.469179802456542
2.8126838260285645,0.22524670115216772
2.7681276076324837,0.23708919762115993
2.6440426109902893,0.1896451675271638
2.759761619012158,0.2463878970050062
2.6471165098620424,0.3160298093570375
2.992248775553753,0.42707627861158337
3.0606206611143745,0.4497590481185736
2.715359687282842,0.5100204617823302
2.654076194702346,0.4837009112307649
2.726646134401347,0.349199685845308
2.6568509687998234,0.4574143461346868
2.9069287471681746,0.18876779051185236
2.7308411706633096,0.3713497867244894
2.6753792020399203,0.4230886024431305
3.02657183572075,0.2272144592729269
2.8410551803058097,0.32268838663976923
2.950830504833743,0.23000937927182472
2.888578608005586,0.16130082313717461
3.1831010799719084,0.23635620064864662
2.7559133313829327,0.31674082132947506
2.8319707454364473,0.35318496498017515
2.822762866078283,0.4078896297603459
2.7503273680972757,0.4816621488607719
2.6791378214235144,0.3982390534341003
3.109074035194783,0.45102899278290354
3.083922341714594,0.3922113648913705
2.8938782461473704,0.27079784144874325
2.9125544270122434,0.18665562031979932
2.9420302814359207,0.10698082241114022
2.784140613836231,0.48984303513036875
2.7881344499059573,0.47642633315016686
2.702505007234039,0.5160052142881881
2.698686679489156,0.5139280964594449
2.9085714281895485,0.5560976558940284
2.735483017103889,0.3368995009915318
2.9036019695848214,0.22187333039408097
2.780532198767755,0.4553572358541537
2.7803267116775654,0.45333673732972335
2.7717448674481333,0.16352113677545313
2.8270646227569984,0.5631080505032126
2.818186425133573,0.4104165620807299
2.8186527138733193,0.3194311950240077
2.96106345674021,0.29924178404696156
2.9325775581218956,0.23744390950109845
2.9107866959163218,0.3688671287982839
2.9079940202913073,0.36504336092306383
2.7223056341881784,0.2979286770493171
2.7606406370059484,0.29298373022014323
2.740563020576061,0.19586276102025232
2.6899931693149424,0.20842832572632666
3.004630521497157,0.21413756149417756
2.681038294895657,0.4716151110988377
2.898385135477272,0.3471095562405347
2.8379675960761523,0.36802370121934835
2.8077921042307716,0.3685442053090108
2.8691808009539264,0.3473593956206861
2.8793305196042014,0.3837974693636472
3.031785347703777,0.4484087874403862
2.610841395027686,0.18555965784878112
2.618941607677607,0.20410017424373916
2.629807136419761,0.22140923493838258
2.825764121004309,0.3781751418434996
2.59785117416865,0.5444783295039907
2.634134904980595,0.5405282800588646
2.662831748098844,0.514099719313439
2.575519496899186,0.3227569214618902
2.587552184135494,0.5510311783133657
2.583993092412294,0.5304976152052929
2.8774731228459856,0.46869537507575976
2.880940628595182,0.5029038446833229
2.892636924118917,0.44357562114534577
2.7375882765133652,0.46322237174952696
2.663256212345992,0.3638518895265631
2.8685593065688546,0.4456131529921266
2.994996396490625,0.49219370336918533
2.992144441684744,0.5039981349412382
2.980631368493953,0.3616280327182432
3.0285901597928593,0.36600454344703326
3.1273597463266265,0.39534631807985426
2.332391924826146,0.4118948478233385
3.159014604543032,0.35679384670612874
2.5712587483030256,0.3665477835319388
2.6340769951555987,0.40527167550110915
2.5376767285800166,0.4636941198890375
2.5152379595672505,0.5078008634823377
2.530503940588883,0.4409575458933144
2.562505820696941,0.40453394773387913
2.581588445426549,0.4185550745121993
2.7022488783992626,0.46641790048833787
2.645879272529264,0.5089462871135082
2.781426616126668,0.6094257711083855
3.0235938635841255,0.15760125725191385
2.9862617008882926,0.1347572278633224
2.974008955541877,0.16349021303203595
3.0540449472287756,0.086683579611569
3.0481321824707126,0.08783707532212798
3.060339189091784,0.08553842585225582
3.060339189091784,0.08553842585225582
3.0315070419188404,0.07517376828049076
3.01069657671375,0.17062912557364834
3.002731092300068,0.29209139191048034
2.8901658651117828,0.3581743480010273
2.8671661970230375,0.43211468604537007
2.8184352751742257,0.3134480161623698
2.8961582473537573,0.33915957663816965
2.9706258918723374,0.3459673790092188
2.940211421437306,0.33771700885359146
2.770396931649495,0.4017861205687128
3.252209798226048,0.19860689651798874
3.2439707743147967,0.1652219428187685
2.4925559649790388,0.48282026433232045
2.8014367695711755,0.40569771196271043
2.8642719288295666,0.36942743189984206
2.8488231655221625,0.3125039336900339
2.985484515666777,0.2420607689508753
2.6999918661308224,0.4160217223432128
2.9093592329575833,0.5623693629431246
2.8748600724637807,0.51958845064807
2.891150689951926,0.5299690418720243
2.8274603128179243,0.6502318560591797
2.917717894787415,0.5886923339691512
2.6766552116236895,0.29389690933399554
2.831988628355612,0.27119531159782617
2.869694770422847,0.2567253158585933
2.8775815715640305,0.2878467090668012
2.894791065794918,0.10477680595849417
3.013550741220539,0.20277714557054988
2.887235980161028,0.22032477478304588
2.946820825022733,0.22234651076273798
3.00350827342779,0.3623608849220705
2.8130099059629754,0.19320993035462675
2.8264233352844355,0.20722278340738914
2.8195231451135565,0.4056145804923767
2.750401571798768,0.49322213632938156
2.731786693030305,0.2758465665082419
3.0547364703295803,0.330242031589877
3.0667033815559046,0.1911529257396513
2.9726048762518587,0.21937727097901996
2.9999457310312234,0.19813794589455658
2.952037249592991,0.14561196309821267
3.0553617874055403,0.34715233340091617
2.9859146548584756,0.3283597647455375
2.973856406963887,0.28585783128200953
3.0348629167620027,0.3030977051055519
2.868984000695776,0.34233727278084986
2.5894901621610775,0.37033010420124096
2.6541202307556886,0.3718774858022016
2.6338295752887957,0.3050542112699962
2.6184033274064964,0.28903498302070096
2.724734804056114,0.5647857956287412
2.8983563358315703,0.4688518394429045
2.7867817940273136,0.41500010373267887
2.794741713466313,0.30432061441323677
2.8746580803673534,0.28238912635323726
2.7633553913155797,0.36668301228290423
2.838523704533084,0.3807820383811538
2.9151885244694267,0.3926803042404065
2.690001480052187,0.3943740623061637
2.805813169495877,0.4208658296648686
2.993266947280995,0.14373509094468445
2.8382300045170923,0.25300246968674983
2.5304086521631484,0.4082254011007256
2.577916299457989,0.3853983609526595
2.580747273663834,0.3480446576900975
2.7261522856060547,0.43050855129614324
2.962010196182868,0.22794220906454069
2.7945745277877254,0.34788387275975835
3.144638313861027,0.2093569804687232
2.8203062013268294,0.25620187287347473
2.968957169067031,0.2813616683763078
2.7915628016329688,0.37012566121998575
2.6095319526731844,0.40409556549860154
2.858800910308043,0.5480477983966612
3.09621814326231,0.36388274239215584
2.829493953871812,0.3795999272076561
2.814756632829995,0.367238528679219
2.7245671236032374,0.3819949692509379
2.8626526167371584,0.29585567063773505
2.9148892924466794,0.28220419100688926
2.748668751638065,0.40146093661874444
2.8353148218147863,0.30609598138482674
2.7995325171210816,0.3903210010812588
2.880149669558736,0.39049009565198206
2.932086503053382,0.38850419885288145
2.998079604441039,0.4235792179357224
3.1328570156828914,0.4500869548196165
3.2345326262112972,0.42174416395863445
3.4153855946254636,0.08943496406774577
3.3582777526947187,0.06842218802230693
3.3399300012168105,0.07831130296436285
3.316786430471839,0.09308520259944533
3.3014344577072054,0.09798669587331983
2.9656799212467275,0.4477817234263681
3.015688018769603,0.4902370362389717
2.8011924922475027,0.42890010185266986
2.782238785669331,0.23981278354551716
2.678427495074715,0.5264755975543032
2.768309853014939,0.2596951828689503
2.8071544167009583,0.28477403911847876
2.7222618885657868,0.21133723016633504
2.7052559704583716,0.4088816446587964
2.7305610776576765,0.45718321425157876
2.7574076825447427,0.4560919016910472
2.8493555874251446,0.3961558855284041
2.9127261566056872,0.2122519312941716
2.704799989701861,0.40430543967026744
2.672433359874365,0.41783809259386945
2.6436047380904375,0.45626575927389484
2.6978150276218047,0.508774184496819
2.9295333054957697,0.19128955174367043
2.74569937091209,0.47026871726998787
2.912138635872731,0.37839121332637277
2.744262092448831,0.41489580572615625
2.940228598432529,0.339112544342673
2.3791422829251294,0.4904889771948714
3.157914945575015,0.2421567788620569
3.062000179723754,0.10842558723742432
2.654321914254481,0.4817646281929487
2.842319641892311,0.43827765284573134
2.671740739502437,0.36103703164006
2.8049291002666146,0.5068639020044573
2.7932174080645336,0.4734578454704601
2.862487192186286,0.2935673703271572
2.835611501025866,0.4306497938828911
2.7455284913345617,0.309863850246367
3.1173295388941216,0.18042808281543107
3.3064477028175263,0.3073272714604095
3.1867045669335914,0.2683944378045813
2.8454786743404687,0.18716789433240835
3.0409197655925104,0.1535832906460942
2.887723471289929,0.2330237877480526
2.691187868835168,0.603283710768279
2.9996594966549,0.5173821175154989
2.95188489899127,0.5611283070811094
3.0383569847882175,0.5438248774531635
2.487393147744091,0.42286573094102325
2.5332458122391452,0.4167975653574352
2.5951891983277764,0.39677908141429163
2.6417545706049412,0.45506962577539956
2.7643769881279527,0.3545337385014955
2.909872605004166,0.3629435340428174
2.811167457127155,0.34406493663315996
2.7247149326902997,0.3027528544891685
2.894941952604557,0.3177064549779925
2.7382764620766293,0.30089847012387994
3.08246494646914,0.251874057683167
2.4111699231086487,0.5593403135819066
2.417633727061831,0.5342720515039028
2.9717841413261197,0.2887065107632296
2.9994929302900064,0.20312222116239634
3.1450085170846207,0.14446423048166782
3.2111298511854423,0.3011997740174627
2.7143938007411545,0.37061208613995905
3.0754616734248654,0.18181984821654604
2.9425788121897747,0.3437680171392467
2.7418200005625395,0.299850812260141
2.629737831875623,0.2757493362378457
2.700232764461925,0.6267725357083913
2.7612095620165236,0.3171194040784777
2.714656226702427,0.35201037177368416
2.7383374387055865,0.38530507813757225
2.5879725709001677,0.47142075557223356
2.6633144839179916,0.5341508731525658
2.6838686146146187,0.49886231829866035
2.8889848621025074,0.39438212029848085
2.806297348723052,0.4740048147771902
2.6189482289023216,0.5182332113159178
2.614946472917013,0.5186749455330923
2.946482706142383,0.3073520943424341
2.8427054325377257,0.35733115581595
2.739239477204836,0.4239784072204306
2.7124287709892068,0.4318879665634673
2.732054743820368,0.5112410441795188
2.9342518918684273,0.536639825004086
2.871822788661457,0.6368007910650859
2.803484239322838,0.23835991729260844
2.9580402815570492,0.3600008745378688
2.9402987079604315,0.32278810206832326
2.7447005087403915,0.38803851578809356
2.859196408042085,0.4333974773600332
2.8205537747877902,0.3468950379757325
2.899640675695133,0.27517103810418825
2.6588717499443093,0.4760946285605159
3.0137677467338118,0.39648489608977505
2.8185847489655798,0.31076826658268025
2.75902400452909,0.3674340969664304
2.941650942077763,0.2175794566780851
2.927744774728207,0.24656463909592594
2.9334906841275297,0.21963467136365902
2.633461400687749,0.3720225358593801
2.7841257190189928,0.4189926576575348
2.785375488539548,0.42024744273392334
2.6257125445468485,0.5064798006406136
2.7826253926103837,0.26364815658049584
2.6674848379292913,0.5090212695974898
2.8281560867043916,0.39547793375390244
3.135390068309831,0.12012565715352752
3.0840465511057444,0.20863839074797644
3.112991909448341,0.2185332239539055
3.1229074170051634,0.17872979707788575
3.1147902881825136,0.1430586074090733
3.1138986479425377,0.29601961336585686
2.8029865459492256,0.19032341687020743
3.0132517702933295,0.3579395164273054
2.919400270274753,0.2675442549693837
2.538602862767767,0.3583167816535477
3.0160884789229234,0.3975378893764819
3.182509624689802,0.2308353490524207
2.822083353672751,0.5360946048297092
2.8556700510282838,0.46559242782468485
2.694813491439823,0.2696105146741214
2.7372086618061973,0.3242245109791338
2.5031177331233603,0.2232734145970247
2.465926062567949,0.22116486005370842
2.6067753299020837,0.3943873077268089
2.5342381173139645,0.3731955642061167
2.728468561344365,0.33454862675465596
2.898664521302649,0.3039658698847735
3.0042034017339883,0.23602346824638956
3.0605837896128465,0.3156142643880954
3.069231196625373,0.3125512186555628
2.8866657429465326,0.2755821813682828
2.747249240131662,0.32561473857926565
2.5405081257317206,0.44779359668445995
2.67547980362892,0.4919916220432067
2.660250662573727,0.42744871278599783
2.5030410339304137,0.4146532153083459
2.899450039759098,0.19166481100531518
2.619642074924568,0.33156576768752005
2.9266038247036392,0.3018733661464032
2.5882955447632576,0.5754425189069594
3.143068998867781,0.444996463365902
3.076741157078684,0.328717352694473
2.8412708111979796,0.19623982421593095
2.8513276503401124,0.1894939703997519
2.7575702853941175,0.3023792561185904
2.6724004563295045,0.26186801749250294
2.915968027922976,0.4432457338005848
2.654424364436839,0.37442777631632623
2.8192842182932414,0.5106316674673164
3.0282920502185493,0.4309932299999772
2.7850976616492944,0.3874041036268598
2.6794274786941963,0.2765009552021594
2.8475025914660574,0.460243327495074
2.950156792491305,0.4571514518358478
3.177475561952655,0.3201597110795675
3.1788929464452886,0.3259699105197908
3.2128148680035573,0.31355184737164415
2.5664308069810917,0.46443709731163063
2.6511379786536637,0.46004949721248206
2.641518964319285,0.47652356148265784
2.6063678100819563,0.5308538589747128
2.880840314548177,0.34904521628772783
2.565580462992768,0.3798358395759376
2.582952627345057,0.4183515452001068
3.090105837343292,0.3209146198337886
2.6354908627124205,0.43830311536766753
2.8199018371992803,0.3144040597206492
2.8392833764181584,0.40068619814169415
2.8716152949641987,0.517716317222912
2.893838762789414,0.16764807975653187
2.87477465292142,0.2112421803158561
3.039240761213397,0.2885830268153442
3.0279319278834627,0.2873080542833972
3.0679071377391702,0.23648403545264796
2.567370661885491,0.42228950397463394
2.9441032435276506,0.3898128109409102
2.5303711952986454,0.44470337994795156
2.5902026362075374,0.5770869032431226
2.639138103127159,0.5957470492160739
2.7250264575756216,0.31752341272066126
2.837668304479475,0.27170412332169913
3.113426275692508,0.52577737807225
2.9152869692655172,0.48984027645583733
2.5968012267631417,0.31642272466628574
2.8500641128071904,0.33095492030556733
2.891976064653955,0.34187095921830124
2.8559051672887215,0.30236966823722733
2.7804573859293806,0.3311162468274105
2.9133717085910766,0.29270803124768713
2.8775693194123213,0.3393760552847047
2.99088029233964,0.496359826982495
2.7187624403533652,0.38512038066584303
2.8644642001499454,0.2978882658711551
2.8768120367767738,0.35995293033526327
2.5461461457897285,0.42833567082687296
2.753850038929669,0.6077815634133393
3.1646082613872464,0.22851888694207678
3.1199864966225785,0.26656375065640325
2.881691503296095,0.3350105652854692
2.9037942368560796,0.429363822464887
2.824678608156372,0.39984938566243305
2.873271006341575,0.24038536523605933
2.827021548138382,0.3829394004402802
2.763322837604717,0.4015297489467384
2.888862352257798,0.2925900552608802
2.968339917410875,0.36474685034333854
2.809215966464493,0.2615635981748759
2.5689646862526714,0.38408852480288797
2.62808858869431,0.5242206834311044
2.653192287432198,0.5009831943490495
3.008743184859727,0.19189612861510533
3.2188890141579245,0.28416109655577
3.0847861172835533,0.2563284505593505
3.0871876897989536,0.2884774405049382
2.923055269746927,0.21551703147682819
2.9629533300062896,0.20528119473930712
3.0359394442548178,0.16420566159738845
3.0132604320177583,0.17123862094558948
3.0090213890552566,0.36423476913920666
3.0259464341580875,0.19121803965819614
3.08255298269954,0.19330004891497282
3.000940827795125,0.43246840672271886
2.72938990043609,0.3569075059021502
3.1715046125231465,0.34985851295646925
3.1582247272426693,0.3677131076791103
3.132715077994348,0.37367589739466145
3.1868309816672693,0.40226598735822616
2.6659671309428106,0.22771290153655532
2.939752515705207,0.3708074535126092
3.031137882713394,0.4241639813458575
2.9784198147521117,0.4274578372854481
2.8533886243524855,0.3918341765004976
2.908529192252286,0.20650229760777378
2.7707774422163354,0.49014626703313346
2.8483375814122627,0.41241428792584084
2.894455840497711,0.5424960660243633
2.7040545500116773,0.2381222081059369
2.9648531576536246,0.27416209155931076
2.927510643949914,0.2933469288010741
3.0359606389678606,0.2628184260659116
2.8614215058069616,0.5858467367781848
2.864075469084753,0.5320974454030437
2.988083035297391,0.15867252810815932
3.0131602452799817,0.14644000768776042
3.061276456278485,0.13388478992521693
2.5053258142234816,0.6654635296209386
2.5860969614740807,0.6380220117250736
2.76856214587319,0.5057938543936046
2.9748363070243284,0.23216285571909606
2.8469900004636552,0.29569893160805727
2.787052553428381,0.422588965474241
2.891784404458162,0.2588544646981703
2.702931264630505,0.6650541663480998
3.2445559298262343,0.06560653984310919
3.2788374687606083,0.22370657965654775
3.3351084422193322,0.23922766467119758
3.237461742637044,0.2017755729244893
3.2597676502648403,0.19772475001025214
3.1728495557410246,0.29004922757630713
2.8149464017153387,0.23125612114330585
2.767482020989585,0.1807523852666852
2.9425731318916504,0.2587366616305885
2.9721861235761673,0.3027757250585977
2.8360757765339057,0.26992426800659236
2.809372024474871,0.5084371575334441
2.8314742204363252,0.41739085725525893
2.6724498384146207,0.3744010962337038
2.932817549196858,0.3947377248264119
3.01449415359827,0.34859172877897776
3.0378481404588906,0.26225021366918005
2.6309394221260662,0.3436833035450076
2.7482395170425047,0.2355908124204936
2.879575190829685,0.2374023822548968
2.962456287195306,0.3441009025854424
3.083799002741169,0.2965658848738097
2.826716088563951,0.20240353780382583
2.9517399750568263,0.3544891747653949
2.8754530574281887,0.3529674330195712
3.1361083995200953,0.27857915144863377
3.115030572495918,0.3134933985719585
2.823375441814442,0.4590888317164302
2.818204702292781,0.5004017949154839
2.8651562450268924,0.3889208013072145
2.889815521849083,0.3419050361615915
2.426503332864176,0.284382526084319
2.5810464147237755,0.33024105936835796
2.521572283155428,0.3198538767382477
2.6202040752206974,0.4915794606048338
2.8092699569618222,0.3905543115074269
2.7433014855833324,0.3305993319547814
2.8708994690104546,0.2698593966159622
2.7815199166352884,0.3565709721101358
2.766413403698645,0.3022990346288183
2.943232202094595,0.3456233097956293
2.7675575915667276,0.26194164139249937
2.768011283694076,0.27766286696939857
2.8961534591058564,0.2046270403962112
2.8503558884357285,0.20556650198612933
2.8917285709801916,0.2701530954244858
2.990062709954119,0.312208838972209
2.891571378868551,0.19956744313334196
3.07970437773053,0.41451627427066357
2.708497193711816,0.44680672837639285
2.9046926544318117,0.21567699310171912
2.8223430500838744,0.18261149755879905
2.899573796968201,0.2517811011183432
3.0739933659851006,0.260936207287005
3.058792504900747,0.2696833377289653
3.1939894858289053,0.4032908255073882
3.0000881279270146,0.39681809153658376
3.101078365945466,0.35588884248535724
3.089175927345536,0.3480609513511329
3.0054558121330026,0.07844145941462388
3.1336053408297393,0.23598765454740536
3.1183298488078837,0.2910545588537103
3.2379447731327953,0.23157583616050376
3.178827436171596,0.2534468759269488
2.7797006138707845,0.35668790368903136
2.917740522760719,0.38756598521288993
2.989014279721597,0.2578191681579906
2.843489433685763,0.29827111042920845
2.8334627156429777,0.5009892350464111
2.51340109766279,0.5085539324029077
2.9772262019182802,0.7794125555589835
3.0020658291701854,0.6359179405356646
2.581016350933897,0.5778111476966284
3.015874705217184,0.15635167037357017
2.6364720718964136,0.5221978330117888
2.5513860109238036,0.5714028058991001
2.496132308943361,0.5366947561798775
2.6931097413317118,0.3839521303382525
2.755120541635706,0.41413327528265753
2.716604592794577,0.3382626822837926
2.7609909817006635,0.3516456558660157
2.7185678902131363,0.2800375990938909
2.7946540519307344,0.37058631299980194
2.8989604383915686,0.3394829906510342
2.6967630284090305,0.36203967178364005
2.8112603016525766,0.44843721701912725
2.6514687374989467,0.3681690634300607
3.2478565700082167,0.11005022733354111
2.5008395389318996,0.6267786229059024
2.505352774434349,0.43200881756630616
2.444484939595047,0.37863360468128865
2.580686485430233,0.3130688314052271
2.611906100044548,0.3251526780447267
2.742509187335323,0.5145707386595575
2.7244214089518177,0.46439209354932315
2.9638814325905525,0.18121007142994788
2.9032950833119626,0.14473145911864546
2.7366303359660984,0.153079870744079
2.6424682670973767,0.42021347496354583
2.7825508916357276,0.363990778677363
2.9991595555034993,0.2823386557254933
2.8343711534564164,0.20236243391196893
2.733127132858319,0.32846480620324997
2.888430400465258,0.3575859439335922
2.9606403653240503,0.24443229260308463
2.8891784975177,0.27994956843171975
2.8256852115939672,0.3649319070189178
2.757519131962739,0.4197716556347347
2.7261563211091966,0.4324463145085831
2.8251119264504267,0.45284562899306097
2.559902320489712,0.572056915345524
2.6425626918667304,0.5616620138136987
2.3780388193492388,0.5132167805219915
2.8227197598285985,0.2899330945128674
2.6638875121216192,0.41643150717797917
2.515267065802621,0.5509616356588587
2.803311213637588,0.26814275017844963
2.8572436093781084,0.29029273158017715
2.873620605296956,0.360887655076087
2.9789786645804033,0.4106143768905827
2.7734266418187836,0.4590780447091142
2.742018495575475,0.4593384700382463
2.951644493868037,0.32082440498807097
2.6860148642854464,0.3686362508195404
2.7717030564222447,0.41003135449909234
2.8791165077484577,0.3294287462228015
2.906097157039606,0.2639188754221202
2.90267687765292,0.2274041343240344
2.904361568922514,0.15695122910725826
2.83471992765409,0.23658709121090035
2.765113640858789,0.37003984009729424
2.8997056333934084,0.6464950826401977
2.852638390119358,0.6216234558372974
2.8500766878797585,0.6266588865349952
2.8519308409365376,0.625153504356115
2.797491561986095,0.5053190094265997
2.635310998743054,0.35016931356097847
2.6984681634051184,0.34575714495617044
2.7832426626548576,0.47645603786258167
2.411871042655706,0.2824205161017324
2.447325913772396,0.31256544712988926
2.9314084639062177,0.3758939926835656
2.6228866423157626,0.3339947396288566
2.9057012441608387,0.4036710637200137
2.837955260091677,0.4174630182992655
2.9183662709490465,0.3659973031171322
2.7138530828862257,0.36832795763938725
2.6486159554399293,0.2945525756226515
2.800497031852334,0.3316478075902051
2.9733196441290084,0.3623970273069894
2.8335085241909845,0.18685871005443808
2.7752244954551633,0.5297504989243726
2.831619711552019,0.27337371417483436
2.7153834737793927,0.23926935568738195
2.885100724264318,0.29850016713322636
2.909716770835929,0.29096252631822045
2.7485363155618603,0.41217078425665377
2.7586377516808613,0.4467693919065398
2.8275165823266635,0.3759827473377967
2.7375392254037125,0.432514894146913
2.894296660060165,0.3975292311228154
2.783818566803415,0.2470631806951006
2.7539209296844698,0.3956653106650123
3.0288984532768883,0.2388210018133602
2.9311667591258854,0.33375092450323646
2.828470000438461,0.37231318476245334
3.0308712996810905,0.18645346085666406
3.0689727912511633,0.1974075647608618
3.031510720095427,0.22080193422100258
3.000713134781355,0.22748272128468502
3.047547469193502,0.21060472714491962
2.791967934906181,0.15029123795106122
2.7295395110977196,0.29545480187204964
2.8630636849409017,0.2440632756750708
2.6447498860806,0.2758101971445126
2.634024638768923,0.478570684887035
2.9562158861765293,0.5571449558944941
2.9534157714307274,0.5764516874552328
2.785849327052615,0.5151624615181272
2.750995828441299,0.2374756592892056
2.8000881403015976,0.31747891505438797
2.745895887840763,0.17528343930659984
2.593863180976874,0.358499982001648
3.0674883292983224,0.39909709794425025
3.019895392153493,0.3650030733200577
3.0022227205630365,0.3472506902429562
2.7068124398666424,0.31165596463765227
3.013896480926368,0.20062857740571297
2.8203962370763707,0.19023046915324424
2.8803590450173555,0.173019700640648
2.7079960918811943,0.5124714128653105
2.860891837683416,0.4455023152978855
2.7140221269030222,0.27617674234098005
2.8333303882999465,0.38333799239238514
2.7721414233946904,0.4705861637581511
2.7637625708909948,0.45867232040366407
3.065181207605346,0.3063123588296225
2.8742196218978515,0.2013916355142119
3.065825817144643,0.20229287041902733
2.731823838703352,0.4545072176787455
2.7557050072705205,0.4254608896846005
2.741383363273189,0.42390452905861553
2.7235488822958067,0.4143419488758697
2.8013607519928807,0.30521555001156686
3.0353341368609574,0.18779892252301625
3.0134874860139473,0.19123731934043944
2.9939686009797852,0.28089849180406584
2.959134729137332,0.2439061568918774
2.4563387877733502,0.5564165389379198
2.6749886368258777,0.5359186402215517
2.8450356073908045,0.21003586469426752
2.8893130750381375,0.2608986174804348
2.7740375031466065,0.4093586185312748
3.15123269670363,0.15795193460494608
2.6755104417977504,0.30713664796511125
2.605175953051025,0.3589043514698028
3.004053807695982,0.5217254974479189
2.541537298129421,0.3586044051502353
2.600105541772075,0.6957778854879152
2.478006025897279,0.6316004879117509
2.9260984991592105,0.40713860010959146
2.6695803590339016,0.3449480483991933
2.780968828970393,0.5949309816469333
2.757035007227462,0.6557128124410585
2.2481649388735994,0.45829591335217307
2.396922140710855,0.5109826849922837
2.7555822786412034,0.6859335667903537
2.674313010003852,0.384345010096995
3.0803488460380164,0.17836612185471754
2.9577114258317447,0.30416705043651465
2.773396600648827,0.26147057841018806
3.0135555406550005,0.2808836058431512
2.817347597585704,0.2559022137380501
3.027327343815798,0.39481044883901123
2.9102376675814194,0.13864590380496833
2.896453194306752,0.12655608067386004
2.8890788848641975,0.13078101063951375
2.745656016763715,0.40731617547293775
2.6904697294125994,0.3913412924240864
2.6534231424098036,0.3916580297477488
2.8004109798767574,0.4122520656595605
2.8010356598465793,0.2337300817731713
2.9224676199711577,0.22760061123950517
3.104214480808066,0.23647074808397311
3.0072124650859258,0.18428982471456187
3.019714514612962,0.20241465535853975
3.016409095260672,0.2952160991229754
2.7688398381754418,0.27031376433341187
3.0195254275356755,0.30945006968981925
2.74763519887341,0.309696628070041
2.7868859170387954,0.33213675536595855
2.765474869810091,0.31530089721041854
3.0613056841708053,0.35845719629029554
3.0322669995896856,0.2749321507164537
2.7009185305822108,0.30431298178729604
2.7580574272356997,0.2945300931813736
3.0813882627341793,0.18927711801355562
2.883374415554832,0.3281060280750546
2.7272777569193463,0.41866303231370455
2.714845928854084,0.36337581820821263
2.8089364089444127,0.42979762267765403
2.70520008801037,0.4607174329347083
2.8997740362347106,0.24533109792057547
2.732228727875123,0.3567442630497078
2.723615266153464,0.35673866905615004
2.65728329423534,0.39126922674936443
2.9833823794917627,0.31617995068489363
2.874751077907855,0.22400580079276108
3.0702076638561078,0.3356665022271492
2.8657317936126057,0.45448813646287495
3.008832511937786,0.283289961944703
2.8366440499697005,0.36997037172958114
2.868484612851791,0.3895424789778987
2.8588790411023877,0.4038443230363879
2.8569442745001634,0.4053944787332461
2.8523913764368203,0.24739177851887142
2.9323311516276616,0.26294590638767085
2.9241696597472595,0.2108595806899105
2.819005377369157,0.40486454930985827
2.7264732318940075,0.5851139861070254
2.616654521974544,0.5525574605677485
2.9018030651572344,0.32130028881650624
2.759406055273442,0.31209280347212043
2.915685961808198,0.32445214210270024
2.8258449957454284,0.28684794236402117
2.642843093960857,0.201667899181321
2.748793846388549,0.2354081225246656
2.7766735764271315,0.455285619965836
2.830284861410643,0.2663699320444475
2.7689923084921073,0.251870763186184
3.083574283798673,0.19216515370335993
2.9128687731653744,0.19230981051926757
2.7877356770346124,0.3904941673738216
2.8917919428860097,0.3146763536021519
2.9048197797155852,0.2667344853904223
2.7768360027121215,0.34377761728051764
2.807449620526696,0.2849349735512884
2.8537480517751614,0.30352523698718487
2.8521489238118862,0.13706636810255837
2.7673806093384687,0.4054221487236117
2.972711897378984,0.21213766195310396
2.7137825317195063,0.3809095880368085
2.7313897097353377,0.3827827555518719
3.0266595528662794,0.3409315983634791
2.976250851421491,0.3896801253999186
2.8010759013281157,0.3210007725760008
2.7690206250372906,0.5102205893319864
2.630201380098921,0.4890518919186391
2.5778208542364855,0.49336627984905573
2.529557829549522,0.5522033531357692
2.9544580423359457,0.25630851734464216
2.557020759346963,0.4076654263864231
2.677674420047323,0.32076338479359623
2.84301925400811,0.35432106298861354
2.6956820605106357,0.33051468202424483
2.619114730610775,0.5582228279355257
2.704820266451023,0.4606037604503768
2.821502068382841,0.30738139990623026
2.838894222854866,0.2540512447534656
2.930831737692674,0.33630859000005453
2.9310926976643557,0.309614278384558
2.850507218708063,0.4087390138146011
2.916409052838826,0.36114735422159916
2.7455246586509054,0.36606979260693173
2.8526854874207226,0.4014611765427717
2.720982268576464,0.36908922049980425
2.6509490992282445,0.36056998435255144
2.6148665760377643,0.26601015217358714
2.8866199045204937,0.2800028138443371
2.6979270835396343,0.6144926225532166
2.5951943563609046,0.5395501430981634
2.5918513877470213,0.5409618891681651
2.5754435915314917,0.5370324034442908
2.8362883702612995,0.5175337737447685
2.6669626235198782,0.40492056534404053
2.8729684352082643,0.334056891289863
2.773713173094422,0.3677935194527243
3.035981458085386,0.5489966641471185
2.818728419828666,0.2545612188262439
2.937517062051255,0.23440063574397418
2.6493038805685796,0.2533868362894032
2.8349426742374324,0.27573279480329915
2.8589374135488645,0.35392150391741173
2.8997651765478394,0.35389116505627266
2.864345024549415,0.34051078989535905
2.624755344177831,0.2670059236124117
2.823050046237,0.47859295553627484
2.947857770389743,0.4894647577883001
2.6435154571471213,0.6306344284660175
2.6251290151514235,0.6713579441203481
2.5068491490349776,0.8250181606478636
2.347597283371809,0.5433854360737584
2.281593304456253,0.5198293089115954
3.1692673661879,0.763818162486636
2.4814792395759193,0.22237996364451773
2.4335071746522443,0.2869262849822125
2.4624166599448514,0.3174237732937269
2.791744228857155,0.6441009136819534
2.8207573456915918,0.6658093364447065
2.787235411986645,0.6132101469741168
2.5967064284190053,0.4213819236312041
2.9104540254408438,0.441034817246615
2.8585202017534868,0.3470337984827708
2.54145699738995,0.40400260947079786
2.6061279265316086,0.44501313072613174
3.075066371938023,0.28448381817650287
2.842152480783056,0.3088358326147559
2.9683707775266286,0.1964833281874783
3.0913090250958053,0.178118576511119
3.0797520443781448,0.1871597978996194
2.5808495026673905,0.6095116753088714
2.3624086414118275,0.41135777371547627
2.9567738255603073,0.49602148698747844
2.8953347771038356,0.563097239568223
2.693238577463808,0.41226065046892546
2.765785570880839,0.3874433871812426
2.811828070569884,0.3861506448841857
2.8299461766166383,0.4120923095827938
2.9147877453023594,0.2174439509280814
2.828673401316515,0.4441861703334876
2.9460654041159633,0.49963792590239703
3.0388390363104256,0.4774601622818695
3.179920951342562,0.43538861134851853
3.1453464353174625,0.34146406283744074
3.111328111024725,0.4442264589859827
3.0931392513273925,0.5243821210511566
2.8328530262453118,0.4547199313902875
2.5933297974491842,0.3697154191700411
3.0032675545526146,0.24299426433339055
2.7614239248447556,0.2436198989764333
2.696300392718755,0.29039647084373293
2.7346746943257223,0.505159473388855
2.6519894816710994,0.571529769265869
2.5919783628712367,0.519647409298842
2.7075492420873366,0.49590876353410385
2.701179403592113,0.2990522544464828
2.741846869193036,0.36166794153937815
3.0736904052281857,0.29483704582779313
2.847286500567305,0.214922409771155
3.1610066396735426,0.36039811432727675
3.1431568767231153,0.351740503707507
3.112117043465538,0.36167668623014704
2.810613519823239,0.4299813033058517
2.8843742072994,0.2691346293896258
2.6015335599040186,0.37264878990507705
2.7032076954227446,0.4402299136916014
3.1743483811945477,0.3064231319963812
2.612018736983973,0.30904880283471664
2.5839807569079225,0.3565150284278608
2.926787734538229,0.4462989004151038
2.8256285407153996,0.3539168680305277
2.691567938213751,0.2730004598190432
2.944550617549763,0.26571494636123855
3.048272803647814,0.370192963028486
2.9648948525545964,0.3601764160886913
3.09362224793471,0.32023138999141004
2.876501968443127,0.16793289407325984
2.861970485505696,0.25637442148978506
2.889810554135188,0.24892356104899468
2.988946710497639,0.22439366233884186
2.9428602306302585,0.595516365563708
2.9754667902397043,0.4899140232426767
2.939813042430761,0.49473869539223775
2.813387615399383,0.291014465695599
2.6898009323417487,0.37448831594224935
2.581106517176763,0.32710081083311715
2.670193837660367,0.29925338722754713
2.6439787899389486,0.30002540294101987
2.902017587060082,0.4469157009508277
2.561092104660097,0.5534855792420239
2.9303523477873568,0.3044797121164335
2.9472305454153225,0.43862335907569067
2.725430446678761,0.34762682264953054
2.7910556281475096,0.23044438512248
2.7534678586114256,0.3851720177973
2.98827262152448,0.1815329793650636
2.692448100221772,0.3681848287065617
2.633159726389432,0.3595953507219897
2.8088737759633458,0.3675512963041287
3.0190339082573345,0.45761583017467444
3.3212496250749566,0.29478964003844077
2.4137302523975386,0.3782392631533674
3.0784465057895902,0.29168959254769244
2.9210699718765376,0.45621254679555584
2.721057320469092,0.2906863704496732
2.825198841048334,0.3097353636667452
2.5247233899645485,0.48025933065039
3.1147608910269367,0.28290534597352895
2.892858375220038,0.17680000706690488
3.0962207292698225,0.2992688542006578
2.8319363419737473,0.21503518543553476
2.8278285936932366,0.4587276856698659
3.122452831532,0.16172558986043356
3.1792042128772646,0.16225302326876329
3.13915125916734,0.19780226465361783
2.680155359519355,0.34399701848258774
2.7897259819925946,0.2849200116592486
2.7948583765940502,0.2734019961452916
2.9334102992967126,0.30189462421106406
2.932516607226283,0.3058333621867593
2.6016863969721364,0.2973183344364205
2.6290056067713365,0.32361152279065747
2.8074401710983974,0.5060119081410794
2.6971554834530145,0.31225127516195544
2.69896783562254,0.33327947649105605
2.887464734639847,0.37390602791207994
2.945221877352745,0.24658426317212792
2.822174295541519,0.3434810312178298
2.7512079328602606,0.25794263178573185
2.5867637195399222,0.2842367380484241
2.6656407997099625,0.4673690299901339
2.8157388543787056,0.41169309774050356
2.6643853950475256,0.5806112266638925
2.5798693501660246,0.41186845554318857
2.956487669402857,0.3136787449757887
2.939664423912072,0.36749086287163063
2.8373227526755422,0.46577781657071504
2.9330624668132743,0.3462571356769287
2.490735788280668,0.3849100705654624
2.648785496628869,0.42911132584271605
2.681337420209656,0.5418706102802284
2.760961214617297,0.5111404340915454
2.523696046700656,0.6017348051350049
2.574978244735388,0.5208228338780482
2.7358210133771035,0.47488584467660044
2.6614837082594494,0.49999644139410754
2.6616329717866885,0.49668354416516863
2.8051406150153313,0.22911578017060105
2.939796731874157,0.2557564963236302
3.0515055260761454,0.24686507980590522
3.085499931480968,0.1368845906262139
2.9855442284672833,0.26460380693834623
2.931003201480434,0.482671497219141
2.658361766860973,0.5385446334167848
3.098624908572079,0.5520199066804605
2.5364902133556795,0.5232612207930533
3.029400242597313,0.22632467201928597
2.755126374742206,0.3826281317470105
3.0255518189682684,0.22916590466236567
2.8763084815526616,0.2154059213451369
2.875496103793645,0.3454657184989146
2.9201195746172357,0.41295595381832506
2.8565106713641355,0.43602434208438884
2.6272435244913717,0.40142291357191306
2.602866437627258,0.4247799925558383
2.823307170880277,0.1749622037188183
2.8096771548704416,0.5534035407569742
2.6235826941298055,0.4992413679567381
2.9750121645707432,0.24527886279002423
2.7265730231095344,0.2799474761125126
3.005959500558998,0.3578485974601492
2.802826131759542,0.4629901794276233
2.6135427746945665,0.44850128962743624
2.667205424669467,0.5350065827312366
3.080306569986944,0.4144354688872241
2.810093544706834,0.30741526738378006
2.8832860542136696,0.3154790099469274
2.854492620267705,0.26305600024879083
2.811677537512954,0.3087465302557163
2.786486197363857,0.2861916087611425
2.824002792368804,0.22964454715473578
2.539425845184579,0.39803827734627945
2.652789115265033,0.6011278521226687
2.667942453784834,0.6247044042523592
2.749230357650669,0.5153006305520711
2.712495973570208,0.47898707970402216
2.958713875681432,0.284760402350749
2.8737878097406706,0.2737998224420897
2.954029414653336,0.25355443954886037
2.5645342091281047,0.3946397864730779
2.7229932872764677,0.34109846529792925
2.7452812852636646,0.4350730687344879
2.793862282025207,0.3982653130738402
3.0781407681019424,0.3587660395669419
2.9927077185245863,0.4092460539710833
2.8157053463645663,0.46671719525267785
2.792956251585768,0.2624382624443259
2.851609393794432,0.2903755306792039
2.78993499353208,0.19628014496960658
2.989133784583125,0.26146885441842777
2.887065460897205,0.5522910117697679
2.881091689747488,0.6464898388966241
2.810413351721751,0.6474518777239691
2.630596594539585,0.59875216365932
2.640608965038175,0.5633384586548773
2.613541387282433,0.4925165934825138
2.722772530749861,0.48871058883198387
2.618274076256543,0.30698162301858223
3.0523946738262047,0.34098068056885067
2.4846037891545154,0.20371885767541262
2.6075113991765857,0.27581910540132415
2.748112858824788,0.33303864614907464
2.7866679219884376,0.220840950010318
2.854193768801516,0.2288375154232581
2.9184063133704705,0.21683524486239486
2.78434156934086,0.5568215341301886
2.806965075665294,0.2028534099251173
2.793632468407958,0.3055387895961851
2.923040974109802,0.4176301588517509
2.980782983171441,0.3015224357540062
3.0957275185696638,0.32716970467059237
2.817675355301027,0.44804997102020433
2.687547175946887,0.33041682996072297
2.5452787550663243,0.32354446323838576
2.5963698193597664,0.41108343104185324
2.954745690748463,0.3478688168051403
2.637203134908005,0.3203782416011039
2.655630381441538,0.2841680295422588
2.9768487549736165,0.3566810176312846
2.9611496171765963,0.24115826410785426
3.178431969982681,0.43927525539812956
3.1373068251719545,0.42998001872090796
3.182403524100963,0.2541952074039107
2.949380009554919,0.2098748920299634
2.683955312447972,0.45758355132170936
2.811998359591299,0.45282099937091963
2.7253041406893157,0.5001032501060991
2.7438271793417615,0.3142787037438819
2.7726825834473803,0.3975525955378356
2.769316666639456,0.4447254451846167
2.768072399686448,0.41860057908895426
2.5929350100013266,0.41804141101931513
2.5628288204089533,0.6932072488492166
2.862542623875678,0.3307674622668179
3.0277129900982724,0.30665817562437614
2.7909343873661383,0.39078143473175353
2.9227388751299643,0.2748022924548836
2.732897075892287,0.3673910836049466
2.8351114244353415,0.38650545553670407
2.70243573202211,0.41386976440814716
2.6701045268834314,0.4326854651732211
2.738427071814692,0.30002144273098796
2.9047704775004473,0.28680059474779823
2.752605061023973,0.37821787992149697
2.72407924700675,0.30601873519016587
2.8270807411591488,0.35291233749215356
2.833837374765476,0.3941952537579728
2.869187003002036,0.40816462184063046
2.60434781167651,0.3847011062745357
2.5916864279823564,0.3868431903120236
2.7157576075661605,0.3118986492073964
2.6706666805769617,0.3409894915362325
2.808817339669715,0.2899508668481633
2.909338160606673,0.3673561483122074
2.723104825086536,0.29195577916078147
2.706030220773434,0.26597539531901443
2.6935053223474363,0.21407008355060006
3.0601529115894346,0.3853093735711751
2.7972893899979545,0.38185950760213433
2.7386050758584606,0.4723781992058366
2.8027272110776025,0.4860014467636971
2.6530603302954754,0.34829086121208896
2.891451253560942,0.28862286392064623
2.908281706000807,0.3799722614505388
2.8504951391624087,0.5315903388026654
2.597628041977864,0.24569103824075034
2.4924201160595785,0.21879057212072214
2.7782988202239123,0.33617709079251656
3.0643274597720778,0.3059686026841227
3.0494692447017893,0.3075199268310556
2.935117345784619,0.36137760152138393
3.036386128127779,0.21499173354560563
2.6151660690647653,0.41470608202213877
2.710049047456372,0.4041497758985305
2.74746129505077,0.39581668693071625
2.814835797624316,0.5172764656753244
2.8210373800579323,0.44792656181504653
2.828165490895881,0.4500141053680858
2.7545531196253594,0.2820662828381151
3.1102987995704763,0.29938430949625083
3.1402159028086514,0.2823565558191355
2.766297516427859,0.21958826352128744
2.8088990745235067,0.5356481021317437
2.7143184911419467,0.5746683629897887
2.6475772660500305,0.3292460358372737
2.566339034783358,0.5162544428150048
2.6356636258261084,0.5872606744553824
2.6136447239165896,0.5870828852235692
2.5918005545423237,0.4430288264813844
2.5888583538203007,0.44792256338871117
2.7065334492793567,0.3439710504981572
2.6545566275645784,0.4539293551971099
2.695412458833587,0.4363290824844539
2.932182473888204,0.32485651807484
2.6432146446740368,0.29989180268953114
2.891628458810406,0.35216211865716507
2.950681649496544,0.3786713334218619
2.930610749890834,0.34723720761945626
2.9177847558775465,0.2972015871146552
2.9369336103510584,0.3527800536616856
2.874259986334957,0.2897961386698055
3.0890508337374945,0.22190379018460246
2.8460981110031383,0.22694663250081923
2.8875312065410443,0.4869621139739821
2.6210311899817897,0.30287759524742264
3.03081442353314,0.3591493406911537
3.0447094990722743,0.3570205031384154
2.930001484539777,0.30655958091231356
2.9390831845353502,0.2710015132725792
2.7020493591339236,0.5020874968250336
2.858410680242677,0.3455877142216286
2.7244921486791833,0.4150569493041716
2.717966942761095,0.3632137705891306
3.0259643054526832,0.2993410181970103
2.871656260337148,0.22546789479595825
2.8336051973260874,0.19284660869711936
3.078005175408488,0.42125826420708046
2.3824419925996505,0.44538347266073375
2.5933151985814313,0.3271011984982275
2.7705693529815014,0.3158639515406681
2.7830689432847557,0.383607431221135
2.931090556547995,0.30186164401579635
2.690255544322264,0.2375554848789564
2.9600593724190944,0.3804762499027835
2.9973785512645557,0.14690746093254212
2.993698978705011,0.15557833936556467
2.983378440393634,0.21696529510305143
3.098349913239159,0.31085121070823907
3.190678643733099,0.27444973220041924
2.8669759145972207,0.26060685460198363
2.850187697292518,0.4561544397265646
2.7280811758079304,0.30251150391980486
2.8336624369133854,0.21096951815504433
3.1161423451429107,0.2828244358657798
2.554547678556475,0.36642488225332703
2.83926593147223,0.27592352935105646
2.8593087820551424,0.2513158370398947
3.060447125681767,0.17606903686295342
2.7598344670251334,0.3994111798449998
2.7987961075001584,0.28137057856436526
2.8129334212702353,0.3655472722421639
2.7400717573116355,0.34525742480055294
3.01243836942962,0.23176817228792726
2.76662971946836,0.32926280899528176
2.8493045440636164,0.2584255346935141
2.87556462199705,0.5428820982599707
2.9390135023206576,0.5498815753591286
2.7259654882886313,0.4550208320720019
2.9733352214410322,0.24488548733610202
3.0050870008706756,0.3306025463756211
3.2009841768854925,0.3283714094872511
3.149531807975001,0.21007695324087833
2.690649361887889,0.4436828332403819
2.7118730618457527,0.42870728661798346
2.7266730211997365,0.38337434540484
2.9675863551926445,0.24281831754382227
2.607145098932491,0.4633496853557874
3.10840871939825,0.18859075872007783
3.1221187204140453,0.18792609228978785
3.102357855320046,0.14777096041095206
3.0126550931160616,0.2622040991182129
2.971668997206905,0.33074471550110046
2.641993959572035,0.3756094414502439
2.525310299663643,0.3492809785311773
2.625323149649002,0.6158331991859307
2.9746045099767175,0.550447331211629
2.9858279009075726,0.5614436649990941
3.0819611274377805,0.5738104465723616
3.1277298403325253,0.654057008105993
3.095782157821752,0.643182500210472
2.9304874721704235,0.6512624201855698
2.6187313708066116,0.16450175303615228
2.8026769723667306,0.22029311316915062
3.050671038262,0.3383193080483849
2.8012546719617277,0.33829489627811693
2.8569164355708074,0.3154369654165237
2.590945989858048,0.46942032995606403
2.879311084683689,0.5890945592907442
2.923630691032301,0.5602221313332447
2.948342758861059,0.5449745675190888
3.0178041288213127,0.3064645942673921
3.048509195701036,0.1851969889972942
2.6374102126954773,0.332125474123443
2.817541847265637,0.342793358928253
2.797590435101742,0.3139124201665853
2.7668238878316584,0.36392062343749854
2.7065241855035755,0.4836132503943798
2.771176389188795,0.3288097840293914
2.7337811027671215,0.3228296723337383
2.833339410036869,0.38950691560140893
2.8321869186961504,0.2629077718205085
2.9658053819517485,0.34837688581251836
2.926690131558054,0.4012080716810022
2.5074986617110335,0.5784273518864644
2.765444872925125,0.4801872924728845
2.865419317288594,0.40180381930942294
2.9976780668131338,0.3721361993838245
2.7104714004174895,0.40256368303728013
2.7462385459772523,0.35303881015954275
2.9442440101553156,0.5050985818073
2.827124112142113,0.535660955306761
2.7639786484105673,0.3516109301991845
2.688011344447909,0.3070713627054771
2.6012486846695264,0.3554194228690305
3.0352914250435337,0.16793721630748026
3.0456424608814663,0.16409058676288044
3.2168107306823215,0.18905758597391947
2.4180386176699407,0.4990462935389097
2.301755058118488,0.5104266703876941
2.7000775892357862,0.5227816052027853
2.779850321488441,0.4724832228219535
2.6496410903908436,0.3645728398513303
3.0823148430904443,0.26713838428712183
2.9245424117162497,0.29811277737941555
2.3810556947779746,0.513367675952547
2.6181429923690485,0.43972316764362335
3.0249639292273507,0.2192055112456292
3.2271364087472496,0.2447891970097322
3.1792978799683294,0.22499780635312133
3.3312194974239513,0.1686741665235849
2.6880872201626467,0.8015284763980822
2.57193723517073,0.8746052270589111
2.52848157166781,0.862605328513032
3.0013102066877084,0.2802791335584578
3.057858791306957,0.2061397903992007
3.0484399120897736,0.2126730893303436
3.0263698667909917,0.185571166286917
3.0199495865650263,0.1904625589078717
2.396353483882632,0.4819744215747921
2.746167641093916,0.5068387360061497
2.8778207678079237,0.13686341321221032
2.900415625823804,0.15309582933145216
2.9274126903596835,0.13172994614159303
2.9221021739707016,0.15013912503869176
2.689663234366682,0.519879169680156
3.1570025024136514,0.40054496617644025
2.5826627647314933,0.2386284474409357
2.5544398021085852,0.25703801238887564
2.5821769273379864,0.24042678421292638
2.5764949210183894,0.24137460685471332
2.709516791824949,0.2465750591101095
2.8162358506168284,0.26055175478412546
2.821374346457145,0.23315318298973736
2.8598735778319484,0.4480586658545661
2.8417986772888715,0.5194444223493458
2.845403176773945,0.37089774479074794
2.8261643696840917,0.3607857487769714
2.886256850657087,0.3143834959214578
2.7610417119148796,0.33495885051472685
2.769903774758314,0.4489333541926984
2.781142663763798,0.43790546353450577
2.862482553865354,0.4409335823519527
2.850105760662451,0.38796102836797725
2.6777650872604726,0.420430532035239
2.7742501940966684,0.6642177161135951
2.7795428797125674,0.6094096843878086
2.921566685875739,0.5533889365174107
3.0612336620640996,0.3482146535576591
3.049584335119763,0.34473403998971414
2.978238881155632,0.2562597281608442
2.7539296973534504,0.6053338105035636
2.594320067609315,0.33462860648151554
2.587790887970434,0.3276500574940666
3.0578926680032996,0.3743412195799316
2.954232698957837,0.4092481524687588
2.812803534926955,0.2519746500690127
3.15304704987502,0.24420059438309513
3.1110469285507225,0.36846243403719026
2.814965411358403,0.22754422341362437
2.791770237896997,0.27598464590371863
2.9625748835698613,0.28343298875620326
2.8718489056287644,0.3544886001629509
2.818265365643948,0.39289719176976745
2.914583602974569,0.25298623854918223
2.8924028725422,0.1246452477630002
2.813423502979845,0.16994417174237536
2.923040207971106,0.2080917081772609
2.9222352769121396,0.223911475911199
2.720923240121096,0.44941788928971466
2.7470815974988763,0.32577883497877613
2.5340228675308483,0.5224595900971688
2.8989755948731672,0.3864146771671009
3.0523225186668195,0.40143938159144044
2.807471967870288,0.10098450492749728
2.90270380074808,0.1338003479005788
2.7495090333998164,0.5889756639348018
3.0185594339064727,0.4451778476575017
3.0966519829608288,0.33171129019986134
2.910866351455836,0.1801408835646097
