log_sigma,mu,xi
2.2697983035323066,41.00689382168504,0.1149398711578226
2.442402011364329,37.76768381874678,-0.2075842405012804
2.2239848361356427,37.09863770165691,-0.11087458177120943
2.6698246000766512,43.20434986777344,-0.17390517671984193
2.733646467904809,44.096494648369905,-0.1814981207128463
2.6473423237177465,45.48937005075521,-0.06299380803188386
2.3281583041719887,37.175381873314656,-0.10839872471359037
2.393130955887848,37.62310715692891,-0.06280942069779481
2.0287992017163785,36.931218409503465,-0.040643632222275655
2.16426834036723,37.35140554905225,0.06619583869655572
2.243972640221087,33.28177594166731,-0.05315906429696043
2.892452129638029,39.871190701194564,-0.05770361166545586
2.2524713566990635,41.661779197877394,-0.07593123821876062
2.1907130417623977,41.39544797615657,-0.06412654614959509
2.128612826549635,42.51089765775828,0.017811735967751707
2.97856228376888,36.38187186272552,-0.059295909504831754
2.8463080996867802,41.62600756823415,-0.1318386571357427
2.27733906867859,38.22863609835573,0.10332591860738521
2.139003347441702,35.37053561371383,0.07510612873426611
2.6178089980242327,37.43811667392023,0.037216547583428364
1.9274601103377442,35.27568704817242,0.3346079240244033
2.10700013544395,36.579137953233136,-0.09212088052040777
2.0953603288409046,38.58888939262383,-0.07874857671723737
2.0949619142004723,39.08753107575319,-0.04622447029734983
2.4138553344045213,39.175346671323844,-0.15733170351453174
2.3736349321206887,44.285619768769294,-0.14164426050016374
2.639257364981474,45.92331301329739,-0.18706315013959704
2.2526165623787295,38.070211477673226,0.16672109650511777
2.4605568848308415,42.08972964251234,0.09581895148126822
2.407794795999554,42.6149877085223,0.11950066833596983
2.4968407758868474,36.89776392960454,0.2121107769222981
2.4747990742951713,35.807656306339204,0.12550030673100973
2.143357619040462,33.7406100781677,0.1590294912595803
2.490316997405138,42.22990223625201,0.019599206486845374
2.489608021513425,37.919112259671834,0.013109830348181785
2.4158261501647145,39.60562098876946,0.038490889343184065
2.1805336161272457,40.278435370230355,0.14372013531907804
2.3088402359835385,39.066012909747855,0.11458320851307864
2.253708177648415,38.25791255503945,-0.026964125919917693
2.2521840093055956,36.1949988483234,-0.08836044468744562
2.3509988224059013,39.10639503878496,-0.06668089042099891
2.4554022315393382,37.03833662253996,-0.08293580455408724
2.4737740175620693,39.63064040169793,0.12500349119661547
2.463619816154559,41.10443395913839,0.14263482127978938
2.352823787144878,35.53255110849958,0.3800587930898462
2.6487016201612863,46.973132411796335,-0.1434024181698029
2.629382073636385,40.18991661461296,0.2091475267112
2.4438497731456486,41.5111105797737,0.1668113268420216
2.635498399923759,42.17726074309179,0.06986230434023372
2.514632424777102,44.150911501454594,0.32714605082116877
2.495651790088976,41.01161573802675,0.14689244555590084
2.360904687039169,39.73401742585856,-0.13926980017447543
2.3420478623146455,39.294012226436365,-0.05207582044429628
2.4279399884639044,39.02261714130884,0.15804034924218213
2.2876131423745814,39.3586571312982,-0.026325325856603538
2.4431331412843167,42.92556916065114,-0.23542687488632216
2.460962575092645,47.38297952757173,-0.11860001312970687
2.7066929525332215,44.23130935198167,-0.11976980232101117
2.525339187362886,44.00154643813948,0.05100162173260854
2.453418567742928,44.746641686868045,0.11317495028023217
2.3965706830807036,33.61954278414655,-0.053700420051944434
2.175485904162205,43.29634620076733,-0.09243055192198175
2.1403388127030394,40.41477691538116,-0.3941680376759088
2.326934337093555,40.92151390457578,0.017951901789370468
2.5693743016107766,39.577534477944035,0.1790282531795217
2.3185807238997795,42.34224405774652,-0.206582845235462
2.5067683326155237,40.633618065061086,0.13756089113670986
2.5746427315720926,39.71160691451683,0.11143638251480195
2.6898517422765242,40.062705272579024,-0.2571982329576339
2.7176599179310323,38.83870815052833,-0.12576853938563548
2.737311631883858,38.94317218919099,0.0804006150852791
2.676351027502924,38.698930716938115,0.2228621253593523
2.7592379874924813,37.857716042140524,-0.01721087773938916
2.484666892430683,30.252648791603328,-0.08117145729997104
2.697709361554331,34.48272089225566,-0.056770598881728584
2.333663077021392,40.913923947176905,-0.10913616309419198
2.5722729127434807,39.835567726668266,0.28755084866514596
2.357371893473733,39.68447333261813,0.29030472985885736
2.8968681499340465,40.93458447497221,0.3937163998759889
2.977380144104507,41.837077585902215,0.2685429041881365
2.639715740416962,44.90556260346268,0.41991463951818103
2.6189764504214907,43.52548499023189,-0.07081810474210877
3.1836040909178314,42.582340984400375,-0.06343919308016281
3.278389387925249,40.15089907824714,0.11285042512273306
2.518050385729987,42.71639816386367,-0.1268597879098312
2.7317837587054385,44.31178583653959,0.14916703585255012
2.74001011343227,42.13283720764867,0.08354932145985913
2.435438672480408,38.335426006812305,-0.08978720265239891
2.4112618204750973,38.183013386306044,-0.12499618303141281
2.3982034712535305,37.35862192157017,-0.02444597924018777
2.2675679465099083,38.90440483829395,0.07419623529639732
2.249295192506279,39.950164602732926,0.197220597516413
2.16098861907018,37.12279315618076,0.14362894365725126
2.5362593284286463,36.03026742046273,-0.07997884652871835
2.578142504400574,34.97740459408618,-0.09192748355576164
2.311174758171501,39.46092876244927,0.017899125372338946
2.1875542175902454,37.90282840564907,0.04275557893899439
2.2954398987331133,41.96562901260952,-0.028660084188285917
2.2350890566225883,38.571920641589784,-0.07984200634038426
2.8864424075701183,43.675144170894065,0.08410257953722008
2.4471940861643,42.03424131962057,0.30372401124629744
2.526236132142679,41.08600503998062,0.37344279307962946
2.690266886343976,44.143949602548155,-0.040534300311393455
2.6256564889322407,41.54222064410641,0.07813424877804466
2.332694833777887,42.600751318597574,0.30479098090128065
2.633905865097424,41.88503762255432,0.2770396929107613
2.543230721707584,41.839003850389005,0.24090680429090625
2.4041397955356145,41.73605498937564,0.13798293535230172
2.5930147757861697,39.95806069202899,0.053815915126218174
2.3476765319255493,40.03175238240516,-0.10784617126350356
2.481030390942545,44.52678109814484,0.0443955117256481
2.2808422480630153,36.61935102972249,0.11434696904228589
2.3482615008532313,36.804455194824506,0.4653476116747642
2.306033190510873,37.94872648830018,0.359555573809073
2.5528357251773417,39.33334376795961,0.17202603411895132
2.1669390896474057,36.95271320768758,0.0057014648435471365
2.500581401139393,40.923468665659186,-0.22320040069393665
2.208654309223008,40.75613289407307,-0.027477992458421106
2.2869636861031104,38.377488148113244,0.08276780689696743
2.4389309765530487,36.03375581248755,0.4020066914476372
2.2835627192400314,37.36918517793674,0.14416543208084556
2.0226116730394867,41.18295551176734,-0.23467937106171793
2.2267111689697057,40.7172093194796,-0.2298024652517561
2.387098087176402,34.64787492044853,0.17649942581968425
2.494901677317856,40.16617444706351,0.09658391051597659
2.3460036760854455,41.29044599014658,-0.21783600348209384
2.0764185787219827,39.484168362328674,-0.11584793863102405
2.583127137627751,42.64125828105486,0.36591174952990396
2.429126721996801,37.34969518543802,0.22992086319471605
2.4842060692740073,39.5506585657781,0.29762810924862465
2.674589680106965,42.91788535506505,0.30727077970153416
2.4965073755772504,41.08161026676651,0.24091737443436678
2.353056824920953,39.13586641628665,-0.012467491015233862
2.27858134349104,39.41037214489921,0.12305081054884823
2.376753141955747,36.38162106722856,-0.12498108513729266
2.474684842632474,41.585442483479625,-0.38250372451329706
2.051037150967145,37.055109177268136,0.1387164205443489
2.1782415252407397,33.56542900481563,0.1595288218768507
2.155433427253888,40.454751762066884,-0.08601515772658107
2.291356469507035,38.21822609493174,-0.13175195145783974
2.3989858267577784,37.11535417265987,0.1557678732925448
2.1185925824485183,38.91028572898461,-0.12891335074091004
2.4601429013594327,37.8271352046921,0.20271863774270563
2.392472698046156,39.2828864435654,0.2514115014421359
2.0940489168720244,38.92192401715542,-0.02181536966551187
1.9683068134273078,39.80410070297419,-0.20684860645839154
1.9647087111168504,39.81607330505074,-0.21862161852377504
1.9499195035151538,37.02654965775891,-0.10318704107644368
2.0728351901795645,35.82246366352226,-0.0353549318838041
2.6588055451412727,42.10427586287172,0.12439388347291291
2.2361934008138538,38.80028842060076,-0.0479392790621459
2.1512261980324245,39.7177123094627,-0.03469108765970018
2.206610301183404,38.21982164145811,-0.05750796887972682
2.5515268450229844,40.599361406529205,0.030947141755359918
2.448091286623939,40.836553534134595,0.2135150449325657
2.3189360688840948,37.6219525511945,-0.16693028520303801
2.2820309707509145,40.67593700192741,-0.2417142635287697
2.3167097081915804,39.19739603732092,-0.2523761728193168
2.5201162936703128,40.990465407927886,-0.016205464884412744
2.549478058743548,39.98494420318712,0.07001395138887509
2.406928769042971,34.477531024829055,-0.11385346550510715
2.6579574110579034,39.098898463733526,0.024916287731106563
2.258167739455262,42.75620693418659,0.021258974374546637
2.482085371013441,35.25585116918908,-0.16441634165540894
2.620751483167781,33.45131474033444,-0.2463491429009385
2.139098664188082,35.8580080159634,0.15703521482801203
2.3969361268764233,36.746821822611246,-0.09982333893499486
2.170354367761958,40.221088822109955,-0.019001891354082555
2.45525563601604,37.14711164242266,-0.018823462674736606
2.4565829656187446,36.21718308064974,-0.01088857763930125
2.393031288588936,37.07110397158091,0.013419957569851136
2.2200684178949035,36.470946756191715,0.3696807730230971
2.2823078168766204,35.26428304691942,0.23691360126993202
2.012294106963735,37.99530209962993,-0.09339226131238479
2.2483208590763684,33.95702076397455,0.010452520019623258
2.35605164847305,44.09231138247469,-0.1620473124054852
2.3195846833618323,41.3482628844522,-0.20263874121111877
2.0791203367356412,36.96772392887297,0.02271951289780395
2.470677645977886,39.247688871174354,-0.21344562434415196
2.110111940296048,37.775087087966966,0.07990266776829692
2.291741156753975,37.54362068960821,-0.2644459869417152
2.2523660110646606,38.74277404238085,-0.08734309178308443
2.241297666118665,37.63233725293562,0.2336595438120731
2.5596075993428062,34.090599183541755,-0.27712439172709924
2.170898860524514,41.95633091242515,-0.07331217317569963
2.2839700344518636,37.85652923643925,0.03318064312584888
2.298720188645593,38.02090837831968,0.07173654086427181
1.9652524305055439,36.6965818828574,-0.011165088092461962
2.551683885778961,38.939751452735386,0.09530965883787704
2.680145900458797,41.06231468963202,0.37750089640944856
2.756973969815105,40.712673865307565,-0.0935932458090847
2.4726831201038006,36.66601573135194,0.10526348237589182
2.341255813668018,37.677277169010885,0.047721146060388804
2.227801996327748,39.15136909678826,-0.01763438690495337
2.521887411212974,39.20225453189308,0.12755375385671355
2.107965850098685,37.3108590377895,-0.06762889496484442
2.5417036340472943,37.80035976951763,-0.1394507189475989
2.4033596971632756,37.33807446131587,-0.3597477992934813
2.4476919056181914,37.20771481449006,-0.02318577785463806
2.3455852679964626,35.107792474516714,0.32298779902243563
2.0480858132907556,37.25489944072066,0.04876062687693632
2.2252572523409015,35.98379128792048,0.13469288554733425
2.1465030000824274,35.43676566547696,0.2726790644040297
2.342268769196317,35.8001855575583,-0.02856659422766544
2.270451254180641,34.66094550808334,-0.029207888511813978
2.5697318294567855,34.38521456040063,-0.009336467007204148
2.333889802937473,42.82042526210448,0.05108354726900736
2.4441007953020857,37.37809792916608,-0.16507777677049038
2.505903603721601,38.056091608872435,0.16253433093748423
2.509557313082553,38.00844356259538,-0.13760410267465523
2.255918453381473,39.41306353141524,0.07601505011990525
2.124717514669544,40.34050069129616,-0.0019266898935581134
2.1982905842136207,39.71297018134977,0.0038203941358298603
1.94506202948084,39.08992646452313,-0.04971632797129359
2.0946205756745284,38.100291668011906,-0.12287957401655797
2.537631255885418,41.56451663501181,0.02424852655640999
2.5497995107298532,42.5002134349388,0.022489869060216845
2.529831217797955,41.56286536235467,0.09789839854036465
2.152726863958526,42.75101150982953,-0.14296294784420008
2.674398347821193,39.211723563394905,-0.36556521697455174
2.4151640186590124,37.732515204442606,0.019868046090104542
2.691499515055938,36.511498516192916,-0.15443567645610037
2.3653449375314226,36.50086222079442,-0.07435765193010628
2.306407324797106,36.829342254929706,0.2049088684714571
2.790946144379313,37.53391894190747,0.011800425681101378
2.593211525940948,38.8561668476604,-0.14158533801167414
2.675086514952201,39.107941490714126,-0.031135846575444315
2.7000291815331217,38.73927650752868,-0.012796726449495631
2.28869292612538,36.61696129548004,0.041054781345124323
2.2444229406347813,38.08304667447161,-0.23777168733751608
2.1202541431677773,34.40862823572829,0.2774300857823395
1.9544389888845959,36.51139522445187,0.28005093365024636
2.4794365095285418,36.59834422086668,0.1328543479309087
2.5148441296822477,40.1020083618925,0.20876040975784144
2.302906888272107,41.11268814660914,0.20146506250731866
2.285111925297483,41.520138553389486,0.2282110030503684
2.3560966751870875,40.000963913722835,0.20907694318558787
2.2839112029002826,37.678764967547444,-0.15109496990765695
2.3779122859913837,41.04676639445373,0.14185008301144975
2.4968869797848545,35.48408665537837,0.010269810192233617
2.619357361000717,34.016605935866835,0.260387325953108
2.611886690650201,34.20743594941491,0.1755557353921119
2.7719202765352504,30.856165687820837,-0.19892833649480332
2.4925195409368417,33.40058563310926,0.2048744770224572
2.3206426618568385,37.111403598678905,0.23861045109046627
2.4474982320731726,41.15903667714651,-0.011626350435543572
2.11718424055462,39.42242507175664,0.015621999750414096
2.234442124217659,40.183076114872684,0.021758638663562226
2.672591556706447,38.851978883044545,0.032523809240341706
2.75587176601071,39.97718765935127,0.08624431975114868
2.1907674988453034,39.41763870874788,0.18170146600253678
2.4649040371194384,37.65886846367718,-0.12965347131433708
2.4494364163774,39.82185096290341,-0.1916716862851071
2.5670180107685177,38.50781870451296,-0.2310700249644685
2.1553588191761213,41.46175501109587,-0.12519786445874578
2.6407030750680973,38.817041307606516,0.06824639589193424
1.9973459949726087,36.49840451336173,-0.07533302924189256
2.128449992206949,39.246232965164495,-0.1890980722223202
2.247930133264085,40.20526585634724,-0.28810908258936535
2.375479205166497,39.86487606657051,0.08611281640853542
2.370536523059377,41.93470622574311,-0.15246747286123644
2.2084873895534716,37.652337945443584,0.09482852195880133
2.773796993331829,33.3185367432115,0.02229316322647625
2.387510353636271,33.609965822027185,0.03932455160946162
1.9561850099461182,36.401897783598194,0.04393643929691173
2.2781824217873083,36.00583295952529,0.1076552104525024
2.353094595089232,41.89770047213981,-0.006224367665108462
2.665143441002054,39.622764130936666,0.07813510071994152
2.433884510106962,42.496146764455595,0.2170983725206898
2.8686897328451377,42.984782514496885,0.021675417017188506
2.304563074487001,40.796694267475004,0.12941759109365897
2.2855374345130888,36.75205778119498,-0.07682965928820339
2.3221451173077408,35.508898145583956,-0.07141235984279728
2.6510208088481426,36.77727488818676,-0.28315215923138565
2.6234201142353095,37.12021760135559,-0.17444068893464085
2.5317614686434426,42.11355709052092,-0.06229650796551856
2.195644288951795,35.76289336926338,0.009240602671510929
2.109494101708213,40.525542063906414,0.03778682440131516
2.577523677979907,37.05296037347214,-0.06619523386502149
2.4954804594791895,37.95454737838174,-0.053564279932609773
2.3984474123048503,41.28750848277416,0.22648792928405906
2.552978908395256,41.309765814216355,0.06313098864790004
2.3179303482768945,39.80853871202818,-0.09880308329381238
2.426545326038452,40.41596961414043,-0.06665894238649388
2.7262825340426424,39.54189996386479,0.17731649784241482
2.889546103651437,42.10069509843202,0.02416220093653679
2.134591196421288,38.345348727846655,0.012296380152361161
2.4263898523361793,38.93430729267032,0.02496730731295693
2.6737264383738446,38.83671473353248,0.0515613473872042
2.2442323456882964,37.40542005979592,0.06342622007518665
2.5885561076473604,37.99445395358999,0.055434764455698275
2.562996633964307,36.542364003439424,0.04293549551989001
2.384681485229867,33.51308134501478,0.03125762851019729
2.3490602592369387,34.26076472764355,-0.0004203274072117968
2.310171714060002,41.22195761447695,0.16996575496188285
2.5750327008123364,41.509517621781576,0.00039861603975859975
2.600798731626205,40.36688279301626,-0.055500182423952264
2.3163972491296,35.233464671177096,0.1521928661241832
2.1780270380209683,38.671732051651226,-0.12456458986852105
2.3673870530817176,37.44451469944043,-0.20023753412903367
2.4398812373127616,37.8848195178318,0.1278645377055985
2.380278862630841,40.952763157938634,0.17352037442964302
2.6625021950777534,38.79243425357776,0.21321184656805844
2.7171280737218155,39.290701674908824,0.12625065695014534
2.7966731004254277,40.52417817925137,0.18390886192392417
2.393370447288714,35.265245053409934,0.14922655251155656
2.606387484922276,37.71085437115101,-0.015313802597358327
2.6473604180344203,37.89617449024288,-0.057844818983876195
2.5844122526590976,43.95803884318005,0.2800284603608067
2.5267473075698033,41.69771131983162,0.1833896965261605
2.6417856026531763,42.64238458052768,0.2137546507897191
2.211191438910836,39.862570056707014,0.11412607497046723
2.1365587782523674,34.5826017489867,0.13420631120656373
2.1995588267413493,38.64941467523231,0.14884743408999912
2.3686524126290327,38.49315969428449,0.2790938994858706
2.1866867829926737,36.77857900214477,-0.2824434448118005
2.1866867829926737,36.77857900214477,-0.2824434448118005
2.5182615936400174,38.317529835251015,0.33759217757045634
2.3671927684527367,39.1680494375567,0.3298518638814568
2.2353365399964162,37.992611593475964,0.3594706573262147
2.2526638111113244,33.16823327148146,0.21746097401938916
2.0936458048071374,32.06144424112774,0.2496830894787079
2.1394615225366875,32.284196168223914,0.2818192655376137
2.6373683412166407,32.674402450457414,-0.20055100015556124
2.51014794144196,34.19148718070995,-0.31790523366486323
2.384292683444236,38.07768306649673,0.057708009206993656
2.2934460344019842,41.81617584147492,0.08620658123348997
2.2455082160228734,38.02590758754325,-0.07537482432509773
2.3498640335457246,37.5925565059833,-0.03545025049738534
2.2826477472654383,38.121081207363176,-0.18640533073864735
2.177119377726088,38.67632737733798,-0.23635779891132105
2.3875653939027335,35.43992244868369,0.21806221780327392
2.6588812557830037,42.05981302272915,-0.16884783136529552
2.3333407988603714,42.466816530368256,-0.12472110890557526
2.325766674749164,37.86286842508654,0.2071271043995285
2.2239235705790494,39.175582571284174,0.09026443981633579
2.204048301302013,39.56563939299578,0.08724228051149503
2.2388190531943004,38.84150472653647,-0.06364766052321869
2.821930788116454,40.060022890356336,-0.09009158859394187
2.167388388077603,35.27732840957483,-0.06060479268219673
2.281034432041084,36.43561150237796,0.01836614847159263
2.2006730598720194,42.271791994210375,-0.04317874705189187
2.6796231591601707,38.311662467181606,-0.06871355966191565
2.2897717038870526,39.02697366968105,0.1943668299533284
2.670897996449276,42.0149754065666,0.25530530279552816
2.499155160646162,41.8344301284476,-0.00039266459064056926
2.5056013521187066,41.38837694266976,-0.0757699971250267
2.321013621177837,35.33631827874221,0.08910832234100996
2.5708024349521335,42.22629788332099,0.3585851671905687
2.8826367199566016,46.08847865266933,0.09634605491507818
2.999733090654445,45.19871465259567,0.2572627512470317
2.4715152686620545,40.48359644029083,0.3087974735002908
2.3007232572013487,40.58943270761427,0.32963379585114216
2.3007232572013487,40.58943270761427,0.32963379585114216
2.4565776412886167,39.815638751660146,0.22935576097489208
2.252026426331105,37.78776380765506,-0.029126343426531774
2.427208980642454,38.709384807786,-0.019963261527297542
2.251679624362443,39.55504838402891,-0.31937790277328176
2.3261893185438107,39.93958154309214,-0.2930945677697219
2.2126152781646096,39.01950654415012,0.06839691731822818
2.1525604002020784,39.91307713392039,0.0593670396495943
2.3260423263978636,43.011440334594454,0.052024932250977166
2.6508395695418034,36.9325516750863,0.09640452110394053
2.7157879035219805,40.04628790474271,-0.16220394855361261
2.5968018188040283,40.83033294699635,-0.041136652544417535
2.2501125486682754,41.023784815955416,-0.1468305322472337
2.380690268606858,40.65403788592551,-0.09600597864878418
2.575728053402351,43.91247730662213,-0.0717466377235958
2.6243289507209044,45.26024543232521,-0.08744104659709828
2.622857906222483,43.70509834602025,0.012064122209052088
2.0812613278744214,35.18616562242166,0.1916701090058334
2.4990637826732303,39.32605304196697,0.18991287234388635
2.392613581394788,38.919913638733426,0.12721672101972872
2.8351209321241453,39.57850410656761,0.1449574662944955
2.519470131330092,42.31260364468518,0.07325133003064772
2.2939376180137825,36.43585191996384,0.1819083599037544
2.3753727654974823,37.48444383223591,-0.07444506734913911
2.520683287834388,43.90699067021874,0.04067053887028152
2.6420145531397545,38.16850687459162,0.3325121074197598
2.749546299466806,40.66628000425065,0.14233872368180872
2.4945434461833913,42.86492693587656,0.10878933327871432
2.192079857126017,35.007398586183506,0.1682819064340434
2.5030260512163394,32.62537665430086,-0.2089491126246485
2.792451862954746,43.944476432005686,0.12802116965888413
2.7350544806249655,39.06077028727659,0.11205985270097861
2.3832309213273573,33.46318050104128,-0.21005789298817784
2.6628683860161537,35.66759887659618,-0.41162914547663526
2.6977152044211654,34.18141554743355,-0.41810012193732726
2.4560294589273877,35.73053666282902,-0.12863092951117022
2.350939658167145,32.01587125990775,0.03947634123248326
2.800896463782827,34.24706037931318,0.2474372759086869
2.632363937666614,37.77728530727815,0.37412357284025327
2.664173092206493,41.72792952988957,0.054870204871858744
2.059119893063344,37.696971265026555,0.08506878268869543
2.506238382846099,36.362779123250114,0.19512849447100764
2.3765979043320202,37.087203890772024,0.2633201870505871
2.3577673773672547,39.298914813575436,0.2648227080095796
2.412825443368008,38.38286897656861,-0.06855828219895775
2.3747653422676374,36.84530593916895,-0.06415287754904943
2.4053370312756637,44.40383880745,-0.04387427297581625
2.216236105608234,36.74174703159922,-0.272245320372355
1.9968225124817278,36.9950929114155,-0.12131398426749104
2.3789158888950848,33.146970376365424,0.23630256604421315
2.157601434351403,35.790745285331376,0.18331647780572885
2.6979893833007234,46.5318138118832,0.004591247675590569
2.6429536165292427,40.358586027906604,0.1177550593054194
2.176408157895517,41.443347955526235,-0.10127866069763607
2.300140012482626,39.17720325068733,0.11022272751985701
2.273773414411062,39.00698207450474,-0.06608435251058573
2.486129995594953,37.01785222247291,-0.21590285789085262
2.3814328702296366,35.326495357639025,-0.2600289864177126
2.304187165518931,34.7292459117267,-0.11437786268300212
2.4183357265646466,39.6190143312484,0.12801311497891318
2.1531752166224565,38.59480491971528,0.016325789001289143
2.5622480405649632,37.754833177536774,-0.06433442888738473
2.417910860059634,41.85873743363854,-0.19686589934785864
2.1442054868269858,35.873221216462035,0.18058532973882258
2.3142227524658265,37.33272144364747,0.16313020435904443
2.8288041374991715,40.82424140655791,-0.0850509083738047
2.132131812540963,35.2753608104904,0.13731640552815683
2.268359067797995,40.39870870240949,-0.013881021864912592
2.45489586821417,39.62537781074481,-0.12269613959699553
2.370161260456713,38.6833658860445,-0.20950810971226522
2.1391556405388825,35.60846626706569,0.2960989192946207
2.9446679745970377,45.96272867892697,-0.09079595121787576
2.7396576156795365,42.01901169489547,0.38410798632617965
2.4364688174554336,39.24526915470812,-0.3282231573830645
2.310098668651673,32.45190999010589,0.44351961981002086
2.5955459088582864,43.02407708825133,0.2332289396094707
2.457543688402557,41.957697003216246,0.016196981890244207
2.5548457417962496,46.95268402588358,-0.13962643148627146
2.4818462980384894,35.32328260890703,0.45181504689584967
3.0799086973507004,49.04889951930991,-0.25385110478730843
2.9716014579894514,53.92077193126711,0.09539397612962949
3.1697525375195816,48.04175696370371,-0.2129290897076145
2.432180596623688,29.723149759309507,0.16773984280843682
2.4957458268303547,31.800344795105854,0.003357187412474257
2.4373350038417154,41.09089252227829,0.07557323603498484
2.1303248622344095,37.357815440630745,0.057529208741537836
1.9189422155085485,34.44827191297186,0.0698217839971808
2.7306761752096222,40.48093282911315,0.2628625159533812
2.546659602120126,35.736138085295686,0.21697479372854211
2.4639684384978797,43.23624546518439,0.17860366465227442
2.6555526754981713,39.08692930931136,0.14634789721536864
2.7941668794183534,42.22188477493743,0.3457624845232764
2.7632527177447948,43.011772870809196,0.4397468358294586
2.2008016902500187,39.12377893238442,-0.32963793453796886
2.421149363209994,37.51418920700817,-0.1334403675555113
2.24205731588506,37.24375407990205,-0.02831419213764562
2.3040039514345123,36.876875546675734,-0.042038480976285375
2.301519363918648,41.19915261810075,-0.04219536527146784
2.4667703623035173,41.75433636140231,-0.027265651633561275
2.5716913020969434,39.17685975232105,-0.0034366673750310557
2.4787160721703465,41.394106467972414,-0.12518206533747653
2.2257274740718205,39.411311626156646,-0.025101620414844646
2.3464521805566925,37.612302293497194,0.10385165368077617
2.4647614636108703,39.81147449582937,0.38633432103096277
2.3177378075635264,34.42208165340298,0.04060668067451892
2.3024942082422917,40.24085496707215,-0.10876619182412645
2.256690692241347,37.89592322228651,0.1217778169286368
2.182222061465507,38.16933018859013,0.08633078272717766
2.2373909295009344,39.382267496717695,-0.2200706420543041
2.415181815004758,38.624544108029546,0.1505907566552234
2.2729183371163613,38.53500954478655,0.1480512427474818
2.266431264631486,38.01920225708325,-0.09520224418493929
2.6352094719647425,41.8388247393781,0.13183264835000336
2.153595617263961,37.48030383024326,0.026305857366500186
2.199335771314386,40.95614389324244,-0.0539335228045605
2.2804578044102186,35.31378452449324,-0.10373135543425692
2.2622559432800284,34.815006438774944,-0.16642218872605424
2.4158130997216256,33.45047009408652,0.046588351824003435
2.172731867592771,33.59603403631111,0.039413436611558085
2.2717325557257158,35.157198522377435,0.04609410271283032
2.3565680085938348,32.26721176069695,0.00042499973620709324
2.5847686168342747,44.2120395466989,0.1278059502184581
2.6903853156038533,41.02833213373065,0.16340797240099733
2.391003264017359,39.0630310439708,0.03152168556896516
2.210545373170362,39.065391678660866,-0.06377403531814088
2.388616799856983,38.35119017778213,0.09803872073681963
2.321010771322199,37.72313338267628,-0.11016056401306236
2.0447380891121045,39.04636261553719,-0.06054866643638804
2.15092095629677,36.79034109990986,0.4204763184404951
2.009103553262773,31.619457935016882,0.09539474459203073
2.618970126782153,38.70083017809343,-0.11208558708219295
2.3900851599683772,41.894886184970346,-0.07021107914318264
2.68889090542645,41.36253670260733,0.24689909939865964
2.386185077193153,43.31375888561173,0.20109222352824146
2.5380354127323352,42.49739087699263,0.21671426671147156
2.3026209860777245,36.13484780687061,0.09554912795206251
2.2335191956146123,40.21986298246942,-0.08349237901770591
2.4120737002331216,38.3973060130647,0.14655864933862875
2.365259376221435,37.893788044219455,0.11575386117455815
2.357344237258432,37.7948590442272,0.21002995554866966
2.2085439293857965,35.44725518054501,0.3995700735634406
2.378954018509871,35.511437006385655,0.1943832157638553
2.331254216316242,42.30527577761488,-0.15862652047064382
2.4140226781550074,41.215840956056205,-0.11071550309573262
2.2158990691439504,36.05867006094759,-0.1280499221433633
2.0621985093456985,36.44843804706442,-0.25597807215982044
2.0558127913126887,36.493241672289464,-0.27372639090101925
2.631651215441434,33.38188690200772,-0.0046634221792759825
2.1078889522257813,33.2517838144748,-0.12376774149766104
2.9233121848946997,40.41786150131558,0.0568882062394005
2.5039803545285224,40.27185507054516,-0.11411006253548828
2.0865733388699943,37.25626617202145,0.07757154735058977
2.4749697732670946,36.64772961594772,0.429490767082755
2.493746713619626,43.26842684868637,-0.1453804940838064
2.483605859408381,38.960882939212055,-0.18675367372312401
2.365684938273516,45.57867167428215,-0.05543998096031475
2.419223641654326,42.26752354716583,-0.05850471917069787
2.12897961009549,33.87329656491438,0.2878605196040922
2.199494803859284,31.717810148079984,0.0027710327900874517
2.360012877222451,37.53709186011005,0.12777277568298884
2.14201764252196,35.12726252937347,0.26217973267424505
2.147944348134946,38.45059857668688,-0.047119214805648145
2.538521318773109,39.40059123156676,0.22114888969252558
2.494788804333128,39.438770413373426,0.10995746262178106
2.691063805380631,43.31131745541848,0.1457127837881383
2.565601023210745,40.69172119043124,0.19809653979644554
2.376624809898184,39.354176535155375,-0.19972181423766822
2.140798842277097,37.09197773991793,0.06099481529864529
2.139678473977598,37.89444147394339,0.08073990623412311
2.048256834436826,40.34177207027031,0.1261505620666652
2.4627499397605517,36.895631599634925,0.32237727985214776
2.4047616662395033,37.67986388943741,0.2919784701990613
2.4359649590084858,38.620425338875414,0.4471632172892768
2.41199757485532,37.7185140407284,0.46463674414724976
2.547665953577032,40.11904123168472,0.2835164065510209
2.321934249844718,38.58267636680945,-0.2071001415436695
2.2752931964497574,41.166137328837536,0.06905392954114707
2.546258758373551,41.15419062971781,-0.1412178021960642
2.467264061933628,43.028579781799664,-0.21047177670732936
2.167839474782077,36.358497535803366,0.19630327969607742
2.4909202420067986,35.932073526628535,0.04491862158366815
1.947892778797961,33.95701776301772,0.03371817494043038
2.486352117553786,44.932778659357545,-0.12833629821603457
2.3923000329785578,45.161643849576556,-0.13410049375280383
2.5849233365171007,38.474033877125905,-0.022168542508118255
2.6377453919741494,37.83963458569238,-0.10190512395263059
2.3789078875315326,35.94612403462356,-0.11080721593815317
2.7337299695655704,43.235132774079695,0.18005327341199473
2.2192414943622816,38.99661038887819,-0.24650875655743132
2.6653044606359204,40.78430183598227,0.002501762255147906
2.181278239334253,39.318085803716755,0.03978205055701168
2.4903767122034615,39.29659012311511,0.2765550335073331
2.2164369092549414,36.88434763532352,-0.02041490476892409
2.1171307490970857,37.06284757692847,0.014525780776971841
2.511501105545111,41.173024819825905,0.07627988641301489
2.442996444138973,37.83146667246295,0.3646723588812625
2.3022540306169885,40.02269555553263,0.163977790881501
2.4071924429399947,39.42769698387304,-0.13553828556176564
2.1288294439533586,37.104554271755696,0.1808854977226896
2.499789539760138,39.4968519590932,-0.02024756839272146
2.0621579640238616,40.87307627564844,-0.26319591583744073
2.418180616711382,35.11157808084008,0.15475978110073735
2.5326236610994104,41.17093424557183,0.10356067625309096
2.6881541920066097,47.378388463622144,0.08373329987905784
2.4808533889259916,41.21180423437613,0.16042929619849525
2.408738457565486,33.550557404199054,-0.11275573585502476
2.198628474140429,32.20883247778201,0.0017050315886871171
2.204574025022129,32.47062267777151,-0.021635452230944766
2.3379632013655907,35.879291782029604,-0.10834515656771705
2.190212149451956,42.97758676426057,-0.1888922404811136
2.7937759748014606,38.87331489335279,0.20637382389837808
2.5286432836194033,39.23156523244547,0.26839833183713435
2.1384612649205046,40.782877009049685,-0.031549049671054194
2.2693614717310076,40.88225305766004,-0.43107496068287554
2.8762082558754103,46.2370211638264,0.20249372353389863
2.8133004249391864,47.2724834002687,0.2555616049173675
2.907484222666331,44.2353029413242,0.16600410727598483
2.543999463539911,45.79653246790627,-0.048922528225280905
2.857960142988316,43.07801832645861,0.027008691068025066
2.6398243921770224,40.02405143651022,0.04631897968263295
2.5948042408001992,38.005124409175764,0.05555693403069059
2.334040165646551,40.0743393672877,0.032609432726055994
2.4123280378196155,40.34236298857433,0.05155229571705125
2.4905986312564075,39.11036237471314,0.009104370274047332
2.5127332085479837,37.36980959245894,-0.05442353341576566
2.959966556440747,36.48745959570664,-0.05204985377070544
2.619064769534129,35.992942501809075,-0.08786727019257191
2.8240129901449604,35.16716241829366,0.06112100326444186
2.0290112973631764,36.59114370519982,0.279108628371076
2.1483809119782205,35.30869534691382,0.13632751637467938
2.446464412194251,36.89925924888255,0.16550889641410027
2.3834256997974963,37.39507538898423,-0.08476984373904167
2.190385655605092,40.446426266485254,0.0762463100468605
2.627527719727187,39.27418596031059,0.1792964722243749
2.1929550684662775,41.43652358339007,-0.1631028863230985
2.4409739135789867,37.6720341567309,-0.012634009884447316
2.484900352799562,39.63584564028721,-0.13458470862470623
2.246282661853034,42.67789261064067,-0.19305656450602635
2.609491813141024,38.59248297557307,0.1481046066185081
2.615809324019771,37.02477371266976,0.03494730588686219
2.720826764506319,40.90836029432867,-0.07812963192490471
2.4641626904774463,42.142043292075385,0.15985978676925763
2.578008035144838,41.4961848426508,0.040880393373697865
2.646220097657932,37.415478585541806,0.2562364490755508
2.4192869744253365,38.209746171210945,0.2158640740808359
2.3026411844877486,38.4014784699377,0.2173505474553186
2.2328673937572026,34.747966219627735,0.4105495238622131
2.377771672129517,36.04454412393001,0.6655760323376799
2.328909538814526,37.15123526665317,0.09953369217985265
2.234513736707316,38.37867119052324,0.3964810890555688
2.702603514678441,37.50766552025712,0.17023739621453535
2.3532078179164824,37.62632367605431,-0.17634188536650672
2.1929145236882164,43.19649634059155,-0.1213401622492996
2.197879258803346,39.97703561689596,-0.12869627923211013
2.2289034315718386,38.464887089151425,-0.2872695929227495
2.2354073347976633,39.24884286897775,-0.20823722102967088
2.649725963122105,40.14223136624904,-0.02346476929848285
2.761901772888925,46.860731711132075,0.44336302955924584
2.9245748487550185,44.38046793255077,-0.000392503288719432
2.8271044400414342,43.180774525763766,0.18282479180595218
2.5004555881156807,36.517384022278144,0.1533483507646177
2.4870273599511012,35.06105978101352,0.11281753618251777
2.406723848760971,40.68170656718891,-0.03796235282574397
2.2779000554144795,39.08996667964718,0.0399647443815212
2.3272475612924013,39.64969256810299,-0.16513240962444053
2.2447300038507283,39.51035983165354,0.08780517604633978
2.0799914746491157,40.52072622976724,0.11806295892034999
2.331029579151593,32.563557008064876,-0.13871263223439337
2.3080201962040223,38.11474334621794,0.05436245234543531
2.345561443009483,39.58085867131597,0.11010001450686087
2.669463436228709,38.59516872285844,-0.45114608775859094
2.216939938963665,35.96291223825537,0.14811203432289294
2.48829112126084,42.58055825475348,-0.12132150626438329
2.4252582853339373,39.91672147482947,0.14875740586294542
2.5532962645566526,40.3635525578828,0.1578473984746483
2.6022908126092994,36.233703345787696,0.22089334528347893
2.6314233216570297,40.35589049392364,-0.30204180731845065
2.5441558835607774,38.19782405255728,-0.32144349769554165
2.417610179582424,38.60988661118739,-0.291983073691647
2.391968097020666,36.61742694632084,-0.22417229992481852
2.288058702929369,35.337947353803884,-0.0619216548165262
2.3264190617491076,41.23718607181301,0.10690737111137433
2.4876688632422708,39.80568265075857,-0.15592736643964175
2.327643535966099,34.77017762752271,0.11892237476694335
2.0515421271101033,31.401449723520386,0.32905235590161946
2.3602342635720346,37.138448260213224,0.021514908551228357
2.3593058518973535,40.200932166021815,0.13221722155788296
2.3899120289599276,41.26363270113502,0.12645323942511658
2.444255281876878,38.70176720223956,0.2568052622268198
2.1769176910031214,35.08868379189769,-0.09574289663214289
2.33739125917775,40.2211351902617,0.18060308421545718
2.0003683868325286,39.32772454670728,0.049342653783714274
2.5301095622975485,38.55325524072435,0.06079863542771758
2.078642690112416,40.26141534697158,-0.20366685419963093
2.3850136022766155,35.702781840260975,0.2638511232652991
2.608380398307145,47.778176504910256,-0.1279805056007202
2.5744599965451975,48.18121669362977,-0.02219625244248999
2.6990409363152756,46.61504952448986,-0.08635769051396718
2.788214105567615,42.32212663217499,0.392477836503449
2.4261497293011938,37.74631801568214,0.24306616919408142
2.5269416018024846,41.00283223039205,-0.06487924639460309
2.435002612989358,41.29999708541237,-0.055587083838881
2.481283491783693,39.946968685325295,0.24375865134543698
2.473264195817095,40.27927512907454,0.24971335089233937
2.425452347963189,38.34666743421488,0.1426764519781234
2.597597868018076,38.794365095332914,-0.10155960867233405
2.3090642209753507,37.31345916659317,-0.08227332458692792
2.3905688173225323,42.128732017436924,0.1520684271628753
2.9393043083618107,43.334746501957696,0.03373189787908078
2.4806247782484947,43.46856594871363,0.2362478498723867
3.0208809147777074,37.58734721240026,0.43070200647930124
2.968283837177826,37.1944768020489,0.3432160576673992
2.954173694396852,40.93305278897494,0.4241889999833264
2.4770961541538603,39.69266536798799,-0.33466267453769477
2.4363705886695715,38.43879931704122,-0.4651433390392529
2.2836489592377163,42.723228240529636,-0.16284856831720437
2.4848387863604815,35.84901099367697,0.2730072722881406
2.319431333884051,37.03597253063388,0.11106049824772057
2.322958110317164,37.47690608948375,0.206591635066451
2.3028257493729516,42.130339903552745,-0.13731093680636083
2.25241995262668,36.75876453884174,0.034462827455232485
2.6445403179050166,38.21980602422497,0.2792997712964108
2.3710848674134306,41.57849719000467,-0.22683609186040973
2.434130897552746,39.85390617858682,-0.18748960636817555
2.548593765249062,40.875075405860265,-0.12247609120301481
2.258182343554414,39.70158193373383,-0.01683844180064091
2.1460021263422293,39.12904593910462,0.10231418229887776
2.267746327507955,37.98900467856542,0.03918792100165069
2.1646428536588567,37.57106801236952,0.004906776736705355
2.1402084417098726,37.157307746573494,-0.010452629344560036
2.5412748043402917,41.888738399505534,-0.07410666926753044
2.0340024186166445,36.28458998431349,0.062392839647422094
2.3715684988215644,34.20686665754738,-0.08819077600361404
2.1633273872097156,40.440322313773855,-0.19695163169380095
2.4859219641170704,41.46660492254373,-0.05724204249886493
2.6840245877166553,37.199609310026226,0.23296562059269305
2.59389705069248,39.426257969361124,0.3429240817985921
2.066609850619981,36.88794395818991,-0.23198474860138846
2.1126499717934997,36.963943252096904,-0.13014880834851256
2.1078059944787224,36.55647969372352,0.0004154510645757014
2.3116861104331203,36.047560140948434,0.11499676289935504
2.0748621173200528,38.83510340442707,-0.09195550746050969
2.184558393781756,38.16400994734878,-0.026930330635965744
2.264126813552614,37.75167572431681,-0.17149637773027146
2.353179389174608,38.691175076454286,-0.28840475867147525
2.196508074063995,40.86971639940446,-0.18960378265066208
2.3268060645723834,41.59407071033294,-0.34528187611922867
2.383278514016066,32.78855614851675,0.3350508642565829
2.339541932324564,35.32089655936916,0.26358334389144805
2.4695741708174075,34.814617279901846,0.17788543948631383
2.204381664060875,39.465773353696285,0.14616233853286983
2.4972005138680653,36.47027939451182,0.026194124484239516
2.2141260878534514,35.37923558284147,0.012914231818490746
2.436407817259439,32.949498647566266,-0.025904215157945214
2.4352278087711707,32.58314667130637,0.15916341592582087
2.2469038945000337,32.933011244649705,-0.25490284373016514
2.6598147565721755,45.05676694251765,0.17360574296559525
2.709625948838834,41.417368956119354,0.19184207953185325
2.4023446527332215,36.62361200623859,0.11265724107735478
2.2360040199412947,38.64353117661968,0.04973193836401863
2.2974845703500857,39.823009442747995,0.0015049529392519442
2.593937934873954,39.40788671546866,-0.30004163476333107
2.507468788283222,35.381052629288234,0.014365335224980156
2.580147643593242,37.689729829492066,-0.09800693561074574
2.359612240330107,37.21666214905108,-0.3497248076155855
2.361425945366526,37.14443310102736,-0.34064995661585645
2.2190170659715407,39.09703344133636,-0.03792120626614011
2.198134765355222,42.519834296140445,-0.1853618604940233
2.2750200678284416,39.982563510936544,-0.04377045957782218
2.4372544521790798,38.09774025856924,0.04868926019117895
2.207701608070494,35.11720497516363,0.2985292855204208
2.232938128509383,34.986053613451645,0.16261105535735348
2.25538927365552,35.990823904902584,0.07232418968494612
2.322779619613044,42.11655999963117,-0.047480568329895466
2.3130058873679786,42.10595835629754,-0.3529645204791221
2.343536719923727,43.428170258344934,-0.16985759187995494
2.6405339660540115,37.39890101524414,0.3329951922562413
2.4314324724877747,39.146236534281456,-0.2740939631332932
2.5212471094306785,40.53605884778402,0.43165484067804505
2.5525060748714403,39.46047389920606,0.45525490714089967
2.5757008446430527,34.412815513186956,0.3948656983935696
2.46427941842632,42.31810835844028,0.1275272612997613
2.2571523594349965,37.368220915762556,-0.20063121393002756
2.5229663081409455,36.824706804658966,0.25219497887483816
2.8783613920038342,38.62801397248899,0.18282679408235977
2.17122819303969,39.028824454328245,0.05702873699476767
2.4070146088075344,36.6258989517771,0.04569216016499165
2.4873668354093676,35.91306284125645,0.09267067755620076
2.388447643147211,38.73828023534674,-0.09227072202765013
2.4102685149162277,36.794483870693746,-0.11093925496647124
2.5183385371853713,38.04606512882325,0.04101974210774634
2.387582735239325,37.475143943886344,0.009926628979292801
2.4149855464319,41.128676198301164,0.025696104187754663
2.262952876922664,38.30152767472074,-0.11381646423673147
2.475261489342986,41.17138582694664,0.24940610482262537
2.411098390532825,37.67418338056503,-0.1720937162071579
2.3945987876079937,38.04065277250273,-0.186040789779233
2.2791321303814613,36.36680395374297,-0.19413139418587802
1.9895739883127752,36.40668474399011,0.0795250110325075
2.9000062118963243,38.79309828754054,-0.14457969629441175
3.019756449487138,34.361008544226024,0.07450236358114455
2.354665210447111,39.466309555713345,-0.2855256407547038
2.136499719255437,37.96625440312096,-0.3879456431096364
2.257280549238069,41.649634817906545,-0.17513853242723093
2.503904383878962,40.58582961941428,-0.056419451364686
2.665372362672931,38.37246217346928,0.0385539047223077
2.0488657238100876,37.10757164659741,-0.14377020214360123
2.1295860609897055,36.65222563382676,-0.1455270654409164
2.589868353212803,41.69090366344133,0.18449864837189386
2.614651676279329,44.25907759918867,0.039632836944887936
2.492166775133123,38.16069963460746,0.3472491893986399
2.897176335628872,48.52532528286783,0.1847879717171091
2.944138544339269,44.92489293139005,0.19230984650306213
2.942629665343225,44.48207515656304,0.27274787339846535
2.692385362805458,42.182819288947385,0.2787196820180292
2.671679968277605,44.44504052975345,0.3611831046527883
2.6904708064293286,38.767747219458656,0.14862722436594436
2.714882411478345,38.657553052864955,0.11796989244139844
2.677882031727974,41.30227512398192,0.22885594608433002
2.5623816480279897,41.08147290981968,0.3753779603338527
2.7762584903700454,42.79084585353247,0.4895832305152751
2.7439266313965907,43.96058726660997,0.5332619954370598
2.8745581075412843,42.73317179574705,0.44690927472918063
2.7664041748832804,40.59711696280597,0.3435925769129554
2.6583739671865287,40.42880254374516,0.31207978201377995
2.6596804897234176,41.2832503343774,0.31400814347077327
2.5712099499679333,40.142362519509405,0.569479270887301
2.683163636933207,43.2008240987014,-0.12404258011737061
1.9506024594162807,34.49055574650777,0.24062344765595808
2.0961700505667697,34.21198874168008,0.04738625193522808
2.440589698857035,31.01613356533267,-0.05846416603802111
2.3178029947310805,37.001542220438395,0.12976764780962777
2.37163281751172,37.97225277249861,0.18787084746946897
2.257310711222691,36.39576758330758,-0.009578702535513649
2.117180083425971,34.04795996336937,0.18328684751007104
2.088658178863051,37.49898736421501,0.08814419878680645
2.642693100099004,38.70813643309383,0.31205298347391336
2.6683581927089186,34.45703183336439,0.3973218487440618
2.3157377391533434,41.9708464849406,-0.3644737411629621
2.25977752312527,37.7441003586804,0.40349609168642114
2.3055556255501712,37.01254799522928,0.5218958709756353
2.3066654113369567,37.02610202050515,0.6029443548769517
2.1613907491806152,35.0268646981332,-0.2889080213610806
2.2445064725199257,40.29109635212697,0.26435104614128346
2.631180045512654,38.92484633871168,-0.319657079386161
2.4881116575666615,39.19701232771248,-0.03770162925839654
2.2632735595087583,37.901935345973726,-0.0549345109520684
2.545782742211874,37.11841830512783,-0.01463101807054725
2.014049839739384,36.9021940910113,0.046192611437923296
2.38502036776131,36.58982965688412,0.1171403729644664
2.3514326207432266,36.75564737012098,0.12368757102261457
2.3031735609837622,40.84087902895523,-0.10222466064239435
2.4852569550026837,42.79265078703719,-0.09108003041081578
2.5298501383837717,36.916806453929375,-0.07101749291674253
2.496494934753196,36.82161139486331,-0.07913984503957854
2.461335469057858,39.65712700292949,-0.09543223534262654
2.4108997664540146,39.916677512152596,-0.09968898055963842
2.3674363646724297,36.90380089026269,0.10482812551774533
2.603686418725819,35.57008648575042,0.09410353886340486
2.192518156529974,41.61847852958577,0.004873441034787552
2.50369483167262,42.326026854676726,-0.12984089084702585
2.2876909182582255,37.4614987252249,0.22233578781682528
2.28287018063052,35.43574122724476,0.3864343103347994
2.431612043947996,38.23445236190141,-0.026229056421089306
1.9671588338097143,40.47040887650745,-0.0675972175875138
1.9744389275453902,38.92786109648796,-0.08702231216266497
2.7821565058289113,41.01429706924726,-0.1694733825131672
2.5112783340173848,41.8278123411553,-0.1591689356982893
2.7229660553833623,41.81076061427251,0.5216357410401629
2.659863696852092,40.94420319971704,0.30471122160289277
2.88181197215509,42.49258683504713,0.27065249640099653
2.507491442671299,43.14219394544214,0.2973368549290148
2.584919681259782,42.84390530861063,0.28294642557252214
2.5560995354453997,43.825140669501636,-0.018510642013329814
2.222022123681073,38.51195206572476,-0.3986158342186217
2.7291402602030974,42.902158108559355,0.002535063332722003
2.3716112098432016,41.42874915495352,0.08683104771003831
2.2071238253559438,37.06212626380126,-0.06323238413579209
2.597935222433073,36.55846476071777,0.134080086687184
1.9820259057083847,35.39682731371579,-0.22916919153768073
2.2189674409429494,41.56073749869284,-0.07094555061077147
2.2863875073321474,38.44814978733575,0.07625202718732266
2.173820300990097,39.947062845835035,0.16818263431124295
2.247683162607244,37.76844177054664,0.12271066293448926
2.0729390578825733,35.139079136266204,0.04939284693931183
2.5257542253877805,40.145424385677345,0.20032774020258484
2.6004032912155046,40.75837173051325,0.24719749997212448
2.3927887583788396,40.03614406020859,-0.06780560196456793
2.273653779268984,36.02839712199856,-0.009215665186301361
2.5411386679379877,40.362371940687865,0.2763302314451052
2.2276921042740243,37.89884306611086,-0.11668308137869528
2.4234993363470148,38.435336785902535,-0.12702384396728286
2.5492714447849902,37.35238923082344,-0.19293809861647263
2.499185150182538,35.461675868623544,-0.025626721570935318
2.538110369136804,37.409802901552695,0.18362868743577182
2.5426404807039122,37.52273634139843,0.19147956393085566
2.338495186468155,43.40782038872248,0.048262835299658656
2.3096327682948186,40.471547552806655,-0.016574465340874863
2.456359261599105,40.824612355188,-0.12581778526046028
2.1555887191187595,36.4346779927248,0.021949584435084078
2.0461867911555043,37.08965865679327,0.07210458212075267
2.349918008798565,36.25173300576679,-0.10404838515357812
2.244769861942711,36.591624316744415,-0.09107143617656469
2.7557466562407065,40.59065416249105,0.025836567042070067
2.4172815063965225,41.546819396415714,0.2964493501211652
2.1955867162382368,31.477682461574997,0.1260520618221649
2.3700234523102095,37.27768630561734,0.08473083666249084
2.244095544916067,40.89339057452163,-0.17854943879996335
2.320973598735483,37.248008418150775,0.03334688975363095
2.23109589841422,38.47698320391256,0.13927838245952717
2.3428097540982065,36.55144620166864,0.03909079462277827
2.4410250780717915,37.04280307472841,0.10216652639417072
2.5156721471430736,39.24968358328327,-0.035602724838988166
2.7842885839433427,39.99653029757647,-0.028083468148658714
2.4037870538703294,35.009022296953646,0.07156899712869805
2.5617644734786573,37.24225859930823,-0.20041878857688522
2.479450532216685,37.50211105349579,-0.20934410737877146
1.9638367362978866,37.474644585254865,0.19376444216387573
1.7598568698503982,36.6088801819488,-0.019669202182693798
1.9361377760302552,35.455359853496475,-0.05192631713517289
2.1665626174581996,34.78230521107626,0.006725951853168234
2.462059640677259,38.83177088913662,-0.24831545008080827
2.7393980445793353,42.12180897568591,0.3718519501055988
2.5993078370509903,42.0040835379983,0.21683567831346776
2.877170961025272,44.024065956704774,0.31181890647202715
3.0719864547917313,49.233060152542954,0.2805248093748617
3.0882630528308663,49.718885405905475,0.2757495675145744
3.035245705486646,49.34384797429134,0.2632062628607616
2.5640476987965912,41.08097934248786,-0.08193031201088755
2.574404433611544,43.944804984203365,-0.031238417111623982
2.9023541016804115,41.413023886129984,-0.2922569852106574
2.4314515274968307,30.064620774040634,-0.13905156386687123
2.4965019044088166,32.48465506913695,-0.15492342761597896
2.3987586750639553,32.48035335979998,-0.1502606793574798
2.090876760047182,36.04044676666714,0.008673189349383922
2.1064401642142507,34.07369075438136,0.1275987572351065
2.511898541983874,41.14864082833522,0.22668592192502132
2.909219361178463,44.82043084330662,0.30006886030924124
2.560515274014329,39.045082512194604,0.6042433116381214
2.3780162784802705,34.97926860432026,0.08430816345698794
2.4359037407766335,36.92909899573748,-0.011726742617854202
2.4263061936875787,38.036226179470155,-0.055905726763501605
2.6179579687482466,38.83824465002487,-0.09921666716852849
2.6014232450961674,40.496840819533816,-0.09863008903641743
2.508524589476772,36.74801968370685,0.19609517819770628
2.2718924473217013,40.42049975454451,0.13612721380340712
2.1159240057923845,36.426224841857334,-0.022400505746208634
2.542014483633174,41.6315906005143,0.11699526707367185
2.2165236435788342,32.165737299060744,0.483855464192862
2.2342608104988453,32.21028981819461,0.488475679645996
2.3490678772800524,38.7268024937941,0.2443851244504781
2.068476533444797,41.88940529884169,-0.17582831991986447
1.8989468921272112,40.514774616002825,-0.10538963925501958
2.3343590361188116,40.287979368368646,-0.11978823400453925
2.0681183177577918,37.07247770065021,-0.031458357413896264
2.6814051347815853,45.06315764986971,0.016593077398650905
2.5585369563795246,46.459975884798276,-0.25549932978648804
2.6476094676767175,41.217814278891716,0.05651990934804399
2.247529412013952,40.250950781888854,0.09169238838157853
2.126312358711763,38.0514934981032,-0.2855971971902521
2.1992332836786654,40.92965847445202,-0.027127293390991482
2.525279731109102,35.37451526982277,-0.03654594095202721
2.134565842756476,38.24189710092232,-0.04869973089108153
2.155724023921452,36.13455043338174,0.0016847881341747765
2.46587282601981,39.198375586046595,-0.04472106540943227
2.313193056385866,39.210690763990854,0.383371618021998
2.4455365888465233,37.43168250845527,0.31047720049951083
2.34047857626137,38.842002574529985,-0.02308795790936573
2.2831233016192076,41.83875402473027,-0.13438851071119606
2.2768389662067383,36.08537194125562,0.015834021190198284
2.2390467429573055,42.30563343616037,-0.16157810473207912
2.322700156508077,38.673630298695265,0.009351900965739828
2.303145406570788,37.273194853668706,0.08668719954768865
2.428810006038013,36.07126763544629,0.1439130803438129
2.2234696773432225,41.46455596978914,0.038075624810763146
2.0713077724484767,40.71514178583304,0.0765893903615474
2.0239849509648633,37.031661494637405,-0.11863863499126072
2.6449669322062817,38.448192728171556,0.4882441121881996
2.6782354279701432,40.57171787427538,0.6316318380006446
2.354769179766561,38.397517876945535,-0.08024251246508841
2.1707707417768995,39.61757046865073,-0.026550571990775002
2.1867928125621936,38.670417282275494,-0.18963854739830388
2.3043845713545386,39.98073512245297,-0.3188833442112157
2.2969803867233307,35.149322430424135,0.46132865365024395
2.1723456185751577,34.85211680334381,0.3503337905428133
2.617346274558292,44.892285463265026,-0.23086490096497891
2.037593063549939,34.79955210786706,0.16995326982692124
1.8632452737992038,34.78585321121522,0.17093440915900443
2.374568207462287,39.83864852046087,-0.16210274540182665
2.1957068478487956,39.98368839329725,-0.1975839149818284
1.9629767291073377,38.89246608214237,-0.1053548367547329
2.632540525508183,37.11159677580765,-0.1389023680228319
2.163730455095286,36.978130005119134,0.3337603990622753
2.608676048462215,39.471547514546224,-0.4101393786456355
2.292952366141747,37.616713850483336,-0.12224746606292779
2.4024279927911265,39.069607880036834,0.11168020665659605
2.4025923141130714,38.93323115623672,0.232391043362058
2.448149304913471,35.08401110447716,-0.030930198580751113
2.603881235031325,35.32756435098378,-0.4094668324654534
2.389685265701752,39.09445309952991,0.26468884423846556
2.5050972745875764,38.47023135027463,0.16105633572791897
2.676511182898567,42.72256492287154,0.15215699385117143
2.0248811121052945,32.994428730141266,-0.1376094380399863
2.0899659413404543,36.62633168113263,-0.06140824958219347
1.980817434692222,36.97049458744522,0.015867487594902967
2.808251446285261,45.742099326434435,0.2495275968837548
2.365291234582444,37.70816555515477,0.22059835984539986
2.205062044384793,37.66121717565446,-0.12406631053922954
2.3198633394030908,36.54309661337445,-0.11090104951228552
2.2623986702744645,39.39067753616186,-0.055460728003460184
2.4251162558074832,39.28345672938214,-0.03245015348820783
2.3293872194679484,39.978264541324535,0.042083061348896666
2.148830053310853,40.630018295570025,0.0035225359876736783
2.284710293412545,34.210432719163414,-0.049633318724535316
2.365713835950275,36.31386368557975,0.10531982822169722
2.3591101478363945,39.084701683353,0.04487814347012447
2.215279342540397,38.34479145237441,0.1020298377271382
2.1840252484491325,36.83391180176387,-0.1991472763207624
1.9848447785857122,37.506599239193775,-0.027639443193336864
2.2814520321773952,40.227404042880565,-0.02306820644389325
2.5891825658806944,43.672865948640975,-0.1222160666449004
2.2176706707862928,37.87853724813166,-0.1545354224387869
2.6642231172975146,40.896741723172255,0.350397960960336
2.592682059528231,42.05861201804279,0.32681797602762375
2.445691982557715,37.7060185671211,0.10857404551058165
2.051376887695066,38.097572461932295,-0.0680589634691249
2.5467231138686475,39.09243286214008,0.07063060355623865
2.2806981469615217,39.172862217195245,-0.2030565622256138
2.285544864063495,37.002449039248745,-0.015160670142434276
1.9238487987390362,30.682933603550396,0.36652221720474365
1.7395395773263291,32.01051192981576,0.07770197551369494
1.7412712335770186,34.87143285142182,0.05093469483750814
2.4229186971785306,35.89326561337713,0.21947063120018132
2.6099640837851523,43.440824443567685,-0.10144452460452226
2.112378855254965,35.22132315866661,0.13309536946877096
2.15226295665177,36.93919021258464,0.061290367641415044
2.1145671126316197,35.991114785616084,0.08233912337421907
2.4409378962514077,40.78030882289545,-0.09731812085803535
2.6711365204061277,43.69757431300163,-0.04390092628285587
2.269920576185483,36.4837501035392,0.06504476218509782
1.9685651332540106,35.88251011529153,0.1106032071554696
2.576964068531139,36.75663633915774,0.20700967035320778
2.553250344320657,44.18742348283993,0.01118326478555432
2.7893233647151465,40.54573674351643,0.4340136478398001
2.4280637794278572,41.17516826362794,0.09141923613731838
2.4840932621269727,39.335425460237495,-0.09014511692973236
2.523735005155262,38.43143280979766,-0.10729684233037917
2.4787729133397547,46.97251409881951,-0.2637656804607618
2.497892939019549,40.84004475917493,0.10017801455400117
2.59916690376101,39.07786717946015,0.002905380719541346
2.475198187609537,36.58860632485295,-0.18055346668796043
2.3630249674242787,35.36891870411305,-0.04748471950052373
2.687207086071407,31.437523257583308,-0.27131086206032573
2.6683899438750096,32.4905655528829,-0.2823984181096174
2.1669417849161907,40.213348342829704,0.23618055010819813
2.1426221597874897,33.275364637359345,0.19138314401072606
2.3207786546836484,40.71214064899402,0.21521931393359642
2.3318387241594203,40.05444911113068,0.29600112956378843
2.956422307657615,43.89939376101518,0.06361792458101212
2.413047095728413,37.379064743271094,0.14045324402394574
2.3201611709268035,40.129436398768824,-0.08486013399660688
2.1507519221321845,37.89608685630276,0.04016743654962528
2.3213895930895743,38.45383153050171,-0.022597539529870616
2.4528669564554377,41.48879809054347,0.04203869116285468
2.2137925459414767,38.22822218801264,-0.2168316886237558
2.4320143685218536,40.114107114718095,0.261454327780747
2.6591274141976893,41.083572975853095,0.1970573478630811
2.4704521205602212,41.972040095150795,0.27956920264385443
2.431465653633182,38.50623776066383,0.14882709380295273
2.4292238418606984,40.23427450153169,0.2903042458405398
2.9131342774181572,41.073352003775014,-0.33760284920828165
2.2375648671605237,38.12497651201352,0.37425740959387194
2.5549491093622985,39.37355089275881,-0.12310272394924492
2.711517188529891,41.50179568505302,0.11401797751474166
2.0506818456930946,35.52473890570124,-0.010113848059666706
2.5616074796155646,42.95106593924634,-0.09891678760605012
2.437380407958303,42.462968439851466,-0.04160601239284891
2.141294899650465,35.82928341698409,0.04904388070624177
2.408737727112016,36.118331296780525,-0.07634360431954731
2.432017522323757,36.60784396254233,-0.012839556279535641
2.517581597990034,36.89761131284876,-0.039654483400353845
2.394953879870514,35.67266739968953,-0.03395569242671119
2.881235982634482,32.75434045211972,0.20105385490904126
2.8814816326896184,32.64001309411418,0.21473218963713972
2.552832312887724,32.698206954547565,-0.3176927618629263
2.3529881354941242,38.2894195398207,0.00881790379615863
2.2973585952797784,39.94384739218597,0.008621915201710337
2.2209510008885904,34.76769903263806,0.09826401371244795
2.1293786110098987,41.91555611919085,-0.18696207404921428
2.083596621039892,42.28148261772271,-0.15219228152864855
2.2093038186890577,44.17763505882455,-0.27073116300063405
2.271509409862536,43.50969370402461,-0.22533864567996878
2.241999966056262,43.28770761604136,-0.2945389087975073
2.3916637056138703,32.25824961486688,0.2967184897229913
2.353281819301359,33.05549349414274,0.19089170563593033
2.4843873067327182,35.550128729706294,0.3493470620340938
2.414118145516188,43.782407233641266,-0.36817114455193
2.165340541033154,34.929344561049646,0.15732950683933783
2.563605622677522,38.55632531884251,0.36560308193505586
1.9881561060836053,37.050592122984014,-0.10804034143160668
1.9405143953875439,38.81450986339956,0.014371314338071964
2.9951002793348875,39.27607089877571,-0.0452689070877906
2.920283432203189,42.110654325307394,0.16574025953022786
2.497788237450096,43.221531278117965,0.10930004924873944
2.4186383834494904,45.68500253566576,0.1411420316652074
2.3284762136173174,32.77638357842328,-0.3115509214567258
2.2383502122724175,40.268828672036854,0.07875764352238665
2.229726751671387,32.85189699515453,0.2467190444237122
2.336821933281344,33.631407077008575,0.2065984230884445
2.3322034255631974,34.03229863661288,0.22732028242030736
2.0642726723383054,39.14664798724863,-0.06410268079541048
2.1269704268370884,39.72682102451088,0.04446055382561586
2.4024522559368084,37.79300318324634,-0.21697930741478844
2.344545773472197,42.27559317352857,0.09215575092980437
2.412058054096289,40.467900299472696,-0.013857666474138214
2.1963859727198534,38.039550691266854,-0.16604936462886505
2.2041378300641714,44.42872309282336,-0.3689458022069129
2.2086925212000965,39.98229167524143,-0.1448706864431621
2.3329677138498517,39.04516711455173,-0.04188152331287942
2.4480866677084645,42.308548944642915,-0.053058498965720374
2.176342864251213,35.5709466709685,-0.2466767286334585
2.598792243434669,39.64464645921953,0.09597272258482838
2.120293997613168,39.98777919188782,-0.11570242973166742
2.293636353699634,37.70813886312816,-0.08065481707013868
2.246850386849243,41.60970897859331,-0.061186822950324765
2.6528684878328694,38.50622444506274,0.19368052394169893
2.475555754609319,38.12708611806128,0.44524074055343615
2.3914004748769955,39.63908700829245,0.3577077516903058
2.7553755995415017,41.55868851715149,0.08236030760275297
2.4750242766624884,46.61061529052687,-0.1014140218725899
2.588697247431172,42.009940964642425,-0.15354576774538004
2.627342239081311,41.65630813420465,-0.2301450301035093
2.8317900651106336,40.76976727804181,-0.15924478506087836
2.049543297402158,34.21074007146119,0.18210514893378374
1.6888119980982745,35.00302433801042,0.07203209518595811
2.3866622883470336,35.417426251318,0.16227439152900178
2.405169127564772,39.08389461578339,0.11262886127796604
1.966249078206104,36.53990502085523,0.06075055199351433
1.9946790274795703,36.43764149965841,0.02241728439744356
2.556267161279103,39.59319525410358,0.13689401643325594
2.4523111393663175,40.58832934422646,0.2609564475090329
2.429813801276794,39.819084682017184,-0.24116182972256073
2.426870835506716,37.19959516736976,0.14828458175153586
2.58863013629547,42.45711411847128,-0.07101433624918028
2.200598216345388,35.08070804278615,0.12695042172088025
2.548057620075463,36.95780977321395,0.2047345395823918
2.303062429422374,42.86315684652205,-0.09028687397863547
2.39565599613121,43.544132386909894,-0.17300502830703177
2.3154873134060687,37.133691816604866,-0.02748414429499329
2.308288382354151,39.47338128152879,0.051768012187365
2.150503073629682,37.1468723017966,-0.09705306872581802
2.65686190911374,43.871296384906856,0.32920830147619845
2.4955329502886956,38.53362185694084,-0.001884249490759228
2.4627247055450985,41.481116202011414,0.034276246785353105
2.21771936558837,40.47837281427649,0.0038216215847217826
2.2696458689951124,39.51614483060236,0.03583184778294865
2.2218816689846395,40.84253873086907,0.029059471344034735
2.2471179127127727,38.409116089351635,0.13498652302154965
2.173676928152361,38.77944312365178,0.016388664170615783
1.8128820627114846,33.81636278559315,0.1483003233896869
2.109097569396982,33.60084000808754,0.10095759397583313
2.489422636742207,44.33876026288168,-0.1000390469741847
2.26077219585553,35.105458515250675,-0.002415411687965288
2.3698705933145185,34.25319552086562,0.1512101556720805
2.398458069666487,41.40779017678489,0.03234562809685372
2.391786796162202,37.206054706516596,-0.26462454504653515
2.4547556076899766,36.88062615583713,0.10584124669724077
2.362486054157006,42.08460323630031,0.2549412620632971
2.1642508075034,37.353797034254555,-0.04308880813278605
2.0270657639472733,38.45337518222037,-0.049058020111966374
2.6154183455475932,40.15691539063381,-0.15507774571732824
2.8244017078363877,42.8516377138766,-0.05713903772584545
2.901865178255072,45.86549258237881,-0.20080912115180913
2.895483627304016,45.85096986244722,-0.19175349221311383
2.845268137697643,44.896437766631436,-0.22183044587059297
2.1983043198763212,30.433863114349116,0.20640016062714556
2.199770841341311,43.42404122184303,-0.21367198911298643
2.4607842037026395,33.08650603998618,0.036882994819017585
2.644601574116107,36.78402936752839,-0.32585301485750745
2.462355354963109,36.61752734701747,-0.24139930565857803
2.201257887581688,35.94940321056689,-0.14917729496166648
2.1958124205847604,36.755777994569584,-0.10074663258877016
2.456705180210632,36.3333771374316,0.057745851146688884
2.237821245949348,39.640098532887,0.18941300009324996
2.337628979297495,37.1350865745421,-0.09408952739945477
2.6935496363036897,44.133241596491644,0.30045829477281677
2.835505731447665,42.30025140143932,0.6004519114969804
2.653643403073647,41.08784911595002,0.5838608867778703
2.6048485218560566,39.88291736777285,0.7192051995319455
2.5710352692868943,38.69209712558883,0.22940243698921106
2.734295527917081,46.257666372078226,0.21315296182145313
2.5763707771127637,39.15495542029293,0.11974307512862623
2.571008255310425,42.171839881292264,-0.17709383783685131
2.266535514858441,37.81217102828742,0.326781966962419
2.38644839887022,38.3792032251125,0.11311172865386755
2.534095807199327,39.07120107734168,0.05550115950611808
2.2143652769554842,38.195913863830725,0.05249586576071705
2.3595114756281825,40.201928236638345,0.08154178505274418
2.338165553878411,40.97002220258387,-0.018534740668734527
2.387780445588253,37.079317234195486,0.06537793376756182
2.8548335962957427,39.486960348639556,0.2868359761737383
2.0015548547850934,37.50817618974415,-0.10173129345727099
2.037665000015235,37.482668696777395,-0.03169863417056569
2.712245222474397,37.982596381004825,-0.35065557205085457
2.3686097057392783,38.996333200284035,-0.2018156500709752
2.349955379657372,39.40465838371314,-0.31210423426129735
2.4276626669074535,38.39411118253992,-0.43563762599470707
2.341790185925652,40.1029118004515,-0.21473057331105197
2.261300325589644,40.93581921773119,-0.1401443038903016
2.3905226356581704,38.987083911387714,0.10842569785015392
2.1999867295646385,37.750057653883665,-0.05104145768735407
2.3013444461327874,34.89088321426421,0.2659341100982391
2.3618936970133557,40.11070605071372,0.17144001157894
2.4666793482440954,39.05304133609449,0.08543907144084398
2.40870721217909,40.09125271630468,0.05693551215184163
2.3752090403509745,42.64889410773012,-0.2252960276553816
2.3625814124170352,37.46576972104876,0.30051147859896454
2.499114019737987,39.28673700214827,0.21077467224346708
2.3237454090111647,38.03840255633514,0.007673176538673322
2.3808910462139603,39.23134854270745,-0.10857808086095667
2.1257957586666696,38.91748167415137,-0.35999512601622025
2.1385460047631737,39.01487168074829,-0.2870970795646689
2.0963059583837462,38.41351023415549,-0.2720086017565966
2.7067230516306577,40.22573883270061,0.1841252519367948
2.424968867878028,35.3634333104459,-0.17465801650841647
2.3003354300247736,36.86283451227468,-0.02434877710058971
2.6059591532733792,39.91662588533842,0.05993613887314364
2.353641893930181,39.429393371560785,0.2070636446330921
2.316939884350601,42.217417882082465,-0.2816047659423907
2.309254946908621,42.808311659522154,-0.27359932435103035
2.181640926814913,39.810368772827765,0.04374471879280817
2.5892102465441034,39.39774779825967,-0.17900691139792183
2.1808800152487877,37.58637347696773,-0.04441513848323933
2.132995094280366,37.84964134850509,-0.18946011907352592
2.386362641248691,40.51774087000197,0.03129861977002185
2.4165035887292445,42.12993192170016,0.029079209676753
2.2757438865982187,36.84489399627609,-0.17822675105400834
2.083768093032509,37.011201668228196,-0.15419659408823
2.2752969894413284,38.03591354431706,0.1158228888209439
2.2627278962748516,38.79900734657384,0.08085029125937224
2.3205497976236793,37.60968339601507,0.06358467232408058
2.3902126098475542,37.36440470815328,-0.23909630278505367
2.3039731264177075,39.055666970717525,0.33142748710093545
2.4623406647765442,38.878279963472295,0.2534490456233803
2.4785743903903157,39.116515567155254,0.18833634974574903
2.19041428424203,39.76424679828395,-0.0470033762106658
2.217055713284164,37.938536426317306,0.04169735165072514
2.7920176055306927,43.11803911314799,0.030763001126810675
2.817110388236062,38.7402086379827,0.06068244386682747
2.8111890602677856,38.354426197465386,0.1199045778769504
2.2999928480295226,37.86348408818202,0.25462145902419697
2.236691613118554,37.70043105026799,0.3377717402474372
2.3534303234249108,38.45161824506337,-0.06191371996269084
2.6489842511952184,41.55994967645764,0.13540064035978322
2.104319223787766,38.55970514619492,-0.056304126739129476
2.4114889247743108,37.762118163070646,0.09156882608006293
2.4351093520362364,38.98007188518967,-0.07919958798609565
2.582981020079312,42.17491295012469,0.19491192367721405
2.489024366822676,43.07933731573132,0.2345666339473627
2.040344221304655,37.65176635235544,-0.13253042918819088
2.0162954191133453,38.71135117411612,0.0073093539592284625
2.079814357277384,38.258288306739196,-0.0722105349059398
2.578106570653533,33.42388705957094,0.14473336415117632
2.2497194488747816,37.23993487753159,-0.18531890267610007
2.2247866988911635,44.123666803125275,-0.020758446567699717
2.547352240279235,33.17523614987471,-0.37575003514964894
2.5714923057312826,33.72892345836298,-0.3139388342565057
2.5845321916116766,39.13967708952046,0.1395114434985036
2.2221210327727157,40.45220808905922,-0.20213973419155892
2.428188443107984,39.75331383804451,0.02301378156173659
2.2290436003766447,37.58800275052924,-0.04207084496854982
1.9562570658915925,35.92501935410247,0.10201515604765483
2.039799911336261,36.95130193476616,0.07174269171199639
2.384804557826953,36.5893648864773,0.22432848696306049
2.7079916781202336,42.29814789908442,0.1307731410593286
2.607766451147174,45.78734228173985,0.05421345559128219
2.655887189190212,46.50667831765482,-0.04731742113248698
1.975767135409264,32.838821883589254,0.013730941227692464
1.9619852540080012,39.05071914218701,-0.20982482009982062
2.1823988757793784,38.50642988967353,-0.2471936902423553
2.7358634862983013,37.118160047662094,0.22268612553564843
2.76741024667805,39.20126321701954,0.18974160556385522
2.4098957943859887,33.434406935738124,0.10834680746062465
2.5360409482237394,35.56815612575811,0.06823638921800829
2.77426765608322,39.09593584566461,0.10001510030126644
2.755920670295264,38.81246273940339,-0.02489526866828498
2.024914457015842,37.6266589642816,-0.05909432927307244
2.528737072745736,41.42361132299543,-0.14995945028010155
2.3867448649414764,37.041889781539254,0.35772481518229177
2.4098654072545482,37.09769656383338,0.41577269166956515
2.364959334654423,39.44332926797234,0.2285452892292296
2.373119313068752,37.48143391328877,-0.00028797845226760595
2.474967690394702,37.51684356212894,0.013921859760663235
2.4925331395556274,36.13137743861615,0.13290525969485698
2.6615978111863843,41.612317168556096,0.10455211988755916
2.525150458952467,34.86374449954086,0.0022735835175332368
2.0412070420794697,35.62566252674446,0.04107480114459071
2.294444901278787,42.519412871734175,-0.2084663909541153
2.286768366327348,41.97204106541836,-0.19588537407740916
2.4785156396090766,39.3688663586454,-0.17746482293731133
2.3776045295376704,41.573400503503336,0.10905262237346641
2.307849116784934,42.093824831198695,0.10004333253410891
2.323996779596454,40.63435875212558,0.07453554316858813
2.296559722348697,39.5900072347513,0.022842948084670998
2.540051666897249,37.993930016921,0.10821988845822149
2.6320443128421753,39.46051865003281,0.20275180758347283
2.531010753010965,38.37616255729554,0.0307403960777996
2.5742266152011615,38.56942392111043,0.040656854064674945
2.049433792034694,36.81801363390566,-0.11018830865574823
1.9537488264119949,40.124668804345454,-0.07099843501987083
2.7463098002004154,36.808554785048514,0.00023224031998360758
2.5015647307011646,38.676767751207876,-0.02315217802148818
2.310414736710194,38.445214902275204,-0.042428545637566754
2.391264483768605,34.898048096129415,-0.1165656293429032
1.976040135177771,36.888577249251355,-0.111573211233529
2.0969135925075597,39.2313442937206,-0.04014357903093578
2.126939080719438,34.587777707394636,0.03182681217549798
1.7509628731702593,35.398781259289876,0.09063338797621337
1.6440777605807424,33.984488249913205,0.0810867421770488
2.7104754188957556,37.79138660160744,0.11683799535009837
2.4877472443743973,39.201337021186255,0.16477303964850318
2.46660554214731,40.390972710680806,0.2686411177475961
2.0947075316242265,39.393986990650426,-0.17898331757024002
2.27829615858167,38.0064103761606,0.2746212424559244
2.271410483635394,38.08055374213793,-0.2619881966627766
2.1337230308714665,42.030039691653556,-0.19986745084784113
2.1691524217462526,35.789512601043526,-0.03784370381043158
1.997756773495136,36.593295009680816,0.0975352658732536
2.6559725165717833,41.27298018188935,-0.1618549518692439
2.6591747775034893,40.06318495834943,-0.026269716560108874
2.2718584551521026,38.1605964677283,-0.22180909253857847
2.3119610670633812,40.54288397094048,0.045371958430369085
2.501349185329214,41.04669450748704,-0.04947555646154487
2.429027780940828,39.56660946004091,0.2662698816005229
2.5295949106664866,39.57347721414755,0.24504547723748799
2.579325403838965,34.678903073724264,-0.006657048695366298
2.621959924685574,36.5704617787962,-0.09407981645074327
2.367999549490326,42.81361224432831,-0.1272461685721739
2.3678562806882932,42.662044886595055,-0.0946092973873657
2.3919859707490607,39.963980386711306,-0.07416949340050757
2.3300793023387465,38.49318262243368,0.08475650941475307
1.9694388770202265,38.503701845352296,-0.02688827849710812
2.5895545473157435,35.00607291223884,0.14871853329809917
2.5843256697176455,40.82753677431709,-0.09834250475633106
2.46396607932767,41.65546446418184,-0.03533732870598535
2.033559955937284,36.847115239760186,-0.11592087698216112
2.150050465489607,38.57616740647808,-0.09866495191015703
2.70871592360429,38.24733594471636,-0.0054948296575416875
2.6204719285053053,32.77052431835721,0.019733480879535456
2.499894950739442,34.317027933174586,-0.32640758089872607
2.4063894475281353,33.291543900163305,0.3349007619893858
2.246566752508929,36.4225078822238,-0.04359318940648414
2.3949418740500796,34.604079000161576,0.1176999039846631
2.334089806656278,35.59188093312108,0.029910223385569267
2.186915730514328,40.609805360752325,-0.08838532459953796
2.1340704693944352,41.794217895262975,-0.05387611012794011
1.9733956167091842,37.06944776280955,-0.24075254121409237
1.9146053477086538,36.883944611889895,-0.20969237305831936
2.1512110183265047,41.350650131738725,-0.0621147475128775
2.7844150989102197,37.75772263168946,0.19257558187715332
2.8448278109427343,36.96800043561764,0.10811495088080397
2.560287280742922,42.919966880413206,0.05339374638337668
2.3871760230343777,38.85354759653782,0.12744258061769562
2.2799114941279686,38.862456929927596,0.34251665880568544
2.6394265945761015,39.86635534896388,0.18067923688888632
2.3028280819468363,38.88878006897081,0.09693271042015156
2.2718527943867515,37.768274590181434,0.16853318499226158
2.263643880760333,38.0150171691061,-0.3195872643660106
2.50560096461411,36.615031643860995,0.1704298973806213
2.5658154552751675,37.366903911741645,0.09035564977154226
2.168602118962675,41.95181350360494,0.029307944833129675
2.7113674398573684,37.58262759156915,0.10849072906167012
2.0292890350655504,37.85173514375087,0.08393106274195992
2.517029363310971,40.56030163213773,-0.20219650823872493
2.3165649176579786,32.762764518120065,0.13522579792257963
2.7503746402851608,42.643652967332315,0.07612393467676402
2.574019205041918,39.36950182422831,0.019682146539565234
2.0481959461061168,37.20925896792183,0.17587090836344862
2.7124832889643407,38.04294975037148,-0.2629611359245352
2.8577155302363826,39.047795146397355,-0.08466066334170581
2.8672093253160105,38.66430668279253,-0.074310416069515
2.668008831017696,42.349603729792506,0.008225827105693388
2.7702583111967085,42.47259783078343,-0.12810511790861165
2.3066879369330766,40.83898188083627,0.20979055742737748
2.2714445579194167,41.1369926811713,0.1830136194369688
2.2244445997840705,41.46691786866361,0.2327143181360902
2.4782566125583942,39.91113540421398,0.22316748498117753
2.350863252932852,37.33207229046726,0.10801243653150616
2.50444464877022,32.43992432883081,0.11705727118943987
1.8865233006611768,37.818570140952005,0.042880050063541814
2.2097776624167627,36.17901981905986,-0.03191280115742123
2.196499626507687,34.29335621285639,0.04137505000224331
2.3671494194266924,42.5682402225508,-0.09691769946881712
2.186824189889818,37.201022506619495,0.04965069414410654
2.6195511578911455,45.27821271051221,-0.11973842195797454
2.6627583174032314,44.328881806060075,-0.10519742757401299
2.5018721047353556,39.300060492711616,0.1807882194641437
2.569417920180534,39.28338376506942,0.06714326085228926
2.5389423726638336,37.121017870595466,0.04596862536960617
2.0820222827173582,42.46478639602508,-0.17405841037193925
2.523059745476431,34.14786579343137,-0.042914598420966225
2.433363381976993,37.44914249350764,-0.18945508521883808
2.180928953951148,39.48458869877636,0.14489536969320957
2.469741104795194,36.81840800418941,-0.07359009334310078
2.257944422180909,39.15164186333871,0.11946765895725141
2.2880593389823582,39.14652944222635,0.1825485796804092
2.3635102004822945,36.49266909968403,0.2928665440401665
2.3887290066924955,35.62754487470298,0.40851941599475566
2.363364374978585,35.81038466644109,0.46397925722328803
2.534302972108475,37.97772892713074,-0.06080029419848601
2.530593715827319,37.49892351386041,-0.039712387295542
2.5338362729105834,38.99018579781035,0.11663081810780518
2.62588273837204,40.563145851879916,0.2393590889675277
2.7958974639077785,45.3228406880316,0.11688971207062511
2.7230242145792065,40.78178132601768,0.14128607489315376
2.0721180621209148,38.92814396993911,-0.1032297668702082
2.362254291996008,39.47115273077852,-0.07030820221719528
2.6038988937396246,40.07442631873197,0.2874776901524916
2.276375739458588,40.04016058311524,-0.1501352355852723
2.315352359707153,37.79225887727477,-0.04141325016036909
2.3734254913714175,37.62635660366866,-0.06277108219096067
2.9411020509640626,44.036188283307425,0.0712975144201468
2.800044833296121,40.87445377974752,0.15755256122769387
2.846318279161963,39.323254754221644,0.04560472212951369
1.8883501521664865,39.46000058950892,-0.15194605382153828
2.7998723017730427,38.12558328747142,0.075007704374931
2.236997038139875,39.94086013621793,0.1375211788917041
2.3632804009267647,35.384255196123206,0.13977243031046127
2.2289674044151817,40.62410467448955,0.03368660842900621
2.2231533130219505,40.78068921649213,0.034410188156258424
2.4188364687686152,39.14096740276645,0.06463167234173528
2.1230945304786863,34.77638509794822,0.2256212308376121
2.103965745537245,37.36312686073253,0.129038135867267
2.661217872269588,42.0876027975738,0.2115018025241408
2.5145281948375358,41.65606426809817,0.026405519875569952
2.498026589920512,35.81690574203758,0.1942400526369578
2.465310382314616,33.49828082836823,0.16470975623175838
2.3640549637116135,38.39694836842061,0.24762219295937807
2.275908992060531,38.05698929471328,0.38622726660389145
2.315132111309284,37.44310472728599,0.38214499627185716
2.225117250368732,37.16820919021774,-0.08357270676205289
2.3405679858051998,40.50943242858759,0.16367255658493748
2.32753917224282,40.81925494099883,0.16189395244269267
2.3809063175271534,36.33482361968978,-0.05022631555916062
2.2734184478867583,34.4973128304749,-0.01971097756316503
2.1990101438039,38.97898690955282,-0.12622332253853696
2.421789037048851,38.652804376272144,0.12665150798836247
2.327617384001789,37.08226398623698,-0.17358547441918112
2.3378006014876154,35.328732859299656,-0.16414001114299454
2.246825492641919,39.94933948829657,0.018603440955776276
2.1404778574277454,35.54062202977079,0.06865045574943043
2.103899481946178,36.75937265516529,-0.16573874542206798
2.079013029300923,36.024099771131446,-0.11252623006970265
2.388445087455166,39.84184119346091,0.24208827004706768
2.3819694652557137,38.4380589427394,0.1699290314229628
2.3509216552878867,39.441878299565005,0.038097065988803636
2.3232299117450337,38.727247196584244,0.03613881648163252
2.4293675346065915,37.421806296809095,0.15454905720357437
2.3539461096275147,37.3762759266909,0.13723399331839853
2.481514574472745,42.28393248411034,-0.11285369775257652
2.157645567036649,34.73783728305023,0.10487768321489124
2.189514431759778,33.112941412389816,0.12284122435270782
2.5479962698379763,39.78791388992259,-0.025441806629454347
2.267103656022824,41.07406212066022,0.21129570171127798
2.5986967912124785,39.82386709398052,-0.10312567918774918
2.4541998170795662,40.703988230470586,0.09374854338505875
2.798227921502311,40.64095026244331,0.1506404738876926
2.3065847157371695,39.93534236178657,0.0021504276194857035
2.557935416814262,39.326920174256664,0.16978379219159756
2.3203943567383556,40.15020313778506,-0.11092378159291678
2.741906996986974,39.998493994437894,0.11395365168022879
2.1573015898312344,33.28548374649315,0.09999999605418125
2.5835057162965964,45.715973274265224,-0.023304558914608652
2.5658640392151564,40.91059475757763,-0.0252454015521207
2.472524735732154,41.267309547219696,0.09439329770967718
2.417540101601764,42.77333833062263,0.12445649558604993
2.247730384100699,42.90993412447269,-0.15208187311386617
2.4034135148160467,40.90435326252068,-0.04336712020702038
2.176634105458543,39.1565072935691,0.0014599419561461327
2.052252835474685,37.14333375329062,-0.07860643507004546
1.9317604335143563,34.27763048643116,-0.09755036665034272
3.0038125041725796,44.442899013789294,0.12558070151997608
2.7826403251470895,46.129126206359466,0.2813385338717617
2.7070363819366854,45.422419813495296,0.22392998813818996
2.875508659006433,40.88038887402374,0.3373690174353853
2.529423559769858,35.73860649921001,0.2716041470761965
1.9651681442117404,35.93596690279762,0.24080609187175164
2.4168611895033285,38.83266126552001,-0.271744269792563
2.592698770238737,37.53917106050606,-0.15249714954838647
2.5202643230715487,38.20846945872886,-0.059030209389066876
2.385974641596677,39.56552623224368,0.03598482713193911
2.367989915354154,39.84434989510889,-0.14902382046904505
2.216938464853026,37.24733944993027,0.20309895872441674
2.503001038161941,45.88805359986396,-0.3124562359227199
2.176204422927894,40.89708067003058,-0.19663109396627199
2.491880921997132,38.994636663214536,-0.39530452447199865
2.515943000687013,40.67272673474997,-0.09152764522994211
2.2079385172969834,35.827223637755395,0.015405393793023848
2.287064051789837,36.80010051120907,0.3420255004071922
2.2536607464613527,40.23790845857332,0.2750508526445393
2.284648452361908,40.14604529628951,0.23126872821368372
2.486292205626768,42.40940797769588,0.2626858614398974
2.8384063306914236,40.669496500524765,0.32419916740169924
2.3096924818224625,40.015929640107885,0.2153534059598027
2.3377762641519064,39.29091977401845,0.1538467522278948
2.543026750106473,43.88946315740883,-0.21015009796106018
2.523453328153748,47.733479151171366,-0.21800016488196056
2.4859255025260656,37.818000400073686,-0.0005994575877035725
2.2537844279371417,40.00158791456474,0.01283259156733134
2.193952542133225,37.44603373264937,0.17069824480909387
2.2878298711260396,37.61520081090331,-0.05125097286029007
2.416916795032735,37.655511638257494,0.050775697427960835
2.4584421121200815,37.882218539254666,-0.1379457787983187
2.5385743007970354,39.015874626955366,-0.008978095557310776
2.758787008528963,47.819681720769125,0.23335064275659803
2.912886157469387,50.352435157272495,0.33169634680776705
2.007755838194557,33.88557925292084,-0.03540508573200979
1.8241583897229907,34.79345790412646,-0.08099803148692973
2.045567144203339,37.550893071856024,0.14118967432786594
2.8474021079781844,41.1755064837971,0.16668416668936406
2.356017492853103,42.512370222660856,0.010420917357758607
2.385061179959111,41.28618866516077,0.0778983773983246
2.72226941339802,43.51670582355716,0.10853863859810976
2.5038127800753815,42.58062896097047,0.10391004241454152
2.706477010258904,44.851889629269685,0.16349092449772296
2.174632497354268,34.30491120962179,0.031998476366143974
2.8156663899973666,40.428630603226175,-0.08475495317114995
2.7512902418696643,39.21458803797783,-0.15679780689402584
2.1300682506297757,34.42954082920889,0.21629643237628446
2.520809126081487,35.65274346705408,-0.255492371471394
2.7516536633935442,38.63137263217268,-0.16284593410016107
2.5185723766208272,40.51819471388667,0.022720557737105886
2.1211960544423984,36.35375803365056,-0.07820569167558997
2.720158308902397,42.381903881394706,0.009480321637984875
2.515622636179997,39.64060603619868,-0.028220660212947023
2.221492604997215,39.1211608013552,-0.12171286914212696
2.5641075636028274,39.783432523331115,-0.16390618279884261
2.459302685845453,43.43637459406863,-0.06602714627743829
2.534358871123974,39.35728965504696,0.0008871815142975777
2.2531116042624233,41.120503141277766,-0.22154744110273014
2.431994416969647,39.65677703738899,0.2760700230397544
2.564405199153797,42.402926666893826,-0.14022373979772065
2.548849569296276,41.881534676828316,-0.11113217857767872
2.38878616373715,39.195480512968835,-0.2190400673598777
2.459348457899195,41.82526850847295,0.2003044854224401
2.5531704719142616,40.49755092699401,-0.03217815022217593
2.5877049326112984,43.335217910397965,-0.02258540088413302
2.2841003234651343,39.10927637126584,-0.031083568619902222
2.115349920443228,41.21773713662997,-0.16476082275811624
1.91022235056239,39.974118234538345,-0.2255517935423009
1.951518970493834,39.35855475651451,-0.1760741631914556
2.33695741251622,40.64300423533688,-0.13943623566627966
2.355362616835057,40.29865632373022,-0.012999633173098471
2.292389613264237,35.438107712369806,-0.0970564383088882
2.9115322688605647,45.92421611689819,0.3653638125558207
2.5377160293597907,41.10559122210976,-0.36247980987846257
2.13392120046081,37.46708607599526,0.04295049739257654
2.6407970161572667,41.46051028675426,0.08297075704016453
2.1278776029661786,36.2534550370218,0.18167764286449592
2.177677633640042,41.07195901682353,0.04480313045409518
2.3053579728881592,38.41237685127372,0.013090918879875112
2.067535062980368,35.6287370456229,0.11563090076363759
2.3211436182736027,39.48494083891288,0.22297917783750548
2.6731929662900145,41.06698113418114,0.09090040769393458
2.4808402962910185,40.48837532515131,0.23880819077196613
2.480893648645153,42.71505475043267,0.055097649769556674
2.078081276678628,37.763915673382094,-0.17150960783846986
2.593551228739829,36.96805114950463,0.16100276190214924
2.114233200107121,40.28326261385616,0.07413997582397067
2.1499273488264894,36.72734785062324,-0.2592123802448829
2.3164713285394587,36.31355767654591,0.36152668057284404
2.0854054302490583,37.33691118396737,-0.08434405381230868
2.174211959211693,33.67999314376932,0.29127554052331006
2.127962248956296,33.926635270181606,0.23892997761290335
1.946034148754111,38.40559313479096,-0.16668497308238686
2.189043858701673,40.00431667558637,-0.046202783861191574
2.3387171732504313,39.00274858417121,-0.034776265329830434
2.3644792719118244,44.1921296555942,0.013889261064639634
2.438891285802778,35.31561416326456,0.03577282141421816
2.677360810582095,36.894974450046696,-0.2890341883459429
2.431610736623181,36.756868286962934,-0.3049067747494254
2.261991154977224,38.094239170143794,0.05997618741645402
2.419327683254794,36.3650085127297,0.257715895840253
2.103321076993628,36.96838406426406,0.2668670844215719
2.7246326649967174,45.532992999552384,-0.09789272275914443
2.796540657006482,48.18928529566723,-0.240203745163636
1.968442747500281,34.27371065906074,0.08367652615241161
2.0996917558941988,33.336179118029996,-0.04956218551433032
2.6761314355268735,48.123523820344104,-0.07830000810529555
2.9057470411630977,37.86715025047156,0.16121588219350658
2.6891750153275114,41.16085786657413,0.1595385477411349
2.4996860170810593,41.34856449501732,0.2583758170225222
2.562015087835956,40.878092132180655,0.21092724065719773
2.6634706184234633,41.27038909608121,0.21462908332403677
2.659271626876029,42.455844258981614,0.2173736107606056
2.2231227792498798,37.257275945191466,0.04501170797338534
2.3952190108352203,39.1749612212498,0.04453660492137995
2.1999978964883056,36.75529618653551,0.1967413068103596
2.399466224799862,37.2599164341338,-0.28721053819385967
2.7681694230869565,37.38029603336705,-0.13768689132796502
2.7372913892424826,38.81498440403557,-0.051531060554553046
2.733137576130538,37.11507009187085,-0.06792851603967483
2.5237122785051076,38.92269899562217,0.007297150179545559
2.3595502459967324,37.914960779721895,-0.08116428832153257
2.346202684202457,33.699445828040254,-0.12392815225202257
2.3605023955967375,42.459132940221316,0.06022956438090994
2.3322627135002927,42.91825555853461,0.0630227019566525
2.7243758055791747,40.55649182868763,0.10772547527834717
2.7255422688488116,41.25727856784643,0.1789273141806573
2.656629159930433,43.393278771208124,-0.020175898413251736
2.566328677063381,44.61492440661564,0.07534360507636663
2.229824128656382,34.30142530865811,-0.1839385641255291
2.235105466178525,34.24460377660974,-0.1951119070629552
2.294200389917907,37.52223025666883,-0.040964948956628944
2.3253522839464065,43.1407005352292,-0.3497565689617605
2.164435221361685,37.37555753425497,-0.06820280464178338
2.2073982416888076,34.010888143822264,-0.15686914002222244
2.257935467005635,36.54689125254598,-0.15026414372962726
2.0987167846817534,39.79222594957436,-0.05370088692948148
2.3349024884876877,40.53749322708771,-0.1862448062174887
2.103755578002435,38.0489886275777,-0.2259586315753812
2.233863146693933,36.57875052741373,-0.23721653189726472
2.0455007982491664,37.73210238817484,0.05786010734996694
1.9431937597781586,38.62093381941425,0.05686255338148005
2.7081279188761442,34.64197547767318,0.23403884431556748
2.6182228748155683,34.82447519791736,0.19073646997219998
2.6562269220176415,35.417661467060924,0.17856825271708232
2.0416039835389217,31.174859978390668,-0.03252440598345641
2.609158836477815,39.93812076355251,0.02609950986137571
2.0676832128524243,37.42399454069473,-0.07311037809487098
2.5347490732002167,41.27437080958604,-0.02380227205033069
2.501809258471542,39.80722819010697,0.08510033342868896
2.2234505911956104,41.27299944733676,-0.23485271814414913
2.5001350435974756,39.342324135835845,0.012302212310210506
2.5058888795154597,40.81262377949802,0.025734696529791067
2.8184999349952555,42.0873685836788,0.3291351731043871
2.8350543969452326,41.8997071515129,0.3356855270989122
2.420030724976378,40.6440776379642,0.3562503594161633
2.3787960274283755,41.828046114260275,0.14460433873543055
2.3798771438249484,42.079800921717876,0.11974116379001928
2.5051485869019223,40.207951624809866,0.09354256821653689
2.2155358915348065,40.09310095960576,-0.28285656210957544
2.204554529783466,39.963377574179,-0.2896317234178532
2.7347543565513894,40.76002449794163,0.25192877826913057
2.6693673429433282,38.8510194835477,0.22280849062190983
2.634214302929347,40.31174304665379,0.3879025881912124
2.6631355017840197,41.110558288817025,-0.20769270905255693
2.5987593062245504,41.81803723634681,-0.3469742087295764
2.5307749897575578,41.220921330575095,-0.2932957645511889
2.348889532182925,40.0288809299959,-0.10958573409632572
2.49636239457119,40.79691779438054,-0.19057663218463447
2.5914978694863993,38.75656623129604,-0.07399200661257208
2.893104141281804,39.706179478321154,0.11254603682507926
2.7001110728745483,34.77316288401857,-0.07812096987243863
2.532400116388765,38.52594129583209,0.014775209362438977
2.644414177293281,38.25976579970247,0.2793718050892783
2.6967149844809017,45.0629944710751,0.29979373837740625
2.700570994759458,45.048727564251095,0.2902462792868115
2.6126375530854387,36.730062922436964,-0.03070234601327709
2.5234029670336646,36.83690790820223,0.2515000456561961
2.7055832280642664,40.55499933208099,0.2181986217544117
2.0901638808136864,39.49403212220346,-0.08768482879255957
2.4019584116441224,42.15013507755023,0.17178560833066575
2.5637803909851633,37.66384932175667,0.22727084270016823
2.509023501365988,44.99285158271831,-0.012355534947341368
2.393133509885371,38.50403863253407,-0.17122137647691626
2.5208008760621956,37.67624201136807,-0.09751593990081306
2.7646243713271264,40.9744499367387,-0.06978052408211702
2.356379643808006,39.28995181481156,0.01764877613152069
2.750765058999785,43.98860896684356,0.1743614498136522
2.9135338913420923,42.667392510724625,0.2897169990979691
2.4053916634337904,41.495591739171466,0.27348304599140866
2.3980100643320768,34.18838790849215,-0.24287977961549362
2.2568071602303155,39.29467865009687,0.03188375258815607
2.032568641676382,35.43711160248842,0.09179555680113913
2.1540432767427165,36.177088823166535,0.04223965066951061
2.397019954139285,42.532690723493225,-0.11849399684320541
2.180302545146234,35.95676714771138,-0.012345444857269646
2.58817699574568,39.346608491231706,-0.05045410959315314
2.211960841468878,38.1016184342134,0.11627766909579935
2.348662334174065,39.45636664116054,-0.005137276398326859
2.4354447920325084,38.461328987691445,0.07691224536321328
2.226135246218452,41.96597949896064,-0.11488121555824043
2.340455957446793,43.1670650025558,-0.15727596955568446
2.2127166287649747,39.01973563962757,0.07812843782656215
2.352565935760281,37.47083708954085,-0.13249602188952736
2.5522192700388597,43.581796907249036,0.1019444316181669
2.38139363579799,42.40144914472096,0.0024068058979971815
2.5028235997280706,37.651638925507136,0.14410308837410438
2.6595760709050267,37.68481695364727,0.15919559054736873
2.693202133408469,42.4927717250978,-0.06540133852897846
2.176176724077917,37.97282821304729,-0.23174115153216612
2.16899276965443,38.173562525907016,-0.25563243988322604
2.35278206233784,41.71494741158908,0.12716030169216763
2.343492520934606,38.04539915719768,0.005205502975558507
2.2949297873360943,37.29437149062563,0.00610745049597962
2.5675194437263342,41.45071988033974,0.20420165439153637
2.4792625357485196,41.46041986543266,0.17072936969866823
2.6212214366482276,43.69324918135352,0.05650214269320737
2.4723757695920923,40.89546708685065,0.023907131409176222
2.246597917796319,41.77238777140802,-0.12876628692831743
2.4930670580401935,44.538833016639416,-0.17073796380301173
2.5926679680478983,38.65357069902277,0.3870092634632347
2.7890975917368706,39.15989921030599,0.28320479078692035
2.0765822872890762,41.19105587563396,0.038559838899674743
2.702103708236664,38.10502800949253,0.038752680569717146
2.5210052749828185,45.360661412937894,-0.04434605031770713
2.14491716176373,32.223460733303995,-0.010178131213180303
2.415640258012749,34.438318823701486,0.11116305523777725
2.8316329961033593,47.40211616121101,0.070847610314261
2.467745354907816,34.99397160540439,0.17560381387966195
2.4494784952282647,33.98337197075772,0.08280222574865691
2.8018196995100455,46.786115667108206,-0.02233803723816998
2.6475114833792524,46.22211691460367,-0.09202237594114575
2.5224146489751065,39.79663230500164,0.33075405264565805
2.282673235793633,39.062448733572104,0.07058426297888572
1.997731593662022,37.67780223063917,0.040949533660166605
2.0382542654284315,38.38089643987633,-0.12084169918270052
2.574874269520522,39.94090767087666,-0.06908176423955688
2.6825428176520636,40.01152208020969,0.020391150128258467
2.3651592518946334,42.23770482219433,0.026091961047501885
2.3265996324755744,42.52675405095414,0.036981856220319326
2.2599118189657332,36.99002580167991,-0.17210562349455621
2.217851216962279,40.45957555822022,-0.015481743714539429
2.3403115991643095,37.432955090385875,-0.1348779130875418
2.6288512721496557,37.0324393187686,-0.20718088215428482
2.1680415508039137,42.62744160117294,-0.02679196864828424
2.5463898264502127,40.762693585398544,-0.4301463362983453
2.5416430766249207,42.571942837371886,-0.5116715169554726
2.118386153051795,41.23942152301784,-0.07090069571648035
1.9121596901957754,38.982900904430785,-0.2593189344966476
2.9142951655132845,42.39120307248257,0.15542743984965163
2.813300156966816,45.263926506360505,0.3490320787273917
2.47181928427952,40.50861223649411,0.16759211208898273
2.3222367257701206,40.08042225896492,0.009401833969459884
2.1851124057976365,37.971277321421695,-0.17008464203354856
2.0739262162528562,37.19531453508388,-0.251487700890168
2.1656926360520696,38.44616835606982,-0.08397954616659621
2.4093852913576743,39.47270803113122,0.18331425976243268
2.1400163003862107,36.122230525578814,0.06772323426239191
2.143632599939325,35.24912366509149,0.29269438890363736
2.0474263130946047,37.48391699347951,0.10402605867270097
2.6751422121220148,40.167973553935525,0.013236619245660539
2.2038468058718506,39.5363258378331,-0.1604294605809506
2.5848479978052112,42.28529475933254,0.33810810712071004
2.6770086151029386,40.88764976361801,0.22451180361165227
2.6835172619434418,41.10412169784912,0.22227741912278096
2.576814676266525,42.362787186573335,0.2574615199381743
2.9358700185246596,46.22890688274623,0.23574864718428545
2.868212222578427,40.9489882590792,0.09849189613336036
2.8277490567673387,41.02641601241366,0.07223942871039721
2.909798964399831,42.429030741531435,0.06886405295112179
2.255727740509011,33.26711970993827,-0.03161652426230604
2.3789564152812623,41.42274641891093,0.03736604970002481
2.290941301504224,40.21840595095958,0.27015581959213286
2.2955575329473263,39.8213145940706,0.3468110685389351
2.4290010148243506,36.51644832828418,0.19184452360814835
2.3806688045599067,37.18371594294575,0.46803674222686004
2.3280021070687775,37.92600272932647,-0.4505488403549056
2.3244543781775993,37.58291258233949,-0.2322770070838521
2.460909092670833,41.27411523811494,-0.24820697177833198
2.5972597112905027,42.76051234448396,-0.0037097688974906612
2.252751677702467,40.01475834474005,-0.1698922416054744
2.480972600924627,40.08487265809146,0.09662595342188794
2.0534725514295387,35.78683777489582,0.05604625089875761
2.111984846383886,38.424776276477154,0.24902302041737498
2.7787522712709873,37.5784135142628,0.10124815972162862
2.103123983984778,37.259487750332866,-0.23536889305171477
2.1647536448625266,39.5723822567455,-0.1686491475978793
2.2414396402307193,39.69313943773546,-0.10150023141574269
2.441327954208018,40.29362186064399,0.0950952579648462
2.3083868955721996,38.56017469076045,0.050400214393003614
2.762720089262792,42.515071764261876,0.1755782895070613
2.760027042516074,44.742292063581885,0.2207672775951952
2.3612300555316748,38.79982176531047,-0.072724160761092
2.3682120840025487,38.11386971837496,-0.1965151420143012
2.4843418781753996,37.640527893764165,-0.23148979270263303
2.646549995858144,35.93993753258552,-0.0073386440150394056
2.626632667062217,35.73227728678416,-0.012008975830403371
2.4783451646742156,35.107839987649314,0.0449279197270589
2.4994585870023207,38.425746236809886,-0.18207938211023236
2.1899489036651083,36.26331556807395,-0.0989201280788479
2.017630253084829,36.886275716366974,-0.16974605060981218
2.8275634366860793,39.18668946975524,0.1557720351559949
2.3902977412453486,43.54991219754903,0.16470355371490994
2.2507637829585714,37.85004847364148,0.03331747701961247
2.4114142443732365,41.51741994449998,0.03565077450136633
2.2086455249447923,39.876383462906865,-0.293466154075648
2.201637016947757,40.81676809317081,-0.16233666275622677
2.4974587565137303,39.253443545887805,0.03812376485285669
2.4026318608143167,39.069342296107415,-0.05484685042513483
2.13869915840201,40.84078817256322,-0.058914765518836204
2.216363442948103,35.00986388421392,-0.04725311913590889
2.3103320223517856,41.770359914661896,-0.04857955204144166
2.272135198894718,41.25408409248711,-0.0011791400649127806
2.15916909765588,34.622691179213874,0.19781202004918
2.4659239578702494,37.94646332592647,-0.3057344142821324
2.450302057155004,38.21551974194252,-0.33127710885484224
2.4483809993409382,35.139616080492544,0.18218356875995406
2.5144188794149596,34.356286454793675,-0.0309384748524655
2.535697118289008,37.15673783836284,0.007046082570514528
2.395592369535133,38.00298769504372,-0.13153384755318465
2.407202066792066,37.99897482876494,0.11960582173827596
2.20149264125371,42.52824926947274,0.08271063276820567
2.233490977324144,39.627517941119464,0.022776270974543576
2.3758950942296737,37.68390326951936,-0.03630101732010266
2.3026411398557145,39.74252008242023,0.31656568275064423
2.1863970728663795,41.39198302790381,0.20576679966924205
2.6452340071631966,37.690856756276425,0.08843034832314414
2.334012037257698,36.442586301773474,0.20618835988464235
2.4529321594017293,35.93679748444491,0.2549202500707958
2.771543241036054,41.974742753718644,0.597936081040902
2.713873677290541,42.01001790187241,0.5448396656270863
2.5431622569639867,38.43203088483607,0.3032732074660524
2.589708082125517,40.13174883222222,-0.03667688623990404
2.4577353079292767,41.78820230455186,0.11776765909164842
2.8036227004859047,43.71217185966437,0.15921192103235435
2.748453277891356,42.22589349353017,0.14670270504372854
2.298587171210173,40.004104932355055,0.07286139081350372
2.1258715791196394,38.600112881703026,0.13324948821398006
2.4320307954291827,39.33812180027765,-0.009485662296372243
2.357678977762799,39.67969681661301,-0.20520779412492984
2.3773890608893318,37.85045775681844,0.23867080635021803
2.608331398497581,39.85920119944177,-0.04606539316585791
2.052452952539849,36.78309559549754,0.1637164851066102
2.9553037529641,38.53883911563028,0.05760900778403088
2.8980683593049994,38.70396546156772,-0.03454978719116875
3.074460317393382,36.16381408203473,-0.11358536742304484
3.021033076114242,35.161014102493894,-0.0013646882461475754
3.0180738952193678,32.86381974103444,-0.08654486655181355
2.8005752177968564,43.513950596002914,0.29963761791738275
3.246038487025482,39.250167444229405,0.49362929873109823
2.848725307568948,45.09098603455796,0.25801152804843236
2.4419195772063946,37.4840337762948,0.2797437368053447
2.453681352497004,43.41533682413165,-0.25414203763585946
2.574569069409004,42.32844188458714,-0.27459777275358416
2.5834355111949403,42.18786567975409,-0.29783025162658494
2.5562163072202733,39.14732313214131,-0.2136975237078897
2.58406979730326,39.503232725298794,-0.21190370878689868
2.682273911491356,38.711085112892555,-0.09176360501664838
2.1770297020413736,38.97122262992841,0.09100399516478448
2.223620726206253,33.80955856483896,0.010549722166792064
2.1401375090710797,31.158481114363962,-0.0760253495739486
2.6242724003132203,38.77129979597787,-0.12533203802834858
2.4968194570669398,43.903585880017374,0.20026314530065825
2.3860910518795424,40.98414915388694,0.049030332584431374
2.426602527414634,38.568570942129,0.0690342021598043
2.239042189526682,39.24789863038684,-0.11687724256617664
2.4006323628718778,41.92092594849456,-0.023137284430322362
2.611204693185832,40.92186750554027,0.19083892311004455
2.176372654263673,39.789025245730464,-0.09558958836483392
2.112281907466324,34.264035454376824,0.046602871098252216
1.8813041023026198,37.55896909731609,0.04523030320999098
2.2481786086234345,32.74205366480265,0.024020228294611843
2.524474420750478,40.43601700143102,0.09928614416265225
2.2684097992862062,40.95791080773098,0.023238400140364834
2.463255778810513,39.49179571786553,0.09222420219677378
2.5428289331172693,43.015797955893824,0.16354018852569832
2.582729181307377,43.98999609921075,0.17887232703737713
2.321550828704155,34.154788533076115,-0.09839640543989596
2.019410801325946,32.765126624237084,-0.15322271959821188
1.9186872054354962,34.13428651259633,0.3766671416725325
2.847084205930918,46.42248507800192,-0.19317541383842518
2.7870345350021535,45.35520145880054,-0.17266853686481357
2.781913441733559,45.669361340470886,-0.1423288106755794
2.120312045396022,36.05726993743526,-0.044019539403472
2.3910725378139572,36.644336878307755,-0.11336906085984755
2.3101472577236706,40.04603780484569,0.217081746425764
2.3096288837287924,40.392693233191366,0.28179074344067634
2.322123274464472,40.28685943759406,0.32931710480280196
2.607095113727597,36.9192849524303,0.35623303839439435
2.3796262955031664,37.77525856920788,0.1703403306188697
2.478885630998735,42.006352450759515,0.005861778119892781
2.5389863250085436,44.28344992082469,0.007389893601225749
2.338727577537331,43.158919878970764,0.02712813919073797
2.370758360239108,42.36208791570433,-0.014574936423175835
2.29815047992269,40.20155319473305,0.10406663195492157
2.6552854611099055,43.58226285235976,0.04843641903313412
2.6327433471589066,42.49336333339071,0.00318966186699035
2.1477057830280586,39.8531741799194,-0.25204517219089934
2.3008808893165247,35.221082491824816,-0.11409725585590502
2.420293904552457,38.403099651780536,0.1817851492737402
2.1808716196003948,39.14375554062382,0.14846517461436345
2.3612528629089624,36.53639776623417,-0.11827764194822142
2.002391873114808,34.56455685443199,-0.14609459958203846
1.9689919151572612,34.19890386090782,-0.1425771031089594
2.8193914122644035,47.28354872706776,0.11261709962301886
2.1090927972014986,32.954011011915746,-0.06773518893204596
2.533407913798776,40.922137963152075,0.19005321813037165
2.710838969769948,43.29475915826819,0.06354825213109268
2.7373564011113998,42.67866719567698,-0.15794170807316518
2.2930584016347937,35.24663648038191,0.3136901821498563
2.3805529305196766,37.197469935866955,0.22989279279081834
2.4870835924981973,37.78108930832329,0.487476890331014
2.2349341036073715,39.62075288062283,0.15477204608364042
2.299649593138667,38.325918544579274,0.1192966397878687
2.4946281849674223,39.5815367153725,0.12663173469767186
2.2377376366160053,37.16693776672861,0.055495155500901186
2.37195471484475,36.429511518940295,-0.0044711318532106616
2.3091273329556583,35.99264947243395,0.04966537789854971
2.646849557760401,34.220967098932775,-0.044496072296183416
2.6915222056328307,34.84101232541531,-0.09660339698957704
2.6038784804017436,35.4091252155081,0.027748135976597792
2.5415820589598397,37.34867147980769,-0.052613011841325115
2.5341122316017874,37.3800501260005,-0.05118337727238606
2.0591588499446676,35.263580481227166,0.030772180723220972
2.016861025510004,35.34256064367947,0.056976966437863
2.0337474519123964,35.455439880023796,0.08090996069257553
2.5740071091709362,42.77000974371899,-0.09098891963555902
2.3100887103431123,31.25075089094655,-0.06972928130537943
2.2747253613079454,36.76704038507949,0.24912522947590568
2.5454167811690733,41.802498524099235,0.09374219023533657
2.7275623101771354,35.974392799917695,0.08281104942687283
2.6990500918693465,34.70951586805064,0.2441741496936084
1.9592871984771756,36.41519734004329,-0.03279823983239755
1.9519797268590573,37.06011251178072,-0.2160562164014966
1.8685774551718832,37.159648227449935,-0.23474817664615757
2.6404250470582395,37.218682288277286,0.5318058923641108
2.6354921680044283,35.11664875758182,0.18196249896972275
2.5859555018686606,37.507986336791355,0.19242041383035954
2.4122077985791543,39.09813557322186,-0.12789777198934238
2.3237504093274093,38.324273338646385,0.10941997882994701
2.64021720343014,40.3052812044709,0.20869430366538547
2.461458403844971,41.86232810459989,0.013471302380888027
2.6547651713829254,42.337636213894804,0.04650895928148481
2.3725002084998525,39.31686398017538,0.038531365198795235
2.169250624682058,41.06977526787779,-0.2784652308178371
2.408887656543534,36.210775928425996,-0.008833723087505593
2.276514561380237,33.32466732836182,-0.14766388310602954
2.2623137446197186,41.93588023011951,0.10437955164240964
2.544848864327325,40.52090233191542,0.12729808609389023
3.0489008928249888,44.012595607914776,-0.043279465366606075
2.1246651378270696,32.62082516703051,0.01638175398777194
2.3565742491878474,37.79927935809166,0.44086037257019245
2.3029282548716794,35.40518654503083,0.4023142119209066
2.37842254405265,37.18496354966299,0.18868585854957245
2.320862110754995,36.27187408270231,0.17674040703288146
2.340727269536631,39.521049228920035,-0.15877034219016078
2.6685206147136205,43.81300951684476,-0.2375580991580183
2.7565723188576503,44.567303522368455,-0.10348821535539546
2.66193484432177,38.562866009283596,0.37097932819411683
2.7205873670707956,40.734694275405765,0.22083135788769034
2.6937594621791003,47.29286309895737,0.07166637534125932
2.6857905917484337,41.103367268320795,0.06825266205327007
2.359639608461725,40.01963241124977,-0.03191902832054043
2.142690788760992,40.40512171362549,0.09212708453266293
2.3946208162173037,36.826983174165676,0.16249804823945926
2.2506178117984796,38.23425280102545,0.21035639511323975
2.3867697371884904,36.23119092326731,0.3124581641325078
2.094013367637138,37.675811757549944,0.2977979916095297
2.1160738423634853,35.519665305373536,0.1644581246529149
1.9175761535467324,39.77376578727736,-0.08766262221274798
1.969827779906699,39.79067709333411,-0.08066378093210937
2.2754220849046902,38.018831209428086,-0.30904184970087706
2.6585556060302817,33.43153815548838,0.17628954065600894
2.1007731237236067,40.264409533493186,0.11499773536565379
2.4204654697867336,40.18229526436193,0.018555576432176788
2.3095086306731933,40.54237361554215,-0.028412624540480835
2.2827038865669915,38.03698683825266,-0.1530091742266609
2.276773002688232,38.82859033438792,-0.08722935519248329
2.5648099916920097,38.163014150444845,-0.3228563913824859
2.189740006851944,33.01853576282046,-0.09246934387504213
2.237881775909751,35.27783202236397,0.07871611882633585
2.284998631789321,37.5934103823424,0.07344317639545037
2.121224153229962,38.85176844684677,0.06837543894654788
2.3424596112197467,34.16311694214685,0.23005722123198644
2.6756360755014863,46.39680027935177,0.15676960421625688
2.1730348356318587,36.94065387649513,0.099071026343051
2.447309039132799,41.59687281057236,-0.0019528300493109885
2.2468654297713733,35.535455540846925,0.15611035626553368
2.291053743861976,37.36670023833602,-0.22535385302298513
2.3763101771746453,38.81038653560961,0.03323759731434922
2.183242690074419,38.24941593473059,-0.143328287587676
2.3276435580536945,42.81127717521603,-0.3457473117167107
1.970416893261521,35.97720810884065,0.13723598272114765
2.082091682836159,35.198791561868234,0.10055183854085803
2.622061805131957,36.52162412178579,0.14874277764010685
2.1665036075923068,39.747346592864396,-0.14729782914567874
2.2124073022663926,40.68788561010105,-0.09444022325400926
2.3228140337692382,39.61116908830822,-0.03230817707823586
2.3898603920075594,37.476406200886764,0.16673283168458594
2.231127909461315,41.593425801702566,0.00533364651251048
2.4350347704400925,33.925817816952,-0.31005887216299605
2.3056265915831236,35.692050556805945,-0.09489430822466666
2.5162931283851697,38.517209504917204,-0.12482930136245024
1.9598677328820155,39.281267367649214,-0.10270559928272627
1.9587910730293396,39.33591873511382,-0.08658931953476905
2.378888745326827,40.9593023024743,-0.07530638648295074
2.5044554650566155,42.10544416141436,-0.1638059956284553
2.847885414920563,42.136021653988934,-0.13524954992663193
2.5467360642720522,45.670124032613565,0.07012126376757383
2.659957517028376,39.824470738945955,0.060308367706186965
2.2846927583325427,41.35446977594277,-0.08993413157081145
2.370435475910562,36.104132411942814,0.2369888138813207
2.3122742234878086,37.55910030177035,-0.023420513345167378
2.8754892244306918,44.249567767081714,0.29096312001796404
2.780760513313527,43.52660584632574,0.16737921990720875
2.026384503386887,35.7984666850078,0.016388287578140443
2.3879603405771497,39.0760509200913,0.11999085734655644
2.186363864452378,40.553817754439,0.305097529427776
2.3561476410136653,39.05240813513548,0.29052139972446983
2.1443240732753166,32.58862689391342,0.0987244282683645
1.9977161184576202,36.851615748239006,-0.04661708521301311
2.4040029239712353,37.38074109857047,0.15084580934469602
2.2228606289381516,41.50791507677106,-0.07841267083888216
2.352742018092851,38.033496156479686,0.27753497111302533
1.9731731977377047,35.137046888255895,-0.1465868595110255
2.9649552029337007,42.32397259357219,0.24646686426258832
2.3889890038693493,43.14235556228921,-0.02834800636608764
2.3126406361308036,35.886625088909355,0.11641867714401717
2.343943108166735,35.2462485671224,0.13742249936381545
2.074829262257435,37.00414570553419,-0.0552410791580075
2.3036480456526305,36.62025395456415,0.08869209674816032
2.26106827062144,37.618326066777215,0.11943058902851085
2.3040092534738266,42.15062326675953,-0.03248610444893608
2.284192444444086,42.18194926645173,-0.021305844217418112
2.69947738013087,32.295549109691315,-0.42254551532092777
2.709317662819048,32.25660561548339,-0.45100910152800416
2.87153983478666,38.96469541218404,-0.01728126698913796
2.5902800207481063,42.25787076268104,-0.021991830511364704
2.599319139759361,41.916160621329915,0.0631817881408913
2.5171562053437833,37.43594797044868,-0.02836674268059917
2.2097378784258055,41.46826798027717,0.03702991254271988
2.263632048207728,41.3812477851207,-0.0023847604710453057
2.3237079971328307,40.802939457908515,-0.04393072420509219
2.243995247523985,42.05421553880968,-0.01151904610948971
2.2711010362847897,41.74907763819847,-0.020417606045760525
2.1544828279847414,41.273416209247365,-0.05849226840597293
1.9575962388295964,40.869092127598876,-0.052332821892158154
2.7392055795450574,33.70263614290064,0.038068986668256644
2.925980186396085,30.372605664191767,0.03799476354736675
2.043235599357447,33.929428835455404,0.015536456175545993
2.147480994962899,35.66508493234898,-0.04099789051417269
1.9601817818565948,37.57699039147929,-0.10140558577247243
2.2096452318025848,38.26892107888527,-0.0934700464941312
2.30979336712224,36.83591356749055,0.1182946703662667
2.2823782849416068,37.96891853191626,-0.015062921390137946
2.2453369760185,37.20371634753238,-0.029181185868278336
2.6389761166690406,34.041745203006954,-0.07239544256005664
2.480585714154045,36.35431613744549,0.011415466838043552
2.2842847146611818,41.697170982977106,-0.06289500557414253
2.296280766660789,36.596311229570624,-0.07088316284142968
2.4238133499588326,39.64447042018784,0.03216007805499456
2.115887337390782,38.40057976860075,0.038955270381137476
2.744131950886955,40.18693325691941,-0.014146117505083966
2.281130035425627,34.830469973375706,0.22323433549075253
2.3489704504742464,36.70700472601085,0.25294000955646473
2.338548848702907,39.92765887716032,0.0942915402717544
2.6892773442630493,43.20872505632971,-0.042681563672573065
2.0914564807386293,36.51665245055839,0.26276483943984436
2.228964623779948,35.84199435991259,0.05551932764887197
2.1350974888380323,39.571556363956184,-0.14151616332178088
2.4408230858118816,38.05476629238417,0.11013868311514302
2.555744507503631,36.64468846016151,0.07973182247842452
1.9144719438492024,36.58154862220429,0.12157832798618674
2.0197307481837985,33.77141240200488,0.08467301440174031
2.1710011814593515,34.88258051777763,0.2737514547392507
2.6631397749627115,43.85258831775537,-0.05266395450354077
2.734971203008695,47.665291948191836,-0.06813294450518924
2.842278544541801,48.88325612530738,0.023599712184116665
2.573446345939924,42.02564842297595,0.150289694408509
2.720154086005339,44.653128864371006,0.1890751906094759
2.6463312188907,39.4574592671588,0.21476620318161857
2.5807337327352116,42.77494106722475,-0.0685892544058711
2.3680323509285977,40.46511686733474,-0.06198729150260087
2.256512479708966,39.36647320600074,-0.2116909929118137
2.3072754067915517,40.74594351760604,0.05158758061461199
2.5210163059432276,39.50240189207932,-0.11510866559118584
2.2537765826263345,39.60631271789557,0.15649786174752114
2.1620718548666686,34.45944315250254,0.3004008879505021
2.420235336490176,41.341846777629065,0.09812804860811207
2.396304796021372,36.34790721659382,-0.22216070690679657
2.4464884487125085,40.18090650693652,0.1686380464850292
2.551460381787083,38.23651441693202,0.06883694598106688
2.4261807534608586,37.49119067786171,-0.06895309580743599
2.146467922624298,35.51475734617403,0.009483283852859058
2.118090916621844,37.84537840485998,0.2708665716802209
2.1311933209561738,37.64803225624513,0.25478517644666077
2.154993794384694,39.98389404192212,0.13528339869513867
2.0401419759873805,33.94250014315223,-0.006925867588476918
2.107526861498636,39.86314775244597,0.011345085516912696
2.528189092810808,38.21056962215918,-0.06545274749206152
2.4298335464249257,34.20206977129533,-0.036073204811782084
2.466477099754509,34.0927712324884,0.16729633383311365
2.063496457464224,39.302920945973035,0.09765524965405481
2.5644665939637874,37.453850405919674,-0.181821776591036
2.173077616444195,39.37763091040856,-0.12556364124713001
2.9392734012553006,44.67984812704296,0.299966006509541
2.6027215218141753,40.220054813806044,0.12799014518931606
2.5384045937157382,39.72631447500503,0.1972131895944991
2.3024080104808946,39.388202264735405,0.06740378563459777
2.6655315832536077,40.34956474533748,0.3097312062651887
2.8408187981457425,42.33689411602769,-0.39259269809813757
2.958195570839992,44.521148892122305,-0.29085047417646237
3.0364949528080234,43.67817041288961,-0.28465709256838934
2.902470080894523,42.93016626006313,0.03616538541161966
2.5409897259846472,42.25550785116046,-0.06620487170746782
2.5345022893402005,41.97384384800448,0.0914141270310782
2.6906777083119926,40.30129809140374,-0.17478998681218771
2.6384716924050564,39.11438100354942,-0.1625586208110315
2.6322881674969274,39.93684826705384,-0.21919711331085504
2.2451839829195213,34.062914206958425,0.16293138314575123
2.4440305912964737,38.700352275665885,-0.22488442899169075
2.4031598392348927,44.60962474523113,0.09207967819108849
2.5852765758516605,43.59895644958192,0.07758304627120385
2.6339703864055433,41.28382558553697,-0.00245191120382321
2.2552112517602025,38.50124933385568,0.02393939562559855
2.159117989385488,36.11318420785604,0.06902349895800777
2.132815296516679,37.09711428154101,0.18617171188546278
2.315152488938547,37.893705016004866,-0.16529093855296562
2.498640741163691,36.09179347306771,-0.061088257570672266
2.490635960598862,37.660012083699606,0.003911439827985114
2.6724664699731395,36.77420108916184,0.018798017816909915
2.7077538263529486,38.39456614550991,-0.05833324666214708
2.181645772250781,36.38458759232737,-0.14396603411203038
2.613550004639806,41.738253522980436,0.0878812745310636
2.9869308890417727,49.30475096995504,0.2774694673255825
3.100460131885804,50.821915288686405,0.13406913423654135
3.0289488593881786,43.30714548373584,-0.026799210261509616
2.336655364622758,41.601435787402615,-0.1023429164525108
2.32389619363696,40.5558351879635,0.010361019017665875
2.097381372831783,35.61102730660741,-0.05287154594841138
2.712591284570087,43.05644100747606,0.263594146932714
2.468000018686884,41.38259108785833,-0.13623282706505974
2.606296290483592,40.17006444398227,0.002266703853096214
2.085745899248629,38.06379391342046,0.017810590476508337
2.500529831716186,36.41030147315323,-0.005584755500365937
2.5155436065411747,40.36328275744636,0.07845326677828587
2.5759893156357867,44.14913564208924,-0.10539350095241365
2.561796108257782,39.07241665578642,-0.07554960029050699
2.087380114486432,42.99826235801399,-0.264760906368044
2.069410324893994,41.5818646127913,-0.15068682755404075
2.4767341688536226,33.06306016096906,0.2657377010875197
2.016784884470812,39.02945995248457,-0.18969529213744182
2.5518766076027704,40.111376527331,-0.05663961502846458
2.5735544230855267,40.58236350364021,0.24123969020624658
2.2714653601509025,37.55918861153299,0.11247257922188039
2.4592127024653045,38.54078855960754,0.08821455073893103
2.293074193010677,40.042020715228304,0.07018109607011985
2.706378081277771,42.726522269127265,0.04803830612364534
2.034805892653513,38.045544402260774,-0.11684582843127504
2.0059930036631033,38.959243119926235,-0.2592738032477445
2.3649773237230893,37.84963575068365,-0.013925391054412633
2.4536607164374296,38.311842630930066,0.062037112670922795
2.4011218776363954,41.60218058377092,0.093314902741906
2.408006062157723,39.7291039472617,0.10485518470423556
2.477390508742755,39.6218536678538,0.1028049234163394
2.656590465599651,43.739735091180634,0.3297655991731055
2.2619570284889416,37.527768716561944,0.08583561107405115
2.451688067239141,37.69031092339546,0.09836082831867067
2.413688832899574,37.13106863002091,0.16050266854474599
2.475748677960134,38.536136104554856,-0.10749078603066844
2.2071487448778524,39.58613934640561,-0.0741767073190708
2.05201631500624,38.57423066570981,-0.20945176644008154
2.3748016299859236,38.285502901987506,0.027504061671330845
2.1647964045930874,37.84917302755666,-0.025889163403103
2.389071408758305,38.35310591048704,-0.06234700724336377
2.4841524824367816,42.325520415237065,-0.2261914959976726
2.521038340280139,38.806300884819954,0.4211431931334746
2.6631702082901816,40.22570212275533,0.4845618940597938
2.542906339367873,38.283469470122746,-0.1682180265645253
2.22569376979457,39.43192373696413,0.1351032665135013
2.249898085198336,38.357132365283526,0.10252969766313728
2.2499494173933385,36.524095305588816,0.154672599185485
2.1189025870493374,39.19229560632907,0.0397903554278386
2.106529319555455,39.352718923110785,0.07345523331453643
2.48791110577658,39.25123538435798,-0.04643752208221834
2.472978140932888,42.1736358308863,-0.227168420281901
2.5623996683167323,39.625526059725296,0.5317512736371645
2.582645221565483,41.474061054125364,-0.331483302264993
2.5761601323643717,41.39285874515205,-0.4945344797928513
2.5330852469709586,41.592777262860785,-0.4585414042403585
2.508302818769768,34.814273648224045,0.014383551423321636
2.826497914729183,41.248178270291,-0.02393546803102154
2.3171604296719734,32.67125076815718,-0.06497408280260858
2.662891028002288,50.693001523156255,-0.056073576377257316
2.630925353610315,45.74398265415012,0.0303885983682101
2.4155119034776806,39.625935616932,0.11310378154915621
2.2150159252630868,35.32220110789394,0.034536044933421946
2.392134806551019,41.66732612139167,0.00025690145290874455
2.3059754990154264,36.89943163552564,0.08441566802263559
2.1886330705699653,38.42504851181267,0.15120590048404808
2.4111709704539552,38.93129696035956,-0.09031852415377413
2.16271867883122,37.48318354499757,0.08933760485637542
2.655481105085445,39.08927824812456,-0.007449404798452009
2.462252928441893,34.99605180759712,-0.2416054494333845
2.4907202732742975,36.30800216020082,0.23661986766751142
2.350667046696964,35.74063503459744,0.26648660355314174
2.288067418058602,32.70981989454505,0.41330868668971815
2.332543782663322,33.08870317398254,0.43898829704451436
2.280196599642262,33.23505895256341,0.3307088298016201
2.4823820844360074,42.266363442198966,-0.06595809021754055
2.4769405642047864,41.915654521249586,-0.007949333113536752
2.080762973865499,38.11894553242168,0.09557092352232988
2.618369679177061,42.86338784732963,0.3569068174905892
2.285908312152121,36.497931792048625,-0.0180797491613729
2.1135721249206703,39.635903965204434,-0.08567913782893895
2.2045764166432917,41.88522444948384,-0.26076390540311134
2.198227124141124,32.65101761671058,0.13904986737492386
2.0927632323039504,31.421119977470653,0.07547656541798028
2.7382613240635925,32.61326968741355,0.036715446075517466
2.8714639972069422,33.01864391990755,-0.03202999919082985
2.799176686363966,33.255540758489275,-0.04240247880406882
2.8788760852856004,32.08661615381957,0.1461085031401197
2.8531621735910653,34.71519152800703,-0.24307467434287527
2.2622785282800777,36.5816358721868,-0.33165656275168276
2.1431105673186277,37.077695569209546,-0.30350701837785476
2.5159741356685603,38.40978701616041,-0.1131741983565626
2.6959641863401616,43.63458551400698,-0.41145198264042293
2.3834464198752543,34.090906083546614,0.029521105484131803
2.352872345606055,38.03610909121507,0.3819655145442052
2.355397085748151,37.595211241678605,0.3040508775185627
2.090168629956499,38.296029883522536,-0.28928275233872164
2.225507744593319,39.32999348680214,0.11505154831827871
2.5807982041670945,40.928330176278315,0.02082708215698536
2.4763048979689124,39.10495188956266,0.05896131612980517
2.474013423490504,38.531999799574365,0.25632303560490366
2.35859638163448,36.41743091667092,0.34762289423788256
2.321300007629068,40.384629641726065,0.27998439396853464
2.414962615801472,38.127791441686135,-0.11911648443916945
2.247606515191873,40.77898093602402,-0.09699047767170216
2.225624581528534,40.20287710580759,-0.04737479319606392
2.699301611053562,40.88141036341426,0.05079340766295269
2.6562556250733778,38.511009330696375,0.00280595778859651
1.8516194912253945,39.055387602140335,-0.09399625246611822
2.5006307202914897,43.827882152805095,0.1003322092487444
2.288245853497008,39.569411715314814,0.05135746511953502
2.1200665541215002,37.879234489480545,-0.1911659955631179
1.998419401123692,38.862919831695514,0.06427076022929049
2.885368175790996,40.02343269655783,0.03055979936252116
2.053569600927834,39.61540207304267,0.0441826279113294
2.364645948106985,38.13163567234002,0.11404095459368109
2.638105817565197,39.32897042380036,0.34427054016888053
2.079077119052507,40.31285961489091,-0.28172722933400945
2.4745788305693144,36.139663589407874,0.23480532507120283
2.163021564866733,41.697632309023696,-0.06069472940825555
2.474796432023875,34.50940846677871,-0.05403643317086461
2.104955811104528,39.511396943514,0.00934493511423888
2.2073738032045926,39.163367236619216,-0.4512500695335744
2.2049456312358786,38.44328161718313,-0.2916555485946496
2.2875725591454197,36.566531261436744,0.13906090043661523
2.1540900747218186,37.82966770103391,0.08049161514933807
2.202435841369408,38.320349531906,0.016656302129857
2.4194639642132447,38.856942311577264,0.044653236192858686
2.6241500396411865,40.250563667166006,-0.03493678731654812
2.559847994885105,42.58993382501893,0.04975967824061092
2.388311004181069,42.23629798340251,0.039152993642493056
2.3739602566197573,42.12994886626194,0.058458662052772316
2.483128573467086,38.54809969076303,-0.014394916112349367
2.482394417441426,38.9601725423875,0.1521821056547636
2.4033210878450344,42.039959533071304,-0.10264964635654046
2.6553776862782534,40.836176642669834,0.30197018539094134
2.537323037975156,39.9204379998783,0.3872131248014425
2.171705355886254,38.58704727775417,-0.32256391440247073
2.5699662597167334,41.002813732650786,-0.05503414945718604
2.682381664546975,44.86657213586762,0.12185851716906457
2.371090594449696,43.357616472859846,-0.1285475904463627
2.3485757451482305,39.95042276234148,-0.1001960016384029
2.398486099018725,38.35702492483315,0.07451583014360233
2.4485956020341892,32.230476177527144,-0.006681970561241912
2.407026479770364,32.173364195255736,0.004518355507921949
2.7708598977659125,44.80106715559994,0.019734961715744348
2.0884732336950536,35.28460787627748,-0.027344320570865638
2.315016012968646,34.46174782209606,0.4492741967438631
2.585265640777611,47.55894255158128,-0.35690616705015127
2.0644397969824646,33.46607108958806,0.5312058636136884
2.090655571983643,35.81587353877461,0.20316274491474368
2.5120758810934922,43.37591427392483,0.019920675864391592
2.437505310239317,38.822797646986736,-0.07822675264849509
2.389679382631187,42.37690165413841,-0.019490829317081508
2.430368485210822,35.53705680783554,0.09959561064594641
2.3429999223119506,41.756631250964425,0.01530255586060725
2.0806202471419515,39.85372866173529,-0.15324565514344887
2.2377340744811125,38.667130702161785,-0.15073006703176856
2.3509299195233333,34.75686994868641,0.195180515268912
2.185258996406001,37.30220679149912,0.28330553873485625
2.701826615904773,40.3555169184722,0.284888256410623
3.0837755520773853,36.165172941480336,0.2656183073130771
2.8357049998879535,34.784091056313585,0.1484607801714389
2.366900184634577,40.853164879395415,0.0386675215934242
2.5006929082522538,41.45354094768032,0.1344975067893397
2.1910057122172875,38.13173886521143,-0.03389751533973193
2.3698405479589932,39.150790390277194,0.09022730394909095
2.2742598100552573,39.221431623509076,0.029454791098234862
2.1808868876718694,38.79244007727227,0.029703910039882972
2.1602548820403578,38.81860009259031,0.06905430872998547
2.647024326481266,37.17051127317383,0.23934835334608323
2.347159941673233,39.9422804585639,0.2593224021750757
2.2959618992421715,35.00859028009209,0.034492120035518804
2.1738398029803627,37.42272797777072,0.1610363190739088
2.383831961296978,39.62172644911551,0.04343209746368727
2.1904243364803784,37.34989037621672,-0.12430414420333841
2.359613451747389,34.32162013523273,-0.10574966523059305
2.4200333572944848,41.966505952015126,0.049891858987855156
2.2901186881507902,40.821539527867216,-0.010021748877523877
2.1997862227079747,40.090121737562434,-0.01085149186845242
2.369777742300695,38.914647434152236,0.03866707799465688
2.3244730178813175,37.15985955353435,-0.19100745722644386
2.228728724697221,39.90206761336968,-0.050425052291288575
2.2643224669489763,35.846720383295164,0.16962943398544034
2.104196517497886,34.701214997728016,0.1276915159787867
2.3292747372977987,42.82993329943737,-0.23740910152437497
2.135412916804455,36.264878598279196,0.37744278238777035
2.300306167835648,34.539597764578815,0.24356592361075552
2.451840717608576,38.60260284699692,0.02148476718272416
2.1640955364972596,40.0098968501988,0.03545873193159695
2.248214028131978,39.18503222591888,0.15333686001324168
2.3162329306890017,38.42391595139164,-0.1407361242689689
2.4411013301367763,38.5998047162382,0.18620850315678114
2.127395903149881,37.30015075193393,-0.17973366494418355
2.4365012730027966,44.07172351225567,0.15898056393435558
2.454412672617434,35.677955246799286,-0.31404237544851055
2.5837624535620547,36.42960663408928,-0.17431686821840867
2.445617056478557,37.556151056500674,0.15726219900922803
2.4443266580981926,41.26637593076379,0.032144203356984785
2.2817929890890474,41.462839196770055,-0.1050595936299355
2.422246459048981,37.85972081503846,-0.14043238656451293
2.410178244545113,37.05139037568526,-0.1127916221073733
2.232449606848541,38.57787619381828,0.07200298057037183
2.309895912953534,35.746654113256355,-0.024712061333341695
2.38148088404712,38.45019319346042,0.4745053178611872
2.2856648151163546,43.40788926072526,-0.2390807855093901
2.274144855880209,42.06769395293355,-0.13015517307631327
2.28335759351525,41.051779417705745,-0.09845130251399786
1.9721832783364697,40.68597480949356,-0.22978312502612425
1.9754299987603101,40.540660135234766,-0.2801049185139676
2.4740754417299056,42.00725556463798,0.07031937457635162
2.4381402802896983,43.49583499099311,0.0023904428230294194
2.4071380641742626,39.47588747483267,0.2284293676255706
2.2497821453787767,36.88451459126948,-0.08575503154786605
2.4823087086527402,40.43727941960098,0.06121258590132362
2.3713697361611707,39.79580981552784,0.05751696444299497
2.7796957527016395,42.05526887311146,0.3976096343025349
2.5344503754853065,40.29332106656934,0.19020134986341816
2.381828489071669,43.79054324179472,0.15462062569180823
2.6414408220165333,41.52870539581717,-0.05855852412512256
2.423871635795156,40.1030456096776,0.18133189267427458
2.6583059363624026,42.809139055661426,0.07576642337547777
2.175115936600456,38.74573674325672,-0.3415059744289248
2.298015015552462,43.980553829103485,-0.15126968302015048
2.2945092770627573,43.40523768287593,-0.09611064313330119
2.5322780256460287,46.31770493060766,-0.29437742752601576
2.5286280237125833,46.660951901903964,-0.35166200838509765
2.004375683240462,30.616692756747423,0.41137695503072114
2.7537719626800228,36.55197554193498,-0.34081384247539226
2.371814753943925,32.46454672670608,0.10226392675342928
2.427792712518034,41.52245625166539,-0.2472757411260307
2.492064349338353,39.985372511177125,-0.24803338397414387
2.526219321230566,38.903200294198385,-0.19472513608457725
2.5620258968716305,42.28093427295287,-0.31462216010221583
1.8809611016495458,36.22926242732984,0.042909882038064555
2.617595487351507,42.11202329955356,-0.2409296481678052
2.3685162913215057,38.34380180987266,-0.06286682496645364
2.379131291808696,41.71762539812598,-0.26323676605967794
2.430082076820679,43.95330327346485,-0.30718566668971653
2.4211181393113175,38.09554627545223,0.029792309447939765
2.3072678980582957,40.04184205827594,0.14390840742539798
2.2092982475286105,32.80652050279931,0.1623431607471789
2.2553955916386177,37.23919709803303,0.032545437738931114
2.6695295026909527,42.49666882884144,-0.12239902113017036
2.6805977048961678,44.67596215002434,0.07240113485431682
3.016187675937875,43.35917175855792,-0.007873379271832506
2.82945047456979,47.54828416266033,0.07225524932139189
2.8358928147149998,35.85198195801045,0.23090243652897552
1.9709676977633335,32.064718647892086,0.04426351193416652
1.9756800086688024,32.983247240263054,-0.053586770858782565
2.357035883530815,35.18844645907473,-0.1489841263658117
2.253344664802006,45.840527476249875,-0.11946466345172052
2.289151780718052,43.25676778648876,-0.3511280846848111
2.5142378483833463,41.12187002911088,-0.13991295118122057
2.1817713560332788,32.00006779731335,-0.1402366932051399
2.8535501500415235,44.898621695638916,0.04462954052273797
2.331135560331624,40.08395173908321,0.12219799067171183
2.558459199163583,37.18658203693077,0.05848020146449777
2.5980570626986723,38.92634078629082,0.06504117885329563
2.607692845304371,41.80738248432632,0.13825532652920985
3.102633976352533,42.78558982340717,0.11955512837585498
2.0027622014531024,30.43939869201914,0.17317951397821088
2.0492221090150715,36.3135539627105,0.07030655589748709
2.224186556593735,35.1050070706735,-0.051893049549370684
2.3572661160142725,37.8536363410905,0.023694489090709633
2.394854389814904,38.45411799155395,-0.06866227623876259
2.3546548025076026,40.3191528693798,-0.09845704585670055
2.332256712263951,40.80616588842505,0.05623531100791987
2.6734000407969103,40.90558819388056,0.1339589069947428
2.6024463476526876,37.505205865984784,0.037108817999463986
2.3680034517103787,36.73546061548779,-0.26386137062791004
2.2008705330592,36.77617501317661,-0.3056424933192475
2.3731301749674696,42.58727475414603,-0.12631361377455222
2.2990988981822986,42.732508493546135,-0.05876832265155777
2.367833955504901,41.54678371916858,-0.11204798953600868
2.2717687377421605,43.21886431291477,-0.02039047652793441
2.2423039517768624,41.17670253792992,-0.03838196621895536
2.313117586137586,42.01779398581463,-0.10297157282766793
2.3167559990698363,42.61793397652564,-0.1648961912319745
2.2281773112476335,41.39445228723992,-0.18100645069650223
2.190119477878151,41.25151440654681,-0.33346091663174054
2.4918375555663053,38.775247113290185,0.006877775923683973
2.046072509233505,37.618679365388104,0.1559085759074186
2.6509850724764483,41.40154619041281,-0.0899871217904302
2.521130313826414,42.46555328023977,0.25521342744899606
2.3737178863762254,42.57549436071529,0.22011621228371137
2.3638382302091374,43.10001197721138,0.21589174916128326
2.445846259591382,34.671691222489294,-0.27554278239911595
2.884474700624343,37.262093038931376,0.2639878293657302
2.590279003206771,36.792072532186005,0.14590312659795074
2.403035433707473,36.01008051576586,-0.021254509357718287
2.550409779877595,34.4986694326387,-0.1655612687053846
2.30579381984285,39.02696040719136,-0.22356137833934456
2.2817571305416626,37.23004909467095,-0.0690288044225533
2.167771397353009,39.2702058125613,0.029877190856620342
2.201943940385248,36.741864437496545,-0.14951822556991928
2.3224630938215336,39.70465901570269,-0.008486482403055823
2.2811871618211663,43.11460402662147,-0.22732263875224393
2.4254172689222204,35.445063405414615,0.3760411218630569
1.9779591845570088,42.91460293493494,-0.1841106463121672
2.0763156002224985,42.52000882741289,-0.22380798405010946
2.2604501424146104,42.866268198297185,-0.15745604814730768
2.2659344628083695,41.52406896751168,-0.12401785631800856
2.551436392779892,37.893842497320314,0.31838206402017966
2.3677399317799708,45.05262625066803,-0.09133996744031764
2.6590348572678977,38.082339193745035,0.1302616046611014
2.5833440649347854,36.39795406239387,0.002483521058686468
2.5163329161949606,35.51552816609263,-0.24647767794558276
2.1965671597354857,36.279878237239316,-0.06631030686879755
2.5001398139053976,38.65851165906064,0.20500103837751546
2.6636776765215173,41.70558215329245,0.48696932649742736
2.07316385606502,40.34628451560251,-0.2766297059064703
2.183698322450763,40.07794316620501,-0.23256436632054908
2.592747458979391,35.12272772934591,0.13236120977187352
2.353385357279437,38.99871387932978,-0.25355714656634254
2.353081436044141,35.25856958001147,0.27642577032026594
2.2909593654942975,38.100476382302084,0.07378758945035781
2.4454789431248876,38.00397108665251,-0.021116978694427493
2.4682293279713297,38.76814914027755,0.28099598136443765
2.3798397509984337,40.97960988803894,-0.09216425020831469
2.390975174676854,40.25408701322933,0.0322869706278205
2.5205604628441245,37.02415115751967,0.20156021909387506
2.276749497679768,40.73782932365942,0.05503979683902862
2.6300908266990697,38.90157266522309,-0.1933525308457183
1.92225766658538,37.47223150029153,0.09246590144962201
2.7459581237512407,40.53673254302437,-0.2599313423598298
2.461849475701791,36.44231384277402,-0.07099272312676491
2.1135992022004277,41.400371835423904,-0.10269019922560023
2.030287547765168,41.81348901382146,-0.12029121537666738
2.359995676239601,40.25082666568236,-0.00922983175321884
2.4445229413612424,35.345272159814975,-0.06473244818860471
2.2969722033229454,38.468563020454184,-0.04705757091271572
2.3802338858052354,38.06251016014225,-0.008665874198784436
2.1257158661611277,39.406219974460114,0.014927262291923855
2.45731367163048,39.14822102400014,-0.24212752276835248
2.455195523726084,31.620519894694876,-0.08308234137482017
2.3740013719116537,36.03688345773722,-0.13972584519350026
2.174061722267637,38.98366489245315,0.01859136130675498
2.1371453092073485,41.3860287839459,0.008919341551840817
2.2642281161510383,38.85809437161635,0.01652454126530795
2.212216963062414,36.160586333377665,0.08201848201419339
2.1118139798607656,35.84983654007575,0.1531713800067228
2.2063343075769466,37.24868388654407,0.10834226151405854
2.5002681999715985,40.279110872976226,0.23342791053569184
2.6195711879143047,39.70716589194093,0.4000062101518925
2.359971000488389,38.82169935903951,0.23057002054274425
2.4608197408537875,36.973088535511096,-0.268736429703396
2.120196927220448,37.36298112249619,0.06300898689769278
2.4855709637957113,37.50464269109055,0.02878317982940071
2.3601618205377726,36.55008351351642,-0.2839996503763433
2.386381987612688,42.489429425726314,0.16759721137991698
2.2795187477912875,42.5875985090873,0.13926635349294908
2.554612439053883,38.417062121078814,-0.337068986021686
2.2329268016886807,41.91048674344518,0.024418297581446594
2.295073447333081,37.267944056859314,-0.20862308140012098
2.2006421228398745,36.691535416965614,-0.11873684023698486
2.1841963526859813,35.86611604559685,-0.1208130149535078
2.6968101629866026,41.00796925945552,-0.19561131401447795
2.553661379263968,38.826971428391055,-0.10166600749619253
2.6611941638133216,39.26657867639564,-0.15713714952519015
2.246920674547068,42.391116501398734,-0.16049248421985546
2.3600504237406166,40.2732014551183,-0.20254599109054214
2.216077145844211,37.205395647054296,0.1426552943295643
2.307271825917148,38.787993938379934,-0.10435971536224858
2.2929429815665703,41.877543000768696,-0.05453832142641282
2.4986787008140716,43.43668449243034,0.021784576626339175
2.2047076051362797,33.63409826188939,0.12678555515342357
2.3397980590364877,37.232926583271514,0.06903626034109452
2.289739672007551,38.155536619750094,-0.02037086087206528
2.5593752053381253,39.64064974549491,0.14644635211345328
2.5545696048168187,39.555793475937165,0.1237609728511615
2.4853703033788195,40.41653915315346,0.0655006481686583
2.8664952887721245,42.4796763981458,-0.238265103701043
3.162341509169301,39.33764242321141,0.064619610533932
2.969266586344291,38.9178416365241,0.016016567982806148
2.0792614914306107,37.723598947691045,-0.06679583265495213
2.3889855821961445,37.3568215617702,0.2902090445531198
2.612606273040657,43.686968493232634,0.05363027859746954
2.4281833347519393,40.38984555409375,0.12786863854466135
2.5831348163005465,44.657128941905874,-0.038072490335375145
2.3392770095444373,38.77659103513471,0.12959103596527496
2.2707094641594168,39.46534052176873,-0.033662773614725285
2.6275292816638616,41.534071524634676,-0.3721785364962631
2.744453047678583,41.7651346011297,-0.41043751843880066
1.9036664175005613,32.39715908505852,0.2136847103604273
2.1956268369713343,35.91002585782404,0.0718128723474298
2.635370757241848,40.30847571701659,-0.12178413860909801
2.6512564736012765,37.696379997252905,0.10727124854489614
2.5335856821572755,34.08639952840269,-0.25376451619187496
2.7582753074537356,34.87061720447585,-0.08566586131294412
2.579114780558172,33.583797245294704,-0.04163024296786658
2.5148391799447762,35.996085915723626,-0.15366795775729036
2.5097533937638405,37.059497010587606,-0.04145301787904239
2.7477026651823224,38.65002012002659,-0.2516281906631009
2.8227656062523225,36.1483123106853,0.24126720823379014
2.0451830024850777,40.96557945219382,-0.05965254320517983
2.3927075714502717,35.56136215085882,0.018403559382820175
2.433570089813221,41.35134176172533,-0.18755230362455588
2.110600027560745,37.242154384457706,0.3008937696419264
2.620830728572953,40.115229824515524,-0.14547567939359216
2.033261206775528,38.4525816757158,-0.048068789520204394
2.7034415886420655,41.43359491132202,-0.013192696873541496
2.548210080754612,41.89919396082769,0.050250558019094935
2.3375225175298486,35.41146738725032,0.04442066572453594
2.4483290231952095,38.58099636821023,-0.16081809508746325
2.401646839820805,43.395937155563566,-0.05520464673707296
2.5771573652139144,36.85075279413467,0.21735096209091184
2.2195003034848186,35.53303148392887,-0.14793277265823154
2.2853554896704193,40.53157070461657,0.22032664925722104
2.2223034781075586,39.83257965992407,0.18514634781862743
2.325852215105174,37.98951563000724,0.0048679037363528665
2.1804044009902857,39.40834873973662,-0.14077385599155573
2.387582988249697,39.22582441902517,0.0930043760220014
2.4641816885255556,41.326414478347736,0.017320860994939232
2.5350151088337576,39.682016711821376,0.04767126816413547
2.102813848081413,39.193864690411225,-0.1576144060594356
2.711792557005833,38.83308479290593,0.16576157621255666
2.7861461837208106,44.35753202627162,0.028007200729717623
2.173792756377098,35.07515258199034,0.002508022633335255
1.882130226832475,35.178735808632915,0.10413101807694293
2.205078098219911,37.61892400824541,0.04900669609973563
2.265590362322732,38.18368241523757,0.018713749279440823
2.0858993643147827,39.17364558624104,-0.023073809391913124
2.4351719067250466,37.691036874004446,-0.1264673542410295
2.535733082293561,41.32275384571585,0.09591350421875153
2.3373791265953714,44.61005814395057,0.08676880125079514
2.383100611350888,42.02597859673345,0.11322065410535857
2.446684730939973,38.06394429864743,0.2510661725642292
2.7234224430361027,37.4473729175699,-0.2896982073594979
2.8341972151922974,39.367507950903274,-0.39702308362229705
2.7606010101608343,38.04115581000822,-0.27674517653343356
2.2430013028124303,37.56363007317105,0.27190163610034784
2.2361967084819354,36.99900675555558,0.3497606345688696
2.0651287255971806,33.183082821084675,0.22320390880039426
2.1073915020548033,32.61314335398852,0.20896709193516497
2.244884041270269,31.839199911826743,0.11213744862792112
2.032554528644963,35.36368368717281,0.10396982680056067
2.009367201780626,34.939985137884406,0.13274050399987455
2.5954744256804427,40.82554772888559,0.15728533642870543
2.319493094235955,41.43925915597609,-0.09312418162442353
2.3252792786162133,39.23467214008798,0.02620450143749258
2.4760362768691317,35.17238320590572,-0.09441547590623019
2.425686741591778,33.17742684410813,0.30813264940702434
2.2731810086162287,35.45372008342914,0.32659086170042934
2.113670158160997,35.290977474981794,-0.1828192589334943
2.192070490121574,36.191911916139354,0.1613618737290435
2.66943541593359,43.24877911420719,-0.34123397203958883
2.7046945015761388,45.035069882337226,-0.0006370174005107914
2.2318484840638733,36.250835466380835,0.0997502042101329
2.622056774106742,36.122518285993706,0.13625378253666368
2.2436826254166995,39.858577504198614,0.2663672810260185
2.250670720554717,35.70211588709133,0.278071319977402
2.233085307139958,35.41647343369717,0.28090261281721335
2.527129136645537,36.17189029596098,0.0933333949171792
2.077940262338772,40.87161132073413,0.028898288424019064
2.544818535819731,35.72852881889586,-0.022379459804039457
2.352273218369687,35.26007185429687,-0.09807993571204736
2.6649411843312985,39.85332253564503,0.27424745226168984
2.651254415685874,42.659133790235906,-0.02832585945661199
2.5980984211242846,35.51043916795195,0.4950186259059404
2.4562662035895637,37.961418538586386,0.38726487604995136
2.3785923963306814,40.866607934860866,0.12053840831373487
2.575304957407206,40.81182677313589,0.10259798701357768
2.504210525349,36.029300114588374,0.06590735994440272
2.3726844287258775,36.18880301431814,0.49800423115894077
2.378874675478779,39.167474166883046,0.34099921282166323
2.4353460223642753,39.08708168336292,0.240647000283726
2.4600878390048977,41.869465126616,-0.1475031058662883
2.278697600389529,38.563342935917305,-0.017530318668525714
2.1459104684867754,36.72212052199752,0.007701858266245465
2.168984987426718,38.188931602104645,0.035786412468704294
2.120401748429031,39.258689974572285,0.05668819505983615
2.2733696807569506,41.8164576889897,-0.03582897520645816
2.473832474797854,38.825075861104835,0.10883740879815747
2.2532027959258834,37.74318861145645,-0.09553895144315162
2.3860504245596026,35.32657939613883,-0.005750626124412944
2.172057716992796,37.71310996090526,0.1960972635137628
2.3647654614938234,35.93854579162486,0.09861512830485221
2.2906162797277587,34.61139072665037,0.20284292567850612
2.421207998037277,39.59154878417869,-0.30410165847649157
2.222689643180738,40.76644591697456,-0.05246847041119927
2.3151957122213576,39.60393504356713,0.04978347525393943
2.364811308632696,38.31618619617666,-0.03207493604302274
2.399490107722597,39.71222056487508,-0.09756571562689272
2.1843968076778895,38.219058827749485,0.06567959923654483
2.0732683516567882,35.884203891879324,0.04118117842255343
2.144770758474483,36.41047269781497,0.3940628307331184
2.4315812243193866,38.333971181772725,0.007642316545900625
2.44008086755306,40.18398569332254,-0.029011267801429555
2.4764505681131617,41.241852543478274,-0.02301287923690183
2.3580953541117124,41.22102993138447,0.2016679632325686
2.5329936309774816,37.83163171931129,-0.070658408906675
2.4059833781261672,35.9211940661399,0.05002763736801684
2.4059922232544344,35.79569604707333,0.05201639683707157
2.324763881308203,34.3424485141917,-0.10491758941339795
2.2802933824694245,40.551384748731245,0.1511053690408366
2.6298016929661485,39.80098458457613,0.4535397289342873
2.2919858211993556,39.37245302336577,0.1759292595471169
2.4492989252260173,39.41673201728503,-0.016219560879057897
2.4675376761321464,41.09170448319011,-0.03501256078857229
2.1079561076539104,36.98906554187856,0.016815831192029933
2.5521175113810317,40.23713786196133,0.14431413295853165
2.4334777850957248,39.59745614060007,0.3027536406156807
2.8223171741299273,41.23104278839192,0.3179853014960039
2.7884678824369984,41.991348636085206,0.08411942681174758
2.7681963636245412,47.73000536604444,-0.033996621247721064
2.7051827439863736,47.05221011002303,-0.008493539261501782
2.7862074553889355,48.23386793734332,0.10383983189104247
3.0172021172257484,44.94183624477562,0.10980122887264425
2.473456437872432,42.0664671426223,0.30258427898788903
2.525553995781167,42.56538294900669,0.2114416546947798
2.446729614980892,41.82617288515333,0.15045280192591992
2.413278926436714,41.68297406168583,0.18981564531474326
2.302725331882294,36.53604165469646,-0.20086311855817093
2.6318760080710257,43.87606344594884,0.19219796269178113
2.543140401895871,39.747658223317735,-0.042423502488792016
2.5950319226194503,41.10160637825556,-0.01440163078973228
2.180394855746292,40.86174579015426,-0.2658745157370706
2.194172576433361,39.62263674411939,-0.15195485566895814
2.1556568298023917,38.65147201597172,-0.1744200923017652
2.263918436019171,36.3913298608514,0.20616779023180132
2.2815398174402453,38.13665144386435,0.3403225491772598
2.5378764400447453,32.85853061759164,0.365628639422748
2.068098004931791,44.839388456623375,-0.1491593263404413
2.3764872671459485,43.11457518866706,-0.21991789351577276
2.182986021195461,35.32499558154988,-0.13487261462128194
2.0500939997347327,34.03279734573694,-0.06089077481946081
2.154447355886095,37.71752560149671,-0.0819763994078259
1.9501136303487974,39.22373539587636,-0.06527745999866734
2.3895692227067276,40.152089600874596,-0.3057782951078178
2.2148903868787855,38.63509645846424,-0.2955960405784634
2.342769590567355,39.949816790205176,-0.16063643120674878
2.315855665583994,40.568300409227085,-0.1139873824526959
2.539526354485148,44.259600074593784,-0.17425302252612632
2.424182161681621,44.561280220114696,-0.10515342430602283
2.8125997719725335,41.396454626304006,0.13332657834849687
2.742216139920639,39.60259997876434,0.18476994103210007
2.6546988832809837,42.107088098689935,0.19657722579390507
2.6538697100734034,43.040300913389416,-0.08357433863234179
2.413446061535123,38.67780176627633,0.004982165913015781
2.2552482189042045,41.43618886919996,-0.11899963603637853
2.2268418938083556,39.247343974875484,-0.13863095267225345
2.53592122456681,38.770199363061536,-0.005498752325105842
2.2728797630223876,40.130317316206266,0.11079152481694758
2.5990127176327467,39.612590380885436,-0.04085620763803285
2.706737037388879,38.83958211274656,-0.06586073164195702
2.7348418485223753,37.22340880316667,-0.2522153673573528
2.868423187528442,36.256009717161156,-0.30887749097525513
2.487350380058509,41.881185207043096,-0.27292390559387186
2.380785448656847,36.83805548221637,0.058615555247457825
2.3393549848799324,37.605988274594964,0.029542867707648735
2.7383580477284704,42.99147755804185,0.09932344885255194
2.2749706478846843,41.72149611698176,0.0625874958170165
2.3345099781997054,40.730382318575366,-0.22758765366747113
2.3647845792863857,40.30654481119675,-0.1903151670328292
2.49606061758487,36.089739581469104,0.012880840226962445
2.6701744605860784,37.781734846422275,0.4808277671119915
2.662620153079412,37.90161228606606,0.43080115803321145
2.219950063171598,38.46107102300139,-0.01869826027648302
2.1361405887032507,39.217165647851985,-0.12228137397462811
2.4272502502413444,37.97123290500749,0.15814234532475027
2.186160804617768,35.417509490278604,0.0318382028648611
2.360242190823019,38.693675228479705,0.27593456874413125
2.147115523675936,41.99823336275641,-0.12704450373230589
2.206324947621945,34.03859291012156,-0.08308512352010312
2.661185923456026,37.71203939310446,-0.1300287277267396
2.4376713077067738,43.01272093437703,0.07645214576634163
2.2544733566083406,42.661521181108554,0.17388799631893265
2.3856364198314357,40.261074916069056,0.16612142286668552
2.484400489102971,41.12428583686478,0.15553442174125393
2.5598458290847357,38.975491541603354,0.2200953730910403
2.382222194885291,42.36094011463323,-0.3202465589782931
2.3186535941263022,36.13144306670591,-0.250405465134836
2.3558599712879538,40.40179955239123,0.019555184996314166
2.476321857263746,40.733565830419636,0.14588446325156945
2.262147942363026,38.021608023145404,0.017904250457537574
2.339237985193914,39.27806804317765,-0.07596691465812484
2.3141911538711657,37.458398066574865,0.0651800673334771
2.4030700839133927,37.25207599111284,0.08756985748445122
2.295039502082842,37.11219433105083,0.1636658840234985
2.2477771083049523,36.40020179261644,0.20718245621552084
2.3005590537715706,39.40236114744182,-0.12675238990236043
2.438383788208825,38.92447891825257,-0.25919545903037
2.551357000345507,38.700433917211626,-0.2628546210553306
2.2864313938848437,36.04496342385251,-0.1854718677117252
1.959151531406897,36.16244829297512,0.18602364460389206
2.0110206842983755,35.99274698652122,0.12520644460900898
2.1650582468542017,35.08073283495106,0.0675114797862366
2.4475345828194133,37.559497964826996,0.10427891228054802
2.1876357675496823,40.25684289243048,0.06615761219729711
2.191257277167421,39.52218351865958,0.07020004224533218
2.2352635922636668,38.064020552030364,-0.07346519817866758
2.299996943231513,37.12010516968955,-0.08070910464156685
2.185931726043237,38.16681023896832,0.06161211472167309
2.296613879684242,41.76784142660372,-0.13682950294500434
2.9690793337534096,43.0713479055201,0.3438720844248671
3.038561368765655,41.31577248000499,0.29495259491262804
2.7934862242989857,40.986097538374494,0.29137454577467226
2.4823066354674834,40.29536939725013,-0.1595319461605997
2.000960998016315,37.50670450240289,0.016611523814120375
2.5776244626347102,39.29183223872537,0.0918489852164846
2.3927221863285095,40.125408253496076,0.07174605168937141
2.4390565010934333,39.704273647526236,0.10498273218992996
2.4692455311946926,38.8934682427342,0.08817652779349634
2.1735484877963303,33.989679266516056,0.04922812612180431
2.650121459408745,35.70448121598271,-0.03962028880737547
2.594150580006254,35.086810654247394,-0.14164101755190164
2.6423098798339932,35.73401872613141,0.09696057353270071
2.6322784831489168,36.169495166518615,0.09596596541688727
2.376731638718272,34.91364409423997,0.22870112727567649
2.540057691588146,33.45631240127504,0.15123750135829678
2.5532198510103714,46.96575528124199,-0.013117825587541956
2.8360981406400443,47.0606039490256,0.02748050289350755
2.808186707227045,45.6775610905037,-0.014829616443019606
2.7139489062315305,45.0155773011892,-0.05248565611752021
2.6860218132511564,45.12930186419171,-0.2737144493211537
2.6154264273349015,42.195897326779786,-0.064499860290549
2.6641197869268343,39.13814865865313,-0.22267322145840307
2.106791407154711,38.646577865772535,0.12083976693753795
2.4699167068327137,38.617739894187615,-0.051588828080512995
2.338225606595906,38.40569345299421,0.02333240936447872
2.3329837264222686,41.12707611185227,0.04913673081564009
2.558501055748865,36.790365704614956,-0.03370628664659092
2.0888680792168968,40.44520151593697,0.052632609094503936
2.4302839625994905,39.949915125965376,-0.08635265555224562
2.1888285501080538,35.43688522168665,0.1281055070422763
2.185217950058683,39.77063327292097,-0.041261520092524186
2.7316802126897697,41.74436438560031,0.2734753946481967
2.796565384128121,42.24794472681659,0.4418682828421076
2.4183025203738855,42.11293370760734,0.049266752402425056
2.3403063073982446,41.48676872654112,0.025835174946779713
2.561400758032963,40.29453973724919,0.013800549470832554
2.3090474776873666,38.444762415794564,0.17021540552605133
2.4481603591630927,37.093984326745186,0.16644509571915364
2.368091412286912,40.44388154793706,-0.0016421574679310387
2.226354644404826,41.01264734247239,0.12090468178900084
2.050106212661783,36.65635002979494,-0.11022669368264107
2.559947969742125,35.287395747720254,0.3038135013453925
2.7324348409721666,40.047326545950625,0.05809075095531457
2.3540194112206376,43.27556910891096,-0.05504946719296056
2.227289277045465,34.15502333487137,-0.03641361884656959
1.771371729627546,39.22307107595315,-0.12245141050831705
2.0551977506842363,40.330104788177934,-0.16655042309557563
2.575940161624817,35.577385986486135,0.07346795949120148
2.1880372611695296,38.59433625190456,-0.011660285610488787
2.3498160932353103,41.77449578870116,0.09840009876803482
2.1991566723524003,36.08155370002257,-0.025993281796956792
2.174187839392381,37.13530002459203,0.31625734437679526
2.506530992257343,39.81329006818562,-0.1612919979481939
2.1840262912399453,34.22531180534404,-0.07220866227920036
2.30351109398567,32.12653552967462,-0.0024863760031632585
2.62387139838761,41.09186258437248,0.24622712270444003
2.7112758679055573,41.22623555294931,0.22469612583057202
2.7851565499764876,41.34277649214741,0.44206667167954683
1.9493259173732143,36.407199651207215,0.046364438696725845
2.3398201818561266,38.31272055370678,-0.055285923353324
2.4377013482506453,37.33717688950319,0.16865000799960803
2.5171422381749267,35.692582459276764,-0.3873696152544593
2.498256440734178,36.43093755859377,-0.44337242884630423
2.457680512902438,35.084062880818,-0.431135319166096
2.5192572233643595,35.508167715379045,-0.20610901825122377
2.4331933707317073,38.31948954980609,-0.3983146409829202
2.4331933707317073,38.31948954980609,-0.3983146409829202
2.499720823296467,32.529080506889194,-0.05446219739131533
2.4317132105290167,33.67487976803009,0.20749802340776424
2.146140629972962,43.97393171677633,-0.40948644222763264
2.570715271342587,38.5554451561428,-0.23000130492489487
2.1433338440879295,31.650212255098033,0.11295060700356499
2.46620639663813,36.470606198755256,-0.1628794626557633
2.265088294122569,37.88887430234138,-0.3071110790570637
2.9215738499212613,33.222181287788516,0.03832609474619526
3.0206012648930187,32.71929498191943,0.09358861412160181
3.0195819915421316,33.453736308889795,0.12970708783738616
2.2247070533554854,42.471752087564965,-0.18229982535485975
2.1947727611800887,42.51404197887114,-0.257366832214797
2.20512990992526,41.46108033476126,-0.0799330512191546
2.2393165392757797,38.849001588990866,0.031090145440285932
2.2532443039101375,42.09600851616635,0.019269340471087682
2.3421606870768694,36.53830028351185,-0.15199857107018752
2.4569403884361947,40.47531738425163,0.13157966845260807
2.264455721717241,41.07121169972821,0.1626479035251238
2.3671401055109054,40.70706960969355,0.11723235068473306
2.4359056260156082,43.05914862672345,-0.10317147402652417
2.264292729729305,37.03286190699964,0.03977763476878335
2.26614602200148,38.44995579540794,0.08880096973815682
2.423458778335311,39.88618905195513,0.04959950658850641
2.543446896129543,41.33918268910999,0.030942228563753733
2.109089667869524,35.306975779618064,0.11648427567953257
2.336685287077801,40.044103378356645,0.0801976180850896
2.450056745757226,39.510482964228714,0.05237557027503989
2.6372253028298367,35.08942890542852,-0.07306515513404405
2.5497877288550814,33.1996029708691,0.0628459413152484
2.4802913076326565,37.11537366138735,-0.23264587044879334
2.5431299797349136,36.61767803607641,-0.1891697957916993
2.2781354565187257,34.7041286196693,-0.20328714560261432
2.7929449472111956,39.986053367799784,0.2266027855845548
1.9686327557861107,37.772044701700324,-0.029327419027261267
2.6540634039090314,40.18117508643904,0.007844572829473172
2.689147891010234,38.49490897197396,-0.023591590461368193
2.3771440215209125,38.64017995686431,0.0324433550447431
2.494060265932214,32.7468403761163,-0.05870143281341465
2.4276930073373224,34.97680978495012,-0.04217358763290223
2.309812443105777,35.13106104645849,-0.03814197934720686
2.282476245115077,35.60315633676821,-0.04575444165280432
2.3642564876022685,42.7844755494636,-0.027898668029300674
2.354682206258426,40.98788619569164,-0.004079779339984187
2.424664006237893,44.67809118144001,0.12922272000286608
2.458625746527329,41.92474845497678,0.09643464872814933
2.552041990045754,36.160044928691164,0.43674086511433413
2.543285949799624,36.564236964194954,0.40436152427789396
2.5571667585175235,36.35269112398527,0.17058458969343374
2.6166726941523337,42.36063232318902,-0.24466495716092831
2.3265576655129463,42.03024300374543,-0.04513908858111534
2.3347610068034514,38.88158409983209,-0.06542931853646829
2.1339043001303426,38.84164930857768,0.15044800375872733
2.4355341821517276,36.42586916731683,0.322553537980227
2.2821053030035228,36.28089411317726,0.3204487414530627
2.849532336398497,42.83206537560872,0.08157833696366651
2.476348134260461,39.93488991333659,0.03868366339361672
2.278509437694631,37.438551688865566,-0.09285817517841011
2.0606842655678523,37.44894273284798,0.10655050961135086
2.046350285146527,37.65177808696867,0.09723103846431679
2.1720827392869713,33.754395009536346,0.22939682278678483
2.3923882508618477,43.11561322149045,-0.23209010716471587
2.3799898226965244,42.92171236955584,-0.22719728181763732
2.464722913267934,40.323848619879094,-0.16784426353340978
2.1411762328407744,41.158268525157354,-0.15780475877946887
2.044573098357054,38.38882702839511,-0.09282062745980706
2.006884159760888,38.20865573067056,-0.05979921745749707
2.4601419318204343,41.83629916392034,0.04035418357054505
2.5346408762191377,43.14380517981448,-0.03943760790583699
2.057254707468953,35.77831188919071,0.07814026615087279
2.499879706085245,37.35609792601165,-0.04046710034594235
2.6118579583015693,38.1549833398452,-0.11344719877221456
2.5380603808629516,42.72542337671164,0.2825022230819699
2.626562473668936,42.573430171450575,0.415369560146227
2.498178054694068,40.91961656665046,0.23113951583595996
2.492401180002581,40.845243258533806,0.21189285259955656
2.834051361664237,37.51424420957664,0.1885602313692574
2.4871327320247136,35.28569313691262,0.1327500328623648
2.4074988266406017,45.47972310491631,-0.23568059344825842
2.186056516115339,33.17207907216007,0.1027032784645429
2.209610673643546,34.7733296446632,0.07192153980376344
2.539758497788506,38.33009098774299,-0.18561306135915623
2.0165036718008094,38.236704790585634,0.0719757613990634
2.2911515912657205,37.91580271254176,-0.14375228466995837
2.088466799105124,33.76406490163508,0.017814226140848537
2.744737587459281,44.05044792868463,-0.16055036497381786
1.9737758985330136,35.33401203001386,0.027392803131668583
1.9899712908859823,35.35460231139654,0.028862644719048803
2.526323228496839,40.6311433053919,0.11325070561376581
2.5977956954390566,40.88072466738109,0.1797134571254177
2.49307025645098,34.068213942873975,-0.0024427684312785195
2.4943858167444306,35.788857064808425,-0.036104078554369666
2.3672509363107537,33.223804886018975,0.011142501297330418
2.495907517302243,42.68596388126774,0.009679271910653616
2.3792534275672614,43.326840779469656,-0.03420813858084096
2.466485265108308,37.14490677999326,-0.0541884103177018
2.5203259347599762,36.45834179643487,-0.06586193706004888
2.490187411475175,37.68789753870038,-0.3045996639182123
2.61688680874934,34.71135624475401,0.13316732759510724
2.6143141211942402,35.76259831106258,0.05994021221949828
2.521155841126002,43.61801931408057,0.21286914662903414
2.531120945551667,39.731133860718316,0.10376689648546608
2.791041703086978,36.31158598268761,-0.09032278692534243
2.4504911526846453,35.46217752015333,0.11948900306903222
2.2254424146796343,37.721315124911534,0.04400479539686771
2.6870821307104564,42.44309517316799,0.13330273558559086
2.9786439670828506,44.53851241914195,0.17122657619693532
2.8937432593708996,44.037506669993775,0.1466385055438453
2.9936350821690336,43.90136507156761,0.2579949628637507
2.8024282759844983,42.99306669998529,0.41751029109170523
2.5531680748949945,44.418539868424666,0.15375693737986046
2.890812433453343,44.2016733653815,0.07706532012903664
2.8661670122197944,44.24968955140888,0.07223901755616383
2.8027931557546384,45.94028649801041,0.11752456356288238
2.7136486916177796,44.6635749485468,0.028954254526873332
2.188489876624199,38.50932483213855,-0.15354240872024724
2.4279069505813573,40.3420785587675,0.30597629501289475
2.7946297261969417,34.33687561472863,0.4700378848599244
2.6676991511937316,41.21977109391254,0.5419290481769828
2.5285274328768073,41.162592845931485,0.2943600011055502
2.5920918471600176,37.94217680088514,0.1991060080373253
2.621719252088786,44.13749297564032,0.25350947996475637
2.453400565185412,37.12706623819457,0.206471391105514
3.116442910241922,39.788521947013365,0.3838234099992572
2.9324486178329514,38.36133968620239,0.27395283084564603
2.1368106656417836,40.542930203178166,-0.24448511819500152
2.2113479697233096,43.5320561741822,-0.13138903869097607
2.2135215921001197,37.3837691059685,0.006021633918808898
2.1304107598568782,41.55945151114392,0.0597852106566997
2.1078638063704407,41.90468425949654,0.09717764284419694
2.0970158208906238,42.32868850366379,0.07320103454545333
2.3682600426940383,39.3746969331069,-0.13577978661523862
2.4578789179625837,37.76133160134914,0.20118122318906498
2.901385932654872,39.551709020050325,0.25864944076101704
2.123353826659594,40.38959726419468,-0.3156785452490373
2.4188579899404696,36.86362768162429,-0.242970774242095
2.75633136312307,36.831203451364075,0.2279874233487687
2.3501155389359067,39.323856174041254,0.14013819052134222
2.4955196286477945,39.21170170239706,0.16945146412951967
2.4588543917875305,40.82000526682813,0.08087455813178288
2.3309194534368727,39.479320884470475,-0.285540801149326
2.365336634369012,41.70109226238195,-0.10265573507925331
2.3273510926761487,39.26870760054829,-0.19056309892199494
2.2056528653128544,38.86527727988272,-0.09839432390668724
2.2611305949314806,38.451278433237704,-0.24661352169076847
2.4924774363831355,37.1055627319825,0.19126710548940454
2.527823802186776,40.651640915084876,0.1848358683125522
1.9967082504251088,34.83944937278757,0.0063024554879325696
2.0991926064797815,40.39370241287573,0.004078036764216706
2.314750287752404,36.854339543218835,-0.2471612196927054
2.399114787882916,34.76885374221587,0.10860313829564681
2.772279556044311,37.740973513814154,0.257532479727211
2.708641391052474,40.2902439950891,-0.1441727803150364
2.036268007618256,36.76896251482186,0.3617658319570662
2.412210528416691,42.8366053223534,-0.23407189401691675
2.159091193475811,35.42461258414684,0.28747003067816557
2.2901666474034665,37.549845194060545,0.21418804797225183
2.5239273327629674,43.10962660007336,-0.10804945338330145
2.2112716519346485,37.47933697151405,-0.058141166764262196
2.215118085119498,38.30701517888702,-0.09174260100717245
2.2789316819595804,36.511090672013005,-0.22238043647391123
2.539972443474528,38.19098918593771,-0.07535127708927261
2.8276910255061014,41.21101540007651,0.2672851504358915
2.7946874117859744,45.65551253975086,0.19174412010168418
2.778098921187151,47.9374430805339,0.2830764066909505
2.9125598616750668,42.64619103714184,-0.09301829985816146
2.449100398869268,42.21976553389837,-0.1779539575443514
2.2202692107464115,36.53879450758455,0.2162065037172711
2.357395028992456,40.13956346119394,-0.1502158278583272
2.2500476374893426,35.73752043106892,-0.27173360412169917
2.5139408636295246,37.93945160841145,0.17999033428775293
2.785968017144054,38.433862895143655,0.5646926853514584
2.6390625430050028,43.27845555329761,0.35275537877343355
2.596047467703891,44.25344189811642,0.33889728328189106
3.046806115599391,38.952842205481396,-0.18905892441386501
2.2805262516759455,39.76341223950446,0.0865728238516445
2.4057681188681332,38.68552730100829,0.04496600153080871
2.5171565496179937,35.487578119213794,0.1271343133573791
1.9714994552536835,38.14121759595702,0.024681537696376377
2.175802583360606,39.11085034489256,-0.02893346510377235
2.2630565974521653,39.508054012164294,0.08673796534733205
2.6737254919511133,44.48477843860765,-0.127121794075326
2.5144921053174483,43.48049130575106,-0.08549486996740079
2.472857526772135,44.127321159670224,-0.24835524749950605
2.7990664554161273,44.44797369484659,0.1591385301910024
1.9980705896441584,35.7659919782575,-0.14779765093923675
2.64887471785958,43.388820366453004,0.22700959667645038
2.652445555677472,43.47637464307548,0.22959154511892063
2.49671776413087,44.45202257472889,0.13890436187067243
2.404073801853453,37.027217523000886,-0.05607468294395817
2.548200919258008,32.48390020778477,-0.07440476128669656
2.365282571692311,39.719137104547364,0.1341147906289735
2.414542082871868,39.44750844704356,0.17747162535442484
2.3240032574794642,38.87340146467376,0.13936338766723044
2.358235140786907,38.212932041468825,-0.24901851691611668
2.3522650137056997,39.61203939119853,-0.1486514548767801
2.4849580326022953,37.34194836124469,-0.054924979108500076
2.357013391291042,40.90399663500326,-0.1580545386333557
2.3999806719961305,35.61636048746954,0.2881493738557108
2.255752445697501,42.31633515474671,-0.10167724338708992
2.0438137259023548,40.382080704441435,-0.08208426760779866
2.2336834192049646,42.24376155922529,-0.14388132002262452
2.4050749479360123,38.7046853014273,0.10112613507991562
2.308753831307813,39.4244931436877,-0.042981417820440175
1.9416449381896517,34.91986765426565,0.1640732287636446
2.54492795773723,44.720904603337466,-0.1379843030813527
2.4622222882944227,41.62138641661574,0.44157963623668306
2.961652438950471,39.3138643042918,0.42743641455263814
2.907141024557993,38.35196440686264,0.36925627764330626
2.49246008062913,40.197626373459045,0.6194060546118328
2.489292953941391,37.2963050182484,0.540394032481532
2.2618034328654644,40.661446238852264,-0.45871179049253386
2.295738304854728,38.12078483402936,-0.07985806905577568
2.269556597433604,40.92958587190574,-0.10978659110336941
2.774443683829196,37.158840865769925,0.04217729923561579
2.554373312676129,39.95493638711228,0.2283360158735889
2.731903329998147,41.41636944851403,0.36254574132047984
2.7009631579366307,40.90924592810188,0.2782123446955092
2.7459263814312562,46.29501150592314,0.20015901011493767
2.0165600987839434,37.0637328893832,-0.06699781910534887
2.660031040693433,37.462429144432306,0.06397848495683882
2.3896771835052983,45.56862104303413,-0.06544134182363864
2.4062398891239716,35.0528472446666,-0.19481718021496713
2.3065488993981997,39.53315638204818,0.14273166395441342
2.298272223528878,40.09990941385885,0.09812802833170176
2.335229382247474,39.18556293520517,-0.17691320514711373
2.431424436468513,36.84191563319212,0.22772554754608929
2.708654594403432,40.13616591239534,-0.026946101823337166
2.57167824123924,37.88158563011053,0.022895010888762588
2.5861878441954063,40.708863202538524,-0.058950450564961156
2.141484505301038,36.48587422243113,-0.133921396749086
2.645138057854515,41.715541380224,0.1442705992985964
2.4664676118303426,38.988973225882575,0.18532400303980318
2.496288321141658,32.930112657780896,-0.2568386849408617
2.4080782825620686,31.3508411506065,-0.03212836945944031
2.2401148370445494,43.29483403376891,0.11920126084561454
2.590653582945905,42.685073270532506,-0.0668812613798547
2.3131787428342223,44.771047176828915,-0.10272283188378194
2.539530943634161,36.47870839879303,0.13640739585949604
2.2873356824624427,39.54280733481093,0.1987602149212044
2.139901151894033,35.33134257562334,0.20552177742296793
2.27728225445696,36.32724049709932,0.09186038412799923
2.43177867229905,43.41042838631917,0.08035968501337286
2.203136953506307,35.393659895808774,-0.09062333465379774
2.291411011116679,37.45427067834549,0.24690600101279836
2.228863791063992,37.53969589855963,0.21537853604948273
2.213513892559676,37.089164591065654,-0.12485226546172074
2.4023386132610933,40.27792982391541,0.11606818809776508
2.2430557628598695,40.1417849097635,-0.08033879146621496
2.596135151820522,40.142708831315545,0.23480693972187922
2.226687230336258,38.72170047110002,-0.21560938886806888
2.423032116720541,43.019661323664636,-0.3161353066267335
2.467999143342527,37.509247185029984,0.4418000049859651
2.350237856863037,38.045316577611224,0.3229179702135717
2.8488950410254894,40.904882965566465,-0.12104972241456152
2.2082999970126256,40.600487406427305,-0.1262964369769159
2.082863526000993,38.91561283303662,-0.19390753709417413
2.493591035177242,38.15701169280882,0.244948838800357
2.161340337084882,36.71437858939134,-0.0759410019101307
2.030496988510396,37.850416362981576,-0.09096055783546389
1.929392212759557,37.52210538751346,-0.15294990962952829
2.9366229296141593,36.132066694705834,0.15049274374052474
2.3349176455034706,38.40074474541005,-0.3433453995090783
2.2124603815855894,40.45888564593913,-0.2694420736199876
2.535802764862824,39.28160926802158,-0.2639291656309381
2.0598544140837562,39.409521975198544,0.007116963887321852
2.566850735197662,38.196497531626534,-0.13445302834656686
2.221818297920593,40.07233511904378,-0.05103077853279223
2.3502537254850218,40.741900564487366,-0.1088733650466418
2.293123519002234,33.97157118605347,0.1655088171488424
2.2550061492354927,35.18983010070976,-0.10439295229764628
2.672306117239793,36.312419920119446,-0.05896832096256021
2.0078892353058455,40.880471231630544,-0.24448268508653934
2.1386923903268613,39.43714393702084,-0.22033333908500377
2.1645334631320163,40.050112650505085,-0.2656407544107483
2.534747112299158,36.00158249099473,-0.06191362745857106
2.446469393954264,36.512082734283965,0.01991606125477279
2.436366162362699,36.586527309632196,0.14574701144653693
2.3893973747467974,39.23979300906541,-0.04455156410615296
2.5747726835846296,43.2438167231,0.1293360669596195
2.5622153741579767,43.514599160675864,0.10709006150726595
2.524440556443473,42.3278364050012,0.17966603319053817
2.5533469604340544,41.68642773932558,-0.1758350987906077
2.5654096843926464,37.02003951855485,0.3278414412978989
2.1716485805341867,37.69666105637386,0.07426933980697584
2.742914846215495,43.81785382485102,-0.02621823616324035
2.5935980643739107,46.06497953547813,-0.3310713683200099
2.3980779457399555,44.42632862675639,-0.2448072318943457
2.571625111576842,40.64608406077676,-0.0035929563396727288
2.0369350552366363,38.63508510923091,-0.057516984002399324
2.0604034346349485,38.628647676331624,0.0022694019763116065
2.3808581813734566,36.1829459963924,0.14783550857309372
2.2624122726486795,41.55947610161248,-0.08244009017862225
2.1226862925030203,36.124097838437024,-0.10483606750158765
2.0828238571003816,36.10988007572866,-0.08568862226768194
2.1450276630653256,37.339548043886126,0.23042648461435494
2.524816309028056,36.75848583006601,-0.14585538697399278
2.8641942220988015,40.620044018981716,-0.19593100166425284
1.8596352165861563,36.603280684158946,0.10094897565725883
1.7986629955208815,36.17034550035818,0.16202548393427274
2.7807083925854035,40.36615978909832,-0.3323982654157279
2.7481773504099585,38.80125851300033,-0.003420891451083232
2.693985729977748,41.548075358291605,0.26812803706147104
2.608110470355751,40.68039402998543,0.20414208754597277
2.408961778724621,37.48994850590071,0.0715668867259393
2.6525467288988733,41.0215097961699,0.09150582163737753
2.268733589934083,38.22627978810665,0.22387657153027707
2.701730304021491,38.118160875121625,0.26185225679827884
2.860788955978817,36.61239480311227,0.21641420800499125
2.3723720303212814,42.794427208150765,0.08457353224985593
2.697382260635474,41.60542428804433,0.20778072136448064
2.5587471188320037,42.16144168627946,0.09042725253947664
2.543615730226933,41.37720351322385,-0.06689735205689548
2.4481829678815537,37.07783995618724,0.07908055585688868
2.4368055099486337,36.40878551225513,-0.2336449175426174
2.4522354965742372,36.33231002399791,-0.33255353637791196
2.434696658691735,31.081156725141703,-0.07377413657415464
2.249435524554339,42.037921289610246,-0.022868696855343477
2.4945547802866486,37.212164476171445,-0.07812224716134684
2.254975309084737,36.79296382532896,-0.05981787232494201
2.55185647060443,43.18237874284862,0.12433841389407432
2.5897477955170065,43.8006154147889,0.019846394463223616
2.7899772029370102,45.306263712530594,-0.057800382687782995
2.083345564250509,37.79061948297132,-0.06369104133973286
2.4713914281331797,40.09466800673417,-0.1260265442654371
2.315331818015638,37.16948652697783,-0.06140953936993121
2.4840423071392728,39.36438155687945,-0.17650288704492587
2.5524335265133433,40.88205820288951,-0.21906794323545103
2.1100016577760856,36.280648835705136,0.1791547201243378
2.2076727835016086,36.92855278570864,0.04517396833818468
2.4038241264092615,39.19829562713181,0.06177973588760366
2.3679665467627253,39.77101134836058,-0.11136432050454088
2.3170488522895774,38.30892501107214,0.16241562807953683
2.3720751778956775,39.825390096148375,-0.1015605646027136
2.1462599113031935,38.11244593211709,-0.10054208819306797
2.398340930503202,39.519769316298664,0.18005010854994907
2.5484972885330577,41.45845011104064,0.1620711899949265
2.5299134186033396,38.59472427960413,0.28281993556840723
2.3019788064935724,35.99677707297015,0.14258935071238005
2.56393628589312,39.301709440028624,-0.0695450940475961
2.5056825311839668,40.853150040925144,-0.14657092314896839
2.163688363689541,37.363255527606306,0.08771714768149616
2.355525026365627,38.19033123515874,0.05078104856393348
2.3425420596418176,39.01001630218079,-0.130335532324005
2.3795208821690084,34.88791779512444,0.1907483114951177
2.0742102829369933,38.89626549906712,0.0773161775417947
2.6939847776406705,38.36210331259915,0.0619183702338324
2.643329600903025,41.273938862345524,-0.24360860687212021
2.6359496041300803,41.717249027500124,-0.09479575372152149
2.382879161378613,41.99745211608678,-0.1622067495719117
2.327345120081546,41.08222690112874,-0.30194373582665085
2.332879428901477,36.87104414216949,0.3481681620547559
2.392900390214367,38.1763106364912,0.34845892788680694
2.3591366271612553,36.19685201845378,-0.05381939384546565
2.604150066209705,34.41001557228195,0.16759259074876737
2.0965852307523827,37.05773579873942,0.19555398806927218
2.0647977870086645,37.85802778399864,0.12094710433002608
2.8009852210855257,36.36360106215298,0.06497370256196679
2.5417388683554507,37.50702257021858,0.2674040796052541
2.3121219229741046,42.14655608974614,-0.11706651451925959
2.4797788549582345,41.86743794666743,-0.07749151673276569
2.28231828825176,38.47598084701138,0.08341391747111049
2.2545737903798804,37.97722985121396,0.028197361940982085
2.3596478886620957,39.409189987641746,0.006184300142361229
2.4939303599154687,42.770341115294386,-0.04607457775925961
2.4926369342684267,33.96417571782489,-0.01536795648425722
2.927610234883151,34.101869294232664,-0.023369943963297737
2.5138821683196624,37.317184465071364,-0.24338863285984527
2.4643291871110895,36.04378801334077,-0.3248152742718362
2.453941204232206,35.85151827754734,-0.3576797156814264
2.4206166418751605,35.51708096184948,0.06245315928037249
2.4560294181669615,34.11106121705637,-0.23131371050665778
2.3783076103278056,37.20770355144054,-0.23740510036525592
2.4750305274830002,34.717890977230084,-0.13047640891045437
2.6532251003610656,36.33651655015305,0.036129199143816126
2.0070865105171585,38.60687962386079,0.21933982678182654
2.7830013933942084,37.99564424471189,-0.3363156388658526
2.7861048935548727,37.08540719292201,-0.3191557994829431
2.8399647214132497,38.54655780694268,-0.09316977108571971
2.4594269906210218,40.325926394867864,-0.03735046370457337
2.6322137614764642,43.47611474520772,0.17300722669946172
2.6228256553623073,41.09437809636865,-0.007668278680873592
2.391243505037847,37.22678637297729,-0.10690546272755418
2.6782952849092605,36.629396612590575,0.24184304654158134
2.734352573166846,36.095933712272256,0.3944294992537679
2.7950315088092603,47.66871644849638,0.38813624658080287
2.840263704837046,46.891817144178894,0.3644019696910157
2.598237069204813,40.41509397812101,-0.10762329708724887
2.6266014690471886,39.835737118183374,-0.1328172683879685
2.312022511637616,42.412153263476476,-0.048048846161689536
2.5644531438870573,44.667898678878686,0.0881668551537906
2.3400758180983017,37.020245812679704,-0.04172130909181699
2.3383964957067405,39.400368858336186,0.1802684880418985
2.3162919051182316,37.44955915655714,0.23844410182287093
2.5393428287060993,38.9418740667212,0.3815836658171159
2.520082622381642,38.55871820900255,0.3482518356452902
2.403856460537057,39.11510652121762,-0.2801089026249516
2.1796505998510156,38.361398579492494,0.05088499693341381
1.9787814347246484,39.072399671538754,0.0036812128963306053
2.1161039736667253,38.57990201034069,-0.24931401373180867
2.1392430287667192,40.03133987115337,-0.33345688382687655
2.475155973210483,33.33675948321643,0.32452615094589576
2.553067939980133,33.61916598639733,0.29081829825958705
2.5468537894961036,43.93720331825335,0.007259886260580312
2.598851307559342,40.730231035846614,0.12727432242916087
2.107353720165227,34.878953113278385,0.04441822586436738
2.4625005575496255,37.21325651379399,-0.025577123519742152
2.447832671461118,33.8920085456301,0.043837234627586784
2.535949910944107,41.81763237361482,0.33812027370340086
2.842221903680021,45.60964521238659,0.3023090885470903
2.8989761070707543,44.859366268036716,0.33960124480726844
2.3216315704907515,34.9781505028721,-0.34009799294908716
2.64769870197868,42.77159567876522,0.30083884566031854
2.4404462967012837,36.18552239325869,-0.14487748547079768
2.070977986288397,37.437864815758154,0.09968779075401757
2.268125443191203,37.72619830186252,-0.21104084228227096
2.3558232344022216,39.90767431028424,-0.07371312227478127
2.3171692443467315,38.77039600958754,-0.1576720110388347
2.6507446535583927,44.50792982912337,0.11804204674187395
2.6521209758791384,42.90691697774382,0.11893059894514492
2.3666112306214577,34.826136725261584,0.028435694496320607
2.3542738085694017,35.530423375050404,-0.03466031017378412
2.2972649164069594,36.20847550917064,0.09120067451183438
2.214191238804403,39.67443829125393,-0.100677008897344
2.190945978524206,36.59366522637726,0.11905805046550728
2.3077760056241634,36.94859953433595,-0.016901660616054533
2.500626412059666,38.32074543401906,-0.009036435027735708
2.4154248948779955,37.780969799848776,0.05667906610388729
2.8288526597135957,48.5415637445157,-0.11029223807100294
2.807213110439462,46.13472499928765,0.2499867626339739
2.60697951477654,44.69560507988866,0.04034897203761669
2.2572931006533548,36.96912418823766,0.0008171790589773226
2.2352047077884265,37.19661424588551,0.01951468476781614
2.444513112653244,42.86094051417561,-0.015676883003695987
2.6427036488834013,44.52739450142224,0.002283979711096117
2.4855145956806064,41.181041809751655,-0.007086835034071719
2.339114724788913,39.07458492499987,0.07166455363644599
2.316894016646754,38.78597715467287,-0.0594221687536298
2.260462639011711,39.14433226234231,0.06637787313843027
2.2770658460723694,36.936481405136114,0.11792831915894268
2.2881850506554624,40.92340570396954,-0.2288891933861779
2.252499623450629,39.091415466493864,-0.150100677531024
2.180972904763495,37.662775715463134,0.06875694203804637
2.357298173916046,37.60984573570157,0.30307616038837676
2.340594815030826,37.62483888811822,0.28645813708480006
2.4804680153139547,39.03094030931082,-0.08703177726523899
2.162542963934547,38.64583789738792,0.09414869248603931
2.2009817632545876,38.94523930367566,-0.24958233003147498
2.5032522943568543,39.360222439569235,0.25850015177155966
2.4939490502578745,40.59404782478391,0.30222405364554017
2.1774490517321325,36.76794965569546,0.28080502571262955
2.294008805743789,37.982329869954214,-0.168499244786312
2.381834545469389,36.45468425074893,-0.06814575158834109
2.1455583695470373,41.51268515847908,-0.1897208906560507
2.1751672712572563,40.64189634195271,-0.12181368541688099
1.930431808718533,40.51219460258237,-0.26019212620172055
2.2741170633529375,40.3916845473523,-0.13693006266165722
2.4475318223217997,41.21847811253807,-0.17964217495128318
2.3112873430979066,36.12238630039209,0.3674690894555367
2.321793477679254,35.507347873384965,0.48300264979369345
2.440726729849872,39.9965202210344,-0.07719392415474413
2.5733882362015037,41.69491668405073,0.23975124243231818
2.4495410795556163,34.8951188489293,0.031629413930239735
2.2470908790378803,34.391675784773675,0.15044593938461723
2.086146269169197,37.07994022614471,0.2772784011698452
2.0773564308284653,36.907337302977034,0.35549961712869865
2.2766424258119815,35.20974516167198,0.2693722622713866
2.573133205326509,41.81366890435705,0.21260872910971101
2.551550771970266,39.51142824266815,0.1549023762940276
2.660388804249499,44.41625075778885,0.28503782016517576
2.726604772704037,44.408976107829034,0.19622487861566384
2.8343636060575075,50.23501254606495,-0.03194015062032414
2.845850533420547,49.98666106036984,-0.03176360111926358
2.780152351236437,41.14741552246866,0.3198533657273209
2.9015734179062163,42.68529717806639,0.34560640490841454
2.7114011710650208,40.62371823308152,0.22880990163814416
2.657805411451856,39.14180913632917,0.24003738488414753
1.8948951406426544,37.4516806504945,-0.16309261311431322
2.7777176590514627,41.3750749704561,-0.016293264847472472
2.6383985025768344,46.40783766047647,0.06341231271647339
2.6244518484311112,39.13542919705108,-0.27722819293051404
2.4618119882804868,37.268506672457725,-0.23597127689280206
2.531587882712559,34.76055478172248,-0.05430041757445498
2.2884995373810577,36.422163525535694,0.028193678063415935
2.3204411161359304,42.43141467788872,-0.09983929906286672
2.3098440279795036,36.29376633076544,0.0021173274209126338
2.1509569263356396,39.098585565292375,-0.18811912771950517
2.5426673518942025,37.11928740867296,0.030813467589921407
2.4566132064063226,40.65637075363337,0.14668834706275566
2.130560752452242,34.932434436335605,-0.16671747564224978
2.5204929687169506,43.837589297571846,-0.12146112955901535
2.2530060347508787,44.66480745285794,0.029631842392181144
2.2657181516000606,42.66890894473165,-0.08875665697811604
2.6726388291503067,40.281357671358506,0.20070045400095993
2.5041540294665348,35.86834777358783,0.025853816921212018
2.4226392534498196,37.382309575645365,0.21595279781595958
2.1216638106786334,39.89705956811086,-0.1327376354991086
2.6189711567382963,38.47220128750493,0.14934955745007025
2.3883905740085263,42.29622800344116,0.06351383131037527
2.207041167887753,33.32636053246291,-0.07278855486610984
2.394306086972638,44.57428896257637,-0.04198809426631928
2.740844950079314,33.99238954188522,0.32463424461692547
2.939064146981082,33.32621697659215,-0.04091279287147446
2.8229234163655232,35.06821644468365,0.18204144794497532
2.359426591852842,41.34708588593194,-0.3240744865413644
2.3405977395121744,42.37770493664636,-0.29620209516376045
2.5832216755692463,41.63493445520144,0.22946880456966487
2.3183515051540047,40.729324676247884,-0.2955190043438698
2.687991076666715,35.3059543774784,0.07219004276914007
2.2468923631642985,37.05787196739035,-0.2506807034891703
2.66388071903033,42.82956267977045,0.03080841359769132
2.554194358610218,35.6613799805134,0.134211560512518
2.1183857854455255,40.54344361080334,-0.08963363201238236
2.4961588330024536,37.680700197402196,0.1261759224341581
2.5225853227059476,44.106444646022695,-0.12937961895815106
1.9392464535332719,32.214287384300434,0.2561842746179481
1.9260891559243192,31.402276546293344,0.26498313785169886
2.065521966983061,29.76875700026394,0.3353365912156853
2.211639244810471,30.83162950430516,0.3043837038808522
2.469610911755544,38.622254804434185,-0.2385068516877181
2.367744361125996,39.424028484789154,0.05654173397559915
2.319638365416752,42.2792341524106,-0.1193325152622933
3.076132092806454,42.53611640589965,0.06142834174013807
2.0546396995626437,34.54050674401655,-0.1633665189747991
2.2451499719601595,35.44164093709622,-0.1881516933960607
2.0765182593227793,36.01550648465547,0.01898461552943445
2.1013745211845793,34.464489685218446,-0.008711400042447952
2.2951133354819473,39.279960963070806,0.1589137799980625
2.1587085091574214,41.001026170593924,0.02795945894066273
2.6475904612545307,40.737110083320644,-0.168868487657648
2.53778904648804,42.159125293926834,-0.10676208684981149
2.475652083924939,41.294877398965326,-0.06651576656226608
2.058582718322503,36.02410919933476,0.0566329315120785
2.231492200434792,39.78347463293316,0.12248722231725921
2.248423077654682,34.08726404538911,0.08846352419743377
2.1917750629785573,39.84758315639771,0.08733534230883648
2.3258514759556377,37.54682930878946,0.19536148662175407
2.2121712475405357,39.27015247541575,0.18620596685310933
2.4306984861675938,38.073379497388665,-0.14819822711451813
2.046699556726847,37.421401802912136,0.05384098648154133
2.60267017361157,41.19235623017339,0.07906608386454347
2.3768118300511776,40.206424534835946,0.04587876399299321
2.048663622296683,36.527739709882646,0.10603344380126024
2.2298923185935258,40.21538577944876,-0.023902391867776613
2.1914675168943787,37.64782699935102,-0.036516254852932264
2.5876938413009944,42.67930070759233,0.07988091080636035
2.3035391551427002,37.271054011217494,0.038922592593179116
2.1470051691718406,36.53586204099919,0.23429086830772783
2.2918240185000482,38.241525659971146,0.12509231221248424
2.454057716542319,34.254264242918886,-0.22422301556258192
2.465923108889919,38.69035008551509,-0.40733226890738744
2.547703499604686,38.66540764717309,-0.2549324429949866
2.304007048986923,41.458545087192036,0.17073918395936774
2.32538192042803,35.70278535641165,0.01682968979233451
2.5818846187588473,38.12959235663418,-0.13864736590380827
2.627489831848122,36.49047894911725,-0.07023557330077766
2.2474237490515807,36.43239136860303,-0.27665038618592663
2.2582602794660747,36.98722379312269,-0.22881609580575257
2.6928921064732556,41.33765068098089,0.09825706040868477
2.205348391376833,38.99416939014044,0.13648619459534636
2.3401609443156977,36.668983732388554,0.1238387921339721
2.2019374094005317,34.242447578750735,-0.03197389047493702
2.210153687535387,36.055708646873256,0.10938810326551184
2.2287674509807043,36.92670658502053,0.11848872966082916
2.354823370618621,36.684957046187435,0.10684473565615604
2.4308048106050135,40.63015518557095,0.20656437783952583
2.1746608750399825,35.17523173187189,0.08592303147186736
2.541823183814672,40.44679392105798,0.36426638233515596
2.2141511010318524,37.37411943254139,-0.17348841236600998
2.1959631044753642,37.61073553152776,0.1791222166713716
2.200427405747725,42.02341365882091,-0.17730503894571137
2.2183509341703926,41.89555628736063,-0.1737957226522201
2.071795184749442,40.85256389050283,-0.08070338625106689
2.50315252840948,38.42533267979939,0.15538880058446747
2.328728210742459,37.75671361911005,-0.07407734897756177
2.4228990196466462,34.6843303417977,-0.00013845036654873877
2.3780750473711736,41.87983182804478,-0.0953753464696482
2.4048043737727496,39.01740965927906,-0.0515343284885906
2.31141009670399,40.91615744432792,-0.02765104769667058
2.6050204716769727,35.134763053468966,-0.04673482872428473
2.397959219943758,40.645158044694846,0.26929810729180736
2.676542532236787,41.074581943906296,0.019190685785529085
3.0194717710311743,37.794425050873315,0.2589600763156007
2.9142842313750053,38.423884450849535,-0.15198057105646592
2.518643776983056,39.27804630319911,-0.1294882788352338
2.4013580645323573,36.439582211164044,0.06401513268196629
2.479278580094035,37.39896576188062,0.08861896162749901
2.2819719453803025,41.90856339954326,-0.024436797195176472
2.2311643266797248,36.16262623672771,-0.11319833920784604
2.5058441523990274,36.15683662832658,-0.2170345813351669
2.150751338064981,37.20631755286703,0.2527388157431913
2.500048608495434,42.4097381205222,-0.12850358937115097
2.4244807400237107,33.827362676315104,0.17660874877187838
2.3753910849880358,33.03942997701075,0.2898292125033793
2.284245623788287,40.47009235127801,0.1782652133984864
2.6908908929193056,40.958463643996964,0.17604396464759578
2.341724858131154,40.5999588767366,0.0065984574789816185
2.2892236700014834,34.39601540959287,-0.05078482562720924
2.142180006682681,36.58036038043541,0.06232162708246774
2.1974665730179086,37.74062223612183,0.14050382854022075
2.4479737574492066,39.60170443190413,0.01796094093637705
2.3425089698340607,38.469880297518785,-0.031871196601139455
2.731311862607838,40.701499078896255,0.029142722056492803
2.6607927646822955,38.1866724649277,0.05312217497500947
2.7725656657894064,39.31294577464664,-0.0493234731037616
2.447821314631346,37.3272645555652,0.005139183681450961
2.3544097476966743,38.868272609477664,-0.1472564616040234
2.454571270770904,41.46721381585785,-0.10559672591612018
2.308636839222059,38.78062615192649,0.03019762202099456
2.0871815001409084,38.901008491295926,0.16843800531568867
2.2958652589579405,39.48629761428312,0.05415350127020094
2.090126655597523,38.021380780273695,0.18626478842154415
2.1083575498810543,38.476867889314036,0.20108712984914506
2.348819201595433,38.68094705608845,0.022762040225009994
2.6035265869272712,41.34259358766156,0.20447950634160617
2.4628284528653275,39.499535906554016,0.11385209282766744
2.7084144611836933,40.144859400425005,-0.1423612478809495
2.1599233119312826,36.12291744496829,0.054835591467485074
1.9486891160429545,37.261806318219634,0.09626066477789691
2.5145107712336827,40.56529093331442,-0.1892364257707138
2.5293306773305635,41.71125397227893,0.26648038927281836
2.856810356744894,42.365199551689706,0.5527790859263347
2.4779691789032063,41.16284588602854,0.4356101586743181
2.4902032834105983,40.61478389421478,0.4454090838023559
2.4429310570543037,37.51841050853764,0.012272665927086129
2.2652054775037938,37.72829236547397,0.19620509684940698
2.4344566482207965,39.892194107427606,0.12980620276741545
2.443388008119141,39.937732108122034,0.08446195531471368
2.7109221894357067,42.305252177278085,0.3671809185354305
2.2250435407732123,38.49574310434977,-0.23266974242944902
2.1737172938687532,37.69704756623496,0.16349917192722646
2.1134932799558213,36.64284837074518,0.15381986894647276
2.1845749848523965,36.499517560517724,0.04774786559777583
2.0756924826939653,34.22058247125574,0.08587045394647018
2.156027665655076,36.0839158332367,0.07764697082424292
2.2161709638202245,39.70764170521576,-0.11919537346550285
2.4499474787406363,37.143773392858016,0.07261604021527007
2.2022725585127363,40.35623728697213,-0.25562075660008426
2.213766772753898,41.25383107563333,-0.2559930595044902
2.4814044106887954,39.75623919601919,-0.17286238090311626
2.268357505896721,38.89366630294187,0.3588938794813108
2.3048716282436548,38.34441420306831,0.3210693831218362
2.3029701088697245,38.33900416269195,0.3840618132802618
2.372334687158663,36.11294825871365,-0.06552787214661858
2.3124969041605032,40.9640460784625,-0.13044531564504275
2.234563337965094,41.10321105420177,-0.02766595726116233
2.209523595880929,30.673552347590856,-0.11773332891996144
2.3136329962015236,33.81251476382222,-0.04507004424331247
2.5712918531744986,42.13921893939091,-0.1480398638668054
2.3714870020214156,36.50451336825559,0.04833688809043169
2.352173162813759,39.95867904924343,0.025353609707628493
2.484028050830953,40.72427134469287,-0.5275128318259517
2.146090263789019,38.84069293714265,-0.08251382819368701
2.1846778080411955,38.68148042352248,-0.136730523256035
2.3057338016048696,37.90992962985104,-0.016404376046632436
2.42284261033147,40.156511720145375,0.01895409994620013
2.9431971695403156,42.72692507596895,0.16673884735570293
2.403941095127391,40.33671343443962,0.2791967446181974
2.382755587815212,40.54750742762771,0.2960471118820105
2.310412886481662,41.39807465559897,0.2804498904330867
2.4766263237119155,36.631950639206806,0.27008302377119114
2.38529164990453,41.24745862642482,-0.22845785064580484
2.4433762108014894,38.67554345795203,0.09462877038452888
2.420210208725104,40.550852353927375,0.029901056264696056
2.3973255681331596,38.48727092526596,0.04325634103247805
2.4337723049809035,41.08322408204611,-0.06602783845534878
2.553832940768984,42.63825078219502,0.06986025443205159
2.402170980547548,37.48882850504218,-0.29929235653753405
2.3098409582240405,42.41630992324499,-0.10455194404830533
2.5108650639176715,40.493691105700684,-0.12120787552052402
2.42221777851549,38.94754340974068,-0.08265695535975828
2.0499754880751437,35.40290345376094,0.04912718262833886
2.331982712934275,34.646191038064906,0.050588886581028045
2.3078990051400488,33.57370141379038,0.1961348380291335
2.4940001279245636,32.079272952360064,0.19014344210025777
2.2459352851567793,36.56622469951201,-0.023427924523501068
2.58061735883709,39.42709711539797,-0.06178976552519196
2.4194023489309546,37.8578764945063,0.024738848869554263
2.45463907449708,35.90470096942833,-0.12164056549957479
2.3278632734701503,33.89963509175132,-0.19889975946296168
2.652783483782698,39.27491431473157,0.27943108555430257
2.8453675235151628,41.012212123522666,0.3065775012722588
2.3547550869041878,40.20592766944667,0.0042611177112869165
2.1129794170690372,38.04771806389383,-0.07519691935980295
2.314175405320603,41.16439272303431,-0.16549036109903612
2.2125471565780805,36.12758712323094,0.12903412513153414
2.3648691596287095,39.23401504305523,-0.14483911348781042
2.3293874655251767,37.52990317762656,-0.032859072875689926
2.268059471759787,37.715321462388154,0.09961901445899654
2.343593342674142,42.22208009916817,0.15372025044730292
2.222923264761874,38.349263024532604,0.02229703166708922
2.1264365156964553,40.78643240406187,-0.07813894042816766
2.2994967260568724,41.81969356314004,-0.16592239113326254
2.1232540772248525,40.36876064432467,-0.1223369298596201
2.520297588007156,37.272116448975986,0.16583826356524425
2.4468578951775126,34.22013331074056,0.07817379604360165
2.571166315853111,32.2719807227008,0.0017312495288778745
2.1956724004769157,39.47257251632246,0.04805328046447423
2.4198627390439382,37.298818516322726,0.07480191848630334
1.9500725944947908,37.12969984790966,0.07579597236100201
1.9169454410772775,36.63693902282892,-0.0775131157815098
3.003082225799335,36.3487512973495,0.15377303839385761
2.718038384880993,51.33124216343223,-0.0970830933938966
2.7854995971981107,38.86494937579507,0.2265389148782856
2.910030272501591,42.02125605268142,0.3335260488558568
2.7983554740330208,42.529912059557454,0.3334241436798817
2.610873826018472,42.25588962195636,0.26686217885188285
2.6343530941278797,45.85950778738303,0.3201860552126704
2.855383255245582,43.42527501785017,0.10659874583008673
2.758875801563707,43.897700615515326,0.12629520333176525
2.5069941515958907,41.61407428467746,0.21983587402024515
2.445936766270022,42.314399827069806,-0.07130546585484161
2.3257376961733196,36.48691031683319,0.1407576012108599
2.2961168901556372,39.49087639696666,0.13540913041194055
2.261268896709252,38.77561137183503,-0.15893376583881855
2.6279475836463626,36.02769224485387,-0.16657616268493725
2.7423596890659585,37.48908237350596,-0.3684129915580605
2.2440838596175703,34.404226757861366,0.05759975228494396
2.208844763512862,40.031825084164915,-0.002880342100018121
2.2233145594649524,41.47991794318806,-0.321178198502463
2.5657412226040828,36.883806323159526,0.15013373170047914
2.5363507397414438,35.95333498859164,0.14442161987331456
2.550358275568944,38.968246751424864,0.2485160624031411
2.4095333053180608,43.2127385857638,0.18007543524613326
2.8470104622589756,40.528189125296954,0.10941804049157924
2.607262930257218,42.386931777243134,0.3727517713265952
2.9442723403973066,40.482893895579174,0.4103130726300895
2.87087150354843,40.49461256278836,0.397287147711861
2.9939358101608393,44.83449434062634,0.3630651779537908
3.049330598225428,46.60588402400567,0.2542190161429082
2.7347164534517945,45.840233319832215,0.1067510506504287
2.2737025065285055,35.95776856113738,0.12225197301846702
2.428328203633636,33.29953491344089,-0.01893584487637212
2.4139926112004555,37.93842055093328,0.047844842188080605
2.250265508384996,37.455327227592505,-0.017599225419214385
2.222884762407589,36.94342926260425,0.07803948299984206
2.296890701056434,36.679579120531464,-0.029982858030735526
2.5469898787021297,37.68667897719664,0.0959262134867192
2.304022556841726,42.34068001020326,0.0218928742802457
2.4262872556785053,34.992325882893034,0.009602459079970802
2.5463805301534723,35.01776152415091,0.017520475711928007
2.023020455880627,33.6574919479517,0.17163139477526082
2.345902307128596,35.914443454955745,0.07291869300258384
2.2742248834103664,37.48071960799051,-0.05493539171425795
2.537683769913052,40.522362406197544,-0.17142939158286105
2.177639540878449,35.15292672483514,0.005514395143938334
2.107246311487471,35.34657873544773,0.31057128442390847
2.123909614408011,35.216309740406,0.31044367545898865
2.449583295947798,42.23183459774616,-0.27679266875299924
2.500362051036581,43.94352924505185,-0.08187517819890201
2.5084008284050023,41.239636103229145,-0.1247132651071458
1.8322085882365382,35.19181094832581,0.040788036546123806
2.2235767664323336,35.338649093082,0.20272281398029246
2.3204378498300327,36.85261866475735,0.012977183764130618
2.4438955956380215,38.47393706341974,0.07544199087325117
2.38177335997771,37.83531939353682,0.20901982886032247
2.832731176716311,40.29555293671613,0.12938878506691856
2.7549350395382124,41.96134682239186,0.5315077616236442
2.8726888073418433,39.34125191209107,0.4346473125171758
2.5418903664841936,40.61503953325605,0.40215958791601886
2.474330890239083,40.09770072924039,-0.06814437049119891
2.379208774478878,35.99160664379772,0.16534531113861434
2.3913008507794213,40.27822482749837,-0.12536617040202025
2.3817173462677412,39.292879867002014,-0.07512945194045995
2.318784037699622,41.2534142480002,-0.12757793257775243
2.3578776714462366,33.533032111507,-0.09232027995756743
2.622038156264602,33.03267230521547,0.18040395819024987
1.990036713322792,40.02625969898472,-0.05270596470124505
2.283942561033529,39.03637513214209,0.09424438413837495
2.340591260743774,37.65135881095105,-0.1587052581999968
2.381659105225567,41.79685835116931,-0.1430603321583389
2.556954653989876,37.60465522793612,0.29460868739534063
2.297518574931777,39.39829853630342,0.30576281862346744
2.3446153866178694,35.198543847745256,0.28072763802467454
2.68053707780309,41.53287733832174,0.025515897390855954
2.232638611395227,40.351909768874584,-0.01605885031029191
2.2709461458449924,38.16564337457516,-0.07827412699101877
2.5852090624843145,37.96963993240005,0.5679003096598935
2.6972583958048317,37.38411167451567,0.5921615528910638
2.4486335009194944,37.296690730380696,0.5271858257356762
2.2229901052141097,40.00872757115723,-0.3305336276220999
2.335587378911993,40.074540876409394,-0.46215322503929
2.3612759803191774,42.45854930435604,-0.057275627175609536
2.4161821312315204,37.32564060046281,-0.006860185056457761
2.2781385636230187,37.226714723790685,0.1687010589523153
2.5399382756544204,41.64059747074116,0.027342278507718327
2.642449158749408,36.79559456335949,-0.05027934628102365
2.428995769986376,32.70139911989567,0.43291355119942815
2.588286833181509,34.2374821112923,0.4511261249456043
2.6165131263702013,34.15797626781999,0.46353524001045704
2.501115335104919,35.34834418343191,0.31228275315635085
2.3772898583405633,36.761168841115015,0.29168855580398295
2.371333738535743,37.08058480243645,-0.033470343110118185
2.3843636026907298,37.14289900696886,0.019826540945330474
2.397918413571856,37.745188990063404,-0.008974108715994708
2.5027899857550713,38.05671647894074,-0.13620064290399397
2.13928933373188,37.30764483892767,0.18252954348689535
2.5492235488119714,40.66004659990334,-0.10684140536670539
2.3241714882638034,40.371368728872206,0.18732729591457592
2.5164851763823903,39.60260822403376,-0.01897840885698822
2.1186140147564703,38.93690805254288,-0.0023973900880964296
2.4322739357217102,40.952507433883795,-0.11013553043874066
2.311080825321113,38.91333324916145,-0.037137879944041295
2.191312239492394,41.429981632517396,-0.10796127243947588
2.8895174801115444,43.47971757184911,0.09372170392752562
2.6411130096666975,38.294406302064,0.07758548798597212
2.0390354162500723,39.18690697944765,0.027326927516081616
2.30716468109377,39.0890583396058,-0.028046968162605417
2.7897666238041054,38.23284424509241,0.36932412730836295
2.459371097635397,43.06571881282878,0.19706346306588243
2.6592974668865446,42.72009651014675,0.2058792872955538
2.2352690620473816,40.29228698246357,-0.010603661290907956
2.670198587960529,38.29066719481929,-0.23990906058530082
2.572817885612152,39.408350818814114,-0.1316291550722472
2.2826906728002516,39.476609425603435,0.26395979794543006
2.1949539523371078,34.95632081752671,0.2379760522016285
2.4032726868713854,43.12868080276925,-0.41557445901415463
2.3456314612387192,39.2771426494612,-0.2834290330472235
2.1929399536842973,37.25741217429395,-0.20601151252636637
2.2368164830524564,37.29366584811721,0.20183417022006261
2.0472224024591497,39.770514106442356,-0.26246707568024286
2.123131781400819,41.90902658288064,-0.24985604216368376
2.462097772627981,39.00736908671787,-0.30031727569370176
2.410020205458624,36.675805767506546,0.33057693510687886
1.9490234955218853,36.17225953353139,-0.05566955074313216
2.6193106298936053,36.340211059929736,-0.06880560401744683
2.2889235277994624,37.80608577535822,-0.28366845568062166
2.073306551557558,36.957222291649046,0.15969519810341212
2.7283171972786717,41.82974690546936,-0.034802901285317205
2.5986339516526304,45.57495008637268,-0.1323294213795533
2.2580920707383907,37.6003187631789,0.2699166703207191
1.992314890304555,36.53691269090712,0.20313356144000122
2.0048445042145637,36.303915205425874,0.12492887860630758
2.547369464863439,41.19962999899867,-0.23058669876203514
2.459993831886094,40.05301313647582,-0.17428529164631043
2.4999783620477882,38.26631072800295,-0.21071769874689186
2.460438969531511,38.47041386137791,-0.1991494582597734
2.5108825851065144,37.86900450283709,0.12555144140760968
2.0712636492227454,36.31058556917844,0.1061212102971994
2.061163056243592,36.6302539124875,-0.04143376862570773
2.617972813986316,39.92608086687765,-0.02050857343660839
2.1573394982310794,41.27184535217287,-0.4200395191309877
2.439980033074729,36.09486746465415,0.48426914085004685
2.256066154315521,38.25324887284066,0.08054529507505918
2.0706888283821616,40.827243883030825,-0.22262062358150822
2.434432288854998,39.095613360453044,0.08671624910820357
1.9630432211760902,34.85804632233904,0.23016757736694565
1.9068125040029331,36.837952062651716,0.24150546981156856
1.8984029380572314,37.0604534703269,0.24827441993229687
2.1138851443581075,34.16423505360959,0.18060707834147952
2.522020292901136,36.77718361493064,0.3683401355665288
2.3688583064965627,34.47717357037148,-0.29674925096159993
2.643651626437451,43.16500594826738,0.26511245086439356
2.3293971871680927,34.216141423191374,-0.3169026814346087
2.5528768788867127,35.58450975101961,-0.20491012906556366
1.9737978507968323,35.878568295059154,0.36361344893987363
2.6702529534962696,39.288292011673136,-0.5642647776971256
2.56511500770208,37.82091402498821,-0.6092404426561931
2.624987632543462,39.037676958489705,-0.5859904152949929
2.6040752464295824,39.98125618278563,-0.32530207385785903
2.907668872648984,42.1426055904909,-0.3710681532934732
2.511303447045441,34.23887621832873,0.13982297261521356
2.4346973104801917,36.84448591833034,0.09113794723812582
2.1589444300923817,41.075904520859346,-0.17908821538477426
2.8057105303930654,39.48766379150766,-0.10431807157003256
1.8938681427273785,38.90861613908272,-0.013362973073986891
2.4348876023836303,34.16078446007855,0.09094186981072913
2.781436790217221,34.73752639413261,-0.2310558405760945
2.754034983211148,39.02176825474042,0.03824456525957016
2.852874304728516,36.72058300015023,0.0424831520309208
2.7073933452490286,40.54824894633488,-0.018397206675466356
1.8382548735064521,35.809696725232044,-0.11666322720415036
1.8532249381314947,36.68630805293891,-0.1417452646817338
3.057541710266973,45.29455221612978,0.20010027389995272
2.586658886941316,49.852759930262096,0.052818708320176024
3.059821270016444,38.439312236255105,0.2988954519568897
2.2042717985494256,35.76554749733495,-0.28829086487380967
3.0580639689730424,35.89098429373151,-0.03666906211170859
2.756638635266011,33.68576819020679,0.08746554152989965
2.7616926538132267,34.759716012575765,0.060930144204455
2.08902412478736,38.35567907811447,0.08936728128051198
2.0608565448964766,34.91131429315942,-0.05831383511108786
2.2040572555023066,39.36149928217224,0.1477556700758666
2.2166030236410044,36.82577386797737,0.2312069145100618
2.307051724791878,36.42222458002632,0.013571467745527194
2.5690000925817875,43.24166637389819,0.21070642827325137
2.657651770150939,42.193718268710036,-0.010902559292503021
2.286703875366282,39.62838002384581,0.07537431721336864
2.265489330174079,39.66923452941378,0.07922956092375423
2.294534523986506,37.269308672133235,-0.003979313714455798
2.1474388384702916,36.533346935654485,0.08922276171911604
2.2919046344691245,38.612051164308625,-0.165032395810587
2.3145306427560803,37.60544063296967,0.19047297957681092
2.7007652228364023,44.92590534980175,-0.09311326344235772
2.372521180656514,37.84971462152357,0.23767809925630626
2.4172391061897973,41.22308104105111,-0.04093226805626026
2.5807033989759236,39.296020813294064,-0.07144964148831118
2.092044642025433,36.71312327753288,0.12537675459722836
2.6784464361571887,39.135402793107254,0.1652563351235091
1.9799045874681411,34.490374290856586,0.15720300906953602
2.0649849971868233,34.22439334493348,0.19111857795726137
2.9043028188780866,35.187369288141944,0.11746473282726429
1.7641736410172808,35.65010565623555,-0.021081569348132066
1.7164421800486298,36.64835467357878,0.027848563234197994
1.7094527813643345,36.03550786000294,0.013402957841565309
1.9147636152063603,34.00663703350716,0.20355787871095338
2.294330215941868,31.21649655778499,0.02243561812571305
2.4910332237619754,46.68476299592782,0.030693629193588343
2.6052160871622445,39.06805123870143,0.1339195457425019
2.644479686580061,36.168128902311786,0.009335669732723288
2.4035623216560094,38.17349272024938,-0.05766001647240152
2.2441891589876084,37.348902676365796,-0.07488379629060803
2.019286853837302,35.173663818021026,0.2350245840760244
2.1179636219113727,35.850053019494155,0.010161153588906858
1.7740481955011684,34.22782696396531,0.004528218036502099
2.418915941757457,37.379368737852985,0.2690120839912987
1.9812243207811282,36.67835172957397,-0.08765118691056971
2.776464763310578,32.67537821083673,0.2574517818729749
2.7703295991555827,32.907742379959316,0.277541829434103
2.8711704305821377,34.199403803752126,0.3313860057729686
2.5077768728644854,38.00118404430439,0.3237124802889832
2.0685496212235095,34.099001278573915,0.19963006065135902
2.1207342755749408,35.65784218440908,0.22548338687778544
2.3853249856504926,36.29241172360475,0.49095319507891366
2.4092924169757706,37.82021927565494,-0.19606444608606555
2.636958165933089,38.8970145438142,0.017588946768676946
2.60850019927972,39.452362443688806,-0.015038715920977361
2.3861000540968456,42.32741680275127,-0.05962636122022521
2.2068856681377462,34.49749283539727,-0.0939695996864661
2.2416656806163435,34.84481081540054,-0.11648036934277488
2.6403680308178723,42.032292693673135,0.0047622819042918065
1.9259453608977202,33.054401842346486,0.029772842384015532
2.299952118000337,35.955931128574,0.3204752289686488
2.3696935062361333,41.592204484068894,-0.19709970586360653
2.39942553201314,38.52018993604748,-0.336551045654067
2.497288672599966,40.12574396568611,0.08468801307590818
2.0741500868822516,38.161709179404724,0.09740471112595415
2.114736741255592,36.76108376944634,0.10475045909087607
2.334885727263207,40.35802019048843,-0.039662105338216756
2.206342194983705,36.1485596290239,0.11839579994095838
2.0866301228346606,35.64267254184959,0.15148164617411622
2.5003590016171495,38.65741545744326,0.17725313041578838
2.5501892213686133,37.29233807412106,-0.12074290399780588
2.53653527515668,34.92944113638341,-0.1120481060678335
2.6793244850547953,41.7181515200656,0.08472578842039365
2.935792797610955,42.21480463190103,0.10753209191189342
2.487923442309424,36.726751546979294,0.36578301781376815
2.2994668929310516,44.18441809380092,-0.2557668060524948
2.2848589439421216,43.82901198503357,-0.23561955200261572
2.394698643389483,39.52160914361392,0.22905126932874284
2.351099710964733,40.612360070306096,0.1353278685960773
2.479307357238809,36.53110825372127,-0.2061570392153026
2.5125933013749404,41.57126079771074,-0.06173251457866632
2.50874827823869,43.47737963669086,-0.0651494241966145
2.33310799608055,41.66276741848479,-0.05823510086370712
2.3746084369778786,38.16141334611673,0.11524018878588282
2.3881274824794456,41.60928629155107,-0.09837812721813116
2.536000620693889,39.510519479432155,0.26908640391462596
2.6167554677694578,43.91247490883866,0.08616188376093824
2.872777496470628,45.24548304232056,0.16597109195027754
2.7960061225569426,45.14103132841112,0.1409953268707556
2.327749993023717,38.14177634708542,0.18741770425777762
2.3245128659838667,38.64762873587388,0.10240145396052201
2.40920320741294,41.55560614407994,0.19606122638655454
2.434205672235678,36.889509108501386,0.051752133439851154
2.630569700822093,43.10772257562162,-0.004336246682969486
2.1901457496176167,36.71020220291876,0.2051286296385908
2.208719011430165,36.81133816685652,0.11542943659946141
2.37542458084178,37.336166450090666,0.03405556307101762
2.3274085696026865,40.582209943133456,0.06547628128707225
2.5598112557823187,38.082785620623376,0.050564889043963425
2.174911152625387,34.01905621978343,-0.13249939736555566
2.2492687076002995,35.45522697704876,-0.22603259921581145
2.1366534226666007,41.52442724651737,-0.07985438179406219
2.6214988555490453,38.26624380718758,-0.0636155411242411
2.300336414321902,41.48753398067238,-0.0821660715918617
2.3830450418872733,41.25045749966512,0.06902710979840054
2.337123320082314,42.02724573753224,-0.08761351372693431
2.379819839122124,39.67907438473614,0.24045516139018647
2.20806994578751,35.7658159075081,-0.1667545754380955
2.5431439837027674,44.68535479250495,0.07144412350469982
2.3467848533404934,33.696905908934426,0.20929815647892697
2.4416127017278617,40.269352626887205,0.05723668115141003
2.3247124726543946,34.87383992304485,-0.10776895036592594
2.5102135133026073,36.31352307668307,-0.17417923665599702
2.287178374152221,37.44020396016262,-0.3215222542929029
2.0537022269774634,36.302839087120475,0.14110776360840493
2.280672132834693,38.03545501080478,-0.2885584995227418
2.3342981645590206,40.81644994543817,0.12110235401535197
2.413600677252293,33.42581867020544,-0.2017562311305054
2.420973257095627,32.834535657082846,-0.23396020994206104
2.3906940750757117,31.85048653051492,-0.18182868474844294
2.6685602438111733,33.426308996691944,-0.03749490182556914
2.8137057839521136,34.06134069111998,-0.16398962394963998
2.563315512778168,40.83721151204104,0.030968006055702033
2.2628461171619496,42.332886985633266,0.06285597699981656
2.03780391865989,41.531505645667636,-0.09967176468365548
2.02870120547592,39.27271073560523,-0.07601180282749227
2.550956450618568,37.89602003411144,0.2612438648267252
2.300769180460932,36.480343345562915,0.262380258455135
2.5235433072111064,41.872532737332506,0.09567782986025067
2.1970720239548815,36.193985350376366,0.12180348030969661
2.3639244543503226,41.66307798178118,-0.14524873371887256
2.239963043697984,42.78822462927597,-0.19994374270844822
2.4346104966199076,36.850329848662255,0.3510967627918506
2.146484084320681,39.97682687267168,-0.24612858182386907
2.580055838743452,45.7885718715743,-0.17165528412020736
2.7542712916403413,42.99057654390143,0.27117394139728407
3.044514719319476,44.85758953163025,0.11526857433046202
2.899725412403242,46.91726681265203,0.08995673042635988
2.6037110144376876,43.34895912661303,0.1270361353202158
2.2084476267593893,34.90584133613455,0.2862419207766593
2.273621495358151,33.80206573109804,0.28075828210479686
1.876484415907294,36.81527307494467,-0.10588375766872543
2.9487456808657666,39.093633098115525,0.12479300777900779
2.637754701331332,38.87668867084745,0.005306893149357142
2.182050840714012,35.81710207410982,0.01727123621990207
2.6422671825137325,41.64015153287743,-0.10075229375593187
2.4493136002403144,44.278100295746846,0.11800862120561739
2.860522445336281,42.80806650790079,0.051246565957483094
2.986165522193068,44.28394437658457,0.07994229770094195
2.7922600080117994,42.44047856799328,0.3235590647174306
2.6557751142143546,39.202730054834326,0.035364021482977556
2.6192589398779513,39.27422021066023,0.010421990643499088
2.4764277228302882,34.41221163740149,0.1337677484430169
2.315298622375303,33.468891368270555,0.3590825016825948
2.3926767269605214,32.5457465400176,0.3671906541532455
2.2625696228681753,33.41835751607052,-0.17943078459054967
2.3833884620025643,44.34748168313789,0.048095312317758106
2.4012225955360127,35.004507704998936,-0.029509931643095937
2.6446260621769704,44.53745403734532,-0.16198729351349772
2.2769862387545836,35.15833965353066,0.31319869029049024
2.5407497227801175,34.020963490679065,-0.2573749878576917
2.1547303856464013,38.59858967269844,0.01121146009719575
2.2886299573038924,36.02314775612061,0.09189994873230195
2.0994794880126335,39.88802634589924,-0.13317470408295193
2.136644908452056,38.102338754047594,-0.020399882806026542
2.317356624302503,39.18816707934333,-0.1309208342241307
2.4850802343840113,33.24941145360878,-0.017290947840968584
2.5811538581800297,34.93338790440046,-0.06458622417758017
2.1879540534998267,37.78473894806201,-0.0677175766863483
2.414236188864937,37.988696759272,0.10281996122791445
2.254888203242037,38.49215082383042,-0.13026005426399948
2.5006737907419785,36.636964224795655,0.010816139022365664
2.481613470553136,36.88800322213327,0.01596714161329611
2.4984375152694955,36.08702990622096,0.00445027362989078
2.484431674381048,36.46055236704994,-0.09282330481750248
2.23563892631558,37.15015322830699,-0.044577701964532965
2.2531303811806693,37.34943210800444,-0.07635283566524213
2.292897563280474,37.55154845118593,0.04409016649239221
2.123773568046734,39.95330436597978,0.03579216644698137
2.288460101535518,37.195516057619294,0.24648421174604085
2.8001091847369404,44.507440001014125,0.019174720925867625
2.4327476647787636,39.96923361809917,0.28894659849385534
2.3285240056547183,40.320025832186616,0.05385928496815851
2.3769908858171593,39.83727405448142,-0.1332736647617346
2.144673675409662,35.4736026735904,0.007676585885688287
2.0046301819128507,37.319845826995895,0.051981570220512544
2.22302790593469,37.23176516290344,0.08256096064009753
1.9822085347143383,38.18501392140001,0.08740904293016905
2.7560248333446165,35.84303098140017,0.21776245271982397
2.314823810177315,35.11072288244743,-0.0046136890949968
2.3465361086195884,37.2304954201825,-0.016518325607035478
2.3727531276727345,39.95795872074926,0.036414922297609356
2.186632975048252,38.01745676531847,-0.15769804355356065
2.4037992465907947,41.34054304442038,-0.3052030461523485
2.28844304264595,40.07494047201638,-0.16661436291957543
1.983556342252935,38.234102262240114,-0.24098439418728257
2.5616752159527336,38.703726820686505,0.19117120427836834
2.4666099780453337,43.90692173351771,-0.1294062147953914
2.2594077536871158,35.28633723826546,0.08115325042679025
2.3204039802483076,38.96057425681916,0.28864994173673647
2.546004475799239,36.75168317277465,-0.060540815553820085
2.6416689476937427,34.54461545357867,-0.2428180410557627
2.3984078559918545,40.67125692360051,0.17810951902227032
2.439048503961873,38.69281573299074,-0.1575773479400477
2.416775640554931,38.68022103465013,0.056781743197207975
2.6149984269786257,42.114592890241475,0.10303941141598195
2.2881088497444755,34.91395069652326,0.18155412597429862
2.2479968690221597,34.76692952097404,0.18882060896651884
2.3358010602227157,34.47124425490087,-0.0030856501592496153
2.2923796666758136,34.2242102473628,-0.039166353020018176
2.979612727645074,51.95745436360512,0.10011851963100446
2.9846339894804133,47.50840985158325,0.26297158927128933
2.616901223593533,45.42048371354599,0.16693455231307258
2.8537291424206948,44.14727315417088,0.11091749801130384
2.9760326807498534,39.57469026163008,0.3462866902297691
2.5023537314131112,36.3549130557294,-0.2617036291053271
1.9746489573291088,38.65784606461558,-0.1933890366525204
2.0898073848420173,43.964786810472795,-0.2492597732619784
2.1819582672252515,44.43970980559789,-0.26940636320322314
2.355119650445394,37.8843291461781,-0.13402129473246996
2.3831526001180054,39.4746753512511,-0.12290912838037404
2.2353503401638,35.946427046766175,0.05456385172824584
2.4798957666980286,40.59121700072029,0.06264384334493149
2.6302110545342834,38.88059774725936,-0.18608350098772355
2.2374236364091193,38.18847090049733,-0.20805240374087478
2.1874644282091342,37.726768647035705,0.10407598849997424
2.8451473378945678,38.434565746585385,0.10418982890381177
2.1675927028155773,37.69969485498043,0.05804604119764898
2.6610979683192593,35.83496190554423,0.049154259418747924
2.6300242177227937,36.97836931527303,0.01606792855121441
2.663336038595157,39.17056600648116,0.13027945856146558
2.0935443478661626,38.105587490404844,-0.08007847435189426
2.492069291627006,40.69159923470085,0.13279164993270884
2.3411241772247067,42.937097555707574,0.07545943945712622
2.2984041346213298,41.41594084396246,-0.04338744716152567
2.613915366769104,37.14252997144468,-0.12057253360618161
2.4656229863880763,36.663301284866975,-0.0237500442901522
2.0613086976215356,38.96199560872917,-0.02858770856015467
2.419334034108948,34.550305945137744,-0.05318195051372399
2.656305284990067,37.4327991620687,-0.00645607025432763
2.644662086500379,38.925057319471414,0.20805490170014304
2.5767748842926443,39.36360742460002,0.18763006805900725
2.691569454346465,39.40059227930051,0.2510367577107909
2.2943073831812524,39.50350863059979,0.38154458704799304
2.195118101670921,36.83235891811898,0.22211615696686435
2.6458916031263744,44.04571589627045,-0.07034126884861922
2.3273607207354794,41.5001565058215,0.11631791518741211
2.3865919500601325,39.21120624210063,0.11775248719762701
2.191302904204654,39.59332253562072,-0.059098728605642276
2.684824226556423,38.60080172018662,0.07909129334889976
2.7068280627866983,37.59267229586891,0.11392433062021118
2.315077534529115,38.63417074804372,0.2138667220141587
2.1499010406906973,34.87399027213443,0.19693223122633668
2.025921896861046,35.38386421547685,0.33338750768302894
2.9873941657071743,40.7558355224346,0.06048100868566409
2.4265238603909185,39.84890591232828,-0.05350998877686912
2.398229374035131,40.02771303274558,0.1717359738049162
2.048963134530081,39.9147533736949,-0.3345941617348605
2.315666922085422,38.613983546957215,-0.12668670927333098
2.5927142072964333,42.03200068755729,0.29736978520489726
2.5952706756866077,41.452972222659426,0.07172650842671499
2.7056699094076087,39.851435448817575,0.14837671311507694
2.624611706958776,37.95397028290651,0.24492436414011579
2.2337141712441446,38.26745938362499,0.24212963413362704
2.6865489694405884,35.43779867068661,-0.2946325031463865
2.336116360673725,36.87966866460397,-0.2557116152956048
2.5821511402668405,36.87085452890267,-0.2343007247809047
2.18234752559976,36.641831443501495,0.10840225542306545
2.4248810425792304,39.29571965478819,0.09334209787593739
2.3110095673378512,41.080230422379955,0.08608115399489132
2.156158145747085,38.24173590607773,-0.05492462605914761
2.3485591380284103,40.118835080611724,-0.1388363354425927
2.258055631647786,38.12151942198157,0.09539897136958363
2.09091915878949,29.804194440751907,0.22635553447111126
2.5888434082870075,35.459899674511796,-0.13214201236944187
2.5700625693166717,34.78218650658172,-0.145077090554951
2.5132106971066217,39.9398142982763,0.1908076397114003
2.254429712558214,38.5320006484313,0.026109999068681673
2.3861403976268662,37.418274192946264,0.2942867526010681
2.5396441788624586,42.412429605943345,0.15743872125420094
2.6132237915762535,41.012580060764854,-0.17953283047813604
2.151105818221684,37.52046063777222,0.24218998130991248
2.238392928277726,37.883927007957375,0.21709003121718923
2.3075947420476073,37.17217657917281,0.24244779033728017
2.27066294695096,38.07921341623571,-0.28616450966803103
2.407032045408142,35.987172101940665,-0.10368791815449771
2.3431687536249535,36.952458727604984,-0.09654384769479483
2.42344136385235,36.88403918148679,-0.34480860822829246
2.1754054174137982,35.52309264010301,0.05997852168205987
2.152295175677666,36.219441952963855,0.051003643861382356
2.5739675823414623,41.73543823353105,0.06748761613947019
2.587390972918635,39.56277110435036,0.2747685932296612
2.7344509109387616,41.415123714590166,-0.32027162733453124
2.7105896342808733,39.70471737779878,-0.3999622233548722
2.7473073174828735,39.30775909502494,-0.40045030758434413
2.498208202180909,43.47939972495848,0.27576845767701746
2.8343369925297757,43.058732488311925,-0.21442992359073298
2.5882947579313647,44.47360748525975,0.18109859155379862
2.492161338493071,37.2607892587408,0.1340012647543164
2.1190074442497484,42.16127964517318,-0.14264384408101694
2.0294541515045066,39.90439622700295,-0.1932947276083985
2.3521884047607338,34.156211723576334,0.15681459277973372
2.5359540251305477,33.462437400628986,-0.25446513944735055
2.4653099749462544,33.79013537096841,-0.3451192569326239
2.440609507073727,36.781066219811606,-0.2580951796578477
2.355823810718952,40.13525582392356,0.10941791618475374
2.5938400565430424,38.47562216715161,0.061650080362961546
2.433059246783421,42.06827697650511,0.18395155419765435
2.6444792737369482,40.631002325575366,0.14790558831201145
2.7482514072561006,42.85146265007701,0.21698012775668754
2.73045575032011,43.286688083208915,0.1081136241067586
2.6750720063849496,41.09024668175403,0.11068690875089934
2.6897354434709415,43.92919658624816,0.4988794050561985
2.8456949681763444,40.68479767910955,0.515444481114905
2.467013029774134,39.588987801579776,0.2724775991537084
2.281093711962422,37.064754703683384,-0.021005144381027126
2.032391679743873,39.67832312062183,-0.05071305556758881
1.8628403972172474,35.91721543384064,-0.16578978001417677
2.8239958388448723,41.2301995224541,0.42253801021877135
2.6867337198854844,40.51265877947481,0.5819878782341371
2.5145183131134186,40.452241131637095,0.5706980474223126
3.13673625711905,41.35907237299947,0.5631757249256888
2.116586154725855,37.23356630480196,0.21673812554206837
2.2083122159065587,40.04519237102643,-0.10327714813799539
2.5268409589594203,38.46835437505562,0.20450681599266546
2.5791648579775095,41.725600087136684,-0.00913143004348367
2.349552694727946,41.215431256127,0.06596083732617015
2.5285647292850397,34.9139215680021,0.2211242496653872
2.0167743368494175,38.373461063375046,-0.016779551581999348
2.171226418818713,35.612038498917364,-0.1100069543058424
2.1175615037189006,39.011177778118935,0.0029105482246796306
2.2043113003598505,38.73843712424244,-0.002517017602008782
2.279284155994005,38.4561170680994,0.026464713587040986
2.351908060888657,36.83912818373265,-0.07698338468417278
2.589271393256674,44.77596781632364,0.09038909077504989
2.6660427855420012,44.31973547848298,0.13899310917813973
2.5154308129422276,41.78356694918104,0.14575685143508696
2.418896950581619,40.44410176206058,-0.19336593960908552
2.185883351975074,40.20232476436015,0.03443335896885127
1.869022637197227,38.01843395272091,-0.1213687520771564
2.2202494507229793,36.056393024924475,0.034794938728916425
2.7755671777270146,41.28912365354974,-0.0837865859381591
2.5340639099877467,43.37066584230134,0.21059084551500132
2.576743332725758,41.140881663812316,0.19891910260815093
2.460110938010666,42.017011994569785,0.30805800353809304
2.8056082243546565,43.34078974296812,-0.1913004770788512
2.8508768781707374,47.16592982760272,0.41827066807857854
2.9585661924255473,47.93104684001366,0.09688392390053789
2.9497707178259027,47.00279023351901,0.29223706899463564
2.7480571500575577,43.324919214379165,0.28532778631306294
2.4623638653712288,41.13183263959633,0.00670926270181467
2.453554146324881,40.41791677531167,0.03421628316219715
2.334612772960156,38.53894666995412,0.14124612785491084
2.397634814976409,37.76371108231526,0.047087845262859765
2.4467920183996745,39.88199389494957,0.18002798342349977
2.356621531316887,40.530110256309705,0.19395794445123765
2.5257310982721015,38.657197073470755,-0.20299048429380445
2.3120375137090705,35.12810744790975,-0.09776207685076148
2.124775729034435,36.88342708530226,-0.03943772174149889
2.5306981388319336,43.18588497724055,-0.12072511731412443
2.3018244506812584,39.41714532979321,0.0029723258238545072
2.2869441896779326,38.41694656974462,-0.13373855634001677
2.631467890219327,38.71987874501603,-0.09238235247557443
2.2743384581813015,40.90259357460434,-0.0014379012686823072
2.197049911256119,39.95633614725872,0.036140568474246584
2.071176765101644,38.87036810881437,-0.17831813833933793
2.238744044700383,38.55161473861164,-0.019650703048943664
2.4329896103359197,35.62966996839052,0.09087953319261906
2.34336688333963,40.17036280914728,-0.1888928296843023
2.1065231261353072,36.993323144737474,0.028780588673883997
2.325311204607837,35.42457624952044,-0.19144602984407733
2.3946583719350567,39.58142118985885,-0.27096885598828785
2.2461892709615845,48.16560971804317,-0.2681216627049159
2.3753252929085553,47.17681409877524,-0.26255309410549066
2.4028344877250585,46.489558821239754,-0.21426833008174923
2.2978699067056922,37.315244602347384,-0.3327021194577229
2.587133757305466,39.01944152357622,0.043451426231900375
2.129912369687443,41.43435770759037,-0.058818761762725116
2.4983849233007027,35.073909609265336,0.052345733715728614
2.5339594524417843,41.495154261436944,-0.016310045860986947
2.3380548108863675,35.66502444127108,-0.1695159907525884
2.140650089049173,38.22423155124439,-0.04608090274561485
2.078010983436112,38.28812899463836,-0.14883792528265335
2.333102896652987,39.91065934651832,0.08880112391299487
2.019660099412619,35.702969838232264,0.034215966490732955
2.0023871199109404,35.91038981379479,0.18031293366865203
2.5002048443754306,40.188407053594766,0.225143503459482
2.217320469486074,38.89145026681051,-0.243245914411077
2.559557139460778,35.52747495775,-0.13577772863540072
2.346235047199787,33.95828880862547,0.3112102662318517
2.2903004550471726,39.267507651477544,0.20604480663050947
2.508150783253262,40.00773561329276,0.001925455499645746
2.55492158824471,41.46082334820826,-0.005341148714295551
2.606106274260143,41.07715274161419,-0.00997896207643604
2.46941048115574,38.89799078841614,0.019014823397011705
2.4216936904301543,40.17574527281012,0.02215564211571622
2.567020258956001,41.98187323295903,0.1748031957477432
