log_sigma,xi
2.5703542786150604,0.0781445939277538
2.5341026256244517,0.15974818527377602
2.5157260511971007,0.12704618602824527
2.5470216765111,0.11505131495227353
2.457843819811979,0.1772380967917017
2.5098151751093685,0.15433041915569432
2.518050061806685,0.19521546410284762
2.549377559075239,0.16740024029146502
2.520720466012774,0.21747232779656248
2.3796563805620967,0.21046296886074412
2.4388058328647624,0.2281961935952021
2.439869988690495,0.24465479039130944
2.395417669878446,0.18563830978531098
2.6406962474257014,0.10327822054048032
2.575916394111278,0.13611962101283595
2.4682959595584224,0.19086695507822576
2.5282465260277958,0.11163796383545294
2.585307556512073,0.11448571239692688
2.6174267760466994,0.14717632792325686
2.622847227006602,0.1641208011817302
2.6613034081467615,0.16745997865416132
2.5757395999874175,0.2025665485151103
2.543289493008295,0.14917102679898286
2.706267885497697,0.07273034776136059
2.640717995099203,0.06572176018715975
2.592612761880911,0.09281992812433387
2.502639371082631,0.08403447062699942
2.587748509167626,0.09395084439917303
2.6224425774528037,0.0912120386278423
2.612776171850795,0.09004266457217155
2.4497435518419786,0.1482583844017848
2.5609043255538673,0.18289662471323354
2.587291504800001,0.10630843545158407
2.6082176656372638,0.08522326964224539
2.6019840182055956,0.09699604546662545
2.6526963406307487,0.11916038740482297
2.6506155412509913,0.11789411666296512
2.6264240125153675,0.07000889927713404
2.563388851803835,0.20803523096759016
2.433968619951908,0.23910467867771684
2.56913269007549,0.17122143020118208
2.5512890879513623,0.20250681080088553
2.465675347123139,0.1120642895208725
2.5093515465128857,0.2186579354056557
2.5110362194120817,0.21618791683009525
2.5126920555640453,0.18981493965848373
2.5797607524651522,0.08958751742733465
2.5213616713528664,0.17148959006261266
2.4436811012910002,0.22531627093088757
2.4962549244835306,0.17865660592164362
2.5227979207096904,0.13632366825503503
2.469022282945632,0.18595768246719968
2.4688433508370897,0.1358421296867907
2.5241372863412272,0.18122763063600125
2.4594768906504525,0.20635883746536313
2.4209725291630853,0.19900458495982334
2.530418237340677,0.20243565947693534
2.4493718407345564,0.2602868466312629
2.4323476595566724,0.20339588433521497
2.438197765597972,0.14452469068054152
2.476269599265539,0.19670510263006136
2.476016884593921,0.17318687720131568
2.3987628052912626,0.16890498275785834
2.455447526547797,0.15676818845419563
2.4586944789242233,0.17921750240426038
2.4962899620870234,0.14437575000271105
2.5054594183220273,0.10588274248374979
2.5229735029064795,0.13436560616731308
2.5704764373415827,0.10960184462465414
2.684503872980275,0.11006974347437654
2.653802671845483,0.0678066703096224
2.5410085484966416,0.1593349228980082
2.5778035393069154,0.07528667058994565
2.594571367121153,0.09966897474256908
2.616850225320034,0.12780029670546988
2.6676572850369604,0.09428759879167978
2.6507659897740354,0.0800426792060567
2.6642354366402423,0.09817005161945541
2.5659268975234877,0.0787301305251113
2.6365605547584976,0.1261407284061744
2.553284950557658,0.05400800349822329
2.588864030940846,0.10386907666314014
2.5267008330667933,0.07341552842089868
2.5175696242033605,0.14360600878766405
2.626844851304147,0.08507070473155516
2.612318010663214,0.08475881785404481
2.660266958243838,0.11135238635611744
2.667055884829084,0.09124308111454245
2.3609460120305674,0.24113356066788094
2.3539196573905774,0.28019681554148745
2.4522164828430073,0.2868199392277784
2.449974919408061,0.2809147351082656
2.3859784904459973,0.29260252597759817
2.3928812263547337,0.3175970427084132
2.539231108395745,0.0766745689857668
2.5620196381256095,0.12255952725865114
2.625924944721984,0.1177224909457634
2.4366964599840824,0.16011025046683852
2.4864725634298437,0.07374834534450722
2.513401150218521,0.0894959923601885
2.474024554150251,0.1917101936844744
2.553288168013435,0.13457134532182502
2.5970021973054527,0.2069440394722186
2.560913237576131,0.2171036043771772
2.5544643919821337,0.12862691942260063
2.4772501258402744,0.14778756690178488
2.5141086604224205,0.16977447835988183
2.6097942653415487,0.13902191190423718
2.5676362855846513,0.1115275102540679
2.5299747643447907,0.13567327236543697
2.507117045927439,0.18341891623745699
2.4649128096556194,0.15564683553285308
2.5179833489436523,0.1776820109636564
2.5182861522277706,0.18721618185336986
2.4638263991197817,0.10709020747913302
2.5327733457665604,0.11690089939061178
2.4743112094607183,0.15439217013094914
2.6247945995987534,0.10499762320362309
2.598926818771305,0.09387710504447938
2.5514084475397776,0.1634453691324369
2.547443624266689,0.17852565852578073
2.599388946091125,0.09285165913601072
2.599489134695067,0.0900983450792339
2.4977269204637156,0.17465320596360975
2.6168341158760993,0.08120603643737877
2.4997408256630456,0.1516074180683599
2.503809411247387,0.20037620758949953
2.6745771773205966,0.03535759327204913
2.7088495031089046,0.13140736580734877
2.64847577682482,0.11987771717353676
2.4812874472516295,0.11732503199348931
2.5616876521106167,0.10874715131276015
2.5229655523471175,0.10901913386877186
2.554441935535371,0.18583210119208943
2.6016839812541197,0.21006359716108067
2.301093798707889,0.22177013861385367
2.5406036548586726,0.2550705665026031
2.444873171292033,0.1675552811963681
2.4315725613425534,0.12703913027029473
2.4978652906183463,0.08684636145356103
2.6149492163967216,0.1501541053170575
2.5871666677408216,0.15517034581177747
2.5009940897956753,0.11915483193509172
2.4203895824435753,0.23202516499104212
2.4206917620823494,0.19197929209467482
2.4315284558432637,0.1892510084582555
2.469244469716545,0.221462526936359
2.5404395226565026,0.12804467299330471
2.5402946038851426,0.13126704679947968
2.52529669372102,0.12944964519766414
2.618344036151883,0.12971252873440575
2.5037882532121936,0.13313567993871173
2.49379805052107,0.1384525326805041
2.430027094411709,0.19240866127513798
2.3611284349577195,0.2385541268758957
2.489255433660145,0.2768839775099862
2.645746086543808,0.0865485562770868
2.624369847481805,0.11849180483606188
2.459827339357083,0.1574464419868626
2.466624919397775,0.17636996846275838
2.5712814697708515,0.07209330291094901
2.566589536377605,0.07055458810228701
2.6143532351731675,0.13389327738112064
2.59045313251015,0.0731824270391859
2.5887531350610162,0.14695689679439206
2.5697381690686365,0.20220304736575964
2.632286267128453,0.13701319277852966
2.645813580863,0.1168214116779808
2.6567772471003224,0.10686612088448977
2.6033591154039453,0.07110126358531864
2.615225566127841,0.06140770984448417
2.616115430280898,0.051458213679932314
2.4840338120093386,0.1383828936034067
2.502512144020631,0.1887079984635108
2.4618667814229287,0.14900736682542554
2.664165279546235,0.15148193106426988
2.645085036358753,0.155049252079615
2.508841882053873,0.15379790905329932
2.43168922748956,0.19364596606867351
2.6459138473968222,0.06554990183799755
2.6689989128031217,0.0896361298283062
2.652729764895667,0.03934899983467875
2.3521656504718025,0.29302599548396663
2.2925060265358503,0.2676346415264483
2.256745545844718,0.30563743249308956
2.275526290276006,0.29681712791850423
2.5985751017055434,0.18626084808775217
2.5567893256881358,0.16573519411300322
2.5290823722113593,0.16087662137611317
2.595387730736197,0.1172099560140553
2.529886851744001,0.17169645127240593
2.4860222517712454,0.11267506421851863
2.5314432514578527,0.09805761139130757
2.6177992893312125,0.11520183527112965
2.5195334128425175,0.059525996947742174
2.5152647200503377,0.06724129443463675
2.550928591797275,0.10254636073568474
2.575141688733632,0.13722540685273354
2.586928516599084,0.1402992015169046
2.4932135534588826,0.11976136687444239
2.514770750069037,0.19714427947823976
2.526903279560461,0.23234053505766752
2.409498005044909,0.22704815822978808
2.412601513059775,0.1682915414024104
2.6098138330410565,0.1781520339841106
2.463775818824175,0.17459546860807296
2.6205826663052756,0.13414596304601184
2.514618051212416,0.14796783612184508
2.6175682712693407,0.13714755670008147
2.5346063065439557,0.156547237189947
2.538715478869087,0.13531825849993004
2.5515959459322555,0.12318956444926518
2.549291858151626,0.09914807979873141
2.540982882225788,0.12069405098383332
2.5323046183668914,0.13214130800283386
2.445164137941424,0.12550338575425948
2.6441448382592565,0.21641494528939445
2.616968844605117,0.22219557956933852
2.6126835498189154,0.20675321115876316
2.4735245812340994,0.1276507469396194
2.4889876293888915,0.1507404952313123
2.487565582143879,0.185067815951086
2.560465535530893,0.1475006279721248
2.539621666059005,0.1581548013390251
2.525635270434801,0.21495594376522892
2.4743222223996013,0.1375831484493557
2.3687551880218582,0.16753934829751285
2.3612833230273584,0.16004844090385964
2.3555492768413244,0.1780225706762444
2.351758580575606,0.1859717257047079
2.5405533903653823,0.2217909290038969
2.542532457400089,0.22380395840051648
2.4323809416361444,0.19757422723485915
2.4270726718865596,0.10667777457225927
2.483102049188891,0.11616644029732846
2.484021788447549,0.11868898756240626
2.5076496360272396,0.15030452659854882
2.626477232656794,0.10263458353785558
2.5151726332162343,0.12685042291984314
2.656690341716471,0.12173102124225227
2.675847703187943,0.11254171157622471
2.682136875807686,0.11386948158378088
2.4558716164459655,0.14254711373382678
2.5025031461237583,0.1943978610472729
2.5105438394062327,0.16552319909250268
2.51280006192606,0.09707532336956654
2.5151626906503175,0.13007481170866042
2.5034481981087917,0.17225779175438366
2.4858018091807033,0.17552063241238647
2.4977739560004575,0.1143369243083101
2.4722701421040005,0.1346592261188583
2.5587999668682997,0.19676970904173738
2.552957740911862,0.19384055436103198
2.5827664389048155,0.1812862994437096
2.5832588477846525,0.20109480214797634
2.498402865606201,0.09503804477163115
2.6109229116494994,0.11421738625299833
2.5612388544664704,0.06745385142696957
2.5383963170211516,0.16915557570649956
2.4294861031365134,0.24600326734928535
2.451562305149012,0.2580161241933803
2.390910572250482,0.22507686627900644
2.3947168545502273,0.22615295257613305
2.622238479756709,0.165064843885142
2.6495870391395986,0.15030295662918272
2.568759587259591,0.15397108354604983
2.4863795952206726,0.1643992340309996
2.483997974824537,0.2678758793999544
2.470770115014149,0.24458375277740702
2.5943763586622546,0.22232086827346642
2.6408165484615203,0.22635458971704897
2.3562001342745122,0.15256855955651005
2.3971439696178884,0.14617349816314998
2.3959011903938587,0.14034709774924822
2.365129509336482,0.21894644804329955
2.5781280969908362,0.13747071529329272
2.576685023435347,0.13566834988623053
2.553549216120708,0.09307187362262209
2.5092293802143915,0.17026764649754483
2.5390726447676895,0.11092727556138346
2.62189289483439,0.10359350226405101
2.4406175893803095,0.21503197343476216
2.5427250409240814,0.07483845848990105
2.451916250907925,0.2847969884134466
2.417353172571256,0.22458423102535746
2.4690791843405013,0.13023564487034817
2.49769230508266,0.13316979977526588
2.477787571198363,0.13295170212719779
2.5253951074666836,0.16932408555791878
2.554391168984397,0.1838487614170211
2.529501790419548,0.19483696278376422
2.541147719569923,0.13762412265201895
2.5251275393839423,0.12137383726147918
2.5465062232837,0.09911156729309493
2.510638821166221,0.18067669371247982
2.53789930683939,0.16575883034321193
2.451468654673995,0.15781576216099705
2.45207777715846,0.1581014303024155
2.502504239407751,0.1288280917945712
2.447459919531178,0.17431514371255116
2.5231601905516956,0.14670283011495772
2.585568455488408,0.15450566174573668
2.5035960543956484,0.12084181932116721
2.5271766404945493,0.11541793265974959
2.47565093748774,0.14126630486333852
2.47709442980814,0.20007722432607636
2.4622011968580497,0.16283776557699842
2.4452485316342947,0.19531240585534881
2.4660740795358613,0.19028570492277808
2.462674579435261,0.16335700935746394
2.3893945682016744,0.21405019006825213
2.3827518861244297,0.25241152856392707
2.3639306469252657,0.2478135099977868
2.384683206102297,0.2288421596314323
2.39944704528187,0.2184729307069609
2.467081709897067,0.2198278709866838
2.489782028639887,0.2392309973296526
2.467634561424286,0.24618662252980442
2.3935441478059643,0.2154046276859405
2.5308074020617846,0.139836208353549
2.566749230514925,0.1801433662334944
2.5310750788366403,0.12532141741369865
2.4837576135654666,0.11172647733560671
2.5271978924190273,0.09937059874888805
2.475756154196984,0.0919683978002385
2.4644371038231996,0.08371571714014904
2.6016493104206746,0.21943322805430523
2.4458530095152855,0.18799746911734386
2.649903875901568,0.07982910440527502
2.563110477320622,0.10587906078259657
2.5471886186293813,0.1650100955020928
2.5630559388883625,0.10459409864414064
2.5321626216577906,0.13129934169078797
2.5432724793242274,0.12746790301253558
2.5873208578555906,0.0993788770824808
2.4773515520069442,0.18606727006182983
2.4672378604382,0.1579802742796687
2.5061606446607745,0.12543533871072135
2.532171625837014,0.16160450300623316
2.5383750392813296,0.11916778285750439
2.550599240423775,0.0995146001256048
2.5974252153279465,0.11761581622319499
2.587951919274961,0.09234834686596916
2.634556224158816,0.08039936892254095
2.5051281081703594,0.17622505573435707
2.5412855808701016,0.1647780974496119
2.5109848952308953,0.145110739968157
2.5802475897286326,0.1530991244166534
2.589821838097689,0.20220026165559726
2.5897780525228447,0.20300176948456952
2.4533598437761084,0.2582727040029482
2.479613728365861,0.10333388470804164
2.4624341588168814,0.20229917153004823
2.4630084434758928,0.2175371005260968
2.4505766921048733,0.18736292246563818
2.494231732579283,0.11606614867847151
2.520724048352065,0.1313320773660593
2.6013733505149443,0.07315256798415111
2.5783111291321847,0.12731136829074075
2.5885767460663605,0.14181804136521955
2.618314248432048,0.06530227081640139
2.6518106878802623,0.1668697396673541
2.56679506307785,0.10813244436631513
2.5491375828831444,0.1697183439773285
2.464405713920306,0.21880681263385304
2.4355653951857086,0.1822645925889376
2.446609490109171,0.23250219993253318
2.3876942480317047,0.20478787232864495
2.5217854670675393,0.19350396026525077
2.5181722623090432,0.19560408332855023
2.441666322181988,0.1659441936086369
2.5272279016250185,0.20184848895910862
2.469167691265596,0.26196092049090747
2.4126810900437174,0.20584046446144777
2.4674162371971042,0.21252383576592881
2.4216517844588306,0.1731428179040431
2.40312548333838,0.12595527136231288
2.4320246328252195,0.1265563461925604
2.508998012091415,0.14285434539069505
2.490414984167511,0.198979836729555
2.3923876531261135,0.24333380663389742
2.378804109457179,0.24172084254437026
2.51662493110322,0.17911325718019014
2.410827212465012,0.212968369595359
2.4433162964265396,0.19076588670830613
2.5012490165762733,0.11885769764751211
2.4583527023819296,0.24613208860074162
2.4905738136172118,0.22693771760471207
2.529564346490427,0.14168047402722314
2.4297151495852587,0.20004539399233934
2.4915093089453846,0.14144395197151863
2.489555111738438,0.10089397790002311
2.5294051207352464,0.16900996161445106
2.537600818227693,0.166183438736376
2.5727750341344056,0.15363239238586124
2.6097089139851226,0.16673137546328193
2.583498179612235,0.05184253501707758
2.507201045034398,0.15943895944297218
2.5080532375872204,0.13173687193669645
2.492879375670998,0.1264810103424124
2.4834791438987986,0.19363460254750584
2.474023844298615,0.15945647549899342
2.539841042210194,0.12087518464609029
2.6238137728728477,0.09855560676856602
2.6013167564992026,0.08861449156749678
2.5408791644304944,0.12288333414541179
2.5708918600479174,0.07703165197345023
2.546710536976433,0.049303755046343385
2.5479841960472727,0.13183843310680468
2.5788894878316007,0.10813101833903746
2.579040480713978,0.10100262681886117
2.4389627461374164,0.1904288336037342
2.5478897070073874,0.1084024579269949
2.5052699183661167,0.1174793209219182
2.5292197910170815,0.1401983041716367
2.528834165408183,0.18653341051792874
2.5282404251187636,0.20870547324969335
2.470972121844098,0.2354427088997074
2.5224922764521853,0.22084322868931397
2.50916493821032,0.1731288300394613
2.5938302529563972,0.1642474516263531
2.4683652173441137,0.20541915913102554
2.4824988344930095,0.2003447881448468
2.4646801960427647,0.17197181870489694
2.467142190204544,0.17130308312547124
2.44194355474329,0.1662223835947363
2.5447161179903586,0.1137217071374151
2.498781631861888,0.1729779361724433
2.4598480286386613,0.1507581923641423
2.6191636462686296,0.15703475789337265
2.6621672692949128,0.12644409972487333
2.515745303748818,0.12381059845470407
2.5314019937793155,0.1467925299623043
2.504274122006326,0.13176888712622267
2.5013860356649675,0.11800440109038716
2.461042729071755,0.18623193705813862
2.4579492557658136,0.2080692224360924
2.6091090461200417,0.09195950378534565
2.492226949132858,0.16867356725782978
2.4919154293730816,0.15580223017047687
2.4833097979231087,0.18696581695962042
2.5295304269089627,0.15327219918547688
2.51024190624494,0.14172369106349486
2.4802072322579543,0.16684404382111556
2.515622452854566,0.15787922928715983
2.4721510790502847,0.17946621538374996
2.487440290587955,0.18899700462673155
2.4723788969784377,0.19636487619346593
2.5575927376832976,0.17324626095058757
2.692862062490793,0.09556394082231554
2.5691681561707456,0.15977689700205772
2.5586486887961204,0.1858100096811548
2.505864040471654,0.15453763310968913
2.6069100353784638,0.10126612184565606
2.598123634696376,0.08467632716077654
2.5931798778026356,0.08192058010947978
2.5902658581003872,0.07723244820322475
2.540762934202412,0.1841702939066748
2.57288975559867,0.20360843460761818
2.5364666934331663,0.20310271406214192
2.3883084487563853,0.17590851542502212
2.455544560256705,0.29177245927582585
2.4964379936942236,0.12809368042772762
2.487348474463203,0.12654208059643368
2.4707628078310537,0.1444235838219845
2.6637503829324634,0.06821217559680404
2.64925193024143,0.1009098322909151
2.573734520882016,0.14856533158894997
2.5626459597171594,0.1589018302065385
2.56846917165816,0.13718411395692484
2.4150137908244282,0.1854777524422764
2.489820302869893,0.09447608913524472
2.5307176563127416,0.1295717149817072
2.539784163152629,0.13232147985558815
2.4870481702820366,0.12912989966603883
2.3669714670457913,0.21910478434815206
2.523053068440647,0.20666548388393374
2.524788943011879,0.169867222761911
2.3666570315052584,0.2127673462907096
2.444146746526357,0.15382396304549883
2.446137677288227,0.21452133797348236
2.507841762877507,0.15919024327410636
2.5334191614232267,0.1264267606994186
2.4573243968712704,0.21802996348781736
2.4738952596988346,0.1983313359735831
2.5204952436755037,0.14203260144252386
2.525758417503019,0.12434215342806373
2.4675649725685056,0.21151371157204596
2.4178656028433303,0.21105020126152213
2.410452846486033,0.21827053180309697
2.4493049704340657,0.21201177212438008
2.5017760551594677,0.21509483354065922
2.504084465120507,0.15468460367482745
2.5028147000327006,0.17508895369520344
2.5450912529462646,0.13577186668985206
2.5469469933088322,0.15348215128973997
2.5254212927409383,0.22259038126600816
2.4826492197506553,0.18279657390307494
2.663047200250224,0.08554494570884473
2.6581030903865956,0.1020689192015353
2.5906735360312187,0.06007422546841721
2.5642487753295056,0.1797590418683856
2.5257547374746734,0.16296269099346858
2.4563019579846754,0.17397341916174666
2.4743089184151597,0.2014028512495334
2.464681439692078,0.17754244447995376
2.4932041639408666,0.17980789667979388
2.4220148916909814,0.21859453973271836
2.494247962550045,0.17471429663358426
2.5614328879999895,0.1723595285847943
2.5658299869620462,0.16083325722517466
2.578012584184256,0.1776139738875812
2.5440801039827,0.10077885531972582
2.4809116677287286,0.16700473565239546
2.574390361105435,0.12125329706141011
2.551783076438568,0.11743991242861644
2.567539130160941,0.11816278541165103
2.6015883819083925,0.12514166725766487
2.507012936615414,0.1426815181859786
2.64737509343009,0.10208186380750837
2.5722311121512678,0.09060381454752439
2.553174671416668,0.11605436763667056
2.578204929952965,0.12274150424618764
2.5921218441823726,0.1006303036303099
2.5142736772322065,0.15181413183262824
2.459117461461252,0.18504638927758513
2.4375243671914313,0.19548249153766672
2.4127261506400783,0.2777503342239812
2.3991588068401533,0.2645810444092392
2.433554189706573,0.17542841422945615
2.450841378165557,0.2545951334575339
2.455676411145318,0.2766251533684847
2.4543605358020937,0.2742458600070328
2.3482782206225075,0.21198177022635462
2.402903346786855,0.1998093815255008
2.402106836918916,0.18569236144831308
2.5482109170517506,0.0927910731906631
2.6067631516788343,0.1543302710572062
2.5914919799287333,0.08686281561828026
2.591315277531446,0.13530484465501558
2.5037617185778265,0.19658253647877408
2.4728601792563993,0.10939808857620881
2.4768731394309245,0.10914524237888948
2.480832898594125,0.11923331777075374
2.6237384611462735,0.11809401855862584
2.510302533761395,0.19509375935153198
2.506381331647993,0.09105954651903887
2.5505994019865823,0.2585104181205005
2.51966421545702,0.0484827281010282
2.505600786982699,0.07961907807747148
2.5098132801714046,0.19863089889646673
2.564743687163666,0.23741039993284188
2.5528900160876935,0.242171368342528
2.545299123873814,0.26103182281724957
2.4527649685378288,0.11744354574910414
2.4638754985804887,0.21045921672495022
2.4678677789192216,0.1925358297893688
2.5038314083369184,0.17071289269312304
2.507635840173961,0.10550100114471811
2.5926609128534466,0.09575890236329528
2.435940836558784,0.20030811412330732
2.455548142963357,0.19136896195180572
2.472003139234423,0.20647056213259302
2.4733041381103873,0.1491353166349564
2.516298465709379,0.1593178156944403
2.497769518878032,0.1583022834447244
2.53672635909642,0.10828672621673555
2.5134400575995395,0.14678214022197839
2.518862119137674,0.13442882420834673
2.513059593482652,0.12994133343027117
2.520899258853008,0.11017844539479116
2.6164144803100227,0.108298318207336
2.4625313141256284,0.15359215433891396
2.486151230314515,0.16259172884359974
2.530711734537664,0.16992317062438486
2.4951534663595476,0.18085951193710112
2.5495252636728503,0.1205622874059042
2.369672185741667,0.2884043747113073
2.438503183242997,0.2186745679622335
2.4851180144735188,0.1409046211168498
2.381816496338057,0.2984541481249384
2.39350946549853,0.312304914213031
2.632394540234323,0.07903812579714026
2.6977741628196745,0.08020050059094001
2.685879235327386,0.09354386177376096
2.640440608276986,0.09806772763044157
2.4612369476080596,0.15463151691800342
2.4529777342806556,0.16441033071431024
2.43919053872289,0.1658960311314133
2.4960905479926874,0.19939888807509054
2.4629410024676464,0.16174302206930058
2.468860475880712,0.14331559549730027
2.589756270962106,0.15933663458615582
2.646458162011021,0.12534124667332028
2.5520025757474127,0.14881242725210944
2.646597365603891,0.11260618288224761
2.6444936687653353,0.12983945509248865
2.4999346955119,0.21914575825848032
2.561341343372405,0.19731640608796097
2.530188185150093,0.12868880259196785
2.4627974040667437,0.18985678414301702
2.6031561328131128,0.13392975012635733
2.504816568260328,0.07116725738936713
2.5229015954908514,0.24009056519208066
2.5978025949644805,0.21844078949686394
2.46416807301087,0.19260096306427602
2.496295809368197,0.19908918901209338
2.4748295700864977,0.16794641323224518
2.5465536341290593,0.18296516085349637
2.379964733392026,0.20051184829584365
2.394911171094309,0.20917081584375236
2.4771375298480063,0.24977683325639366
2.47017891608589,0.2531660753565448
2.4818115157944933,0.2087997720157252
2.3408049678067098,0.22380894728947037
2.637835783955945,0.1144470983796208
2.566920778351002,0.17056268289468163
2.3918097889843826,0.25659223861893066
2.6627269289879005,0.05410290714822599
2.4313663753800148,0.21002378196955424
2.6446198869231883,0.10141977339253001
2.4979115332572364,0.10879788207129748
2.6045960712539236,0.09949315000662745
2.3715030038660063,0.20289403836193484
2.3767264706505737,0.22179396974763557
2.3620241649401117,0.2150101011636772
2.44580441185131,0.18927540955803165
2.5781727650428423,0.08165956824294214
2.5819576335562067,0.08615613607131054
2.628877378881781,0.1178838446245025
2.5967775490439893,0.12997085279245324
2.6042017783627895,0.17954342461359107
2.4983375144174347,0.1748500155458577
2.5347676847498195,0.1579437696882617
2.4393503366678995,0.1776740645146416
2.5918521148658757,0.11988326301085438
2.52191098793124,0.13795938671170654
2.400719280796092,0.25133086520495246
2.330626177142338,0.28356013996347534
2.4413441401895675,0.1672284249367577
2.446753208821298,0.1895331777568428
2.432864390901869,0.15775001503454417
2.4302981034241213,0.17312992578838196
2.3864207565029503,0.2194535338076046
2.515438480930932,0.15164217681107428
2.64702288029802,0.11326026541248502
2.509173543986454,0.08948028999432776
2.4690977041772104,0.09499167078517518
2.46364384890899,0.12089986035675912
2.4595762993729635,0.10555439294664087
2.546413724515155,0.12014289023583329
2.5807045233562937,0.11810392823214315
2.5693573856239524,0.11182448484232954
2.5547473255848696,0.09234269193602963
2.49332572940611,0.17547306973743756
2.5647986044004294,0.12776944065015375
2.493689718192057,0.17136755107419413
2.566359725366595,0.1629009425634945
2.530760362447611,0.12286586248167491
2.600445580682531,0.12490746595380603
2.6085792550906484,0.11498329978508633
2.4802018572595084,0.15018044535112432
2.5290572136736884,0.13563769194530262
2.5243108506441994,0.13357615746256843
2.546076253736715,0.12166836214613629
2.5658710640279936,0.11859301572319357
2.6907454800755097,0.10775657282283804
2.6434492583323284,0.03781202215631263
2.6393403118557597,0.08639999212303905
2.5055886555060503,0.12369344860022553
2.495564046879411,0.16349991719545146
2.6346552316917013,0.055252159979094516
2.6626300671495047,0.12333303153601233
2.6274250497965803,0.12405168881472081
2.6161862128659763,0.13388356493136333
2.543543288215228,0.07947055839246359
2.51343831001398,0.17978815888452573
2.5104767748576933,0.17737424118934605
2.4850671111292733,0.23818436782963381
2.54769055188572,0.21943007923486457
2.547112443475418,0.2310279873469032
2.5137425573982943,0.2330823779122769
2.5833151035004684,0.23333046177876124
2.5434115605834826,0.24216112171411155
2.4386247784399315,0.2062413082122829
2.4658230161527928,0.20646804318256715
2.5174616376822216,0.11587675840045515
2.5157869523829017,0.12634380493090078
2.5087327936616477,0.20770758524199887
2.3886006031029883,0.19332042916613193
2.4205126067964478,0.21088786396392084
2.4452185710942143,0.18805858775487969
2.5856539606965225,0.1802817821206686
2.6013284185261734,0.17995867452597145
2.480861579128891,0.18857030135148228
2.5919436834065266,0.1201240443127594
2.5013132052371962,0.17732461519309306
2.5020971252844912,0.13661279735153362
2.523819457447879,0.11713025719337204
2.655711600411699,0.08409705410315438
2.6432028362864477,0.07302290063048661
2.4543819135155065,0.15708183201877313
2.6228260342482494,0.18662313806638722
2.5759214930454655,0.16672528975738457
2.4614638073244017,0.13952263345484367
2.6007518220218864,0.14580560357939068
2.5402700084596708,0.16532862971220957
2.5735710306784987,0.12465654614353529
2.6426427524172635,0.134884886097519
2.6182182713474647,0.07088656327590094
2.6194938193142523,0.06276990486958205
2.4311356753408804,0.2345379385356471
2.4653883644512042,0.14483528628525114
2.5039375781004867,0.13721747317992064
2.5240201676566096,0.14421273089916362
2.4913114042447972,0.16228596845599663
2.544930755113916,0.12803190508995096
2.585889827136773,0.1449376635688578
2.5195482911709495,0.20677023542220913
2.520631020841037,0.1719616046914304
2.6040738015408484,0.1594346917882016
2.598735792481887,0.1840663742599537
2.4714153808357686,0.1425443793852297
2.4760393898262842,0.21450196810690939
2.430755141153786,0.21632663816585848
2.573966113135611,0.0894357905767812
2.5752815564953053,0.12483846093664877
2.5769623371585153,0.0829251889995486
2.6196273082166215,0.1380110493832214
2.6244974428936056,0.13691543836921083
2.6153003160824366,0.12495752668395076
2.490604477597721,0.12806956782168727
2.5565461210386715,0.17432608746110667
2.508891872379769,0.1935802491367677
2.4590944475952528,0.12794506992294416
2.4481418700388202,0.12825432750458374
2.5199645199263587,0.14401926209580185
2.566708057963491,0.12774430522599903
2.5416832355433447,0.1708214230842746
2.5120695917644125,0.12591686295431476
2.5687399862996476,0.1535057547260371
2.4640704725410703,0.15583594804282253
2.6597857627411305,0.12351666946439462
2.5957889227806774,0.06123136140155197
2.500440478264156,0.07259369718387461
2.5662133077501084,0.0680487780264966
2.645699497888647,0.14922548646400996
2.5955985504521135,0.19686473955090922
2.637569929317451,0.19243688172916013
2.466060739372751,0.10917997374339046
2.5424784830343543,0.14350147326019022
2.5460177935486015,0.1461241281080437
2.43130512489388,0.19317535196167512
2.4439237232629587,0.18692977760512094
2.5424382756421444,0.17522224358496388
2.5477567030474373,0.0827174934943435
2.497404717539876,0.2637369434561307
2.5645674567256846,0.10857854147396724
2.5567356749327423,0.12522000567854835
2.504608715577897,0.1819914043756378
2.4782041125559844,0.1477284576213712
2.502972160723039,0.12556358632617287
2.556206311863869,0.12408710175786414
2.583758548862396,0.20333867259609123
2.484497540332891,0.2265329642321715
2.474969408238547,0.22472071574330316
2.5947726458363207,0.1716571810331741
2.588279183236346,0.13377017211606657
2.5413764848572553,0.11668656114206147
2.590547826748756,0.1181113362307732
2.5745679510166304,0.11383677463540626
2.5954956756485212,0.06500159332979909
2.5979704575741467,0.0664834110635622
2.642615125174814,0.031067994221243553
2.5936364539085868,0.08869704380747453
2.484789918935711,0.10890215832262783
2.684236873991491,0.06320156749778749
2.416261285233068,0.2251147732516529
2.4684935181699577,0.2387526407890086
2.393269336140933,0.20144639050273294
2.506567746432109,0.1608104583553207
2.5120125089998995,0.11997482255783397
2.513239928887201,0.13011618593687033
2.53031277676485,0.17905836002461628
2.5310091929469274,0.16924616657688898
2.4527268872316745,0.14609676497983148
2.464558991513522,0.13156603915556578
2.4799014727553446,0.17604105526486766
2.5051208921872266,0.1435115915513229
2.507757714685164,0.1388211736813856
2.537693011070767,0.16573959984199146
2.5196354562496235,0.13694531361388926
2.541627851835913,0.12082129866965784
2.4612659800233176,0.18428799306000263
2.5411722042617795,0.14641589029423246
2.636683328936415,0.05662551174730586
2.6389845005780264,0.0751979517380339
2.4609601764375206,0.21185149978425355
2.4531370817605804,0.1554359647203747
2.4136904389482856,0.20983135785610108
2.4193158052814314,0.2553580994175375
2.4132542573337603,0.22074283036749842
2.4988307933382052,0.19783815609711425
2.5339644359121682,0.1438729229422725
2.450929894486696,0.1534303687759335
2.4962779671099975,0.17593052924315716
2.476337701774496,0.14933244512124422
2.582916382724021,0.1551276327866345
2.5460003638316504,0.0917144441080188
2.6050565054852144,0.0769549575400181
2.4114763616724293,0.24015837448637778
2.5070216702760937,0.2172182603017526
2.5239478859556566,0.21882186090464967
2.532368803503357,0.25189258680845694
2.478908981240135,0.15678237030578038
2.5276169217113997,0.11580061069104106
2.5906449119490147,0.12849505783712759
2.4378640497469646,0.17697063125347665
2.444453900542767,0.15594682327156947
2.5593750441080005,0.19836564630059067
2.5736854884380076,0.2275461334317053
2.492019993631514,0.19810983885519728
2.3907714261797137,0.24454259431765799
2.4245413956650204,0.2958538843425283
2.4111935500395,0.31068505615842007
2.4667146003252785,0.27512835298338156
2.4686125473949665,0.27388234204682266
2.465179187555419,0.2790039910904691
2.4431360260519925,0.30036338702422016
2.406721290903944,0.26407324051237624
2.4229728538204616,0.19123208876558798
2.3721098210082907,0.21782201408153226
2.5288392583420496,0.12428995907412636
2.4881238449693326,0.12479295323716853
2.3974831535786962,0.13192182377981407
2.4883800519168773,0.2970329967784397
2.3891876843871973,0.1679141071078857
2.5002982096873185,0.16869225447114
2.5398173762008103,0.1328168022155414
2.5501712393673697,0.11654057403741155
2.5931462899370907,0.11644920537773353
2.5970763799606384,0.12360524180725163
2.5967422777899976,0.11471915358866121
2.492605834424688,0.16327130340701532
2.4453029666877635,0.3035775441246499
2.4123606666976154,0.251775399807613
2.4166819875623804,0.24728192888473113
2.5672700798071273,0.14049317726777477
2.6166445734957633,0.1535415727110506
2.3927481447736914,0.1649291828597742
2.4090316675768144,0.17860313332020253
2.4636125441719536,0.21820455620301785
2.5097907362031546,0.11214461499241836
2.519717925436969,0.09966714742238102
2.5107707056682096,0.10316958869072804
2.509270744802888,0.10589298565189376
2.5786974121143107,0.08710408187605258
2.4318798331962244,0.1467064094516132
2.5052597806046646,0.23815740161393562
2.525567943442089,0.12136888585565525
2.587253835612426,0.13339976965618938
2.5813982117391254,0.14161750096735612
2.558344801016323,0.1304444905764198
2.5078004934272893,0.1727448235752038
2.4853862335963184,0.12047531499824111
2.447215409779156,0.14345432718508672
2.6624648206399453,0.10844252058325778
2.4549510278508806,0.15294146545503318
2.457442754906058,0.1575478545799254
2.5693616385827305,0.17299234297725113
2.5663163897528314,0.1749838673565251
2.539720791000045,0.17246659386780194
2.531169433737322,0.13355280552987983
2.5933620136196147,0.08539293535605606
2.403249139976014,0.19176376400282175
2.5971146256275985,0.10064213740706801
2.4369203164645485,0.19153140628015675
2.5972238814108626,0.20545379923460524
2.5630276488099892,0.1850302647693263
2.572391469896313,0.17908088907448586
2.6395806382643507,0.1367024933330384
2.612592932770234,0.11698982432632093
2.4961278046922577,0.18882739185519834
2.5546697552100146,0.07450509114162326
2.56578289873129,0.06833380516870186
2.58165304204334,0.0660446271945781
2.595968788658602,0.09388232577852144
2.4934691876427393,0.15799037168976302
2.511608093342287,0.17110106422217258
2.619600012718938,0.13722052730052925
2.6206683537936772,0.10780148725517019
2.5971943101454227,0.10664406533059238
2.4009616081282754,0.21563413862486358
2.50103763512806,0.13674278201588128
2.6753804111570254,0.10594954188098187
2.5732844792808924,0.07625261365577957
2.5145735657321997,0.2505949958413005
2.4938939591193723,0.09748915147701354
2.474433221677695,0.1195885811388947
2.5223489465333633,0.11749966095026686
2.619856586199288,0.11745110135532573
2.5316118198561006,0.12040153232930718
2.5279457882080902,0.18097451165277798
2.5066659186701457,0.13636686427123051
2.4956105909841986,0.13443913180842718
2.5329650751150194,0.14515352551198266
2.552684212073621,0.06426676548786149
2.5548860427990334,0.11595462118682798
2.5681130103434944,0.049001146726983115
2.430448655430398,0.29103421523635215
2.494035464984246,0.22343129366514328
2.4431375603189607,0.13487677876966528
2.486787600374245,0.16424324711603572
2.4756983575074805,0.2031195616682274
2.4484695880059393,0.23559938664403884
2.5154010008111225,0.05943221173533002
2.5242978754918957,0.06902001698761674
2.515889477602552,0.06021158970334334
2.562726956093079,0.0648817456746151
2.541597514887544,0.07654335287430525
2.431071158481858,0.22084679092034853
2.4234482799929498,0.2269424896539669
2.6075052430212295,0.07958736362049713
2.5950818808802656,0.18977108113247135
2.6151923905519,0.10669934936711031
2.5294186539885986,0.06935439225248793
2.521378964752471,0.22684417099103923
2.575768736142185,0.1006071306450483
2.5218846679633717,0.09854400167530104
2.5019214843525805,0.10146539344056504
2.4728210070199874,0.20387941670316667
2.4531118585124907,0.15293362166872868
2.6712988945476117,0.16904180509367103
2.5693809067786377,0.05216644485716987
2.6797395297928563,0.13884841601126374
2.4747793954954935,0.17444171329952673
2.5685589586842457,0.1450820120881462
2.568355586241557,0.1340004908983087
2.585870163270445,0.13879576307833508
2.476385602744572,0.10326304803809358
2.375556198889115,0.25418592794939987
2.3792768885120656,0.2502063016303545
2.4277682460834704,0.1357313144339792
2.4567383938735,0.26635864268701775
2.440372587868681,0.24208247993935045
2.5491692262154544,0.2718489045647038
2.511100233198991,0.2595602735207808
2.478326300138989,0.2565028337880717
2.4813639984280704,0.24919630369096651
2.478889341098425,0.20412453405548966
2.5044067004405726,0.17061453799736864
2.5563187362789717,0.15848231259068327
2.422112979422357,0.3227666713963801
2.390930836976295,0.27391776620421165
2.504638699857251,0.2172231785621859
2.484182463706448,0.1871856185415459
2.4975726833020238,0.131532242462593
2.5315267229476857,0.1810844296491985
2.506764675366875,0.16032673437294412
2.521823939482893,0.11994076333368978
2.622126491116825,0.11792694209631664
2.6057621283974126,0.12502101437255242
2.5749033659109823,0.10525610872134858
2.5535150075568755,0.1136919825090622
2.6135587019091413,0.12397203758774178
2.5614485897369934,0.10841581230806559
2.5507981909463684,0.08450020263831841
2.5623510106508975,0.11756111133484105
2.5151164403553232,0.17580104899067056
2.4919736237211993,0.2366962208425195
2.5291300750441827,0.18955291879285502
2.672983060770946,0.19212724052484031
2.5873074651886503,0.20443108481790065
2.599363863025081,0.21098762445459035
2.5230127352277374,0.06754942421224483
2.5366745724944924,0.11984508281452964
2.340122965805319,0.29069312102106987
2.4164634430684,0.1920027200141606
2.463384971982694,0.1684636194991168
2.587882722865927,0.12270759349160114
2.6495740460876442,0.06138199889758422
2.4059933743958175,0.23109607061333914
2.6015242728433887,0.08613418367444214
2.4560592228220646,0.21272832227528324
2.5123519434957484,0.09985761719695119
2.5149085840288237,0.1008388600121303
2.463122383604374,0.19229086587653554
2.5092164566869735,0.21778026024602484
2.4432447893924736,0.14566968334937572
2.618939385587846,0.1306882263390539
2.496158009495849,0.13058739389052612
2.539222439065661,0.17154954804135317
2.5886623420701493,0.20293613202090408
2.491168998283553,0.20090674175738804
2.5178216538049774,0.17487463280868265
2.4899447732283932,0.13800549868591624
2.578747402112037,0.13147384911507937
2.516441581697875,0.1061185933091396
2.586573961106783,0.16266995500566234
2.5805458188717645,0.16234610005736505
2.6782126374261512,0.08143749024960753
2.5194596426428237,0.12859308895836122
2.4957343146432196,0.11814125036153476
2.503724006731439,0.19362266433346786
2.4557518799316083,0.19740830037346305
2.4882691291866887,0.18181593276972138
2.523249714264104,0.2074776986854172
2.5453204975111774,0.17074998500718216
2.583112172752297,0.13118592490092743
2.5194826732331363,0.1023592340214699
2.5351975852819844,0.1210081626066513
2.5704577965033684,0.11934173017246352
2.630024312305485,0.12666630767103776
2.4938677755399237,0.1360706264034014
2.580230924003209,0.14832729415611612
2.5917286145518066,0.14873812060307348
2.632878247442087,0.12852896596388913
2.534734847169871,0.15924869601800087
2.554308541440032,0.16261866795816768
2.5391390676900265,0.13628072683238762
2.621475440692675,0.13282671710004143
2.6425147824774298,0.12855370196495067
2.664313098794122,0.1215217561487698
2.667524027751574,0.12263898440203264
2.6233555127716612,0.041061456242186024
2.5993568637192848,0.09036347026867907
2.6441047078039555,0.04912717756888605
2.5737685999435502,0.06826544518486971
2.5393281137591774,0.1362072412800157
2.631253301750651,0.11100471947213547
2.506724521488069,0.23056049521576255
2.5748285031113736,0.20153577559865832
2.587979410758747,0.14832959229833056
2.585913109239914,0.1439056992289516
2.5789973925291,0.14422538943161525
2.5962310846299657,0.1286386382969504
2.504213689116384,0.12176514549064552
2.4715790156539756,0.11874472866216224
2.481757747502555,0.1710903942611731
2.4114747714889937,0.22166616643081563
2.401864074475251,0.19350589228685372
2.441938055735631,0.14789625355520433
2.470066003193436,0.1875594402278106
2.49567582399746,0.19329190186258882
2.4290526074408043,0.17645255014170325
2.4713409624865617,0.1217971332208888
2.6200804847003782,0.13731513647688656
2.546011494540502,0.21581042389628174
2.574178968075892,0.17246988916336653
2.451831319244222,0.17651640914481237
2.542502630281824,0.13127556855469638
2.5487061543977902,0.10488683920185854
2.538557623862676,0.09776040421413235
2.5019374916208856,0.07709625323118736
2.5811144284884433,0.2012085587443088
2.45007643688086,0.17942869442134218
2.3805748103044246,0.2214121216026016
2.4164379855307443,0.29631666583674093
2.512988690682699,0.17661546174380288
2.5271684927047673,0.15155573443016696
2.4839720784231245,0.11305398167977493
2.539255039918952,0.18462277858786852
2.564068655121401,0.09916661653440742
2.5447341464329054,0.1239470537999127
2.4360629435741883,0.19467612783882315
2.5202437836181923,0.17033343539231321
2.475160631216365,0.13646583974726598
2.450511389148648,0.1436780524094217
2.506294186007587,0.12707445933088388
2.50179829879209,0.14530584101424798
2.504435266981684,0.22098191143002366
2.5062599226824043,0.23090188239134327
2.508277880751217,0.21291965655513767
2.56497742359111,0.09699862444635182
2.5411938215147316,0.10111368625866676
2.5392259344160726,0.11402473160982206
2.5740127129465056,0.1320605466702394
2.518201603900968,0.16726634415098873
2.546904323912873,0.15868053876249325
2.4777803446133624,0.14945891399265437
2.5068226146767176,0.18668659321902167
2.438916489478827,0.10634813146363215
2.4369238792429133,0.10421075272407541
2.600278724010386,0.19564966841606177
2.5135547922196007,0.13488786669654287
2.5677793186524602,0.18655310063771363
2.510078632539237,0.14643540734426994
2.525415993874455,0.14046993123289347
2.473767558031077,0.1610397437667444
2.523975191190441,0.16333315675961863
2.507547122709715,0.2169811572525782
2.530765740137918,0.22927281626935764
2.469841836225497,0.2219731601759349
2.379678349967778,0.22722672610444877
2.3819563578457297,0.22592361654094237
2.5495660648797687,0.13090101708024662
2.6022378819910617,0.04700672785917341
2.6767407393025806,0.0841389277794419
2.5727665465145027,0.0645526356648856
2.5694650363391505,0.04094011848111041
2.586909077394031,0.0615043823168352
2.664150619282854,0.08514354804998066
2.712649421701828,0.09416804895132765
2.707409134661383,0.09334223714163921
2.699598481516085,0.09720872858026908
2.740491883103883,0.09673060320438985
2.464602065728616,0.09571889560035189
2.603493657444511,0.14279248916401974
2.5862214956177727,0.07843046008108541
2.6443340706521288,0.11292802548342402
2.488068665573268,0.1241587044520617
2.5548744111882833,0.1125943261159199
2.5740750844395195,0.12076892713541686
2.58991097278156,0.11308168449438993
2.5603911339952936,0.11580800974009786
2.4532866122000665,0.22944647852312935
2.4839465466192756,0.21178616413872192
2.5327577337538045,0.2333946146065971
2.5458044287919237,0.11042056141238707
2.5237110478124696,0.11685831316824406
2.574425815806188,0.1524016878432607
2.5911698558504703,0.14309841377760982
2.6170852432913576,0.14663898686791435
2.599020622634523,0.07159249677442976
2.5400692230126554,0.12306076427757653
2.552032294453063,0.16522859182448002
2.537702497777255,0.1571531234379762
2.622868838066764,0.18645788901443627
2.5724582526179467,0.2297003786639295
2.4688243022996836,0.1847242613438169
2.5782500817125515,0.12426514592538775
2.5768468125695163,0.11690260917358787
2.600357437084787,0.11008333805904938
2.5025759536197896,0.1417856709714392
2.426048880264586,0.18454863111663597
2.4577995835114472,0.18761810825921524
2.3522122601990714,0.21772676014691214
2.5183268425272187,0.15335931628598956
2.503177916153274,0.14952678769235425
2.452059331305192,0.15662428880818502
2.5638551935842546,0.1609961454656713
2.5649287973725836,0.16265732164030225
2.5732936697305053,0.1504729619482583
2.605842873785347,0.16694177448946576
2.5968490693783477,0.10112864732687034
2.6706880370846213,0.06443706641306857
2.692770251006086,0.067412819710501
2.495141955652108,0.14392277290859748
2.4481548026474216,0.25269065493111026
2.432569770487918,0.16724006340992018
2.426984585557333,0.1514331226234234
2.4250288317842275,0.14890931346604078
2.5216934416862005,0.20956209814836818
2.438302688511094,0.22791840978115677
2.3806531043389656,0.20676575459280644
2.3409318673964155,0.22189972320072934
2.328343277087063,0.2910990070843575
2.3322119701876924,0.2958783611233969
2.3636477681063384,0.23075683255025647
2.455705013420767,0.17471669035899723
2.6457881180066507,0.0748577069334636
2.653448983573323,0.08563656405539827
2.5699099466399473,0.1065527977385623
2.6873241103401373,0.06774559560429837
2.7046019015755625,0.09006984269830126
2.7093346417353716,0.08868006177129972
2.4349074080751993,0.13744623123332214
2.4524963212036535,0.17872970898235319
2.56823471025731,0.14611256968634848
2.503798378164925,0.17991797307288698
2.48243991818377,0.15752989731192826
2.5383882300855585,0.1408083112761031
2.4627753568812882,0.2767289719693826
2.480410697479797,0.21360470628263828
2.432652252736636,0.18491982999851495
2.4469048883704443,0.21835094256235363
2.4320239454477575,0.18957501662150483
2.3753078210063947,0.22955568159937906
2.4790342399821816,0.13809748701248728
2.508359413613171,0.11074470603472797
2.5318267743979637,0.12095996898204586
2.5572380123173852,0.11889177472840716
2.606308888422189,0.16477788015237593
2.6069198556590907,0.16793287440789945
2.6188404505211986,0.1815501112620099
2.4633047371266663,0.17499511030769352
2.451614688740367,0.15274021908467747
2.430101530220238,0.11466405903115207
2.4248659294641906,0.10766216064930455
2.5352246510468794,0.25937328185516695
2.5242329014114584,0.22391993821431241
2.541593628320593,0.14651138827081603
2.542405382220768,0.17958301556266437
2.528085866020266,0.1954670007971882
2.5018949671543655,0.19348201042560875
2.5803191992715644,0.16531789234094704
2.3851053927221635,0.20297508103454873
2.4583128781599344,0.17005175905272824
2.441578955405272,0.16569054511806394
2.565577171377005,0.15797624746778474
2.5829693781016374,0.17934304157635372
2.579818010828758,0.1788571564510189
2.543891093625794,0.18662468829746712
2.574795556891134,0.1859273514772185
2.531469109844617,0.08900067735866023
2.5184871796474777,0.08883034955394589
2.4935744798827524,0.13808630124465307
2.5329637389034274,0.1438355563669477
2.5233624354188287,0.19348107050015953
2.5355855787446706,0.14788525226266874
2.5710671151692837,0.10979645251012504
2.596778186999322,0.10535851289410579
2.5729233112167824,0.14631329665878665
2.519440936453449,0.15508091769013244
2.4957314666853483,0.19090040005607745
2.434414017742489,0.1934539290942994
2.438497999068697,0.19547790849053337
2.472422779108928,0.16272929999462019
2.5024389292801428,0.21465964864498152
2.4846719801095,0.165934237024168
2.6199832053394974,0.13271371486054934
2.561796505814908,0.07243871613711395
2.4844409064686697,0.17094504362916912
2.4728815231426364,0.16300585531949796
2.445385258554643,0.12056461341881207
2.548888737336102,0.1863675659281152
2.56827934233474,0.16941740858448165
2.6217257002730205,0.1728997110257277
2.652800092456739,0.209665075666434
2.546412596219679,0.1346450706450937
2.6077749216190456,0.07002715136396716
2.643565438033844,0.16677303909863977
2.6138390734153476,0.12684194400334836
2.6174243300254103,0.13538052197464956
2.474221350945266,0.17867516417504767
2.4973955971736013,0.15716083864949143
2.5199042431058087,0.14277516332838186
2.5307303775536507,0.1409218098899554
2.5978726204171227,0.09610716400052893
2.5988960105876253,0.10022292356461245
2.615547209361713,0.10217892927606387
2.5518228827196068,0.1602764023646482
2.5160763466626053,0.11437544133958212
2.507286522215638,0.11733950850461812
2.554428945015374,0.12247973824314283
2.47518480075924,0.13069914360886367
2.507279614603424,0.13701651596628503
2.5177046181825924,0.11931400065692208
2.5148842931982696,0.18966847480262589
2.4485119477839095,0.18217372480382402
2.422969407703168,0.20639772508769846
2.492278850102172,0.13257741104001802
2.5116087923259767,0.11687445678700312
2.575592441037693,0.2292355307838834
2.476069797712861,0.14406956311266092
2.488819017711372,0.09082561861450915
2.4803447544566803,0.158134091409892
2.4733964039618614,0.12681095205230367
2.507655225529046,0.1449314603030175
2.5918795394513916,0.07680514451479682
2.533833034582572,0.07949465405704582
2.561475198283718,0.20687827549844587
2.5312011909393948,0.20786418100011358
2.4895664952102647,0.19462232475513871
2.43932532851815,0.2380314866564938
2.658666194346197,0.05235547393839319
2.674139100285787,0.08380311456007904
2.6298327828782533,0.11211681884702417
2.6571595389531346,0.1432878610491137
2.4839620322801967,0.25311162456527675
2.5443901420716255,0.11437305243915662
2.5668947133043902,0.13153048123391917
2.5726216564861173,0.1380441234597552
2.5647359192906776,0.15669396606301841
2.4853420509836655,0.16967625283100266
2.5357667558415473,0.11974609644314121
2.5553870212189214,0.12338765361970774
2.523352455591722,0.12262361928162817
2.5711502797575707,0.13548094692984758
2.5609348513732484,0.13317032230009918
2.460697110283788,0.23854958809973809
2.499197260418971,0.20047860224992572
2.5821162170654484,0.0742526927152554
2.5793863662870025,0.0593016128326252
2.396788613006725,0.12975592600217734
2.5567741363613905,0.23264598071485748
2.665974988089051,0.15929937131334096
2.645450060362269,0.11007877448209079
2.3177383302423276,0.2465434571354511
2.5524793662539267,0.2091109971950779
2.395112011386007,0.14759908887412446
2.4743496972039596,0.2480259944655652
2.578547654812437,0.08821322157627626
2.495411036274459,0.11589976005785194
2.497908835207372,0.12928070642562794
2.512132810066338,0.1365078558476015
2.5529114858081785,0.15177642576249628
2.42381971122808,0.1409810124446164
2.4092408357710484,0.14333142944090424
2.4512955016914275,0.19279358958745488
2.463642798531301,0.1796988626558302
2.5390366818052055,0.22822096437352127
2.541647170686534,0.24254065219698578
2.5895861188000078,0.1913130919607181
2.464295616103085,0.17738118799658154
2.4479625821161597,0.1683225577515318
2.4028027246473425,0.1633169500505259
2.5055731019191856,0.14877809814829776
2.580510208262037,0.163830617223727
2.515924981301445,0.10091744534968104
2.5363998016493112,0.1862958466183679
2.537540581892422,0.18683781332691982
2.518984689465311,0.20438904822642737
2.5751596187837373,0.04297081756169297
2.5699294939800303,0.04046716890647492
2.408354888270081,0.28109826772252516
2.392163172083915,0.1730991712468637
2.5095233081245176,0.2373363100534102
2.47859440851372,0.2177442749883995
2.554459918095368,0.1090972231421572
2.573320255485401,0.13694282023435522
2.471015075125395,0.17047169239452156
2.5514593748734886,0.15700996451678717
2.571411767648378,0.1746242198842677
2.5957616015899654,0.18243738505462645
2.6249390226543254,0.19425394610433971
2.4344489456716256,0.20025512310054694
2.431908249085874,0.19829845396240472
2.5360946239391535,0.12983695724272853
2.535237897048997,0.07921570773387696
2.5840776956028644,0.09895814848450679
2.497991918729724,0.1243384816256076
2.5341155086739984,0.18568435382224663
2.5390364135193475,0.08399554859233828
2.5150954699138333,0.1451020783716336
2.389095237494356,0.18279460370842826
2.4161394533502074,0.18022806340049816
2.4949947240794015,0.1618644050782445
2.497383351897833,0.343933366779769
2.279880537216441,0.2840001622470499
2.300502773909546,0.28825317294365294
2.316685413291995,0.25202722265641014
2.3442508966871527,0.24620296822305748
2.3555761803576067,0.22929323401613022
2.685418723135116,0.06909532819790716
2.6215131726715257,0.10473256369863188
2.6652402368861976,0.14341738655297598
2.635477829737248,0.11305088338190618
2.4918701473982368,0.1558816383873326
2.529578504880472,0.12784200379296723
2.546835743023632,0.0900839373650586
2.5872865313256472,0.1463552849733528
2.640280227014483,0.15665563349763562
2.3924225289472636,0.16710175687784795
2.3801314082514167,0.14209093314219104
2.6369028475973577,0.16439946970485506
2.4565885899725375,0.11744125047656216
2.468458135092091,0.10795970563457039
2.4834810666431,0.13668371762745435
2.576405017209363,0.08034357968625772
2.494767058033146,0.13342607932303074
2.384340061556822,0.24980149975602667
2.3984486818338593,0.2502019955749116
2.5035615271472227,0.1949607516792686
2.455596967771475,0.1682294109482859
2.5517365235717526,0.1395021671696468
2.491177669208812,0.16627109613448335
2.5257520314405233,0.1805573337556891
2.4668897684702555,0.11891991115795214
2.5086203155935722,0.15085513384773921
2.4351254595081198,0.20896360379077392
2.5542794857560387,0.1438122847076475
2.5577722591701004,0.1578450458236839
2.5472027075646344,0.22306767064835847
2.5493051186943907,0.20310004626578132
2.5522714753565263,0.06712043611692031
2.562556325311239,0.07576486893707138
2.578793254023445,0.10826481753176086
2.593500236449694,0.10468987621561492
2.597014677748904,0.11107359967768297
2.41831708427605,0.22195705010871186
2.3495116802455733,0.2258608936856554
2.4241278677363622,0.21585976427384876
2.4516620004473904,0.1689623943108391
2.5093905295603736,0.18045545506612273
2.5970959877289848,0.12456401904435607
2.5496571911259016,0.12144958389166521
2.4357559453203925,0.10612000823919764
2.439055362588434,0.10679219896975824
2.438303638591754,0.1315354841838604
2.4386865488115586,0.13064649208924173
2.45026244686379,0.2234989148743418
2.440424108129583,0.14774173955815137
2.449442309918666,0.14895968748702734
2.6240097127766755,0.15910628386306142
2.5602917126321945,0.2238644404367095
2.4278671983061413,0.15769615745226673
2.650771250913732,0.12240928228776385
2.6570147349773614,0.12462102260027237
2.591430807733217,0.09096372931696967
2.433856637385334,0.2211543564364799
2.4465259202001275,0.26729332528509736
2.484192325663272,0.1455101224393536
2.460758475985693,0.1325657347721692
2.451731565695246,0.1717437487594824
2.415098900119384,0.23779652163671483
2.527401119614981,0.12954186701819465
2.5615189407355614,0.21965237203987995
2.45794551272012,0.22792418764805317
2.4649505808233076,0.2319398756464737
2.5274720882709043,0.09779790672904545
2.6660936959025783,0.08524649990537007
2.5906213789344488,0.0656529568068022
2.6694734934116013,0.12836970262961056
2.678092206933476,0.17109880222232615
2.3421118332013693,0.18460004224248716
2.4699300887870717,0.19645940645879095
2.560673695986778,0.1133634053270679
2.5787540411830476,0.182717934454458
2.5247081481612383,0.18453982654983062
2.5707684504735844,0.08614541469136343
2.582255121937035,0.10819346491021775
2.6040075893498202,0.10531366923875353
2.6565169503537542,0.12982021740793429
2.5729871295521556,0.07050149224650126
2.4779326430384527,0.12717227210752746
2.480409455395946,0.2104638416887612
2.5233223058945544,0.11648937458657423
2.5027470711466098,0.1871144626667233
2.4817588814195815,0.20583366436747025
2.6061772898240863,0.058646253649003194
2.440784510141016,0.24183311508878735
2.5376279520399576,0.1027051898864646
2.536509081612463,0.10365344039793187
2.5148746089451546,0.1549527929402813
2.4865152447618333,0.12612348206587073
2.4825367467929107,0.145162341139134
2.549923111643929,0.13862149673326038
2.5982959632443166,0.1000084633872336
2.6042445168549047,0.12427748918137195
2.474625004272457,0.14364065557859235
2.555778796983404,0.16598182101012826
2.527673743075785,0.15380959992970136
2.4848506640783947,0.1417695340563312
2.6551256802556513,0.0671038314959357
2.5634887327334153,0.12745615350940034
2.4750185657862294,0.1663638712446975
2.474997306559313,0.2073564681598906
2.5711562078146324,0.24566653897706708
2.5560358749195533,0.09753099264256238
2.578077884481603,0.13864695432432075
2.4640577316566845,0.21116839319155767
2.4287780080283765,0.19973779198332658
2.5218122774501706,0.17522501968780135
2.5242501386638017,0.17853169777648023
2.5754105536213237,0.13259450532801323
2.686257761095921,0.060133015721246144
2.450297763202709,0.15087273434712964
2.5970158750271293,0.19471433978223313
2.571967358836048,0.15512062444236863
2.57868059393516,0.14008236048725067
2.5646251692036364,0.1343566967551179
2.463603135435688,0.1889359227000547
2.648203751398544,0.05902367982969126
2.6306684378747844,0.07354120291109678
2.601765472146413,0.11208952006871342
2.454849508421266,0.1340572020364289
2.6139717154002917,0.1332450568408833
2.559238497079235,0.11880579951650028
2.514541157141639,0.11317970046892936
2.4721865116615493,0.19916060480114317
2.4572065186130714,0.16897136436817992
2.612176165242537,0.10187599331795573
2.46896316168603,0.1653063285107742
2.525755118664059,0.19401490274890326
2.5433693955551417,0.19864206476542395
2.4977916913509253,0.15508740682043565
2.467272159326377,0.12450900956261629
2.4743418546482934,0.13588837951886087
2.523961757655457,0.13343906701313754
2.6008458299692703,0.10961620143932387
2.581485172438559,0.09010199799334893
2.5206498926803502,0.1555395191742598
2.5361930390467124,0.16184442083255035
2.58170716800927,0.12014538703512949
2.5192329108773515,0.10854842003530595
2.402872206356156,0.16288744158153692
2.4162000064246105,0.15190406018199054
2.4081946388127817,0.10221172172357743
2.4435671973765287,0.13284289589407297
2.4853476671304047,0.13466986928451313
2.633733467140971,0.11698115560907894
2.5897054850398105,0.10845460229456433
2.6087401581531555,0.10896163505943995
2.5220880548017988,0.15416171738464568
2.6087783970585567,0.0937187488496029
2.567914139442142,0.06205043270604214
2.434770853844236,0.23138972110830616
2.503694123838452,0.13840895320918112
2.4812309163143667,0.2254426684856737
2.456467612699749,0.2212598227631841
2.444961803007437,0.1816552662838049
2.460811368495235,0.19142390912368615
2.4310175080022858,0.1952109368018242
2.5060631981381625,0.19010722757014384
2.4923220875192205,0.13515579115104692
2.4724222767905366,0.11922990059213355
2.493221846934958,0.13332849235270075
2.4763796903618074,0.22289895583614436
2.50963337679308,0.21112311778258705
2.4975185800680526,0.09794789014256682
2.5124153986104494,0.10267557944836464
2.5104822262590294,0.09893089032468813
2.6118910393621477,0.14801276780232428
2.5842467270685447,0.14402551238135589
2.5698919701120864,0.16535655696908863
2.5562219147305867,0.12559345533147595
2.5830672244676007,0.17455319235772299
2.5480685419611864,0.15508805916594323
2.4485564941717617,0.10897540388571504
2.491774725600257,0.20999459804635218
2.469857314934745,0.16307198301648856
2.4885610555162305,0.1052233729211102
2.5481076543369388,0.1790859928527491
2.5137178362450614,0.12331520460648497
2.5003615614763386,0.1175764841205624
2.4923733558966905,0.12306972361949643
2.4885716020141433,0.09047583668493916
2.462871827240832,0.1837970413282246
2.480462001573618,0.19996155797916595
2.5254437302842074,0.23871358819800487
2.484619243249274,0.22174961479077837
2.537404982960475,0.15980639687208814
2.6188728061863884,0.12577474018303544
2.635219038218978,0.09671944248435488
2.626413662037187,0.11636808190146893
2.5769773559636855,0.1733727080390428
2.598749471179701,0.1643290701437716
2.5401949292596733,0.20174376335348637
2.5548532247368256,0.1672120338826842
2.6047159085596077,0.12308791783919146
2.6079215110294656,0.08064536344038156
2.6352345412580953,0.10147152407901361
2.4867106160623944,0.14252298013743378
2.3709398908790043,0.14280826153711018
2.52686984361972,0.2625090632625013
2.3995621790548114,0.20672391350431518
2.557951812745305,0.16508715217590203
2.5061343369145046,0.18388111178266664
2.5538969685088624,0.19333195595424116
2.481801365397533,0.22511865993329824
2.477386826624473,0.23071744933705027
2.4547368387058874,0.20911816825984197
2.4042871320762123,0.2250601417103969
2.447642969768915,0.17483952593097873
2.473419574248317,0.15270269107755152
2.5416874889139045,0.17355832879205782
2.604502721555149,0.10879088463687095
2.614865083959067,0.08906386710917681
2.627825163358977,0.13043826751191354
2.6229076822487754,0.19440460773617316
2.6426130886157115,0.17300511080955702
2.6144042036026995,0.07233350623712664
2.5766710997332183,0.09194182466842357
2.643980761119852,0.11038915924613091
2.6225393309970095,0.15757348994728834
2.617901542164694,0.16220142947744143
2.5956835344407443,0.13209076322655156
2.5058257825148433,0.12775478145691782
2.673221178961313,0.08167816453694667
2.4511996423835605,0.1561743055044083
2.4165188778642346,0.20012793684917216
2.533863772189264,0.12772194980478804
2.472256040893516,0.21561828132722366
2.4250890785270336,0.202109435035981
2.5017672126669988,0.14941744949955063
2.485518156485931,0.15869219952597852
2.5315653762559354,0.18805141677824533
2.438165791117532,0.19473579715059341
2.43260557732345,0.17016087010155598
2.404815497268178,0.1724868774127517
2.3984320656919644,0.1737669704958121
2.3699433277584903,0.1558382350134831
2.3759380761235844,0.16062678364616112
2.546168293873493,0.1567544938403763
2.5426248891232683,0.15120431346811866
2.526505290910993,0.13433363766263798
2.530671698299592,0.16175394905990767
2.4622387702241118,0.17140878750325522
2.4659292622918225,0.19697442861145206
2.4694506338479547,0.2250469617000504
2.4416220224854115,0.22853019887983392
2.637468307231674,0.1554515639699651
2.527717728324689,0.2099099391446627
2.506171681578536,0.1051727607437016
2.504418178460861,0.07819689363144018
2.528524783906173,0.07206346110692911
2.548625334625408,0.20211239848672347
2.439969870561009,0.1585141676702628
2.4221898551473884,0.1382493842311428
2.5358403328379735,0.08720611380335029
2.5243182128192245,0.16469613828013488
2.4556359865865716,0.23783267363556523
2.550143675533428,0.27434931726160894
2.554020003190046,0.27824183714799616
2.5453293322531207,0.29864567582407053
2.5419408156475605,0.17319394315329742
2.42504067298974,0.131886999236093
2.505266478512055,0.1813804277605283
2.563762650003217,0.08289743737042228
2.651179467861996,0.12209096662475727
2.4550421745681064,0.13720672315949026
2.535506318056479,0.1361139157218623
2.5307485027747956,0.12326158691309834
2.504385054897529,0.12992143203892603
2.571602687528484,0.11706637352118462
2.593054944499113,0.1576406355541906
2.5340305673666377,0.09312245761357911
2.5892177063305017,0.1308234890647865
2.5847199464076582,0.13565696946041356
2.570552435063568,0.12428447157897343
2.6301707540150407,0.08207912654593803
2.6335902354163774,0.06831306387829555
2.5871235994611443,0.1467538876333199
2.4572006160278406,0.1048998372101229
2.437730361234494,0.10595901117512123
2.4451270788317454,0.32964569309558495
2.442281722914358,0.3285201261514472
2.419252068884944,0.32013279967242453
2.3531395975866074,0.30731435978430716
2.3989556552388165,0.17234094340746306
2.5343863014269283,0.2050487100877516
2.3982143261717077,0.2137458519928208
2.417445122079718,0.20447587201215456
2.4624484315677453,0.20712946656027448
2.609977694757059,0.13601539434817686
2.424189822008144,0.1985135418702834
2.4182287684619577,0.21989544087295018
2.3853623197341984,0.17905554824481562
2.436072996145336,0.15829825712193124
2.455395754323853,0.1809246147237321
2.619604842285634,0.09057521567264443
2.554193873748883,0.11638560100971156
2.597359219321553,0.10245656900153685
2.5207589895053233,0.20517337450029782
2.447399993402332,0.1924161610387214
2.438099587157894,0.2541360144112278
2.5698607915818026,0.10391988478718371
2.5684897116573255,0.12639181226383261
2.540545935204416,0.08675722439950402
2.618285628107702,0.11701746978438243
2.556154709644657,0.18344190549944198
2.5568044309542115,0.18412406847460525
2.531756728441072,0.18178992543747197
2.588672971365902,0.19810522246912585
2.569601979167084,0.1881859974053834
2.499761348547214,0.18158213290335612
2.5796373270161816,0.18561448148718546
2.5618482481271654,0.17509239095579493
2.5805128574815086,0.1515837300324277
2.5019026770083697,0.13486567741255379
2.454983774007262,0.168724161707644
2.494600402474092,0.18318406488379976
2.473653240239456,0.19399587167410945
2.4331442533021055,0.15996150842248386
2.4568172620512865,0.23300778852742765
2.417144608136282,0.21680403376987242
2.49930661439587,0.21504662548534845
2.467704281329788,0.14342390522018358
2.3844219023351867,0.1301748188376327
2.4013089783895545,0.23650292925451877
2.4014871833177436,0.18599394803310523
2.609748857813715,0.12123700522782224
2.498048469051312,0.1387794544048055
2.5511217160344914,0.08715473709328464
2.628809526511261,0.08912443172739205
2.659258607050163,0.08811217579310895
2.4217138997477514,0.2244840517287764
2.491196678786217,0.19691725032681048
2.5364474684947957,0.11208932384260913
2.56942109893739,0.11633473896997615
2.5334431248536853,0.1450340656659602
2.399789736007047,0.1954718640944907
2.560824971968358,0.12628880959470776
2.398739180569615,0.17714812776011335
2.508006543236786,0.24551626205661756
2.452903007200054,0.22712601617810904
2.4295937046326603,0.15093977256981783
2.5239792976427236,0.20958795855546755
2.3440117617286016,0.21824705661214444
2.6057926177246946,0.16716616467729936
2.5781903926942973,0.1694717848187544
2.590756627137352,0.20499398801490093
2.640810238137571,0.04750199658531707
2.5397014962794304,0.1818601479650011
2.6012847500969363,0.08166927212871516
2.5258113384921614,0.14228525976623208
2.4626108604111088,0.18635520163372266
2.557071144196169,0.07766385195547594
2.454891152941284,0.2285163950787698
2.538639127816491,0.17995810050687783
2.5503570676101415,0.2234540923948609
2.575137215365113,0.21372968837208295
2.5609515284564255,0.16015151012192158
2.5805390879267383,0.14411603188338556
2.5279622552139744,0.17798789208954288
2.481455446781441,0.16937415933399352
2.5002519554827334,0.15309793176357256
2.4908031035613907,0.09878760054145701
2.4687851869572497,0.10528514946691762
2.5840181260044193,0.14286034374787412
2.48317282841891,0.16557085062395774
2.409791551313968,0.20345079315088874
2.5056661054677276,0.20671163345535692
2.515661663491366,0.10271955226162927
2.5181975873778892,0.12591995595909572
2.518745268186882,0.11835951008499211
2.5953029782087915,0.11848846429589417
2.576250953766952,0.17808582844871992
2.468322685838214,0.21760025311765624
2.593555115722552,0.0538579188676946
2.6380420098607686,0.14240860390998056
2.592032790960126,0.11884190232592255
2.660414067510624,0.14050377325011207
2.660250579298258,0.14242690058594945
2.651239527796637,0.0705403509180535
2.544003633340339,0.1418789846938209
2.5494927005763603,0.11406809625835139
2.5313516206883264,0.11761159369705419
2.5379484697356998,0.14398360791430012
2.404003822824357,0.18970256841632704
2.4660019857120075,0.25242896661780084
2.48133389079411,0.21900876789337528
2.505335389034636,0.20268965867238745
2.418885616825878,0.14791625040710601
2.7458043242093066,0.06638995801015307
2.5094555434727663,0.1673243001320574
2.5490003282637184,0.13613385464358047
2.5840974685775153,0.12968394308392187
2.588693773130628,0.13240637682787484
2.547666932215388,0.12970940656559415
2.5392681088342743,0.15503945672771202
2.5079535368305628,0.16876839467087734
2.472868053743372,0.13977146577750815
2.5736893587840743,0.14592202681861324
2.566812242244288,0.14529043178459675
2.5777215355367913,0.1544561201467538
2.526184586244213,0.1429428758791616
2.485759778917445,0.183537926133501
2.4350922076922554,0.15556761260422733
2.4522748445392466,0.17950765985591646
2.4342333910129046,0.21035450832614488
2.4950102165340535,0.14827882762400613
2.4889458322839144,0.18071111250904226
2.5564396189579655,0.09940509634599759
2.4870465789348017,0.14447169261968196
2.414021339331898,0.18712248915204743
2.411883260045964,0.18822985532779468
2.488155449374669,0.24512662327431514
2.469791678603832,0.20390113173920063
2.4837709162280954,0.24248027217044954
2.5022716627210166,0.18925307571045538
2.456944614697665,0.1887935097462933
2.5049387857803187,0.1250112722634673
2.5131502960854246,0.12991703468222093
2.581450536738649,0.12778085713831097
2.4414552753044187,0.1089600839537315
2.439158483949668,0.10946499692918785
2.436144878437395,0.11699682879026671
2.4715849176194857,0.12464816452251064
2.5088829358195137,0.12895084974849036
2.4900764540691216,0.09447602222562174
2.522100045733248,0.09456208520846093
2.5380830074619998,0.1791810621044966
2.5248598238854867,0.11248690156657357
2.523037856632512,0.11069197592298523
2.4332488625843345,0.10762087014365611
2.4331960340897933,0.11054606689778718
2.4375092697923884,0.12931061411257366
2.5969567235492432,0.12427516646360007
2.58525712742182,0.09299700833664802
2.5689810706554597,0.07879430031897826
2.5624804244329087,0.08533001887088124
2.5471307722616188,0.07380775336899688
2.4900906917494763,0.21817985640249785
2.4890381731660844,0.19512542196178093
2.595691985449628,0.11313268901290316
2.6355653836379065,0.07455656443056116
2.5656913625199107,0.0844426260017042
2.596789813633654,0.1451486451517094
2.663890292331557,0.1141609650208472
2.53453558567501,0.1674811741336464
2.500246216114738,0.16648627085896014
2.523455268393605,0.1650028405775038
2.605617319752696,0.11427014494521508
2.6399988078489565,0.17892480237321992
2.4355730889558735,0.24140173778045995
2.491248267763698,0.18708883772706658
2.499074489453915,0.1422963310489789
2.53908486502913,0.11725826178333637
2.541698617353465,0.1633502270416827
2.5153810177633673,0.1546006697573342
2.509762139606913,0.18083459651145603
2.551363608209875,0.0834070706740117
2.519007257100946,0.18160634220473154
2.5520823282063647,0.1253877044662812
2.5241736396971377,0.14422641028366215
2.545849676810559,0.10513074762895588
2.5156568860483737,0.17268431745523447
2.6247339684050135,0.13485321284242283
2.621332499557379,0.13555902546563464
2.5346087804513666,0.22444051445137797
2.467517661044288,0.16859720731417882
2.479504320820406,0.19900116622039793
2.4589326359018773,0.1626746219783689
2.6089030282132537,0.22596333668626367
2.4769857991879882,0.2406270436479184
2.664515401495781,0.21075189933929392
2.5585833893947623,0.15906431925043246
2.5107342545609868,0.20340628663073804
2.5177103439575275,0.20850755537905183
2.573108051745991,0.200531492073369
2.5698068572443136,0.19162874000953065
2.479875124544527,0.16606195060557044
2.4726283608680752,0.19448664059093704
2.5578828627225456,0.2144156316591621
2.4802722414880183,0.19960622307682085
2.4666212097775357,0.15515939607949894
2.6278667984358606,0.08698471719079427
2.56722472628193,0.11094601109239402
2.5756664223355408,0.11792195447140848
2.585367440639527,0.1062113284893173
2.5626639113263017,0.1367070257180237
2.588732195783475,0.14982344289677657
2.5382708091449255,0.10460667186597425
2.5276936025846597,0.1473453314540126
2.5328225253909578,0.10674260109714757
2.471256389076744,0.16890275597680784
2.532448943164806,0.16676696809239033
2.553113638728526,0.07733236089636054
2.580170777385379,0.09974472275256617
2.488516270474738,0.04985781638032752
2.5078130701607453,0.05362696828909207
2.5684751072231955,0.24064142193958585
2.5137971992727337,0.2296773209626325
2.4228528857673637,0.15379347442797017
2.548728456586058,0.23372849574159024
2.5387320085623144,0.14861205189510443
2.5025283508764624,0.13099319087744074
2.5953595284087982,0.12733350522228704
2.604074864789084,0.10618551393805625
2.599244829139901,0.10346689569745193
2.6770773806540547,0.06163941766293845
2.62338433802824,0.13111891760488045
2.6287668172453027,0.14015969295074462
2.4436561646048385,0.17481603386925634
2.5255760184310567,0.10980507265399761
2.436936007982944,0.18240744036527734
2.429189150350306,0.19212221583594008
2.3941083473674096,0.18833204596161487
2.708685337149391,0.06418917193742152
2.7119157522923882,0.05490597998308833
2.4758624983625808,0.1201492281162611
2.5039368065382677,0.13307804738891565
2.578177268945557,0.09970244107835426
2.5570495402810014,0.09080453620250044
2.5292701935748063,0.1286356530336735
2.5818029339770834,0.09586422520712118
2.5072927142525185,0.16303951771810435
2.4985171475832946,0.13060000299242472
2.498995457097577,0.16579041048606352
2.520521999976505,0.12321376042341714
2.5364751412127813,0.11063924232516882
2.550066536013701,0.17579612797825966
2.5738946753112435,0.1446878158502512
2.390327907378194,0.1618906095299817
2.3219364458963914,0.17996574242328325
2.3947220279485477,0.17755443172072938
2.47068967140105,0.15910526081595383
2.4922933343998457,0.207922051128334
2.4013375401025634,0.20122021638771853
2.47190825545805,0.1799201313261037
2.592985738919326,0.101141285067725
2.5008296537715657,0.12343506635716593
2.5090065095088097,0.13555425538938087
2.4687752573436694,0.23780019239065653
2.4875071552035,0.12292959217753535
2.488048356750827,0.1550493392674114
2.406217738756028,0.1632174750187288
2.438031670429705,0.18578939442427747
2.5193354851484875,0.12596530682775564
2.5734677411767852,0.11851542453942537
2.5461652044227905,0.12452222058719069
2.599006748018301,0.08800557946001548
2.483836088725439,0.14472400745715625
2.6540468614771227,0.13766533169561304
2.681313016824367,0.1542007650701725
2.533971261787185,0.055434235682380865
2.516751241054914,0.16170930322126634
2.5413400311394585,0.16770223975087464
2.4929882438157596,0.12675976903864966
2.531316989810833,0.20393637697350303
2.6191314581178977,0.18743514808751247
2.607888064764399,0.2116665929620883
2.5838143785754117,0.1728255605853385
2.551250286580661,0.16748772151320118
2.488207362640425,0.14159214796596478
2.4700600779537596,0.20757826430436258
2.585822049737074,0.2603334653889552
2.4309480133753785,0.23721256299791732
2.484179675420495,0.12769050956411532
2.4876252134508485,0.12244442917066577
2.4831035946258244,0.11578291578290624
2.48833328943405,0.11434760668873654
2.491419829000053,0.11711399422041245
2.4980090552545633,0.20241393320649617
2.570312639335885,0.1472599988351689
2.6201647751458506,0.18125380672859712
2.5797782023065583,0.109216838215362
2.510416446738461,0.185219702295158
2.5290292157377263,0.1426810237346373
2.5145065122955677,0.13308056818747113
2.650784569257117,0.06687582862355056
2.638500184023366,0.07123058572848662
2.6219548467659917,0.06701990895792553
2.6363854619870986,0.1036038162355503
2.629986379453335,0.09689676886824267
2.603745534617487,0.09101074623021532
2.392600069890006,0.14231965727501572
2.4253578794169752,0.2946715372268218
2.469409346759778,0.19473197484642066
2.4675118085565093,0.19044653857901603
2.5958149447828873,0.13939255693611877
2.55554717654165,0.1690543977313322
2.5458737297380205,0.17204152741115877
2.548185030229121,0.1593026207614696
2.5295514943633592,0.1480049229776457
2.567201236226247,0.12083886643645442
2.443579146747373,0.20642496733397314
2.503055177072484,0.14495177494973155
2.4999174487008955,0.11561623852031962
2.567515791729571,0.13130950532674338
2.4761946597667306,0.2084802392222367
2.422829074710786,0.22031665540576018
2.4872487253421762,0.16922412572958434
2.477919186002324,0.19840544761436177
2.4664651082845634,0.17701426120047267
2.5464403443704127,0.15213509336118813
2.4710445886378203,0.14965881440680395
2.609295932346927,0.17326906405211503
2.504456358635253,0.06875480910415016
2.5329683826800364,0.06694307065411736
2.718003535296349,0.12237014698204791
2.5351164638733907,0.16523324566840625
2.573285813809055,0.07020485725643506
2.5901853980318545,0.12588105193560584
2.566244786595417,0.17545362292816136
2.5618714418172264,0.18231917076602086
2.480864710945902,0.13442346614339207
2.587847013833129,0.12021753955670905
2.595078497668267,0.09691993463674138
2.4778664701958486,0.1259847891832839
2.5034707864662584,0.15179386839704984
2.5123018810018762,0.1556804121324884
2.493451590156023,0.1451915250220994
2.510226034850254,0.12350061312408266
2.483614878486073,0.1344194390737319
2.5315243120061326,0.16931727480179184
2.546090089545705,0.1752909911518485
2.5997483982212266,0.19543453502837954
2.528439516550036,0.16774496817323725
2.4430393515722812,0.2094770231554116
2.5180680149191286,0.2074908990556481
2.5173110701766412,0.16378957849322648
2.6624037817576927,0.14465216714106746
2.6333075752923114,0.11783583698292464
2.623776803807835,0.0696891172047327
2.4428019800201106,0.17921033988555507
2.5711550231476292,0.13257279544078585
2.5126115353577023,0.1048671546615341
2.548310253311122,0.10158451503734907
2.477898523390815,0.18739649393777624
2.5060362716648714,0.1702984419255687
2.5582239268055695,0.1371578805053891
2.5717772423264122,0.1405894784699922
2.6010117438618883,0.11295957758872865
2.5408925087619934,0.10449274477861263
2.4833844878553166,0.11904075377317522
2.640944743697368,0.12028773133260313
2.4673331073997415,0.14686187428281483
2.5065881081646952,0.20192541587779214
2.5308192783101418,0.13693594856043298
2.5792907695693557,0.08802358126610622
2.5132051693730664,0.11539513291269522
2.5503815240864287,0.11167693530829059
2.5456904313373983,0.10365444468898852
2.551441627908816,0.102809777731223
2.551340111865645,0.09372751151257279
2.5399649172448227,0.13056183867586482
2.506804632421903,0.17411253741820495
2.5218292769624755,0.1458758276918958
2.518113789245155,0.18251109623417885
2.5773099257726098,0.17219233555127314
2.5180692654707992,0.17864715768448391
2.473622082257038,0.1510922103411387
2.4701465399610187,0.14936083035709824
2.535618937839264,0.13644190986477542
2.42490541180734,0.1862423096748684
2.4821073169118497,0.15865645487762037
2.5701260539525617,0.16411393481614628
2.4774360781668165,0.1787305697402602
2.5690556598042225,0.13238759961049013
2.620190690285211,0.08762874767479881
2.4354550777650474,0.19696192116422245
2.6017215083508884,0.11102283516970099
2.542770269325042,0.13542322309976035
2.518774643556984,0.12570944963968117
2.60498424758458,0.14626585552679677
2.605978009794507,0.1497335461767551
2.48687921060299,0.12314928418917037
2.4297217021334796,0.1365298564113801
2.6418304426578154,0.158434324373414
2.5501134821148486,0.08462765072932117
2.516671987423881,0.0885813570964023
2.6252456056186615,0.12102924375359601
2.631055529652262,0.06258330457094184
2.4779295324000015,0.1925576353127539
2.467058242552101,0.24854176493442764
2.607624845980529,0.030801011062119413
2.5150814499303284,0.22965599119206925
2.6075217703992184,0.17194016059213735
2.592133787959467,0.18382686892565286
2.6148141289860196,0.16484629992701205
2.593096643354572,0.09334973724247328
2.574642117204474,0.11713408202341945
2.5156338314352227,0.1396667549480018
2.5034003329300827,0.15844739639858374
2.465699735454063,0.16133040313125754
2.4474642106201236,0.14327789203688882
2.412054978731988,0.17220726185663698
2.3870133611372872,0.28066610859925234
2.494061834940031,0.1717302287989155
2.488966527028075,0.1495022383342616
2.4046922487404445,0.22364968885092554
2.6699175849707983,0.05095737933146684
2.6826659803883874,0.09189883583917004
2.5837938597858856,0.10331540789251911
2.4276976043966814,0.1895227261065403
2.429745966053909,0.15485020524408363
2.532341258911793,0.2053524666491925
2.486110510886872,0.210524693183593
2.4983652634127984,0.2273877438091197
2.462585344680421,0.15288883240578044
2.5714090337274387,0.14619909561287678
2.5284633898313578,0.09159568803366616
2.527162660630222,0.08579069054350463
2.4920994936007994,0.19172441215166486
2.507743694191775,0.11827957919531519
2.5277923312604385,0.18968045639133907
2.4693479498807926,0.20678700511242426
2.474892760942227,0.2267233037979867
2.574556501600487,0.21174331172649805
2.58453432777272,0.16614137622496464
2.509896876051751,0.12446361968027328
2.529461758880597,0.09473531798476284
2.5251850093613992,0.09888451927520454
2.4313494746214555,0.2288172872374481
2.461415742467756,0.1718408992900317
2.5422841677776162,0.11937986644166385
2.4487120121164576,0.21686984246196672
2.497713681814349,0.24002581790543367
2.4298042012904832,0.20322691946277535
2.4530165742247925,0.1894659304771737
2.505745305578755,0.17207093569989268
2.5014786071814834,0.16673543921581913
2.557101134575696,0.14408368541106728
2.5069760741160283,0.13831581216846633
2.578915978000995,0.13236071369160723
2.477303979101891,0.1650241146993863
2.4548773301764477,0.15853456404934677
2.6419087004377837,0.09911127505755957
2.6439099400843453,0.11887737879867338
2.581442614774625,0.11880621592580054
2.590401532281963,0.10739430753154704
2.53901203823902,0.11135765130417433
2.5095781215015416,0.1645984929104949
2.456856461914038,0.09370770810529873
2.6072475898496386,0.11912947610157042
2.5742490852864477,0.10504805889556591
2.547024588236635,0.10866440095379036
2.4747183789015925,0.21141368595967325
2.5494040939093137,0.16034354004933574
2.518056329951012,0.1497682168387121
2.438254525711853,0.2072546919500333
2.5166311032544573,0.1077869557135615
2.5570006375962557,0.11809383366516804
2.5958396118474685,0.1116967118034276
2.542256431749312,0.09421565563345763
2.545141371483877,0.11192732631205413
2.509421581050203,0.18418329841098305
2.473418254363722,0.19865223123022355
2.416497444170949,0.24007737452443403
2.3645104447415943,0.24154430609136296
2.3569375019625434,0.20041711508654003
2.4895579098864107,0.2806822578457003
2.3975744803991743,0.19219215787328867
2.41303894082647,0.18596106419866548
2.5495194637877154,0.12554294669653332
2.470775810758168,0.14903285809905556
2.466645922262986,0.1523801746803462
2.415798618285518,0.133434741043906
2.493777926524865,0.11940216405695162
2.562485451557717,0.13426765677239783
2.3980803616343813,0.1707586722122611
2.3828871516352876,0.16018681659938958
2.3916203262363975,0.14946440438097353
2.437697114608977,0.1709438302966813
2.4335849526606586,0.17599605507197746
2.561417003072561,0.16522475358085836
2.5530644946941807,0.14680195938200508
2.505684937295494,0.13073509664183347
2.537391804581027,0.16614236551693512
2.5824740704098943,0.17428722053843668
2.552585867850377,0.09620829534460654
2.5345461004506715,0.09431664398124463
2.53957106361481,0.1300542254619199
2.5896106045836227,0.07424428578918774
2.6376388182016757,0.1435511170810087
2.674972281142006,0.14325877364010114
2.4780399534228255,0.13910973439702343
2.4832934200533314,0.14461000903435076
2.5841940022485255,0.1695409435838923
2.5467245054729317,0.19062522847298843
2.549858207027534,0.18994374128799468
2.5242869935112764,0.1895062781348667
2.5426594183502655,0.2012824661801666
2.5693499788388583,0.20303819616255112
2.568109227046686,0.18251082578324068
2.529583562627223,0.07487514745781965
2.530902784811901,0.039987115597409285
2.5982129008471295,0.08407192115246764
2.5459046417255475,0.14847654031346577
2.5773951755029048,0.0932929052184187
2.526667232344215,0.096228483339892
2.6363183947328372,0.10536380327571045
2.486063749547776,0.1338764126705835
2.526186071979443,0.11868341696610851
2.4685836273688415,0.18313341532318025
2.4568601157051866,0.08964945148888392
2.658627837093626,0.1606121524830063
2.4690863475670044,0.1574840307726533
2.559205935162805,0.2066640574294842
2.582424438149109,0.11196859416881938
2.5487617248373176,0.10251158556274025
2.58216573263906,0.16614158850502286
2.629080287198396,0.17902716314737963
2.4630051767638306,0.14294657633826152
2.5298138293539836,0.16035381430802337
2.3993440570582485,0.2468701763923627
2.4574153928316957,0.1698470717133557
2.4872238636121544,0.17275649952036412
2.388956462429664,0.1892730074870059
2.6446135454106874,0.17460976392060576
2.5245568399104585,0.05857471733398607
2.5434932053561887,0.2384144545497734
2.4400837546837306,0.08924015275667346
2.489417965297561,0.14840870389592759
2.5695198234312846,0.14809807738566338
2.471129777009295,0.14714342239206568
2.558476594248736,0.1742374079268943
2.507754499616675,0.18321696690661216
2.6008835385224836,0.14062019553872718
2.469924687370394,0.11907749463790882
2.5313646813610897,0.12567424000791577
2.5463094655242378,0.1711992081785772
2.4681926660110127,0.1318731730844902
2.462580612051909,0.1489601427662345
2.4608020984734256,0.11508782614696543
2.4694465101754535,0.14635240024206939
2.594597564934681,0.16874205770085612
2.587354867207012,0.16750747924363144
2.554289771492768,0.13205507380560433
2.438958912024469,0.1738382813729975
2.4026095653732558,0.15691026159735158
2.5638578639413505,0.18858604368310425
2.5061902482477234,0.2222272812138242
2.5006870522705236,0.2208970462216889
2.541019144987383,0.056259157049205345
2.52442449513586,0.23739070483850602
2.417239443273232,0.1387845244573471
2.5686870086654063,0.19776424522324085
2.596041435129927,0.19305789145290206
2.5472535703500943,0.18252869840737895
2.4689890743595715,0.1446256411538018
2.45499405147539,0.18450286480946446
2.5476771864620087,0.09362634466312142
2.56308343039603,0.06482768142906307
2.556993848748836,0.09368059401411935
2.5516212528257918,0.11968424540299118
2.628288825629111,0.08681601329325239
2.6289054982968287,0.04755496952774355
2.645408666205516,0.12629853209504463
2.559555418646167,0.2051216791223819
2.5309116973103363,0.20020819501826362
2.532344426443051,0.19029129158921884
2.531126642583365,0.07747524294448078
2.507865761133211,0.07749306952848822
2.5101323568247538,0.06187182857589368
2.6889204027297398,0.13365207916358718
2.6622183582615,0.1375854927973272
2.4260215915511756,0.15095710830500783
2.4287018065460813,0.22334671139746823
2.4478803096723145,0.17690515392341102
2.42205416865292,0.24416482251597205
2.5917950078193224,0.15893782749241378
2.5736743314762394,0.15807798182640231
2.5061318574901437,0.11042865423328478
2.547224184381374,0.06091040263522554
2.6863007377393204,0.13185244930723228
2.466645529749362,0.09851960715546765
2.621431524785176,0.12488088353653488
2.6225207658177925,0.1382098806080278
2.5966603982886722,0.06991578695028475
2.5689469357848513,0.13114639649689402
2.6037915666809393,0.07998608334671953
2.367262497332358,0.2774277877658334
2.5999707098738645,0.08777455696220682
2.6130513030797076,0.08302071412841579
2.569735150257959,0.13585006260343443
2.4804897521446945,0.16028268378717134
2.528158730195417,0.16969041623210365
2.493102806589344,0.14823861163981378
2.463455025918649,0.1576600004907329
2.4500945020163534,0.19442951410784776
2.43464341860684,0.26017055868839445
2.592264526918837,0.05568680158677261
2.610297084770032,0.05942864064716302
2.6188956206958354,0.05064628114051887
2.7042921684369965,0.12288865648213197
2.681337883841502,0.12253196553924442
2.660243806923998,0.09456771345496633
2.6005353815279877,0.0644968670518058
2.6519644353452523,0.09121591355321103
2.5192910522613547,0.11996530426512629
2.6050248544985415,0.08673087418568255
2.50904763130862,0.14600647903965064
2.4305778847109716,0.15144658561428778
2.424414963564194,0.14487063600265052
2.4290374666107146,0.1256575525672328
2.4386807176374177,0.29765423137797603
2.4129026393186126,0.2328931891217362
2.568491212657948,0.12003075466202615
2.5392471120110556,0.1542624347321778
2.386318710771638,0.21041297335596446
2.5244037706802875,0.23974331425208473
2.537620456334198,0.2255327535923447
2.418926569112245,0.15593100595159137
2.4384329151486823,0.17545435860529932
2.525257539065008,0.24936856845525351
2.5256310598537275,0.1726730114698397
2.6202752909336917,0.0807837561212038
2.4959312340976703,0.15748946759711946
2.4890598618780952,0.14610425821239192
2.5013422769352713,0.13063782630328208
2.5968664618502344,0.12892450282964288
2.584258215243612,0.08329457813597989
2.4699905918738705,0.19745173326792873
2.5689705152393665,0.10136109809661517
2.580843618115299,0.11478633584299382
2.6313927673548574,0.11110192245141673
2.505392478950836,0.07535879720813866
2.57633860693829,0.11225444285634838
2.5727748739290126,0.17975585217299375
2.611679520766403,0.18211062574143042
2.495793634025633,0.13595266269809608
2.5128532943363844,0.15614905094179934
2.543699962303236,0.15829790000616306
2.580267746584551,0.1821649526774793
2.5492071424664884,0.1677017965771314
2.524280145087285,0.11262091700989765
2.5004694467272475,0.12270185526813952
2.6251908252053155,0.1193919742251089
2.6493128474229524,0.08944666036593915
2.4837715996955056,0.15727721792430205
2.406935817234818,0.17429881180364223
2.5022331372507614,0.19839947401231423
2.5166238054127454,0.21650638419159335
2.480382266604345,0.13549516032500036
2.544799291795455,0.11741211894607113
2.4306773622782627,0.07695517459450278
2.434541439196309,0.09874718395210941
2.538041469044548,0.278089869691909
2.542365813016896,0.25053145843300323
2.5125819307274426,0.19736817897930062
2.393105185460496,0.244509369076696
2.400437617359236,0.25363233932085627
2.4033850485328285,0.2561430541696647
2.4862047871356263,0.15237335529346058
2.3970397788080895,0.18360895992126053
2.6567647780459507,0.10080910387149888
2.5243692492582332,0.12803847911773802
2.5030178294894054,0.13146559489500148
2.5077942811801557,0.1500929149098638
2.5139198797444613,0.15593024598686472
2.441735083114771,0.1369186333771715
2.4058941614160503,0.17980328006490737
2.481900077845871,0.21923749002559156
2.450760364459717,0.2068466767731944
2.5437203558192847,0.134683058306391
2.5574291194374745,0.1348278697958055
2.475866697227139,0.13946453158727293
2.5631380012262763,0.1640206552723995
2.559620144512275,0.14650624496724945
2.5206926162660377,0.11241062671188559
2.383824023026693,0.28042287212846306
2.579179860126495,0.12312886748460948
2.462327684696626,0.17084027690884065
2.5236531218572713,0.14394602384550897
2.540984054706279,0.13407953572184875
2.5724221497773385,0.18132482381832069
2.5766926947559754,0.18563085542554822
2.5672586340661954,0.09058169376574257
2.556320646250593,0.09285775533596748
2.5625819234268765,0.06844485633481374
2.553259267002631,0.1026524156708935
2.5936642590946986,0.1516335553072604
2.4854242961329494,0.11886997229932862
2.4601772790015435,0.13301005538796778
2.6002452604002366,0.0880209570859059
2.6032464687447767,0.19758532437093104
2.522904165943116,0.22360845923080896
2.5386298941284373,0.1747459179700807
2.4364742441730787,0.18895190942323428
2.470719024825381,0.21762072011646338
2.5456267832956456,0.12178632522895518
2.631037855423009,0.09168084137969967
2.6493804006185977,0.09296256726217227
2.551396138681196,0.13007686183531994
2.4597587141418438,0.1930013304912538
2.5173929725787065,0.19538601693931798
2.4856705390511475,0.1381969868130622
2.4804268364334803,0.08299595176321545
2.4792015834451218,0.08261142481670537
2.5018253153448686,0.11763632732099422
2.5031816299901224,0.12284656845512133
2.494026959910539,0.11819125928910906
2.4838401475392375,0.12303725467792181
2.4983991238367205,0.1472096480739714
2.5576168331951874,0.16348682583567087
2.6153513257204692,0.1559475863398889
2.45394806286354,0.15537078008126168
2.6161979843763206,0.11722629404575698
2.54309127055046,0.09975508940087094
2.4742597720456327,0.2424138678316375
2.4914804380629056,0.20294825861912336
2.486665590942904,0.14105477507386005
2.4165436395014956,0.1717872080577063
2.576777899504417,0.20845323275944533
2.5161299421075602,0.20415898649830996
2.496202980180491,0.11534161110666198
2.4926694361524704,0.11431121334230614
2.463978659267098,0.11942812484413426
2.518177587044927,0.12364174972801682
2.496110661868259,0.16752326103781992
2.582717562862603,0.1914893961994342
2.495799410724933,0.21639340703691923
2.5794494290510417,0.17812630025008183
2.5547914050305343,0.08700342922408649
2.661427504089957,0.10654646897391921
2.641522342893007,0.09530628145370985
2.5847378411724953,0.04389287909073054
2.589579607977476,0.04976552142153144
2.602308066578038,0.04244206950738648
2.6209119108758476,0.07298238634511232
2.6193790044973024,0.06818349978655983
2.6344454818429752,0.05249140184679078
2.62543681559329,0.05521763758764338
2.393225935808656,0.26354149436644625
2.5014598874436746,0.22183416506077164
2.533763620058839,0.16513379461419703
2.613915139317223,0.1460143590997991
2.5570934929011666,0.1040445610941614
2.533217808646022,0.090234712297792
2.6996620323864295,0.07952060412010008
2.485979588196597,0.17924123792844748
2.471624484584583,0.10138867013250052
2.467867183195156,0.11585852372539254
2.619398547017215,0.1768004570229232
2.6294548638222106,0.1385369701526203
2.5715804614547078,0.08945071843208702
2.5727934250106435,0.15812651932009822
2.5999690516755325,0.0978305364358845
2.6033213637775865,0.10290181144092202
2.4524035517042297,0.181289010066207
2.4516317964896377,0.18539771496638693
2.4480044705060067,0.17615523328983335
2.4312759262326904,0.17794142733848356
2.518204131728221,0.15827365147563047
2.4905082436814783,0.17952499471470207
2.583157542705643,0.10668464426529596
2.4837355667717262,0.20940832586461272
2.477085392835392,0.13065081628181036
2.5133660458288642,0.24737264920680593
2.4977044720489494,0.1297110171755076
2.537061748870028,0.11994109044529516
2.522578595608941,0.15241491132416174
2.5527738103523836,0.16502638798555824
2.6152263215818863,0.19094465864441648
2.5481134623451407,0.179458050338412
2.5608853358575154,0.11598739952744427
2.559511186153018,0.11975281475940036
2.5490620339433807,0.08284636377507583
2.578753446188979,0.10652071504708455
2.550929377751725,0.14381865869653118
2.54946086499868,0.1131789671423451
2.5570076215667865,0.16859493476039197
2.585742660454085,0.1387705325335452
2.411252260870084,0.17122099549277586
2.530207878677838,0.1628280186389008
2.493493316638021,0.1706944348383495
2.4075550334405302,0.23041489383927063
2.437762825862221,0.20735949875385262
2.526913565919975,0.1417833705095741
2.517377207785368,0.12639332113214638
2.4786450544022967,0.15980229346601993
2.459241558246598,0.15397328613638336
2.473123891646139,0.1426896174369574
2.4646109412099104,0.20707550542474243
2.449181237106976,0.17390576283120598
2.4198330080306034,0.1662158082337047
2.4573598220602895,0.25422937992768546
2.4505089187268827,0.24456289081074328
2.4420141083073927,0.29837119648136606
2.4126999845898944,0.33097753943920244
2.536168579225482,0.0837001588316492
2.4391865518702027,0.10366105457922012
2.5523769422645723,0.10863611265407404
2.5315652896469247,0.07075375092509112
2.533702236384472,0.1817689825678453
2.507588187267391,0.22396265785705782
2.6143502958144027,0.1504627279655713
2.6215336378557166,0.1524120100426821
2.574500743823519,0.1144011611688603
2.475759380609774,0.15260679358091095
2.4974897079796383,0.17041284348776017
2.578716037939994,0.1568786498805654
2.5630550790321363,0.12991716291191943
2.525204233514578,0.050416313191110916
2.498783786899287,0.08814435346372508
2.4705505750262726,0.07979623875760844
2.511600790398883,0.10049235736048553
2.5509707169996196,0.05545787053511491
2.619124850356113,0.18254568551906858
2.454140968981565,0.20063524007821318
2.5218027396443334,0.24572094510696207
2.5572449191134825,0.21040643379778823
2.5075153633639786,0.19304131579719494
2.4977358520534447,0.18911270590931728
2.530084853171978,0.1538649105062341
2.5687698751487886,0.1214353420400918
2.3941024679873233,0.19967598127813416
2.424872662858949,0.2064195475522445
2.432667522656728,0.21839051350598818
2.540696568477539,0.1587652408044059
2.5658507251242137,0.11651166533163372
2.5663725001845137,0.13906189497765803
2.4316606789744517,0.1874721306173523
2.4847122927190046,0.153481921603505
2.5337936919943087,0.15532014700943578
2.5579760514460723,0.12723308000537492
2.576556746339715,0.09224715484793446
2.533305447065028,0.21758821965192987
2.4971053252647026,0.07588794687422329
2.489009006103743,0.07624415542730471
2.4775013838646447,0.3156126294282603
2.3476388982454495,0.2307159337288564
2.613506956345465,0.13147765601766714
2.4788688939812196,0.09347491020913729
2.524081998041057,0.10114243318722964
2.5996458164013387,0.1583062829470874
2.520578099502596,0.21298129911411606
2.5454258726010117,0.10156376942618535
2.6272709172694126,0.08379078694029173
2.593627695373848,0.08339143705990275
2.537742732763045,0.08656010998379395
2.565195171097021,0.13316727491492578
2.593604207663528,0.18378706054160765
2.5353646959031995,0.14959868270522417
2.4276011765930936,0.2110002130910246
2.5828935898477603,0.1906879064776648
2.6694343417815127,0.1993665552595051
2.6830887740993035,0.22236535530945475
2.6936637517689226,0.22037798321261776
2.3683294849951335,0.15045867146462388
2.459256389507293,0.16809358931493182
2.4505709879537614,0.18566609459820232
2.4904144270534396,0.17573881749918605
2.5659089295931095,0.11232640152624979
2.492305028996152,0.11894369938704925
2.523621640808011,0.1842889396462658
2.58395053221636,0.08191929911107171
2.548895823105613,0.17516945480430543
2.600680191580618,0.10529923129141089
2.6485662063368722,0.1273156731926398
2.5158738014217774,0.07900905736743981
2.598297160227253,0.15743098478360565
2.5555988860108294,0.08253747988468976
2.6214904297159816,0.13194432579740237
2.4577869501873004,0.1357125017106052
2.6660378620372147,0.11813388677547218
2.6747536490161496,0.055189483768030526
2.468737598942227,0.17377808823284205
2.5811232989818795,0.10550412599866532
2.6045250783157754,0.11611863198527465
2.5235442180829493,0.11577409095382427
2.5915395363766334,0.07398320956908855
2.680511830898193,0.08124301958696836
2.6591971817723663,0.07377852114802201
2.504234142908392,0.22533485624564634
2.5398102562506555,0.1423415948410826
2.572965276763419,0.1872373643743605
2.5746097612637495,0.20897393342455706
2.5059827578316805,0.08428617963028713
2.520401593734914,0.0650142096462362
2.513605909180464,0.09048515622145631
2.512580500834209,0.0860280915423328
2.5121306487814854,0.09242521440428479
2.507999929174705,0.08472536862622253
2.5341204003981006,0.09984167781481859
2.6281322181880635,0.12298919615206957
2.403292482255634,0.173242666718136
2.439461382431125,0.16815947901559689
2.619253220058067,0.1392192978420263
2.619204798093001,0.12566526288024202
2.485380025909509,0.1426549122916661
2.547217000432587,0.20777917763368323
2.579935220933884,0.18524434140580998
2.467591357991963,0.16690653207864578
2.551434682527181,0.11981595031014797
2.5875458073806734,0.0955739385324817
2.4907544854223955,0.17177049670690284
2.4239566026843895,0.23461286477040444
2.4450053431344623,0.19614927394185114
2.4871154648835723,0.22230817395843658
2.427487835543854,0.19659553129439625
2.4276526266462635,0.2577753868487655
2.422575670309715,0.20896626131486548
2.463748802794813,0.2026501385790736
2.5532085973287812,0.19123554879819799
2.446624062572525,0.1838517542393836
2.496832738718833,0.14741149836757134
2.5651544423337302,0.1294918813612029
2.5633891030836433,0.10840271027604732
2.5691515571596804,0.12869283841986395
2.5411596563692838,0.16929622512665415
2.5724277582914996,0.18458868368939516
2.4024488969756983,0.1726600290899625
2.3984241480127833,0.2452017283042365
2.556451183633063,0.1317387792714345
2.5559526706196203,0.1183346763918601
2.527184057761811,0.19741970229680783
2.505177586626407,0.17534262044539647
2.452414536737218,0.16820514377249898
2.5847270748714637,0.1276119916067201
2.57206701402527,0.08334544494879786
2.517800101369511,0.10231417065572511
2.518650701944138,0.17514913408238925
2.58513066069912,0.10366515354825205
2.5237517895374704,0.08337223389822818
2.431871621851817,0.1660057804254973
2.4216267521380805,0.15888701050175635
2.4290011969422287,0.15806425938425975
2.5079217430647804,0.1982091476630196
2.4995563463379993,0.19177239641045707
2.502399793617033,0.07017667803178007
2.5115629046873083,0.13589629574643394
2.4754908504217172,0.14089395446454278
2.5133344936611284,0.19278692355591878
2.524920046532301,0.21103407757306977
2.3712332392851994,0.20416626145855343
2.519689769391098,0.18912253704604037
2.54726232795967,0.18742061330567322
2.4562022212016945,0.1375457445457205
2.5535959823801804,0.14350114434574368
2.592339497866846,0.06502151843182928
2.550165793986598,0.13632254966929
2.509411728415868,0.12563196564224266
2.6253517504879946,0.10129963989488765
2.6602407341166203,0.11803103511386583
2.6529074663610857,0.14849837180056508
2.587606353510857,0.15739572353406506
2.5054512622913525,0.10609789534023269
2.5274088537340207,0.11315152608041987
2.6106889937427913,0.11489341400951618
2.5093769076919537,0.19156227044350693
2.5278485556790993,0.19683311279247329
2.5767191827530413,0.12288368932847883
2.509854410794097,0.14986256391676253
2.552429530738098,0.10423640412028824
2.607740754936053,0.1158392691049859
2.452356679772273,0.1672374979446585
2.5782272944920233,0.14922385852526457
2.597732925396444,0.12113528537107854
2.5780407409765074,0.14987883184302794
2.453816194661174,0.12587977051894816
2.5143393929247604,0.2337302880360284
2.403697253669788,0.22101327918400182
2.450435039320928,0.1743609572825998
2.531081723071978,0.19134886798971848
2.503512249952082,0.12755295455260832
2.5830912784582245,0.07983666414965607
2.659815198321857,0.12047804282647698
2.392196990008383,0.13583895590610087
2.686483560897552,0.14044700819054834
2.5433020310466623,0.05995089358491104
2.601267024909584,0.13920135371264455
2.539398506871673,0.1001717659720743
2.525425641730345,0.08184791259143347
2.5027953732126416,0.14351315104717027
2.494848853800802,0.12237254054952133
2.586855351586796,0.13131461132045757
2.543966757427478,0.10803153642614131
2.5735155572245216,0.18238009984658324
2.5991034407913296,0.0877047402071314
2.5450640557040227,0.08622654280823099
2.5763655991877314,0.09931713222798079
2.472463882000348,0.19274603438361357
2.538684806933664,0.21726335503106925
2.537287145652597,0.21354724150802243
2.563386255041873,0.16019267149731878
2.5919612643642282,0.09011961531737972
2.6026284091986427,0.11032657746925616
2.6078711753183645,0.16923230138972076
2.5097720015438156,0.1602259534953416
2.550328824860418,0.13694128974145162
2.448934019367477,0.1920546444590089
2.555883888316293,0.168924883352116
2.5247628421763713,0.13059796543596144
2.6945692399833696,0.04299396536608093
2.651636809542278,0.0670985975848181
2.643824757763435,0.09351711575629697
2.5980655686495484,0.08396001405648036
2.533681441316046,0.14590175087739513
2.5022796736356727,0.1384731581286695
2.544899245540534,0.094981348419627
2.462085893835868,0.1832099983302729
2.4512054479225593,0.19769176895449592
2.451639128745819,0.19650919800920594
2.435712773359347,0.21116383057237467
2.439293119038612,0.2096904828512276
2.4653843619399987,0.20098893348034721
2.5007979024946696,0.19309577460620375
2.3881991283892847,0.18541188905482936
2.4080082947571353,0.1788436408699541
2.5220690112644837,0.20693554156196572
2.4915173070038037,0.1978387067001545
2.532505797754722,0.1422296547131589
2.579768134776966,0.10022912049841429
2.4493664463915663,0.2181305162716888
2.464026411948019,0.19399020228051347
2.5256077688265823,0.14284496288995818
2.342728981554256,0.2407051520947856
2.431627433903514,0.17583239792148417
2.468321934490715,0.20048234029787912
2.502425653624396,0.11174452543404151
2.5412997766162193,0.1411514830223681
2.557804637209386,0.13020448050427919
2.5249291453696574,0.15887195580758598
2.5748499088644583,0.17730388085513524
2.5188659798246604,0.13238509917827296
2.4765929564067357,0.23400554239449126
2.42561042639732,0.2075177506034406
2.547820587750229,0.1485191267298478
2.5734861847099255,0.12135367369062076
2.6456644999457137,0.07987000757345909
2.531596758768962,0.1655538524894371
2.586821319725404,0.11488858874555376
2.567949823235514,0.11619173547938684
2.6178097333123964,0.1042099934664239
2.449096663013415,0.2013096472813564
2.4301960585715756,0.18216981454901057
2.4455930466039484,0.2008872626735534
2.518023290182283,0.11963967416848031
2.4956031294607732,0.10763623065607454
2.4920776919384333,0.0903223873656522
2.5466468889230782,0.08154969214182896
2.5153229622278337,0.2068642731029516
2.474684649502768,0.10249206446288335
2.4933691655601526,0.16924619162045484
2.5530824951236633,0.19495802025917855
2.5695428262472872,0.1259104969912678
2.572962210644668,0.11827359942588024
2.573620744504704,0.11153625662581527
2.6120801026918192,0.13927238743537299
2.436097088109497,0.13997316962078446
2.491790779858734,0.15754846791764143
2.609663131414833,0.12840690681016384
2.4879480219106114,0.11742335025187255
2.4315507896956445,0.16994525239308303
2.5707203845262403,0.09032822658520183
2.6050737454282613,0.18841759837591993
2.508329488969268,0.16322577196894555
2.4147105910341145,0.22669661839638885
2.4745298421153588,0.19199487469107795
2.5752935326273194,0.20708098465949412
2.5079120240428345,0.1899706875851477
2.422129302003966,0.22726827962403165
2.4776433645026255,0.10056424357585161
2.552145831261495,0.11952776789646526
2.4826219227987436,0.10956328852871042
2.493404232832229,0.1375347162083063
2.4247213682436697,0.23441009670813978
2.5366707001254416,0.16751319555462732
2.5933853785737573,0.09642885159355823
2.492332557825031,0.18260567660546434
2.4752560068068474,0.15113141048235273
2.5652706057607166,0.15153140694350176
2.5307523492528836,0.16463199381604524
2.502434867472712,0.1286260798789689
2.51818170886752,0.1282361718002403
2.553472638628786,0.1345330792158544
2.446259790145495,0.17453793201215725
2.4054384108785576,0.264662136880509
2.4154619560843056,0.26768975388999305
2.48085697035067,0.19502741278460428
2.432879641253995,0.22875383788278286
2.500699960452381,0.2187192196280955
2.4929710223923407,0.20473282535053916
2.5995871578724064,0.16255426085056804
2.481460458399898,0.12263951511820782
2.5205640429563227,0.1845059259583562
2.5253137085388544,0.14070973015415336
2.4821038779720066,0.1769530446671914
2.5387730374489696,0.10455795888778932
2.5317316147993494,0.1186623710190117
2.496054433694845,0.16900835438827383
2.431666379645152,0.12181674556657114
2.4876519148733105,0.1354220986022661
2.654136361026795,0.11600435270306726
2.492471711868631,0.14875364227439103
2.6168393813323774,0.09644474179332078
2.599987520381278,0.12063091402517334
2.4718404431651257,0.13542922826997447
2.489379324503347,0.13720042724998052
2.6235584396811222,0.15023236054367878
2.5878833808833783,0.16986580348867655
2.4347710068463826,0.14094350199077602
2.4254007965996536,0.13656395613106367
2.4141470967979153,0.13900479606957208
2.4675104054349295,0.16830186219383375
2.5217452494890815,0.12754427453732842
2.6390569155608534,0.07904743916217923
2.622402681653401,0.1255574360183275
2.5406149866468297,0.09195253795762019
2.567333167559313,0.15087065880494646
2.623452776373921,0.09888111406109253
2.5460227756038027,0.09254477388153647
2.5467042431417055,0.1651125896521344
2.4787311126982674,0.17630657835259608
2.437853115249035,0.17879968929018822
2.5159280928387924,0.11884794971147447
2.4940290818139155,0.15773874569565757
2.3943062475154577,0.2208626205192997
2.5223160096486725,0.23720743607701467
2.5256455474320827,0.2394768537563588
2.5069620585721424,0.22767812656613176
2.5319823572043103,0.17007699866987064
2.433004634123165,0.17713397629415764
2.589511316030514,0.14219768522632006
2.5605797462045286,0.15535572671542838
2.4928318013622244,0.11282580728021777
2.566772095014534,0.11955684664221614
2.4022403935826295,0.2098261304818673
2.372399746450256,0.21289384715604834
2.3832603389073066,0.2155818473634662
2.4493319224392316,0.20839985309975784
2.4470486711314945,0.21028743162799424
2.447235526109417,0.2362475489104892
2.4020854927296025,0.21396106954725708
2.4770012326055983,0.17305248826944164
2.5016044115835285,0.09474486343858884
2.49570457179406,0.12416278121599249
2.5505931666787056,0.15059586648572784
2.503929738897504,0.14939983557166614
2.523217836239498,0.15390010203285553
2.514748387433618,0.11015557399322895
2.4713262727723935,0.09519080842353865
2.4052425460419284,0.3599500065064941
2.5281497060400664,0.31489301899187394
2.5444406493614413,0.34059716992216077
2.3865765129569607,0.09439014154356747
2.3696194943573325,0.08498746937336367
2.4758919317457875,0.13145113056037291
2.4977169365595016,0.14352385689786687
2.4965397974911996,0.12457146026160366
2.547720618393089,0.15047607193302567
2.540784476655125,0.16355910512298194
2.5197081954565106,0.16252009137685386
2.5573674790540815,0.12561424601713797
2.527162777924117,0.14361482941717518
2.419684350546449,0.11559273407243785
2.4335366561236635,0.14751626170379115
2.705895314096102,0.07496833480468908
2.542730871870958,0.10093821611707623
2.5555441568571293,0.12212786796852032
2.474952444672205,0.1313878333698881
2.5921339487561106,0.128326421065046
2.599668449112281,0.16500163602638876
2.643069223338481,0.0636043212981559
2.556135972696001,0.11525823149226964
2.5566280904738994,0.18026179710641546
2.5856670091263108,0.15833007311474542
2.5399885244618208,0.14270465350382466
2.5396279461444395,0.19911094637592563
2.5254708686633056,0.23510291016274734
2.6135745407611255,0.1642366989011265
2.6112418472427597,0.1562313149104524
2.579243455019646,0.15925378057413703
2.47670185899762,0.1608637270931369
2.5073545369327577,0.15394531947761544
2.5391290343679045,0.1276927115864246
2.5821403956056552,0.10681509016631327
2.4497891118906474,0.1425434770598042
2.475260062577533,0.19985394274181006
2.4151424233226044,0.1872627977888546
2.581542912853495,0.11367178961234264
2.337608957354654,0.19749029769060936
2.6470672900220826,0.13847816263665383
2.6556352285271845,0.14463310028461038
2.4268639398848895,0.13608449420375826
2.625827226872361,0.1446655710570174
2.569814179656785,0.11359626770218069
2.567184260267503,0.09573483605644761
2.5252623561371617,0.1960662320055995
2.527526080090267,0.19991300849430105
2.5015309131486547,0.12359984914053868
2.5086425173220745,0.15214892846106037
2.54362203679509,0.14385330341417749
2.4797925655154907,0.13170662456010324
2.609948978848517,0.13534439600030904
2.5355745804155925,0.09450333487147382
2.610809127911317,0.12943938963030696
2.6049494716791552,0.12719253546241963
2.528974101683346,0.14295333929858686
2.446737684125044,0.25423114579205447
2.446714659411413,0.25301317097782483
2.4553489450584953,0.25459154025926267
2.53058093593959,0.08098498468410464
2.576149859162546,0.10061065050400783
2.5021749078509066,0.11606880371493625
2.6004372231973742,0.13060589706546047
2.400360558051958,0.1926844107056295
2.346001999868511,0.21110947511624503
2.57585207344818,0.21967516737644777
2.453917664984712,0.17174452752939062
2.5475249526564183,0.11548946328661347
2.4491850307106806,0.22658425959255965
2.4136803561236846,0.22834612217193223
2.4169959798174605,0.2554440443550833
2.4181882096912206,0.24920537855294442
2.3889570480046056,0.23564380212493083
2.4327746901730145,0.13464756657874763
2.497638259166535,0.16459088734497185
2.472522992716751,0.12106473319841439
2.4800169726569186,0.1346163931817766
2.617798746290608,0.091314028159497
2.7551576260416777,0.12493976220306874
2.3061512032912876,0.17085193025207934
2.366073100315498,0.19499382044878105
2.523554757364027,0.23594927458945944
2.6342606390447125,0.18834495257296713
2.634527746257726,0.19089396330270675
2.5813490679558138,0.07338671466599907
2.5500758599268085,0.12044183799005467
2.676026884443987,0.14192750485819017
2.4697455408416373,0.23045813032567636
2.3903702657332753,0.2244139099356446
2.394898566835921,0.21045227499728006
2.595963588060579,0.10573632464401647
2.6073537544114305,0.08128098330593476
2.5067942629143976,0.14156165631059947
2.5267697051983733,0.13427099230900827
2.6337278620195534,0.07736361157797607
2.629193652919534,0.05288581542650087
2.6556745260096006,0.07834023373662692
2.6540535091211184,0.07527620980523947
2.6381017937630564,0.063800099901602
2.6255391540067636,0.0712809963091599
2.645180674583867,0.07452815022133252
2.6241561241295854,0.07288422900135168
2.4563351858258953,0.19497014289465345
2.4974406917950684,0.17252084140036608
2.545029405322076,0.12724014198200626
2.611254980845191,0.09015930907420117
2.4998395491229566,0.16375760384001786
2.5949012596717753,0.05849550690969525
2.609304986697014,0.10816785576689361
2.478098916495389,0.1343621254573526
2.475665457696519,0.10940417548856377
2.4938759325123643,0.08938410181982934
2.4997123117282745,0.17545075186770362
2.5327614350589744,0.16687218227141923
2.572016447670615,0.17528118180819766
2.5742704897254662,0.11889073153062907
2.424222158575624,0.20126228980919988
2.591385722752036,0.12677622115642825
2.5992712056357656,0.07534670409480643
2.5871472726398066,0.12195743625298917
2.559390731493208,0.09365178592934893
2.5908506643273683,0.09312350696985983
2.5977396712148444,0.08900331279564792
2.4845884320984655,0.09575751948491867
2.4944155195460693,0.11903749538374807
2.604993869062789,0.12587239020643237
2.583194172255462,0.08890433555269943
2.466810517397696,0.2204205711492519
2.508849730789925,0.10227728357249019
2.57097136748087,0.12620629728966998
2.536245392570692,0.14558899289900754
2.6207698815141414,0.13446792361426516
2.5493643005133624,0.07933810648775616
2.5256349609102404,0.07761644570185385
2.545942683473158,0.1838753829500462
2.5641693247657003,0.15611351766950946
2.5554028478057607,0.07956614547551548
2.4740805759523825,0.13843058934318636
2.508362810369824,0.2071424707948174
2.4025155139088437,0.22505336129684025
2.4958628440987485,0.2288252136475931
2.5071099784919695,0.19530717566869615
2.6464027026946764,0.12960163758735327
2.637547192392169,0.1288583410024839
2.6765855823163447,0.1471935959467817
2.5888608831095445,0.22886535633900318
2.524416989958934,0.1244406199158865
2.5000819289013814,0.13881385251631478
2.54744583105132,0.1279421431819835
2.50206226849455,0.1323042907387368
2.4600546788659576,0.16326495688726558
2.5323071734684315,0.18430609212853893
2.4228889165505048,0.21414481790338913
2.4278471613087707,0.17125224387234533
2.4545088427185764,0.16781550407287346
2.631088079086534,0.09720069193429319
2.6544782321857787,0.12216520985775169
2.6811275495321194,0.1615883615068896
2.683651966312302,0.16656814427156447
2.6283502154018175,0.1286275707317868
2.462478198285639,0.15135463287544593
2.4505274404233934,0.1954637469879077
2.5981506838018418,0.10196377960673686
2.5515251684997877,0.15604753708868419
2.5651425116718554,0.1357927970803198
2.5425010097043272,0.1206826969066047
2.4494950487637293,0.21633420769908046
2.4788089761400878,0.23162523412526537
2.4817097285561793,0.16483953187478875
2.5356992756096957,0.1774940157941021
2.5827375735568143,0.15642842469941592
2.5423838457873553,0.10105002873870313
2.5166807160112077,0.11710777538670682
2.4768436206045967,0.1551085205723946
2.6349072932453095,0.10989475285357311
2.5551756527581886,0.09358873188748615
2.507715726098613,0.15217455263389856
2.555629319589419,0.12332995118473458
2.5547101560520282,0.07865778648153467
2.530362755886908,0.15919360354835646
2.4983004838458913,0.16648333696256506
2.538051819762281,0.1886195628983565
2.517773248936202,0.18717871268650485
2.432272272821941,0.21410516271656851
2.5562653871188985,0.09330347222867516
2.566284289371478,0.18382776169888693
2.4427435827821,0.25182994272613934
2.538686579984343,0.20838534731933273
2.424692080732344,0.2251659267641163
2.4153553275477586,0.2167529385410617
2.544983515300356,0.12828545471103947
2.531476532260955,0.13940208620630853
2.6277246608878544,0.0663523685909153
2.6132123563640257,0.06870299431622745
2.398903069048843,0.2515755342043721
2.4095333399319423,0.17497275643852636
2.4180083800571888,0.1952295679211197
2.514710188585462,0.1467259023154746
2.526546756365594,0.144480048008558
2.543122879730717,0.12828179922015484
2.5756672501728755,0.12864163680693091
2.469067354157112,0.13560832905779466
2.5788868733060144,0.16204195828183968
2.5548142736416324,0.10661477694504826
2.5391552482992816,0.17858301043777733
2.5456139026756177,0.2751962535900022
2.487242044653951,0.07015319961419238
2.5639368896886636,0.09671187947090916
2.595823674808028,0.10361482591844307
2.5375231802174363,0.1767947423323215
2.3930435645971624,0.20338781116620896
2.5156772028956396,0.2710478981758979
2.5063194483902826,0.16005368656320162
2.4913937826218953,0.16162590777517497
2.4899139797600442,0.18204960673199982
2.4650732074461175,0.18785588073391962
2.5610201967678736,0.10345228336626085
2.5235287212322155,0.14686216694450693
2.550649810471455,0.1254265288304341
2.4910541696009556,0.16502217511290562
2.54544383277496,0.12406504557895208
2.5888834466852133,0.09320600469601639
2.463776557024688,0.20363646977359312
2.4577012492578563,0.21781604489655587
2.5067174672663746,0.12480733790120023
2.5040979377844295,0.1213229275323145
2.6377881165483266,0.13116772373741395
2.415125293958762,0.17655113094734054
2.4646758505371626,0.19146693822977054
2.4389773994631843,0.17520422248154338
2.496792518992869,0.21319841730947273
2.498303484465483,0.21254401861521707
2.4591687301131406,0.19407501897441132
2.5995252856235567,0.08905335282805416
2.583539615938312,0.09540255053277555
2.5767067533917194,0.10544860250776428
2.6106940206366533,0.10709532035106471
2.546092478693966,0.13877277018017126
2.5137666100777745,0.1819221574264325
2.471981202208249,0.14624420168761884
2.438353914291049,0.16884126772505406
2.3640253580777375,0.3211718153991218
2.4104831111193223,0.3345800288010597
2.4068845652544915,0.2721652463229879
2.4045432003131735,0.27485778579820647
2.4422803591753106,0.2988943971519446
2.443202613852518,0.29135614193135023
2.302640234520287,0.2244928997684579
2.6182028630240235,0.17461793241519996
2.554176976028608,0.17787579560234648
2.607423031960917,0.12891910571596682
2.514625994289569,0.13390302802581808
2.44706256353085,0.17335213487739098
2.521448312068868,0.17746404519039666
2.593394222807667,0.1012160538209985
2.567637425932169,0.12220714299486744
2.5505527890166912,0.14034980265574548
2.5072237990156827,0.1663673263239868
2.5264492058495933,0.1439366551147742
2.415801286570963,0.22208136000115522
2.4809753486706603,0.12438944525301236
2.5462270444289756,0.08690031033323767
2.5323538569482364,0.08258094002288424
2.5301191814896145,0.12530544800273577
2.6082132060274166,0.11047516914804292
2.4821777867618855,0.1361261541761127
2.4757286707605943,0.14781593677790208
2.4799801319594663,0.2102815021746535
2.4531115318009467,0.16071683937362805
2.4818270259164437,0.18715609948632803
2.470694567386743,0.18836208105434116
2.438032032007667,0.17811071133736123
2.4238638645740846,0.13924881485578036
2.4184682386992815,0.1433865939920609
2.441876711207632,0.143335507333085
2.4682193576713334,0.26126171330198805
2.4874445984506224,0.26257486683903186
2.500843522491137,0.21022492822643352
2.5256032700217963,0.23357742081638466
2.4389175241612606,0.16580658452023397
2.6325718549592447,0.11535566273234107
2.5279344387491434,0.15225212713861572
2.4913180785319375,0.1145881880722323
2.456692563925503,0.07939257841261324
2.452900292867194,0.09034068490326155
2.432759778317443,0.18235900529992552
2.393334221622029,0.14262017866487003
2.6904501687270583,0.12448324677553273
2.5787147998355215,0.15254666009779808
2.6023983016771854,0.12285380576258678
2.700897601944784,0.05484349750263445
2.7088361986827634,0.054529895158858706
2.7049926009709506,0.06219616259726085
2.4172665858991005,0.16070436319500916
2.5647495633867594,0.16046854499423652
2.5350920542067725,0.17670759958298526
2.580559999704977,0.16358317844579418
2.580641921593275,0.20894729306594484
2.4472297204825795,0.16290144492632713
2.4923716326819982,0.20404582946188438
2.5276304211565304,0.12525193924286113
2.532267194358006,0.11750597068203975
2.4873699869446924,0.24489293309918328
2.508784968625389,0.1289653673047161
2.606594439969339,0.11660442604311043
2.5419125662668844,0.18599521777933037
2.5728661103204553,0.0916319523870749
2.567223854823909,0.08636998336664548
2.529883816458388,0.08740407736742074
2.57274831576842,0.09036562961469112
2.632521102946023,0.058660726456424825
2.521194409227377,0.16412228713268714
2.602105194082048,0.1255968816556572
2.539284216152968,0.1752515930935216
2.4896314996232327,0.09605725453812532
2.476860092441681,0.09900838827264782
2.602709134838021,0.12583083294279743
2.6007247133945537,0.12810697278874614
2.5370534679774397,0.11835372289901502
2.540861429260266,0.15901313832189864
2.5075086580308747,0.15908004124410705
2.525700893218823,0.13182959854560344
2.4866108698544602,0.13941240689011686
2.4863720952788446,0.145579527874751
2.609475533717935,0.188055515222289
2.5355217483789447,0.20021043377101058
2.5396088908765813,0.20564663941277764
2.595475331573159,0.182869709610337
2.480719860814749,0.19586133209797932
2.530292386558342,0.11561433077459911
2.6093723704729723,0.16198989038624245
2.5556782942339233,0.15296578699253496
2.524809469090964,0.1596805740852179
2.541567409389754,0.17041151644375105
2.525014098451392,0.17472189714905523
2.5904763212608697,0.19171191308383814
2.608200731868182,0.20096248758849555
2.4743725841495863,0.24709883091869708
2.5317658988805034,0.23502740306517658
2.423158332183966,0.13762510569135508
2.407457007385581,0.19366111707182526
2.4535986662631104,0.17530201790829825
2.449100761525308,0.2204010907034408
2.4789174213012597,0.15731507264443736
2.529346658382447,0.15788188140235787
2.5292386955286474,0.15858101716005907
2.5126422603651797,0.163472338129016
2.539404657346845,0.1429414235213517
2.5052911501421686,0.14128018209862322
2.470833470083983,0.1819746070636592
2.478510593724587,0.14452309070543426
2.4518695363629934,0.15235645000623338
2.3871201049349975,0.14352755723248817
2.3818356703424413,0.13713725892790385
2.6746726462842245,0.1442291083159261
2.61186966043506,0.1317216339570321
2.465813415728017,0.1803694869843174
2.449637696991947,0.20712892742713926
2.594521208590279,0.23861810666856156
2.523420332562276,0.18846726500629857
2.4631170021952835,0.16749672133629034
2.519662863570966,0.11250036105858557
2.627306003484666,0.12268454899050905
2.631068121291555,0.1270895845019197
2.6465797599715333,0.13511602713738305
2.62660360276333,0.0979850602325329
2.4202424913400216,0.21930099214967777
2.576559203423272,0.11270980819218714
2.5380504324969433,0.06892051806442821
2.5233077787399574,0.059492982382955806
2.5350385834657563,0.1651341204304291
2.49475397786454,0.13352738033462588
2.489119982226353,0.15169084149881937
2.517823314981215,0.10382498924378504
2.534006838436213,0.19687950171743038
2.5587707322057196,0.05986441552857675
2.5189745623001043,0.20706650741003496
2.4676512805560864,0.12985552358731095
2.4792191843232523,0.16141835025018672
2.5248165402562632,0.0712908943191042
2.497836665695857,0.09568419174150544
2.5046784381145826,0.22502375569300084
2.5571276350064505,0.1907681069346141
2.536674781140303,0.19309724943136664
2.538096066385307,0.1907706063380719
2.4387749171208473,0.14628554472396743
2.622611262161314,0.08118382016692659
2.606735431992171,0.11548399046084355
2.5630953864551804,0.16655924193784424
2.518387778279485,0.09715702485925963
2.5490006860761616,0.17834344307390934
2.5536411028762815,0.1504505516549563
2.4446409415710115,0.1848143023549167
2.5285298400840226,0.18525386862202187
2.428749204277651,0.12489542385318092
2.5267889496469467,0.0798771576879709
2.4796147977231615,0.0716164223781273
2.4844524684153777,0.0661778878076212
2.4844524684153777,0.0661778878076212
2.5291366227744025,0.1768137836304714
2.5165214999815717,0.16458672653397732
2.5375282954233844,0.17261279469858384
2.512224133435998,0.20186495142538818
2.484803130570186,0.18062257738610493
2.49209875474237,0.14307752906902818
2.4705476211667734,0.15430301095087035
2.5045876351890746,0.15069775256961643
2.6424494739833926,0.06470492936258494
2.5997560777613624,0.1241958501732009
2.47933535250424,0.12699860313199848
2.4385403047565015,0.2642049259673511
2.4302609472081746,0.16612580928200094
2.349755357556116,0.21243089316483862
2.346236427288333,0.2112364812311291
2.5885911857309645,0.15410986331354548
2.562375148247994,0.09379573710726098
2.662504402906746,0.12732257221130625
2.6244575683725113,0.08580942504842477
2.497582268369832,0.13557471826920323
2.472553597680004,0.21017143465374993
2.696667721517774,0.03742461434732408
2.698851888892686,0.07793581694299513
2.547861295345053,0.06759803118889306
2.547861295345053,0.06759803118889306
2.575982430475587,0.1624490720398679
2.535842077588179,0.15921757704273523
2.570340782849447,0.12425818780024442
2.5410581968887818,0.12390090800466436
2.4300126841980485,0.21641305564885044
2.5130255130362427,0.12846861039320062
2.48040716515202,0.1284893712151507
2.585069344424209,0.14134618431316687
2.5899867692671332,0.09031346534371076
2.4660010089445477,0.24523314961090587
2.5325096834705985,0.2363175514667238
2.5188900353272765,0.2215668833869775
2.5609918035515324,0.19447108616094877
2.504052787568217,0.11538798140586078
2.454627891010587,0.22260465940160828
2.5352265415066126,0.1256321926519807
2.4802751828786045,0.1555518353545514
2.5154646296988132,0.1437212134033331
2.5738470561189177,0.1444082885519131
2.4885397014798323,0.15080186691368444
2.535490499987115,0.1438963930268038
2.4601297060100125,0.2252006243762733
2.5366844800292356,0.10880336525428645
2.44777503109564,0.26148494177840004
2.4482368387104674,0.2404356618587256
2.5448311791474127,0.11636237173696402
2.4030163537523093,0.2470845794444452
2.402929911019034,0.24013698498818128
2.369618445424062,0.21373793801969804
2.563988100175276,0.17591700957428277
2.577872571945855,0.16990673206907164
2.55429715249887,0.07402314237674737
2.5312949541007743,0.07407896341510073
2.556741030169827,0.08393331323295165
2.5624498108024247,0.08834947515824243
2.518640288344167,0.09868537631354178
2.4974477045221932,0.12390611738301724
2.4748353121338518,0.12062794506310968
2.618793859052887,0.14365816879285362
2.5847823433559927,0.07923056704132189
2.574823528610484,0.09959929556707754
2.5914518517590084,0.15599997336984825
2.5833143136726675,0.1054461642405504
2.5575934132968405,0.11603467693335219
2.5218912320649722,0.1559358574932782
2.5050549911637456,0.11616116189111463
2.4717238188260593,0.16723890796501156
2.548391962069713,0.20241220455617728
2.5453746064685387,0.20346629040941278
2.5625624347663556,0.05149370191097724
2.573415391345954,0.18650593211726738
2.4744860614324575,0.10214822244736808
2.467103436610664,0.22315108150482688
2.484324163961276,0.175947689038618
2.460268640046758,0.12271955335392762
2.443244493942419,0.13831905841949604
2.4856950417105144,0.1582295679235695
2.5784327598903243,0.11347546016818018
2.5888591023969076,0.14944600810977393
2.581096307996641,0.1274431292232024
2.4507315641108223,0.16853408236095443
2.4507315641108223,0.16853408236095443
2.4458927885299624,0.16646765506912495
2.4795665045255815,0.24863092761111594
2.3905784500940084,0.21878914432266652
2.474069899434881,0.2114958607481806
2.4297702538194828,0.17681820654313943
2.450587798036786,0.14450539221896966
2.5091149689130003,0.16896555067797128
2.551072083303021,0.10820069051226254
2.6114628324604343,0.15314872687970818
2.4515784402251017,0.1291414926211664
2.6252704793114066,0.11246565834863773
2.5364118095011743,0.11863464018900731
2.4861449903516304,0.12870737969832965
2.457271439611866,0.1296580632772814
2.529317767725913,0.07900328827876654
2.4226092565846398,0.16089945627069308
2.4298719406294076,0.16324299075498283
2.527277254205719,0.17336570798906728
2.55210318102132,0.16705773252052245
2.5503336004764168,0.18398735442483827
2.5199951411836436,0.22118071620287424
2.533799222375371,0.17655279888460718
2.5661917076553222,0.18075574735505565
2.5805495536177787,0.12747884247460517
2.5268309154515443,0.08611330002465485
2.4868019706653244,0.21156016123947072
2.5322644087812787,0.23516203921241685
2.412604795061133,0.30380001618616503
2.2610568861132325,0.2924647652918468
2.2672784422762238,0.2966265014970824
2.307339637994224,0.3395149093168675
2.5171544376722608,0.14987618154390073
2.501742079162925,0.17169722446557467
2.560984322111391,0.06383095870286408
2.5546101672705412,0.061869582831944304
2.4650798660037188,0.25588112401072355
2.419016654815693,0.1670072823493153
2.4008692288461035,0.14593135852233793
2.4012504617383534,0.17020000173802421
2.4206168321749537,0.266219949880134
2.3409959281311497,0.19328949766554368
2.646306808021191,0.143904410696838
2.499770651436041,0.09685050707079759
2.4781568926869513,0.15143611941421506
2.488417147422374,0.16400556153249785
2.5243027334226182,0.14806651740672805
2.513965634797251,0.11968803001858638
2.487249231486681,0.22978064729216297
2.4483246572779156,0.2574916296181871
2.4155942734214615,0.2645821393251329
2.4151355127804184,0.24737389896111087
2.521369299917506,0.10733144556212834
2.508329778371451,0.10421215536255896
2.4597217411364833,0.15190890127650292
2.506049071918089,0.197029559866135
2.5345846672395496,0.13968132864792507
2.4435745786399266,0.1840072371188839
2.5235208702636514,0.14485065986760126
2.476536461669876,0.21042281621704037
2.482842382479006,0.15327233478200003
2.481596594605499,0.12602671292707424
2.4652083334287545,0.12705255900364762
2.6247501805134967,0.13333643697962203
2.3878749381539555,0.2018573221276101
2.5510849947508145,0.13508296228047045
2.49890062870767,0.16330708127463112
2.5338400481310615,0.16800127555847433
2.5136726812980896,0.13942158106097988
2.4927266229810296,0.2270497325588823
2.544558474091958,0.08045376712146318
2.6163767054392477,0.13011219480010222
2.4167989392799285,0.18476077942173183
2.453184805964246,0.21587440641918731
2.549862443206274,0.1274772806184547
2.5793931121522715,0.10948735445874541
2.5837008279842624,0.15799057544445144
2.579985546641934,0.10261312385069296
2.576446101097784,0.13038892255135362
2.625004730605106,0.08871382508856591
2.696773466667651,0.12197113183051714
2.4720980346450383,0.0759205858901029
2.5474479010023154,0.09932543120897126
2.5592032186029225,0.077151755729396
2.5561024541050954,0.06890879650876215
2.5400006313236476,0.07964920967365163
2.5601045205135837,0.15253476008922268
2.464818252802697,0.21262726311589367
2.46585222207928,0.14771503745348555
2.4058884902219115,0.20817123257802836
2.3696066411094225,0.23455638004014026
2.3634245938703096,0.2208523188151648
2.3708691514602553,0.22787079622736553
2.5516033736470916,0.16487313082724867
2.538240994734292,0.1495787227899934
2.516102034429413,0.20958291160014808
2.4654741929532173,0.19257901395341806
2.49559616700649,0.11963784502861544
2.468934689735787,0.136478303138751
2.5675868336730248,0.12235576356723882
2.575753110053915,0.1224860435817738
2.534815716577358,0.1350412224044412
2.565056102480255,0.12417468121530226
2.6778666028920832,0.03749948016231408
2.683523408178385,0.08733684845802857
2.6547111650225443,0.10169402708544484
2.3313929066847834,0.17858065638834883
2.3750511249018387,0.23199721870967044
2.4256032608883222,0.1788794188804976
2.3990557472050464,0.16958480798683237
2.4014814897192185,0.167999195923464
2.4521654264099126,0.16096926354807994
2.5513941924167955,0.1358155687779502
2.5066546657106215,0.16537039159502379
2.482070689014609,0.22971905397822348
2.4739596853399166,0.22852075601818542
2.4489477972377656,0.2034622590827923
2.51508433679822,0.1496183194244409
2.528021722518679,0.14524401104013504
2.4429946858023626,0.1667052752216491
2.48418483981957,0.22465054828118555
2.462739775501174,0.18831673998008142
2.5023134287232387,0.16982156755623545
2.4842001860533807,0.158537670991226
2.603573357439653,0.11275892164774702
2.5337675078446904,0.06126658294726863
2.57327587922911,0.11991612744466587
2.624882296224699,0.1319634249156615
2.5194893403568375,0.13925831839021466
2.4612546904080226,0.11098837346246719
2.4145017377186804,0.16174410049169016
2.540341590169777,0.17557637162245573
2.514974347594106,0.16391120269889747
2.535405173094591,0.18809010659364692
2.5402260968725154,0.1767929436808548
2.5683613675373067,0.11165185865733462
2.6042240509167933,0.12125911321072912
2.6163028839184914,0.1347723769303503
2.5434969775394567,0.08481217354661265
2.542932893911717,0.08176805364020366
2.5889034315235766,0.08344084028069593
2.480141154776757,0.1751092870236885
2.7103723803075117,0.12765303609610976
2.593989464968789,0.07967404309513498
2.5973112129127904,0.12896035391057456
2.474872870902341,0.15872372925566078
2.4047005858464514,0.21881159918970589
2.38039225244895,0.1990679052961014
2.3839402087535206,0.288636825167936
2.520984092784344,0.10173828309929737
2.520814360959006,0.09741097676682123
2.54065119040208,0.11321130952922202
2.4945096967558618,0.14459514620133893
2.5044880499438236,0.2043518409830566
2.490522251744805,0.09858804632015838
2.531387462936863,0.1763444435216185
2.5093626749652547,0.12722511870888703
2.5245008079406324,0.14036820066765957
2.468799960620857,0.270238330287546
2.549480132741813,0.2146315941395321
2.5688667120632083,0.10354519378635839
2.622385446378431,0.1276831639804217
2.5595041340217923,0.07598654019921038
2.5678587402500948,0.09328701410988706
2.593681568317469,0.11460087454498785
2.557144148686079,0.12457288715363202
2.515873982342093,0.12398988301421472
2.645719881345578,0.10951552907698654
2.651204075124553,0.10935574670580808
2.683036641100127,0.1292506155434496
2.455729017173005,0.11078182188617884
2.4062630408471266,0.11812738117033661
2.5719098094348154,0.20577947648763195
2.4766061856754065,0.15053580946927145
2.514733518508365,0.17681620145680696
2.4446819776153315,0.17519138309056245
2.584860890185613,0.11287380532980665
2.461839065228963,0.1369750761619274
2.497249413721356,0.1315859029397791
2.5892448406082034,0.11766098158443666
2.6089484907364775,0.11986789565391162
2.4753970081832843,0.14326307281726589
2.471385422085444,0.1426112573768687
2.5753167173111815,0.12226700849815854
2.560084156723371,0.1151002545054486
2.5220193389815027,0.14942193868015716
2.552276879743051,0.11165217820598974
2.56484175176898,0.1007481108352644
2.5624339746406517,0.09649146906289587
2.4819683091740434,0.14461724351957025
2.527945017506358,0.16519725829184567
2.532832895627121,0.10595964439993238
2.4608224751191337,0.17062252180066173
2.4835543189799765,0.19706492929833555
2.5212162660762822,0.17179957560768905
2.547858642432673,0.1801782755086271
2.5473862039116915,0.16078386358306415
2.4570754552304703,0.16462679666951288
2.4288659395940386,0.25218625979881265
2.3757126415170977,0.26353045850209644
2.4023173570673677,0.2233971583448831
2.4238054748271787,0.30553068852709975
2.4057350455703355,0.2157231928407433
2.4605088117253646,0.2568411873220964
2.4408883209912133,0.2655808965788118
2.4303383585153755,0.28153446242816754
2.5286230052890684,0.22720308804185338
2.577795507194901,0.09755577193557687
2.4542300300893545,0.1972838738301002
2.4757846739582408,0.1952818544216204
2.4021398187798866,0.1662948178345278
2.6776586815298202,0.1151518890426482
2.4646160197877394,0.1689875484048795
2.5157671848667342,0.13451472704295098
2.5519271231254526,0.17823254149568818
2.529361424722779,0.07800508679877703
2.537988268429978,0.07510776794550127
2.572534111908482,0.15609493781297262
2.4544402865702994,0.12266570674955399
2.5580725506852,0.16211936078838038
2.5680119074425134,0.11269592920807565
2.5082732569092405,0.13303028974519207
2.540212052539835,0.14236197790308167
2.5567229989477864,0.09771471871080495
2.5178398939229854,0.1325320404705613
2.5311410161152983,0.12135005361560985
2.552103460781031,0.20568479221102184
2.425374764820025,0.21183159660764753
2.437200855533763,0.1746268140713992
2.558647245657477,0.14667536979990836
2.4874507869979556,0.16681668834750696
2.566794909514285,0.14101037895056498
2.370558737886643,0.2020667066572831
2.4416466085151147,0.32481894102936604
2.4803697567367733,0.15341836131070247
2.482461323378625,0.1683796669221253
2.4999097223522027,0.16709098975470263
2.664894375667427,0.06944049584655576
2.640771859395878,0.05412862265499955
2.646433977635413,0.05769975194488078
2.6385660942317486,0.06227065705103341
2.5880400596396718,0.17378106173066607
2.4956875977951225,0.10290225457805681
2.627205820643809,0.14489472631663056
2.623714991983894,0.12561019475418908
2.6361271933903088,0.07035334382137441
2.6614001989070473,0.08123828230652824
2.589461697357759,0.12799615799779546
2.4547177382196925,0.15840063013649633
2.4189840039912287,0.21838363779132247
2.4963058045019872,0.2652543076040409
2.54425887721418,0.21939904114381864
2.4873902123540685,0.24932453607837313
2.5029431359548155,0.22785285646839226
2.5062711779365356,0.131680703844374
2.426357603742276,0.2509944606402896
2.4664278220033222,0.1807324606640574
2.5041318089295523,0.12787779445713074
2.4467960967566413,0.1166059781994772
2.5597198421382155,0.20389926278704681
2.5390513948751376,0.13411669728968995
2.574069827029868,0.17389578186260748
2.516238286179897,0.1150361862026621
2.4530123683805134,0.16428748717506456
2.5652546960292995,0.19705363337876866
2.5596629298328155,0.13794368526351405
2.48853217418626,0.21035111001272336
2.429566136548554,0.17621260554441495
2.478709336942049,0.23511771629590372
2.4672285379801875,0.14103439254002959
2.45378302036519,0.14435638522853228
2.527917704514078,0.19287330851717704
2.5151611830424874,0.15655291836241614
2.4829713536550946,0.2276978878982653
2.457257181887233,0.14773506224847552
2.4726293320975534,0.17585061995440385
2.5309509606363485,0.18307999680583198
2.5850600058409734,0.2394362444202069
2.4204812167996437,0.19739706825418396
2.440923596633596,0.21544833363035706
2.4923630812152506,0.20494241498449775
2.6551188976181983,0.06230993655975252
2.588754623245063,0.09475287766303117
2.467794085265986,0.19121860813895192
2.569566494469895,0.10095993319884965
2.451703473300105,0.140954788827701
2.667391074853253,0.09276735510006359
2.465646537843547,0.22040437588680423
2.5068827081245844,0.12792276329452115
2.511780546412789,0.08815991873093618
2.525289471540604,0.12797978637207252
2.4749071324628282,0.15410689789902612
2.576990239560786,0.11635072987880439
2.55859109270459,0.09088127683407055
2.5758763313531134,0.0990116570754555
2.569739044233633,0.1142590637609316
2.5502052787075384,0.12997888271220692
2.463531333283616,0.17292197237309917
2.5238740820832755,0.2015505169287593
2.4922637232058023,0.1219817921336339
2.5926535789312126,0.09660394660787668
2.584480623881047,0.07607908956253603
2.583933726007366,0.09334075626703128
2.604352151398822,0.08406860236672173
2.450301791495379,0.15901754761259437
2.4435699863494453,0.1973273663662682
2.573405944678338,0.10972784885193275
2.5691995797867357,0.12277660398359036
2.506023580332582,0.13742081538027484
2.4535486930135506,0.19495411666040374
2.3701543389108073,0.25465071550415197
2.495869989001447,0.28343136042396044
2.495786500870096,0.2724565996730203
2.3853540253768113,0.18494053726485632
2.4388213925000044,0.28530687202482286
2.473573095348109,0.3286029567234678
2.5446940611544098,0.10660208533861047
2.530555531751071,0.12726818415146118
2.5517645590862035,0.12872458282477198
2.521646257847569,0.13136873243405267
2.4636306532566086,0.18911125972523357
2.579883608871059,0.1271952101763022
2.495997509461382,0.13005719111350567
2.4845653074896714,0.12081594322600524
2.4865186751614994,0.14819017993798553
2.474138130917672,0.1432935557552438
2.4846242153507103,0.13967338826120818
2.430398275346078,0.22177161748770996
2.5239540825358806,0.17819409999127409
2.467535474517284,0.13930030385341194
2.4510572634090106,0.24330274490070186
2.5130761141040234,0.07567183617025437
2.514404818893034,0.07164491482304278
2.6068355948075967,0.1209669949802527
2.5288967325193066,0.12492351007071621
2.6033318009526445,0.11509771675019956
2.6022398830735334,0.11573190728991811
2.452836250024413,0.16343406923302609
2.509396529963913,0.1545037855875408
2.5680661549462718,0.1359041061083371
2.547380515393782,0.11464798325742663
2.4515412114884083,0.19198266323764196
2.437057555050959,0.19278180821967184
2.5351461059198965,0.11702568655858733
2.5044704912049243,0.11329842943029186
2.5357353038529595,0.2049159411411327
2.534857838675555,0.17123750425466552
2.5251248554974737,0.13648741858722455
2.5068815251313015,0.13356998588036018
2.5159072424336557,0.13970594612507253
2.543340307045494,0.07748755437179822
2.599356194848489,0.16533628601744804
2.5832936989701256,0.13740504151143262
2.464297483252782,0.15990547343022543
2.5071787067875433,0.14634876679880268
2.445008115677907,0.11657408721624009
2.5826548644418272,0.16037411690506345
2.557243413167641,0.14004549330266955
2.4439456031954587,0.1719457288815952
2.46105753394281,0.17023304746000792
2.386705485860866,0.23645672588013744
2.430231836297751,0.2046659045451593
2.4504932183861423,0.19443798263508114
2.581108834011158,0.09865466101069488
2.5141912836146396,0.13045078478250677
2.5843680971464686,0.14063513763229932
2.610690347631009,0.14419154315410984
2.5776312931078142,0.12954952316223195
2.5305426392963795,0.11354743590133631
2.5818516311308324,0.08254807231053893
2.5896048979591297,0.12443567112674424
2.47327653938018,0.11661108640419932
2.6166501851256183,0.2003221493754363
2.606540303838781,0.1905537724294391
2.6081274308786853,0.18492672816100633
2.575237310404535,0.05354549714507905
2.6250011287238686,0.15413573781821746
2.554407737506339,0.07131939321545629
2.439573700339732,0.2855245389550915
2.4425766673399867,0.27096999573639113
2.4216768781448312,0.18262075528730576
2.4553424281395086,0.23786268389737011
2.493982137683379,0.2380270241914014
2.421228622386415,0.16415586839615834
2.596864639297201,0.09759357194947642
2.661108589455926,0.06599234614922
2.72635716492893,0.06676728664921348
2.73307054117943,0.06757629082334404
2.652983210113988,0.07122553581601578
2.500097874222042,0.15894190690625762
2.620728417801683,0.07078452554981754
2.612079576367515,0.1394831011645123
2.6893624901139184,0.11324080247613032
2.6405998931376944,0.09727756155015262
2.3853365666857638,0.22126748558443018
2.5115431865887325,0.2714642968859776
2.353059593166242,0.177447535053784
2.587096645422189,0.17628655068269028
2.538241859224623,0.14879135896560933
2.568779637790219,0.12012702501261946
2.4494935631762695,0.18767985613930352
2.399345492138674,0.25710052291496793
2.415650762045787,0.23978205451643703
2.4534365716544313,0.225056760890424
2.5455807386184572,0.07476117340601246
2.483187893950318,0.23545264992961082
2.4847137379692517,0.2008129717235901
2.4304798068652103,0.1915924391720835
2.4729336645947297,0.23492051577616926
2.4841406072996084,0.24294113754572697
2.460087649628092,0.28667954213223956
2.465755836930522,0.26000550183990745
2.5335769188946635,0.15599106702173426
2.4850510644991624,0.1961958057467491
2.4256979706629416,0.18250735404946575
2.4231392308973825,0.18197813347942726
2.385826105127077,0.1326362963204001
2.6512224568992595,0.1694865108482828
2.5878830106357746,0.10134653710883808
2.527533203239431,0.15009357713908014
2.4571821891893144,0.2838067232598306
2.4164740779447316,0.1353606724446651
2.498536428504325,0.1976042249844171
2.475629285069829,0.15946384023466695
2.536140268047033,0.19918639378168077
2.479562464993155,0.16879919750504985
2.593209084529584,0.09004491968558458
2.449885586075528,0.18706795187239725
2.4326060205351685,0.24027988677178577
2.528368359436819,0.12643948739709363
2.5753584398770633,0.07724836074829011
2.5648136745491352,0.11256252434364047
2.552887868824001,0.11331493379677049
2.4716085939856267,0.11083452305272909
2.4776748890570635,0.08638309774472669
2.457726790188855,0.14168523262542057
2.4790398236331543,0.20678873660999614
2.4764243267212724,0.1405153780922737
2.4996317765515577,0.11771185524565073
2.523214043006833,0.13438149579038586
2.5633291228227235,0.21513492208465068
2.5229095986819354,0.16774718496529414
2.4918642127916106,0.1249563600546017
2.520459852351185,0.11391445475562223
2.490482520204858,0.09693544876018265
2.4790296899660067,0.13029983994582295
2.540763587790549,0.11179094442885185
2.528344888898207,0.1284940166872972
2.408165485727281,0.1403273891964848
2.5350945271918057,0.22303532297174097
2.551581830861089,0.22799290403802083
2.5145984819253533,0.11991165190417952
2.598273548658041,0.11924165522675378
2.5625177909727617,0.1286378954821336
2.416921172479616,0.17380864072802096
2.4346432676521372,0.19663273842890922
2.4979161457824848,0.11895982925543001
2.4739955346749363,0.14472533269751847
2.571226382026918,0.18364162373488796
2.5415755612206414,0.17288814806121336
2.7198212520916063,0.06510770424938173
2.508113792062908,0.15264684147432295
2.5644985838641783,0.17580148938318438
2.61748368523412,0.19961480420062808
2.3616880677333953,0.22864284653485936
2.5224823407723767,0.12753348618560076
2.585297884406819,0.1371703855082524
2.5465258947390508,0.15115217436451284
2.5723188138316733,0.1361461274061475
2.57381068738264,0.1438330095845849
2.544012465346984,0.1300148112968447
2.4958447779789505,0.15113908298780035
2.4849351526512837,0.16774122230835092
2.4756890343475093,0.20513676788613888
2.439488113728585,0.15504400941512056
2.423054458511292,0.16086259271840075
2.461207228521811,0.17058004380353442
2.4479523693680245,0.16298110626768833
2.499247495038825,0.19214296163299266
2.4249805701244185,0.18954879501164512
2.4140638175490743,0.1949126231957484
2.3989546352310254,0.26340374705332986
2.3393161623049283,0.22519988513168834
2.399569225880226,0.1843699432565383
2.6037306358550576,0.13378940831757175
2.618358098864268,0.1418889055987919
2.5524655112665315,0.08089996854789071
2.660299383606021,0.12724812016360618
2.5241727674079,0.17198599732363137
2.4860162706435496,0.11598186358022711
2.5063183547685823,0.16092311553296615
2.4964911671320316,0.12794017869078667
2.4440314409526303,0.14465200095566225
2.4922217604006973,0.06176511428003521
2.541566134716307,0.11700875199060586
2.5943362065756133,0.11986379392289383
2.6197301631120333,0.10399571820955647
2.671846400130389,0.08916067987093415
2.349465827364979,0.17462865499687408
2.3365882830776807,0.16936755278307722
2.331451371833513,0.1664744871868906
2.616240390121456,0.21406201086312357
2.5409539036082345,0.20485513857135706
2.5063026632885386,0.15401338388774144
2.5917824684615587,0.1256486062632928
2.4994635579617572,0.19436918241570542
2.467316089797888,0.17739795218921114
2.4276590071926427,0.1640404667540282
2.5780848236766256,0.13242426137509453
2.6229012936037335,0.07995441992447244
2.561109831681044,0.1428183801937138
2.580487766349561,0.18095883429108428
2.510313707525017,0.23015650388538672
2.5245739678072434,0.19393391291146392
2.453144949738231,0.14602074822652902
2.602705584471956,0.08695828681197967
2.595008266190644,0.12476635147414854
2.5133823378716147,0.10356260404530196
2.518326374839155,0.21509215496946232
2.5111481756120413,0.15707802780061428
2.5406698864282897,0.14686145398300923
2.5504189139446343,0.11482220166791922
2.403437979796345,0.22325808370882777
2.4217531489141564,0.24409775251518182
2.629893134149041,0.05279731284371188
2.6437951061809595,0.07102332840107387
2.566069282024748,0.14116453713271912
2.6583089641183104,0.1677462338741617
2.5378006895332623,0.09492683072175445
2.6242915664381945,0.21192109650022417
2.444349947791564,0.22260640665756898
2.491857135409194,0.1895044484493434
2.474625680319671,0.14055879580903133
2.4400396358791223,0.2197922035530766
2.539002067906641,0.22053024741252397
2.4455060204470325,0.1487121733922014
2.426174637007186,0.15877571992226877
2.4274477999305506,0.20665488973159335
2.418887948995887,0.2075040055073889
2.418887948995887,0.2075040055073889
2.4071031762952066,0.23812158555191779
2.394998240271732,0.2759868551329711
2.443632333882694,0.26295838579035646
2.3580801631069765,0.22847711145940836
2.5132804519141896,0.1601020967215563
2.5471049281694227,0.15911067340843826
2.4937398204783054,0.14650781796355195
2.5476394356723984,0.1556669946300592
2.493725537747611,0.13880362287666007
2.5469533485142706,0.1465918739177034
2.5465294707396717,0.13683403713852277
2.480470011556345,0.17014070584096477
2.5406184893808694,0.1528293327495751
2.419575326296532,0.15509029767304408
2.428324348511083,0.16952951995272592
2.478738563338213,0.2145808584321255
2.5487413723033705,0.1393826651897551
2.585766952091255,0.12415980736187338
2.4448838628723073,0.17010099982352195
2.4685515507197646,0.16710868864383355
2.6031785608030047,0.1190069642485354
2.3688838786526003,0.2181810639000803
2.3442281401691885,0.24996028290796538
2.3488552625990984,0.24570219773255442
2.645303885911062,0.07515361327071012
2.4620117597848297,0.1610352184390561
2.491931105794023,0.1532897799834079
2.5156376142846075,0.12746125824446225
2.494032422008556,0.1410743221477745
2.557995953295584,0.14708072964867605
2.5396572048426425,0.20179672470125024
2.5223011870810716,0.16433418074733244
2.548637083164339,0.09848641398066994
2.5524888882716676,0.10109498711873946
2.6348968281195777,0.12517064557913526
2.656748653385615,0.13598405568581043
2.612383103321936,0.14583472624535937
2.617912497383009,0.1684019085340621
2.589625700435325,0.1483880989762962
2.5528980164669925,0.11722346583521896
2.5553817979427595,0.12361563721781152
2.547401071550088,0.14359178288614688
2.5897016571517977,0.09900032511069497
2.6161258460790155,0.05771872950118936
2.5100690700261916,0.12020980605767119
2.5025051890989913,0.12763021697375213
2.4983741994393487,0.10194147099332508
2.5418189767999846,0.24542604642598292
2.583124164634,0.09818232222526944
2.5893925627990977,0.07965485236737403
2.520700664274408,0.1360140959006236
2.50701619616077,0.16056211320598274
2.5237574560396028,0.06645634986510204
2.5162805099409726,0.04867413336229998
2.5046612264993353,0.0428078750172685
2.5142473461607646,0.25948011013124944
2.5195260014371774,0.2638823146763345
2.5383693828267155,0.25409961226045735
2.5518022907022213,0.21534046566267817
2.4512045964046516,0.17405875525335623
2.5169639701913797,0.1644055074405775
2.5631331808072386,0.11752411771591723
2.5807850435616153,0.09016568800051764
2.6246255250033212,0.08949070645098904
2.508944567802373,0.15788654422268913
2.4615514985447002,0.09144330717018227
2.452463529144085,0.11832526873311289
2.4424949459529963,0.1173650907969835
2.442114352205793,0.10738857547678884
2.411716742078715,0.10460040848646085
2.726003295784858,0.14252254635411685
2.602471896283829,0.11763786207579176
2.3961248165882463,0.1975020259865016
2.3953314933124434,0.1959602206537182
2.565909853315022,0.16900243778631285
2.523952328707898,0.1646402298750912
2.474609710964114,0.16944733865496245
2.504640789850425,0.19920773020162202
2.4679743626237287,0.15762873134776115
2.512011342662741,0.16356538093634476
2.4873817342709907,0.16137655655538305
2.5533651506445363,0.10665612864226283
2.4801833956887305,0.10166153973530392
2.487837026515627,0.07820004975224323
2.492558871212601,0.08683880118542155
2.5535346154763414,0.12022650922795046
2.535068510446452,0.08412958362775866
2.54715620367706,0.10471287360501795
2.560010606694109,0.16007138649834168
2.469982825068875,0.147320138428747
2.4370635522485573,0.11949116079598222
2.631488290114203,0.15785178387220544
2.519864800287319,0.08093732957974556
2.5809470858339454,0.14447186291012656
2.5143549491480788,0.1412665121380128
2.5283777274483397,0.1509148426627869
2.518578313006653,0.15811747676462165
2.5423511294222734,0.149048114800568
2.4979593522579173,0.1395419263717212
2.5588916294574844,0.1411900963464169
2.6006834097974387,0.06985090673130744
2.6149068602702745,0.08855837568264559
2.6306576278743616,0.09239445726136743
2.6262808110198907,0.08454821871816227
2.6359375191369296,0.07433316793353706
2.566787144488381,0.17617635355049566
2.545928051709241,0.15973673621387185
2.589047891118165,0.17199693448679323
2.548984696332799,0.16777945009685089
2.504949695018194,0.11276408242297592
2.5452251068995113,0.13169436559364944
2.4872926825898745,0.1403150636936456
2.557044681210886,0.15340552584181466
2.562655532870662,0.114576944495449
2.487568311631,0.1718834678482327
2.5477576222422202,0.2054431380941426
2.4972672092768122,0.1442396575340507
2.548655955511322,0.11364481014946524
2.55913467452201,0.10861569946906285
2.5573126424415564,0.12261682741446579
2.5194162070061057,0.1394117963247339
2.55209302390273,0.12181721333559295
2.4012335595963714,0.24462075612438805
2.5672607458348216,0.10128094616508228
2.519244399145369,0.1620762795670787
2.558387891234923,0.14698711000176548
2.5466232263993103,0.1474328153123204
2.473665824684689,0.17985296396842507
2.4660363483144097,0.18614526467536216
2.5469449919711913,0.12215328771858772
2.556878121478454,0.1144409238278272
2.60757628142742,0.084681957372932
2.59898053298289,0.1189890660704138
2.6421194863893573,0.12820659557202274
2.5464530457422416,0.10220608506991524
2.6074394371479483,0.116395175840077
2.5766919860175674,0.08515418919484709
2.596056860025549,0.17835201150343896
2.5934013947658263,0.17867576540836477
2.5382956962341727,0.12350587294024433
2.5561699469494217,0.061351812777504386
2.529985478234519,0.1714675567918564
2.5681023517233372,0.16056136661281012
2.540309920150381,0.1617958109507017
2.5092030731521002,0.09521159725060845
2.51151916939698,0.10005477654418712
2.5114507973829583,0.10311282635579441
2.4929951020751835,0.1424275929196667
2.5297553746008403,0.13129746213786297
2.448250364259685,0.2051589665008198
2.4173011508108835,0.15260468362439966
2.400568344619091,0.15371965735804988
2.4040665964098453,0.1733381138872807
2.661968978848941,0.08525201109411167
2.4738578390084864,0.1861834558399101
2.4215236791527595,0.2269655628649355
2.6826857785438105,0.10053235088857743
2.5722619064107612,0.1426151811776436
2.4866594896708634,0.1388107519439435
2.5112904443602346,0.15898996941702143
2.5584902418164006,0.10907765449936574
2.5074683509633346,0.11187230567792207
2.4995785505310075,0.11230925429339152
2.5749254011242866,0.11211942506732463
2.4760128987134715,0.21860377333475947
2.5416396898658773,0.20623109582651197
2.5060740398248917,0.08621274971673418
2.4963052049062493,0.08352766205789733
2.5402239023402005,0.09006889224548875
2.527337161974813,0.15466045415706112
2.6154523365094473,0.09260850285660416
2.5922928718357054,0.07808841752718367
2.6282384387903264,0.17724316174722216
2.6844182334008226,0.1288032886886597
2.4293359825243637,0.12572894744965912
2.587942910354651,0.13900412545295612
2.5875403483518413,0.18005159334891482
2.4795776973283035,0.14461206903849963
2.4352966005566654,0.14794381392717765
2.492855820288851,0.2012211778592389
2.4574254748942006,0.18246235774236227
2.4771008562010537,0.21116374282532233
2.494893838868197,0.1551511351789205
2.5400489595016653,0.15912276557111713
2.611674708260944,0.14488483866362525
2.5303962250228977,0.20803169231224358
2.5255977457848604,0.20812131215440283
