log_sigma,xi
2.4393175685818678,0.2215471498085951
2.471054357121073,0.23576128599684812
2.5329641565564884,0.27651135519944003
2.479412639978448,0.2906844676512945
2.486962517032403,0.28153403542654626
2.4266208152553856,0.32953041151270857
2.2755245834511046,0.36035921636435286
2.3681697590795725,0.3493924753136761
2.346970663475483,0.39387435231213547
2.346428596676876,0.3760229812121636
2.3337097664125435,0.3609623396043973
2.5287757226569894,0.37615765129287
2.405384967659522,0.3189273847156021
2.381106875845843,0.3227167595713645
2.439676926282381,0.30931764861088873
2.4511899511455875,0.27141236202684077
2.4477149353067515,0.2636762503398291
2.5049910098656074,0.24607415773411134
2.4081729013875006,0.3589841488205966
2.486556536133624,0.28955215238257126
2.3074149257338923,0.42046195900959615
2.511375384986341,0.2949367812546808
2.392549189522375,0.2835978335864206
2.5649827846536093,0.21978914938540497
2.591363388505258,0.2026995893065971
2.445371243778073,0.25542473647759545
2.320147408316276,0.2245130472526862
2.414463035247218,0.19176507947375424
2.4965444121792255,0.20841530693930327
2.5506728933853835,0.2388722260961813
2.552265373491,0.253646484330295
2.356509335609612,0.3380265107412069
2.5493779413757305,0.27661419817555144
2.556073898892489,0.22667803832964106
2.560436463555991,0.23012036997170934
2.470246073248939,0.2175998378136088
2.521484597242891,0.2637830090272143
2.4662558007586917,0.3375614848152752
2.604185397441436,0.29823661998020334
2.368347401909364,0.3680699200503762
2.507131814164709,0.19365653413067763
2.500338811039327,0.19411658936888673
2.4427407063145754,0.16436067914254843
2.3820618928974655,0.1750832134543574
2.5551400827786708,0.16512009366611236
2.4300883750310236,0.25550589472336643
2.5125839231507987,0.30561371787130576
2.5055036089964275,0.2881873313900928
2.5206968127683775,0.26418493484907357
2.524055425437883,0.30314746727699093
2.5357022180620445,0.30631986779029174
2.5657899982198322,0.3115111618834908
2.590216435209461,0.29816113070604533
2.6434710736461726,0.21891388341299511
2.446327144479793,0.2302860294875286
2.5134662339086526,0.32745028432536993
2.3520759063672796,0.3425278163706031
2.312698679421076,0.36278002330781617
2.46627238225478,0.30927843492959184
2.41960059137176,0.2683507673631201
2.4119421540059554,0.2624183678200124
2.454336132576684,0.22986201404937506
2.4642481878910725,0.22732888521585382
2.490956977912897,0.23633413460429734
2.6670427277144206,0.09964448229522678
2.529093768861713,0.24619793297999232
2.6136159345980534,0.22559775242956906
2.4831319560131444,0.3442162509084969
2.3854560713722095,0.30658188082105176
2.3883428857007702,0.30710520745819925
2.4761749067654666,0.2938717717607905
2.425810143982373,0.34424476142569
2.4231226136659507,0.33819299060277797
2.336916556799626,0.25605607495951715
2.358564113744277,0.28075009967747017
2.529890856096002,0.20555703850784998
2.5166219116769306,0.2082088191573699
2.372669049666083,0.24430718036746157
2.6453841570705743,0.263764813303868
2.63045009617217,0.19427329490135858
2.520278370460326,0.2612613162059146
2.5705202957300726,0.2115096440027527
2.4837809462095164,0.28577920372844207
2.5453062536356836,0.15426035460735793
2.4945640187159666,0.24283521513322692
2.489071087522398,0.21962527991406317
2.5113195809079745,0.2838776581069545
2.393728630021353,0.25923332677943955
2.53619976408243,0.1848146923920293
2.4687308626785414,0.29912423510506625
2.6237822640150834,0.14269171530256897
2.7053849974916915,0.15084834265734454
2.685152119385282,0.1592212841611933
2.702970278248159,0.23299073807093934
2.4673157912473487,0.1348383972308556
2.3939844921596407,0.2545542107333912
2.3939844921596407,0.2545542107333912
2.385999336820368,0.3017127201128006
2.524872015770088,0.2881597340605625
2.530335961505591,0.14297214192364271
2.508991191736648,0.20554622871762787
2.4430846215617366,0.15475493544345545
2.4426169629649404,0.15026041087561948
2.4372271126993903,0.16619269426883035
2.439910213494313,0.14571253390750838
2.4118142881507136,0.36001004338988024
2.411023051192366,0.32652268000735724
2.4421744682837696,0.24507712276509605
2.528465670818397,0.27578797021718227
2.350245752444854,0.41809073734722824
2.328475372516304,0.39899862523451246
2.2596881595798206,0.38178682226657795
2.212326171472058,0.3743706414901513
2.232640293775398,0.5133326596323582
2.250535520783399,0.5060549782939854
2.098648405851995,0.4982141997000015
2.361960195455919,0.3100671363835908
2.520593565825749,0.15304331294923645
2.5958462587976476,0.21029926860340759
2.5230619873567934,0.13445534981622553
2.5004041048218393,0.14200293822714435
2.4211037283848844,0.22975089428617626
2.5155638560506945,0.1664099237533694
2.503747430667046,0.1513651017875761
2.4948681271309985,0.26106057751540696
2.692075843583678,0.2518172343638865
2.640818872409926,0.23970868999173434
2.634434266138342,0.1659768995509723
2.509233397251264,0.16442955370959655
2.462397958104464,0.32301820075412196
2.462919621024868,0.3268499421684247
2.487501310247417,0.17238699881904487
2.4523810828283965,0.33938213532900574
2.374465147282705,0.28928382206544606
2.343592587216221,0.3057301461295507
2.5042701935708287,0.2899392299754274
2.517498846229243,0.20633071262198766
2.451882064163534,0.2307020131323071
2.6092778990346814,0.18820250976934522
2.7158698809600033,0.27047850883931435
2.6375013521082087,0.3167678929794829
2.654854245545768,0.28414303113067474
2.573375374799848,0.28048184174169055
2.406261266111126,0.2655598606170022
2.403073529890789,0.26857177300240376
2.5100503227018587,0.14011631541642666
2.555541428848274,0.149306650451773
2.634347555824613,0.19558346197682305
2.379673195835986,0.3276702276709211
2.625864853931066,0.20125004779441943
2.3707475770666315,0.30959357576683094
2.4521448461206328,0.3205579611738799
2.5720123872578253,0.28871655378954025
2.469931103272701,0.2757582680527057
2.598220016401593,0.175241970931905
2.566410497398501,0.13156294797608872
2.5841204890480642,0.16085692017116532
2.626285016936058,0.2421684630884801
2.4639208826236247,0.23675715224675473
2.4612340444762144,0.14601879775938795
2.4290883816903635,0.18281486000300146
2.542044449709567,0.2958967969976943
2.5229777890468212,0.24791615743230255
2.490138373332114,0.25471536116986104
2.53115650242616,0.20729501871336084
2.477442781755351,0.23860046261452877
2.6184196650754066,0.065334713927042
2.703605382399535,0.27429967480338746
2.5252562315664613,0.07726561784691001
2.683837284153399,0.19357250529286307
2.7284904787982844,0.17354129370219545
2.73349584532607,0.18175093345840235
2.6986494114691433,0.09903147636146682
2.2843520464524625,0.3620789006343537
2.264323571950451,0.33486687592313324
2.323020598341978,0.38045194765234885
2.7384413399568928,0.07500608548161938
2.335592816168995,0.2786617444108409
2.5041340122469617,0.2358587085824726
2.459112156137888,0.2753787345531343
2.455477185823544,0.23925234254907404
2.592095520922508,0.1842717551161915
2.439073292806151,0.273129305594633
2.444989176467817,0.2406826067459159
2.4055524982701857,0.2097611362945349
2.4707474344242337,0.12583394848472498
2.430646325502718,0.12163291185973896
2.5057409526105405,0.39872822002983105
2.4420896276194664,0.38053716269616317
2.562115178669566,0.20433779796914323
2.580797179039804,0.19333837539373763
2.5940196896667977,0.24051048549736412
2.5978222549450436,0.24666043989508085
2.484093008666095,0.17218792335111202
2.6002194248681416,0.12894289249584323
2.487884644190479,0.2612105348843542
2.4437839310440097,0.24571344847758572
2.3919691622890045,0.37211054272109045
2.481099334678878,0.2078629929834467
2.7242511208513993,0.1415284354802687
2.495485538190136,0.11334009827804374
2.672139733721541,0.24173860630758623
2.604174260581396,0.2456066413947454
2.5790436733664475,0.13364475284615568
2.6088723250984116,0.14853676631340232
2.40871226025123,0.16605512085154428
2.4033917212881053,0.18615526787541833
2.456492272611664,0.14556839390935297
2.571958619914493,0.32223250114557855
2.4833122363563827,0.31203902516825954
2.474870499182114,0.3189208154232931
2.424399655847393,0.22493033773540175
2.5126118474348442,0.27242689909218404
2.6062567911700794,0.23797866423234962
2.509435196716369,0.18587078316169778
2.595034154261555,0.15858908555382742
2.6072176132299703,0.13219330875899268
2.628509452703626,0.1371674582780679
2.648411398336044,0.2554004930578786
2.438958088151942,0.12002252467960585
2.4965815540914944,0.19090914509677187
2.581398908507725,0.32046224092328646
2.5577678936506203,0.23158551833559168
2.4465029724825795,0.22420827537420568
2.59367659507974,0.287567960719676
2.5862627255852417,0.2654357760364404
2.4029389843785385,0.3044751119799596
2.447117195424962,0.39658331791667795
2.4730828975959884,0.33555626454903426
2.5211861330956014,0.13238303333513585
2.546243794104644,0.21369849295908286
2.4625964370025346,0.17906881143422318
2.5884156455125913,0.21233392935558718
2.6489542586461035,0.19533419999605073
2.5657219270933327,0.19951065668594395
2.517573472575213,0.1925729072137548
2.477580679099489,0.2498760646338464
2.52453025737112,0.22916057157204814
2.537506179248119,0.23057525041187962
2.601296200071247,0.11091895745578305
2.5050798746161624,0.32529619376659324
2.57336661255709,0.15144137712314137
2.6136085960597697,0.12042683991627817
2.4594180647512607,0.26995769178447626
2.5565867167124514,0.2608375967637982
2.5857722584762826,0.21833744560863846
2.4068348508011215,0.15633984970014578
2.395796273205371,0.19285540938708945
2.4003544793387013,0.20183328936526934
2.589956542213877,0.24213990420852502
2.4207950210988054,0.22858387327418195
2.3758232851519323,0.33183293199886965
2.4203988865801294,0.2587839860003121
2.4543255741077843,0.22022380738264102
2.626375887836993,0.22552053530493257
2.42119349886761,0.27743326565499804
2.381742153813123,0.25333574273135406
2.401837166019064,0.3566843121744883
2.483744188811955,0.19661164158352515
2.5946554528622805,0.21401778872967817
2.4423763524772992,0.21875723647649947
2.534920792458847,0.25054492200816897
2.4279731688693698,0.41835554578199796
2.4353926501434966,0.40791344722108575
2.2334972876207617,0.31844522098303835
2.5964785755519095,0.24046883888804163
2.675106637370356,0.17093460692274276
2.555850731612278,0.12699024423337327
2.4423743275883796,0.23011296985291474
2.5564675931747116,0.18453540997699933
2.480795040255499,0.20631525049441013
2.601745568845894,0.17136406161518686
2.491613582491306,0.18119101423582867
2.520234910107493,0.13695662393270275
2.5191267817354857,0.17749067078547515
2.4286515123993655,0.3317217825401868
2.6073022830450565,0.09632174624501748
2.6452894002778073,0.10500020700439716
2.6680024644200664,0.14000669608881622
2.426272067195604,0.2077191209296981
2.4449908613959463,0.29718917974369785
2.5733217632904024,0.16664555672770168
2.482794042367975,0.21921574066754843
2.453899856148675,0.25187920387805146
2.4322605966299404,0.20731364644460015
2.4135274656031878,0.2244566867945593
2.38450935847802,0.18927488447183813
2.4865537292981847,0.19330865820086096
2.5106106868067575,0.22256359466126605
2.581805118916973,0.19459548315456188
2.3808775123649926,0.35527296982161377
2.5693305455869413,0.1541959841774192
2.6424307589144354,0.17274767426758922
2.6363580805097455,0.2111783762963429
2.629078506972088,0.24094997914043353
2.422391024632788,0.32046777467251136
2.4146665829614324,0.30243230797788356
2.4649726869841224,0.27823869375674803
2.4844673214034727,0.26376518326805976
2.619362421539956,0.27849540399042944
2.3137624221002797,0.24776630839153302
2.3264573194123956,0.26130666572543854
2.4567137345973262,0.3869444831507282
2.4243114502306407,0.3734398921469223
2.4109961531436572,0.26142723325038386
2.4185765080001316,0.2541186385650519
2.3887805894909686,0.3661270956639125
2.422782157893387,0.30659080550558965
2.531639551230215,0.30705006431377957
2.482664332524441,0.2677603167596538
2.6077381696267676,0.1357172035210421
2.638138477507899,0.1708755748925119
2.7143289572251397,0.21950912881386397
2.356237636404967,0.2067430907842879
2.5244529743548867,0.21033185115222713
2.457233918372459,0.19537540745833454
2.460977753067637,0.22841999444463992
2.465117487531774,0.24335377217169468
2.5526058206667988,0.2084515433382522
2.413296038724592,0.2470009133174515
2.4304327262147982,0.2812556202093894
2.485211644390494,0.1793622155297896
2.5938510367514866,0.2670029698990856
2.434337407388554,0.3263919795262243
2.3932181681967473,0.3098745905171595
2.5584231180055284,0.20528392015378846
2.5994794824177077,0.17481864118090634
2.444190072266264,0.272023203059648
2.4487699677837895,0.2048510769370737
2.383753458777526,0.19120359978578524
2.375158381210193,0.18566171484290198
2.3913043479136595,0.19423297479111956
2.505538503102244,0.23462278867858327
2.435540834294438,0.24627860755195286
2.4638581313257424,0.3018784052213664
2.4336823888336268,0.2737513301955319
2.5018566887747076,0.22932655711132413
2.457333128204659,0.1575437945815232
2.443687723641783,0.14943980496802103
2.516485862403422,0.33085360444654677
2.530878221568466,0.12548823817977856
2.7189411953175204,0.29682593601175183
2.5168133000145407,0.14989535203708404
2.429339696202943,0.1565681328740109
2.357258508281195,0.19404073906265415
2.5519632746383665,0.24909410144873959
2.5747846598223187,0.27691649222944037
2.5630637389836597,0.1650538266503452
2.618244381028393,0.11042639133438215
2.624758182436264,0.11321646559521126
2.610204199119545,0.14949624038676976
2.4949816719066678,0.24093923373770262
2.434267695050417,0.15549547664131289
2.3932395678395113,0.25684560178775984
2.513189995943765,0.23697323603284678
2.362040376632302,0.3038443801393982
2.4687354821399357,0.16613909551046885
2.4609167659980034,0.18867934061563868
2.491323646619651,0.1843765020675859
2.5016490458991756,0.1782162375946251
2.450395459009425,0.18807318830767533
2.526517937152149,0.1407275264707713
2.5722296855085656,0.13675290722060468
2.6307204029861184,0.2055937516232837
2.608292893976419,0.2160289367238525
2.354627928396783,0.2683638169018262
2.4510525961336516,0.2686573986277007
2.430202201505,0.2298653817859884
2.392166550612262,0.3210869161768677
2.485631018812325,0.28658962980079783
2.438447963093383,0.24744975826516447
2.569013038003901,0.18214077729706507
2.5611540052516575,0.20569221494467482
2.400709133620343,0.26694189991830447
2.408784438646011,0.27552230064671795
2.514277665439559,0.3056547286237207
2.30574671088734,0.3245288428044239
2.3371779833058586,0.25565071983218707
2.622062580072276,0.2592081461503291
2.5901573009372765,0.22001767567868757
2.4727579780856703,0.2415240333608477
2.5488903160596283,0.26760626677065275
2.5323760657022,0.21758365517598957
2.3970535170398244,0.2547609519681742
2.354233633274146,0.38761679203159527
2.4180518698100095,0.3123961687667882
2.492979236872324,0.2824142288140516
2.4934235013575217,0.16648932493765795
2.6893499202422597,0.1985328965357209
2.626822573633283,0.186792389184786
2.573943520554673,0.1826017497528279
2.5697913959849954,0.18366783353380187
2.5415550049747377,0.2013725661916725
2.4060266798094676,0.3051192278777066
2.5151446975878473,0.3680504892525849
2.4388943182455662,0.3663117201998986
2.4990728592146594,0.19386312346413126
2.4589938705904317,0.2674919306426792
2.3505355780443282,0.3532131273627608
2.540840538168558,0.210190466467827
2.516881455950033,0.17530858402389723
2.507782320984599,0.2869350060993406
2.4234563273168277,0.18064837660765276
2.4822970212540927,0.21962656704636593
2.4654917069388818,0.2399494771209662
2.6025038725313094,0.2094145841217471
2.450344303545433,0.29228546193157856
2.392544267990886,0.29623027904973004
2.4796463841386336,0.30673511542838844
2.4819848612329074,0.30865921514833705
2.413338046207881,0.22962853217347257
2.4447680062165547,0.19342215924656983
2.4430488656525142,0.25500063220289054
2.5373414480878225,0.23499260245468181
2.6191392003753258,0.2824869715347248
2.3876619688187226,0.32473136803386377
2.477291949210293,0.25447299419737796
2.4500916650846376,0.18227273014819462
2.457256064198239,0.18229309354040568
2.5541278309816184,0.2361259683991006
2.509548499536314,0.2499233598377482
2.485128781155515,0.29670928478134817
2.563751980121463,0.2883662729588751
2.5304709888354933,0.25136006710224
2.4626235541062975,0.30026748814133425
2.5006987626383865,0.13340833878102354
2.453635640531255,0.3641415785537882
2.5063512985704848,0.3760447681642436
2.435886313969075,0.33242576694992604
2.4179510589320126,0.3619539638309777
2.4386724820075827,0.3970632270144367
2.3487515607987475,0.29037427578184355
2.497223462440942,0.26449508746335804
2.5959328133291675,0.15547910372219936
2.660618476717561,0.13053703735607056
2.5631503749799696,0.14791996136718077
2.3117059718043476,0.42018317419033585
2.322790036868212,0.2648610480393622
2.4258140818200316,0.2662604494380745
2.413962395707763,0.271982939357322
2.4681036202964868,0.22339012749406806
2.645659246153321,0.22120802127088224
2.5767260316315292,0.10353112348194245
2.6720008263260633,0.21186635267899714
2.580663120857159,0.1123568029937609
2.475104107082181,0.3260667757519694
2.3880128119560213,0.3025386991270323
2.654139164274487,0.20285268483966853
2.6234228030999547,0.10686619232395436
2.4628893520077173,0.2457800788362409
2.3663649423517286,0.31796152749369094
2.414246948276848,0.28995372446217144
2.4521655343508733,0.306496413005667
2.5757456693147676,0.24385362224941817
2.5133619565369556,0.19649087806439017
2.56508182039883,0.2008532082503073
2.451541109688186,0.20816118061014696
2.504039493467538,0.3030723748797099
2.5424805067724314,0.26933916151763737
2.372020114465931,0.2769555402025451
2.3637505653656494,0.2728820471611728
2.491601562856413,0.34149652086828025
2.4967065192241513,0.20036936419777193
2.4981075872573073,0.20716014967672775
2.5240415978183175,0.20569804810534026
2.533112128518723,0.2014263171666829
2.686981765728688,0.2088658648199215
2.6812899189046426,0.2375802753490564
2.6357921898312995,0.24184457656887723
2.6336662629037497,0.24662583698814008
2.6079026004490027,0.2006413082425994
2.67467546239341,0.16716911545445834
2.441614581287259,0.18889828456692695
2.5285432754670496,0.22275719054457271
2.311606146934969,0.17120643153041454
2.3833201140243148,0.16617144070834852
2.6993848968808316,0.1970978047385858
2.434458017520947,0.2941090108399466
2.692893549538621,0.11507311751728466
2.6417440792539835,0.021545233364885
2.7263444209178473,0.12874296799164983
2.6683267514916995,0.14544287567104558
2.6475052543279736,0.15421439165695405
2.5443470227742364,0.1838259203944909
2.4604946241397774,0.21458199457042512
2.461629674366964,0.3152850505328436
2.2177297427948486,0.3679772376038936
2.279072278636911,0.32781576608624224
2.54853588880632,0.26813458128749573
2.488296385545129,0.4324066476543767
2.2970330534622327,0.2493489807630502
2.6196440553123197,0.28750403606948627
2.5453471100477083,0.2761406437436834
2.4206992237846663,0.43016245132578007
2.358954526072146,0.43134003311387303
2.511217370194023,0.1664628702940047
2.4676609112231747,0.3148560158051706
2.570014368892847,0.32675184150984393
2.3857010283125994,0.3060626832790304
2.369907633003257,0.29664148959064635
2.469641476579502,0.2906691131472443
2.5105824934253236,0.27043624447886677
2.5356149494265217,0.29373761344341076
2.4069547711574932,0.18178929553893539
2.4037321305132537,0.2862107392860951
2.6753029628265765,0.15039592189465284
2.6203898349678374,0.23416389621112882
2.312810349230771,0.2796217904872658
2.355143351067164,0.29596819120521634
2.3836482781392556,0.27180989279926804
2.4461514684550743,0.3114487282870925
2.611296530304292,0.11337657161566324
2.546963588450189,0.1523766645308642
2.4430852453162943,0.3210905326589193
2.5258420753882054,0.29934141899023226
2.517629358929199,0.29712473763725705
2.484140420842505,0.27212485004188747
2.5473890056127817,0.23988968176961212
2.2927489317592773,0.30984999357892085
2.319027643519075,0.42761046823983395
2.3588240961547124,0.3488701434169232
2.488956699322452,0.305487171470911
2.4843754541192893,0.30827214951692067
2.3923352868177963,0.24522439796351236
2.404006451322901,0.22629707967869694
2.441392965714331,0.2754948386725798
2.408317331095268,0.27020321673975
2.449589673693746,0.27359836388553344
2.375435399107643,0.30040263839413595
2.6055794329990185,0.162715399592238
2.531137500683023,0.15483358234120886
2.550983780935572,0.2415535284402466
2.5038719721621288,0.25290852405337416
2.579445612771197,0.0892515017022682
2.5516111015670346,0.20473564748182052
2.4963729246779445,0.2574216360033348
2.4228053196622126,0.2976026694229216
2.5782063803643305,0.3404034740042119
2.42275971913836,0.3009270515208239
2.608166922288812,0.20800154543090707
2.5318308559059295,0.10146433023758056
2.4391957932930923,0.4730236728509756
2.4527600216278835,0.43485674562117177
2.5358864728268156,0.43281353357061586
2.5538276575527594,0.4299276773016512
2.490801647493846,0.22318314103172496
2.455408653552257,0.28972826340019214
2.395920353790479,0.28971462095765377
2.4365040169644208,0.32357317585164636
2.448103629575845,0.2997951207147224
2.390544868734397,0.3185557936653153
2.4188206159755583,0.262889214749281
2.521193509593322,0.22664575790157732
2.6598668734078856,0.2811282900231898
2.6126800323898998,0.1487855330627756
2.5674221077919586,0.0948860881420327
2.4908901333762405,0.3009711916697285
2.4112409614088772,0.28113397396519985
2.3867453750747387,0.33000843429439825
2.4573101880575,0.3310644348598322
2.5392774565019596,0.1703485044310781
2.545346216222319,0.26572061749509984
2.521566182881275,0.22170599851382178
2.430296109591527,0.31037256026723065
2.4334464979654356,0.2303945004552177
2.3537371592032836,0.22859517161895318
2.562888482266845,0.2960841879574707
2.4855615370287194,0.2137768374586148
2.5346175640385216,0.21823735303540334
2.4887686372383393,0.1790619606512097
2.5099200306404303,0.18502669387084356
2.6170223966685664,0.2343203630917653
2.556988979128301,0.16719875298398737
2.4262179061060984,0.31631339195607744
2.4322806399434187,0.3258068251526686
2.4113704721702947,0.316524313993705
2.374895321661147,0.38045608622838595
2.385939366942967,0.3817246068894494
2.569635245129683,0.13166951829689535
2.569881623191149,0.24110790451522135
2.503641232635824,0.2092143870396295
2.514458670242574,0.16487891267172147
2.6778191576103088,0.14878249417180103
2.448887909305286,0.2743321309175671
2.4163205130238157,0.2482289557945389
2.5656599589656133,0.21504394003848196
2.5550418017422887,0.22466097840399024
2.5812442332987087,0.2064072503607489
2.500402022004585,0.13383284955722932
2.498467127526517,0.11544677224909847
2.5877714869367385,0.15012253392829744
2.4696080314700586,0.21077952448865192
2.599535006130192,0.21059283775377546
2.6003782356429626,0.14693390755648655
2.6227049929765607,0.1330845948831903
2.575333816669349,0.15930006037686617
2.3091086612563614,0.3678084454659549
2.2335018838426786,0.34457438352107844
2.3765283904557553,0.2471849486002875
2.3872532005869376,0.2682660588550079
2.608294492939464,0.17233680083517824
2.6021836478789933,0.2635677810100294
2.5213069112571698,0.2503460674884559
2.3731550202650626,0.2934122446037017
2.4029887968610835,0.2539696320890823
2.440254164125462,0.2979700019273352
2.3929293162853407,0.2871293112831364
2.362288321490966,0.3841232091606858
2.401302361086895,0.34762535864817534
2.618916949620975,0.10139526377899971
2.5560740141128866,0.17592478932596367
2.493184057197676,0.1924745990231987
2.515285363855837,0.39427495399744616
2.578302672878748,0.3090962918193681
2.467639312698705,0.14518210666364123
2.481285794591775,0.2035308369316294
2.357559912817614,0.39434464047358264
2.4177472383942407,0.29768257026529615
2.426605700214184,0.2893343320590999
2.3896902151888266,0.2050840899748707
2.42481752128894,0.2171920008131535
2.360627513184615,0.33112078395348554
2.384097213562754,0.27476321026536016
2.6406168795888822,0.1650178300499113
2.5631235490305078,0.167402425548152
2.519457771298338,0.12795139160731
2.5076585137037695,0.1451740155548672
2.4606542082393044,0.18387068527902942
2.4963551992621795,0.21483584605749395
2.376430716271052,0.34703453123896216
2.4267017071941277,0.27352955909324234
2.5170258599133923,0.228533045217361
2.5764325282866767,0.24903965121701144
2.5087046442512815,0.1606976537876969
2.494728736483093,0.18387038725023444
2.5911048853223084,0.1919762540528854
2.4903930751232797,0.24929067636181904
2.5217843270354807,0.2802982614458528
2.590610711730915,0.26445937063309816
2.47379384561781,0.21851144158785935
2.4729829223946895,0.24208097862604336
2.4412483842714616,0.3562039416931892
2.359065672673582,0.27000563238540126
2.5569768049727473,0.33886020225111146
2.516387497939209,0.2911755164016615
2.354099744605581,0.27918709223618815
2.664797990222394,0.20418317229068503
2.505448319644216,0.14496305486664143
2.509948486926397,0.1367433187341398
2.5177263098055134,0.1587195837177788
2.400786492016582,0.2725840326582471
2.4949977715185594,0.23001971193999138
2.6302188816098897,0.16880826917840372
2.558175847229697,0.1570848321326494
2.1474304141776908,0.48982159814146925
2.152258044822284,0.40012086789885337
2.160773113241005,0.3842468877950468
2.6423775563143956,0.2756088634083837
2.5278590597623434,0.2573109191570277
2.517967040440149,0.27235108179889345
2.5486357636291177,0.18396653119068324
2.638899670656417,0.07933784123857192
2.633060799735758,0.07541095462238416
2.6208397066866107,0.058276045968954304
2.5935026581668534,0.030361802050662513
2.494199776478487,0.3846444415732876
2.3699668930209667,0.279211065734309
2.394245122618796,0.21225353121790064
2.601155287064437,0.2765371619721387
2.4556535194385294,0.2226159478604851
2.432306224013988,0.29674014045077357
2.415099163282229,0.3258073697482882
2.499666481811119,0.19919711896555056
2.536814786325246,0.23174813492648988
2.489546023353593,0.26009869299924654
2.407133227576483,0.28386094861102
2.550276903162541,0.19970618845951021
2.4615370389936433,0.24310554483267405
2.5117758798248464,0.22990589273301967
2.547373361286452,0.2011516275845007
2.439471265298083,0.25810003221624556
2.4389451412310454,0.23296022197566518
2.4524257936106943,0.3269425643178435
2.4307462628520238,0.287748606886701
2.3177155243989085,0.30424679930891924
2.6752074709551827,0.4179344424746663
2.64294927879628,0.35349656459968626
2.4460033900312377,0.2943929057173493
2.4983492325178007,0.20429711401039752
2.576089235621583,0.2534046413516501
2.57912852602422,0.25548423270763526
2.4775284373531417,0.19785440795970563
2.517897870080481,0.20525706642164324
2.4135351197711095,0.2883775695210566
2.4270468416341293,0.26269359559132915
2.5843404773045835,0.14006044938159146
2.5624587320348553,0.21293873284769324
2.538309673717194,0.17913063378262375
2.4813858759008536,0.26826475560877444
2.5793090497953175,0.27266035964676044
2.5225436015127944,0.3017219943433423
2.5126647084275198,0.17119654599481388
2.456477840567385,0.22505822050625268
2.542719172721589,0.3599447850401924
2.5137959304595725,0.2379857679316235
2.487651193590789,0.28036492091684423
2.499283606242023,0.2641330712648609
2.5488239812560938,0.3030824499154812
2.4525135552220343,0.23409481228829396
2.4448555046933076,0.3078715321954202
2.703738970315798,0.10897805369568098
2.4094354374132165,0.3042595388948594
2.5041714206838894,0.24663518961782824
2.560729476909345,0.22230306797583063
2.5508358296111426,0.23510444998265942
2.504870390727816,0.2704118690540599
2.5486246716846424,0.2481261886268223
2.458193112453309,0.2171949892694704
2.614163367953086,0.26514927159977014
2.5367562440530413,0.33781925956393144
2.3479110569475274,0.24471180165399423
2.4801638944405995,0.37586003635984677
2.4812242394587978,0.37691630194949355
2.449257055329182,0.32076389365143926
2.509714278343038,0.2739274303297206
2.5321825435763365,0.16348987221311395
2.5679923710603263,0.2906416609396836
2.380090637949471,0.3252915143865101
2.526303738767554,0.20103674737451452
2.4977557533600074,0.23159810647014742
2.505928427991483,0.24071189990441813
2.5532622943252066,0.15202548747862976
2.582743081601756,0.24580883494943426
2.567001866096494,0.19636962384456907
2.513386788401302,0.2321237500952299
2.4308545531763937,0.27196012913001877
2.4995974063852153,0.26086836056702084
2.3836636239801456,0.337122171991788
2.2791031639575077,0.3544645918671651
2.342933216743535,0.3521989742813306
2.580010762509047,0.11792754614868754
2.427866845035275,0.1369976192965519
2.5477096996661204,0.2897129770011288
2.620756318771109,0.2657653665958813
2.562247688343857,0.2736751702973277
2.561686454609242,0.19879395616802323
2.578144047959258,0.28172857575745563
2.5502488390118545,0.279246908471003
2.6084091324051726,0.29299655016001175
2.6236641712684645,0.2572894742991381
2.635312779658769,0.24736205585133403
2.541963070673605,0.1732344331551641
2.7000846137317596,0.12022368060550523
2.547823249989299,0.2214091307355747
2.510518390082053,0.2633505872459316
2.53195737952471,0.30532863359020396
2.465866447655198,0.3952210257372145
2.4201092608433306,0.15694435598959525
2.5252239317395575,0.28044576413209704
2.474614828584279,0.25528879415634337
2.420301632386439,0.22803475240120008
2.498770278753521,0.22584856405441048
2.476010054160092,0.20559154266755067
2.4011601802496605,0.35605685270383575
2.334566163604359,0.34166897391343065
2.3038350083311285,0.3245536006795693
2.2905269728453295,0.3304952090145395
2.4649294914160365,0.40552600034417274
2.461797807817328,0.4055051747478273
2.455265647324441,0.37539936807324303
2.4224409184024784,0.3199923861351955
2.4235494518942375,0.321057007348293
2.5638084578214992,0.1677665853569015
2.505133291612864,0.22272852303799381
2.459530840303317,0.18439617180481518
2.4578661942786195,0.34421940928122075
2.4862530526728506,0.23841280249027255
2.593567364469652,0.1838065347882344
2.4956207435463527,0.1942673825854519
2.5567284226700617,0.3196348387174037
2.4700071788484514,0.2717673816371911
2.5596736093915853,0.1561428363641553
2.653963059104711,0.17399768804053714
2.6477589228304543,0.18823007920377582
2.615261369208464,0.1985702636072748
2.6452782600936158,0.17158206073759252
2.654193683563327,0.1780020517475867
2.433620387959972,0.2568565143139794
2.5475115784193916,0.24626227763710604
2.560382662168529,0.2867815596419837
2.4463635030540134,0.2444770963971569
2.4633022343478044,0.23835763674836383
2.51196970630209,0.26553998508682497
2.555083300684017,0.23380808628229313
2.432653888266102,0.2300504340786124
2.362701995009115,0.22600325924931122
2.398957709035668,0.3925274328733696
2.4688886061375412,0.36570274490229276
2.507436201878369,0.21616499549891402
2.475725336797318,0.23504810135263382
2.5380068044215736,0.24831189849903887
2.5427913560871795,0.3179586429136909
2.5344263437016843,0.31009059090416374
2.465308366054633,0.23628300786202805
2.369773662341988,0.23338024602181273
2.436177050568179,0.36152228881241655
2.543810870217211,0.14334382080376018
2.4175191068896638,0.2903606770686861
2.4419439495743482,0.23767515477951995
2.508648906525773,0.24937545110752715
2.364947262500866,0.3092563434805905
2.4831146829080315,0.3424374922530112
2.204927521756394,0.34197824740001875
2.569287376326674,0.31037683652242626
2.353618729301223,0.26233552791811693
2.5539861604297482,0.17737196669743238
2.6077775473949067,0.20745141953473764
2.275961706131537,0.3449876155596364
2.268720631406395,0.35557963732592635
2.532833228054422,0.26759262795064703
2.5402648438345192,0.23768291583430715
2.455106498715185,0.24891214116515217
2.625392337460485,0.12293349158741355
2.6186810651184755,0.16180699925784903
2.57665844894571,0.14780777792112923
2.4088792361377793,0.22734283001537328
2.7465185543483006,0.16607881448227776
2.337678773720176,0.3503808122735598
2.6838868405225154,0.19164959028129747
2.5120958924585572,0.15788640424137038
2.3673906910638953,0.18207977803360306
2.507774743035317,0.25416864051583177
2.7096899868434323,0.24519566376567406
2.687657350316935,0.21055808535879417
2.488414980091724,0.1371425009835316
2.731783467836732,0.17001656387412586
2.5150913204398524,0.10079549941147302
2.5582076922143986,0.28354158080589265
2.4989779621389183,0.32081551313310025
2.456534345940024,0.26108950205939924
2.5657735677355125,0.31028454472503353
2.2752590758032993,0.3641620601236737
2.4514235800948034,0.3081316982210992
2.4593792859801074,0.3356876288772613
2.4313683557491776,0.31393566350445423
2.48888925913576,0.18490347635375973
2.4922218992862604,0.23133415900433904
2.3890029569409057,0.267188058996329
2.4344402643601692,0.2748241882478269
2.5044118026587263,0.22030993449732664
2.5750922476953586,0.2470574016381544
2.2850135663086837,0.2966821697350323
2.6415138548543826,0.238591255064751
2.429046348542369,0.24992460227159013
2.4935484289694836,0.2182189414690945
2.5240554603862178,0.23525627794802564
2.3570983607313996,0.34069875968509844
2.64288935172115,0.15915481874637136
2.5129172097420778,0.24552774597409485
2.4615371041306386,0.21297523807347638
2.554521020797193,0.14107738295182537
2.5230644616101374,0.28608001857130483
2.5600648836467736,0.14394544496496178
2.5156686510521302,0.09336585285671137
2.515771313029436,0.12689239536859223
2.530756244575385,0.21632247850855502
2.504857547302265,0.28219328136197885
2.5189906632222256,0.20298116269805302
2.5082101930872858,0.21496704373101624
2.4990416670432882,0.19780196620856905
2.6190861453681338,0.19035458852248266
2.543963171884269,0.2890964593109673
2.4675162694649915,0.27042672131812484
2.6074305473825814,0.22650428681633716
2.482120252342136,0.17679431138168045
2.5824776055575605,0.23871778224075815
2.507412262207488,0.2600996843999989
2.4756962410803838,0.29623639862781936
2.4542657035648965,0.2405278823051152
2.422331939626241,0.29357454938653704
2.401875066340927,0.30175567447184254
2.460617221833136,0.22244743640002648
2.5322099070117345,0.15261175805074212
2.5708455911919765,0.1656244168164559
2.5683570284649364,0.1601580106747917
2.5243162351508928,0.1772465667250214
2.4129267813270627,0.3288292872281683
2.404212643101164,0.33974616712477235
2.4121558419174267,0.31404357518295856
2.4530772991992227,0.32737788899797793
2.3605061871395137,0.3421686910655245
2.3641299630250554,0.29093267688892666
2.4811344958795543,0.19831800382541676
2.469065520710791,0.28007521175670214
2.4896994201403793,0.20895692321321568
2.682273094649233,0.12390001059747761
2.452926288587982,0.2360808287791027
2.54414374795767,0.3355797406579465
2.619439947546753,0.09422616191398551
2.6571894846400936,0.20078798085281582
2.5775358870796756,0.10536194228415015
2.641507313251814,0.14056784240690767
2.5958217573386446,0.1629274012707127
2.5640713351716276,0.14567231720328902
2.4502009410747743,0.23918688871999022
2.442365269109226,0.2302738936550113
2.507381459768633,0.2788351209927152
2.494363846383925,0.2607098262766101
2.357230285746735,0.24673149323154947
2.395660245316551,0.2818916424743256
2.6768532120998847,0.10746496561748485
2.5757300566731263,0.15336558393512648
2.570967275929198,0.15233585797140428
2.621581044406508,0.12214189382565235
2.6294002695754184,0.18033991403488606
2.608674541169394,0.1538086953998657
2.5141277741963406,0.22615810031485942
2.4296464740528596,0.2719125839733721
2.375361936718068,0.2302265454332194
2.4798557662859726,0.18291004650959997
2.4924846430368857,0.1814504802675877
2.4283202621703235,0.39233792327426736
2.448783785738122,0.1933008823674698
2.4270655559603562,0.19815223462508585
2.4768503119876986,0.2633250645870601
2.439599076591923,0.23911632282180964
2.379501292327963,0.33755019382508394
2.456935726141585,0.3466599237821118
2.361948399706559,0.34664534436190664
2.2153785793852485,0.44939166535946534
2.2375201608576725,0.4107787808958559
2.241682960620892,0.3791074897466924
2.233051924061139,0.3915648087314645
2.1872332233817557,0.46542762736191573
2.2498461224209505,0.44523831322755747
2.5936700676312627,0.25185210601417246
2.559612591036915,0.2524567883754275
2.550140658957718,0.2652750547962276
2.394035710923318,0.28810246510514603
2.4141124923553705,0.2833410257221999
2.542260910092703,0.3740554164788995
2.5199221856592797,0.37980334848371905
2.417132280548063,0.3770458857651537
2.418466971126716,0.3771103937014573
2.3521167278392974,0.24478700455182836
2.543084256589167,0.30474749597113066
2.5336552653338273,0.23457283337629134
2.4921465284480973,0.2358595845722012
2.599076527523793,0.13577803216486628
2.38903874407035,0.33083819635341155
2.5734430271331337,0.22436901731529052
2.4031100668794183,0.24070548497244265
2.5145129999504636,0.3142299727815183
2.555584661606366,0.3081588844500532
2.4556376620296145,0.27002509025758237
2.282532252896,0.34645023074677705
2.532134040398575,0.4128873870497348
2.503015224555365,0.3971133923919278
2.486899912605149,0.3141030278833132
2.3972734898901726,0.2450178218597459
2.409774964947065,0.3354541011318386
2.398762807282271,0.3819785017875539
2.4739554047958623,0.15974742722150254
2.571453449629098,0.146199274436781
2.7384218864732466,0.11799584155157827
2.7593145400821943,0.12128694350875775
2.733097770210926,0.10562554259708382
2.6754378548484303,0.029716015573660118
2.683670545491609,0.039707981881373
2.4141806807766093,0.28883017139543415
2.365314838168074,0.3038665186298808
2.333962147831602,0.3119934792012594
2.341253261490698,0.3558296975822259
2.6121810502948373,0.13547777020230017
2.6264640775671215,0.13219939530214134
2.720432887781287,0.14809827500872993
2.79153275486601,0.11635273843973584
2.6696685581493793,0.06647506278185385
2.659703751772442,0.05105978870728531
2.363097648426516,0.37317338052873966
2.566051006548865,0.33962392503082917
2.554935119817189,0.330361293794441
2.4529700586790963,0.36924375385279035
2.4696649146971312,0.3696025771342593
2.38158962695658,0.24056731748004337
2.616171975521108,0.22772587849349119
2.509002475792442,0.30446003197732324
2.5168529999542426,0.2747423166472795
2.5479452398501934,0.2758781121059411
2.4704786999637642,0.283164045469469
2.5886532040159334,0.14755869952628936
2.4678532795667416,0.24613550868507778
2.4775760708451657,0.2262489493256659
2.605297667412348,0.15491620293635364
2.5119957349433575,0.2462157895845104
2.5383573444652,0.2643608447669122
2.5863477761178775,0.2585701505343021
2.594468455295548,0.1647678622729802
2.3905193528413196,0.2990028565813845
2.501620780175727,0.15423289121592415
2.456055265225316,0.23976073095805328
2.43366528768987,0.22877540820397838
2.4060031741187142,0.2867124652817851
2.355215927809219,0.3123966540280617
2.3221402692665354,0.25101142457707093
2.355603287079282,0.25686377079579076
2.4478017765855005,0.2563959512570403
2.604853843076402,0.1515347137154318
2.616522356861137,0.24539291939269495
2.5628904024652432,0.34894664891287613
2.284985557575683,0.34367857472091146
2.4283407546072526,0.36446227127739056
2.54882564008765,0.33774126784234765
2.531328187870267,0.30955042748383266
2.4977284142262612,0.24330233239373736
2.5340211385074816,0.28976246540170253
2.5267752633535068,0.3430744811829656
2.3042107622651398,0.33376033752265993
2.368654765578832,0.2959503794650129
2.518497073896039,0.25388866517444175
2.488003571172228,0.2706987244365574
2.522054470577362,0.1815368609571032
2.522693354017292,0.261928295215134
2.523209475641294,0.2718295883780132
2.794107735447158,0.024647945867500777
2.6753847792337275,0.09707686310801873
2.6014622299788113,0.19268185343204008
2.4892149083005117,0.3440162604525589
2.50092385811875,0.20064251038638825
2.48722764829637,0.1981662109224253
2.5032144672420737,0.20929395069926762
2.5744698038451928,0.12470406293776605
2.5457571748423082,0.1624410977555525
2.4537160346534943,0.30431199157047095
2.4567058856778368,0.16706964286013776
2.3322470813912872,0.14461360596614295
2.3463848111545302,0.1588127997397018
2.352191125082274,0.1979026591173489
2.4252273522005803,0.2567167034642663
2.3929399434797904,0.22355446018701733
2.5101063025196435,0.2855253192919705
2.508546814760415,0.2133765973031548
2.523202466411008,0.21299157681795308
2.457178887216803,0.2472792759164658
2.468087117136528,0.2544951975449683
2.4569875524918317,0.2213241909699875
2.4707543923094692,0.2170861157085654
2.478072272932156,0.24434561328015625
2.469300990835052,0.25112815160140023
2.4425439992332656,0.23327446431352727
2.4497131852918663,0.260781131822603
2.4319528965181663,0.2941641310415734
2.4261023080429815,0.249870497393799
2.46687596532827,0.22562876789271777
2.521012718464136,0.23226136206223075
2.4215205919087053,0.25172304873329315
2.623891752058114,0.16561550740667247
2.4745909387382623,0.1650941717305947
2.590874410839315,0.197210610557835
2.4123823981874235,0.26249880114024626
2.4739557622369888,0.27743021875984675
2.5921791702351276,0.13207667846435878
2.406616638269924,0.31156577558875387
2.3560538816342924,0.31336412541509673
2.4397319169589124,0.26416897931064154
2.4211545780477115,0.2719873030694072
2.4089298786157443,0.22154957646247708
2.4030678738139604,0.2438550700621682
2.4196866615543957,0.38498748380182923
2.3274580031242937,0.3100809338604701
2.3872578476357034,0.36917563704295536
2.40616357408553,0.35278951925296537
2.3787994140923354,0.2615229552521799
2.4219213826094705,0.22189428890129906
2.5375309576430287,0.22241392546194913
2.5581664421267596,0.30782017530012784
2.539780433337089,0.25993511497992355
2.593505059638941,0.22543016454523543
2.5570099178086836,0.25368537303238214
2.413651419884365,0.25999735047775957
2.4725898378039313,0.3018724639384137
2.3434660564347483,0.2792119058650203
2.450948326034732,0.31093041888934775
2.4275961769045638,0.24761942971501832
2.481344799029482,0.24938118863252068
2.50620060576102,0.16721000163356242
2.549006488612658,0.15240540057096608
2.4519421503401992,0.29605869310263794
2.3553600104017476,0.16776186282970212
2.4326467249391928,0.3510695865092232
2.441349655478641,0.2250898191691894
2.493863236027998,0.28206532522816996
2.44940886169653,0.27117814614746455
2.445530253593292,0.2725507383458115
2.450137698367509,0.20926883667905438
2.4876383850293027,0.201181045224479
2.6107717742013024,0.11163433102624656
2.521278832919983,0.1716769474191029
2.531548660942365,0.26341063497832323
2.470061369952633,0.15686059186610138
2.51239952330713,0.1972548992527858
2.428239844328049,0.26127664844650994
2.476694590766403,0.29081021039322913
2.5793154284279303,0.2968151430213911
2.4363752271151604,0.2627131117672386
2.471299785637311,0.27949229265313114
2.5676441627904363,0.17190195977656939
2.5369565759271144,0.2361591447785734
2.5397489229317425,0.3057760333425148
2.4229337545568286,0.28898717787765016
2.4795318147413274,0.22602080673089983
2.5050025018815325,0.26709913192336876
2.643502046579265,0.10869117145353986
2.6442134226343974,0.23038070336736471
2.637112088465274,0.2232077957033697
2.5313575614536354,0.15036711640710562
2.526730474369362,0.15545195983174304
2.4310270105513814,0.33263238527886246
2.395770454327156,0.36441781750931407
2.3966896248609544,0.3686180219056424
2.3411223356345143,0.27006612702634325
2.639166089523694,0.20603994392164496
2.5261002427285977,0.21360080562539666
2.562981933492297,0.24749536595548063
2.503228605006011,0.250378407688949
2.5962247108003664,0.13811765109149934
2.594959843902928,0.15709596269908946
2.700552866508664,0.0892683735691435
2.3219424833467177,0.34742534515621004
2.400282897372021,0.4862881216023861
2.5494990757588902,0.23026728422527057
2.4549540231403113,0.26507949450732216
2.425171728182391,0.3297586996110635
2.4917043769102056,0.3481277239359707
2.496369842438642,0.3039420818773834
2.5014426428575796,0.4008581487221445
2.3283544175058632,0.17075955216229596
2.3049810689273538,0.30036319882443974
2.272385252103374,0.2801687768234965
2.5472362886738877,0.3430680152767617
2.4054310194563175,0.3877198443557134
2.402058204053665,0.23254357824972885
2.62949863698643,0.1937325768891318
2.594975864555837,0.21153586407075123
2.4842781225668706,0.23913243829868067
2.4643568880209865,0.3442315458889192
2.475718840607048,0.2234136141379993
2.576291907758093,0.18833811781864732
2.477219150112746,0.19725168127766618
2.4119421399682537,0.3689400044639517
2.376002820823803,0.33102081666377325
2.3858632785554903,0.28072166557231015
2.387671369865973,0.28063034347450727
2.2832560619143303,0.41907664125585803
2.304983638723476,0.3974911204947798
2.344010343511232,0.40192515578903576
2.5250958332731765,0.23176401127183396
2.4964233417851136,0.2118806935340763
2.650592546308089,0.19496450175609917
2.660548736988276,0.12041004848100423
2.619980465000812,0.1627669650183197
2.615676520781668,0.15525169111662096
2.4677226920494317,0.24327692358153252
2.447391801939517,0.2547471172140529
2.4827462800076203,0.2559252476931804
2.3850405945393622,0.40273442101238427
2.4492988043634147,0.2211702253589389
2.3835248928323898,0.24267388887388053
2.3944183559194805,0.3786041013987016
2.5781702507115423,0.11016043382655545
2.6258415727192963,0.15400767468018087
2.557355014764977,0.2925843304875146
2.512297178651724,0.1861341053988367
2.475007913273557,0.07555956516426961
2.5202117856356634,0.11329780962585485
2.5692819931580777,0.15369199686196539
2.604917143779016,0.1900586252416931
2.4771005050580532,0.19128115568462473
2.4555532093474786,0.290769598754673
2.541730845689007,0.1193493584332493
2.553000863729369,0.14321053352845411
2.562661228038627,0.13383572138424601
2.38669865842101,0.21120658664606853
2.411932409197934,0.3370750133504867
2.56605506353876,0.1674036248993927
2.573632321933951,0.175966659209099
2.4351892616575923,0.21467468224249212
2.4284718472076143,0.32009488441886774
2.3993834226902058,0.2862436141881227
2.4057696132257793,0.2825325149036166
2.5359343978238376,0.23102790282577385
2.3824405350841076,0.24343828117095032
2.4180117690210694,0.2724988337024749
2.4102278336484737,0.2800214065839139
2.390230906367599,0.2720085390579755
2.384953204478387,0.2680512247109911
2.3987106721973595,0.2700380453561944
2.4989430764307934,0.32364351800515
2.6791617910210914,0.19968866838392127
2.626340136501552,0.11122218772699347
2.5977975978750525,0.11882060096925419
2.484233252365273,0.24958952155852152
2.7155725405089557,0.10416969287886241
2.636361439016082,0.2767075895338266
2.6169864508391103,0.3113833160836615
2.4978239110611056,0.26531460597392315
2.4768176917897318,0.26747687356987404
2.492335281235694,0.2032445683771371
2.4743855655325526,0.19339816782395422
2.460430734936192,0.28335534795063544
2.5286949704594996,0.1848482308868498
2.4632207180095254,0.17651276902678714
2.543378816446954,0.19412918213303096
2.581325954771062,0.20886739023673842
2.616426909537912,0.15469036860075597
2.4126923131486233,0.3043107785049087
2.5370735282288828,0.2649972359318264
2.528078233315567,0.26941013913559697
2.5282700128273397,0.24985163077906028
2.346916702494716,0.3260451947873928
2.5338772807240115,0.24798231693513245
2.4574820443962784,0.21640947685964734
2.5825639093739063,0.2573016214091189
2.295807636381646,0.2641654709635949
2.4826338862624526,0.23538192722395382
2.5726974873196715,0.14432224108099076
2.5600505225446204,0.1166818480916821
2.458802478011687,0.12534492802639682
2.567314010444665,0.345066866582814
2.469273543875436,0.2871464446292372
2.618796854459551,0.136153670890265
2.52567003181085,0.16742774825132722
2.4950740035511068,0.19065341379983908
2.496425947705659,0.18200245793794062
2.4763672793026617,0.2206839090159949
2.6452638016218093,0.1883503145470854
2.499214977101142,0.25446012775200216
2.4846067424385465,0.2243996288898382
2.52491468313869,0.3128516434192106
2.4239954259399585,0.2537991457719509
2.594299877863963,0.20154119380637478
2.55703018578037,0.1477266284495494
2.5301305908644864,0.16632812995867755
2.577111389347535,0.18351507533347022
2.536796446430796,0.18854508804912953
2.6075643318597375,0.1882710014120115
2.564344036268759,0.2173518116663691
2.6703229126139125,0.19653362037105457
2.5606952139406913,0.09634876495188652
2.514689936882609,0.10460745442356971
2.5296984559879,0.11886329204070312
2.5340420482239248,0.24176925913787733
2.5142186742294705,0.20172660396875605
2.519247523794463,0.2223276858177572
2.521883901375574,0.15413260387441563
2.6000741021262805,0.22402267996174502
2.5103229990812537,0.20922390235589425
2.4467731357353735,0.2341416174500272
2.435011140699087,0.2793792109988251
2.511539761870079,0.29378207060946737
2.617584533537859,0.1452664627433745
2.4533064758412158,0.23111267149757428
2.49080106482183,0.18766610433123776
2.4681535764779796,0.23766991124438078
2.485191178565386,0.27275060041238786
2.467237121409353,0.21681691234329667
2.5085351985416606,0.22594755267329733
2.4633212324928353,0.2196561499520835
2.576949609407552,0.22822791186456287
2.54171164551081,0.27585569789834163
2.4650081367947245,0.2625651363670386
2.5745469776014542,0.21015621369220983
2.4652135964410045,0.18744167614787144
2.6502974689217242,0.16305833219162066
2.6593530413975137,0.13042168627143766
2.458433508588755,0.2077972006644927
2.3814024890676535,0.25065521088571324
2.352833393748469,0.27846904678036377
2.4524703381005595,0.3214070964423041
2.4188694701806717,0.28852931518172686
2.394701246893005,0.31136286179101325
2.4115591462271193,0.20432549155589397
2.4153645894049647,0.20355761543341405
2.5403636684351594,0.20006624325064795
2.390820970976329,0.2262892673044078
2.5203763269457924,0.3053974370362901
2.440679843765276,0.1804418890361577
2.455232149562724,0.19415164341772573
2.4182837592334487,0.1957117666298554
2.3523956764494582,0.1869455191370809
2.336026303463509,0.2504862358653096
2.3488968461445525,0.2501152672282483
2.3956651965666365,0.3845282904420717
2.2882931713683283,0.3809437521431011
2.254454232898509,0.43204805320121376
2.4966422786170823,0.22779918874132635
2.525735697801193,0.15577294913328685
2.5941035295668633,0.24676325794084658
2.5469485085052885,0.2723099610643781
2.646475946171457,0.21254877209251216
2.638306412058411,0.2097994397076049
2.4341036295113434,0.24622945061068957
2.530150246448484,0.30008492269713843
2.608453301815832,0.10078774705426187
2.637570902909358,0.11793501767689178
2.434578431261886,0.28856668010467756
2.4438837852064816,0.15855250379534144
2.447843410148326,0.18278084675291834
2.438673207432458,0.3868091206048499
2.316515949548327,0.27136183472728187
2.4972387357392356,0.34933303653650605
2.4900946044889425,0.29677009236537943
2.6530792110488806,0.19494228692286208
2.6454332525612747,0.27104504995788214
2.5442022105108286,0.1569883630888103
2.5549321804914102,0.2561676776421627
2.4491660838094766,0.2823075291503361
2.397716390740234,0.3084314343659237
2.4143288515473507,0.29968946945508046
2.4138291141937382,0.33145370120321677
2.320042887983915,0.31576538365163254
2.301749578332379,0.23784483635715906
2.5858365101929386,0.37589961429566676
2.5877872628147722,0.36129355042003813
2.4316856731448064,0.25659690250317296
2.3918394840078263,0.24537158043233664
2.3457042531416112,0.30659891752040064
2.4357118226496923,0.2859497753164436
2.498829882585152,0.19609695481747955
2.3867105019805837,0.31226228586199295
2.5904534176833907,0.17708396433423615
2.587487803125698,0.17048548984838327
2.5888235596454074,0.17471420152783323
2.580554567091672,0.16561382980564354
2.4474992269774285,0.195070178566641
2.433512633215334,0.17563863611306585
2.4545295708805455,0.2794501367952919
2.42905507035372,0.28458783338036564
2.333921037928559,0.184066814711178
2.503649153071369,0.2504237555008318
2.3239327403097008,0.3251561126985563
2.3630111296250327,0.37749272640142434
2.49056208468255,0.1763848648925163
2.589167434185782,0.17101705198937991
2.479941558948921,0.16534990623010615
2.5897115284502656,0.27095855965044324
2.529978681055499,0.23206023732030787
2.5337430315885814,0.20476999658572834
2.314432973951835,0.3524609427041858
2.397363760081849,0.35807949080797286
2.4137386481755505,0.2810637568751301
2.4385670382263065,0.25313690989056536
2.456442660239976,0.3626694604980706
2.4563330314649234,0.21586824496299817
2.4095503810798107,0.24792495521016072
2.577851774840477,0.22087863314766643
2.5389167931781684,0.19611854040173496
2.5518650218928633,0.1914130153512531
2.527845663678434,0.32220923389561884
2.460713821164117,0.18366523871933255
2.515400867398575,0.29805966063870604
2.498443646703269,0.28137160251280546
2.4641582304071896,0.2759124166804549
2.4316103847043005,0.25471271893813174
2.441210221669172,0.28492082967269167
2.4571733912595417,0.2729115069868979
2.3706306429857045,0.27208147755287926
2.507362524429119,0.28346788406902185
2.5200279279527096,0.3531535264262577
2.536793099742845,0.22143657186500804
2.5408902419243073,0.25395980213646596
2.5580654949356885,0.2669581116266192
2.5812160848519783,0.2819996782671225
2.337681847924599,0.25025933286457314
2.696112964947242,0.17934568955170424
2.6651494002880294,0.20161028594679836
2.393384870927337,0.219407446679293
2.413232244705296,0.3132434445692429
2.467857534340929,0.27291112013792784
2.5832704773777517,0.20022899606835734
2.537928294535515,0.17377237283740307
2.543031294591773,0.17720602153573803
2.577826807131111,0.1798271734743122
2.5306831502657667,0.21318121084480907
2.5618363452425985,0.19987615306982753
2.495636451594593,0.2491679326014783
2.439301381201125,0.3390991245522629
2.3925258461674366,0.17757446103228358
2.4165890675848036,0.38380337596705544
2.523173838323205,0.302079005471248
2.4136771181463126,0.40263695950030276
2.4326145125303027,0.28726662804051195
2.428125811733996,0.23268766019201106
2.3953197824975225,0.38536591664614134
2.29871795362667,0.35444541199206275
2.516371714184898,0.21678615938045648
2.451595128474535,0.17279992329987326
2.5456219542901475,0.2901757529659518
2.547750606656067,0.30342982679329483
2.3428415889808982,0.25322943571374545
2.364167916097281,0.2557222476173867
2.3817744301103625,0.38392499473015834
2.363630067597065,0.34216414683587404
2.3656627704337296,0.3399837363541116
2.5285403528585118,0.1726604827205532
2.4163676630556483,0.23539131903785693
2.279982817051699,0.3366845075391686
2.2981219254085397,0.3206783431072254
2.503869366837608,0.33104273156725994
2.4103966769585305,0.4074994496833805
2.471111870466935,0.37342460556711116
2.2856448421083275,0.3065189281362144
2.345806838896844,0.3270093423493297
2.5806571902359,0.167649677267147
2.6088344265438823,0.18914663813599597
2.576082103311678,0.1348126999578389
2.5101120973475277,0.22815894474983445
2.4890134848104286,0.247125695198583
2.523962159641049,0.2378327053440087
2.526432570781248,0.1854818666341551
2.633965661173224,0.2002887347365577
2.6469160063803168,0.1923950835887058
2.59812578357865,0.2081083037429147
2.633041540459521,0.1935723574417305
2.58285349200942,0.14714091534920393
2.575711897845626,0.13345585875079102
2.7047052860878886,0.11369641133865406
2.592505596419279,0.17223565092587084
2.6409183415671587,0.20172805600669447
2.6466295849347534,0.20550805848502965
2.6606932488241872,0.1461285571855816
2.5999432838538588,0.13472224666549604
2.4408181553459167,0.29718325399046447
2.5634895686719688,0.1779033623465241
2.448678768149042,0.26893118279983314
2.43950036237878,0.20507296734432778
2.471809564317738,0.292030715467181
2.465127228923938,0.37044179546866585
2.461180619733374,0.40112154138008427
2.491404041151058,0.12291387188763855
2.569709472839932,0.2227428261801601
2.438515545304247,0.20117786802508783
2.540422663540056,0.23654071079458056
2.646852821376087,0.10581627971187428
2.4500557438552524,0.1536745331827264
2.456554526790914,0.37532922262390883
2.2839512346529816,0.36198276019984854
2.2205759662281643,0.3099778950180198
2.222771585650235,0.3293413492181324
2.713074877049755,0.27951041694050516
2.4710090172853603,0.23763931731179355
2.4679705603413167,0.21093509286399872
2.453047711261521,0.3438754207542435
2.6558436171233724,0.17670003114148833
2.431252757668577,0.29958989814963816
2.385952372171247,0.2942089579259043
2.504302661831145,0.245955450477964
2.5564670259506386,0.2276670641700731
2.6048107456187735,0.2033491474833079
2.6564569993309575,0.15401638122423095
2.4871942741418605,0.21102929479381982
2.3401480109893713,0.3312645959025321
2.434216112317803,0.29489831481524903
2.5375148963651064,0.1744097858532297
2.438941681604642,0.24681960033999947
2.494396736257887,0.19908899517476245
2.461774147661857,0.28131929098785974
2.4087359052546256,0.27310445235005626
2.522027077567488,0.2669243687646481
2.6275550776763157,0.2697536182657032
2.4852268489723626,0.30038796847098
2.392521043811119,0.22564315375964783
2.374451565499391,0.18078570801636343
2.438285646582389,0.2144598235824723
2.416164147978197,0.16838563879244942
2.3710201726615576,0.3737759271144552
2.479183501715745,0.2520130431369232
2.4885748851821,0.2366064754503788
2.5398761841173982,0.1757289701105766
2.5591930575792277,0.19260103940795514
2.4811315811034333,0.24196712652042085
2.4968652650783265,0.2090242191238993
2.484055139698775,0.24498282203597282
2.498943501748284,0.23851802845828243
2.52721891458985,0.2501356859493721
2.528457361531796,0.22862778387332147
2.496043968951633,0.2087789931153237
2.3558289941118025,0.4677068309137076
2.454221018617327,0.16393066844350923
2.452923729716838,0.1303374935614972
2.4488410998196715,0.12542572915630698
2.4577589960190975,0.13243517048235648
2.653272485218212,0.143291168506728
2.338044947776156,0.32787284445190007
2.357515175825617,0.1880118716637889
2.3559862622394983,0.2758663605896631
2.4047180691111154,0.30849213268019093
2.537825704047373,0.18360812891838865
2.4270648941187254,0.18813510922619245
2.6456793531440237,0.21823513226231567
2.595322364674989,0.1254391082102127
2.4018350905931203,0.17747939432144477
2.623591311636744,0.20709987813696437
2.687324367165473,0.11278920286309481
2.712906530793437,0.16884611558754908
2.6194717213753607,0.13154230752453824
2.6119435934867226,0.12179889321014871
2.767969775569588,0.1924265862979249
2.697524929028149,0.20065115627032548
2.4208404400008607,0.4612280296232213
2.2662009722924013,0.39933700707667197
2.4231011675485723,0.35441395366777756
2.39876687759367,0.2481269536114868
2.3973473507269403,0.3750844021396791
2.4096967088032932,0.33674977113041316
2.382928426654535,0.4514045674266317
2.305643657078164,0.31884946184249996
2.4951156085650252,0.20519065090000443
2.44763549308687,0.2164747683206344
2.445322511953356,0.17464020274165953
2.594988585057347,0.22487694867043603
2.70674336185485,0.3442913942235854
2.7151617582796894,0.3752537093879389
2.7523794008366234,0.3273407013828162
2.579198765820618,0.2260063899534639
2.43967073032113,0.2524259561514141
2.4589981074693448,0.25577071761203574
2.4603836277598123,0.2276207836679336
2.429270086462187,0.23294425390468626
2.4570100459712223,0.23887738649739004
2.3629802339816557,0.3271440989279165
2.399216978510623,0.3636232029002401
2.401235620808448,0.2892960667605901
2.4944513544093954,0.2639024228998616
2.4904818456932656,0.24574615882594777
2.490270213593898,0.2446711956875503
2.3814515656310036,0.3688294624355113
2.3516824575686135,0.24923205664355338
2.5176834955165273,0.24872720160518053
2.4473833640080906,0.25358443269677666
2.4543166004011927,0.27788935623672467
2.5293414853028313,0.1930564593382015
2.578723521967676,0.23151861520172884
2.5798777186643576,0.18527340193556266
2.5255758608257617,0.17939105394488186
2.535344278164424,0.13268936081101065
2.5415185200799986,0.32893997675574554
2.5475057005951744,0.327272677077987
2.3561581509641276,0.32757398940750115
2.5177309034970645,0.2725663518659022
2.496463678635461,0.22338370476433367
2.519720703510535,0.18806179967101383
2.5965858844499783,0.18809487407252817
2.413531152049392,0.27125212726734704
2.3411507423021214,0.29317522550604375
2.543290559103838,0.20808019031893205
2.371339128148839,0.2974680871809241
2.3578777734944185,0.24049001614783586
2.478522148304423,0.21600320938751333
2.4762034411533835,0.3213295623730411
2.492777124796649,0.32520446520891694
2.50654259811837,0.34642718233432823
2.390143230769204,0.19924479291013436
2.4547532164018206,0.22635569607716233
2.5155777287475845,0.29716084198515713
2.4841028154083755,0.2719414664455196
2.433164896834465,0.25742327324567144
2.4349184357175555,0.2617202992555548
2.4715255120083413,0.2876383618352467
2.5307593613282826,0.16133775058336383
2.760503976912799,0.36900532532880187
2.7465346056865223,0.36465542414269203
2.5796325034920224,0.15756280875300743
2.396948784491926,0.251384978192162
2.5337749972241452,0.26222380807937323
2.522733499450212,0.20710823877955709
2.565946846084114,0.18655114507485984
2.4888761888245385,0.21956679081955927
2.4959003623705223,0.22372438541904294
2.563217696682998,0.1772939728945553
2.551642492044416,0.17981732325316127
2.557284229994461,0.2354703611450095
2.696999232070253,0.20353696133459664
2.7010790905124833,0.17706893490920447
2.3035005321613906,0.27948315108201877
2.554594413612412,0.3288065939413735
2.5809960016447264,0.34838554754729073
2.4454677120411246,0.19692168156340306
2.447186427652792,0.18942718850155907
2.4860064215168034,0.19393259392442452
2.602561504406223,0.19033055960009745
2.5429657895413644,0.18876901231087523
2.538018418079968,0.19687350667664716
2.560253712167709,0.2251964758853634
2.6050622021000516,0.22438088980233922
2.3632479125355657,0.1730898149370217
2.4027536393327713,0.21459311093959502
2.3875215783960537,0.1919722168098553
2.384032956401723,0.18868030740199668
2.4220480087914225,0.37808116378773854
2.372428245896237,0.2920969774812086
2.398958339633994,0.27374260289360847
2.35809103163678,0.20261890780373196
2.4483003796573235,0.23530688084377094
2.4636944390286275,0.2690064428458778
2.541085140725375,0.24877964308197179
2.470039297408374,0.21931715565493964
2.4492905957313122,0.2698800206378284
2.458998503736311,0.34978508344625336
2.433919481971648,0.3135379242605055
2.4066542506367257,0.24394070612322213
2.572126363049734,0.230247333220208
2.612047162332441,0.1820958923911918
2.5406212127808865,0.16246380569757624
2.5010830608565335,0.16936987389585267
2.548230912991503,0.19689324905671016
2.3916531058770047,0.27989534494490537
2.442031220467666,0.29720493762362327
2.3407862613526835,0.3307090755215928
2.3393163676167106,0.3038136141794266
2.4390994545371765,0.4206971757281786
2.3936505655627145,0.3728418236000145
2.446513996145623,0.33939694116840663
2.4674201446269275,0.39315847776574575
2.393074642218663,0.32122978833798843
2.4300939336937146,0.4170968655755193
2.217909774112525,0.306693920346558
2.253098470947707,0.4343124605065261
2.2054676124416615,0.30430520650936616
2.5439487479607874,0.2317246352880402
2.4814131788477707,0.1832756312799279
2.526812983772844,0.21106741412568755
2.532335356193737,0.17616342135790344
2.6136248002118556,0.11266804616376445
2.5745477547068205,0.21494951800388043
2.529739008241822,0.34757889423460697
2.4163062488264524,0.20310557585899192
2.499464003454719,0.20255592921475446
2.359551266460858,0.2602959639151564
2.4325834737766123,0.24223608237423314
2.476660303123736,0.3092239924328547
2.3273783570316255,0.30395077136273324
2.421400531974787,0.15581453655883593
2.3971558505694306,0.21099904390256763
2.441855025583963,0.2826362291293632
2.4630880972659273,0.26273579954739323
2.4879602992906173,0.21036587346284472
2.507062127337218,0.2765206054293874
2.525365544898748,0.1659504036795232
2.574314904427164,0.23968355299387636
2.4578367905777267,0.36411260548032587
2.3915448683403797,0.24589392672243435
2.566362250796186,0.1544349048872543
2.5416678102608232,0.15496407884834634
2.4266979753233757,0.2626264390697075
2.4033898866966936,0.29266097681000797
2.539217453659841,0.19073801945974428
2.4139156027576663,0.2339393615437761
2.478353801940199,0.3304977728377408
2.4226950222072627,0.2396750338624954
2.455436604117252,0.15963927031781883
2.4551118927821336,0.16319693299923954
2.476342903611572,0.20012128942708468
2.474870329971017,0.3038309023505082
2.686608032623166,0.1524275533004202
2.445281124827226,0.17124200493929997
2.3992240991391194,0.19982830116851572
2.455169592594979,0.34490081291149155
2.452438909618523,0.34531544806345216
2.462631821245646,0.17869039521304955
2.4465050122509786,0.277560455404403
2.4629767537523857,0.23868039323213117
2.48083281294222,0.29639652398822075
2.4368394221372425,0.318919255676848
2.487087388113609,0.15084941722956308
2.4938696562489038,0.20975321345019712
2.441991199064674,0.3374746471293271
2.5756919054212792,0.2542064232181947
2.3773762872234196,0.2708079901150434
2.495148534967305,0.2103387180103533
2.459505817745041,0.13576576038301377
2.4617854572010756,0.1684496370445449
2.4876895602540894,0.16347556145408587
2.5348353293781534,0.17078534858898764
2.5810410357872833,0.1831266325361586
2.6884605112350384,0.2559102146903317
2.3051169801531612,0.30126320797431266
2.4066665628400385,0.3765028072773926
2.3799954995476402,0.3642620608394381
2.3381220817691264,0.36368880172979523
2.349517016420158,0.3302385489370491
2.5499133280173076,0.17034110878551253
2.5160864965144927,0.1747730479845258
2.3868721043250867,0.21535612253770015
2.39603129057151,0.22890286396500478
2.5073249840191476,0.2917955754185602
2.490200600999614,0.30825943291295144
2.3742601301748802,0.3703685668071535
2.314430428956492,0.34696751851689817
2.4461172717025916,0.33776958542744623
2.575124336111774,0.10475805081024568
2.6539462265722005,0.27953854839754355
2.3642775821159097,0.24040695145510427
2.5057046703598425,0.27006653453494706
2.426180015796904,0.25351447025499146
2.6528860765702116,0.20312571543364544
2.587070637744048,0.20946604079398415
2.5010562913814702,0.17675723152183132
2.611004673760047,0.18828104368654572
2.610913407082903,0.13278333628340028
2.556662534069625,0.17744804506877934
2.449065572702554,0.21557068390991121
2.4631900781152773,0.225595806719783
2.4536333367890375,0.26794691525881764
2.4641207345066443,0.21792643730270603
2.5069304520927727,0.2683142066352671
2.498127107706018,0.19840104050279264
2.5481851675208276,0.10040558323941676
2.5752973892483966,0.12497797723389051
2.5260040629434637,0.2273995022497433
2.4395893291760458,0.25572407660325425
2.450858528811321,0.29554934883842027
2.471965638385159,0.2297859237724516
2.3633823735910875,0.23687448799347552
2.407921357606567,0.2313321431753512
2.6320179676179043,0.15453384141129567
2.6147536051957787,0.2419949237038856
2.6577567997845333,0.24961895347912735
2.6043291065108445,0.23043481771753538
2.6036440519951523,0.23067152570060812
2.539161608071769,0.135874358970209
2.533515981811307,0.13829527852971946
2.5529824766312035,0.13030252060869307
2.647810090315917,0.2506356287104515
2.3603205856406677,0.22070664652622415
2.444825310086498,0.2581349296366353
2.4692182901931092,0.17917893138990945
2.435880512714699,0.1694912865613551
2.500471057670958,0.3243788002422468
2.491914482839151,0.19353183431437063
2.5590396599183585,0.20760216830128042
2.5029948799491364,0.16476584127062077
2.49738873579788,0.16913112699844549
2.559249361194699,0.22808724068521125
2.5831455739365694,0.14383932655935694
2.530039682721108,0.16426368139486303
2.489481789395825,0.2259795610323535
2.5044753785514446,0.2616033932881694
2.586810950057695,0.20979018503007857
2.6151315835750433,0.13628797737962745
2.600259483032182,0.11333629054920455
2.659659225599738,0.19072320667454384
2.655895945375078,0.2791813518612557
2.47055140611704,0.21445620588779016
2.4438886371793718,0.30313047715782016
2.508043467971899,0.17943930579363934
2.5026669844274965,0.18411126981504933
2.5057069761569375,0.18521844891806155
2.4671104588224524,0.19885566106281066
2.6044664045845702,0.21828469137710899
2.65289693640291,0.24314613807400726
2.6315285313594208,0.19964572305990572
2.4984612781620252,0.17354986051012775
2.532121924928302,0.16751707771422436
2.365455750776055,0.3616836794150426
2.4754365179147686,0.1347338353317156
2.4851145114227258,0.13782181931522766
2.5597348716396366,0.2502191138044678
2.5340554509245843,0.2813450126603835
2.581760996427378,0.2581434871132118
2.510021262739333,0.21627596732768287
2.4780253671786188,0.21051853707662235
2.4518805739004375,0.2661078479193765
2.5699062723896167,0.2555624002688117
2.6117085925011585,0.30933892193729967
2.6242988658277357,0.3090148160988653
2.6038248042416647,0.201387684633939
2.585935096637074,0.23090373707013773
2.3725670672063144,0.3127128499468746
2.3517472444456775,0.29838820614020845
2.3146457905408493,0.2847770222630874
2.5091863167568076,0.33361889928766314
2.4028872994351875,0.2324091579213455
2.5532455178647755,0.2056776641290925
2.4994298525330407,0.24754730260976934
2.44257847750179,0.2598131549982542
2.463289456556017,0.22236506255661262
2.3175900727704026,0.34168070659241834
2.4838507877095757,0.2274606037324139
2.5027485320722187,0.2399623207520162
2.5505088968240575,0.2829214295449869
2.595046527892031,0.22743805107667606
2.559505691981994,0.23582485544124135
2.4666614030539287,0.22634797317565067
2.4645795592492914,0.28912477056636593
2.4162885929924904,0.24597444724165704
2.607613045056357,0.19186016072304216
2.6325488662424297,0.19373505544845343
2.694146380563612,0.1424474842604123
2.46926378768905,0.2075142995873888
2.5248829351134927,0.21370131276654736
2.431687308985275,0.3395800217806853
2.4819264110086383,0.22617693072026138
2.5219518528696954,0.24246593307407802
2.474412600248581,0.1325628541626425
2.4441306826142886,0.12642003177335198
2.5434132690298483,0.38580380967621397
2.535028757908905,0.30130237772938057
2.536888783341319,0.3043580873483095
2.430926299958187,0.2474882767507614
2.4413849056273182,0.3107320253038614
2.426868165830713,0.24005868164718303
2.4474099102006033,0.34256944671625855
2.1925989657306886,0.3926520668930338
2.4695849021808125,0.5031805348356508
2.468894939186799,0.4993302502865201
2.410928934480174,0.5115967150614708
2.3957919644004524,0.4942697537560586
2.3973542757923125,0.4983342306142748
2.2992998081183136,0.50964374097972
2.4715792109398746,0.15320559096299124
2.468232986461828,0.17151972660077996
2.646534136841104,0.21575334419625203
2.332956727852835,0.41679372973380074
2.3206369948458074,0.4429691687504953
2.303059484817191,0.43189354193111734
2.3175055932293214,0.4146222091697252
2.3148435906076528,0.36368079750638677
2.4844883958339836,0.2692839483835357
2.429246299271459,0.3276253881269611
2.4497333203980065,0.31168984143909023
2.5071163227695763,0.19702507990276477
2.557129251655438,0.20727048360475245
2.4968553501793265,0.22478868098548158
2.399673417582935,0.17541375763081807
2.501086051406011,0.3272056858559713
2.4566516861909067,0.264261127228201
2.440270394433615,0.36293750836860966
2.5565619755601507,0.31433083810028023
2.536170413675886,0.30642532511294285
2.5978491352701507,0.2833019341934251
2.484825365849982,0.20767298910607723
2.5231829573140443,0.35576120579561166
2.515877205693123,0.2671572867331457
2.3201201426603464,0.33970665289571284
2.4263911961973794,0.311868539405477
2.5167745952988176,0.3085759040587671
2.505347022207913,0.3008054632677115
2.367054423885741,0.2739273413837692
2.4517506834477247,0.38385319655338584
2.4390126339533627,0.2232614532742963
2.4144366885163238,0.31267178014009317
2.3805323154012896,0.3297473874678116
2.4771149437658204,0.22489791030845113
2.466412917186483,0.19535748736618175
2.423031798698849,0.24889626031696147
2.484037171600812,0.2807443397042565
2.4098584383254877,0.27532826343884426
2.5071645206278412,0.31801695408682784
2.416478868410211,0.25257573775750763
2.4392839754200057,0.3108296702084171
2.3453067964092655,0.3301610645752548
2.3379963608571956,0.35078565636966613
2.4412730556261195,0.30042072527592373
2.44852892565746,0.298520918421672
2.4531588984729673,0.2398505786652469
2.4024257002621336,0.41778475266348686
2.45073562756941,0.45032386364186067
2.581361540705581,0.18853596449549453
2.3558860902237497,0.3205416560426106
2.4285263880252224,0.3130113112603882
2.524048007310408,0.31600229387059225
2.34144686750416,0.28903158423473724
2.5173909452076946,0.2752485803063504
2.5286022864062137,0.2815378966342387
2.489916686716861,0.2683691806712413
2.3995821589971826,0.26423295518670054
2.3587913068839628,0.23657772419267584
2.340704674233555,0.22259623698323902
2.3219672708347288,0.22389750793122842
2.350755568686599,0.2810555823621575
2.320086421125629,0.4274543784987263
2.508015949077442,0.19189376147532716
2.3864603997653027,0.33058787192111155
2.3693713247610018,0.3034700105478747
2.405042082170231,0.31660296396503185
2.499288750265689,0.31775174918482135
2.3745138786631124,0.2183415422021488
2.7407015931806273,0.17794912748518849
2.693251199946835,0.16628280735273573
2.491098392693085,0.15552107694394754
2.599784017452125,0.18773692767736347
2.7082786090682935,0.10859597955423027
2.5845462144119247,0.14271350287408263
2.3830133867122556,0.24482943552455166
2.306357523720202,0.3319496951183777
2.5419831424635198,0.2312033344709828
2.372188865416117,0.3332527537092299
2.390256213711512,0.32995494582459695
2.395389595768428,0.3382731012149947
2.61570981633656,0.21753014545934643
2.455679940457973,0.33572350094043124
2.3701520467959836,0.24237927763511416
2.465571804336668,0.29961486992762715
2.4579346325394265,0.2946295415542448
2.541438201189664,0.27960690159602164
2.536290764207137,0.34446858641296607
2.5375255338338287,0.3617907887896586
2.4771191677793585,0.1447423554919382
2.367594840670121,0.342193258054205
2.368844970318083,0.340575613146698
2.437429954875743,0.2594770732950874
2.5561809534130164,0.19941565015757423
2.457154071314702,0.25672148095285985
2.546220067506702,0.3243044345592801
2.566045036352214,0.31422292636942095
2.551717368490473,0.3549953796932566
2.258566568213583,0.208689945803122
2.3638845902861467,0.23950210637147817
2.3968605921462,0.30991683608446813
2.442073828612887,0.251003373931748
2.3831284664652235,0.31131174527040356
2.5261820009131233,0.30063875680833774
2.4860100999114056,0.23961485134940771
2.5484228335325416,0.37907728747244224
2.549524617586433,0.38160040832553754
2.3092348799398175,0.24079825045191658
2.512968970964104,0.3052041033725082
2.444890455944735,0.2798076041589154
2.5067757242250455,0.2945514292421877
2.4105481794501453,0.4360702194083458
2.4045424380061355,0.38795625586467497
2.3983580758819136,0.24907002006289222
2.5423572062074857,0.27929604861904633
2.412355638987707,0.3097812292415627
2.341996747383539,0.3022768851395089
2.400209847912299,0.37377281497288023
2.543013629326891,0.2795349844025807
2.3751642198084775,0.21754049600426453
2.5144069827187767,0.233486286368835
2.50312392386744,0.26522312352284605
2.5050163849857934,0.2509469179394336
2.621629937436526,0.15302694329217648
2.6139253141309275,0.14815579115162805
2.666974735291783,0.17265959946507153
2.7596693032881796,0.09591563905088343
2.6809898535919086,0.22262497488268423
2.660932013099394,0.22352990237238293
2.5500762455061623,0.13804733117494913
2.5631098681371824,0.14235933530983683
2.5467840203783774,0.15634284851675648
2.697917898088138,0.16218005199768123
2.4373102824051727,0.2088230678832567
2.398236895709393,0.32522552871844695
2.51384312793163,0.3811528702004124
2.571040353394595,0.3463381726055679
2.575861456661825,0.3392883479991699
2.4893273289688267,0.18241487482033653
2.5427666918636014,0.2024785366390369
2.5020467979006766,0.27792518405743255
2.522881723978101,0.30072910693388155
2.3893984444770338,0.2562186069696361
2.49331868871404,0.29283126168287404
2.419492027718236,0.3309816591920508
2.564808613267979,0.17907251643462163
2.648360307080848,0.14708336648641543
2.52173340057066,0.21084890044181714
2.5684665272062244,0.2058773302997848
2.334474389483139,0.29108996785647157
2.3809794045890103,0.28512047089327397
2.495755666617933,0.2279010337471336
2.455209575005752,0.2905340254331871
2.468384083512523,0.2960876057632656
2.5722956435075472,0.3347638332799816
2.4144405096022377,0.3156739097841579
2.510981200758289,0.26519819874715084
2.3952266188351996,0.27070389723759564
2.510635833071306,0.34108210243364595
2.5125658024125688,0.35053157074735736
2.3635979732774346,0.24636013098939902
2.36367589522873,0.2634946253375439
2.556993930527784,0.21114512799643048
2.6109879181121425,0.13659445137493917
2.605061374740454,0.1627868946482651
2.636472720672743,0.2539100244215974
2.3407398097281797,0.33433866538863843
2.4940654633023756,0.3522736942776448
2.449874776321175,0.16450050379125142
2.4482261156647644,0.18748756717876394
2.5467344209521094,0.2002025524407443
2.4336283629576676,0.2846691681888719
2.584791104938012,0.3089954157584191
2.4835749929966724,0.23898972077770586
2.4973927985707087,0.21974300301290037
2.505573534540055,0.23883872111639604
2.437056115594769,0.12456725928117231
2.444758712317539,0.13291768233744905
2.4443153300022247,0.1539733553953421
2.488455055969968,0.20879587717448772
2.450974914635245,0.18519609658206976
2.499137698294957,0.16837294294545493
2.630451369235721,0.2233053417076176
2.5539954102180795,0.22978416143255687
2.4004592111092027,0.2757345949864379
2.5264579265049174,0.2706356794302527
2.499576362690313,0.2246182468923756
2.5006190073305823,0.2863800530027527
2.403276696197467,0.16290088290816382
2.539443572409486,0.37423879033908736
2.4696585729402494,0.33676632165612713
2.4828405672818694,0.32122008508117067
2.514805128445084,0.1876030074676152
2.4614422335900508,0.1992152503467683
2.557536064416576,0.229505908492166
2.515112764247613,0.1847682654761707
2.5700128403422333,0.18779914883185497
2.504165224724097,0.1838742044798729
2.707641248354536,0.14039741015797502
2.6507582113302286,0.13661215882986485
2.5209887005533096,0.14017396709104998
2.53989204847919,0.12772089531132727
2.4958002231157734,0.24283724973383597
2.4653931598311725,0.2743030761200288
2.2824340237849863,0.2537226354539312
2.280305224886747,0.313048116275972
2.4837422665850943,0.36218859224033384
2.5142409761019735,0.23240477904177562
2.4765625376340696,0.24781695001245876
2.4848198209556145,0.22621481284819486
2.5961854348768614,0.1959424089784709
2.4233641415115277,0.23723684733261666
2.431059201299755,0.19879022495959117
2.322440840490302,0.4413884251084417
2.503864985668296,0.17276430131648102
2.4879589445944768,0.3063911028810701
2.619533988212975,0.09963404286926275
2.485082295362723,0.2626883530985265
2.514280679901798,0.17017440019168623
2.5238880165244044,0.17573097674003726
2.57639477865115,0.1506040954520187
2.588450838055969,0.16770245880067966
2.576063764461442,0.14036197557212368
2.706414571886179,0.13617252665704493
2.699818861278093,0.15413838124401644
2.683350755449279,0.17503862320770303
2.5828655656930963,0.2362756135848084
2.566435336806707,0.2072796037900577
2.530709214576663,0.27281647893365796
2.3851992739807626,0.30450297093080686
2.6102166578590866,0.18045039749851757
2.500012825516184,0.2274803772894211
2.4022725144956096,0.28940490780258177
2.486717919362065,0.22225873937900906
2.58318201105952,0.25760454888036427
2.4047560237825145,0.3008349110718505
2.3826629968316198,0.32041800511248636
2.528960353505527,0.19560958280433385
2.4626572459980562,0.2235127960237621
2.5619969882833935,0.2638155624452727
2.5676135065994212,0.25729289210950956
2.4999807928555224,0.2439159972020896
2.5296817432259355,0.2362268154674019
2.535028652346358,0.23624214497189844
2.3651939630100043,0.17198919764318046
2.36940050737934,0.2333882737776566
2.3596963400518853,0.1858245509800072
2.3797329397208467,0.23602335228829818
2.6377464775565462,0.27271916157549225
2.490416024660446,0.23952554101286033
2.5203883065746266,0.25285145159035605
2.526132163579807,0.24957361921005705
2.4903931436496745,0.2487501029341601
2.5675639408692756,0.14534724485540668
2.420386666246292,0.3677641179824152
2.3620708082172537,0.2923252375405301
2.645837175636198,0.1883637303999537
2.293356078784472,0.269318794048378
2.279178492234927,0.2579037477769929
2.686624855244225,0.2986193543053875
2.684848409572996,0.11599132900571957
2.70493148411774,0.12349559492465846
2.7083395647155974,0.10337610495051947
2.6593696712641046,0.13090670475855457
2.3820297404749584,0.2958421785234247
2.5416234016370565,0.1660739093073951
2.390819856795096,0.27943785549217404
2.3690889912347637,0.22637887971486412
2.302788502892763,0.20743029770440954
2.6199599006308945,0.228636659428354
2.33432778640532,0.2806894644824123
2.474274800083303,0.2911779608798419
2.5974624780596804,0.1860856318100502
2.5190846884812332,0.19188976438379787
2.582048518970218,0.20052115618214655
2.3478362353607127,0.32732572672427995
2.349428884569137,0.3239034009264627
2.552621642582411,0.33853099798344816
2.543881122019802,0.3378382894094058
2.6160036214688014,0.2682421184247085
2.510978765177324,0.28106371240471784
2.473514726636925,0.1552521976775484
2.6014725828343814,0.13750238499691333
2.600578896018937,0.13193948102356354
2.6533425427163255,0.12380935825091818
2.4991400202408123,0.2467966704441655
2.467107631673155,0.2733844667994218
2.5434235802841267,0.23774621571792814
2.540756335138733,0.29495794747497583
2.5882156071446016,0.26832886597371636
2.563711664612069,0.2708555452638449
2.565959355574496,0.21211485442728067
2.5411384536946664,0.2899100566395982
2.5218668498751513,0.25386587219818596
2.5584414931396524,0.26576901039839246
2.4545603056004173,0.19488279914090234
2.507182822660479,0.2710493654273221
2.4823804979016377,0.3001477086289742
2.46879418823165,0.2792515533375679
2.4506359211519735,0.2800077124577021
2.411861718066263,0.3548543972099148
2.395403856741045,0.4000204758942595
2.3593045001482364,0.42888920141414705
2.353205061986242,0.3072069186171782
2.44165538208331,0.30263583357558266
2.5649204139534385,0.265111266814375
2.5337073771104484,0.22137020020998385
2.5078888423544,0.2728297944943216
2.576473936818936,0.22774773849196137
2.4403066709227756,0.19685810236334791
2.3952201749901754,0.28046578165360153
2.502377064623327,0.2083956328417081
2.3998959933195945,0.22081379246323377
2.4001917839772355,0.2203939211950281
2.638184896766083,0.20886673136863007
2.5627910198030572,0.19387296140689836
2.652540480025941,0.13607006363540522
2.4737020769992877,0.21737082916114947
2.4614035808150976,0.21938974850763343
2.589382834393604,0.2404221917562132
2.6071237947697528,0.22465442119549212
2.523838104017937,0.25165046915531575
2.5168901282463585,0.21014632792002896
2.613166012117364,0.16676228046967292
2.40615797031527,0.27394617802358134
2.405788837167723,0.19806325939914396
2.615665229551713,0.22044717411923262
2.579157031124755,0.3025024639734741
2.6100577286812423,0.1488223456330807
2.514408973750486,0.32817389189188967
2.492685891358245,0.3263057811704844
2.4319102158385735,0.3562657493467367
2.3197952617123097,0.4509246202674963
2.4882817879397314,0.25576721981316225
2.584958129524556,0.15085767008143955
2.546566816950776,0.168864584145947
2.5557639389451126,0.13091622340270576
2.340185747148083,0.3147538632646066
2.3179891289447347,0.5045232804918222
2.618545483020191,0.11378492126637996
2.4243178586707854,0.3451100384900549
2.5214195261017855,0.3549291288469832
2.3720743860247717,0.27303080561958076
2.6416066790356383,0.20376971778813646
2.5236165979845624,0.2097996307600132
2.5010536590806662,0.23630116799514594
2.5287127962782763,0.27289727732300173
2.416253344161809,0.24392342808599057
2.5201446956990816,0.21737535465163432
2.588768687013297,0.2566212862169559
2.3969349150321504,0.24567144820435968
2.41675928134395,0.23936362789487717
2.3661177051718196,0.22163659636147515
2.5928889709594016,0.2714714250706142
2.6558477003041068,0.25046137023092463
2.329989176712149,0.20443926789265524
2.3856942433149135,0.18165729145815562
2.4163329061156187,0.30065227404614464
2.4400601830274375,0.19426671949615978
2.5482541155656158,0.2779048213465203
2.5660154662475296,0.2645651338160238
2.495140811686577,0.21669702931854717
2.5280732994669814,0.2400947501460852
2.586181558482,0.23838220819918096
2.5226323705019866,0.17123050631019138
2.6383867156175485,0.18187918245250867
2.6113617943488063,0.27953626016906585
2.5209167404439574,0.20190866524649623
2.4909007202280984,0.2601138101069062
2.5348502813577785,0.22920390863110515
2.436340213540472,0.26760817309558654
2.357976077091512,0.22484517244901808
2.486724975351807,0.23368560632569127
2.546157706887843,0.14600603930077014
2.3733875386441396,0.27097434514165747
2.6741839531232485,0.19049177917735186
2.447036549900204,0.29599468286460456
2.46971022054241,0.18389181046135075
2.5073621862865214,0.20268083102702653
2.443567756577115,0.30707074055706274
2.353152984379588,0.3666868507395022
2.4163264049814503,0.42607200128627326
2.421228763835848,0.22531402745713539
2.5399901122063286,0.2053993531217571
2.45890329210864,0.15865495753434292
2.6408097080728843,0.20114852304509473
2.6491629616334453,0.20171565145969766
2.621761824351373,0.2269096728953654
2.3517760843050346,0.27711444869620777
2.399405203039178,0.2886656644354196
2.4017103920021503,0.23725345935990974
2.419025942865906,0.2316356962944118
2.385369234805589,0.2031364264754774
2.3463424000149926,0.19780914047728246
2.4489012756926,0.25023617181551133
2.519547748666661,0.2570407277910789
2.405096189091665,0.21463888521431962
2.4709714846870896,0.20373172876221665
2.5822955674913715,0.21452006652481817
2.3634370862028753,0.2926316167170214
2.4670371092871473,0.24788369502926716
2.3254099616379187,0.34905612516191586
2.325765776158344,0.35183127937932474
2.5140035827522005,0.25395921681441236
2.5059029950548006,0.2682568540459597
2.4825296647485144,0.22066257653724802
2.5263288764236576,0.18889031901876033
2.462845770995568,0.15772291850965237
2.473607977727082,0.28470421281990627
2.320034536449527,0.3148272339380536
2.498737101875055,0.32896903471384703
2.3940023389795027,0.28048639518312907
2.4967112662982873,0.3231036220419495
2.489833654612491,0.331472672257907
2.4517535561951367,0.29310719315441935
2.5223390219985746,0.22317103003310462
2.435052928986885,0.23196615190001704
2.4304222910610718,0.343542586170021
2.442259518060022,0.35153157900452586
2.4709218275167464,0.29517381496195866
2.5519394091907963,0.19288645812459304
2.460454082838373,0.2837532252305934
2.5252113326718053,0.3003583576324055
2.527018724949398,0.2940485646291674
2.528931063588231,0.29593221705566336
2.5633807359790235,0.1689532698533193
2.386130383802927,0.32710237756121274
2.5904354160912626,0.13277773654380526
2.5298245801722374,0.1256623323835541
2.5369022558653263,0.13583530401192617
2.4059284761491755,0.24357695992592854
2.7119953420821297,0.23377762735209168
2.645182697287796,0.2225206290861319
2.663608614718612,0.2790735413487248
2.682644582891808,0.24184806524823896
2.5186740402514736,0.3211276145276445
2.53729723118459,0.2667831252361142
2.6410975629879525,0.26095056863794797
2.706070136597817,0.17132319724562312
2.746513682759793,0.18863018827940267
2.7062260595112724,0.21008711180900577
2.658298623802093,0.1666943513545631
2.303787133920859,0.27516557668172653
2.5282431986207583,0.3740346606712536
2.517424014322718,0.38568530505144055
2.4092758910781633,0.5575452278289251
2.403203281636966,0.5117706804525283
2.385687492570807,0.4949284077407969
2.336489195004249,0.2882122014572724
2.4113201550387395,0.28118063540662
2.5811593043845673,0.27858239442227506
2.5132628385991844,0.15367412565974758
2.5459514992788255,0.14218142295452185
2.5249902454820696,0.15395565876422518
2.5653269975590383,0.2587111405285348
2.428742640022882,0.3393918929950231
2.4351840375259926,0.4044171985176512
2.4968611131049503,0.15668340514180454
2.431531594185993,0.21590133344652832
2.4700285154686146,0.237867682005535
2.5340519012692058,0.21492992268804734
2.659745094411253,0.19114939294897568
2.5568623955994942,0.21699740009832225
2.435617669094623,0.3053851662684374
2.510616513408983,0.32133154579139867
2.4136794798662278,0.2164800506364201
2.557623920639445,0.3138271222357208
2.5830317095748847,0.25345976195000586
2.6671301927555433,0.26477435162377405
2.6934709287561978,0.203735833407675
2.4615032542586985,0.20707408960567975
2.5789297530185387,0.07137710086042687
2.496167469773749,0.09873175076601495
2.5074659422613625,0.1973698128712819
2.4960837541488776,0.31136279651726784
2.399001150568645,0.24361715122300842
2.469928685155434,0.32219519052513124
2.350285722205491,0.3338313285556207
2.4098288306537894,0.29385629493873117
2.5826210648094112,0.18240543916995278
2.674141037495107,0.22552975346469292
2.6579008822778074,0.2214286031939147
2.7027345419650226,0.16353182648123085
2.456436548642894,0.1901312311361867
2.447769222244834,0.3231539036436089
2.352773042561821,0.3615777095983064
2.4522687102279153,0.2946576951269672
2.334292953360697,0.1963839775735769
2.3873476631996535,0.2638057318913565
2.6421584049419096,0.14275042965077445
2.4929921928472116,0.24776274090224726
2.399721112630706,0.2610795603390634
2.522838284122378,0.30364777394947945
2.55238035380488,0.28452677519822783
2.7063439480478246,0.3074670003242021
2.54806822113173,0.16775537623509812
2.609681756464436,0.22817181296772188
2.426965621875225,0.25815321760320936
2.417063756340765,0.3414809642461683
2.418907549657504,0.27733109039376175
2.444683420645931,0.2959556163897113
2.4829412926063954,0.24458368742456216
2.507891108313156,0.22919270671051634
2.5097541310625626,0.19806815436189265
2.5032379438857193,0.18593930134339373
2.4197461806747795,0.37541357331894615
2.4647693884934267,0.19289792062774494
2.396729470272122,0.1972218433426504
2.38916925397394,0.19879618197724364
2.5269678335955827,0.1915828601853654
2.43365999147926,0.22067844935000516
2.4156793949501036,0.2579222831597455
2.5380387071185093,0.16972743276432692
2.541705450849264,0.14791345517086923
2.5711507194637293,0.21229596228363537
2.52366932038324,0.16409064272234708
2.6906116470817767,0.1394712776131075
2.7214064029432437,0.16053174292566116
2.6073315077227965,0.22265716174730807
2.6292012440894026,0.16301938709420663
2.640261695925316,0.15996642513414475
2.4790613770041636,0.0936681499662395
2.5795921497955305,0.1533862650422343
2.4028332933590923,0.2224859634166993
2.4827182244491293,0.23272424359312888
2.608098738122378,0.20184946312752558
2.4818750872831403,0.24636531254302574
2.49923332181467,0.2618489413917456
2.516127832518094,0.1792800959326648
2.517567806577599,0.1782404908240499
2.5314023956604026,0.2318575915006075
2.567831023833071,0.2356641186303801
2.371675170304929,0.20109791084686304
2.4435412190426966,0.24121488307072067
2.5634613104848176,0.20257226275816065
2.6255325615171623,0.1995988674514341
2.30220320531993,0.3244999170949841
2.543900987285315,0.19770620487871166
2.4009823000908255,0.23858355320153904
2.4026793404707263,0.3390789666999648
2.3573504711294073,0.37678867610437083
2.523955468404366,0.1649464145460788
2.4678690078639742,0.2952884692330277
2.404558822812683,0.19550491464896108
2.3586248288092846,0.268343577893469
2.499589582552743,0.2430680685804052
2.4794996068250157,0.2254708428036431
2.705448400158855,0.09649029802633122
2.724253605897134,0.09853675904434964
2.563928900682932,0.17473662456137673
2.6130049652374323,0.17099854461759864
2.5082342886211477,0.1606112713557526
2.4406686625695735,0.22980899556549436
2.524161513287166,0.274354058737527
2.467670189639773,0.29115056084907465
2.4998494931623596,0.34893190722164613
2.43864652627164,0.20181543162763085
2.4098750467031302,0.2020528725949052
2.474137529164426,0.2209237002328525
2.5028004822158856,0.2170386070643828
2.476425105165521,0.2771353420676524
2.4390706593155977,0.23207510297810915
2.410046070477844,0.24840964773945542
2.4182373258167713,0.2706027420887801
2.4961232649590572,0.272849336023493
2.520956816619057,0.31654470751478747
2.5326961801038,0.23781608597373466
2.4171661906732074,0.20083587004552558
2.4936376876645543,0.15804697186605898
2.5436028212409827,0.25095196913676315
2.6335711051406268,0.32308525682599737
2.4600760923078298,0.204490507567302
2.486911179320069,0.20668017124181143
2.4430277929899726,0.23279678035202162
2.4655629123100296,0.2857919026382377
2.5722002123605283,0.24926397604947953
2.5415438569479094,0.26038456510803193
2.5692606993457803,0.24214354296583843
2.429971487733143,0.39007665102397016
2.375697309802967,0.1824006170743306
2.4328615969251493,0.21182287079977194
2.4659577700639077,0.27135834510620443
2.4902243925088627,0.15261534976465374
2.3313055105516765,0.2706463879011213
2.2926728876810354,0.2614876961980719
2.4470035441476585,0.21660230501575348
2.406449877039715,0.3970912062336705
2.2911411225677702,0.45830694717444487
2.642750805713443,0.0895306034818437
2.35800711573515,0.396713458758331
2.499885556225497,0.1606469192724604
2.4783939784098825,0.17144401502622444
2.4184893100889906,0.1595238646170551
2.4591292244057485,0.3922992185790794
2.453210169955937,0.37384302683101817
2.4795070220668824,0.378229051988188
2.3132816251894206,0.3444246871566046
2.5700832243598914,0.23564007505515955
2.5680841185893364,0.28383944739086847
2.509307482601584,0.3611319803503548
2.5072840806893257,0.31122801535726646
2.4416978194339376,0.18956674814080424
2.460657001864801,0.30220947885580407
2.433536714217903,0.2793781155324445
2.5113184288302848,0.23516156906545416
2.4976257617597013,0.2340181600861073
2.544321105841939,0.19074352526177532
2.4313980162180493,0.3394925817376392
2.4731017944799376,0.31782142388700046
2.461755513091471,0.15490865636437118
2.617001973107616,0.20239383045148523
2.349517423137823,0.2886325735728879
2.4029471580289754,0.32727897379475523
2.467464373224354,0.30734123930970175
2.4472490901941395,0.19275867792606666
2.501535960323719,0.17422010212550518
2.4636636322742573,0.1904650060615006
2.5927498726949967,0.14598385558875515
2.592083051997118,0.15121260722319374
2.51855508384049,0.15677602713638478
2.394477652473367,0.35989270483408364
2.454277129422883,0.3154718242259317
2.694293908082425,0.13373146610598996
2.458695679336193,0.14406562882728807
2.684728384092346,0.22202441465386102
2.636907506106505,0.18295860511995146
2.5847209434189553,0.16182631561470634
2.447721270467594,0.27171649546852117
2.3610594217203458,0.2856421956728724
2.572941318908421,0.23798232004325412
2.5638088237170726,0.2380414141455697
2.659571688244251,0.22553432857926364
2.249497012908597,0.3202974961419906
2.243657132747435,0.3152814059142497
2.2678653007219305,0.3893551000988138
2.222537596539432,0.39962352918672855
2.8939280076778706,0.03720886261193483
2.5291578423293988,0.1741227633989264
2.552046843495239,0.1633745637800101
2.54879675912047,0.15907483550527984
2.428503873775814,0.3111090260045216
2.4564682157057645,0.29324919586035236
2.4667702226786967,0.20904142795086164
2.4341364071097287,0.28604426532130367
2.5697613365278698,0.16353239892804544
2.590555994410488,0.1899187885708341
2.4320599353739305,0.2783438253265847
2.6617500385315997,0.08658465267122344
2.2998597921208526,0.3604979714841409
2.5417811263648793,0.3560901409155128
2.5399906658914024,0.36340095723930865
2.424414564054749,0.243478436103854
2.6306071438884953,0.19094853889426236
2.4345406469401327,0.21365619350550227
2.522588967438186,0.28422786785731935
2.521113473726728,0.24131772083427103
2.679552787479583,0.25992721766591836
2.666775035691905,0.2980187539992608
2.5659185358679615,0.23065702717270603
2.555176189920392,0.2479687977324686
2.586139561495355,0.24505449439039306
2.4675980511562616,0.17021542931321712
2.6306038177865916,0.18218219598107244
2.486901481135151,0.245964066802595
2.490450003910667,0.15745747787509667
2.356373704789287,0.2725732082204583
2.4331541120169193,0.23591263699112688
2.4397875873950063,0.274698234269799
2.3246830553007607,0.3009859494973577
2.3103821236657156,0.41005886095305655
2.497179883856809,0.26436800966558205
2.4688114912958157,0.36631240956052497
2.4575362318963596,0.3678870688466054
2.45936977299458,0.36051585012610604
2.411730002782896,0.2609642231023386
2.525202732107107,0.29255483693729345
2.412765788333227,0.2714938008117074
2.367429816814565,0.3272965253927042
2.5258874236462185,0.18733190101359876
2.4074707594778166,0.27283452339178305
2.6394409203905562,0.21056571215626094
2.4615991193365274,0.20820499679986304
2.451236795370931,0.30228926842425663
2.3905233418894896,0.21596869531931956
2.42306606412948,0.3635272129531825
2.6007093541335737,0.2822798955101677
2.4101040570849497,0.17485735506145644
2.5772273287637915,0.1632871489770836
2.6247659211880325,0.14699857338651065
2.625711534698469,0.14727651412211368
2.636087876847507,0.16930532193374656
2.43369957317413,0.19202819940028734
2.5348400789683767,0.15612330296490792
2.5300139329458213,0.2534390837309346
2.5314922444036587,0.16632907189948354
2.5899648100600166,0.21050731039309592
2.4690297153474132,0.1880956561657584
2.5079914231711524,0.1664181627651461
2.4067259708243793,0.20092790787026896
2.61597274035015,0.2405554013995302
2.6571777698607835,0.06295391558837679
2.4797219083350717,0.23637636141436238
2.516216384481443,0.1842111381593556
2.4796081598827366,0.2873661923471289
2.6181923105156706,0.16077939848878398
2.6061752020172637,0.1445203986347282
2.4948958481422094,0.20583157993456488
2.5252513703336836,0.29707075719644155
2.499074144562569,0.2550000407318092
2.549516309059781,0.26471944040363654
2.4458528969927675,0.29371165213562694
2.4888331649818705,0.19769717851095345
2.553493823631057,0.20518444743088385
2.6219627268554286,0.11120145172941637
2.4152199700209476,0.1755980666839543
2.502465621548061,0.26201692591061215
2.514647030719213,0.19147110514955504
2.5519937847361573,0.287848004182445
2.520411692940711,0.2139289666073617
2.4639646490049376,0.2712827945116754
2.5669620010229517,0.12273688886476604
2.4593034268850507,0.22829281926524742
2.5125877414415245,0.20411756930399194
2.567200861486488,0.16860958571271942
2.3115196522564987,0.3434734503401338
2.3615928678334295,0.3542771169183748
2.449243756344217,0.3565050300914627
2.437895741142059,0.3257704607367332
2.4956079533732924,0.2948469211699472
2.495591100074842,0.22699730159550308
2.3668885429266413,0.35656496274960564
2.4897723749192138,0.19582192213899935
2.5541151972685086,0.21522676683181396
2.5689746019461666,0.20881693768784665
2.5765304651568157,0.23575659943055183
2.4524965839214232,0.20119763222490317
2.5314049263918346,0.1488114014437637
2.420828004915786,0.20490910353099068
2.4330162211667132,0.1910770777402611
2.5913877887098336,0.19939780014110375
2.5233238301893923,0.13732460793307655
2.5635685698438326,0.23388520273553104
2.5014750273539654,0.2596534453733065
2.534633457895938,0.23802369451463348
2.4893494923516006,0.24647286389263665
2.588231493942891,0.21303288372380222
2.657767423558845,0.09564639269259799
2.735890551866169,0.12982376846376809
2.7763575037740162,0.12333183180092137
2.5533057741129612,0.14337536923766225
2.5575041968602674,0.24281200401366873
2.5516245467425076,0.224834426829179
2.3189468325736287,0.3774177316642399
2.327388652795342,0.3132688420800358
2.5707206215659264,0.2268567506066065
2.4286610837464613,0.20643929745646306
2.531788183589809,0.19918119842188886
2.4832531225707326,0.16533737972290372
2.4821958950885588,0.1850654369003607
2.5174319715671394,0.16556106734242843
2.6889109647854994,0.09423906364845548
2.7650248272642655,0.07337997746999292
2.757566961346903,0.07068798678573676
2.5486261026529315,0.10549302154507706
2.3802600311198816,0.44127025720542756
2.38140829297247,0.22305337187817814
2.3927324469506326,0.22220485169562196
2.4380124597747206,0.32731436519798246
2.4566365439351383,0.21062164557990615
2.460072550092562,0.24345889795730893
2.733711813284107,0.0949993223237543
2.685744707159192,0.062050463695524465
2.6819905226073537,0.043757406780831246
2.654216790854728,0.11159064180571111
2.6685424224484184,0.14274150210264835
2.6352417578617198,0.13991864723366382
2.7260024521005626,0.13828802783706337
2.7147983011413173,0.12138342753553912
2.7017456590414475,0.1274302566542836
2.4770934277410133,0.21794055085449268
2.4548903777093427,0.25427932919768753
2.5358567049189857,0.16618777401393348
2.5280839627346667,0.17520416908620298
2.542347711886254,0.24305571127296363
2.468250225249936,0.27239185744668604
2.514361882268382,0.14336796186029774
2.4973294136491218,0.21615495853374142
2.561980549404838,0.18698125713526165
2.6282372881660487,0.07959905744626104
2.6720254165092907,0.08079101075546752
2.6813770302210878,0.07016712977607269
2.3520115009330156,0.4261911332125294
2.3821307480564875,0.4467956207692852
2.3649484027114087,0.43245725579408023
2.5170554780096652,0.203093691999586
2.4781932939511724,0.29193331854628546
2.3695280111671972,0.3169268384098929
2.5516418055968155,0.24600074411794676
2.4559652505628677,0.3139868893948327
2.518674937077997,0.28319841712328647
2.5948844458978546,0.28565677219531227
2.5447340103637575,0.2568565180106538
2.534505350430502,0.2359450407415533
2.5115923477978717,0.20891393729779006
2.508756434352807,0.3620664953569837
2.3615503185809397,0.3283144782810592
2.3615503185809397,0.3283144782810592
2.4590817824542683,0.17944848007647385
2.3794873056014993,0.32897284648710945
2.647630952487252,0.1130991069783896
2.5952683707694777,0.13957464566390293
2.665818827150299,0.14103727420195308
2.5241903798572367,0.1748585224294977
2.639801122657554,0.14854290062126932
2.6773131327698025,0.13660721027145498
2.5471226661842823,0.17533220725533044
2.492626529963757,0.3293667266288861
2.5770339821859194,0.2517554759441804
2.572347722649336,0.24556087421378978
2.5811293354253717,0.2470403202949292
2.652813861653573,0.1813122844960009
2.520669899811774,0.12004765597509219
2.5234042583424983,0.11810418811052822
2.52754273495582,0.13098011874522802
2.5139656149106644,0.2871735529108241
2.576463070923054,0.2722917142071875
2.507821572398585,0.2261282276979047
2.5458201702745193,0.19603089535192506
2.58308607056283,0.19660877565079776
2.4052992649046567,0.3067518352877969
2.5966734490951553,0.153707466732818
2.580674227465029,0.17713831978424965
2.5810719605395107,0.1523137641284506
2.444423068844852,0.27709821087575415
2.4577836416493057,0.26095449283115396
2.6124689772124245,0.1583338483005111
2.705152260164855,0.23925556484972715
2.645294818683117,0.19563169369271105
2.4275867570167273,0.3653625190057107
2.4355098334508667,0.36568781665236283
2.4197464026905724,0.36002289874188925
2.2906544362132104,0.34756665814190857
2.2803314355772613,0.37122950628649715
2.2219454110584156,0.3452324170039446
2.4905852649356826,0.27810061190029756
2.5375864186436825,0.23347292528263563
2.5791062336635524,0.25615494647448056
2.6298962486346733,0.32394596022278976
2.6180730766139484,0.3252533240993516
2.5926206072144327,0.2830415807636392
2.5764485981050584,0.34160796647330244
2.54132139288334,0.1974324334666321
2.340002401983775,0.24487020891212258
2.2829641113952452,0.3333866713955918
2.4229954698298486,0.3547154252637679
2.4318328902429722,0.3354348263456503
2.390208957026252,0.31406901908121715
2.4982340991138927,0.20330022548707424
2.380417077025154,0.2934782664582089
2.390575867823818,0.27812100790816374
2.3620798450722016,0.3240801816421949
2.283446145819259,0.2829480417266165
2.2581960358572606,0.27356191926635864
2.7202187455856723,0.11703363041945153
2.6844492218812155,0.11064747928386422
2.6325308241139918,0.1314822187403217
2.4610248568914748,0.35499781291379146
2.326620827907325,0.47379541236697237
2.3299336894685907,0.43560452378048325
2.7003138467702668,0.07346328125364819
2.729196685961595,0.1438234842969546
2.599435317731728,0.19347254275761097
2.506786645026458,0.2693994624643747
2.4779532031418183,0.19256440812983336
2.408812754893574,0.23586880708080377
2.6070764145390264,0.24175144234440832
2.27284207727891,0.30874351845644304
2.4582671287149473,0.39786140050308977
2.4948080899758063,0.24745267640376656
2.52586199489689,0.21474230613278023
2.5606169557821237,0.12331073829103475
2.286935244688451,0.26725649075763885
2.3551693724491303,0.2916088895184332
2.501119304510874,0.2166699033799867
2.6411351623383115,0.22261987618300388
2.645061490047217,0.23304005036651979
2.5521064245239837,0.32480047467186357
2.432921372265417,0.23970782423003179
2.4961658719533406,0.17387423519984666
2.4265020733142713,0.3088076199134172
2.5082880414154585,0.20938827342093458
2.24337276056122,0.3237203558987751
2.418444551938739,0.2702646867398251
2.4214608987791415,0.2185047068527388
2.6231062836640517,0.2279821115528878
2.623868501252329,0.2601816605644453
2.581897521778407,0.2602630154333403
2.5815912880993093,0.2707014257217667
2.5816461965644213,0.1297019835350964
2.5320953226092677,0.15011784198049719
2.5250916937160968,0.16282018507985896
2.4936898270316536,0.1526652545927836
2.51416486283287,0.16891553365198042
2.4583483697291384,0.34438235126469235
2.3629234322149126,0.3321836375843333
2.462758240400654,0.3272582863060879
2.5676498805620818,0.21146235308304298
2.48674302177621,0.2754783634636529
2.5098266720985087,0.21538180104456486
2.5476498007821085,0.1886039439127426
2.4877841260125457,0.23454440733451387
2.5321199876411695,0.25365934986254657
2.415422497902006,0.1845894335614736
2.567024223312161,0.1997824999237767
2.5407372361427156,0.2774682229160353
2.534746426044409,0.3109034940673397
2.442448608663202,0.18962261925512452
2.440873394457603,0.14333081673446418
2.5280258873421926,0.2005545105917723
2.4883038215699655,0.16399226311416729
2.6534279092671023,0.28856288102076355
2.2311410556681444,0.37466020643243547
2.1943018337320566,0.3860491484928857
2.4338246229185834,0.2882088803237478
2.613881706078475,0.18289538870247132
2.5002805659722807,0.20612730760560358
2.5110247564129695,0.18262651514000064
2.5613220766254123,0.20433844694338782
2.3714356700841566,0.37752621298759825
2.4654314286464243,0.37454268639082566
2.355582968697446,0.35202124155941045
2.2786603139799047,0.43259387743377015
2.476313398675425,0.4240539437244667
2.4044297587859957,0.3689996888651891
2.4468283830637816,0.3371453698422649
2.3504831285267964,0.3118780337925415
2.455371477060969,0.32598490924542906
2.4461780626349547,0.35803035238785813
2.579693858238197,0.19872798120019303
2.346444787569549,0.32307187460235925
2.3508282646805494,0.322641008584919
2.605693602475675,0.21134642457902927
2.6476028070016113,0.25036721782580007
2.6541730469803313,0.2451229573042709
2.5976773458049878,0.24974319362556321
2.3618505638550342,0.26907149529443614
2.6238539905533704,0.22519751355742046
2.42647927555849,0.31751626876424366
2.480238427456922,0.27433352981835335
2.424111719684086,0.2519488290851444
2.5974627334171947,0.13586991399986648
2.6879580808737003,0.08164042714932503
2.5360219879981227,0.0699309763815209
2.62039481318201,0.20263785568370324
2.3859381263258155,0.24177243137788593
2.4959719133886518,0.2971109470260595
2.5322168202087356,0.28478608284951074
2.5914598765532397,0.2987424044174588
2.556751257217299,0.08010190265103859
2.7211555886368926,0.18886396924999907
2.6739086703691424,0.1975729660225233
2.489932605039041,0.21305330886578416
2.5620463156179896,0.22248859938553123
2.608242901376366,0.2720834426300012
2.462057600261273,0.42102636129779497
2.454729522068222,0.38336502537423184
2.5890551598794302,0.08641913082204208
2.5461978109736765,0.16765187254482522
2.551903478773667,0.1698997993629794
2.3811156660162167,0.15439367285029246
2.386578907390619,0.15534621413586236
2.6818626475786003,0.1817947701260908
2.700519584464954,0.1700885388579924
2.5496040188105336,0.26632749184321586
2.4701977419377594,0.30086134865207587
2.4525300371386907,0.27462172072080193
2.6557321674564425,0.22910544723432313
2.3196675908585314,0.24282650496052086
2.437841807016396,0.2578477242864239
2.458931934143669,0.282399153664184
2.3941713291724973,0.32051213082459357
2.438081340233079,0.33172272056376645
2.5164225496726065,0.2650136943330155
2.546149373493622,0.26711845753551633
2.4817123843826234,0.18648824709559372
2.4618561138069057,0.23154581297188942
2.5812993727169666,0.2603323870584695
2.5310796166800333,0.19166216883343534
2.446720700126796,0.260414230957902
2.5158209146395687,0.3240033039641319
2.5358775924373695,0.21403771739672658
2.53671783401664,0.1915296233547905
2.5042725434297033,0.1590430387331879
2.482715347760447,0.3084177146225554
2.4844947663332637,0.30326410001838533
2.369301792286304,0.3636896559469753
2.486200675895556,0.4083021268287976
2.4214088231050797,0.46396865310462887
2.3461689891927384,0.43654531570194544
2.3363351844291005,0.286634325443314
2.3858487479560417,0.3744861725919737
2.38712212078964,0.24728550422455547
2.388289714436546,0.2464293228367687
2.4246551521163844,0.2562003162155152
2.3083730205730735,0.3503953774294154
2.3342106818593997,0.3329186025357849
2.59566327925376,0.19984326315053375
2.5493683665507545,0.16902199632392406
2.431088205285088,0.2637798311659103
2.7366976293471437,0.15081630976732616
2.6415101076130876,0.09837027694622029
2.719903974239374,0.14732452860635262
2.4794378078378707,0.20158960456611377
2.458514792062134,0.21381505591184383
2.44373057193461,0.2496223877277688
2.394083485593776,0.20722522646105299
2.472424351754955,0.19143003774419143
2.4476961904084695,0.20630243559713593
2.6522217712298413,0.19067117455987248
2.6342044421367454,0.17047946499687355
2.7041844050796517,0.19465960618509723
2.6311523851254344,0.12458060863427416
2.502035132830097,0.2884361096155901
2.507255796077036,0.207538981118202
2.475172294738424,0.18614958473892745
2.4891680354706263,0.26068349579562067
2.427496599302118,0.1899910484597092
2.455793903788177,0.18921032378312153
2.668272382756366,0.2812536726075295
2.4312411507885505,0.19985577055694645
2.453438915862693,0.18722120431309366
2.5156479012341295,0.30534314180977157
2.5167875843002796,0.30115492596839044
2.692097474644829,0.17637594334060835
2.4913202528029808,0.21248789744045846
2.506273903356901,0.20934642301284587
2.573097349602529,0.2506144404236273
2.5074322288350377,0.267636453400405
2.5438249036382112,0.21442911209452215
2.483581763053799,0.1208550637284549
2.4820708672468514,0.12982275518920258
2.5217912082542466,0.17342680986431297
2.5711872233984137,0.24615193000710475
2.581967710490322,0.11626685424722757
2.6738239867753903,0.2055413985310172
2.649451193196816,0.15471568742462732
2.3864994554990044,0.28399503516625635
2.5943768105577485,0.21128985258323968
2.446687020414259,0.22714918941281734
2.4537444262292993,0.26606348298380117
2.566245885720345,0.2057672253935295
2.4315298886826073,0.34049782577907517
2.4308201093921555,0.3094715319956598
2.4767481528439927,0.12017082634687068
2.485556764008654,0.13543896236629535
2.489533524732132,0.14767812144307516
2.5308323876702823,0.3471685783524672
2.4837068734964087,0.2978991504329193
2.3622163038480655,0.3725116828103892
2.520490888402063,0.2401334385411947
2.509300392847481,0.2470497529684675
2.535925097424438,0.3058643925870906
2.5388686145718107,0.2578242525258116
2.3599910362270946,0.32367293722215495
2.340315280766283,0.31005002667242837
2.5456264136450284,0.24258791926344903
2.3528241325913775,0.308889551843312
2.4598606804023615,0.4422532465821773
2.4544838613400812,0.10687657776182269
2.4736676372652187,0.067611630203862
2.55509222622054,0.10097929954969338
2.5207850637185945,0.12448845902480268
2.622240305277386,0.24824706233206997
2.4117512910722265,0.25401424534675315
2.5022549719138576,0.22591187943863772
2.582515851062133,0.18402218828907688
2.5247170607051412,0.21178036249489965
2.500622780371045,0.261057395588869
2.4376577708519993,0.30830190681829334
2.305990343720299,0.24590040628387502
2.477598908829308,0.36462818697460436
2.5153498737469278,0.3800764321300954
2.536175641842041,0.35670907335065977
2.5332208886049923,0.25609135022329776
2.5178857487466555,0.21590154519794166
2.304727981114174,0.32754569396284605
2.316618361680255,0.4073792763367117
2.3234352396816735,0.36010833969151723
2.4938107198317114,0.3008783286093662
2.574094604947537,0.1934467050783119
2.4726173047267,0.216648554670517
2.4531631021357487,0.2540053643507562
2.595194955100907,0.1693778620247712
2.4761092127196824,0.21708807991387052
2.5001711707432275,0.3818901325451995
2.510037715202331,0.3912270936911227
2.436024124101468,0.35420791542831687
2.612615004370491,0.08602247345545488
2.528189217511083,0.26812980571126643
2.26463042440165,0.3163330505604298
2.6551898229608653,0.24826368979042424
2.655360055011065,0.2524529259587424
2.642374703474275,0.2504889796368967
2.3776063618670196,0.3359122898293498
2.6035607199034803,0.18425287047975158
2.5516181695431226,0.17714199930146038
2.4946862439335113,0.21420226498522815
2.4938990847039237,0.2128728093484372
2.481028412969435,0.2916943121210408
2.5891133005373943,0.3058549599286249
2.4611301541299615,0.33989794352399366
2.5208404710156564,0.1344020877094034
2.661050735262547,0.19444269865315406
2.6997186181925668,0.17209527722051013
2.421437660467493,0.23494110330497564
2.3913583358951005,0.32114300705846743
2.4610623730446752,0.2925773573135462
2.4895036604768155,0.2638160252347027
2.581751141612617,0.1673352518442263
2.3948748754756255,0.2663771721724897
2.4236462598273985,0.28081429408743386
2.4846050445405283,0.24763182514931042
2.388701946115284,0.22550249900863895
2.6113395500185077,0.30292112374902674
2.6100466022322975,0.30204656436213934
2.6125811394086105,0.2638098093376434
2.6281396798683816,0.2077326477346422
2.5639218985049825,0.24241629997594258
2.5621670298916803,0.2915928101754348
2.4986478631572027,0.2862499041685435
2.2709685337181096,0.4370679411256911
2.2648476342570083,0.3913739933059305
2.22758968882983,0.3442132175381161
2.324050139223479,0.3299142736474911
2.415664543042565,0.3688159239119919
2.391972759834683,0.3907829965039337
2.5936098863581605,0.11508958267390357
2.571219193989427,0.1912407847670696
2.4844775565850736,0.3700578002034004
2.2929649156298044,0.3306426474313199
2.588810982483027,0.28506685013071337
2.4410451335353733,0.265919761181792
2.474158966960296,0.23712710324790204
2.6686306450538226,0.10239354926934953
2.5640426290385467,0.19726692007694444
2.565019432182321,0.20286536731444466
2.4461447564613903,0.252070626127842
2.557975632082688,0.24337498227957652
2.5667787861492974,0.30243405644227156
2.4137722755953153,0.3127834385688695
2.495485683484185,0.23406171021111244
2.497276477877146,0.25170188953577255
2.45245364849443,0.25452908313504763
2.4769105705210794,0.3005863455182191
2.4783474516281996,0.27367916730278224
2.470983394723664,0.2774628865177074
2.399864094641124,0.16516065555108192
2.6173914515787584,0.21555800783408588
2.518265530271013,0.24124910755499238
2.572756926520085,0.2390505419189239
2.5016331542111354,0.23807347548125746
2.5431242536655696,0.25678975067133814
2.472216306200751,0.27606601007292225
2.432312709440605,0.27893151382171494
2.5418444369849067,0.34915280664020887
2.4403775382732755,0.33336112113673627
2.345314210504468,0.30861037309677364
2.421151943942864,0.34281453866794853
2.4288614546414315,0.2846057469532005
2.451655513977322,0.3016236433375934
2.388316872472424,0.20301474112662166
2.4405351159025686,0.2295835298427407
2.482002199297596,0.1560830505385046
2.5146241264653897,0.16225429794734708
2.5133982003387265,0.16228612480044405
2.5076330809488216,0.35838716480774874
2.271019424567071,0.32286117329655617
2.6585863327733263,0.13792927752094084
2.624795641107785,0.08189410192541471
2.61399844602577,0.09359603422567081
2.7271779181249114,0.1896979608315828
2.654301118512145,0.22009585065434736
2.5192901021785654,0.23155822831998735
2.5517973262724434,0.19792228602636006
2.5129199390253905,0.13601162812945528
2.4972499593697943,0.12475549284604005
2.551512218287817,0.2570244653266216
2.5931083823463563,0.13776161411591872
2.47422504315439,0.24900502552694576
2.474594490294078,0.18707492001612552
2.439817376380194,0.2943090335713103
2.4711590724884114,0.2926183463136266
2.5353857666161512,0.2081909654677229
2.4558937071754707,0.34639050306942737
2.5212239584424316,0.13528473566213467
2.398763866547936,0.2619401062237066
2.493907265725415,0.3570302840310554
2.5460160034609403,0.3732327234625241
2.4890587019049484,0.2974958632872194
2.463776115605726,0.2519175533190208
2.5801853496961544,0.16409618478632682
2.7531576934800137,0.10633674773133538
2.750945937757672,0.14346524539986455
2.4260677124894254,0.23091340784462555
2.609049597612958,0.20734415081662536
2.5270304548300917,0.23465182892142555
2.5515171339095506,0.16884681778901126
2.5731290250198984,0.2471942273914306
2.6913376731528103,0.2540467962716658
2.6196009741803885,0.14739338331277818
2.4439044609485996,0.2692214554511933
2.4766027270266133,0.2807619500569999
2.5198687040876395,0.24213511522290607
2.4779829942664837,0.19540380944289149
2.562490142215231,0.19040388125232496
2.44034985013358,0.194066160383709
2.4145151631947654,0.1814810690586023
2.3718341687484243,0.20493756574343086
2.3719954325049355,0.19925558634817941
2.4574055037596083,0.15325184491920163
2.4008512580170867,0.33005142929287706
2.5379191866396265,0.18433789406299275
2.5526690773514273,0.2676975706166617
2.2814983119350605,0.3673900660567238
2.404972986015539,0.27313433251269104
2.3931398551248035,0.15899053459886342
2.344374521356729,0.2716123863602137
2.3231575468611427,0.30830540060385825
2.5694363335446697,0.1629241642037785
2.559737458397681,0.11972661961783444
2.3693707732944858,0.40545902835906517
2.4371141453398377,0.37488935770151094
2.464211151408038,0.33601555200223393
2.397052885587921,0.2679880714891324
2.58147863361041,0.2526987397780939
2.5790122235317905,0.22451650755544839
2.522593284098554,0.17200610236436192
2.5007077771402484,0.1404535404542244
2.3587618096427225,0.22406211550259889
2.650978560570082,0.20434000909823152
2.4285346336039915,0.3123818296905923
2.505709947820937,0.26374411422930855
2.530977283868502,0.26444120977109525
2.472135361928065,0.25755589220674346
2.523985663966244,0.1790427769008528
2.652630489308596,0.11746691934244372
2.590420055366472,0.1909124278098609
2.385327707192735,0.3141042473950436
2.5652016761171583,0.17465101284191523
2.4604765533712145,0.14230507097980724
2.46260335743923,0.15041964579732867
2.374686812862535,0.2888398938827585
2.3425223041309233,0.2928564397467065
2.62252244625512,0.2212395794382324
2.4346261604999295,0.2256592337239166
2.4580005135170957,0.32189831230262145
2.3504135462656652,0.26411143383944397
2.3527660805449497,0.26448820045697435
2.3673508290458902,0.2587126213834681
2.5532743149314356,0.22379008360032351
2.5319028584927734,0.24028633829900564
2.5214293657295537,0.30958467300675035
2.513987629917043,0.27691875496760304
2.436855003505236,0.286205371205734
2.5529488697893057,0.271615676267641
2.497410758147789,0.20297553295292617
2.447603615468192,0.33291040357985496
2.3584787990358915,0.3067573596637915
2.4227638759923296,0.3129764554127782
2.459814180309378,0.3007309158767868
2.641842388248393,0.15206682919489742
2.6329278298788568,0.15256279172614848
2.6375966185551567,0.13061478019453507
2.4758666920808903,0.2589479129292145
2.487768739129165,0.2300275730630623
2.5613289576686586,0.22669330180739786
2.439151030406175,0.1962570986869249
2.5140445862973455,0.27632191031408865
2.3238525733633337,0.36834116925630833
2.5282809293838904,0.3576492220557751
2.5422708589328646,0.3654067964625508
2.525383631776043,0.3799082396025121
2.3718298283894708,0.28232712421690015
2.388944971343484,0.38479311969212393
2.376552413117624,0.3909121252403136
2.3233920380098554,0.43093959957595535
2.3372604006080278,0.48056665693360234
2.7312421131729794,0.15123382278017922
2.2655532027063856,0.19856324122687843
2.670379617262102,0.33460282944617925
2.6699562769319045,0.3299723991105267
2.561473228955344,0.307510163276369
2.4921479189786977,0.3437674468268861
2.3987654222912465,0.33731942808503956
2.41551982415808,0.3289079062299542
2.393188951883476,0.33160617522695185
2.3963006418695243,0.34867428989531624
2.4018557062868418,0.36737602064485997
2.291828875074444,0.3430684041697373
2.4460482968131907,0.3112308781793072
2.613899501383374,0.16287490787458833
2.681655900812181,0.19994900577134236
2.670485020058889,0.2157374071019566
2.4161289052449137,0.1285065577130565
2.429663210605986,0.14422497659208267
2.4223493571418135,0.15885525656282495
2.629315036217967,0.19332638758147808
2.5462940280223374,0.2612092947112462
2.518584438115987,0.17197620661042942
2.5695242125355207,0.2534537504665536
2.563034213087512,0.2841563548687319
2.5266575390099653,0.27179523516473314
2.539578961227209,0.29276587676769433
2.586952142999818,0.18444695917862666
2.3891867405154503,0.22837504610889273
2.5057338055476768,0.2328463277379537
2.732247396200637,0.15198832363690698
2.532362896061718,0.1349962255238649
2.5241187779775265,0.13240001799048468
2.5766604105810753,0.1340910810252536
2.676395569942965,0.21600299809408954
2.578409564600681,0.14855436507150635
2.6284565558802893,0.17319515075065273
2.655114573623461,0.1869030145834676
2.478832896715226,0.20626166189807657
2.4507154945250385,0.2929208553544622
2.448067288037032,0.23957606222783764
2.4805668584281952,0.27820979982124666
2.4737800508744785,0.17691663149349499
2.4744022653032305,0.3495432415391031
2.4910845075588455,0.2469252174426872
2.3291110412947824,0.27249989041691897
2.3848925505792935,0.34888746489787303
2.4615941048605827,0.2252432313639241
2.5208529675396103,0.18851203747914405
2.502206220692229,0.2528245272128647
2.238709412501344,0.23663900645342056
2.562753158107748,0.41783565655786997
2.527622212315866,0.36723157568475173
2.5020169444460083,0.3341463351414349
2.4516550252960423,0.23357441059794812
2.4028516637436885,0.41590665093814433
2.4500171314209105,0.3223105395785657
2.587210134429605,0.20142315357690063
2.4231934692758887,0.2642371653838214
2.5371922309205024,0.2008027125897048
2.560630563910832,0.20425483413168602
2.5154278233365783,0.24589721351912538
2.452313436536189,0.254321316808596
2.558123495135467,0.24512590587162697
2.5421389039659688,0.2187613807945608
2.424908236732953,0.2279293741137232
2.6235229948920917,0.1705082013236152
2.4950815121068226,0.2327852828093708
2.402385603289391,0.2848321724930742
2.5914707672749366,0.2794984511800865
2.5726889638086,0.3029120242108106
2.552058246042687,0.29755646489451537
2.5333654879106895,0.21691671679961813
2.560939780546434,0.24665191640044387
2.49824063120837,0.2848449101136082
2.5023226482177234,0.19555247630313904
2.459192158463452,0.263324494522173
2.3195695756934813,0.2891750171151649
2.3590231387144374,0.3008441855724745
2.569207387744917,0.26705003934437094
2.523965092110453,0.25489924371293093
2.566744444636076,0.1423560323425732
2.558502023958027,0.2144077005226875
2.6573361634916224,0.33939554943199585
2.525355412605653,0.16713882685803888
2.5318169786070843,0.18585388084170743
2.5103372565973943,0.30926092739544453
2.408789620678437,0.26259997047307787
2.5642003216949814,0.20955941432927366
2.609117092216279,0.23624974246266509
2.277953846007496,0.35614211072202046
2.28229703547865,0.36022579986756476
2.2332164086439716,0.3916292903134028
2.2323585984428678,0.3948764569276091
2.6574425938254764,0.1555168462436121
2.446795765878386,0.22134487902516337
2.456105667893657,0.21991504890909583
2.614967861382047,0.18873697617012405
2.429204696013479,0.27082989885915687
2.3273297569966154,0.3245968805515549
2.325657573154416,0.33893123020698834
2.4951686911597224,0.2653861351108379
2.4923022257916365,0.29117574154239556
2.5440960398809946,0.22773922988848624
2.566873247128419,0.2560027839788961
2.3467440209687065,0.3011000750248675
2.5667104203256366,0.3538667436765133
2.579306786437627,0.36836169677350744
2.570453558424603,0.3338944598745306
2.6285874992194613,0.35737749322238915
2.4741998889568038,0.29040565634592586
2.430408446509231,0.41422352428364534
2.288204708442533,0.2993265995380826
2.4107370003462703,0.4123476149097517
2.526420169514831,0.22004192616133525
2.504468091934547,0.276440368471638
2.4865712480222406,0.20019035116795025
2.5262360308898066,0.25478061219905224
2.4848273324025913,0.2596672950402856
2.4494384612629627,0.25040455238674975
2.4870368781995182,0.18099408265935882
2.4670050949587683,0.16197011750519452
2.6263868658880813,0.24057638239977663
2.55934422377844,0.17914901791386598
2.520920863487121,0.12138405408312307
2.724513336527393,0.11676798814603649
2.4558455646116926,0.23170497336209167
2.4057585385901947,0.31341071643848295
2.434156307096823,0.24392465631448287
2.4160929783891874,0.30832623985049606
2.640348719007483,0.10502498151847607
2.6701303822402944,0.10174913299350558
2.3801944385112628,0.2716554672452337
2.4675280104498283,0.32343972833355006
2.4307111423225747,0.20631357872063028
2.474499371218484,0.283665546730767
2.3691049747276605,0.29084445321329305
2.5108525605960077,0.23895867654659642
2.5497712504081953,0.2330452756342805
2.6012972945369763,0.21122626811187623
2.5879733237396665,0.18054544292681574
2.585349449537387,0.20379560282831014
2.3426871983462108,0.3272937041471791
2.247556357937162,0.35250948555358524
2.6602600583743103,0.2071335728630936
2.660778423491296,0.12308225723532226
2.706033180698378,0.14047571328274466
2.4815915713013,0.20833211312486716
2.3307945864606903,0.25889593886981044
2.521168806036339,0.3870076391790774
2.336533737217096,0.18507202345932602
2.5721058096133933,0.25629478418719864
2.5247888309159063,0.31993657405126824
2.390178034191088,0.3642377038620825
2.3124273522766905,0.31400169670981476
2.4179728552740296,0.28395442887517197
2.487845500121925,0.24229580698342149
2.4755540893506116,0.25345440991412366
2.501312712454429,0.23875678614061965
2.4671271066962253,0.24577209482533324
2.4770079624387975,0.2416011603897825
2.5318637964064816,0.17298120898164968
2.47923967206282,0.22615826803441616
2.4058782847984848,0.2938416760256142
2.3741100793395638,0.3155165164578321
2.4418481564793066,0.3092324821407019
2.552584565689393,0.1996096418912858
2.524435392786567,0.22011818654578102
2.4567767755306473,0.2591374993305572
2.5137618970582194,0.3167200087202858
2.4888412975570815,0.30148314292116374
2.5004157034334966,0.182401401201994
2.5087259058453366,0.1361040421479913
2.546669800850408,0.22017688946833552
2.4521771538183668,0.2888549987328945
2.5947339677748906,0.17855007026305378
2.492426584869962,0.17490865249994117
2.4964645633187614,0.18820772391217175
2.7593192597088203,0.08423976198603521
2.5966102325578775,0.10360834157254722
2.661577138129952,0.21293539227097386
2.6530718901094774,0.2538693390641509
2.612203286675988,0.202357931501748
2.6090416967936023,0.20427488621080975
2.657858879704826,0.1929523874359108
2.627212540328995,0.18668973595436528
2.553795098720567,0.21442240804717738
2.568493287342351,0.15791662227684314
2.647136872468998,0.1108747606391895
2.6495827461652324,0.16926123710663213
2.422277695985406,0.23974441496350468
2.4554311961012076,0.3169399191663109
2.466454039342071,0.3156740251294345
2.5468029130869505,0.13955740335401523
2.659712948358427,0.15408625518885857
2.5489306718918376,0.06521667232302389
2.555819081977554,0.18403234240420518
2.388068855010521,0.3389479491778552
2.5355813485944756,0.20532064375959502
2.491368006331356,0.2126911329898263
2.331874315754424,0.30623300703417244
2.3404500184481276,0.31787894724140126
2.6177167269176733,0.24705324828058733
2.4684302350833622,0.12964302292268848
2.4621714062733524,0.1382042888926029
2.476697357444441,0.16491329903791488
2.5192220249366892,0.2222795536320121
2.6221444205776736,0.28070686480915413
2.5475767808206093,0.2012718400608586
2.509633292509276,0.279927400255801
2.4392923747501825,0.26226956534331364
2.5393584871488484,0.23749297016755277
2.4666283917994645,0.239485363830717
2.540144717408813,0.17198047418788856
2.5235141149048235,0.2585038545474117
2.565159673220209,0.23990426400570858
2.475688738943717,0.2273844989607446
2.4563545398676525,0.350657742610215
2.497958726260227,0.14612317326568297
2.494354891057065,0.31426940298012007
2.702735188589742,0.16909417722242853
2.6652601303558776,0.15740758536942395
2.5315323143723285,0.12682609736243142
2.6222624225527937,0.10541843064472589
2.723816876627966,0.1506401402750422
2.458322919854777,0.217022374460316
2.473512184930016,0.20978839646153316
2.417467357109752,0.3808162385687153
2.415627988675085,0.40208011863009846
2.4157090167521464,0.4055735561066361
2.2846370671213956,0.41383171971929733
2.3448183006824794,0.26250302380167667
2.578505926212552,0.2664480543771933
2.572018369519563,0.2529844278320364
2.6228744920506433,0.2427426654955985
2.5094321251360823,0.12788197792778797
2.5513246612214124,0.1477165876207299
2.6617475341753067,0.16932811739801912
2.50134588879307,0.17103671880407484
2.509817916314044,0.20637712482873502
2.584506597885576,0.2432037602202542
2.435631108465884,0.2803876178183059
2.5467348381254444,0.18653407840734984
2.5311671198722983,0.15270661548274073
2.5097932893805663,0.2212040321793825
2.52300418107234,0.20493258889004967
2.673389876749729,0.07401332139425935
2.6264162838331377,0.1211876907594115
2.5356127621960836,0.27354268952221344
2.523270716415939,0.3422938215136117
2.321737353777795,0.33568905934122967
2.5520956014429634,0.28000006987333903
2.5491078191241727,0.2800854760168278
2.5124271536161595,0.24596161095270502
2.4932930998959457,0.2452591334087439
2.38786848819715,0.2872059519174216
2.4811083594706234,0.3015053644734004
2.4837717101536705,0.2922899581234731
2.553666616772418,0.1452790155206394
2.5484955798692153,0.2225829000334837
2.5774156285184326,0.25156312576851486
2.5218472141130395,0.22081260437075464
2.637184386855359,0.13240306891648324
2.552799603168045,0.19529776390223816
2.4996249818990304,0.160557011035919
2.5783966154704356,0.2021776645319696
2.4161861971184684,0.24085968730962043
2.4730830897328824,0.3144452094884401
2.4282894874815537,0.28433924118887915
2.391807918892005,0.27128104691788485
2.513973156456165,0.24324558103851887
2.4358075370353465,0.2671110220612005
2.514926998634817,0.24344954119941956
2.3676866003100954,0.29090671952928876
2.4055207001025645,0.28115697196966244
2.3884353517051964,0.28825695435742565
2.498279885474243,0.23374522702949246
2.4524154125606277,0.2538993792598433
2.449880134235479,0.21924283901843222
2.4766909768298224,0.2627354571993541
2.481349983344162,0.30735355300845
2.4356094921263978,0.3599083779485332
2.4119143009837756,0.33383811432378174
2.4558188894762534,0.29604706578556605
2.4678122016553403,0.34105277564501224
2.4678161597106363,0.4653016530252289
2.587819520777076,0.10239018863403881
2.5947195119211353,0.24876869214935438
2.6067675645783015,0.1801643732689922
2.5361485133386084,0.09410758280488038
2.5423277371080437,0.06815791341527162
2.6848898388894136,0.2809508481901959
2.241571290911148,0.2509029093278079
2.536648163576812,0.43613747848327794
2.3862213246650885,0.3162783858304447
2.4231861141295647,0.2955125051605757
2.5719622995748583,0.24584196321284094
2.6373462547779196,0.14521614298876948
2.486851600116661,0.2454794735653028
2.5094241581822603,0.27951671229444547
2.5391083342244687,0.2758305918675769
2.58221366377328,0.28292668116893005
2.6416182388308984,0.18195097510620697
2.358346061153527,0.3413236713517106
2.5472826308085095,0.1485638193794096
2.516818584773228,0.2377478821054177
2.5107122009179337,0.27638515791946666
2.529515310484618,0.2596955160491855
2.527703766220538,0.19106133978924877
2.6176653343863836,0.2406920944436264
2.4687732900220927,0.2999291707832616
2.44136742401852,0.33901889796279167
2.480080223837098,0.22050322875882972
2.4659681984656348,0.1893400225609619
2.472800771921941,0.27630048319701905
2.458080531658265,0.36859552494461784
2.447755009207451,0.3464997783308231
2.4308561183053983,0.3287831881088963
2.4524679402810543,0.33849858098659635
2.249717738401382,0.48079000231904295
2.3335325958779585,0.2627158216685988
2.3427300621804887,0.26459731292619476
2.49273236508649,0.38496303840777274
2.44707575644452,0.32433965062753456
2.296589258298019,0.4712834671885227
2.312077870938817,0.46897503568499294
2.2215194503838984,0.28541532028497774
2.25551129809247,0.34045427917069915
2.2430011546647055,0.3371268915991923
2.232384628602059,0.2744336724095563
2.5493949930038364,0.2546804622264419
2.4979789175362237,0.21013988199060826
2.4524159005234276,0.43543509760519267
2.228836031968544,0.41826132982414804
2.2193934526184615,0.41897397269028314
2.212254372769921,0.3986467346294354
2.4396267924198733,0.3141948898190768
2.610689508682381,0.21638896301548194
2.6275659230408555,0.1417239585686765
2.5512206925170022,0.23624009360439258
2.5803413764879535,0.21977618820019396
2.427913630876848,0.20981735413223762
2.569107086032856,0.2066436165251968
2.4889643673372714,0.16189629701891178
2.608789997642723,0.2112679494666161
2.5839542582604684,0.2009176500607347
2.5488311472790595,0.3178463442768194
2.500672822089347,0.2856779161358003
2.606600340636339,0.32448678671305764
2.431327649184367,0.28485557473310447
2.547277482146091,0.3144887176442844
2.570850336643055,0.2125446014216406
2.4847337192455585,0.1767709958816791
2.438530681841079,0.22153360554084758
2.5276286222628404,0.16008519559106738
2.537431291893185,0.15048192644024505
2.589676158686819,0.23119158206638268
2.434845428989881,0.2551289212410219
2.5908269608456913,0.18427765539551766
2.383583054150632,0.22091139837969545
2.640069972172102,0.2504758530056303
2.354265043787549,0.42574714544629805
2.4936555261665925,0.3589341405271949
2.653254198036626,0.13022039228844876
2.495040858736221,0.20302307121809424
2.517703768152303,0.21746862498034542
2.5334127462289175,0.27094688227549657
2.545365815449901,0.21169519055907132
2.473889465702583,0.3293796355185656
2.3865408752872144,0.2691352038071876
2.4447384146607436,0.2666326654235679
2.501377576844064,0.2774851374970449
2.452477573980668,0.2983070630137063
2.586138577220022,0.1674517174142608
2.5866784077226215,0.16528245816458575
2.5675813419314073,0.21630489351367047
2.535984876523144,0.1977182699182225
2.391011475962229,0.3181178771885815
2.5846479847546244,0.18999761125839215
2.532146587815738,0.1904833260071564
2.44798156911783,0.2031546727352886
2.2947370670978535,0.2723135775608943
2.738141985323865,0.22497240408569055
2.7076371305077784,0.23476849855601808
2.293267736759971,0.23514791780916444
2.5280227353535554,0.3810120425028446
2.536822072910277,0.3260792614435265
2.5250043308470205,0.3275876140948145
2.635504318881559,0.28583992549121273
2.5962890080987373,0.30419707110304256
2.5088579922306065,0.274577680212281
2.548824087312037,0.18200798108183253
2.5084863945019964,0.2352916862681518
2.487614610119735,0.17238026000973722
2.604421303210462,0.30238018001854217
2.6092297937042046,0.2984214411457588
2.615905824024059,0.29732842670421095
2.3428066118108264,0.19746328324088064
2.4199421707556037,0.2405930403586916
2.444189444593003,0.3315254311642893
2.4254996969069587,0.30228023840734347
2.6251322024746577,0.21432064265787798
2.5063390396597236,0.16174728344834136
2.450039151061944,0.2864578845703443
2.4347735201978273,0.2974292429518528
2.6060024078506734,0.24717445083739478
2.591647921209162,0.2849238815463297
2.5850258419707064,0.22059219340127076
2.5846796218250536,0.19479896861683504
2.666716415994524,0.1776402420488019
2.6673200654860234,0.18592907872727266
2.587018568629717,0.1400440520317112
2.5455393636298966,0.2256333935265653
2.486586948297768,0.18215631514983568
2.5050660420642616,0.19873034011596016
2.561046358042836,0.18233139469987833
2.5527337122655718,0.17455242206894356
2.559052183429764,0.21125781416676923
2.5424181214815906,0.1351238410155651
2.562232994659094,0.3032741327811788
2.535430165893101,0.18072628706297905
2.484944332425054,0.20502838608757365
2.4499725567529955,0.23729901732407452
2.5285808929183715,0.29417302390372435
2.489370158929123,0.1921788507035471
2.452278589497937,0.2570169402266143
2.549596014161131,0.35406370649091806
2.474058489518099,0.3363103854284996
2.4239411587558863,0.19412295980575694
2.6073146967099325,0.29159230584969964
2.2511758253653618,0.1940246862362417
2.432960510895377,0.24592306104414957
2.351478077809885,0.3443547087947158
2.303460169425679,0.3490639477828773
2.291872138256218,0.46790747331629956
2.253324624771637,0.4381788150014818
2.403907936311314,0.376287514742727
2.395136422866368,0.25159229355011303
2.4205259593858153,0.3021573934383747
2.529654693939425,0.18691025274364628
2.6241758327025195,0.16399408094308515
2.60757673944642,0.1439935760646242
2.4241413257659756,0.25109933222520975
2.4862907593834684,0.2543330735481686
2.369058277653285,0.3422614080178403
2.385936842879177,0.35139565526527666
2.533716447281153,0.2630540875574107
2.4404897512789043,0.23219706470022053
2.607069086694276,0.22258237444685408
2.543891912890066,0.28569693453854217
2.394093369403569,0.3941479333893778
2.42556434436511,0.14687826696176526
2.5945949777275934,0.1343553815744738
2.703597369270995,0.1659400931017061
2.756031683803602,0.20473523136069716
2.739789252820776,0.20063740846929892
2.464902843788596,0.20510022148302645
2.5325966260758537,0.3080545442083315
2.4505996399052323,0.2781795093701485
2.377113869446786,0.4495103922909852
2.5323574194557783,0.1341745961866133
2.4283906988331774,0.20922742595074792
2.3851651641544236,0.167944778758281
2.336957498690409,0.4241360258222041
2.4085792520118283,0.31733010950647556
2.4428365954212525,0.3044207720490051
2.4915174305537997,0.28536585372319706
2.5292014150052236,0.20591572935195177
2.556645030366515,0.22307889381201354
2.3075739608794588,0.2699874009379506
2.4202168656460703,0.34500060574024843
2.591040809296333,0.15250828829680485
2.5207843542810835,0.13074250722271152
2.4501511183887525,0.37779298451664484
2.4522957404236005,0.2669326185010992
2.5618332947700853,0.248444025190239
2.5341575505433998,0.2613490514579112
2.5894514203240284,0.21991671804836385
2.359215428059094,0.27336082314184695
2.4789359728796616,0.2319050441878486
2.376698795836529,0.2159607604433593
2.412023827995356,0.14663928630975695
2.4514834833786194,0.18129906309233856
2.673796175268421,0.155856366997472
2.7404322435932618,0.14350085451741632
2.7468977193525586,0.13250411499962073
2.6876206889581757,0.16147994246459826
2.7343826270082783,0.1988415452272007
2.4278150472668236,0.28005532434421315
2.596870292938974,0.16072919110085962
2.4563942406361363,0.2448365649693846
2.411610301040153,0.3236146176607896
2.4430643855157057,0.19359327353166145
2.46674125269535,0.22452581553634415
2.421150316794167,0.20370343754262973
2.4874989302298327,0.2529355662364627
2.4590664237678976,0.3120655804151976
2.4283816763788866,0.3295005402839972
2.421709066733101,0.26571215901902046
2.541242012838239,0.22772660450831353
2.4556312175072805,0.1652648040197381
2.4794974374474914,0.25848326322418447
2.498606159907303,0.1971333589733162
2.484426245663356,0.12235265486548659
2.512453693284848,0.11529384608758167
2.54062057809165,0.12052144328575339
2.6814185031717486,0.21694601017242654
2.36418823286031,0.20760437693943315
2.533319057940713,0.35547279128642484
2.347124702751095,0.3499375031860011
2.447408520156336,0.31079953226197155
2.506343102284216,0.2099135688606095
2.506036255101464,0.20971621169536617
2.4352972816184884,0.2845409468964024
2.555128904293297,0.13203455861464092
2.500241030735041,0.2824339934763807
2.5548298432478616,0.22677760823353682
2.394580802363116,0.2983479174729572
2.406101313447736,0.28718860390001444
2.529737529479887,0.29723403758738953
2.4998761807881937,0.24861589803402678
2.455530647031241,0.3903178375851542
2.4446401333366707,0.42158256344686745
2.449412753373167,0.42812058106496503
2.374357507321976,0.377809953558524
2.2862262105680293,0.36914412536349905
2.5504679795688765,0.19258708669016192
2.4907085312201698,0.23011303046437956
2.6280618246977694,0.18712310372035124
2.6302692697640646,0.19430137260614452
2.5929326031579634,0.17053332286542888
2.575089737197877,0.20806616495627805
2.511529240657479,0.16907403455418812
2.4124493564851384,0.2342138974600153
2.4912729134019402,0.19119907256929264
2.532421146245247,0.20075046477451328
2.414520524042442,0.28957223470057997
2.5424596607470162,0.2688697984747859
2.5431403313928573,0.2987593655032841
2.413121721215278,0.24621816348195952
2.380425347866788,0.24308973254085506
2.438085043393374,0.3999330504079792
2.5679152294384795,0.2557728441407575
2.447346293797443,0.371697570293173
2.3397206931033256,0.32365295850851317
2.434839591501614,0.3426962785029325
2.3083833096469926,0.39193800845615473
2.4946269143697175,0.22698673629723487
2.403249226330998,0.36981035542326884
2.4383090066070428,0.3052954082293993
2.513826154569047,0.1804578270059478
2.46813780740522,0.15982123064474438
2.467409675699801,0.34094834747535935
2.552490258887898,0.30767535131233986
2.54002266217733,0.32374729665573215
2.5387198961607003,0.32461831780791084
2.4672614346408666,0.2860615233865169
2.447602518182423,0.27899701758770634
2.449226584531939,0.24491213243012472
2.392715291345908,0.2776047511619028
2.4340156281695453,0.2770719782424622
2.5476188797533412,0.27878531343630064
2.312119638465381,0.3182902649337618
2.396874761459182,0.20020530709898576
2.7678899056276456,0.1556732843740316
2.8119421068389467,0.11663601596743912
2.767631741052793,0.11013559186635948
2.7349226979151915,0.11239051821919442
2.4291261923617387,0.2247984444374786
2.4741157561420493,0.2624133677251806
2.428457654693546,0.24428060814805289
2.426865718304375,0.2959525034464728
2.3989859820695836,0.32055284175527604
2.4304568672676585,0.3206634693422745
2.450711960934929,0.28563943394738733
2.435750265361618,0.2869669345819724
2.281883232958112,0.18011451865255307
2.4354807914574677,0.27865483149014436
2.4788299493646133,0.2925945575615444
2.4914300928823083,0.28728027956915453
2.4138691157854035,0.2684421092176011
2.4493929680989144,0.2997998375144243
2.417276969977729,0.28015190605869256
2.382377055890652,0.31561207698386406
2.429893903627247,0.3073670175225947
2.3917176453781357,0.20565800304282691
2.3562446414729123,0.20302143807522965
2.3631581449629855,0.20910232287840957
2.342267482076944,0.3360400647232082
2.532653400208101,0.22173241863697593
2.5375548836844866,0.1796411927442048
2.5600713574338076,0.13773106690038747
2.5069496033410212,0.2598158224433971
2.6332017067590114,0.18378843293551977
2.5077762565392576,0.1719148396307164
2.707537831732629,0.18722874864369957
2.6473733908943347,0.2131841768309303
2.589585364238037,0.1293219057306051
2.593597866487643,0.15138886350050243
2.3918224906103815,0.33097945824280917
2.584406451147114,0.2604221499443243
2.5871430223778438,0.18207082799564875
2.6802482582596774,0.26777359152622526
2.6056568037073613,0.11935394463479451
2.5959173557972677,0.16016671773017419
2.6279637470199195,0.18728777552722084
2.5798158470967043,0.14646691445135335
2.5679691496309838,0.21871594271826125
2.5237333898031933,0.1895005029774244
2.56872952927086,0.20710451224501378
2.466546874683288,0.263403191367382
2.5299456526817212,0.3087332688947887
2.3700939345462158,0.27767814262719703
2.4786907122272597,0.35648916898654476
2.272737743947755,0.23686393452889837
2.352222101196378,0.3603228848992605
2.394968385485085,0.4227263974939911
2.4901414567502624,0.168800495490299
2.506805354057443,0.21080368672719815
2.501906918719773,0.3148696630955992
2.3304028806755133,0.24532392444119527
2.327537716992041,0.22985725442689078
2.650205218013262,0.2515082272036674
2.6357130108478635,0.14233930479754453
2.661073362252098,0.2129704962584754
2.6469128523642227,0.2930328541539996
2.622342159737438,0.0645936914103967
2.4065318357049352,0.40158343272533875
2.482543474378008,0.16034812907777804
2.5586735087419554,0.15053376511195318
2.3001941197313722,0.25752257224035946
2.3955103005528056,0.29410474310733414
2.7316893606129455,0.08717761622308813
2.693612406167788,0.12860172462583438
2.706146784460447,0.04961712920382585
2.7918021701301967,0.03565663227419613
2.7095213074120736,0.017762062312357257
2.738918146213986,0.06421127853377308
2.6764545539524796,0.08843905692723897
2.6781724150645823,0.07996801557037869
2.529635099796375,0.14944660787480785
2.461924257816831,0.3174001228803476
2.5717654741663396,0.283312257923124
2.5423314306672005,0.27216694332064206
2.5576875611125502,0.2563451198636065
2.4789828395536313,0.311361513259119
2.549408783781514,0.15076769630851913
2.580431698150228,0.15000899118133867
2.660809069009274,0.11789389200298045
2.6822107160108253,0.13286558801017648
2.341531774549996,0.272710853767093
2.3315389656801697,0.26380203616558867
2.3788749860531437,0.24374053728688444
2.3895827796888995,0.38510023403374327
2.3645786574907444,0.24742854700569378
2.3645786574907444,0.24742854700569378
2.3566216080635094,0.2673669063873004
2.5567748082400565,0.27202738917737795
2.5879361602780726,0.3119125409412109
2.321499540097813,0.25710956093583803
2.5562317452965235,0.3045722287048353
2.4902423018893223,0.25062715971073957
2.430907230754195,0.2533286758453447
2.45146668425838,0.21623868147440817
2.5608622049665017,0.28687591688128083
2.58389128429553,0.15169146591393656
2.398920367635919,0.26029618099337737
2.505593082441226,0.2484058706778913
2.4107116235547,0.22055250368734405
2.477898897703592,0.23086423522830365
2.5817822887621102,0.1965295884501074
2.445474122836276,0.20639526036408548
2.440343830532366,0.2564560032766111
2.4282444520904574,0.34519563241930395
2.3613585005026096,0.2561832956822797
2.501161284912009,0.3288761333967204
2.4438565588083283,0.2532012615261623
2.35677187013968,0.32723847741421774
2.372642503936717,0.3481587704216803
2.396303413668863,0.3363801277391038
2.467785403556283,0.23106229983302506
2.4899649002422013,0.3079606141201479
2.5378711942540964,0.13777816856240305
2.525008794011359,0.12411720345678656
2.557201359957993,0.2837724136381983
2.3951199283195743,0.2242556145961788
2.43612990350046,0.282073086540484
2.4550703804172413,0.2894937314043825
2.5434069786782647,0.22289196817911738
2.545642296560342,0.19447308870292554
2.5284621020494216,0.1952254999368457
2.5791751959506897,0.19066353114529508
2.644506818998992,0.11791997315934583
2.644659745925906,0.11554083582663421
2.6106594120153117,0.11912267195119282
2.6109912016300885,0.21229844425134362
2.462913253558173,0.2750357552486003
2.542139771632344,0.2026965721810354
2.5474389499232557,0.20123089812096104
2.446621536181298,0.23892793718966632
2.518293502109436,0.19373833817742958
2.34720700081324,0.3493060710649824
2.5353539836620764,0.21710873126070818
2.5799715676245616,0.18429974528042062
2.3113060701791253,0.3310388312765636
2.4797484315676375,0.313845311498092
2.4832660632845696,0.3223690922247547
2.391676244587239,0.3502587852203336
2.3036409377860214,0.3050839242847029
2.29977262674271,0.2573986413334172
2.308229992992961,0.2432974432262016
2.2848797132930954,0.21616777517468033
2.308959559332532,0.2548853249041133
2.278182449479004,0.22543504591508592
2.2460965623183653,0.217581055941241
2.760221459115394,0.25378257873624804
2.7190583465623126,0.2474679454531465
2.65125221732552,0.29258734372522205
2.6510571830739593,0.30504006162121533
2.4203147900146487,0.2844814627826263
2.4214455085399105,0.2821225396170107
2.2692995004987218,0.4310516386935359
2.3253145404108793,0.22867442211698696
2.755097478455519,0.1682315025871861
2.2623567848988118,0.4869190915271867
2.2620653287633763,0.4926771613533753
2.3319321458123783,0.4849148242846263
2.3112719826875283,0.4157266234484959
2.2877216189427627,0.4403224217571889
2.3815318644915697,0.25098449785439353
2.353972527252481,0.21054744745903847
2.408508519709956,0.2359921480744575
2.43408905267161,0.24455100386643897
2.4383784390170757,0.24431196619838283
2.660462281563475,0.1280253389945275
2.6563576662956034,0.1309974012507837
2.49913801137711,0.1842169967484429
2.7290827964872637,0.1526092608942964
2.6599738866101386,0.08814551276324739
2.702430442250175,0.14360823049223526
2.566642877683454,0.15354066551344345
2.5716215603715233,0.18358952776900694
2.522406300110427,0.2212574860586185
2.3450537875200395,0.3538767377207028
2.329490290064682,0.34819547560473124
2.3441296566989998,0.3941648120314266
2.3203865992036787,0.3744628835433505
2.4178793462936574,0.3692075809067136
2.4150667205508185,0.37393907246252145
2.5880120615778144,0.15097438111707254
2.6220239926215445,0.19796761281327907
2.466476262346704,0.21618721668737778
2.461661622702963,0.2568944765731939
2.352083116885526,0.32448449424678216
2.4419600432175224,0.2619198486431189
2.268190221797654,0.36208744756103467
2.242088485892809,0.27738892038567764
2.35863648826571,0.22476799309626944
2.6100263999192546,0.2796191786417672
2.3436942365870057,0.30342591700048116
2.4580171338984256,0.361130100171251
2.4401860690554105,0.35712141052620755
2.434291345392975,0.3211030322797989
2.5406691079876578,0.1944616327699996
2.534221087407593,0.2201604419548042
2.5212333810183543,0.20860787331243852
2.531624739826731,0.25307958088922916
2.444389734018329,0.26990874528928055
2.676034932741089,0.1618999897073679
2.4929087374500165,0.2787722609200977
2.5916270258472567,0.269571707485866
2.382550540630838,0.25344350839260443
2.399254577445669,0.24716790856074664
2.535267312457223,0.27765981359975606
2.5109693810489198,0.21239294163432318
2.5072076003537718,0.23943648648252563
2.3912631575335337,0.28971449729626186
2.406838902918948,0.2526765716785273
2.375124128922184,0.23211991607767543
2.5785233265531686,0.1901001332259263
2.487493724220176,0.18416851891301336
2.6060037403554146,0.16730518711185285
2.3132414850183514,0.22147037681093798
2.3531957029740194,0.13600649098024484
2.345733619466922,0.16150049540985062
2.377806930724088,0.26434152617276585
2.3524918122890144,0.3339744495064747
2.3568343232458866,0.2774594906981303
2.5606821396627857,0.14275237508915345
2.5684040663078473,0.16724568456739103
2.592215114473838,0.1482004585514973
2.4426124088111747,0.17043190262566116
2.529565011517537,0.3682792647333346
2.4772978731824558,0.27556384819239155
2.5040708968037455,0.30341091811386106
2.4108617028016206,0.28515360751376595
2.4601354893015173,0.24117009068145076
2.4519400752471863,0.29612066272872795
2.4774579393913174,0.2927920029833182
2.4148665557552835,0.2697953059702408
2.408985851634486,0.23240035906802534
2.39395557928969,0.2348146350080659
2.791049615088126,0.14606519774522972
2.7778149856757812,0.11635052748063161
2.3992970769494577,0.2105723861085956
2.428318493660144,0.29878902172622845
2.4784108323480294,0.3176373787680867
2.5598425290276388,0.23906774696688235
2.514661895899314,0.23801328522915208
2.5287370088483363,0.323363693231883
2.5317210838496473,0.3250599504784815
2.506528275844748,0.24780839897310333
2.537621744003299,0.22835594822227084
2.4957181271186535,0.20989535402839768
2.4868219914210092,0.15794394430093797
2.4802448781719884,0.16542693108653486
2.617281028806296,0.23557149447577028
2.38028923797694,0.23799163467409917
2.460073946267635,0.38465266743004994
2.304072227237212,0.22345771943623363
2.2834624543163367,0.3078613290169855
2.339739781793602,0.2375846329938768
2.3596868058560156,0.19090897356075975
2.47676317738659,0.311517298593684
2.4892241966057282,0.357479850120746
2.519188800113027,0.42733554269152746
2.5273491509387678,0.4312583037448191
2.4528104948867084,0.16459607245112923
2.6540188130959335,0.211377714321517
2.414622566320037,0.23582559737641354
2.472751543834986,0.24550721486964933
2.466450678129592,0.22981116812374464
2.4541600366861585,0.22067692448943105
2.4163120790497326,0.21305124172995182
2.6153271092145753,0.21466474705125851
2.7307339856025865,0.1491200109331238
2.5182495927678263,0.2577214356447975
2.522117008286021,0.23111299206382188
2.4853551193884376,0.27774648609976
2.56268649178308,0.23424203092285817
2.4695504215734942,0.19991791843614554
2.3876896027737398,0.2981430188687372
2.3417014590065635,0.2801048124046743
2.4337094666894252,0.27680590616251627
2.463820873361273,0.19307108125606606
2.4783466346180094,0.2195864746768179
2.491640045717142,0.21944315434508035
2.57468780037651,0.20154707932032123
2.4097472447951236,0.2945024453122061
2.325379470785928,0.3378029137844391
2.687360925596245,0.15927089480259696
2.4195739389376114,0.20390468984954938
2.501093053142634,0.3073338952845446
2.5052517980661357,0.3078016364732605
2.5165207243351375,0.3186342224153553
2.381599921657489,0.2556108214540945
2.500378697474776,0.23477984908622468
2.5236035062068365,0.22334594112381462
2.4482170076279726,0.20639722689016354
2.451499885319033,0.3144906030578342
2.344566525909671,0.3386382103704891
2.3826883076075513,0.3509708385435096
2.3744885723745752,0.3644512000865294
2.36443224292659,0.38092923414503815
2.4517283079091774,0.3082697432677701
2.4525544907973775,0.32367304427113375
2.541339945690177,0.11872737792083328
2.609794969370977,0.13746177074903654
2.7165721029251735,0.10342411076291018
2.6967557959634734,0.09114231234759244
2.6830279108025095,0.0727714147439036
2.8105394928092298,0.06182486232767039
2.8111108781270837,0.016801059545456656
2.787710363278347,0.04449916592279076
2.8187871181695217,0.039797532408369356
2.5094686383472022,0.20142343326942952
2.4649622602408585,0.1269604260810498
2.5389520065174964,0.22524733704598662
2.5321845649373467,0.2202774950893537
2.5506232682151837,0.2234219088796884
2.4430115608083947,0.2334222117344367
2.4071795226498103,0.3336502755799685
2.408989277294162,0.26030917991217334
2.4106498806849936,0.2572228205924481
2.5445192982154983,0.31347595218264207
2.5398737072666586,0.28751656084425026
2.5026112941382976,0.3092284106620912
2.331774001061617,0.30812329297772795
2.6466203505601715,0.15838489586433163
2.5883782154768933,0.1873090985457756
2.502029064648364,0.18526304281132397
2.5647940823113196,0.2277974323598343
2.6362907264107815,0.1792910784613721
2.543926706159047,0.06165744834990949
2.4770382854970574,0.38839639246666646
