log_sigma,mu,xi
2.802537851734805,49.67763177723141,0.3027821146041072
3.229758479591973,53.396903639515806,-0.02074808405288921
3.270512615457052,55.05163659053559,0.03781073575433888
3.316219590235958,65.73927991421131,0.03997562458572369
3.2867140343464425,63.64735846215516,0.07604008893543704
3.1144366201037386,60.36695434023512,0.06870512727277
3.060915086365854,62.54101212821656,-0.05402038218529174
3.0851919323529375,49.40484978487913,0.1520633194733578
3.0504594829902034,52.32572179189683,0.1996382064780273
3.07614479168051,49.83726306475283,0.046481645730055796
3.0278842867247997,50.424233376945644,0.037015159707713595
3.4199908337654,46.21921761673296,0.011661227708201471
3.398108326188794,46.51076875115925,-0.02559016431587475
3.083166524746186,45.88118078804252,0.22251540057948968
2.73048553893906,47.974521814783486,0.38657109494053227
3.074622344168934,54.26805274027096,0.19338124239225396
2.9964266834526287,53.227329053462,0.27298496530403327
3.2558607335516725,56.15878312225824,0.26620824582103214
2.852073549351942,52.18115469567541,0.18177471152216326
3.4809982241213726,63.34816723420076,0.10457621509745357
3.741163424956601,61.86544453811723,-0.1507821639654522
2.9590096446182512,49.44069831348825,0.18642877476511246
3.235002560498534,54.012303354751275,0.09786025759745606
3.1857726279795373,48.09071269138956,0.34470249282402293
3.4528625874710572,58.64400165381931,0.1886010060266455
2.9686783943875317,56.37684094875979,0.3756279233379475
3.1089019996944187,56.02597405365633,0.3268500960045534
3.036651886805223,50.31331323671293,0.41112504877146044
3.0728797653575386,53.96933185291777,0.07907741449652893
3.0757376785764707,53.30803523079458,0.06910046319167802
2.6662397130486735,50.72645987645296,0.2766320849554322
3.527473789999539,52.91273304875356,0.287920055580045
3.050567935716183,59.10361111500563,0.360253463274222
3.4419369825094277,61.06994436393906,0.31772924745372966
3.213923705332445,56.91508140847295,0.3625797010707534
3.0757415403612067,41.908414283591995,-0.043610786680367754
3.070391624121623,44.178692886118164,-0.1336677389479101
3.1115582767297303,45.87841423671709,0.0012568324910571468
3.072332343948778,46.37857118357945,0.004314743060468312
3.0809771934328682,50.72628796069741,0.11068649769679055
3.551862279193293,57.06430244088151,0.3277177300557391
3.2480714842684497,66.63289521607643,-0.21338014595029672
3.2502934530771865,66.44070308170443,-0.20435243602108447
3.5492261943125203,61.46279258222979,0.34122646087006514
3.411096851173144,64.00021556646193,0.543053906909049
3.241832546152722,55.551400032287724,0.39902701917593336
2.9962784128252773,52.70952885968351,0.34806940493232014
3.0449727240019433,50.0329094054303,0.26157860787372633
2.935599087339117,49.768939536015694,0.3935575612227728
3.111754111765792,46.42427497848611,0.4962662798002988
3.140113210597598,47.260860800299604,0.3965565923894629
3.1603667996264644,63.99539474980719,0.0963096581952726
3.0632248046462163,44.913313249973044,0.1949103076838709
2.937502975681818,46.75588284599117,0.18625044518880404
3.214606223502435,56.59231607453929,0.27047486883199917
2.979336755904091,53.632034195053194,0.24324562671970482
3.0630502542843456,60.386289928825086,0.10119525485120505
3.1229110236812327,44.744369055978375,0.322762818226192
3.3575640364464157,50.53853240422886,0.14207782719363593
3.1076068385861353,61.97217674523076,0.3706081056660596
3.656437353336191,58.293968990818755,0.2828553841563002
3.343394537441451,57.49179414404891,0.1800337093313589
3.3744212121697235,60.265321244844564,0.2503270881561589
3.2521188486649737,53.91837853380575,0.09782883183794885
3.2529262569109436,56.20712938867488,0.09759226108968332
3.1763077788048526,52.21201621949272,0.1593356669599232
3.237019822749068,64.41166670155182,0.2569903573016943
3.0280819250846225,47.10576350384233,0.13009380745157043
3.0616402662343725,48.16956177006407,0.11543719091269175
3.3558543370789593,63.787616047693604,0.03947221165328016
3.0269639697200184,51.26931141195708,0.17848416053139793
2.950564853974797,55.10220863233727,0.4050149811433157
3.0867444515157394,50.21531628243617,0.5510942041944541
2.8615712308756542,48.82832160469162,0.22354601213526276
2.8580424044965564,54.08607565604462,0.15885377221577712
3.2310987958557353,50.525797592797396,0.16039092811304342
3.0380166459067217,55.222825015840755,-0.06838248928656608
3.4864384163607056,40.39923896947542,0.2135917150955085
3.391102224541656,42.12306413095228,0.015658734594445438
3.089112170735622,39.272810847671764,0.25903277481371006
3.081366985436192,36.74386924856579,0.22819265244035739
2.927357280104876,58.9842076434919,0.39080937843902513
3.65753105935341,54.19149047665369,0.35898262369305534
3.320972473790328,46.10764740683194,-0.20290278759818633
3.3773767383008115,46.23434795712671,-0.1343527112758332
3.4903632425254547,50.915095372796664,0.0861285753763388
2.7556080199876494,50.96323109977758,0.26415352480135246
2.6843551792253297,52.36104063090053,0.2776912854953739
2.8767955275725714,42.68457451718009,0.2608928656385662
3.2832396181605508,64.2911838145176,0.304911434323848
3.06015729832358,50.75003234160716,0.05089024488659975
3.190823764681337,60.21229569083437,0.3096818220617504
3.248559065710716,59.04699986662489,0.4574429808310548
3.012976573585174,50.249464162039686,0.31510937881285395
3.0570041317175782,53.880626374166035,0.19482856930699413
3.0056760697470155,60.35266087513334,0.2307471044333977
2.9647734198988807,59.52961736646815,0.07349136848210451
2.8505086787227474,52.021409164634626,0.08510246013666614
3.4813827820017034,58.10963402758987,0.18171617352454497
3.603243392927165,54.59794386797429,0.2403570470192707
2.9336812423030536,52.982671824506426,0.42752991941089347
2.990315353549106,50.972396608323805,0.3770234216931875
2.961770025755277,53.338662171107295,0.3686803504512968
2.8462405649832885,55.72954916637189,0.32631603526892433
3.014023038195588,45.36702784261535,0.17117129025782735
3.3525467975468732,44.938739931838384,0.1911662880525428
3.1464623118103767,65.14746819501146,0.09430424654750194
2.9140725014980027,44.62539179094744,0.19430914501511543
2.9578823599278325,48.19736651751554,0.1630090719511901
2.9756527121130847,48.894811011994754,0.11042680154453031
3.1743955351795585,42.997799641011625,0.4055597294303648
3.2667472662685544,51.00105738335084,0.15622337310064296
2.9219155482722194,52.142666310240244,0.35326599317148444
3.516502551260666,61.12146911378153,0.5475251002715757
3.404333131433795,60.95088669686665,0.4763775502311055
3.346357429538562,58.649974921572145,0.3958138797960267
3.3776984047733714,61.37011667085393,0.4665804928528979
3.257504408750393,55.35163119474134,0.3285628967053524
2.9879777612006406,55.697119576099034,0.02549480001583136
2.9966280614848824,57.97938673787292,0.22953184548365677
3.0936486813496242,54.44239412135187,0.27624644317985914
3.1974706277232317,60.27068283602828,0.31254416374751154
3.054128768712424,49.74882316311921,0.1529567938661198
3.1847962997248924,53.02220424005483,0.2929133806698217
2.9512926851057157,53.217557406621815,0.4257162192133738
3.2892118425385872,57.96937181002334,0.19740367719952093
3.338442293536482,57.63868416523319,0.1848372186365271
2.931917866892541,55.01456784288886,0.37259705615243793
3.181202833268429,44.848328713996864,0.05897466409825344
2.7259436955575898,51.36322893533535,0.2784669855124555
3.0708776290529736,51.268887169717594,0.28304655220909086
3.1662533459452464,49.590320280507335,0.3561111260277977
3.078515006022464,60.02741201054047,0.04473669952305453
3.0885722373031883,53.497625613075435,0.13704672457470318
3.1043303276030483,59.21727153415794,0.4188545329488289
3.215867055761712,55.12517402798048,0.3952702377223616
3.230727662921726,52.60083686141545,-0.08601296553672338
3.5141820571772757,54.179149450419764,-0.048761363353668846
2.930211895134955,54.71179425017128,0.24740449645491544
2.9837940626899186,52.65663998107124,0.2749080401873855
3.0748060416466005,54.134769566059866,0.13057285995666798
2.973057400106141,43.17424877376025,0.38935808895525215
3.1117887125718005,39.59538777220407,0.4740164508137669
3.087762937946338,39.65406323276925,0.4631937968880165
2.9474739493209223,46.78778650103495,0.5504820095616085
2.8749787924104058,49.99954633797549,0.3878300422402923
3.1522568400372637,48.26821980674903,0.45739330581363774
2.6105602458214068,45.09033706083636,0.29824442838589355
3.3056784383497972,55.53078422176289,0.4516726518785191
3.3123738022732323,59.75613170449306,0.4282570922074002
3.172961139495057,60.65944731827479,0.49450251378561316
3.274236141393102,58.57915666451686,0.5788476665882858
3.2117631509805618,53.72961256734287,0.26686353653079725
2.9700054479756286,45.85186098527453,0.13220811008684816
3.171633212033191,47.53736465734639,0.17839846940767934
3.085402117271482,50.047715120950045,0.05363058986088826
2.9403159770187015,50.405596561922856,0.30646261478720194
2.9570435587451045,52.59718420382135,0.19132477626013214
2.9653272189675985,52.53136103285928,0.27923648486095615
3.441097870730146,64.09971144119417,0.24477148566722562
3.054718140854712,59.89639542037461,-0.02294944817831544
3.2371719823301737,56.73947162425979,0.37161034803276294
3.0967843688385917,54.783283285971734,0.48482704430421414
3.202314951330139,52.917864019439115,0.29527776529339117
3.1961947095588035,56.55357900908179,0.3808379678953317
3.694323123809438,70.91997111579492,0.41484561479316656
3.1344797881130004,59.908095528592575,0.09379833606032019
2.982000736531684,48.63347238182604,0.30587149814694353
3.71213635909013,63.03513691719447,-0.17497292479743093
3.3289093955141986,57.34383914059663,-0.03982340368600997
3.5693133197224416,52.55530909365142,0.21584919787413281
3.470313016762151,64.55626023583021,0.1656408004057553
2.915982451812008,47.552847437965454,0.3149028348563772
3.3324188924696725,66.45578098645389,0.112182510778846
3.1513883514181478,53.39012766318742,0.09948887707332087
3.4169147395253203,47.834348193521805,0.1338181096034297
3.409743522271156,49.662884682139136,0.1491975517397308
3.3600460323145938,54.22280828743817,0.2830169088727231
3.1499737919199333,60.240477002490636,0.2663560661447788
3.1062238433005454,60.3766460975386,0.30614198397404824
3.124051372102618,59.067347134486546,0.2879854930686711
3.2871402069766686,51.96048393352231,0.14831298455395506
3.1533824244265043,52.69600384787417,-0.06249898867810291
3.0986153936086964,42.41897922806482,0.5108349694995833
2.7505741348099346,49.1569759527391,0.4400250231181942
2.8569020583018503,48.058815612540954,0.3284706450795599
3.304538387794996,64.98758097910445,0.10370030286731964
3.0424832213815742,51.05402756514407,0.3480681367689211
3.118205337871631,60.918799998902045,0.2286665484592962
3.3009256894542145,55.3772910942189,-0.07464459544147099
3.3073304508039167,57.55475201932766,-0.020034263086948008
3.232510595068882,63.55248178696984,0.20902480663657497
3.271543916766209,67.28214658689194,0.20218623556200055
3.247788136129236,64.15612636411973,0.17737823359367358
3.358762370477949,58.07308919281907,-0.09260149947109565
3.0849057212218947,54.53144387831977,0.28209178857020867
3.076206119764426,55.45938050279499,0.14390617991370377
3.173412075948494,55.15067249756977,0.47848687873465395
3.1406878438239594,60.58053585098682,0.3148255177881004
3.148933532561139,58.205211340464565,0.22305882327750298
3.058309563961945,60.87360859694754,0.15187733074646362
2.963565913153397,61.15051804090488,0.22448834342288274
2.9530522084445967,62.110877804243366,0.18445760025921185
3.2827065857352253,41.695931207883525,0.01947173090983056
3.2781634344128157,40.9699568701814,-0.012850743449541489
3.3622431921369818,42.57563293743651,-0.045208348584273986
3.407533605126776,42.48715396753367,-0.09085069601021517
3.3422154264936683,44.357561367629856,0.00861147176839374
3.0471217035959337,46.32478154525064,0.165419750726209
2.947986487117087,50.42583112526518,0.06640282124157998
2.976024106395269,51.160795779149055,0.49822526823395863
3.2615533852070486,48.00106597372738,0.5455210937585914
3.281100254361677,48.68200964397757,0.5603277636378684
2.792900692599008,52.0811916572707,0.1024190185685378
3.115538192031487,54.13749957536846,0.4898430798648093
3.05686191342251,54.765814639552794,0.155967746596224
3.163028984863537,55.92657014430247,0.1822615327166301
3.4866008630011107,57.74749414923065,0.25915025670627473
3.557237783186048,58.5372310009062,0.32340724124604453
3.5524645380436435,58.60458174216399,0.3177750629770654
2.928014324238055,56.08570710204576,0.290734138135001
3.3472520836042245,50.963105946083466,0.1769376593132717
3.2956116076037043,50.5885348485941,0.5499154900687038
2.9654257445864536,58.9603178563058,0.06370443694911587
2.982479006383571,58.93317301041596,0.13681877306444384
3.222487974566307,55.79753087821728,0.11230755338550105
3.119002803715227,59.56351653120437,0.11418384010133424
3.235446904245621,58.39469864947817,-0.0262251656834506
3.193777479463734,61.22716139989487,-0.006626312940011948
2.8839913137482123,61.12289497608402,-0.025941333031109185
2.9157242752200347,61.43649777213582,-0.07010448453794546
3.4794514008867594,59.53504832512762,0.24175554530704427
3.129706594705098,61.343252459732945,0.24981413307020184
2.973020396035472,53.54557164178693,0.12143694011354049
2.9308385894128652,55.02571510855355,0.23744033908560608
3.1505955273229205,52.987004584100006,0.3618612150635012
3.1909726344349876,48.23470203984642,0.39006945683970634
3.364393526650488,61.747298478998545,0.3619730671744599
3.4521611303284265,60.969243948432236,0.4271137387192876
3.2972614368621485,60.05493451925886,0.48458401274132373
3.341306594466614,63.354469826341024,0.40794264029527477
3.3727424520176768,62.061238582941286,0.47203199765176335
3.8329524807290247,75.21955944700112,0.24762344854788557
3.477404408428356,62.82593035828948,0.15079304052016657
3.027511129527216,51.1513250115813,0.6014751395552415
3.0166214803213265,51.74207783808336,0.17667788642726173
3.2320208875167418,60.69307651092823,0.13415170015140884
3.3523748215040343,51.38638156380696,0.10080608679763622
3.040086052624995,49.06120993315301,0.021182603869406184
3.0285404374078313,51.07959698295427,0.2506880532971981
2.767887182733002,51.97600922477905,0.3318991879433936
2.881536445469537,51.74839422829048,0.2539619091647082
3.308652398594414,58.286507479423285,0.451290561662938
2.9472735897590074,56.21231379226929,-0.04721316451839104
3.1617438641111653,52.36808678301113,0.419733222599181
2.575778097222345,47.67165685158386,0.2832222157518522
2.9663750799376603,42.88968254165588,0.3768359572557408
3.3916005331816304,47.09981781937027,0.05962480064081495
3.332459272237132,49.1263039874231,-0.1594847436034784
2.9054180301161425,44.112587483219265,0.4670151279399494
3.033531237058802,39.76340558336836,0.4334544774899058
2.9448485086698746,54.746021409669616,0.06954732319625301
3.4277726037220773,58.589569201482895,0.35723614848874263
3.1518695923530373,53.83466597681499,0.2974598493110919
3.1610533744126883,56.76425162080105,0.33790019656852066
3.1145284679480896,47.74494282219918,0.487006325486553
3.037361312335154,47.98215509203097,0.0455037909850614
2.9361416540217053,52.802319708778086,0.2998776137086937
2.9064811253896994,51.37916348048339,0.27168439298007346
2.954145103212695,47.78269607221586,0.2153462565444489
3.1821554363535394,53.782309020741266,0.17134744606047073
3.2482148907651984,52.565493202072865,0.18437025839966925
3.447397022995497,52.21194417046907,0.09391538283430678
3.1956840016478734,49.94849915964483,0.04572433139424524
3.1367789193798727,52.10448211893729,0.11944595975977228
3.3153780609989734,57.077007413568055,0.08809725139495302
3.14989240705906,61.08495130970018,0.07941003587022198
3.54321092044174,51.3238676783588,0.032584632552215685
3.2326321292973095,43.88704098362164,0.032451084661761394
3.2343315161997346,60.34683061255381,0.29427829142259604
2.7732408983199033,49.50123566872679,0.4568406043769893
3.068909680365891,38.55997040502649,0.15810687550972688
3.0247753295992403,39.18485076475982,0.0758273704457029
2.917813705988215,41.95401296010455,0.23364791725309372
3.1738039380134926,63.20953669326998,0.14783661186481856
3.260075749451828,55.85790734041278,0.05682787720718366
3.124236133941825,49.6051914498117,0.1776741169353608
3.048488466653856,47.16285501155097,0.05028096223871617
3.659196860714544,51.66775171960228,-0.03287806269186945
3.532282000751899,49.99467343199753,0.00022380574077079688
3.330995093055707,56.93611193137065,-0.07396911660102319
3.702835606512383,51.374177793983755,0.08228084656717854
3.678158562743666,51.7375528981952,0.1400733563074965
3.417870882110211,51.8782184387583,-0.22025824982113223
3.5975195554194106,59.91492877810484,-0.18838266472243223
3.4643628001352034,52.33238093555511,0.28661844867964925
3.1813931946899543,51.78080468346865,0.2999652736351907
3.2136757737957,55.083515631893256,0.0393985791907774
3.0763389588263736,62.383370383073036,-0.014276933238288016
3.731003951887417,65.87075068125162,0.39646175783938314
3.4832249786858585,63.49185674632435,0.22260937024694313
2.9093708633722124,51.68732904232251,0.3573362639090657
3.323740901984276,57.905022496835336,0.5388826462134583
3.0665668749385984,52.46078588626495,0.46233318401011714
3.146169885322972,52.61739837294467,0.36082490112989807
3.04465567644267,52.7013942430202,0.350124201177109
2.872990955627517,45.16759555942797,0.2388647937253973
3.3166556962492435,52.331362488144094,0.08693052713821368
3.185610262494049,47.38636084775972,0.25278690164099804
3.031885393225988,47.50361642958713,0.3357136556724327
3.102593703472488,55.69274164392303,0.5653910426195731
3.3478182831519354,59.37717169085401,0.25582679238527234
3.472761253384709,53.76316570243928,0.22034453152755082
2.884458591006808,50.867650582563265,0.15992237814702687
2.821949708621298,55.347509016382595,0.21007031122828435
3.0919905073690748,52.32743793993633,0.28039294806143306
2.7122299924011832,45.92097691343391,0.4896724154459236
2.743350819137329,50.34110050144613,0.23754672579204228
3.865186139880691,61.28754177983279,0.09421064165151626
3.0853227175850724,46.87249526688785,0.09220973515157274
3.398619640604929,68.45220754684213,0.3400917673905016
3.155903429264592,48.51751037301406,0.35721464545667314
3.139599083532686,51.143610023174745,0.3534338493634342
2.9616186472993937,54.418712399385875,0.2271360165564965
2.8200385943600836,56.29852523647591,0.1421441864534053
3.4451317456199457,43.98750970758894,0.27388615929983084
3.571924865778299,48.401788686868564,0.36434133841375016
3.6142589688462974,47.88499622077506,0.37083867900185125
2.8766241318406234,48.85015163998413,0.5635859777873744
3.1143513073204585,54.694346228310835,-0.060969030069284995
3.348137110109562,69.22420387752723,0.20513379734083068
3.5298508138290505,63.18139144836773,0.11913084474768738
3.4976503060824085,63.972177771424484,0.10318540436347459
2.7551885135766447,50.89158094439848,0.2835571102701717
2.6569021667045756,48.506561421786216,0.24012019709949747
2.7280315363025682,42.00802335416651,0.5185863941455472
2.434335224519514,38.982598437253415,0.44245095728651174
3.12954078635636,55.711647480275474,0.3336951575296023
3.169223865298255,50.985771955594856,0.3519251928823609
3.1341550867054693,50.76203571726336,0.28335150288188854
3.4233696234545015,59.913680942233434,0.21947669865264832
3.340829541371522,67.19901746663116,0.3569721298917699
3.2846736472802256,53.54106144179771,0.43832297119001884
3.231252551074162,49.22822438430215,0.3275317394227928
3.3161879082425516,49.262235281054714,0.316087940048716
3.4314666727702337,47.42356695274113,0.28782373282734514
3.4170741629748074,46.966967269201426,0.2985489733681297
3.2397367200424214,45.581197134305775,0.4141684928702888
3.1792907488181177,46.72964876952055,0.3825489251008823
3.1684129243261037,64.29709294569469,-0.0889744568844845
3.0647065915865648,51.92461420608518,0.2636613281867974
3.0631480466546055,51.98067557023509,0.17508092468512412
3.1706061732019934,55.12328511885572,0.2287450802374649
3.1313661749113684,51.75148769692211,0.21593606711458518
3.147267763226409,49.128432177024244,0.19561908339045522
3.060296349518031,53.70317728293642,0.4209051837542061
3.3712150251116384,56.004968132975904,0.2550622553985866
3.5093431140129554,54.923342799607475,0.3681413163399863
3.4368097961481476,52.78810098923188,0.5006622189085468
3.2712047330299994,53.12312841527299,0.2465796224573464
3.385287251121669,56.61326247907182,0.20893971002412534
3.443361585789036,57.98468207621002,0.32680897035056766
3.141818127099022,56.428460648384245,0.043514071188705136
3.2857436903726165,51.604254172118054,-0.07782719014264669
3.305866554729751,54.93011294692838,0.007131268912837614
3.2970629033880257,51.020150152182744,0.034412862703674885
3.264996765880941,54.14938045473689,0.16002940984227396
2.830671039832726,45.97068354755975,0.2480171407170134
2.9317841645741125,50.936965921053115,0.29705930573486267
3.2193459456515794,61.53423221244613,0.34535187832068265
3.158484120521073,52.622236545007944,0.360803757428635
3.0824396926312634,58.48212324179071,0.08840854546665577
3.080655792974153,51.86617210405931,0.3311343514819162
3.0810175986314263,59.12412796938633,0.16407579149848292
3.3273060133867474,51.35178735877078,0.4721464108490822
2.7044398158425706,50.753359168944286,0.22036235941606264
2.8209452894484612,53.02818730741417,0.37357916536112046
2.835937617268641,51.208395170320415,0.35906931794579905
2.973305996914642,50.26281105112161,0.1842386389712124
3.0289820862547656,52.76051072460289,0.3883672546585591
3.179548861244281,49.16667526537146,0.34109478261905285
3.1632514904861715,53.787185424689774,0.053741824730696997
3.0431221372923325,51.27319145374717,0.13721858565797815
3.0796542799606383,49.59982855428396,0.10214697967164364
2.8469148059700013,48.25938005835284,0.27287391943308437
2.969402204480052,56.48657512109893,0.30074595432067247
2.9288078869960485,60.05431512886158,0.26485519056197826
3.1372648805682952,54.118951155991645,-0.16951778940707993
3.5291176993474584,52.69907067123756,0.356793146356674
3.438883815225705,55.61850030618981,0.34373322031544146
3.1837877492877973,60.21159762403387,-0.03377282926474129
3.2855505601698662,56.20304365866417,0.19325423239573256
2.8430336966833183,49.0002777683388,0.1822582104285173
2.9869341613939517,55.2412127681587,0.2812366572948315
2.9357138358904846,49.75041738572634,0.493735558604097
3.4113104010874093,46.69982627780268,0.1183980905349091
3.604998972953161,44.9222524419399,0.2569304787533357
3.3464375477042245,40.54958615545745,0.2163160495823672
3.3019714617372786,45.99042536809867,0.04408031454023441
3.493761703298379,49.754021186480756,0.028930959227783843
3.295408271153044,44.96489765581936,-0.03774586911785818
3.528353032734183,52.46239700881551,0.014864938073765207
2.9195644993934153,38.549764802341045,0.27782057527123216
3.29508506076776,62.82604124156891,0.03752203751750856
2.9026628576141653,50.26095527656785,0.21208565138205887
3.207769345658764,56.18969554396041,0.496054639453187
3.534448455328919,50.84491797645652,0.3883060741565185
3.2241676592517745,61.983030008150855,0.10531324205372457
3.3100060840718957,63.04663389846692,0.036949154885833446
3.1048456610669133,45.20391147825519,0.1810668012218353
3.0333015875075917,47.24834296328443,0.23878359785741346
3.0661868343882213,47.73150259922952,0.17973869589785882
2.9013392004554657,52.97353873751754,0.09070104228722083
2.9440217881509674,57.90049813644829,0.10107609994688674
3.6648858791263237,50.321749574760915,-0.04858849395179588
3.6716545798505353,44.267005214887554,0.14420166742977436
3.331985948264923,49.77046373387352,0.2064204271488145
2.9969814885471115,62.864307314504394,0.05795147973813075
3.091617211793467,55.65512221801464,0.08071616430048716
2.966139247811199,51.68073123455105,0.4115687119540379
3.2362125283244323,58.738608214582364,0.033417053880242
3.3384585532417494,47.8523288014198,0.09099011222329953
2.9583435147436195,59.793890973477914,0.3129882830992201
3.0011533570393025,59.48671114689975,0.31557307540035884
3.1118247750483667,45.58779317863331,0.3642553079084441
3.5719546684654992,41.79600733310066,0.5350342391176206
3.54791672510901,44.65443998763684,0.4051170604254143
3.3189091048718042,44.540066741848435,0.18289275349425288
3.1612511719813603,43.91351764985929,0.240309354486458
2.766596862186895,53.17336846304069,0.23371408628303927
2.6719192825556823,53.533347139953975,0.22101484618697986
2.7051946529916333,47.71105629730481,0.23449228207337214
3.06351465027898,48.32680179243584,0.4660279761087933
3.260637079902169,47.46085553957247,0.3080093563118015
3.2004693525022017,63.026840662165014,0.18311068565105115
3.1602059392745434,57.91811826654894,-0.08271427000679077
3.227943378462864,62.07599157515739,0.2459984204236989
3.0810087571227474,49.29476054860551,0.516437738746518
3.1853557389859284,54.63667865961013,0.027981843518823244
2.7977054813831277,50.69598999611756,0.35325880055760306
3.0964309165476043,46.01659268587795,0.13553480920276276
2.9755179998540675,58.47503279921142,0.19181567182199147
3.130501284659949,58.01820410095742,0.0621883020788605
3.1518300097507623,54.65707833445276,0.26680522486061903
3.224097595875416,47.52006453475895,0.5002552635879561
3.0677317337705405,54.53054169016167,0.315207839632849
3.0846966073753754,62.437064013958576,-0.00626900156692831
3.1162521079196623,61.99199611186992,0.00678304642584734
3.413565024954507,62.33021907106976,0.1463180955073427
3.370337199346338,66.94486670612186,0.24789774929324074
3.493817052215727,55.5109988275949,0.19766185037597683
3.061073996515741,58.17710827000748,0.04962638877319911
2.9644656092194026,49.09249274100224,0.4501146135728118
3.0451291595433467,51.18960939842468,0.537133539851527
3.6594909308528294,52.76518755698589,0.21724106388873418
3.1678745479610213,58.24162088345165,-0.1519461861611673
3.153481854731211,56.885960411518994,-0.1272520126666884
3.1816823081503096,57.54185023416871,0.02690947396216666
3.4139798044171563,67.58569366324471,0.08928954781079856
3.489623441375682,63.314556966217545,-0.1168846676317922
3.3796732731727523,61.68160200815095,-0.007426780172704758
3.1336254701740245,47.88276105447695,0.4188139033328972
2.7663600577018452,46.37604600621748,0.2705910656217161
2.8736137776125674,53.81012371569784,0.20265208882252786
3.4873634196126786,58.533011698871675,0.09521290852226617
3.3424404700437456,49.362537406231425,0.000466962607637818
3.192302991114975,44.46883581453256,0.09327257318618262
3.322800986305671,52.60929369332691,0.10300860168858084
2.9015321772557607,58.45177934667492,0.20096753302286488
3.0620991355723124,58.55034081408783,0.03171022817071305
3.442940412772725,62.53655038357743,0.09221445350840478
3.016060623790629,53.1905951642976,0.6349191567912748
3.0303675216828174,53.106325419498035,0.6944893600067015
3.4154818409083343,57.66980199477369,0.47856809240043763
2.6297127425506455,48.238789294690626,0.49429646637518104
2.7652790031956576,45.95651720016103,0.5023978848148443
2.7400247354159344,48.674534339667126,0.43045032152284585
3.0643642705369127,55.78384104270706,0.17920610758625885
3.1354085157739595,55.19685961650151,0.07573786562365278
2.9943635240744433,60.00580626768172,0.2110472035928038
3.0169405435809606,53.68576515308208,0.3230855283485331
3.4835500842427,63.754898204108436,0.03287502041188148
3.262368710019232,51.55064987734587,0.09887688102057918
3.1889891818715537,55.40018692833112,0.23780915354292698
2.974740589175452,59.20972511127346,0.22845445368262796
3.0684245404871495,58.369326893419874,0.29748351433430814
3.3931559008628245,54.19595241730187,0.017191550025077638
3.280518612011906,54.187312721292905,-0.037076495146023
3.533452153713593,54.01436538613809,-0.029923393546023434
2.93766218813021,58.88786238557049,0.2335881443351929
3.1300352169361068,53.10300400335724,0.37921128269465193
3.216417770384408,60.11370893687871,0.35944741406977604
3.189608056598512,52.29587548275301,0.16930414311497383
3.3898418076812344,49.21701967726034,0.4101999481351559
3.2871603007721117,54.223507865387155,0.09612661833515153
2.9234869625287043,40.68603835740359,0.25504565489413145
2.9738098819454892,42.65792870332834,0.30932095150139816
2.9957004136132577,43.598791400270315,0.31446935929653363
3.2746766993635474,50.7437708573636,0.35352542747196053
3.258270852935641,52.4117053885869,0.355664995967484
3.013400656772626,55.98757561361859,0.31255612850136494
3.0897254796783797,55.92363944189335,0.3024972106092761
3.176398386163803,55.93116758857256,0.35290236479375325
3.020923808402179,53.012215615764916,0.029215248397406312
3.1013887301578547,61.66469287919242,0.2878574543090736
3.097168130468834,54.9481815483136,0.29251844024521373
2.8555316749516675,47.66917214734202,0.2791370058936387
2.9094532131501247,49.62645254069701,0.18618403119856633
2.8543576441743106,50.90795721504523,0.18173496074182716
3.166261653879726,53.521972802763294,0.238176682900894
2.964570085017349,49.55492908445127,0.3600748725227779
3.4577723981357984,54.12278161960254,0.10280877577394101
3.2154442023568555,49.974511899823305,0.002838106415243716
3.1721425143462536,48.09127508566566,0.0007546656985078049
2.871146215044798,55.32336695360329,0.2766609058226191
3.1828318271818556,50.9205496104762,0.2143798337818265
3.25509525671749,56.12813601548134,-0.008729341512093883
2.9563961116252298,60.94688015827025,0.04732470699009381
3.175208916019493,50.626909143732995,-0.030376654547964555
3.2294442890676436,63.4884006268363,0.06868738783164949
3.2423750537168727,68.87055644625313,-0.01454546421945305
3.0329099661330425,53.826613261000915,0.1885618405779006
3.1146619425188042,57.38106248886076,0.14027274712336413
2.88903652110196,44.700221355865224,0.26833923392615344
3.1353484180399493,55.418084788327405,0.16068275347885644
3.096973421306874,56.347797527782355,0.4067628942293414
3.357077812791662,68.49726322316654,-0.28738975821573065
3.6461924827025927,45.718786669417504,0.1361862495471882
3.4173268066762827,45.678434872150405,0.13656826958020768
3.2602944163177283,59.85417002482024,0.11552874881571759
3.139530387279288,55.348182573211304,0.31290423213794427
3.0604660163777164,53.43438353921537,0.16163907480797116
2.889888363599283,49.1735677575581,0.11917936622423031
2.840489453408753,51.97214636721591,0.1689960038805276
2.8443783994616654,44.46249133568781,0.029552107285675987
2.837100109742636,54.23628851662066,0.3745922774361772
2.8181726316616955,50.9535239720568,0.43583061425718117
3.3096791730613115,58.78748943996769,-0.06831156507400728
3.3127618662138563,67.04260343445809,0.19949817331504302
3.4894111601982765,57.263157601704464,-0.06848157135238345
3.5157405711099505,74.57304004609531,0.05056413639121987
3.089843542482658,49.68313061729289,0.0036041385340665278
3.385585449079943,60.414461028102515,-0.05191988324268452
3.2459620142376373,52.795496090752145,0.08921045376050538
3.2245433368304246,49.112626482016395,0.1731376229184543
3.222450609231393,49.629888622993604,0.07728416948225264
3.070035773551374,54.5290078699879,0.20128075733619244
3.3155263232730854,55.55550524317308,0.17234872234248477
2.7441994974412016,42.33382635778,0.28322082295937395
2.663658289610028,43.61177767034987,0.289513562824537
2.6761860342050348,37.71592269209272,0.3561130880753603
2.8746778753650033,52.05682990134471,0.23084356192552752
3.268615664229106,55.471675354500164,0.20714411083686743
3.220994198243319,55.85526711444658,0.21596347636787386
3.3572108991336607,70.41240491832235,0.05722798562278875
3.430704765967087,61.833529545300266,0.07865028184765877
3.274843207271095,59.611519597573526,0.3574116533621956
3.0108774466962824,55.3974110468906,0.05441493628523952
3.0543852167294636,52.91482761746463,-0.02415090863921427
3.0711058987222386,51.44922829685984,0.06505319927578469
2.9038609642458835,44.466843133788736,0.3206180252986063
3.0217681596788353,46.232227142655006,0.09540720322147483
3.2188278466011826,53.41607717244348,0.07805275892194297
3.2900638045001642,60.227031829946085,0.48038658037027165
3.3401515016797183,57.873450132905575,0.43844027152784915
3.3681898885706696,59.347497376686526,-0.1009385621657229
3.388342527259722,60.65855355945759,-0.0792518009976811
3.1956020312493854,52.65752788797421,0.20332133669909289
2.9973141253053046,57.269157688271676,0.15944169650783635
3.0140059023541372,52.820410681328674,0.2665319056854043
2.6454729740114136,53.449603443699964,0.041923994590509134
3.1478069042392853,56.19920774099644,0.31143759089586287
2.970170282787049,50.315079348059804,0.12362267398797472
2.906324381412649,52.28915237664673,0.08084315725871473
2.994937365903618,48.44366755194169,0.26388391946905443
3.159650489427665,60.685014604083456,0.3046512413869147
3.2792238787983945,60.53906866422182,0.3810898919178843
3.0738790557634506,54.82819903346801,0.44628274200270535
2.973209451673774,55.07502925590162,0.11650598587543236
3.022605761968442,57.191434131521085,0.26321255545672434
3.0029543586483123,50.27181412994026,0.33093937666655826
3.288725177593234,62.12940344628851,0.07722745022662356
2.878566876067962,59.31937875210941,0.1978106121009399
2.9660925140174204,49.31515406011686,0.3112564811940923
3.144301975639936,55.48439959781196,0.10569919417888232
2.810831717529311,50.971835456425694,0.3974112725342174
3.0995927386523063,52.37027105992392,0.1321785441997068
3.330513148324081,56.76451287146585,0.3598040062218139
3.3380782029595637,59.79165570242115,0.17708949929327014
2.8541802739827262,50.33572123046516,0.242530038565048
2.931093303840449,51.8127525824417,0.4498147258616436
2.8602071408896936,48.509149243741916,0.33272419019004834
2.7158323763160306,49.57254961644933,0.4064792645275437
3.113699988109384,49.40434537598953,0.08896493411774516
3.087196130723842,56.44252286680425,0.050672533136369526
3.2432915251847505,60.853816295102696,0.19106968739889052
2.9566448651376165,52.5537398202569,0.345275231492393
3.1621734331467795,50.54494632275202,0.11852535380798626
3.349756094892348,54.14593825054345,0.35569937189910483
3.130064773820807,53.3703992584115,0.3671422455677073
3.3344641217263575,51.19253897121183,0.35530732899852546
3.1908104942804885,42.2767409192341,0.057617673647172324
3.417583087034761,52.638551341761634,0.07694864956209997
2.9247911200218777,45.215681267460894,0.10451096183760633
2.9155574258785655,51.643759363484854,0.23643913853894696
3.258334795453016,61.59655791263217,0.15338312788844505
3.2685140059226376,55.60171962279481,0.2618449211465798
3.1002065842180846,52.79362618298008,0.1823333477848923
3.002700214003908,56.39399419804537,0.37993042969208773
3.3192355955134745,60.01921460607642,0.15207234550405
3.4470031873663305,49.87704667755742,0.24828017205741854
3.4627330743279647,46.83482967681454,0.20538971772125514
3.4290602493556963,50.69944431544893,0.06213913292334266
3.6004312818058426,51.05592404185685,0.3725229741586585
3.5609981842195575,54.03076385842202,0.47167331347289865
2.681046186983382,51.636815308145664,0.376889081919734
2.898974653046537,49.076863392219586,0.24890294505697316
2.8844862048034305,52.776108592431505,0.3719119881715194
3.0284206187763307,54.29848438129654,0.3946179061824772
3.1122077171353273,55.38251545612747,0.32020452185901355
3.103716110853569,45.63345501668907,0.2333454569497387
3.128690754461311,59.109375429970804,0.147984227612418
3.3381923771983835,41.702220646376695,0.17039849633086737
3.340527461662093,44.51554932040965,0.2516780482432439
2.6937948847758935,49.66848259944122,0.6254308536472647
2.9059282349273183,41.4991228555955,0.3817016073211145
2.9845215095219504,40.00688909496468,0.3938136597416883
3.0020012757806582,41.24928477038333,0.4392482158068202
3.36928497656893,65.72606250404338,0.03822891110308741
3.1668618144751317,53.052534640544984,0.06538039919962227
3.0206132606667766,48.44572964091782,0.071894783401168
3.0833151270072996,47.66622408086115,0.14229866324380716
3.025659908597646,51.627425641051886,0.13282810207370369
2.848340739178922,55.25020187767928,0.3158809692766871
3.011967661521084,45.610429811353576,0.2858658206944613
2.887152695157308,53.69266227688999,0.28635829971529747
3.6622244062037996,63.2323201493895,0.45900329775841714
3.443553160262315,66.02408380594211,0.465575952763655
3.397494845989775,63.21250060054741,0.35880647233907675
3.173922341324438,53.40159664534696,-0.05434815599970568
3.0542930723723316,50.716421493549056,-0.06784993137624057
3.553184212971043,43.03780057408955,0.2180528619517805
3.471050005482938,43.58418553567915,0.3496594974664915
3.1647478343525606,48.79292344042747,0.02108226594355861
3.3565453001313363,46.46285019012524,0.0882231273144016
3.396879578751036,48.122781652776006,0.029768799600720205
3.426805926668619,48.58790506755507,0.008600092554419408
3.459905070471717,47.684585636398594,-0.020142497340083793
3.4936952915911426,44.59701764840036,-0.017700492521162604
3.1982966848135415,55.9359017143488,0.08130088532193114
3.17265113518339,55.138952290428875,0.023230065880805666
2.9898816072201475,52.01355914296432,0.2656605380343166
3.063351060727551,50.0925631054521,0.22164612691025126
3.145518714590757,59.04201052194927,0.15986306033008563
2.8620582223869118,49.43433532073392,0.30485166005692155
2.8552484379630756,45.79044317463368,0.314599066436609
2.8611654878034654,44.482174916855364,0.36095558459594185
2.8641095842949515,50.44736761210468,0.26767843166398425
2.921832178652159,50.491011380450644,0.2782821710660404
2.743738553138784,53.61172676280504,0.42152799802743673
2.6883853324001574,43.92055636213936,0.12564488077837752
2.6208769573437256,48.33178567213888,0.5002693957575693
2.634866835235461,49.485629270019984,0.43531338847870193
2.941165579171161,48.796065873139746,0.21162171110532918
3.040087573244986,48.89841656924878,0.21489107621715742
3.1744090199378183,62.13253501196944,0.07928383154882646
3.075081072220131,59.380466136563435,0.025443142314072333
3.552764743405687,65.30120441152636,0.21217870221158688
3.631235343354513,66.41711081270549,0.3011102446162726
3.343945380176025,68.94301883577081,-0.04554764564160011
3.3449169400157284,56.70166958503778,0.14083349857824867
3.0008940680888023,57.35378936183367,0.13401378543543332
3.2285215080322347,51.19225688191128,0.3130575201355513
3.278306513201145,50.30714994620609,0.3771676298821034
3.239923847326105,48.04936798573873,0.1571934359927164
3.224877521411297,49.67290825090506,0.20326245127894535
2.936995801745249,47.32117264999154,0.3340611924196537
3.4162689436840967,68.20281823664526,0.24336101916299466
3.418699657853531,67.14805449839017,0.22723556954248256
3.1065210366122016,46.042238803320096,0.14788411921746059
3.208275659552736,54.78428174810393,0.40760164035865826
3.3736609067374412,65.99834727620579,0.23113197086354745
3.1384979268483004,64.95712585647513,-0.12223062349705913
3.241269234812555,68.50608989111126,-0.1128119541397875
3.2492122058969333,44.87250418081828,0.4598986436707004
3.1978235587602213,58.671358733527526,0.3954701289727547
3.292771336098185,56.21825952849225,0.025992751345997895
3.352788803513272,60.874115282555245,0.3928784580156389
3.3371783047573143,60.48347355306878,0.39295989726046254
3.325817941098324,61.02446393167852,0.32506832707237704
3.2988584732965065,56.597113083734534,0.23538933693862027
3.10269039452691,53.05718532321663,0.016394917720813206
3.19914219400527,55.572593684954974,0.17190661986389386
3.38976104389102,59.44161312456807,0.18330049945797186
3.412222424682812,70.56584163869768,0.06282978565776827
2.997421888103165,52.89595859388103,0.16336454796263752
2.9709921484465727,50.311553128945356,0.3702321000871089
3.2093088439452147,56.22336138426808,0.13275539123520763
2.753645909290185,51.22186190557883,0.3586093773129644
3.2221089193754153,57.45896002282817,0.09635082999439912
3.0479618091967593,53.803224314106636,0.21323154718956827
2.992818259951168,55.41562876401549,0.2409938632109163
3.2935211963285353,52.481985809323376,0.42846867073049655
3.2551045082430434,49.56327765744762,0.43835986984771624
3.027105037211087,49.70613536654724,0.13044472333472898
3.2264167313146737,53.45946501372985,0.2489541406202827
3.0005786214225205,53.97314229137552,0.2052968999417899
2.9396718595555655,49.484419283680005,0.2341914164586372
2.905375818094663,52.74766798463254,0.34691665011638945
2.9605715832194957,52.364463171955364,0.1780290691032765
3.268426736181002,54.094411185096206,0.060094974358287444
3.3950880204136222,55.17809111002506,-0.1673359151447146
3.170151480970629,44.385366045956964,0.40422857166560483
3.028298171088072,38.592478352326964,0.030795129706800158
3.353847690094379,45.81058898966818,0.10820582911226788
3.0065827703186616,52.92852817687104,0.14626736114980315
3.1187078990579113,44.719676564148585,0.15143885584278022
3.1741752943402366,57.20402631104375,0.2128364832815272
2.9059873642664713,57.04067348874949,0.12568355194152067
2.9149410750323455,53.558476274256755,0.07168738887712708
3.151063612857514,51.040108260173504,0.4445623602709198
3.1106652816985023,49.69744235080554,0.3452457264865469
3.341578933032139,51.78100476702503,0.30155960769275014
3.0951684511510664,53.90487544511013,0.30239368476475753
2.574828451992717,49.93179101197372,0.17585258351746133
2.9505984782150674,49.999706968303165,0.15075612021711357
3.389641670344079,57.11100494878374,0.1863301031350249
2.900376909378111,50.315909701277434,0.20586967773507175
2.9427792961411408,54.65996249972256,0.33877337299873417
3.4810476255835177,58.93781772829736,0.10260716187621963
3.3300668061097727,69.12601159992465,0.43518243311345994
3.560060682246235,50.37547639386888,0.33573605175386184
2.931987008713568,53.85254217065925,0.11120023735317182
3.063501549865345,49.803082934277924,0.4216798225857154
2.413124900508041,41.24016012419888,0.5802552174253227
2.691509709473199,47.136532168400194,0.6192055867588978
2.6521852771721965,46.41567174262976,0.14835864573456112
3.420323252728269,43.260253582129394,0.34866610524597674
3.3960403312470318,72.07948770417636,0.012649152738177257
2.8978174540969177,44.32935754069857,0.4007020637833145
2.9073956681217363,43.52277146008429,0.44997999986672016
2.925275429984861,43.9825264600228,0.21015026029346295
3.4026511308098244,51.15038613382853,0.1703595623295306
3.508007948029839,60.76366983974014,-0.11773585022321341
3.3913895617339245,58.50106535101823,-0.10088205874471358
3.5567546298797192,62.98680734363737,-0.09991930128447458
3.235929571078495,58.41411315641689,0.04465411783319235
2.8388233903931694,47.83370650671942,0.4266508065119486
2.932067640210081,37.60709119811834,0.45852188603719246
3.0397395962542877,37.6985961004347,0.593906766471596
3.1641409255559294,66.55499084882831,0.06888766141353117
3.350586699514171,62.36671823627142,0.06304245110361573
2.9545392071846757,59.02633666333554,0.1853558193545835
3.289165882804959,50.15940944685935,0.0025062469739318568
3.2294759215222872,54.49359835798128,0.10868023756134444
3.3044972298897926,54.85869975163017,0.35332725056647285
3.034582326974034,49.180775522592306,0.11585991083175023
3.281530812161181,56.09541722684004,0.16581336311518718
3.2294449428057392,55.51220811525195,0.01739554439100895
3.0262624312653466,53.82786697999744,0.2953909731802849
3.03256699551587,51.832971341095096,0.24556237009795673
2.80002940628157,50.222627055582514,0.19259970332153178
2.899714850044045,48.23814352928397,0.16590264754131595
2.897965634932752,45.53294274914219,0.1648765196801708
3.4111848958253392,54.141438452313054,0.425176267205369
3.2992746783465075,62.987438423365674,0.42160209807079907
3.3440687804962574,62.24321365140032,0.3764143984983617
3.282433801558718,65.1180831403501,0.05998465235956597
3.1031170380747026,53.60684006070263,0.2291339422258492
3.206382300182658,52.58423693030193,0.23546252412201327
2.966851964339969,57.333358395441856,0.035588289829129434
2.9157653328532227,51.03011551078489,0.2614368964421356
2.8602176517281075,52.32219063033889,0.10143365190678326
2.8033750175615415,51.51345221115389,0.10412451665997946
3.3169717243883956,52.523415860642,0.5070980216831144
2.664063281040608,40.02776143457916,0.2010483105976304
3.398749115400544,63.48521314135063,0.17390949928139277
3.2337019126240576,64.81779360608485,-0.019120932637428773
3.0660271785297057,63.38140790109191,0.06927947502543237
3.035876127400629,64.75932828464784,0.050187441650845134
3.073105226362375,64.86920475436254,0.01848412011362752
3.470201223231814,40.16413788126538,0.08743654994399809
3.2266637501415305,38.52413653704107,-0.03453045328754955
3.4804811797917328,37.58058033128587,0.19006019666732715
3.6692659327453954,47.43566805879686,0.12676533560116676
3.06732685318171,53.32820458474904,-0.007061089124586416
3.414319487806962,60.26840022441183,0.01028821251123579
2.6853405607782657,47.92584641345753,0.48661344183463134
3.4021292801135075,62.5966582421872,-0.02351221364722086
2.9327883457666006,48.83112275294956,0.4574182832177408
3.3890215112103883,59.52510407280785,0.06460728392494333
2.6583132634751956,43.159869199508194,0.205350056578896
2.4557211889762773,48.249885387584804,0.2976277674820126
2.5773161706782077,49.426347661414134,0.2919951765311379
2.935282606113133,46.254628979254925,0.3316094091191599
3.4505133246714212,61.33944815845889,0.08506265151505539
3.44853089577905,58.16158073440622,0.08701470041944928
3.08865772785456,47.719026366742256,0.06065893960767062
3.1646068177337097,45.48402570758775,-0.01784193806425111
3.243983029365922,48.19947149374417,0.056528679557760045
3.1322303816856896,49.362771621330715,0.07799350156174942
3.1728266092570165,49.68980892176305,0.06608792387289984
3.197813835550807,52.1495963343521,0.18432449720527963
2.990781720579942,50.63175735556583,-0.05495881406278577
3.033791356961106,59.4490888244051,0.47653615514692227
3.3518076863661426,50.064899914634836,0.637052192670266
3.2659046246204286,47.148076978635494,0.4688309375058287
2.6933560001222028,52.92039646523003,0.15250392137440655
2.853298082920369,46.58040860185236,0.24063543099007864
2.7847248611046833,45.510911965001036,0.19516869943084758
2.664777622888736,47.5502545906209,0.10961934532910723
3.225875399470964,54.71810944741687,0.5369667073803194
3.131426593696716,51.28579583793399,0.3937586779448606
2.8628740953215974,49.88374833587783,0.6372015245633891
3.1867592789038905,60.09291316120456,0.1949406613521943
2.735815997002052,45.849495829064416,0.43610614927035346
2.869962385204386,46.55506748826817,0.41247826233800966
2.7766738040882566,47.75108189897718,0.4463429831709869
2.9446067311081157,49.564770402938976,0.20668290961473776
2.856134624771155,52.201828622140255,0.09944236201559373
3.3798201102686387,60.617927260045825,0.2519839987527343
3.1846756197614225,59.670542043464785,0.2897829372214833
3.425354882101967,57.98319048955013,-0.02352959908017029
3.184833498673813,62.48047367592757,0.13169328612630704
3.426325881147747,49.40805779408524,0.4307212970479589
3.0718421987316593,52.87539704340805,0.41647082769795885
3.326181117305188,53.40748062690838,0.14265774397985184
3.0110026923825517,49.39060731500252,0.06915092223256106
3.120978125956831,48.14859868843027,0.24900566570252428
2.7347348049259996,41.40834602899572,0.2875314439501967
2.820843646016414,49.94031815823914,0.5274960164711683
3.0910497849029928,58.7579728962907,0.08845074721575026
3.0834754945570557,55.953635973372016,0.13837947772083267
2.9050078114815925,54.80280960721636,0.2222745339172435
2.909693016776703,59.047977413429564,0.2154495572827296
2.9399657579538587,53.294760956179864,0.12924404585656477
3.0167684197022733,55.261970651023425,0.21373089356911074
3.4050865211953383,65.07435223682927,0.017515098001970816
3.381462329341469,62.81531513082391,0.029068878841474494
2.734604305125016,39.45645553661941,0.6601504738027143
2.7283128757386583,40.14995386955024,0.5421007116336164
2.869825802776447,43.15864996665598,0.4933494335776786
3.344286451514612,50.09205319804756,0.13091386888433457
3.3225435404627115,60.49817415014975,0.132143386816263
2.9822343828429596,54.51991437100381,0.16481754711413166
3.4293199678919746,65.78009796766109,0.08311026796375551
3.186621553101725,59.57263865768269,0.11080901292381527
3.1907197660153988,61.63781799846654,0.16089976914041854
3.23554059668023,53.431693449023356,0.18802641078827997
3.2869946997187958,45.26116701237935,0.14000114656049492
3.516119620425942,58.433033954100324,0.24402548070048083
2.7671398069852686,51.35803206743559,0.37073311849380486
2.834672401177039,51.41091372586634,0.25772733208706167
3.3663376543994015,62.688729803480285,0.21668939704142387
3.2108744210969644,54.43577348362913,0.5048091794613655
3.232252914902811,62.953567623873944,0.4706959389345622
3.083153611860789,57.095167130143835,0.29421784944054763
2.9974608677976944,53.66485258759185,0.1360068884906924
2.853882881562623,55.53023618384121,0.10863465487034543
3.056332614724341,48.934497251267,-0.018737924669242
2.9025041058043533,52.33784226347382,0.16595736355504806
3.1147876727558663,62.60635493095508,0.17916785691141024
2.884629580066083,43.48588114783955,0.2843435304482837
2.881655062015079,55.532117633970635,0.24632702044359697
2.884419841628768,56.944673296403494,0.17310786298611755
2.9356514344056324,45.73101893219363,0.5675498529342056
2.881459879586419,51.72611221508654,0.5654011753838298
2.7889097082528784,47.734377189323496,0.4543410752991364
2.830730691415883,49.97748527364478,0.39983213162738795
3.075253849048838,54.07274130498567,0.11174242126407338
2.968270004124363,51.043217924247465,0.2476169784521312
3.15313479678719,58.311687925605256,0.18981238911264844
3.353392012985552,53.59875465902413,0.09154187304447749
3.3268225377025193,61.13618925361966,0.16710620265333065
3.2446102622221584,70.00060726275333,-0.0544611484744696
3.5167040124367306,62.069377969022774,0.08867154236514185
3.278168162173428,61.55054993247543,0.32701577953425387
3.444043901254287,63.08420200672589,0.20555412946841115
3.014818755754296,52.084335684668616,0.2610323879495702
2.9885733044134013,54.78599370407131,0.1630339157851351
2.961137482010663,55.99668021972108,0.3253516806646103
2.8256842020842377,51.59776833240397,0.3680023353089756
2.8715877234888243,52.17626537142255,0.44308102535639327
3.255238875740647,54.490929476325064,-0.0008621746958493286
2.9022857729970055,50.595131720445856,0.450824258948642
2.874073743687469,51.77069183839424,0.43291043119396083
3.2527580216164895,54.05491463449199,0.46821137377460276
2.6820449619295164,47.53099268059223,0.3498327163240774
3.289038794509916,57.05976991603683,0.11858573259359717
3.3525638554351502,54.863881088933375,0.008480468103557987
2.84323900868218,55.43215264564728,0.35468913604058194
3.406503944991081,58.283818755550264,0.2524504958308074
3.243407994794783,64.04900659465063,-0.07656670095361777
3.4013070822132514,48.68943658426406,0.21760746799313713
2.9406323364225835,49.559104923875196,0.07773302880854879
3.431176960188491,54.250819857660666,0.34340944856968003
3.3592115562278977,54.20063410588547,0.0939739569399244
3.2691970233569223,52.03692171465657,0.14638904293853439
3.230156978887215,52.859599872522594,0.13102516928820648
3.2511090993523135,56.05311944299895,0.09884781759830241
2.9338356443066274,50.6564322334849,0.35746017769963173
2.600406007324086,47.489104890822055,0.2808042031043264
2.8078789929498993,44.74819636973318,0.5036537772302968
2.654676052899123,45.05203299737251,0.6922704587676229
3.4381759158549476,62.713286657248176,-0.1981212596572124
3.280731145429604,66.2620634068185,0.02079520447524464
3.1186629427717127,57.1043631587779,0.08944824774528154
3.3360553650789755,53.94833325739326,0.41582847570297193
2.7866363167989667,54.92751083456748,0.15968131167534838
2.930714714955262,49.66851719860853,0.13769123651390597
3.0078042900751774,51.4853620876204,0.29593682897550144
3.1112360683261655,43.65435058435912,0.18912803487343524
2.9141885240734475,53.86362567380194,0.17698655293497959
2.645730063561039,50.79954166940882,0.0699062371070997
2.711189302308725,51.190306598862215,0.07540530001308093
2.625152933818243,45.6297713936542,0.4317522300369216
3.0318826768053406,52.837603633306756,0.31772921118849606
3.249236766127502,47.77394411090094,0.29834804731665904
3.4469062725793638,71.25021331844593,-0.00035774123896701286
3.4055098751057837,66.64061039384994,-0.1710160684184076
3.3062133067379316,65.23084109804523,-0.0930923104174887
3.264491336616127,65.1939430967893,-0.039609981604194204
2.93507074973609,50.83266513683957,0.38424752759769837
3.094726819995538,55.58530706396322,0.26284205645753916
3.037670752068675,57.101569770487714,-0.08748823533392805
3.452518980486214,59.53704802284622,0.1533215672930789
3.630496893097279,62.64318188571181,-0.03737845013201666
3.5218103779317778,64.68246835377433,-0.039817710529044925
3.2095999949339213,52.47984666080523,0.04564802038215051
3.3028324064777745,51.34583525743601,0.21510958249698184
3.0706928507375135,59.48092425453128,0.3596560937747733
3.5156348086234184,62.6922873883335,0.14371041188243547
2.951614044550183,49.71201586319155,0.28125533872505193
3.265186853507079,60.85790935306016,0.14172161842916406
2.8924776102794127,53.094936941159645,0.20621548752693153
2.9769083444923856,53.602063339545005,0.3080211483231696
2.9286736138484106,52.755188016253776,0.3348622803359182
2.870937184039542,55.79285807801766,0.393628281771497
2.825010542164929,52.041856728765204,0.3610852335084315
2.9730367259428876,47.47265634768795,0.26890019692004496
3.094231602724647,53.21081532064916,0.3631948738516385
3.033875458041965,55.68148841106197,0.21401915988769663
3.283480231900989,57.34969805708348,0.17476866253829162
3.3032406306153654,51.988985809295556,0.19775125136761085
2.9543335925963543,51.08932678248265,0.04013000367916886
2.632894607976497,45.92567126350506,0.626623350147123
2.5218466622597964,40.86988558774147,0.6532049607181315
2.4766655118715915,47.163066232466285,0.28072734861022736
2.456670991833513,47.93731949854102,0.3208702034890981
2.45318349794982,42.85020475140035,0.22769277863511403
2.6950804549284326,47.62044527905399,0.340511622004978
2.8245773363946896,52.389094635641186,0.3199974036501499
2.937645444664045,47.88928446760611,0.1745322509720014
2.8414322914733203,50.944242175942456,0.18834390740646503
3.3073220055825696,54.1940260791583,0.46269246410755865
3.2513956191740085,57.74729491791438,0.268495535542213
2.8569526688760534,45.68865515979988,0.18446483709010109
3.3294009567505265,65.82751402953883,0.18454789080688422
2.763758800128289,45.24652163349978,0.27958460932845297
3.5457895269378104,59.8318049296071,0.1411070150385553
3.332264762320434,58.55707220488249,0.06618488993212536
2.6462586337050147,47.48730834107784,0.4084922246514577
2.982322137594521,47.49234946654527,0.539403842947571
2.6169885932231916,47.17564115530883,0.42362573114680896
2.511291440194034,43.950344168939495,0.5186910838357481
2.3289068674715803,45.07328907335648,0.2068574446316476
3.2044307281337256,54.61734550398438,0.6558551142808345
3.2081356856473158,57.58419514323101,0.7610562042774186
3.495352274433747,56.43783663249246,0.31985978821072863
3.0495183022299908,61.27958735013937,-0.05077035471621554
3.3971197413655085,39.272756394507574,0.14919160186832192
3.3026541776164864,41.081329681343966,0.09737051738434813
3.18874806826064,46.45894533235515,0.21752648942325975
3.3871624842216264,47.00343032999184,0.16543498709399757
3.2808471394433556,55.17847773992526,0.06884021901872962
3.2905938820497207,59.19256285581258,0.6390992576726513
3.1689198884529173,56.526642042655155,0.026734496864876167
3.2980758634279996,57.51873874476714,0.022150308140530883
3.386658321528817,50.18017963906502,0.31380585350033297
3.150628598821814,57.934139787376054,0.32346585077458917
2.9943887990106632,49.64171505155313,0.2983073833162813
3.2163485228092776,60.22157542921576,0.09722790839883684
3.234519574050475,64.96359278527206,0.11723395089206357
3.135900780469007,53.70074966606694,0.07841299632443101
3.0888227441787928,59.25655285132839,0.26174293132290904
3.27701545315187,56.86079329318904,0.19008182964065792
3.3690947137569145,69.3262314892208,0.03837412311314197
3.196170889579666,56.66912408487687,0.257530104332553
3.1661324575494163,63.489737410430216,0.1219888590981807
2.9802887369076534,45.854111463832936,0.538357089601275
3.165055520078879,47.128820439233124,-0.05961738006252835
3.310939243871612,50.491135077536654,0.07494443539959277
3.0643672903963752,61.82232695375408,0.18666474115854514
3.344803564867253,57.40977220692331,0.21296460045168197
3.004701422634262,54.917283959118734,0.04857849631560981
3.059779337481987,52.77229792867808,-0.039872515556704215
3.239282099136752,53.687125077226106,0.11556188076743765
3.0797972505250972,53.618622246681625,0.2309193118545876
3.0801260414977176,52.31974330057398,0.2275351541996411
3.017535098424251,53.736975129480996,0.26729767005172395
3.466064885986292,51.452259164921344,0.01797732203301718
3.4069450033141426,40.19153039428185,-0.015016311624960223
3.5335824256118786,42.95326373961066,0.03298493249835118
3.2534198215847616,42.741269437844416,0.007045699803644692
3.5755879149895016,42.447237403615155,0.0037269496937776966
2.978894481746804,60.461924922414056,0.0942307691231285
2.9427114664425593,56.447061318141145,0.02092554951791625
2.962270144003564,45.55191490878185,0.4999662630687773
2.881652440655501,46.50458470180075,0.38281899743281694
2.9927768616779558,50.588210650317265,0.3364167901289295
3.164700089447718,53.37460436038376,0.5302486990688776
3.0487076188643174,53.896367543115105,0.47853678578599856
2.9927853426273776,53.419179054864024,0.4016436433735878
3.155125398813512,63.35177584179957,0.17759120979181392
3.2068125386219677,59.788752514735656,0.20039392672285866
2.7792958079818075,44.44990702743451,0.4473691265585467
2.558481615881763,42.02492979190655,0.5722424343311932
2.2653655407043476,41.85816534733862,0.38070404754208076
2.7823256747527076,49.361590070483444,0.3067686329468367
3.1544915672292504,60.11159087960109,0.24146600036726107
2.959581715302495,51.07639270282162,0.16734598622476615
3.0239172503573886,52.14422403565171,0.22151319471980638
3.0418937828920765,45.63071962552578,0.2445906289450467
2.842372603586832,53.367925532157884,0.32269081344147493
2.7390495606827225,46.653259056160664,0.09505692860249383
2.6164287982794887,46.92274791042678,0.22287721461247853
3.2511346341864398,52.10186482173251,0.2068769407645618
3.5536144015756643,48.08296294266208,-0.022710171398339394
3.2755815242188078,60.239426394848024,-0.09641833432491854
3.0777198300442663,52.162662484544946,-0.045828816635993246
3.3845265800798843,72.01188842064323,0.13927350641585262
3.3708605956807927,54.40075183665698,0.054646833757508576
3.1356606100027293,56.173857440585664,0.21635633659260278
3.0827077465008688,53.15203807173386,0.3012187316055906
2.8718223186162293,50.52263171025415,0.4276260089619178
3.0405576512370556,48.199771338813605,0.5067705004644428
2.9368502020542233,45.27909553852934,0.4046345829337747
2.8345922321570085,54.848531798371866,0.17778258108253894
2.9568264714301407,51.20484255363543,0.19246569018680604
2.844678441710481,49.50525880783441,0.223290644648073
2.7195684801009574,47.98471300920549,0.39391929872931214
2.690956954951613,46.77274124133614,0.3173288827484165
2.706419625633537,46.50183701007539,0.3676953249708756
2.638451404696944,44.58156408263478,0.36733394785378265
3.5359826601465243,75.9721112072146,-0.06593890834175045
3.5562772391688666,68.50007071622544,0.1180314187833581
2.7491994799766015,47.514809101411146,0.46668146282096673
3.0026713429011456,49.978449781995806,0.14919790155015106
2.904644476280043,50.16084972456281,0.1639294975445785
2.8768701060078823,49.96826494747941,0.3307207176673782
2.7815679360889654,54.44544632309594,0.32401926455353847
3.088480728894448,52.26991477270501,0.32800935245817986
3.4828705742565464,56.84772753692134,-0.12920006507133808
3.711771879430811,59.66017362018469,-0.06666383081263756
3.260777886235338,50.84068311386181,0.0446341465570312
3.077641694099096,52.701673491219786,-0.04415702130466666
3.0502474615128237,54.0410317397031,0.005312266141780613
3.492741646607992,66.16113756417683,0.21091511744161484
3.5250697905767883,72.03323379054173,0.024025937701493884
2.4098203779152865,42.88647975467099,0.28354178080277886
2.393410338966872,42.990096195667775,0.23666236624321607
2.151218060422751,44.693119295319676,0.34094429687816596
2.171025671751461,44.3626623289975,0.33950062505668394
2.926404418685972,39.72602426422748,0.637934067620965
2.583220816522347,51.36006559442393,0.3118255039332266
3.1459559517002926,50.12670836122101,0.2687486758091375
3.143711197352296,54.46997767493107,0.40151614380813977
3.493826157950167,60.181860587902015,0.26467191846846294
3.323517204062697,51.817527561622214,0.3016724383711701
3.236443242220156,53.538783955492185,0.3123341467308038
3.2382055063401465,56.21839928120338,0.27096208106161146
3.373098635411259,56.431411800163154,0.4369756238220407
2.9456308926624253,48.05781038407093,0.06684803459889702
3.0468410798292593,50.68587703948133,0.22649701539261893
3.1707679192597635,49.43461981663447,0.149921639403256
3.4381688275057067,55.73297745845836,0.10914234883195274
3.742370639889206,50.17805882896294,0.14660986260440484
3.3774022275120372,56.90130327606373,-0.030443218683331698
3.3712705067719853,59.118595824616825,0.07242374478210006
3.13048817058117,64.95612421914532,0.2274987542665353
3.388463370528499,49.23213535825706,0.3482678836002933
3.1331342159690663,62.97726580964327,0.17530991853647912
3.2807648070684947,58.066761835461385,0.23311180275278784
2.857617378216079,51.08187938785719,0.3628601608037803
3.0158049185365248,54.15768033570403,-0.007768140184060675
3.523065710304223,65.14573960231414,0.17336968270051903
3.218122760596718,60.255190494255444,0.29050773546781045
3.3624390173897094,48.23567710772122,0.018123157455055668
3.0773986660588992,62.75306530800508,0.16218048210332708
3.100502826550775,63.458182428500194,0.22670656817306817
3.3129192644355125,57.79250580116791,0.055052670861110355
3.2070176578651632,58.66744435846403,0.053322476873124816
3.0378495581779723,56.247733525056226,0.0834827373929029
3.0217316462997013,54.93338648022778,0.3190751776820842
2.984244276684998,51.806105608630986,0.17610909157746235
2.991670644639115,55.96852009998777,0.08051123072439652
3.416087547275604,63.75064149398835,0.06691087315151854
3.2007827633092574,60.583678641585216,0.0008887894906892738
3.0553706458966707,51.59733789519638,0.332592060929774
3.609482943168496,72.1898684542048,0.10190528363919268
3.6054152645681286,71.64673021603518,0.09709852592556122
2.895061666084125,49.90740661237086,0.11910238008561826
2.9468582546649578,54.50331514394723,0.14942923496371543
3.047397503785762,57.573372293728575,0.1080655848324334
2.9503399714406378,54.95434084567778,0.16380996052548844
2.924466659837447,52.32972630282453,0.2055700156194143
2.6946268314477333,56.53649457053518,0.10875515769997228
3.3457759800214095,49.61811996690827,0.13313940599878699
3.0885415600356176,50.810895592589574,0.07644885615118259
3.41584692259895,65.59117801858976,0.008664593192723032
2.9143124082793213,55.72769586430623,0.0861146718082236
3.1228098210717077,55.31332840915134,0.32918761427036386
2.9706015310027616,51.887395251610144,0.44361753319602787
2.8620462866361347,49.58300769883438,0.31477566643517924
2.8933158265562344,46.353911895057635,0.2731230743537693
3.009093275067569,46.89470161924173,0.29928621978178344
2.9378770053646317,45.005086969723784,0.2835235309695099
3.835347408433238,83.78203237799858,0.19862109711200024
3.6634471759575824,66.98621362842682,0.5023370863705454
3.557787365710956,66.37071926911781,0.29842519050046434
3.5340272788744005,66.634648754755,0.2831555088877573
2.86039757879496,50.75725958331848,0.07388668500268855
2.8348766207152485,41.10472556989394,0.21492848058949618
2.6644220284656783,41.10818563443486,0.35895252564247276
2.557926747523794,50.60229618640639,0.3535873645595781
2.78127746896524,48.44217367282434,0.47244152441976717
2.9311551722437867,48.17561584456901,0.4385687197020782
2.917687984113509,52.860585673373826,0.3210512649873315
2.7718407884506084,44.56700362764667,0.30964972093706133
2.8059463567876652,51.41211958080649,0.3856271269120592
3.0210314931837856,46.98649180121674,0.32637355416130526
2.720248293346831,48.5630554121428,0.1473705434073183
2.751060396648218,47.691691223417514,0.09955642269365582
3.156572541674563,57.46895093811287,0.4493154390866133
3.178663180525214,58.001783493299826,0.3946403068391536
2.949881403527,52.23460151113827,0.2897218999440463
3.069904726057242,52.04633862251981,0.3665317749435412
3.1375253597022703,48.05946913844437,0.2619186218970379
3.024768340625942,50.038618372170134,0.3715595943530887
2.945171012547348,51.81650542784447,0.053776458043879885
2.9062977024735437,53.497010805993646,0.27186786364420285
3.8908942523336623,70.99217928896178,0.13430122519091361
3.3867878025981506,56.21005761299359,0.4377412930798849
3.0355906020384573,55.2223971973343,0.4689217985266307
3.0355906020384573,55.2223971973343,0.4689217985266307
3.6513554379340376,66.44213330179817,0.0695112274641136
3.302678469475347,55.142542457426345,0.08477555235331809
3.5758292944376553,55.24161774443041,0.22017342252324892
3.271501179128868,42.61566986377574,-0.013459701018322804
3.1849812016480326,44.32922100049855,0.01063514323704938
3.135966600589754,56.13194889056988,0.39788902868322856
2.9811220600620394,53.64120175859589,0.07484002037676013
3.0176826079666315,52.07074724012582,0.1453469265554049
2.6199945566177325,52.84617828737938,0.10575556975026768
2.840763932147685,48.76311647140482,0.1026534165636706
2.6747118624454584,42.29707280971222,0.2800146001267195
2.8788938429071527,48.09730842980637,0.2500421527757635
2.772954246683219,53.1019226142478,0.31546484988249246
3.3727153176629003,57.82984671697052,0.0333574914728832
3.4473649192144724,59.790660058939935,0.020860290669472526
3.23668403733494,57.51608106397261,0.18950313303234975
3.157810209150644,58.88005601542051,0.19060021962881424
2.926234012018994,49.86888553307256,0.22522053546588475
2.3756649800388066,47.91872416099255,0.3156622875573798
2.9123134210006807,41.69012349070993,0.3169877229812141
2.7168860201583658,43.09303567843732,0.31275433424584054
2.7162585610550645,44.74659032043767,0.23207863468113946
3.0040588403965796,55.26899322317137,0.32044169676040285
2.8804959514623873,47.58020537799974,0.3666926527992523
3.03371330665003,51.81970198613193,0.21920002823386112
3.272191037095894,57.45385831225104,0.2947425042868439
3.0444688633576362,49.377162349230844,0.4570673561456481
3.042432096570319,58.06603230652847,0.1549661373692598
3.291500169627775,58.8414024043386,0.11927840537034129
3.104915580575114,56.612415949681655,0.3118719824499891
3.1116510305001017,53.97193398232291,0.3027223214358724
2.8237654038203424,51.62994384515115,0.2459122629606046
3.2542508749529,59.243025316728136,0.30956356382127453
3.126016814100366,53.390675872364284,0.2676410994699993
2.944131051808029,62.57669369641287,0.13099897243223835
3.12969237413273,67.55361320447888,0.030882081863218874
3.176754490343201,64.51784946303586,0.1747484364682022
3.105391003386084,46.84188263000083,0.20391081422503562
2.900906149155077,48.36896070803667,0.7731458208165293
2.9502343374324194,48.12886310502628,0.7164373653310819
2.9783878064876,48.63473604310433,0.414344364504714
2.8987816451687887,41.54286312542288,0.27116244205167606
2.7996815994168247,54.826001485168284,0.3415209760970988
3.7441948105004137,54.075387709075706,-0.09416664619813403
3.4207457849795833,62.11779709121344,-0.20391540625931368
3.160236068406687,65.81333837789747,0.13707826881211138
3.31858504130739,56.82978584766051,-0.05451572760366585
3.447148246630597,60.12498598433646,0.0681474231288607
3.461758651160258,57.97422354050654,0.31677845424670753
3.1827641012648487,52.339289041883205,-0.08330358793311134
2.8171262268597674,50.05392424404821,0.18517676525810414
2.727554768546949,44.77741125661254,0.5350196342017832
3.4448963504935786,68.100439011404,-0.2320358144012081
3.394958917833184,66.54945768472682,-0.15899810012449658
3.9502597043188863,55.5630325277108,-0.2882832232228886
3.9639004195562975,56.739375451514725,-0.3020495801246346
3.46683258772484,59.618804956279284,-0.08632723695200252
3.3285631157087057,59.04237230130687,0.15268125421087722
3.3043957323571655,55.06811086648836,0.27390546334362215
2.921284001914353,58.0761424608815,0.2637811318312798
2.9080995559536937,54.99599499141737,0.2788635625936085
2.7299196499538527,39.13166166421923,0.22578744203187567
2.914137661843481,49.480083775280356,0.34778728154667593
2.915310915039334,49.843576168047946,0.3228502613029248
3.0586427120613573,50.87073060422803,0.3438695469031975
3.0080096745250957,50.873404162020194,0.26821749768720077
3.3136468265185504,53.36920660526905,0.13889256043524595
2.8992701488589905,58.37562846977006,0.31106675357656827
3.228019255270214,52.35927489870032,0.3841217583673313
3.1945294348968005,53.29872693272037,0.07183812945297308
3.2208982067438248,63.5322534663458,0.13461336960376558
3.3750993266065397,68.38095908258647,-0.04376745931765417
3.2838939033880163,60.583779333473665,0.033939863319873524
3.2428591702691967,50.46022364519713,0.1185027500719629
3.1239258886060037,52.40472775224391,0.031036470012846044
3.2686040179696048,59.715127375380085,0.19025139238941152
2.857161094109387,48.00141569077158,0.2553180727176971
3.0723149029553176,56.96893256618318,0.32967714414925253
3.177602153168992,57.83519363810213,0.3870529536017754
3.084361876555298,57.326063594106635,0.35044896390745417
3.196847960850044,61.62179067791624,0.2676477296347253
3.3297480965672683,57.94786728601777,0.4250918727563882
3.2132099900626034,59.07110773101166,0.23400192078293347
3.036210277821001,51.5295859521727,0.5185468381050363
2.690904669515411,48.67960003481558,0.226846574617481
3.0997351217690676,47.78091160647011,0.28994728082249627
3.189896662173226,48.00123286044411,0.30730034064780587
3.310026717399457,54.014952922571354,0.0719633187876172
3.2249835528931494,55.00380212575215,0.07588897054637264
3.1388786258330725,53.299652507938966,0.23644781790734892
3.088726442675576,61.44428194291241,0.10080826627070343
3.293140844951446,60.70609419859698,-0.03437120221473034
3.159944449962474,52.37842631442879,0.00044222088809625095
3.6728704819072253,46.889348892221605,0.12327443839542294
3.690632378713801,54.49992780055535,0.16699413438635025
3.2269056591804364,55.368000206332034,0.4796071861611234
3.3276705538375118,60.808825169970774,0.501382110907436
3.3948663688599745,60.18593731469035,0.536573670077264
3.200545921247871,56.46667376809058,0.4235980409899378
3.172063736169907,56.708220529501745,0.2661736311905604
2.9636825392205277,51.53699420529166,0.2613467051216872
2.8601506947658004,50.43477412417724,0.2453180236459574
3.245839325575409,44.8196299650993,0.17431429724457362
3.4809653440957007,42.01760296757733,0.14991367588569424
3.4046969101704603,38.17106242483548,0.09123560889664233
3.414702758549508,38.19071221380679,0.13038280715437997
2.991382828208618,50.80948674703102,0.1468955491810339
3.1476107790615617,51.80773817793276,0.28362344250064203
3.2902982005295645,67.77055803366714,0.23238916305586485
3.4298187953034556,57.408625080541896,0.13502725505650828
3.062851689587019,56.78203599506485,0.3253583852950729
3.6673351064440616,59.00716737726576,0.23007747432466819
3.0541550237302095,55.46847756789155,-0.042268896559093945
3.424738900096378,50.38415712363731,0.15527691316759887
3.2608485595796326,52.90590168713123,0.07727347876266359
3.2108308690966645,50.94302218043713,0.21916742553861404
3.340301139148483,57.72513147103871,0.3556852957804444
3.3101604002192158,65.81045630090193,0.03956284217539683
3.171187362148185,51.76465602365795,0.4845518926496864
3.2132417577718573,53.927386789353115,-0.023603308126178998
3.1378847860136516,46.43737219032687,0.053697724868182015
2.869944593407415,56.22700775762884,0.21803667142981004
2.861239407226913,52.0834646770667,0.23243982682534012
2.7493832918894077,52.8819125755928,0.17631396416262507
3.376745316240226,50.75896073990023,0.2849850648665342
3.326244872728641,63.68859137581943,0.010328800362704608
3.250936186403212,59.489546631018506,0.35607243237353275
2.9928295458256753,48.320151821173454,0.5475264743392868
2.7964375727400705,49.59375107708243,0.07604954238409041
2.8690283174090982,48.97699097706864,0.6364776104930018
3.371496031866619,56.416198560841785,0.06594377598021754
3.2222419079624856,60.14075656684328,0.06899865728902742
3.063577282522743,51.09886941609725,0.7651142363251766
3.2459852160160954,52.83361096783508,0.7148418537694661
3.2554568493905918,54.41663249962719,0.7222048064529397
3.0459819259562453,49.08266303251271,0.06410010904042057
3.0164835205547735,54.72638366280473,0.4409521878600748
3.0524823327096517,59.422493584053555,-0.02398231126857787
3.060691567890627,51.51843195596417,0.23993415587834552
3.046206411002898,51.965218983091155,0.2759248594955462
3.2682609055526064,55.65542488360698,-0.1607834939518487
3.866680250009104,74.24343836314323,0.14879294559460582
3.928448188412769,69.86860319950307,0.14834693001628127
3.7608577112495,68.5038162873819,0.1261744015339056
3.289569257318049,70.3039219426462,-0.0037761284904688297
3.445475737407975,67.12753011377765,-0.021665001999878444
2.9741625525428903,46.24827609348969,0.20101323467337565
3.1569914416282017,52.86912463830832,0.18439816926713304
2.9749921741935634,57.94907201619103,0.2357351475844418
2.8119418593013634,49.5262712945214,-0.0024767985664183117
2.7241203160277627,47.57967971082385,0.2101989128593892
3.079334452417897,57.49149839870403,0.20746138325011
3.0705858963100803,58.54947811290099,0.20565490272012296
3.4253160822869666,61.94126582568089,0.031270948977144726
3.024964643514208,53.24324953893766,0.17294269323930453
3.197325906024172,55.073522930554134,0.4132400250588026
3.2392174045019577,52.31382669223036,0.3326610373688405
3.0724445487904406,58.683565375866635,0.1519628667147644
2.992786851438282,58.74302982750231,0.11725164495570846
3.1081423450923085,54.26741144431221,0.06915279033147313
2.6495732753640713,50.347543125378024,0.3059831754176094
2.768305341050574,46.83072372439286,0.17878093737136458
2.9549360345895295,39.025360032262064,0.11276337643698456
3.389604933260307,70.67871108051575,0.3874389654283518
3.266485705595707,55.96708394812867,0.013863784803244985
3.299307710433832,43.21422525154534,0.5146195905794564
2.9694809533253017,52.46809965621773,0.4913363407619452
3.1128924207330773,55.31113294951802,0.10689908795446358
3.0314692606638127,56.584460887092696,0.1830389892840939
3.1287847788808594,56.66116284411528,0.17699145613093917
3.040304013519941,54.919310105382124,0.13741015780974186
3.012539574090454,52.46702021656373,0.25939525899042953
3.223288129351676,42.87313544473882,0.2612218052210403
3.0152430788220386,44.86504673992389,0.1291590384161364
2.701503959661654,49.21732497923106,0.2745259310617131
3.37214720212214,56.84239211798085,0.10028694217299892
2.885530238938474,54.932819950804685,0.3292764158662178
3.2870582239963135,52.4100060885367,-0.035188448207260484
3.144833283757242,56.68883784016422,0.12756301212017
3.0844389983836193,56.01632998236357,0.08438542024090993
3.0845499414637443,54.320737714978,0.04735469306030319
2.9060689082446536,43.561423593773995,0.3858340097741144
3.209688466177112,64.04136729783379,0.23652312921285223
3.3576751824071693,59.75681083963277,0.2770457028628714
3.4350447546104284,65.11133816677008,0.38730335395831844
3.6314194438670087,66.15160629384278,0.47587179724619383
3.3471125934420813,64.27142979439182,0.19148601049153852
3.1587267096914107,55.561490973073305,0.19032321888926831
3.0642643286856903,56.61048479280566,0.17600232287296047
3.266674229156543,51.68343079087954,0.1161228301753966
3.253882972285591,62.11179740634674,0.019889579440238003
3.298984074475251,41.45454740072187,0.307692469702949
2.7945982320989025,44.9382299880495,0.15249083690524903
3.1039515885830222,59.547399620492286,0.21404211609538454
3.2200693501496667,57.49572584190995,0.33004962206697097
2.9640509446496774,54.74121813044704,0.29709768595844965
3.561927790396656,55.25262276165172,-0.12765739015078387
3.004468398431134,57.88368212357309,0.392426491509441
3.017903664512268,48.13924560496195,0.3169301933557224
3.2547202993557276,56.86929988276929,0.6518935035458987
3.781191074562037,55.54471611208966,0.30638544890283725
3.311657100512733,50.10673327485586,-0.15750451743248037
3.2139848393860224,49.204949370709606,0.1730905282384988
2.886790705305938,47.982618486278085,0.30634489580149854
3.2390395408332817,54.86841303496056,-0.1006575763654719
3.0480355696285217,51.2225988082477,0.2762014516531393
3.0439200179320585,50.10472617650895,0.2970420327658418
3.219394459269324,57.01502063021362,0.10517192551983648
3.3935287876372637,54.02537968596724,0.14471730773087685
3.096211754188867,57.70870306391227,0.14097985241657615
3.010912426960793,45.22654674399724,0.2234439873206625
2.986953628446927,51.2173698082448,0.2575627802609372
2.835208209145206,52.43789355957974,0.033231305307635975
2.950935178707331,56.703214432620676,0.1515061423770525
3.0338730274248724,59.40239287529389,0.17065363527444008
3.3099658347139043,45.13306493708745,0.08491186154966798
3.3227020668736933,42.38357678040009,0.030837202069969583
3.13389871066931,43.61309754908108,0.0626679889003312
3.155379067849729,39.284752019374444,0.29368339684580924
3.0407319833066304,37.685174398873606,0.2802661024584907
2.9102377553980365,43.195545967745744,0.20215543103104994
2.847531813124019,38.21248352742063,0.2640713079594036
3.00060654400337,45.63230191797335,0.16894709698855237
3.1523298471171883,47.32304090446473,0.20513497977375297
3.621623365407847,51.19008156688521,0.31835311638573716
3.2139189926543583,59.25651068275677,-0.1110843668395179
3.3795016431060048,59.07513171402089,0.24149858290775209
3.2410862787861,53.15704540307393,0.30152651588078194
3.2463676406839705,51.27978422181064,0.26351022227671184
3.433981034049582,52.82628633142199,0.15143639865770947
3.002513455499913,61.08882683965537,0.08283635876115511
3.3725873797650636,58.838849430770026,-0.06629940362060639
2.9288729765354526,55.002692548659034,0.4086873770100912
2.978013410116982,49.19063738472539,0.5105237885085291
3.186425402444824,63.20398056740042,-0.09002906364862842
3.2976373836098833,47.280462698141264,0.31649909688737976
3.1479278500216776,42.54310715375682,-0.004282698966825009
3.3820095985362264,58.83951975983997,0.047953035103064465
3.243099531953774,58.91276686281261,-0.11223760813891352
3.1861016184127844,60.185100360904094,0.25362190475365354
3.4092484484637913,67.83552931443228,0.3174286571524076
3.3830605770947315,58.47491579315794,0.3374746016471236
3.1886465201975254,59.67033584859984,0.32340041083599486
3.2293353383254204,53.21447700211367,0.38127177286724373
3.302772873780442,54.829094534014764,0.5246501167074632
3.275248038007593,51.842771278834185,0.5508713172624617
3.491965109929529,53.94833703018684,0.46741550912731034
3.489957646764762,56.184289588259304,0.5579979292138194
2.8177555964915006,53.061912945379994,0.40204985665389265
2.7098860731058534,47.87249583800748,0.49984774255488057
3.4137914077832767,67.94371205231701,0.09132226389274636
3.1536815350877827,54.17250526398956,0.36407312502242034
3.277127166398988,61.82413101659302,0.017624477970894264
3.2913143856554625,58.539444404010375,0.14581740534002624
2.9579095872448247,51.40946891248544,0.3114094232257704
2.626531765212592,51.59499681454255,0.2724222477958348
2.598820411258768,53.191677936231564,0.29599394730388123
2.84495258968963,43.98502754590963,0.38334720539774736
2.904516490413924,44.81239817622723,0.1517003932174637
2.969222388501563,58.36140228664414,0.25281935941438816
3.4377403621684475,51.332137931177094,-0.04672492258454961
3.4801584998242165,45.94725680866923,0.06063856178812666
3.441883219810726,53.68325077750651,0.20721937856014894
3.349135600366649,52.992952377433,0.16889200423101672
3.1442438735364595,50.313400077188014,0.20382517400572325
2.7622624092016568,47.78016690037582,0.4203370409726826
2.6926239709022175,49.6462186925828,0.44431375328416733
2.797563593939045,43.71145387955811,0.6276382019370293
3.2557646848286264,73.02936229644234,-0.08107955146663667
3.2798310541917712,64.89289343701225,-0.0747308528398458
3.0858816424876787,48.08172753674691,0.27576645922514864
3.13482114624268,50.09697861133817,0.2911326230383633
2.8532294112200702,53.773079781747754,0.25123870891604305
2.937720008182352,46.991241048111114,0.14825316427733573
3.154424582300234,49.66358276512477,0.1580332202951993
3.164287851083395,57.55952922893963,0.24491511197116228
2.9492344163743454,56.66577529726477,0.34273823366970746
3.2387371379309458,60.075253739061715,0.09546353829313359
2.7141792359817436,44.778278460273995,0.3368647918513388
2.7701927275367155,45.47534268590845,0.1714553131671913
2.7244681488662437,50.62118932680845,0.39355521391676807
3.16628348830555,44.91501535159686,0.3620635985055106
3.1449832064222587,47.40590759730578,0.338541022118827
2.835403098069087,49.43008526669124,0.6162745699492459
2.835403098069087,49.43008526669124,0.6162745699492459
3.2787349975526427,50.08039995023308,0.5782374177491459
3.219572922970196,55.8320587238168,0.3999455013277574
3.2753535328531465,50.99749444946365,0.11221139651530411
3.391448457755951,69.2424991673379,0.030742433198474414
3.3864559309842277,58.84807058240644,0.025876326030366555
3.44206603136363,49.45148927846798,0.2135993882083739
3.0183127654620954,58.15779189419605,0.5284273461900023
2.9919253985837178,44.38098361485337,0.2556463909456767
2.797653233911798,52.61474185613538,0.11199191709236823
3.0710131252214543,55.590935961817415,0.3985671090263035
2.8370169619704937,50.99491835743336,0.07380942957858985
2.9311618725270248,49.766214477907546,0.19004364747635813
3.337828717952709,62.12714196098499,0.3248254329300976
2.8989464266267384,55.03378379884589,0.27511041060598485
2.7111591942776267,44.96257068067576,0.23231176049409935
3.4408107623345763,61.06784163523435,0.26763507132418557
3.0532823079845395,49.42045544656895,0.6071758667770655
3.2336694582842753,61.75109696871181,0.21217910970132514
3.1039074104310806,57.806451056861235,0.14797780360566587
2.803408895758533,52.9155221904555,0.1240169003933644
3.4717728664108827,64.78357693936164,0.4233808676468839
3.174511672974872,45.84358388683453,0.12321625871429209
3.214694349094918,46.63512360340914,0.04668859697709815
3.0286195966592375,47.569033721806065,0.26126961531406606
3.2537862148096566,49.616616934060026,0.21575244722010126
3.074884193253711,61.437458871261306,0.03935200316807859
3.3473228376571575,57.537268760858886,0.2860323109586672
3.052027602401307,58.85173932225015,0.3467932020305999
3.041379771793526,60.014183013213945,0.39342489711929773
3.275623736701085,55.0706769998003,0.3027885067975723
3.083721749229395,58.85559259088277,0.19521751613543836
3.3055175930902236,56.12498242269513,0.12244795584739822
3.279999494804937,48.10439217893561,0.252089794296164
2.9031929065181687,56.345842365115594,0.11521418790516151
2.916962873996036,54.271815709071696,0.22168969763794977
2.995877485763473,52.53463460142591,0.2954234277240635
2.9109948840234434,50.347664135494725,0.2766096689603195
3.3260996100676747,61.83626316317437,0.2965844257570356
3.2039960200395243,63.07758832502644,0.11439339719600633
3.0883676355366796,55.469443012618946,0.2654576531549114
3.139211263377554,56.639447592066674,0.3491606979588723
3.2087668090900743,54.85681556789501,0.5703046860477843
3.4140578340928687,55.102036573453695,0.4972773522681185
3.1808828580033963,56.266940486236,0.42904962096521776
2.9884297609194603,46.79772083739965,0.5248180557449734
3.501197868072667,51.97831732467435,0.09290265135026891
3.158345353799279,58.877909159331935,0.23483811023603862
2.8758224183438,52.32980081892629,0.36743469744540835
2.9447853753024416,53.09017058793972,0.3355581951617818
2.9884104713828057,46.794930176737516,0.34859001978088483
2.993786824866025,48.89491285079674,0.2309035342800453
2.7463428729303083,49.92358884442467,0.40207475398097453
2.9012728536972516,46.80725548846898,0.46029039885900774
3.0710525863045404,49.8915953889255,0.40596271957097285
3.0199123523129665,49.40164593443085,0.4434785186542589
2.93665225412266,55.870157670928975,0.1829832350376918
2.8482382228825927,51.226449343107305,0.2210298923320094
2.9630650883845515,56.26498196247445,0.2159643179587523
2.9065865986528023,51.454203549574004,0.12638323289324857
2.953902439595902,57.740156956105395,0.1433813514719883
3.4580706037054916,52.01168954171272,0.3018803825582408
2.853201758770417,54.686216382480396,0.17351823355400547
3.1313641882243366,56.13311470657723,0.04046645070915289
3.065488401665584,57.869153428757365,0.17001254595097337
2.908133999876963,63.590434219259336,0.12038706726362045
3.230370016697806,38.768963564333426,0.3494436419546422
3.2886712061475665,48.47930461914509,0.4158991808280042
3.4490414796159667,54.103389022541016,0.32279045155631003
3.0359021299866,55.24651975080823,0.27720816826461897
3.0898525870972606,55.1110266084957,0.0903610838663728
3.0552394177111557,56.73138848274695,0.2334508195199511
3.0959163577898465,58.1825896224621,0.3257628978437406
2.996057563204574,49.81541046443503,0.471947453308192
2.8128105163210138,53.36932716685552,0.2403145566866392
2.955549869858755,50.96040087899237,0.23044731021210568
2.929996531988763,50.55074597375338,0.22426621886762887
3.049682362259469,51.38267282068075,0.19036103168567628
3.0600478786810767,57.03753558263256,0.18513441777482234
3.301913429632571,62.00936073548801,0.22311958378744462
2.8651351359251027,48.21482379172556,0.19573348711853275
3.1997010208604775,48.579922170330725,0.11615022063032109
3.184247414955174,60.911872820615585,0.4045059980813739
3.3739674307547443,48.49768811107568,0.500177411772705
3.2262166635798595,61.76870741269219,0.4657352035658394
3.1808341551170614,57.99177236227392,0.5141285469836134
3.4523141430634285,59.60690612341733,-0.011682000274856025
3.049293495730313,50.26089937112796,0.2996557981617358
2.9546645603803983,52.30175074876114,0.3264010709535652
3.305062561163954,56.71454308457586,0.12772106898577262
3.4184960364526162,53.5249754993393,0.12329814083662717
3.3051266945996196,37.35882820220107,0.08415465316182581
3.342650787703805,39.3001650548175,0.14297347086365247
3.230820760038525,51.923960793368884,-0.0598326321454345
3.27922054143912,57.59811331818213,0.15061241982352105
2.880809577009197,58.289151462788006,0.056041265552034716
2.9327235652532306,48.07334185236641,0.4490089414934336
2.6763903396261033,51.358379550000585,0.24800511360440458
3.2078372250929705,56.17738698861746,0.18872283489671712
2.946747872225712,48.49540855773135,0.06302402937439322
3.6741440965666423,50.69215560177898,-0.14687836972291374
3.039316020036154,57.51023036895797,0.08970378490075964
3.0306955095819323,57.41500181630823,0.17092059052676042
3.559740051963736,60.9084853833341,0.40764069639436035
3.497421195632146,58.44577587607947,0.38115113486918584
3.561899885481202,61.50399332359055,0.29014137213018887
3.2752552441644056,57.638093545481446,0.39364442762187396
3.319970181244113,58.062396418759874,0.5730545681178664
2.859764284585055,47.778651821828674,0.5992917245729934
3.6774884418897558,67.96135907850177,0.24624569000635824
2.9942519420793925,53.34372435306229,0.3639829581149783
2.343506590174057,43.66016902808545,0.1759405912231413
2.3987760225054497,45.15862468208992,0.35316351218250036
2.736956979378269,47.401764499571996,0.32152262730875325
3.152481746514026,56.66373977783308,0.25446063916031275
3.1840389848859414,55.45618616789619,0.22250147690567515
3.166257852892763,54.314206409118334,0.2562497906325948
2.6748923320657734,47.77119638065858,0.27793094179460764
2.844032704032761,44.21954980852169,0.15749424859700667
3.136330588910245,49.50133847044118,0.31384358282792946
2.9661418224339404,56.694498030195696,0.2513344217104022
3.068620244378211,55.83667411273033,0.17633632539752706
3.253729160175028,52.52446686388853,0.2909963932800371
3.1841914336045547,62.745710291384604,0.3699824294547948
3.24174737536653,58.38096933236987,0.27122258608827454
2.9915564610103353,50.31184651268491,0.2005685397352089
3.0681808514878073,48.6479959790161,0.2418380873777508
2.9944712845001855,45.531273521949,0.1991690965348944
3.2807282159505173,56.89209711127195,-0.09681156275066882
3.345248192391058,54.875684165468236,0.1727012001090572
3.1710334356402954,44.068568063355364,0.045950239296788355
3.2703317113315564,49.243398248002315,0.24123962800535625
3.239987780717723,43.52228867172925,0.16088400526816776
3.118555745496267,46.3965622017929,0.15972704271460889
3.1071237759299404,47.56744326233217,0.2239248850328298
3.4735805034340594,51.73317101842389,-0.024207170845447417
3.345853065923064,60.94282543924799,0.030338384812814537
2.6561123391357366,45.268504024111735,0.31543536302912467
2.672909211787845,46.73554350694175,0.2146980981542192
3.057186600352725,52.5570808532713,0.24587449421975988
2.679211268126742,49.38374056739762,0.22695703714056775
3.40631959880979,54.79883891003795,0.13754567491730635
2.731909656013622,47.53541583540648,0.29104800775542455
3.2699261479413506,57.29425810846486,0.3340050944714067
3.4282519216044567,58.950025631540626,0.305566691718634
3.4783366586110085,57.30392309654259,0.2067752707892742
3.308602447963313,44.319666167497,-0.05268708197892488
3.279663466383699,41.09131232073059,0.03018911050797139
2.9615820743099652,64.59944889006884,0.20763139872782113
2.9647919886994347,65.50717290785522,0.19818904665315748
3.142137501323454,64.105101596898,0.1327947684663034
3.6638533219292517,50.983566716752655,0.06756463855329246
3.529374964944393,52.3866184558871,0.0031994596445491913
3.2310377646684936,57.46061945662847,0.06312618517033097
3.2018654363746584,55.887356507667455,0.18139450363612575
2.5983722591199125,49.802926028462515,0.22376098640270203
2.6198054559966675,50.023119916279775,0.2136042585597825
2.6312944051601903,51.69250490433484,0.2529202242198319
3.085934745844164,50.511360104671496,0.3288972460735649
2.7947750640332565,53.19424693426747,0.24475136926342062
2.6604124821253325,55.41063501516969,0.28042740944512584
2.8588131249318693,51.344925726146734,0.19024415303467243
3.514591957962848,50.74456806891685,0.15430389614038742
3.048895564256345,51.12559471700669,0.18712953784521708
2.767035862816393,47.728660113117165,0.3759904647756443
3.2338749132726456,60.24430232913279,0.017497178695045447
3.1994455673059936,58.069031286359774,0.3804629346558003
2.9049334938009466,49.99177241831347,0.18377209988505583
3.1136197415814517,48.62091451452451,0.2015446992010075
3.1936240808357126,49.1286598961304,0.10429407180341417
3.2929542792299737,53.99573699225342,0.18271643851064767
3.4180210059268976,72.07975651873585,-0.16723118485893831
3.268006710068037,56.86094794672638,0.30449849914708316
3.1391452435279876,50.39429975141171,0.44511226075253063
3.2363286338357464,63.198384465061515,0.26464097440420964
2.9177490208806764,51.91129060593768,0.307491969123572
2.745279036141363,47.84764304508066,0.4274355542827007
2.7173216055729594,45.13172510543973,0.43878483564226356
2.959217396702777,53.14504849096654,0.3287379926743874
3.00903036909567,53.421794256737755,0.33413175639829146
3.196782491066815,53.653703030903,0.10280222874154933
3.45791428196097,56.21915919415131,0.1697227641472219
3.418723360623629,56.76365689331887,0.21382941824351434
2.964709099634724,53.97292459998222,0.43897886792187635
3.2133141978969086,54.59827227798341,0.07959163473379716
3.230164686567513,50.90522154911735,0.4297132022324046
3.3090754044186004,50.43879093152016,0.15309100196857667
3.290851374933076,53.54171303548949,0.1799941985606372
3.268657565547032,44.59262470481857,0.20971943071378277
3.0509824579017453,43.7465398124614,0.07454953001570151
3.038557512314352,43.31152393308074,0.08615097480190997
3.0486823880520704,52.211773427916796,0.16746070895237958
3.1529441997963246,45.169710287327895,0.23988996182145167
3.267837922063439,49.90046211607044,0.31772846209870304
3.0837460560578385,40.85920229598147,0.14536493017084126
3.0287993962767508,39.74800261615762,0.1703764194546032
2.987904953383527,40.40193547614125,0.21193073033779247
2.7260354685741603,53.10889205116229,0.4263796879677189
2.953628588307047,42.54509993667251,0.1992288396256299
2.7554937505343085,44.05106101327136,0.1367294180662624
2.7479190404273313,47.328616367677164,0.18995788812729916
2.735677483968424,43.326063229351355,0.3115561014121281
2.6967458258623114,44.410979730534095,0.3927457869321633
2.8943627181136797,48.88330974128706,0.42691863098528143
2.9079173123371596,56.784450346290214,0.2985749473688878
2.901041945571902,57.856172591462865,0.31335767962600625
3.182782162341483,47.46761420226082,0.05802988820500608
3.2792184321277325,59.73488001729436,0.16983382994956242
3.008600004203712,59.837102736337734,0.09542619017982953
3.061080175680314,62.83082009002355,0.048456905549493785
3.3739206029011073,59.70281412956104,-0.06305415226121291
3.1746432976301913,53.52812255606009,0.050774612429588854
3.0131345664487843,58.17959494833636,0.06693769714661711
3.3281748378015483,52.93266535295254,0.133913813929988
3.3733747654584962,62.07712236853362,-0.2107305416575456
3.1602778229409645,51.305912338054455,0.1853715097809588
3.17000602063934,51.5173550733111,0.3278153407336539
3.2895236520009,68.97947675482978,-0.18908917073335976
3.467041950430939,55.598046870562044,0.35688197085845963
2.613929648447662,48.01013065581595,0.5015169199055964
2.4662423072570383,43.33251947842641,0.1313858259110275
3.7064977619445054,64.51363113684368,0.38522297044476267
3.188060984819918,62.7449156226918,0.3833874724201623
3.498286934301278,64.94659179719893,-0.013631225913296506
3.0689405522053756,56.056955529890004,0.09967975793281598
3.31514045667231,60.096955223600354,0.3278268256490607
3.023100060995601,51.94131318832144,0.38818331651828325
2.9788529890125823,58.23983154538497,0.3657515017265547
3.218520967947579,56.438882863741355,0.29889359156275086
2.9863811031971337,54.79241626975867,0.3995289873353784
3.0689498327509726,52.386842674100436,0.35055735496586055
3.0600012253940383,55.69995558047807,0.39776828232352246
2.974340117276703,48.844759892012306,0.2508553128920541
2.8727510044847704,48.187614879436694,0.2729501775170272
2.8462827273463898,50.26186000902856,0.28656584996400997
3.2811236362025675,61.86812825798539,0.12461294080574584
3.183089353811519,52.89705057850538,0.22105940531683677
3.3459411785731805,54.15951225337755,0.006116266698003516
3.3203373172888555,47.07896953663818,0.07504397998544808
3.0656323622039094,60.80311435153037,0.21611352737899117
2.940378926541788,50.972623210125676,0.07738488723201528
3.0212591746591007,50.2748069010089,0.050799069492931566
3.2950752345113647,45.18226368116958,0.213357641138727
2.8413700849678225,51.21513853460079,0.29994482340230916
3.025379018744648,50.53442737407006,0.08067117147289128
3.0757462108015377,56.468375358137955,0.33224577117054366
3.2078312635267934,53.32974527088381,0.42302500434609863
3.2338551877737336,53.848792063205785,0.4856972510608368
3.202810632940803,57.64925517919688,0.5308327059719957
3.5268851781855326,57.71252173043544,0.21242061178681135
3.0246096399397677,53.57939715960988,-0.025717847189469678
3.596164598233964,62.13793088562624,0.3203217967920572
3.6282103060837176,66.33002059255749,0.3784549708631658
3.1700335482351605,45.869498991154444,0.05386274435756043
3.195614321282514,60.6379495606034,0.2985251325307783
3.135129890412167,46.06855152447234,0.07965882138728016
3.073407675533989,53.81785457879762,0.14716566407011408
3.2589293962867854,49.29634642729458,0.12594495510897138
3.0907218021173453,50.58479186824978,0.2140798626836783
2.982056427102231,52.279608836069016,0.2607041473822795
3.2386005950556442,62.24068434136192,0.11942152349793791
3.1320712722257684,46.050454707640725,0.20996548423907152
3.194596774153885,43.86473183684039,0.2580412189076541
3.349289410537269,50.38109174615163,0.19232907503069147
3.316421953146818,53.01742425306614,0.2225356831046665
3.277715056846081,50.27311430747463,0.10387776924419745
3.2417783007736682,54.247427534243265,0.25357291554352535
3.13318920789964,57.97849766260967,0.36738983542356124
3.137386701131927,52.822085076886395,0.12437180112745791
3.1801631028964867,46.66506750948746,0.13926276311643757
3.0388585789380933,54.41675397836245,0.10414474221958196
3.0051518095664127,51.753259442762335,0.5234887350566468
3.3658369435763613,64.62082454587262,0.0387720477340358
3.259673671032161,63.44790523903003,0.08596623335685531
3.216625893471553,54.47488807223057,0.2594988462475748
3.2529051057224185,56.84585259173335,0.28275284537667095
3.0571840004864956,50.90483375073253,0.3284510490791379
2.939924880067217,53.48703971372791,0.06397748549922236
3.01079479762361,54.55396866548617,0.3978073028547435
2.7604807977547,52.19332473964224,0.2617066469445343
3.0276204057711387,43.62017986971264,0.3101578377831838
2.548531139217778,50.48650459199418,0.24622450830422182
2.583091535677684,51.24211374209551,0.20003235391889307
2.546839615277718,50.70555108229325,0.16323955917105132
2.630129826199324,50.56172031407415,0.1730615762018937
2.7541812558067207,46.263754710384966,0.20849686711525897
2.713633969988732,42.65151932351409,0.18641831106759202
2.7537101260151946,43.7982318027929,0.2653786546364584
2.6246816116337697,44.551913282570865,0.32254273692065344
2.6453091404360274,44.65114851607365,0.3467630159830148
3.1061877973942598,51.21299168669811,0.15930518160445709
2.85155927045709,51.72521819430924,0.04034626144489243
3.0730428312014277,48.13063984793886,0.5618473381666206
2.9169168518081907,51.75947514108347,0.4602413195080789
2.8867495406232324,48.365244406884486,0.0993978711516234
3.159235641786684,59.69440018798441,0.19508413214371037
3.541653374368082,64.00908795147147,0.14701194960538955
3.380369600526455,57.96107606347489,0.23861095761459436
3.172733169896725,61.0371507828641,-0.045312066810928225
3.458813654867621,61.93994440617249,0.23080296257303864
2.5829835584539347,47.77837237462672,0.28767375183795907
3.1774829353183196,52.86433677892555,0.3671792955105999
3.091406821767601,55.480258071055246,0.26138056597067255
2.9560615144046305,50.85809611917811,0.32353778588843
2.7791797177442876,49.17189841292662,0.3219023513038207
2.7966520224183133,52.26224641025198,0.2983946940077802
3.368211223555106,58.13444108942122,0.09417713817030149
2.9665259172266,53.152750788671334,0.1817255117084515
3.1048595511260215,48.20501950230555,0.502288412274615
3.258063463714597,51.31280748382028,-0.06539288002160548
3.635176567963863,56.09341714939354,-0.1505249546122995
3.499010399200767,67.92537623923799,0.12062017717294735
2.8459878741821507,51.289761668501114,0.28644014250641775
2.9625783570024056,51.6255741134647,0.23337840520351505
2.933004107052734,52.50993763780113,0.5027882905039646
3.1578728518469785,51.957363659883704,0.35395625247457174
3.1324773158947923,57.73190303816208,0.4155095804048535
3.017116436102384,52.5517675627386,0.47639047516480587
3.198033531753754,50.66612502926557,0.3557632882275448
3.3797803422881247,50.50475893563098,0.39116258653245345
3.315599037211843,49.60957547471655,0.44700824419250157
3.2179844139530913,56.50053014994858,0.28059603144986883
3.401739716796045,67.8353585154501,0.014502458639942416
3.5464300034826537,68.79945043903044,0.14600538502998667
3.359832570906599,67.029759932202,0.10807752084558647
3.0707936425347904,46.042656613366546,0.43503483190059034
3.3732304113459586,62.32618403034178,0.06770412686631862
2.8186697390492346,55.1446625206044,0.10588005191616563
3.2609077438657885,45.356864283456076,0.24936398681739483
2.9175891889834964,59.271371530661874,0.25479924409617755
3.6378494878745733,63.65572668667462,0.11550794510790417
3.723878581275122,60.14957637246728,0.1165167602287917
2.93692921471729,46.09002053166357,0.155575176102555
2.798065332001092,53.75730868956818,0.3495403607067599
2.872068837996565,44.26319940575029,0.07572845872300771
2.664358278678898,49.858988670031295,0.3996108114171044
3.3703986747906334,54.47272927155159,0.23131657351943602
3.19570382209949,58.39440452796119,0.3898636348457555
3.356377214627619,58.106574189652775,-0.0333163762473562
2.7632374276705196,43.79138245426449,0.4009435835557503
2.681132211984538,51.06436764754618,0.22056271268086994
2.9258503957142974,45.87556990810069,0.34471744742156496
3.3167832031976063,54.84216554749061,-0.019670938315813305
3.0637302735581367,56.45253787321077,0.3693774154239772
2.973652960731833,51.63012384484041,0.11643164114852948
3.4738535098314802,48.702500983275264,0.20755501109069502
3.3342152745227156,51.13747255539613,0.2358448167270668
2.6224297871590054,47.96876939925605,0.33385626538705765
2.95558157328541,51.26066145640543,0.3098511219948629
3.148677063478562,52.553190932158415,0.2152021619742647
2.6233378609704974,46.814096103943584,0.23300520051494306
3.0655391212693663,51.22206607387744,0.2606748080013319
3.1602008482577775,52.68808916856207,-0.1361175539965391
3.5579732216385382,72.30348339759387,0.39235311219859653
3.62843359512354,68.52914517394575,0.3463743239682421
3.5951380617607005,68.73802628411917,0.28216849571924296
3.5227059352870644,71.48521955023766,0.42525820287994487
3.148716683750665,48.14004321938758,0.21712294649681957
2.673542448759104,38.601187745175366,0.31112641169839567
2.967832995645543,41.06279176998865,0.3262974332332121
3.0074176309481793,44.47808177151974,0.49384691931207914
3.4340906853644575,62.495142234324646,0.0707621665130944
3.40108059085689,48.34805691471713,0.40803588665362484
3.3729358329306653,49.488437844454,0.3555875309797881
3.21774617828036,49.01619025176849,0.41207749131050153
3.324602199603256,61.30541539697118,0.03438457686388648
3.334741454084141,59.900564684855425,-0.028523171885362762
2.930068432728359,52.94230636233826,0.2959949955024588
3.070627311801372,60.34430840275246,0.2524840042905516
3.0004613266948783,46.91470028620395,0.07416223631751043
3.085012849924369,50.72920279594029,0.2658809805254028
3.005535863793459,57.842391222334655,0.32198659236525035
3.4513115543134645,57.8677676362318,0.20357692881378875
3.4169574228905053,55.02664359978728,0.14861563426172278
2.849803526594371,49.1637042962411,0.052768905717826296
3.305520390120429,63.10533654960084,0.13346692233364524
3.2555513906012306,48.38935979977385,0.04301823823769132
3.110186872698685,47.88644470551952,-0.04976019949333937
3.103068082980598,48.49827297745613,-0.013934484245160838
3.5002716181932034,58.460418290951715,0.15247473667889885
2.8922404260646517,57.253713522155124,0.13040406398831345
3.0880530422887107,49.045782449888335,0.08493088030200782
3.177300264333675,52.92316810384566,0.11527796219861466
2.752500348439283,48.45227218386073,0.34073957304578756
2.6852715206709443,52.37766875957364,0.388709768505337
3.4141331684053613,40.9761414639958,0.18644418540266383
3.195543768066191,47.61354231311821,0.2561377946902781
3.038375127489917,47.51613285419151,0.23272628625606376
3.086207315498039,46.99809701504799,0.2969004473601043
2.9694528574623593,50.49995725035136,0.3270642017082736
2.95440364390861,53.574376791208344,0.3871584679479983
3.377330997043254,52.95638128312296,0.4886708268164392
3.0876564764347525,60.16843529039866,0.29078444712815615
3.2915145448310033,52.44796419307351,0.0033405348960358293
3.308844051346746,61.727790809281196,-0.08236032245837659
3.2322049846957155,57.2493111369621,0.04787294363756504
3.2233138005329796,55.390483970013605,0.11536301862423183
3.3695896285161826,52.98149167397957,0.022119868697820726
3.3400653386038672,55.8650226911647,0.07257404852863161
3.3147201748365758,57.772761588571555,0.195681686082534
3.337806942990212,57.40569990284907,0.18990476862895153
3.158585717549808,50.35170222207255,0.26722388872299785
2.9314320215388388,55.12280102824136,0.2069366160323386
3.325001517757335,61.089416873992185,-0.0699590865851448
3.1784576495276173,64.3875965405403,-0.047632361995599046
3.303961802276362,62.063991976384344,-0.008634244328902614
3.398296105940661,65.45476273627288,0.03633199858284974
3.5726504300794093,77.82161822342091,0.20566960563824857
3.073452156821727,45.777698980567834,0.025657778261634127
3.0012310119798875,57.0027581009527,0.20578414929418812
2.9523763811632624,57.53279918831732,0.21948917945499677
3.0581884601169502,49.94614508292853,0.32867074154622333
3.135444851097949,56.61520627657498,0.22177819439104773
3.311841199355957,54.399113984354464,0.06663764707642689
3.2935759643227134,53.80727307215725,-0.014071030411459665
3.1441253107625355,48.85550757126613,0.3300290891165828
3.0881713512057973,51.30700559337542,0.366954206836499
3.242379975373446,54.14353160001447,0.19361571388586712
3.2214632047696914,56.65212990515407,0.3277233542455207
3.033204457770283,51.58454642620952,0.1005963777229197
3.184648416366761,52.54614917322714,0.3975575840746928
3.1805714022867733,64.57258639905119,0.3752269261285983
3.127343225596877,48.500886244816094,0.18035741042271328
3.1502074678745737,55.48444804048044,-0.09294707124083824
3.2642449293394757,68.58146337880349,0.1332822146693807
3.333222421933262,56.83339184419633,-0.043443449413644926
3.381537545377362,57.0086284415192,-0.048866479572725594
3.5800680932211515,59.319771047895124,0.05301004986688462
3.677787348579985,63.78682205984848,0.3127298000248438
3.7455586180908402,61.58939926359525,0.35685997278575027
3.3997545559472355,76.05223128173994,0.14380943800058524
3.4076832393734993,75.16915173434295,0.14006476937074763
3.4461242156900513,74.95962750497958,0.17011138996398756
3.256254561570583,50.70362065564148,0.3285789553459671
2.8349589882501616,55.31413902518699,0.35946095785709914
2.9241856299529245,37.70549157353434,0.2552780117646368
2.922091290555912,55.01204595672381,0.24802803593527867
2.972677786722386,47.24954901475227,0.07305623889261065
3.328020393919449,53.94138270755618,0.2301920490981283
3.2872491113429607,49.10728669052974,0.27113656715510315
3.171755064361565,47.554380221166255,0.22973909234373574
3.1159154866793157,47.98841097045699,0.23211074831006528
2.6036760477851657,47.67118797566556,0.11114845567408312
2.703955186758584,48.16223508642659,0.19015270304911658
3.4087035067747293,49.72225144112972,0.209455654345941
3.287791018656044,51.21824224105342,-0.17828318690426898
3.160351809814241,54.84964616018705,0.4252032483560548
3.25075982595492,55.678149389003984,0.3110377191842514
3.4973060087417083,55.83749533747895,0.22607196254625883
3.1262087640028,54.939740787959266,0.21862996307196547
3.04654745304241,55.06012861735182,-0.08254587110344085
3.1252856729013856,51.322536946669935,-0.10178682315871644
3.5211568497440595,51.28632304532923,0.17572359439617596
2.8314572240415594,56.66181092768669,0.27633493520882935
3.4047205198625283,52.215059164939845,0.04269391823025928
3.4838216278888576,53.414835320925846,-0.0753129444850791
3.3009123260616713,33.70805408435662,0.2869519137815998
3.0244638316311883,32.98953535319569,0.32822217652069763
2.9194206806514633,36.89314044251755,0.3394448315263483
2.9882055162258743,45.13956907246803,0.17773351706618107
3.1466614830068558,47.29754261114233,0.15854738727745427
3.0672421078451695,56.54952663050142,0.37523500804011867
3.0913234445486677,55.9895210563918,0.4702221901878172
3.113748097546596,52.5213062931617,0.411175136660769
3.061555204892071,57.33210604463043,0.25438087884489163
2.973397571672903,57.32270154024555,0.20653675040750308
3.181471709122206,55.25032138459433,0.2827207584903465
3.0988377657221444,53.753508028614434,0.22255613493458115
2.787213037714088,50.18200084786056,0.2358007779438876
3.1268765454327987,58.25757550925012,0.04511536436746867
2.72840357315427,45.8145889398302,0.3754760614673714
2.672464513658945,49.93660306812481,0.15036824633796983
2.4658432176800393,46.981396362106736,0.25165155174493403
3.85102408530353,56.82828651355999,0.09014212928431936
3.6553398020122643,52.46764652848896,-0.018061550767739677
3.4300055791279465,50.65224959274697,-0.1529684186258661
3.43563160404924,51.145608281960065,-0.16270175592297473
3.4486305799240045,52.7524241248069,-0.12568930133975287
3.31212634781675,57.2052676693906,-0.09016817447452355
3.312950749079002,57.79246233826353,-0.08100957074531487
3.3370156275067027,61.85489658377587,-0.06181595016938595
3.7096514811599257,68.63607689505488,-0.08341666863821189
3.4549092082427437,61.29482561629377,0.031086077002813843
2.7429661236720237,43.9442139790394,0.2298194066728368
3.3257838599750453,64.5229735689736,0.39694103693404137
3.424711053795268,57.18047439479768,0.1729847363843544
3.428938938462383,62.89280368994089,0.1556654228949521
2.981755570754986,52.894868068874466,0.18448338043645024
2.91860636660826,51.37505777946799,0.27918963405720604
3.4034842671897034,50.16898540839028,0.11498594671755304
3.280864259646857,69.19746326197865,0.01658767528704765
3.284942638172383,45.45649331637211,0.16122362186093897
3.2832226327551863,48.15043656636124,0.2879096451198534
3.1533761407010372,65.76591931732031,-0.007157946851843643
2.9790506192739183,61.21302171944907,0.14971948470705196
3.0618971045866012,48.83776881495898,0.2285386947544431
3.032251969314898,56.74873665159575,0.11008490940295927
3.1025453176197475,52.64645494076068,0.4459430228072371
3.1638852173146788,56.576530087292646,0.5234351483250314
3.0541209659139112,55.14472230260246,-0.04575501032914801
2.8640151619189353,50.78459199037294,0.050916308269666526
3.0157085383383038,56.709537778215584,0.08432680737577788
2.9842394206255967,56.758018437523354,0.07547694787213254
2.9732339012182147,55.672536037887575,0.23159373810853143
2.8620518883318207,57.64259163466296,0.253762405005164
3.160544262596481,44.22786674402093,0.29719412786342647
3.050732636328288,46.36290855132985,0.281863090424723
3.58568274967452,61.78828244026172,0.2938371217168781
3.2797379689204234,50.661592944479416,0.4006911784714239
3.235861414382983,51.30939628362664,0.22284876885388338
3.1228975603377265,58.25316297964447,0.17268973020223366
3.1670775120920487,46.80578600636577,0.3464017729254955
3.0744533618236,47.5464281680203,0.26845132580201797
3.1249419173152737,57.53802031614793,0.25583376769681704
3.3065962734855394,59.321124622263895,0.21888654178932584
3.3543174760672176,52.147453559070414,0.02840440524694002
3.2155528741274066,49.48543691146833,0.09372163042963995
3.3579722113736126,57.10959157492243,0.11107070337470991
3.4911806762784434,51.787419557388695,0.30669909399868717
3.164609395810459,59.774186821550735,-0.054170412256444
2.791459605859877,47.70713718875643,0.28565728037868626
2.908663504500405,51.11586597350808,0.4475043243111753
2.7502875777446687,48.70836309716199,0.2791217614306018
2.7894160045773893,48.82483963730587,0.10237760940913142
3.0723829997098835,50.098091545791775,0.5434136933603855
2.9379815889937,51.25800253983955,0.3815276164385281
3.4206167877836076,58.00078438480043,0.1299480328846725
3.2022371092178776,59.34140668917175,0.07791115612524507
3.0132750603581835,52.35236473728883,0.23314749543450314
3.1723874729883303,53.23807170272637,0.2637326555586207
2.9087066140050015,47.403644130854104,0.3608456730864428
2.855290386386354,52.474269634441534,0.384190278485052
3.068394327526763,51.43493328667752,-0.005006902101549947
3.3916704470691164,60.12241564858744,0.2319038854691836
3.265701331696473,71.64505377147796,0.03484906386814909
3.0680076905796434,41.43106039066309,0.24119590601408758
3.0382915547394442,40.929456514059716,0.15503317884484086
2.947747886978548,42.21830698647718,0.21015204556947092
3.606160243623482,38.49926880515722,-0.010225635387198171
3.4001814653901588,41.135733429413186,0.05367244023909713
3.286037951458878,56.4526185968129,0.006332864293956539
3.2727377916043974,63.773263680783955,0.1489812595679266
3.1596414985724968,69.37000558457318,0.19214191087699672
3.632764602429056,56.27549371971254,0.05091155707975452
2.796286864508744,44.65504405050045,0.49268948587034933
2.83679897091685,53.84646108852311,0.49040962131776417
2.91311126313509,52.90455927931851,0.41542760159999087
2.777391027909833,36.971591210370434,0.06200492894660769
3.5011375849065884,58.63173503808526,0.4113903320582517
3.321063950538773,57.830088133766644,0.34010208192342906
3.0323493936770967,57.02091421774476,0.042575527537775285
3.3959960600512793,60.59371534702812,0.18353635387191103
3.3169628627077303,62.3588447885158,0.19360555202804303
3.304788008000955,61.84881427117524,0.20228829647247398
3.303814743336271,54.40889128098978,0.09337382262918285
3.339545032092478,64.20406778213484,0.1500317670616698
3.2013649785280194,61.06435551102673,0.11261602069123594
3.2881626244845408,61.32774755475086,0.22208135086031908
3.095855112773657,56.831547297762455,0.21399845839132128
3.0773285287398173,51.34168157052883,0.12065942623136508
3.2597468890931696,49.55636728930291,-0.002950103240276234
3.254745186911258,46.67015944683564,-0.13843940501019564
3.24418819387951,43.30906687341091,0.048591357365406464
3.2732858421059885,45.22806006708988,0.09499241884860946
3.3845450143165885,60.427827113870784,-0.05114487331055944
3.3785246202973878,61.39349593981949,0.03590250817112951
3.4030442118521496,63.80360296932533,-0.08276685030050517
3.3040771327131937,70.72200703875025,0.06325089947435947
3.327149437064549,47.24565386362914,0.4138096619053824
3.147722093075153,44.56453629246073,0.2010613068428539
2.8637703861610317,51.31165235309393,0.12505537147993837
2.9301248636010215,53.23351755847278,0.19426486200887585
2.7133354388161326,55.25708648729682,0.09599399478880745
3.210425831567968,57.95338253582305,0.3561964049801314
2.8886223892898024,47.43184452995461,0.4126929356413271
2.9576991680664944,41.360892143175526,0.5657984378067656
2.9168673725009864,40.67525615794839,0.6252156880594517
2.923560963025759,40.97416419319198,0.6181601100422222
2.8448226443028166,42.67577896998045,0.5137190369702738
2.7989241329999515,51.03758924364897,0.4851085799054036
3.134373933997046,41.65878796447701,0.49774595089268064
3.0985724682797895,45.456615377758276,0.1574330769051091
3.35684866132192,52.8276589905548,0.27013270160577174
2.9408596309635593,45.74447832138441,0.1970679754254498
3.107287088181231,57.95807448973406,0.48393499921527733
3.1128504360113873,54.48255142034655,0.47100200056308295
2.466261709126465,44.55722737024228,0.33987309746837224
2.751940711370493,46.31509406724146,0.32374467912045146
3.3180994252064955,62.10910645649141,0.21988784271054354
3.3386692985071402,55.066107348136036,0.2509932301033292
3.237086344750072,62.90128095223341,0.34321359757695197
2.8751522239538363,44.46567673417191,0.13977717439449694
3.1700300226425155,48.44441303420162,0.4624040624537357
3.559905320761943,62.48421778316977,0.2380700278547071
2.7744049205898396,50.867415646078896,0.49174287108985193
2.7744049205898396,50.867415646078896,0.49174287108985193
2.7395216183030233,43.22050806152751,0.5377556634212977
2.687668171156185,43.50953676733592,0.5487938069961881
3.415309237457784,61.579252694464294,0.5962222646522515
3.3477898047719212,59.92451693134767,0.5777002604890713
3.378216706203921,60.61478488389312,0.6012712972431599
3.1901098688713256,50.238020753031954,0.43470591863879154
3.172043665313346,49.05747181414172,0.22521668277345724
3.0272129717362763,52.06911660536249,0.31985155831544404
3.468346664199186,60.75940747940953,-0.09680191415757551
3.2362017022333274,54.75487055245241,0.04115576637401372
3.2984081568082053,54.788560942299334,0.18215162396218348
3.129331414536495,47.336616616557585,0.060531546036981985
2.843662709169579,47.2434334171514,0.3258235877869709
2.739684450460926,49.03889002551336,0.34115926666892415
3.2583692679228506,48.69946152391917,0.187456732230785
3.6808785781184787,56.52713641314549,-0.09532167942246868
3.413217435108061,57.15876236595466,-0.10946462079215256
2.727730208978174,50.20084265182363,0.5107402307281099
3.2753677132271273,58.376435940336414,-0.08861303637462306
3.2256458624673208,52.60431696377262,0.409026006677125
3.2874099820170644,59.54321524706404,0.3875563359953263
3.1532015942421245,57.41545552784778,0.3938262525448308
3.1128913494978088,51.167956187294465,0.1507378111174198
3.065917356760314,60.4172906237723,0.11083011050292974
3.2802235998266935,52.21604150501257,0.13523384070168645
3.2175070312971283,52.376822243532764,0.21788640344881008
3.227132142044683,58.69949504493776,0.22609172241840172
3.2138584779075425,58.97787972059882,0.1659525120401681
2.6736269699062185,44.975326409720076,0.3818364706834969
3.2092927352747984,64.24386371014961,0.1166662233043003
3.1004304214072316,49.46433597328319,0.4897049420405323
2.9570916552678104,49.44487215651668,0.02214323183150044
3.308876043644928,50.91314344102528,0.18435624244814347
3.058886798466476,47.78581490896131,0.22959520836035752
3.269836473962162,44.253931509557056,0.11486678343394548
3.1885052532103524,67.05380804532287,0.1046420068163334
3.197698471683085,51.75645687671985,0.039473196531089896
3.022853745963439,50.986884026759384,0.43736448664201655
3.3235819542334517,57.532334457868906,-0.02567631956226926
3.186753626461023,53.1832324896216,0.013243074905293507
3.4089906798292757,68.54972044961794,0.004442135633192536
3.093955655210298,56.925671149336864,0.07799657322968691
2.975256455818324,45.73257512032439,0.43576859180055855
2.9699018631302017,58.046597253284204,0.1177226896602187
3.336298821980171,57.24376242169022,0.1443897845037661
3.321324140113901,57.08218746090954,0.14643132109770013
3.205673950323981,56.273471188185965,0.12456524129628274
3.179399702547428,57.91306056623372,0.3302888808775401
2.9282418927330514,49.67847077822539,0.13637924269988097
2.873435361456897,56.68185627676883,0.24558062782851145
3.239771658324767,52.13114782850919,-0.04966098309852915
3.491134765646279,61.27925237213238,0.04804075871591981
2.9384836614287693,51.07317277170327,0.6611786131746147
2.9852526400615167,48.85953751696804,0.5379937598275016
2.99520928734836,48.05821360530813,0.36388785054577016
3.4228502662334392,45.97843739155936,0.07157805482861834
2.8637725891035157,41.020927966033476,0.10261519235168769
2.912268171769363,55.25873617421037,0.3550104509849337
2.874565392724501,51.87805377132936,0.21501453298807197
3.1149521787519294,55.802125545557736,0.4102889114991091
3.102914022980485,55.563650536996285,0.4188309474118059
2.947019513206488,50.906057605853185,0.1305931805004391
3.320183343249572,60.32304346385051,0.34053410317485994
3.3712391640544097,53.23644641856504,0.2838736800383032
3.2190811963191424,54.420432619261184,0.20863056801291166
2.9081921682227656,52.364921907977944,0.48687734556932194
3.026368794329802,57.90940357009177,0.14075821390916785
3.130621170987666,55.13875726611709,0.13294468721237931
2.9627489828631224,55.469732378253624,0.21687142604423698
2.9103742953405045,61.67661453995884,0.21631404922374595
3.2181227496939773,54.00479477374343,0.122986943998996
3.2790883921656024,55.97581084890254,0.2137929223133893
3.006948918141032,50.29902118575127,0.3276109879449558
3.3448903980631752,59.26333333805633,0.07172688975881408
3.4009840853863547,52.364598172046996,0.0952326433012367
3.319990563327332,53.821476834697286,0.10386196262438939
3.1458510056607474,52.187449545600856,0.14736697024466625
3.14714613762165,62.90708496070553,0.012506438562052745
3.1780224880331223,62.43833683289837,0.09232240554410921
3.273726609654446,63.69643548636589,0.021236140325684907
2.739512190146795,51.02565458318134,0.33912142837273457
3.1574510545970322,50.66030284380412,0.4608478669489701
3.085464851312587,53.6259159735661,0.21056104341649035
3.047864640761856,51.49561980531184,0.2218004277038336
2.9242806759844893,50.218224116158154,0.38855651518888784
2.916804836962311,50.81268769379891,0.4433734448668426
3.0173280592671254,54.0431046833506,0.10119852212490382
3.0987523070184184,54.6533294896021,0.34622736830304873
3.172679466596899,58.1233314481313,0.022880590152902575
2.8715255632661636,45.280877359699915,0.23420576359713652
3.0959894738299165,51.27652606810605,0.3889051642125877
3.5569377102271273,72.11179540537238,0.20445981598177934
3.276457313805872,62.841068003175955,0.09551584024067244
3.592829805541343,73.3855972687975,0.07157080534855516
3.2764452922932747,61.85613470457894,-0.12150618141555448
3.245354363002691,64.74487046961741,-0.05116207308102798
3.2623001665908005,64.06945714210649,-0.013680091891702046
2.7595731927956035,47.21860239329084,0.27311619633062456
2.6041773363751783,46.877891310964465,0.42816102786111976
3.6222001642909922,61.42994387389226,-0.009542110096451532
3.0502541099172777,48.393482973749244,0.23311604445363268
2.819895417697479,56.408962734199164,0.45273190351566656
2.830061856812534,54.103082668583795,0.42976418015002266
2.890808002722421,50.82990798062766,0.3937496752488796
3.216365111299175,54.454569991072255,0.1405363129865779
3.230653674547323,61.60957454157236,0.3301397954011849
3.3469129900134917,61.22747159162336,0.3916623986314072
3.282743447257887,63.32373909805607,0.4127482118818959
3.3065469639836973,59.18237299443899,0.15664513332176697
2.998640604675367,54.22907722486702,0.061639578319175055
2.9562432698139594,56.15973745900571,0.04349326114370715
2.9955712375862236,52.36515273365504,-0.0009551467796161718
2.9323077246292257,53.901273632522184,0.12516077611205165
3.4385056798653304,59.99734475438405,0.18528644964315452
3.4825126867743856,62.52829625310848,0.15879767270943937
2.9743902632580217,54.17356488493243,0.31425305563268385
2.8168441617285276,48.357637970954094,0.3056081976639658
3.0865032222915727,50.90263232162583,0.3439929883853461
3.113121516957325,49.04521751979583,0.15881103475860472
3.235475868056153,61.571432624090896,0.3364478706523516
3.5074682076834947,65.71655111928294,0.6487488549502306
3.726211177113574,64.98202532560202,0.5039783033423976
3.3976857776198495,69.25450121558788,0.2702012629627702
3.1826138947591542,50.03821185124126,0.3272268514096029
2.740719651853446,53.04406861730811,0.20559748778225323
2.7091008466008932,52.30583513401108,0.2570450792703542
3.3115529993210147,52.60707571456426,0.2456830151134335
3.240373117211685,53.777892154327425,0.23588696079252636
3.2517486757677094,47.42876861611543,0.34037437292623557
3.3154241961218625,45.641285989234106,0.14385681616295604
3.2738930821133,48.83248673455967,0.054584588095210725
2.957268282822534,48.86866536985931,0.059483820399834485
3.096185348354774,48.07671954360636,-0.014432131924056261
2.6718534234527826,51.934936225196346,0.30196523773769246
2.982895889092166,38.73789345136685,0.39573642526096614
2.723257462303292,46.94586087746504,0.4030375795325621
2.4806340670438427,39.41945274273882,0.3847429081029669
2.6549713546958817,42.5879263735425,0.24613110510819097
2.7613612682579443,52.084877776383706,0.2541089334987839
3.206078099225807,51.49076827266397,0.1923757709774982
2.91491834046508,54.84207712657944,0.1716186175225162
3.14847530259751,51.439830145803484,0.24775694267139206
2.9769779319535594,57.18883654778995,0.1186939324225491
3.0755806199768956,52.153558978324725,0.13784615734268468
2.9281491199504166,53.04988856422493,0.22916317073395187
3.2493951056020416,57.08835541430807,0.15130704417790236
3.03788660500408,54.82664154197529,-0.03154187441963927
2.964436719151764,54.84798184288249,-0.017257871002622386
2.9164477149853165,52.01478831331257,0.07612402032120107
3.4549621009172538,62.79744015226488,0.07305925554648292
3.5461035875129645,62.029548179030755,0.19789198696335983
3.405650031248091,62.125260819869894,0.24594618843790997
2.9676185205902375,44.35956312629613,0.10931636434638789
3.3837874579187224,66.30267465025736,0.24705248655348377
2.8356715934619,47.76706480696218,0.25080126201316005
2.7800653697202766,52.57688324640336,0.044078173503916
2.7036224138945535,54.65389078523378,0.06738614643514146
3.0187983546210693,44.37196403608081,0.45059149842686963
3.150102503946583,42.63600895724002,0.047911859192886666
3.1442106293760865,50.22133960055579,0.17122733794778747
3.2805893988299792,53.676740014024205,0.020572780803287512
2.9316429316206727,51.908101989539546,0.4586235881720137
2.7199354673902523,45.30411138725381,0.18550513571368843
3.083042926631882,57.09179930309587,0.13420739497236345
3.1688197461392225,58.4016160863194,0.09478148707291455
3.1819332596800844,59.48358870902675,0.14180098065276392
2.863633468070239,47.77416290166705,0.2693850025583593
2.9812925682939375,52.07715531228555,0.35010150231904336
2.8195995462465713,59.02723497789049,0.3257739345179793
2.93314690785594,44.648521790644196,0.13904429406697202
2.806945797182262,54.213498823468356,0.34726184477142635
3.234674691798606,62.42284422480873,0.23990955594628421
3.0819428278280623,56.339553262604014,0.11239251470866722
2.848938777020882,48.41408280108334,0.32229316456137264
3.0710942711815568,45.609357810339674,0.29934066105677976
2.9085089044596275,52.42092419102379,0.27682735377987144
3.305427823315746,55.16938519276733,0.031129669644567787
2.992448537539954,44.807870222577094,0.4409059700009417
3.7090076585832574,79.79530262992995,-0.056530517815082025
3.409386853310911,58.021229194337444,0.49551522148806176
3.3169937626918666,62.522614045795166,0.3739062658822712
3.0961473961159935,53.008508228370204,0.19490546272549855
3.4033588758397846,60.951735822574975,0.3259784725158777
2.880127760903215,52.082596397082156,0.22391532811970286
2.6918821037327323,48.3829487186796,0.4167285896292435
3.3652346988211943,57.34972714395813,0.060335222779629535
2.761254636477984,54.667699395642686,0.0976308661453763
2.9655906418186646,54.4818886198305,0.26868989074860256
2.5998137946418995,46.102473640913914,0.31018754332716825
2.709623790514068,42.66443660766061,0.4656525074466191
2.971324858152857,44.828416934423714,0.33089464674606667
2.978078437993958,42.72343716578587,0.3048977556556796
3.1130182549829546,59.41914827410705,0.14666353265056759
3.1201485277113004,43.41045254273754,0.19421432959760138
3.239514209963943,49.77624309284935,0.13114034716078557
3.2354377152876785,50.24364519694034,0.13791100657037794
3.2123650027339763,65.68692264266595,-0.06034550017486009
3.2129204866832133,65.30672150673385,-0.06543447305289947
3.2390375541260505,50.76023899023667,-0.03829581271620395
3.1216743453522047,55.12332671089555,0.05649135084375011
3.5305157436270203,57.20922468281624,-0.046395651158046135
3.418706838742193,72.24765959709858,-0.14237356634466378
3.039964466308977,51.65352419872014,0.38947084243199087
3.3993992645213926,59.54745277954992,0.7526861912360858
3.1962310411143977,55.07449866579646,0.445450897963848
3.0207261865910713,49.874126324572,0.102203685565004
2.92863058599515,57.44864637294339,0.1711435920988966
2.8162344391044054,44.41499116556169,0.3325612269149338
2.944070127798509,53.32393889178901,0.479789877554382
3.2895122240056303,51.34296210022784,0.5187287551299216
3.3313864618422477,64.72173668651453,-0.0012322249465146627
3.26870292494724,60.96645472285192,-0.014973758365258355
3.3390828816206573,54.8653882445908,-0.025618423642385195
3.2768201180692604,55.48644878197903,0.08158603401186383
3.1053323351600985,66.58641649663501,0.03464135359132459
3.3150767854449716,51.681829248888654,0.27478626853523885
3.0797010659107333,54.321527826981914,0.08572317867896345
3.2495949001196056,62.42914617873298,0.09653536151954165
3.429628610638938,63.071102135977185,0.021434870509554144
3.36424274530811,55.76776087934731,-0.05017477747328354
3.5346584724773265,49.48516301812573,0.21467694313882396
3.189952953482544,55.51416087887665,0.09222815551306829
3.180624249992247,49.56021674057724,-0.03988431655002208
2.9228981885377703,43.799580346738225,0.16713556630422158
3.018779553598065,47.48965006375153,0.2849024507254598
2.6890574748148692,46.88225464465479,0.3094596495370753
2.830951003847886,48.754701260255686,0.15641284009140466
3.0605795288699738,56.52477517154889,0.3474051250173218
3.0605795288699738,56.52477517154889,0.3474051250173218
3.108705822597661,52.126527557342705,0.3618680022549711
2.952387430864871,53.859716849029134,0.013021181651355284
3.0711035598909873,48.13747011494769,0.5439600244803033
3.044340442189832,48.380327431966364,0.543365694135408
3.2951980699618613,66.3043879744866,0.16686407321713284
3.14959796313754,46.44795957350353,0.5396224308074496
2.9629408395226298,41.16099180813777,0.04400853735310458
3.113340235247671,37.85925198844559,0.19376235713274603
3.0202552456794054,35.05136384328557,0.13331208668902192
3.4130848410528287,33.32846940196638,0.2217553654309158
2.6262522793471774,49.679183774737176,0.3132412207941379
2.6639879025128357,47.291548947004664,0.3179985915384049
2.702326772440055,45.67806435409954,0.32896601434943296
2.798768806121561,52.195857068830975,0.3263560516310053
2.7486056007070236,44.8820760531225,0.35374240560514747
3.573348352055478,66.46724763046912,0.11425342595362788
3.207178589634022,64.55403038882696,0.17292608430147027
3.2820461077921803,54.90811033447577,0.25592526107877345
3.2734031849281444,56.53334060461235,0.255366226236418
3.0213876247289857,53.22187414502897,-0.047193516665894934
3.4003138685699406,49.72029625592944,0.4664696283435876
3.137080016117152,52.39526886794183,0.3264642490281141
3.03829169811232,55.234593347183804,0.33173981203532615
2.9423751120359096,52.18227127056708,0.18770855729004438
2.5390935132081625,45.82202385912349,0.4229254444112305
2.7434154451918245,45.249151423419676,0.3145830463664696
3.175550309266199,56.99118248305581,0.2878460478070164
3.2063763771771097,60.908826825788104,-0.021424589246793423
3.1981166420588893,45.552605287358325,0.45314424799375586
3.0364627614675754,58.33558682738294,0.3758751176306986
3.0577513458202867,38.692154901309785,0.33395777679135485
3.002391556790358,48.8732738857677,0.15982045187119837
3.554875720088311,66.53695555114548,0.07988281935545112
3.2379868294021246,64.6231517820394,0.18668408620620336
3.230882389130478,67.54872437387564,0.2045314125583974
3.179142310279475,47.48729879763484,0.33654038771682276
3.175192628526743,62.41654640565068,0.39026414525117237
3.4973021830637414,58.11052694875445,0.21147339607024987
3.0455649738785557,58.2852041564543,0.11220296000892811
2.9778529659179274,45.47048911741218,0.3350381997600748
2.8463124368231454,52.668135183047944,0.3253822016706719
2.905969809638368,51.30754983881106,0.2678530018180072
3.1945717983464634,54.95975345784679,0.16015637181775969
2.6198177984302022,47.469494185171044,0.3866288892993525
2.606177777552621,46.723973795548936,0.42966737202839783
2.588854461474769,43.99192211447891,0.4502118815455247
2.7662345347371495,49.633675352143634,0.37029331108259494
2.842884771519049,47.96592362473338,0.38787989107398824
2.9002533887282276,45.77373044965905,0.4244630863730078
2.753800359982679,40.25954335178354,0.24083591789451173
3.021861647994685,58.96186624420953,0.37105460082804853
3.2774875056578963,52.31671207561764,0.37677684781376475
2.7860622308431013,49.661761743291756,0.12445868024322232
3.0470338973700497,50.07427209212244,0.1964706497313949
3.1291308592296136,49.70767879230871,0.1284825617197388
3.4653163004793295,52.78079857450915,0.09973894452435865
3.0859572785092277,63.74912735847519,0.08071720541236076
2.96381705357625,52.60306285609954,0.07574409942542207
2.782465840813119,48.038201000733565,0.4886170070405811
3.0187076594092366,49.624546234167774,0.5818941021216985
2.8531645382491972,48.58164769730652,0.3903772040706103
2.891151311116152,49.063806864136204,0.653151459007138
2.8182950847324437,48.272100103706656,0.5880768401829476
2.9903893491290425,47.10097470824095,0.5043257286614742
3.0485421192805906,50.9903137691973,0.3429121430374305
3.15339961995081,53.89151778778091,0.24065988020953877
3.09117603622636,40.50774149910337,0.1060006659244037
3.1145143026255337,39.41061576384744,0.19381602929870634
3.09909764024609,44.92654190792265,0.15944433452044945
3.0886770757654793,55.838294271473075,0.030902148677442197
2.870144807399436,54.186361714076696,0.1012311983525144
2.9569938348015805,54.448076068477604,0.23400952082685642
2.8384480558541196,45.06418608885487,0.5897178879648854
2.833016664806536,49.2512803354198,0.665550531796062
2.848485191227036,49.044179683328224,0.647329928858867
3.548041571093504,64.64442283785759,0.024308402336499082
3.4223946198901993,68.51212221590664,0.025592355669451835
3.3888927023972526,64.71562542030213,-0.14535784561818096
3.0857040457901723,56.94956164460176,0.056533589082889114
3.125018379956269,56.94064368444756,0.2582638787177629
2.8658847774869383,49.31840840553378,0.3005470836961008
3.118791904279579,57.606278240484556,0.21971817982596553
3.2075766380037587,59.89539422149296,0.4730639660047801
3.2961557788009594,58.191258390948576,0.416767038983264
3.470831749105835,58.99232496959491,0.1837882081461252
2.929324297337206,41.52736661709971,0.10310883821416222
3.4574697729760655,54.87825299393549,0.1475286543108124
2.997909656381031,52.864251446374695,0.2104808399898965
3.1782641220635326,56.70147170418835,0.15120091459421975
2.8976717533431056,52.303024890218694,0.3287988676602225
2.6275037751440813,52.9430133286179,0.2946711914546795
3.2663501628758946,71.85484284903255,0.17485339586791246
3.390536014094209,67.98595273105785,0.13722983100475417
3.210554492381476,61.45769572568018,0.096542696993591
2.733662851297507,44.14093499520358,0.32708313107021086
2.9880507540758194,56.39793419645507,0.21824870691845336
3.2803794958650228,60.04764809906417,0.21831897187633603
3.0955230358099346,53.46752715664698,0.5170209935038577
2.906497940731308,49.959879416287734,0.4233930393350129
3.2601308763858285,59.937880823021175,0.06260969778219855
3.0865667910132815,52.57322692684776,0.36220142069361083
2.960952248094503,49.87998310398017,0.3633982755806819
2.8504322834917306,48.31038047403433,0.12880746628411716
2.8760748991873766,51.496964438040436,0.45314063958475637
3.5765030157238913,65.2097128617661,0.2852903811015363
3.203376659301234,57.02940182519629,-0.03444348915803741
3.4700553133197505,45.3504400741555,0.14232240937091856
2.8932484180703764,48.055370650467914,0.18026855612004586
3.193165581266649,51.81365071966681,0.21275632835199998
2.909334918871426,58.47949418957483,0.24190829372932698
3.319804142206388,56.0094689774084,0.28640547518429965
3.2989099048883284,60.69475520175342,0.5101186785002669
3.277091452536613,46.856086530059045,0.2640221839151675
2.9487311187262044,50.298854229187405,0.30513421415279796
2.794238806926771,56.372543052395955,0.1705128703607243
2.9135753179571755,55.51760226411953,0.20439554661286238
3.133543798345119,56.06388235703578,0.22048065652243584
3.0634459469129283,59.87198214069575,0.265016205524839
3.0448291576101245,49.899117918231624,0.14124397174141323
3.1313413793597107,45.229493837620296,0.03575903578971378
3.5298601572365857,53.67216182626878,0.20678802667031873
2.956080496922399,42.88326477227203,0.25975756431537816
3.092254701537889,62.00927371962074,0.24570030518395147
3.1360818898891702,50.66867340363182,0.06336860926773799
2.8135238406107583,52.70549256947843,0.20627834203937742
3.070078308642701,55.69623351162053,0.3756194171389882
3.654729580418879,67.01322936883066,0.026597093569920512
3.537188759730057,72.56519358963149,0.15035379761737588
3.1327310965327837,51.78263199023313,0.030529089026404013
3.2241046881430266,62.078543731636714,0.2552130515504237
3.4782732915743386,60.969133439962036,-0.0053568850406602
3.359752888032426,57.165392759117886,0.08225832055187127
3.433033461024662,62.5719146337381,0.4228635596759701
2.906159879990009,51.09295315817392,-0.030182288314080957
3.255874719234618,62.14012727195401,0.22914178921978373
3.19436061854172,55.62008675816825,0.2742550468499056
3.0945413699625113,58.653315465270076,0.2607634070101183
3.218096574893634,55.74171645974551,-0.06517238593546254
2.8417448883628933,47.66965020496358,0.1744088881006372
3.325802726559302,60.38741388791246,0.01239200060508339
3.356511636723051,53.60418008040214,0.3178934863760588
3.3225785756229946,50.70568540668438,0.03000989387213276
3.201703871012512,52.48513263428564,0.033536102227028984
3.4736220410192513,54.796196960606004,-0.024641139812009244
3.435636437663555,67.8125316435154,-0.2097333982290112
3.1124685698178505,65.61159977724083,0.0235787418090708
3.407362909196146,48.67985447556611,0.14671288432091492
3.2081471338251113,57.336605119629304,0.011367212878226892
3.193562908676053,58.85296494365616,0.14041658218524608
3.2527673306754066,56.427008345977605,0.14045336068649106
3.1551754065183566,54.72274922150944,0.05984350391412429
3.265666564807908,53.15675911188577,0.08851125783723054
3.078456138462986,52.60044859447473,0.46512245121643686
3.2761103484195155,63.44192232241832,-0.12061913458174932
3.286561974241751,61.5511559449073,-0.2175429779443965
3.2741719048551503,62.46865992541222,0.0018846333699941778
3.272107385810427,62.988175311179475,0.020085352401442432
3.5159569953509093,53.405936507209816,0.01742574193926557
3.7043570571128526,59.079432119876564,0.10141020612657005
3.1958802971353393,66.16433103456819,0.18354039841493366
2.9706396973150353,52.45407603480664,-0.1064545203889908
3.653794659314858,68.77689228643051,0.36213277870650334
3.587133279232593,66.62860996066395,0.3716756519884706
3.2698853844959355,59.5748414630469,0.3460881249666175
3.266509459344094,53.747557676487375,0.2179700286775367
2.81966820437466,53.9319030408687,0.11357346148372771
3.501323072411755,48.63600409892898,0.11529249194906242
3.1918549531211524,42.90884746358024,0.13423640606501133
3.2550072175913205,52.12801660410433,0.14030848121188313
3.2588346328623583,50.920698459809664,0.11838180258400109
2.957420372689031,57.26532311796381,0.0288307305978967
3.1150212783729234,60.918516433202754,0.2327880212568362
3.1489451378417366,47.63025683415773,0.3022071959919847
3.4364804048538136,57.8256465924396,-0.022984914930429257
2.8030541233702913,45.88167364723472,0.3532815020284708
2.8845282176042732,51.871048153004075,0.32034551512319426
3.374477616380673,57.30541128340285,0.2270594782752048
2.7537782687518675,38.749162065291706,0.4222079487875986
2.9639710472436356,44.65466415439698,0.11326855482201569
2.9294151089538074,54.450539736010796,0.42954717494377564
3.292129476711228,52.86567726970186,0.3493369400533424
3.0893230939848504,56.429727802684326,0.35268949097499985
3.375170321278552,60.69412881146079,0.010221627951362647
3.517901691161072,58.05058955907371,0.08122737538983477
3.4231530696345938,57.88887919031321,-0.002817577403635103
3.212418902204854,62.3450092910466,0.16394829371911887
3.150731458453981,54.882754316422464,0.281209309032744
3.0874949660244124,55.9137289184266,0.16558100453153132
3.2885348087295587,59.20990507363836,0.40564097075731403
3.460524762001323,56.31615476651256,-0.11781300143891628
2.778233119949287,49.77193327392423,0.4277605458093978
2.7881772611457536,44.8138417144646,0.6125282663498424
2.7904477048134124,49.63895997462072,0.5254854977739097
3.1170707678646963,49.71460722417467,0.5536994935754873
3.0100570999151985,51.82663946050708,0.5654555067408232
2.9944269090805253,49.66779014897672,0.6014457939414858
2.861682397287363,51.53090825027955,0.08030355032606054
2.8809603827303403,47.04501427593733,0.1602152702007025
3.102015412592329,58.849498098539875,0.4593860830785282
3.3931964131879777,51.916824338373665,0.44280375494947377
3.006883237617775,48.73923727445256,0.3227365579888821
3.2911818805597055,61.570168110625964,0.3095046833301051
2.978387661725185,48.60131395020845,0.16207448420284865
3.0047670561062936,58.333762604289554,0.3328640138639366
2.776419172484172,44.15043533567036,0.08971117188081379
2.873088720254189,52.325710851343764,0.5038778209410114
3.1749401873891743,49.281671928602506,0.4692161361325191
3.187151284226098,50.84436686969099,0.4349829034878318
3.3771756336638097,61.91433728571307,0.1969176821543943
3.0584083227879284,49.26507651734695,0.40859721205650323
3.2761298305969073,52.166344983601896,0.5672795463129973
3.25040103125625,52.85188400494746,0.46498604145455186
3.0960588499377657,47.43336966260946,0.18170736620713068
3.0018945149285474,51.48646110092136,0.18867805855003933
2.942912894973456,50.75050332853422,0.20308870196967457
2.915013513142765,48.02628243149155,0.22263071932059667
3.0833569134883834,58.03056444304289,0.23926677514057043
3.334658305039624,48.742240704207944,0.3332928980417546
3.21063600602707,49.937174546010894,0.22706441606789968
3.2942838891395327,62.381805520895206,0.26335654134833086
2.5822712504430236,46.693195581561234,0.3634702828912996
2.7159375985963616,41.842452783885754,0.39508502501695575
2.8492319812563,44.5376567379096,0.30325435718005816
2.9995399922180273,51.879870084098684,0.3330390110124451
2.8222991228215544,35.80451718537715,0.37496406156013856
3.6485650874527065,38.101962952461236,-0.13404646216409594
3.011430281385406,48.0735498794155,0.2074815919520563
3.2289769259952608,66.46617808988813,0.1438643707340958
3.049510465034412,46.164243122959405,0.25516493516008965
2.8358626741072115,55.448208175352526,0.15183627270956937
3.29085536828221,49.73029457948941,0.12465777669452818
2.8935556622697813,50.0267705107319,0.18385203234676648
3.1039155724960743,50.77550165894619,0.16768425867406478
3.32934533980012,56.79112666726378,0.2081402889276565
2.948489213036131,54.138887378375244,0.18061019168372458
3.03594697795145,55.453197242856376,0.2620799561272715
2.9319051214140024,52.35102071167628,0.5271162136811032
3.0338111167431885,50.53458171034903,0.4705667279377761
3.2221050689870534,57.60137358362796,0.024017900446228865
3.2282898899021744,56.38793297931148,0.32128935508840384
3.2688301238433106,54.790539162280325,0.2605578488304344
3.029412170056645,53.3838674308227,0.12286890354197741
2.9114615496054093,51.38213496465599,0.1759741564681517
2.9885711059872673,53.47798632251421,0.27270396993072865
2.9168442679987456,51.72478557246305,0.29875899714707643
2.8516709842403007,47.48196417072137,0.43478976245505396
3.019299130272101,48.09598915302755,0.38426629355053177
2.9934640965179002,47.666954241074805,0.3951460278890478
2.984989235854501,45.783208940658106,0.46478165433742746
2.834431374134168,50.50844117802113,0.2859518367916319
3.030833966677489,60.09565491428707,0.12389398110399648
3.1646824752658267,53.844628844951366,-0.01508294124453727
3.1001045329779138,49.44205502023793,0.3685181810242832
2.7065377092448473,50.0258004868226,0.42019751106429704
3.357723044466851,55.44917858487274,0.07917248851967547
2.9335148670261213,58.518594845615176,0.21673484718281702
3.43324691889436,57.938864304163396,0.038577143451210716
2.892811188893207,60.09320105650027,0.033955177710344855
3.0266237881072806,58.16451999313645,0.15241323788102182
3.1534167439590135,54.85565104194122,0.4009802996031233
2.9112552192387704,47.20424504635192,0.2059421104366214
3.218915287386529,49.25778384708868,0.39673357953587346
3.2727106396875243,48.668554754254885,0.40789596881071755
2.6891788965013266,41.22443250414554,0.24563976931049294
2.8835720198627746,54.52999708372123,0.30365275701911804
3.118026600214392,44.80779180126568,0.44276438720893957
2.8855358504797506,55.763552659603796,0.36859099608279794
2.85997724545648,54.77386862842529,0.37291905009111603
3.162478180024153,50.17594978198266,0.13194957530534326
3.167582978465276,56.1886217526337,0.21769831901396205
3.3935191799021647,61.0457903517825,0.37800332360267136
3.420736439885948,58.690188140887365,0.37344410604121087
3.58930297941216,63.244614759538315,0.24771314735844482
3.5746263634476727,67.86874343103399,0.22208568026143088
3.1128915751621395,55.757314863960765,0.09389499024676283
3.4957610807281623,47.88982197256639,0.5732919767268567
3.297152812628722,50.99827206186853,0.5964198025121755
3.1584645212613474,57.96573216603186,0.5758308263587156
3.362945143298751,57.379137256672095,0.5046106345094117
3.0242987127224645,55.95188154287101,0.5596244077709399
3.167070638056175,57.96948299854954,0.14326995165417117
3.2290561479564373,64.50708267320124,0.14519969996510645
3.199146199848883,48.76860797067072,0.15165669872483878
2.7968223836497685,54.45389854283599,0.25078607205802916
2.829281396639738,45.704790025958,0.2198553964223927
3.428978048904743,56.96532188683637,0.21007173623658268
3.0797666049316197,61.22275757423384,0.15565124141564063
3.13715386663713,48.87874773855254,0.28035707878120636
3.276597766463013,64.66381582867625,0.15224559417994207
3.3067436756752935,63.7744554193161,0.1947096114249603
3.261456308215478,60.90823482959609,0.14174515280310598
3.1872211983364385,58.904064958908535,0.24469695828997853
3.1740110432209194,59.23105856212219,0.23845542298005698
3.269860186265987,59.60033835190654,0.23737615350099756
3.022336876605516,53.61513069066399,0.14627612670288928
3.066431224624767,56.543396983532965,0.35397641651467254
2.9081200877045807,51.1535681418703,0.28777183887453267
2.762420183935303,49.02191613985625,0.18019400894231477
3.291978262778234,63.73225531881816,0.27059960561645
3.5168893647109485,68.96729803888867,0.39654265696906843
2.9388679712036136,39.032789946586625,0.07182992818822594
2.8332098566495523,55.753965160559304,0.2830477579421203
3.192140434054241,47.623279544782214,0.28865073745149594
3.353634993297015,44.41605374981295,0.5567942851738097
3.12043074603564,56.60021302874237,0.525834818159033
2.8836339113443037,41.985219680787765,0.4167651516606634
2.702623420784361,40.88426550548693,0.44499689751476496
3.5610771241819084,79.61222013318573,-0.030116684633914797
3.756336230055713,70.25213323142053,0.01812100417144161
3.6633730269255476,56.61772949549598,0.17074303261418367
2.6580073240534947,47.4008672741357,0.09208101084991431
3.1116599151968702,52.55207415437752,0.40434715280686917
3.112802939400855,52.736570069622445,0.08433594761247523
2.8407097431172086,49.20948873427996,0.12444843569825277
3.2791533751274744,60.16673741725124,0.3098160305498543
2.5834749912933677,50.397586952057594,0.23136901973756518
2.7131624331300213,47.65259477743525,0.2137849210662475
3.087013767831337,42.30969017805968,0.3964726693399964
3.0566466928478104,46.25115872754361,0.23609579069396433
3.143673045616154,58.11999405985924,0.07875847533163288
3.4755246251850718,60.31945058266694,0.020467117610841343
3.138771426066777,78.01178167544883,0.039035944777041344
3.4792245545365774,46.32457242009236,0.2193790315734038
3.153722528973361,49.828649301881455,0.1134070359294898
3.1337865786704535,51.08746427488005,0.3604495869029572
3.057433444182443,53.502079124407594,0.1615091925883358
3.215039009591058,61.94849589050881,0.17628266996139694
2.7736610396381214,46.80886366150841,0.31684281454118013
2.7605348375929193,49.860896965985354,0.14421784707720675
2.336683904902252,43.09640546540699,0.29842849367796653
2.6569938838976737,45.72667834035044,0.5849109221164965
2.741984062181325,44.5374122483638,0.2889236497552566
3.026943063827345,49.39574976622157,0.2293418638497453
3.19592316528366,62.07104996490637,0.012225858535507039
2.746523900095886,45.08289656048469,0.34027882074260596
2.873215009077133,51.41498336881799,0.33962916348657146
2.9801781061449377,49.96448537574958,0.4189643571700624
3.1498294714159756,57.266444018314,0.3637534870684833
3.1863385691702613,56.76353078040301,0.1942547622726361
3.077236344186874,54.367215091648,0.1906221118098602
3.1725011139512933,49.71162908464229,0.07497943834598476
3.106966140262431,47.331818122296895,0.04795095510107499
2.741035975482782,42.80946626086341,0.25409111508708726
2.795355523335706,45.176584702689695,0.2957221079878933
2.7601761559585327,45.71742057391232,0.4001758610448812
2.637438209481623,47.771950564606485,0.47053496107348103
2.7164950568848165,46.02245490888023,0.22255261541442167
3.234375088685631,46.95668982954798,0.2838517725877495
3.127838320153565,50.46823419716814,0.1057379646095651
3.229826200874287,61.207125679209625,0.2135819801177267
2.9163728608935435,49.29842012927687,0.19671824305424201
3.052159717595882,52.0705026739476,0.19113018803534437
3.5550032382760617,55.1448491047051,0.086031874203455
3.483556923554322,51.966376731751026,0.013225114667545381
3.926140738385067,60.39207487772803,0.33602224083295756
2.6347731458313084,53.12819888357197,0.11151294849252388
3.5732359719452487,40.59947434229921,0.1901448548380036
3.3373088558022745,42.467810788167526,0.20624888931262042
3.3346760652153833,46.233615045533405,0.18441111177324723
3.2185165286537005,44.63491295197845,0.2673414694731239
3.1508579123987257,44.95562628596414,0.3249713083956384
3.350182591291348,47.649283163608835,0.2699484160178776
3.2688876637601143,49.58443416141194,0.2478029276719834
3.238011387757869,52.122737910908626,0.1908045582254574
3.014413337662987,47.185253940360106,0.0808992817317048
2.9940344609404246,48.171217016648605,0.09533831781226743
3.0153014742658795,55.35285188158297,0.5106578540714332
3.0674847924434485,56.822065277489216,0.38594766374990513
3.0108884398129114,56.316270624085504,0.4030844063770525
3.1206601702922687,50.636476191950315,0.13838732299569603
3.120792609110513,46.60435226256463,0.434473186312468
3.44121669673811,54.27403134438985,-0.11628366461646378
3.3840502447255685,55.67270562798511,-0.12881981992532915
3.288566048425169,52.26959065242814,-0.08246827869778833
3.093029966942322,47.60919828393295,0.26455876621654406
3.0142270441684476,50.27095347679077,0.2394336586343804
3.194757107511227,47.19239448390506,0.20931618461589763
3.111820458270988,59.65617883647821,0.09238222389218567
2.9852289699966184,52.795534265098844,0.38785535550898836
2.867737729602654,54.685051668440536,0.17238729820955856
3.2388333153935123,58.84256806022603,0.10612271572455514
3.3762444165337673,57.6625653074592,0.02882920530205931
3.3163637865648794,54.40054614227137,-0.09505184204666656
3.235686479483119,41.712519771391676,0.13106846611905662
3.2107296017893456,42.36971700459087,0.21498624469777913
3.1110610063610977,64.39225243296822,0.18503143520337187
3.177238831624889,67.86715575074155,0.2257681653889888
3.329103824700153,60.18501421847803,0.013356438335606048
3.125240539227369,59.861463059745375,0.1068061992846298
3.1572885658877197,61.425543727929146,0.10604724522152954
2.870718704864098,50.98471047767817,0.26152504020948275
3.2653838463453537,53.10859268197022,0.2590963094141638
2.825694283699751,47.334975518137924,0.25470394936455437
3.0796078474146116,55.47343927859274,0.222463086662048
3.1465211899857577,55.6719396972851,0.13146048503012356
2.910326485246748,51.58830212653296,0.2925985145590209
3.3076442569517686,58.05775967727427,0.353445310757137
3.262974330810349,59.04992781639359,0.29047919869352473
3.0436313052343573,58.51124018215859,0.06270069477872309
3.102196193712242,57.44330221342741,0.05823684010424249
2.928643995448676,59.16745001232702,0.16481396744202567
3.0075401494498304,51.87361233748219,0.16690702016311484
3.0035286498050726,51.67905334519103,0.26977878792720383
2.8038188331122407,46.27424003180659,0.25033599455193467
3.1391306264219354,48.67379099488548,0.20889635426864456
3.0239093733835474,56.76420908456855,0.24049486360779473
3.1041264596885414,48.935471494121366,0.15909420818566444
2.9703650786247073,49.17355389381856,0.18331521389590602
3.04895905014542,53.840017527042605,0.16768531288732516
3.1086148370474427,54.427254020844565,0.3339141166882608
3.0521542894457068,54.09616136490292,0.1473519795890465
3.039190499652681,53.586241573032474,0.3010138503196524
3.2717302940834045,49.90434936734684,0.3332216170540303
2.8403917800026113,45.36015320538159,0.44689330421369683
2.995768218419757,47.33892911694783,0.5063747522516022
3.49890876120477,62.29852006825483,0.17497493289692784
3.081470851338685,53.357610609464125,0.14638620002524294
3.0861057402450394,45.38023777824428,0.34996206715973893
3.083453618228254,62.391928045413174,0.0005142553432334094
3.65192106142991,56.00850200568748,0.06638730864557954
3.0837498709669844,66.70241779976666,-0.10213481340767956
3.2676529997795605,44.285476021108394,0.24224429982598633
3.5137023409559567,47.0919423446776,0.13893836392844544
3.0936563539341555,57.71687872614517,0.2441254216638004
2.9566452957797598,57.51981742888559,0.24275476211444644
3.0309951742484817,47.496482935992375,0.12657605289939214
3.137420418882037,54.43796352656955,0.3120798871023189
3.0020712599935324,45.28010619384158,0.2556654467562859
2.750308942025029,39.979065359840426,0.310295462194388
3.391168020966518,63.85180238811885,0.3024569435002475
3.420243342217307,64.02256330900593,0.29065304718302165
3.1911646834331595,57.64591607696102,0.1950802555352801
3.2229002878256154,57.36341346040589,0.20063745626378596
3.132671640410062,55.835050339988086,0.45765075128463123
3.2511651128704924,53.14231972702467,0.39583271343016085
2.917419827946922,48.39729071292006,0.365515916810878
2.9903632938078686,50.3380164608286,0.1977116572355457
3.0550147887873504,57.60104851539807,0.42400497199240034
3.0124702800422467,52.945572288908714,0.40226174195891967
2.8814856421288115,51.62420305850006,0.18386097772166227
3.407497913407599,60.621612034530955,0.35043753154485363
3.5363128330617215,70.10105947044899,0.25454682714578375
3.546673654250392,70.17209579916096,0.2538412266637856
3.4355840067063905,69.43825867969258,0.13321064802594787
3.4231553400842447,48.210771879809485,0.09620292956295078
3.6402077184447235,55.39816416740642,0.19256328461412436
3.2309364692725837,72.62475696786943,-0.09561815400912538
3.234997460848382,65.12172676026535,-0.11111309376259217
3.0183458313951874,66.69188349698798,-0.20570552552736449
3.064886192168133,65.74245290181639,-0.15570455575894343
3.034472324616424,66.8277496793988,0.08062711393508941
3.2390923402312737,56.00868727746173,-0.09864222594446731
3.235985783244153,50.49885820765555,-0.04030830631173831
3.3728328566115913,51.41088797093468,0.037103821438050216
3.1683441481680306,56.921761222156384,0.17289341299510907
3.0922570592791776,56.10586410937613,0.17464914719811653
2.9034776105907856,41.101839158841706,0.4213884370698608
2.603714758037192,48.205944736620474,0.5232310778192724
2.9706645591388634,43.441176403601624,0.05474472558899159
3.1481377692108556,43.582490657648314,0.16267571354205418
3.1577479699485034,47.96430082129244,0.17645288670110473
3.2430714983381814,43.13959817739099,0.31197490192174615
3.2315894858446694,43.72664553302857,0.2917289561840373
2.977286827988304,45.887713141178,0.19796318511784927
2.948107607831247,48.91022322792193,0.25824868676439294
2.961598829436225,51.432740487017746,0.22009658641838858
2.9270263199255213,49.480628049054864,0.34134684583817043
2.726474996808417,46.88121459192406,0.32837411044409737
2.7326088180891706,51.11954084690474,0.3019830061041896
2.7103690592134444,46.11786581532515,0.31059921254738354
2.484104488135417,44.017695021493566,0.38339010005199725
2.8060492080907085,47.119868589492846,0.6404430289374824
2.9228758767729204,54.53914089592116,0.07087481672435575
3.1240826326980105,55.35199186140207,0.1291367444415958
3.198147187925737,60.14571971778776,0.11672100649246353
3.076771285929095,61.74304990709988,0.03299479150973852
3.240714216478364,65.1717965403659,-0.04789802361484402
2.9155680601736047,44.89164764965917,0.5775713723351629
2.838263571416097,51.60409466950579,0.35141194047181656
3.5186887562312443,39.34273711841972,0.1757348026232434
2.865596709087501,43.46980431282181,0.15087186691746454
2.867904588316518,49.42314134666958,0.37254225540679425
3.2167437320411385,55.41990144163636,0.4179503159244911
3.14173150768515,52.87759316995069,0.3797242076584901
3.090541224305298,53.057544181140344,0.5759005594824947
3.1573699646923505,52.16646294403205,0.5730869572172848
3.3636068605657083,59.564886694259364,0.568558210849067
3.199773860598152,54.97001431701976,0.5949171877936482
3.066744962303875,51.84670320654079,0.39059171932349346
2.8778095230640934,52.479101004771785,0.5464900135072513
2.933050648170974,46.167147797034744,0.4222364223101173
3.4209829883150493,62.16701075403043,0.24965162946906272
3.0282967923160045,61.850884249309175,0.056949727485954185
3.28347003413938,54.975029698730594,0.022159271740336585
3.293214268348993,59.175876757484374,0.1853311911038611
3.1450877196758826,64.39508167300492,0.19813307981326803
3.2355322117968845,62.13447395552822,0.1494291505607326
3.2340984064478877,61.561240052097105,0.12811433349070428
3.163445728966261,60.693996845841106,0.08547551927255663
3.6172917610671984,56.03435128736896,-0.26132818978802647
3.1453764709719643,56.78862915651648,0.28056242323526814
3.1664373502210434,53.672141762782324,0.07219527034049723
3.2414942922559162,49.18709073139951,0.14311256968359237
3.569270234705436,48.24092790732163,0.2499209464354606
3.042398565807103,58.74690366805636,-0.047195652128262176
3.3643986824250742,54.92400322046662,0.02950368294273539
3.1985237208363113,65.73380934443335,0.17170062168637523
3.1458462561129217,66.00019620385726,0.18497634221807693
3.552119807705261,53.188672186195824,0.450067202557219
3.6157341693791643,45.79210183041936,0.25462800976468175
3.268639204317171,46.767004078710585,0.10686052367298811
3.3578295853093802,46.645690512998506,0.11595851282070234
2.9380768230186027,43.74317974073957,0.13146199273705575
2.956077429731761,51.99075675586957,0.21906562932853088
3.201140055880383,50.57320634207453,0.4440651875397256
2.9670123024372894,55.023498816705654,0.3526320014352847
3.003018877740198,53.09413815457246,0.30662929306217057
2.9162083995316297,46.369642996896644,0.3289043490624588
3.5689918050739378,57.211006667649826,0.17648263277099907
3.3553245113518164,76.26292735526684,-0.01910369034190564
3.412916786244758,71.1028222377586,-0.013700677928959123
3.409304882032922,67.07829299591698,0.033755523619260104
3.374844373721757,69.73740030715032,0.10794928585492354
3.503357098346722,61.93183588061822,-0.0004072293290992146
2.7244632196349596,48.895904131502306,0.343155896166088
3.443120348362571,60.03430976184234,0.15777483259184555
3.2058741641710955,53.898339060567345,0.2927111431885517
2.987832009850834,56.53704383100985,0.3601786842552267
3.1849801062725414,58.37418384404749,0.2474372528258756
3.033575906072636,46.331623066767015,0.38595698893201563
3.0817709031590033,48.78240932715204,0.2053186883408772
3.2880758980587816,53.93655022824785,0.5316332682708107
3.1231289553635495,55.772545584032315,0.14140456085638375
3.0940742224542266,55.352745403355804,0.35701533300285315
3.1332944937475062,58.56367378315684,0.1331320018094978
3.1197366910732387,59.047855332863186,0.12008138198188072
3.2755059912892177,62.220119726481755,0.018300756757163562
3.2699918526006684,63.310120552871595,-0.002724359092501577
3.3004804497279987,52.22212167174311,0.26644757826797727
3.158425766735959,57.660795317472896,0.2642732034488939
3.1189286330556487,56.17465161957388,0.14653720080463198
3.1557204580094713,54.42643445409169,0.4235191556985929
3.1007200042026963,58.41486351415273,0.40804529313736065
3.1532863276628733,46.4850026329382,0.23717330816348353
3.094673953196038,51.00190040334621,0.2946720625599565
3.04950550762932,45.249894687112246,0.1158904076692138
3.0178133750588256,59.09944730221142,0.10099193101076562
3.1985573957777578,53.239048987919745,0.10426611431226498
3.1207584578295746,59.25627312160982,0.5283030447684385
3.2003382061910886,56.26881777945726,0.48365046842545656
3.219981159410363,56.08536853421683,0.5004242498688138
3.2979840275799077,57.368962350470674,0.5254839447434476
3.3000858615163144,60.178711681073665,0.4391871106335386
2.7741069707947412,47.298706689915285,0.46562731204261576
3.122076945795143,56.04717752527068,0.01799544115667564
3.167769751556434,59.054426061255555,0.1447062119146276
3.2578553778527124,54.18000619320204,0.20060009485428143
3.3777383662102225,63.67476514347912,0.6006559733570026
3.3174669119154188,52.25173316360501,0.6535654281239914
3.25824934815638,59.14330195189982,0.5294751142336267
3.7500020033300316,62.34722635685481,0.6873403620655544
2.874026185447432,52.9768896442923,0.3994857028580045
2.935757811805965,52.79793108178049,0.37847117484025683
2.9460695101866388,50.286416228948276,0.1431369556960228
2.92715063888635,53.7930191389464,0.21827085928962006
2.9082786219056582,49.95052166023591,0.01903955717213271
3.128163093707201,50.559520492412666,0.02143398263049086
3.1675853541580774,50.82904131854597,0.13712115324441876
3.1130416411866006,43.906120737009346,0.04279557215124866
3.0138851419876045,44.562779833064106,0.10598004996174026
3.4021200651252004,67.75431354262757,0.05246236368438518
2.8814757254305645,47.712589641935644,0.13150251192267487
2.7283880371247506,46.68997389168927,0.11764574001542516
2.662793062753889,47.0240695117268,0.058137168333426484
3.1641259186403303,56.13319020479092,0.1710209272050183
3.0406542237284064,51.7415016330698,0.6911371831766253
3.020917491616159,52.54805287336397,0.6422432999212785
2.8809250859457856,44.90189280667955,0.6025587779564499
3.511521783601096,72.69483186714483,0.19653203158343127
3.5134947137636336,70.80352141153277,0.2544829857369284
3.1919053741401067,52.02161574358359,0.1529523903735124
3.4773298494195135,68.05025710176338,0.16869068477692178
3.372488356691294,57.979587052641094,0.11289451906272605
3.310326897575479,64.48809610299452,0.4005155598391625
3.332373833938734,59.779702141020294,0.2561690996376652
3.2020325823880786,58.10144263682641,0.260906624247873
2.9860656449369913,56.14516674426523,0.18397720383505564
2.900800955253365,58.352360477652404,0.2102422931527642
3.342716336405909,54.79943826676915,0.3237502187777863
3.234301289291712,60.751199349095174,0.41799301767249386
3.0264995427740686,49.3996794162436,0.2606542838808938
2.692107613691213,51.13032828120189,0.3147622978261665
3.1672953720461527,50.91335151983291,0.23346735455575238
2.7399595737248306,50.15432816253772,0.3616252875442798
3.0176685279734206,53.25199072416546,0.19820186246097896
2.719644274637551,49.404037967612304,0.2946832006743077
2.7018501996739093,45.737356145797236,0.2792454568842395
2.8484962790240087,51.438040096567875,0.3714219960370963
2.6960173054376715,52.36491283407127,0.3339973890988155
3.5020143885271575,54.43674387687834,0.014097522582486189
3.176325168180794,53.223542507564844,-0.044544146910652206
3.348088631483796,56.04642902195491,-0.02676389228336444
3.307994076898411,57.24200287373844,0.08523015462903737
3.3615177517557973,58.785065705344174,0.2186001619418838
3.3027436362484677,63.99974188090252,0.2640789295149612
3.4005918849462304,61.90887775076177,0.31982421009828993
3.236787894205315,62.368426170926334,-0.17755302628490735
3.1812707258904687,57.207402428991784,0.2119763282676215
2.9707688788030278,49.40855783591378,0.4252629095600975
2.8865735482133896,52.603131619466104,0.4617791289750234
2.9321424126257507,53.009885002355794,0.44461668638354634
2.935788436455523,49.04317149307962,0.3910079716931504
2.617056836846381,48.39470917299092,0.3310357244372589
2.448514290300399,42.98619495960107,0.3739164283420375
2.405725396965395,42.975798357214565,0.39682111097214634
2.539858348764775,41.93987430430139,0.3529553269244138
2.7056243459826645,47.2665012222319,0.22176760881888682
3.085172859884053,55.07800607131274,0.5717451371496446
3.131338523970128,55.17755547538734,0.07638121374971069
3.077377399066718,53.93040161654575,0.18026978144196945
2.7297071020439585,56.45460578321499,0.20140001328594548
2.867012564827344,44.40808117483103,0.191816262105318
3.1431906324728334,51.84107115958098,0.1860366520654317
3.066433261532709,54.011079148212886,0.5444781510095462
3.0128087441667013,55.08068785982693,0.5618900318920218
3.058434587109513,54.466022736759086,0.5208790179075087
3.1743888809696323,55.13220464295144,0.08010211511254003
2.7541119528041977,44.1762131573985,0.6455967223907926
2.5853872230123054,46.775888858047836,0.6919762667257265
2.602772179196524,45.709473356710106,0.6618325524602957
2.8771027536345612,44.35997163324735,0.6528765938503094
2.547079781650896,45.99139130722259,0.560782546879683
2.7704043103387224,44.65228242649852,0.31440904620508653
3.1469972561122552,44.076794139199855,0.24512926385221057
3.2671640253080234,53.685815159465506,0.06769047541524391
3.098726983018123,49.20733806448557,0.14902580699580453
3.1176344088764667,43.97740654297018,-0.0014957348760295322
3.075336834917144,51.27343518846118,0.06921318658078328
3.3335879969739572,65.62173710202174,0.14740432639347725
3.4037328520841017,54.01238367822862,0.1521985359856634
2.8002783363596304,51.962010883986515,0.3884628584285383
2.6307817593463425,46.429542042258966,0.4504667779557056
3.2636991115839455,53.4968797382281,0.6346131486234752
3.23638055884336,50.18506368367528,0.6694163881928339
3.034533080101535,55.13389493134481,0.4320955294811876
3.3595656259274937,54.110126796124824,0.16344170024446353
3.1669924658392516,53.30719721545776,0.09610018291642133
2.826278959940395,51.78074687020642,0.33340086700979443
2.8822050218428985,48.61751397940922,0.39737552286346767
3.1575310772171394,61.3103172674802,0.18405902276194624
3.487296735137567,62.7459088105046,0.1373365218700156
3.143538297611142,58.257806762694145,0.2592858571509109
3.597554605967235,69.79471333222742,-0.004829499295317581
3.343100377139208,63.83042888972182,0.3225705454378009
2.6203575265129846,45.6226731330309,0.21168001734729058
2.8784314809784717,50.67673211888513,0.39458858151936416
2.969051926763872,49.50914113236647,0.17212636402621917
3.0919884928597425,55.94125740497721,0.10582506909076782
3.370248084537667,64.38088420336881,0.17258679917255598
3.333761454871208,64.76722472016732,0.3697334706811108
3.112206113664529,50.562321552197055,0.50118798056006
2.956787087440079,52.17864903345263,0.6301736708794339
3.128635326775763,50.05516832588239,-0.09152945943341087
3.1939096198402424,51.27940028555181,-0.03962473624111628
2.9575945966879686,52.229219565041916,0.03582598533800024
2.7276540882583187,52.898071673466944,0.16184189504736732
3.0286075562839856,50.593730960653176,0.37442362213935615
2.868691607926339,53.60200716504417,0.4183633655244357
3.116740196831478,60.8938326122897,0.13451669737751115
2.9480159895816977,53.255684083344256,0.6096315682057343
2.995182127266355,45.822156830945325,0.47122141617950664
3.0976098491518567,44.93101985130997,0.47099985618146084
3.1281714054610283,45.00599782015717,0.481559870567717
2.89290392108607,43.0080904217499,0.04013249036443885
2.882813788229218,42.8943154949239,0.06264438088014786
2.6369391477226545,41.660230651537404,0.5076877942738852
2.5634509067956017,39.36216432547022,0.3909583446022758
2.325531129628505,43.05156799610365,0.4817251801774996
2.5102996130718616,41.49909670222819,0.39807141768038096
2.976468323901407,51.917445521391535,0.32822222543244406
2.780027472591241,44.22651814030441,0.47454349682339125
3.360739799843924,54.384508333506496,0.37108154021240974
2.9698446762554283,55.03021437592908,0.5664519314617786
3.1010473599885753,44.20825769859577,0.43835524902197603
3.3721940869086238,67.46912029423311,0.08114663067334085
3.462833133292074,55.71757168412005,0.1493738022724107
2.7547430865178626,43.985818547849185,0.2861142372468017
2.9919597613041726,41.16827605311699,0.28300487720697076
3.0068649979098763,42.5867253908713,0.19632797776553246
2.927261310367618,42.68429585920576,0.20148563204514378
2.8083743815131923,57.95827099675566,0.19059617254214903
2.9310039286004725,54.92446431215808,0.15416099852974685
3.369543669237273,58.147098357870085,0.14744138877812787
3.4730982278036935,58.242465163063756,0.29608821509302496
3.409946355091406,63.34191723759074,0.3316198156048836
3.2708775799038627,62.42299630353386,0.42210034430890514
3.572353331223602,57.87190711134874,0.3956910740209945
2.805024901706275,46.25268300393222,0.02406793637864719
2.935379943680864,45.638522632895786,0.0008591535998934074
2.8601032321741924,43.40273009296087,0.13972424474527168
3.0140451714058667,41.87991528045195,0.14043736295108805
2.966491583091368,59.88732636622133,0.15052636797922284
3.0917172753516935,58.848102062342384,0.16805961095287114
3.349533477902987,41.07429459376434,0.09566486394503868
2.8508634813492413,57.25886309823068,0.42248029473530446
2.8508634813492413,57.25886309823068,0.42248029473530446
3.132462643020281,51.25386183969247,0.4073074174793362
3.1286789820244194,60.430597852573044,0.1597000206447741
3.22914394821723,52.168292418734154,0.05002639538600075
3.297676061476269,64.52654279920351,-0.017515044828780562
3.2020778099062923,51.6323267760935,0.08394712555252658
3.19095390359006,53.21006716171256,0.45520708750887034
2.787803915952933,48.612926916387714,0.5742633812210781
2.769515372413911,45.846299517685544,0.4908379564482371
2.8820976446924225,53.81071827439428,0.07344742927428158
2.8507347315572105,54.033202823564814,0.09193926402174872
2.801381044872711,53.805629240094724,0.0853711196167486
3.6225624886807446,60.61968257435861,0.2549475715397423
3.291904273162932,50.37496258806904,0.02402782500808187
3.2883995188861648,45.146577835942175,-0.05203358857680783
3.287656653775785,46.21132512592281,0.31363251713929363
3.3116053824444918,52.021167119552274,-0.032511124610813895
2.876237895921554,44.39732492717459,0.041119224093218484
3.2395545448663055,49.12658230671154,0.2021813104671429
3.0534334146423316,45.38634647451174,0.32582569809492556
3.3728824629845318,51.80089670588221,0.20959040669024195
3.200983746512934,49.38228517935238,0.08468725376839689
3.2302779721284893,57.897275431335764,0.21273855381471904
3.507042407906933,56.04919799860255,0.3145610023990603
3.146378286192447,62.56756466718974,0.09405187653076728
3.3057368387720576,63.99390096423362,0.10522105545869677
2.77343596701426,48.067981402389734,0.27851798667559313
3.246254686438359,59.73739035288811,0.281913180220215
3.129510312882168,53.182298888904846,0.03158248637625765
3.0050749107321257,56.94471647091311,0.1708771036871701
2.9096186171880185,46.70593437002853,0.43108822276560443
3.222503071114476,55.68698682670176,0.31638769203823175
3.138255741156284,57.49770261322175,0.1652314975245426
3.1503149515000155,51.84240258316245,0.1778956163475718
2.9142982200021295,52.58621634612511,0.21209207025034146
3.1535471686086045,53.34931689839386,0.16456983259127222
3.1278970087411277,57.21091221032092,-0.022867089766786048
3.0451405731568713,58.76002713139736,-0.030531116397508128
3.2551031300055135,54.76714729847296,0.43881941134037245
3.102236347335541,56.19970283868455,-0.056438530602950704
3.4769064728482126,63.30435285983032,0.36325835370729226
3.080946630218987,57.88009222912363,-0.13644270539592623
3.2025680522050637,56.72487598393734,-0.06467003029195671
3.3431497197656794,63.49066837702923,0.34798039766072464
3.4521774888170067,57.90722130225562,0.5603176191025397
3.446105986808057,61.968126999397484,0.5562663807124245
3.3850492139243884,60.775908047537655,0.47317833787888935
3.0385554478531898,54.2362273760998,0.22422603571514152
3.039640450738674,52.34465704183046,0.10187111577987419
3.076093311145902,55.58300644246364,0.2846012030468648
3.4809781515941385,58.777084450334996,0.25136166718785036
2.600241255546544,48.81985253245708,0.21448909024206533
3.3789028230724676,50.259115171586764,0.45065054561526774
3.3033025199796215,49.24033696818051,0.24748663900799545
3.110553917295344,56.98135509126382,0.12046510384433064
3.1304041846649775,56.42107466800277,0.08308208649862776
3.299637912133654,49.3388839712525,0.14342347458324442
2.8163753147614874,57.5734660125463,0.14324359242057047
2.849042870274754,56.18161091417836,0.16106546096784055
3.2242143132388175,50.81321537873074,0.1875930422469996
2.717011391895611,41.13236789657577,0.24338789121281662
2.7269983539662186,43.878229841130235,0.13977106506123418
3.0699129622645698,52.12435726640352,0.5212535570402543
2.9067011237325646,54.565158443502234,0.2931424924816825
2.8847967330365285,49.08873132306202,0.2265238094340593
2.9451555353198495,51.982197644986705,0.27967915986598413
2.945042601200801,55.75377396857711,0.09149959012295925
3.2907175181159016,59.710032077160626,-0.08896363553125064
3.463854248011148,53.20891018646881,-0.11980854452550758
3.1712727224371373,57.641993664459726,0.0377605132563743
3.145850533099556,59.54025220834873,-0.006980242829159573
2.8788178937815228,52.86275626343375,0.14789247973096784
3.337185011149476,59.51240687307523,0.2688116983033251
3.225257329338179,62.702863342472064,-0.0026688179296882894
3.2258825362413543,57.04162488145886,0.01639925345678674
2.9681852966495232,50.85917275502799,0.35659671121089176
3.080540053976647,55.504884268553354,0.16986733415048666
3.0872819838557173,59.81955361193544,0.21598083935952977
3.0928971235026816,61.65557594094268,0.2387723896357389
3.152428592547719,56.33184883611938,0.29262717255040505
3.0769842557395903,53.2947425343492,0.3779009795982218
3.204383733074569,56.61768753685925,0.15974878488342498
3.1795209104231987,49.93869953984891,0.3498480885614478
3.088718724483304,52.383751663092575,0.0493553960693051
2.9319151087256423,57.743679927744495,0.2477055343071671
2.974892019400359,56.839534596271854,0.18653483066287257
3.0997853155246973,55.91685191548922,0.19473514620448415
3.35191026973628,49.61321931786692,0.38488558245287185
3.1114847611412437,55.30305309750741,0.39232667616418565
3.171609816116107,57.54174414741214,0.44682340641057433
3.2663894852471484,53.090093308035414,0.3132066952107432
3.37122171130666,52.80149749185017,0.229417555949178
3.3763605512130006,53.458172264488,0.2737725692460923
3.1662494578034326,57.38657007132744,0.34870548681514735
3.040626477707096,50.35103783339839,0.30477815593568364
3.07479446264565,43.26339749902655,0.22585166176711644
3.206091193555052,65.92369424705889,0.016344069906123578
2.815259679592294,43.57725999933629,0.45112023663783846
3.144368588055302,56.810226531535065,0.2070674156858497
2.9946839361114055,53.552441181834496,0.3784930125293312
3.273996746848863,57.492590411645686,0.6134048050493079
3.1400002109235476,57.981910058827054,0.522421719537978
3.153254362581173,52.19593448652106,0.14600765612879688
2.727135533989934,44.633916647812036,0.3583948014304925
3.114345129115341,44.38212375101232,0.2011812459719883
3.623831331986442,51.82100290091554,-0.007184351161223129
3.357218820645382,46.4965037144923,-0.029378469553834812
3.4608078173140524,62.921169570228415,0.304037685350381
2.975164063311062,54.15446829951301,0.24408860713074562
3.138971255251485,48.6197004331333,0.06220771605816725
3.385993269538592,53.74071920375358,0.22636925425686286
3.3393184978424757,58.48701551316329,0.014699449059636566
3.1654398374280563,56.88949373267974,0.20399901181477395
3.1969308219130177,57.4249625919693,0.3546147041088401
3.3966421477882767,61.01435268239442,0.43816820704258347
3.0479045214281912,56.36375388655084,0.3572868515082322
2.995355648077814,50.29730266382944,0.34836620010589453
3.1972683268290116,55.51665343869084,0.005664305331407398
3.083654465633057,53.22554808083274,0.009880658519101847
3.2944378182730807,60.259135478966286,0.1414756944424202
3.292822101695444,61.685874232419245,0.1848043389592522
3.358914276610505,53.82052264298689,0.05967875763501254
3.06889003709692,60.96687525551555,0.15758010543326836
2.937036934102825,55.80576387101387,-0.010451750681896799
3.200385642960209,67.09406604877393,0.15734278938843627
3.247663696237425,55.372101725550564,0.16508522143008006
3.1902902280741783,58.11650175310982,0.21009935716772893
3.008426069322536,53.803235920680436,0.2749597268508535
3.250340034068809,53.48816479118645,0.5371262090278095
3.192261215885946,57.99985088161515,0.5094044570467369
3.126259819880808,50.34796035681586,0.21974308438569834
2.996542787957698,53.24279882832648,0.1993325157707386
3.118117801101719,55.736139824096426,0.24172265591556835
2.929582924510039,50.92032376395728,0.35928525780576054
2.8600705123459265,42.79760809487695,0.25446412866747964
2.76518922241042,52.19990173431004,0.32270008687397805
2.9517907100838525,43.75537492849119,0.340820190371213
3.1317385400089655,60.577504967784314,0.36159445363542647
3.085648329299199,43.16315833301485,0.2604284489101556
3.4183159109116734,63.01386234409874,0.11520299612324567
3.1906371341164346,55.61773634886621,0.4557250753451447
2.9667682337010985,50.40060381814632,0.35810176207129985
3.169202335602453,51.40130845886593,0.11665321192555926
3.1289326625860108,60.84841624973296,0.16179666828559214
3.121296404739798,56.76566918856743,0.09256806680020824
3.173161983747668,42.739373481852724,0.4677188963133777
3.1934698081286506,58.85432857860124,0.22378839120977645
2.7804458782593113,49.1791395791179,0.15161896829737326
3.2147690643623594,47.82784099537513,0.26230981211013327
3.069179020972979,53.71162727467061,0.15351212166151076
3.1150976327574202,59.92259833714198,0.07911628677097697
3.116588372887252,64.54248788934292,0.057446283643703265
3.4197435030307974,61.73358109903462,-0.11896539206094978
3.365043234544722,54.839292979270546,0.04482003756507027
3.290753938925189,48.08633172471595,0.27060638006525417
2.928646180469041,64.21243497080522,0.0448371084909151
3.3847654733408246,46.358354774737606,0.4109520633666945
3.1266960163382915,47.43195973590373,0.4334238398130523
2.822417335258153,51.376081512971155,0.10994487480900704
2.9881016487203724,59.85735967932942,0.0885906719078147
2.9006440009142946,51.88262643072045,0.08758615198091975
2.8790490721230007,51.63657034278657,0.08429854361224169
3.2782691721789883,57.03247714091771,0.20175100265006457
3.002226476051014,54.998155519459225,0.1330073294795363
2.909100388629733,54.9699559935385,0.11537648207564324
2.8560910948606835,55.7271340104322,0.12286269621130984
3.1860144155250008,52.722471421323014,0.23029033569905938
3.1976859417907506,61.69019297702107,0.3051461970535737
3.3480962078354914,58.19227777073895,0.14170546691643632
3.40625522738427,53.47998159483439,0.1515987163140512
3.34860643836315,57.90354487869181,0.019344561251569636
3.256645337760904,54.554869052842626,0.2877654328027828
2.9066426388298074,57.547104525790004,0.020300437681147462
2.9438026889765543,57.33848792920523,0.09078335266889709
3.0154001111237165,61.12847604171133,0.13355850682856113
3.348930832971808,56.757164675122134,0.012544954039467671
3.3281622809624634,52.27730327968315,0.021997195126217405
3.242924990205289,50.85839764431474,0.20782047752719449
2.939526542051567,54.48390227010022,0.17068992120666618
2.8573250054944954,52.07861483075013,0.11745126332661583
2.9867645981664865,52.14693906955924,0.28314573902357587
3.0690016278529066,52.123260924849106,0.14287751662039044
2.7797400973849196,53.52358295261014,0.337959280234168
2.8708159772514543,49.630710668210455,0.18522888962513492
2.975724530341283,52.69593088906569,0.35058133995862234
3.2626337863126693,56.46025875375689,0.3089777172885214
2.94881374178542,43.194310049255506,0.19025684178698657
3.0705352420403687,50.92928107242868,0.15728415662344708
3.1719130548741803,57.77582994550678,0.34595421641943236
3.4064062011609173,58.898118427824464,0.357130342985433
2.7502125869065672,50.365418194921496,0.15676638511668195
2.9518144180388135,51.02064147356126,0.5866523186545748
2.7349118020139467,48.78475262079158,0.16082673884355744
3.2330626066741956,57.11428616778426,0.47588694116580765
3.407162976202348,59.77755545101085,0.3663321021279494
2.7074328420270826,49.16472070007517,0.10622402411263061
2.982517040340835,51.547630600359994,0.43576356741283584
2.906866817400911,48.85842175924942,0.31391379084748344
2.7446347803840414,52.85180569962795,0.13774536049566108
3.033762432288156,52.702359185555025,0.19556445910936332
3.076980121192824,50.380812858954684,0.09126220598051546
3.327023969922251,63.4832440665592,0.2727632398142982
3.3982517679026314,60.755936790922064,0.2653024591660026
2.865822929295939,52.29784705741787,0.16604220731208894
3.308753998586355,56.95381353256972,0.40374583029049765
3.0675365087957562,54.43475497672605,0.2124448694173982
2.862078525437616,51.15644786876358,0.3487895206691358
3.3152085147840986,57.41798757262997,0.4672418702421307
2.966080139564424,50.93388964400235,0.26499400822512514
3.414427852628179,63.190266025405755,0.2783249732901699
3.5680685407996102,66.71619351039134,0.4667635154132348
3.3790579235037224,64.53155632125197,0.08117320048121149
3.148368099718084,57.63453167634091,-0.03768267165617141
3.0287824875859943,59.27061510438041,-0.0105000250367102
3.1501882765784934,59.2823197602253,0.06390128117458595
3.2121351226456283,59.76853599931819,0.0074091963990865085
3.0965715127476945,54.84567051343502,-0.08089463924998036
3.2625615942009443,47.32100163742544,0.4100800249828278
3.497738458689743,49.812112385570856,-0.11882306465173803
2.9346532015537057,52.464563894145286,0.3810433087171793
2.8842513979720588,50.07402094169589,0.43742861053797655
2.8177365049566285,53.83842768936777,0.44093040996534
2.9461006808121772,50.84556217551873,0.4293332655208622
3.4529053856412064,68.51276831889855,0.06959249926046171
3.2701196393500456,52.91948899197229,0.25887524636148856
2.6494028119246327,44.46562568909458,0.2487387599564475
3.0479015272182095,58.555279935057044,0.24118365000876046
2.876057345356918,53.870865450678245,0.1507880061850106
3.0349996814837366,50.7621903384088,0.0826065827183286
3.04798306913237,53.58856512980426,0.12568145574975234
3.0444433731872613,54.56846913670363,0.274478932076701
3.508229220166432,63.870039663292495,0.4451833770101416
3.1978348754853494,55.65436506976296,0.29214524957136273
2.7889972060762243,49.86221895065578,0.16714931950033804
2.8150963277183956,51.35000054423929,0.1650206159457469
2.8421213747056004,58.691553951965545,0.14203168193757781
3.0229364282889644,56.76656326712121,0.2670742731906287
3.252160580418163,45.977542768185536,0.5062733538723382
3.0271468859544224,63.155029672804915,0.04765323573418218
3.0652158166473455,60.196619020281354,-0.0016677383324225513
3.0443050023272558,52.35874751692219,0.2787952769607276
3.1302572484860014,57.88299983398574,0.030444474657265626
3.195495922203909,58.82039107184345,0.08955060131591497
3.486418597440399,61.44677259742857,0.048202933050505804
2.801875367148779,46.7136850812521,0.24387405873770274
2.7757489135759146,48.84468669395182,0.21720818017143412
2.8118706133938445,52.588233319603546,0.258804978990527
3.037460415626513,47.3232718938947,0.2020448942422689
2.9545077293062616,58.28354047900074,0.1305372516017305
2.8883623100775937,53.26434373708834,0.18083767326178718
2.9797880360665228,50.97987207102356,0.18821271669102044
2.679462284406318,49.73208146632258,0.15600491750560508
2.577428838570211,49.732815398498246,0.15062801471750198
2.6472972516011595,46.199092726299014,0.4321963056147651
2.6940914905049196,48.589996056089696,0.5049795376065481
3.359676102548551,55.84660235475819,0.3028896194670623
3.524698515227378,54.85568284165247,0.4903319859990667
3.40785712120537,69.76296333118802,0.16862870247752332
3.330232418748367,72.32921663959533,0.2307765628135142
3.3365986082531154,47.092033879352535,-0.10764812578124644
3.05914130834129,40.3240652353202,0.27777257717062553
3.2146193165984176,57.50471903026383,0.32929367763180833
2.8952342473814348,45.805729851124454,0.23726702583961873
3.143143478962493,55.60866340136657,0.1331111643068985
3.2930906447525596,60.15309747599669,0.06597373526339832
3.399347933889427,65.53599224193538,0.2879003143303219
3.290569977212719,56.333713898341074,-0.12879319203432593
3.2940025678254887,65.78990148140117,-0.02845189975124662
3.3161956712791207,69.88101172459288,-0.16465296946760985
3.3519721745293225,68.25865925369965,-0.12383826448104976
3.246799606565296,59.87655408078712,0.1951199525263184
3.036322920299053,52.17450217552944,0.050549915511444055
3.462398707807474,40.410354487510986,-0.10111345869808358
3.4530855305809878,45.2711144537598,0.013527882893077306
3.2339270630085237,45.78048134507024,0.06551211083937601
3.0671750796153594,48.24240855604138,0.2510573259569393
2.8696592359275757,43.640053338702586,0.24836827913443957
2.869003052415121,39.992595825998514,0.36135161545048033
3.4548104624372176,67.42216770644022,0.1738213275628107
3.516128969578415,64.92698282133873,0.4110798496159893
2.90924348385496,53.90666237511628,-0.031746396703229235
3.0050577407168535,52.35741894409307,0.26904710039782603
2.9759189959809547,50.90875501319765,0.5483400413711447
3.533923783139944,60.326080364234166,0.35604568225737687
3.1272246749796384,54.25286603795261,0.01413721358885341
2.9342448495483997,60.57942396496936,0.07896147704630348
2.8267954043364987,57.459375875010416,0.010179974904530932
2.57915513314642,39.16264737582397,0.5565738448906233
3.4780799996478997,54.655919980450065,0.09127895739102253
2.8603016864467365,46.38809619603227,0.29200777839529224
2.930294868032681,55.05578622179953,0.2508119025152197
2.825896729281325,45.17588409382149,0.44973057804438166
2.820391184896562,45.8422019766517,0.49531399845301033
2.7487816613613516,49.05738325816821,0.5094936283567157
2.875855921767996,47.32107854768261,0.4819681119942182
3.102515757150761,49.96529264573072,0.5508464004520941
3.0409753184595485,52.34152923464033,0.5023041767056953
3.244036919299345,48.285887137193555,0.7412528490989385
3.080634582755294,47.806951662729304,0.5874680087326426
2.9992012951265603,44.86870368890983,0.5174805150067466
3.0359950725470943,60.69659574595331,0.050307008057525145
2.9599937208348677,51.69602324835317,0.20403560687716338
3.0031687922756585,56.21283030189893,0.10380457616711021
2.926466135704109,61.695955267426285,0.21025971381810643
3.116847502291346,53.15566233185132,0.21571470692338302
2.9350467104646527,55.77602127734477,0.33529892684213963
3.3033803900669043,60.40591664074614,-0.10355936858020307
3.1501150855483857,71.09009075437187,-0.04918596541727856
3.0377981501791718,34.09251332827531,0.37877229078043656
3.0560029148827312,33.879915085626,0.37393935300454584
3.1819269522059046,41.61930920046919,0.2520533548214123
3.0472491916261006,40.27162115253498,0.26271949433154185
3.0611454004778413,52.16772620367028,0.575947098107246
3.1207623799845727,52.820320939482066,0.35535745579654365
3.331201479752521,59.41711292508168,0.3089367560490691
3.2386187107436895,54.2489287653803,0.1637418136563948
2.8089771186869785,46.4710581212796,0.3180130834221356
3.294429617147734,62.39660376620361,0.029857621691075913
3.375133750927019,60.57787588255846,0.22223914280632118
2.638868676925651,46.37440258348326,0.5910631753923242
2.6899474283962284,45.35279358023965,0.4831640829061677
3.430825204292896,58.566148411193865,0.08169651973821002
3.117180258288913,59.92578016534923,0.22292032551914912
3.31676762390777,60.22962096223191,0.4342017952489698
3.214142059238979,57.49733145423255,0.34189237468344075
3.1563531764012462,56.76786809954773,0.0883144645465484
3.048155422313679,52.95903108537052,0.27680219928421057
3.432892118648515,56.26218335488742,0.0912411464851643
3.1307693382436916,46.910126525761896,0.10328477389604668
3.1088691406994298,58.390184724096024,0.2565849830944798
3.4709789130210185,56.62632280746273,0.10641109235123619
3.020299012158184,49.81129721711299,0.12990285813110292
3.0843773514804087,58.09638903683071,0.2143609352986356
3.0016526625913613,50.86963538312939,0.22978279844748103
2.9762989970865226,55.765624379272836,0.31370900735425766
2.9803923039412306,55.50631360150069,0.28199562419058744
2.957105111102405,57.239772992614725,0.22120378564129628
3.0451083432308583,54.77667806960165,0.21705050520015692
3.0683876226789546,51.15272720818154,0.23966558101074623
2.911536853517483,40.74191483632723,0.3925074714683755
2.7521014061499973,48.20794487309008,0.48475326703857174
2.741383623329493,47.10306365165485,0.3245392132793979
2.775581759636689,52.41669912304225,0.2629195573647577
2.651772073643357,48.05752205512212,0.34580159461384213
2.7256118392416213,46.566396299341065,0.3810808131174424
3.1896045565705733,57.584884570574175,0.2741186613310112
3.0527472738568884,51.384827107294946,0.28675850341810205
3.052675655372439,44.75265612634301,0.1595679776864379
3.099864177048341,40.7581755748028,0.177921533234217
3.0425203785634825,41.29832442770109,0.14287887181845327
2.967244452683563,45.335833980547584,0.2587142698420244
3.0879489195091185,61.98351179025374,0.08174682969525147
3.1196056527291125,61.54913241497913,0.07291060739968912
2.869496909809144,51.85150651630164,0.0904926148353802
3.370669341992548,60.46813015499285,0.13993221363334063
3.391848852337396,68.81315027213003,0.014575439735873849
2.8203064055054057,39.47237085627594,0.43461469104277106
2.718770717395501,39.881196530398086,0.5261557509937024
2.5899479520712814,41.38166883170117,0.39974104831620083
2.6878888158838294,41.2829951210389,0.4776091391992518
3.7012934008399543,56.781395439496094,-0.1757006541446036
3.399218802934321,63.33528397834927,0.06590529294528082
3.014976979011108,43.039634844966415,0.3861617609493726
2.9660178165950084,41.6414861908347,0.33116952565516194
3.4858577731105442,49.706227901952374,0.03762154506418685
3.025565813667581,37.58906824873122,0.1529488085026306
3.2588760364821914,52.7088053403469,0.05682075531273235
3.182654901960171,45.53806858579354,0.2833503723503981
3.123888142456181,43.20668429735832,0.27946065823765937
3.127960020245693,47.95336541949477,0.24921846790147048
3.5302536955486516,68.15745150130999,0.23243195977785272
2.81698053300824,44.07353531756866,0.1865752455887598
3.3703231511605862,54.62216120580474,0.12536762611303257
3.1257362621903204,60.36635779750059,-0.11935404781032972
3.079574223717782,59.866639963473936,-0.14046898515275671
3.2443475072948806,58.290251206847884,-0.0709955939928065
3.2384703482456314,55.63363254555179,0.04440641754590892
2.9841277325166624,60.81902348514149,-0.08526073844403323
3.021230561455867,55.535302679092794,0.09539391456145296
3.0406689063548846,56.03124336951496,0.04384422699614175
3.236327945538413,63.512595456121,0.17161700652558667
3.211986754915835,60.211512802575584,0.29429098632368594
2.785440336382974,49.965416197553914,0.4407013695616602
2.74114192330969,49.076283349318786,0.3724527731974017
3.2894949228776267,58.104467683997164,0.11493053813918314
3.4568069403268966,60.14049527849297,0.1262634092312863
3.212996560591014,62.26125362802688,0.29772009989261067
3.023059416794005,49.23383647998621,0.15982220862150776
3.0502432397907935,53.72424278357086,0.13061091664293994
3.1215752975992705,55.8897181720523,0.23983650954649297
3.060693830656469,54.26227080190739,0.19822936594226728
3.230432999328002,52.32620734549841,0.2123530180059247
3.236892747687642,52.51947522385061,0.184044219795988
3.2728847303252713,56.26082385279243,0.21554584220158055
3.158753302186292,57.09641061397158,0.14316965961581363
3.1741605821297942,56.40336908527116,0.17144332192534636
2.845135956615658,51.66728509848782,0.04874404337907378
3.6108372898053616,67.54613441360276,0.2981719428905587
2.955804470503864,50.03086298277881,0.1023659805645573
3.3713373655214776,53.32974797145693,0.07183270802562272
3.459109069442937,55.85847234315754,0.15657821177579495
3.4810996056365204,54.175529215291995,0.1354086200096089
3.243345559072736,60.85235810375276,0.2805789033627055
2.7752683769858972,48.62319830235629,0.5797391006978878
2.6230909010148027,45.28093332642486,0.3554833434745581
2.9130625352691077,52.75150075127104,0.29556263096859375
3.003601892140043,47.866336326764305,0.36524442460401846
3.0512707953811566,58.87898920091801,0.053469797787048454
2.9217401640563985,59.65440124926116,-0.11518064724652124
2.956999473421302,59.17497468293563,-0.12308295839487862
3.2169211102413984,53.01305978627695,0.3206666377736283
3.027253211601993,59.158416531688154,0.30595927860975786
3.0745571571468173,55.762830724826586,0.26674248248664906
3.0661682911802086,56.93336684382158,0.3553564254270425
3.1628574539633454,57.74979905121837,0.368607779403509
2.9333371159181234,57.564321427092786,0.013566510261299592
2.8912597546437366,55.43896440442669,0.15998568131650764
3.1278936590417734,55.014023463031236,0.08801973076388199
3.1424145427973413,54.06518962532269,0.3355672849532007
2.975719527733949,53.08683200224729,0.36324257190799797
3.358610263820364,60.40234509131097,0.1810116262809571
3.2100429642173185,49.23932430975516,0.37355854054413357
2.9744459625731445,45.17062544566446,0.30761663917348897
3.11884724149217,55.28463745987859,0.07923105443853377
2.8715228785193374,43.21197243712384,0.37687039064043654
2.9246424916471616,46.93193772484638,0.3170166055817481
2.9016954441604277,45.54030014357778,0.14144773645072634
2.9289408041632177,55.732983591287635,0.2537381977441851
2.8161465586473553,52.37938300318689,0.20240160535459004
3.479118255817408,49.10350537714607,0.264777147767218
2.781086610938498,48.80376777345277,0.09806557174639761
3.3113736413832404,61.98405330091742,0.43422794746615256
2.2727569174317757,39.42036684535215,0.34747842076615704
3.0347311187806936,52.58996100368066,0.22713075866373983
3.1337110528037506,52.29478192598506,0.17092227805904694
3.4299494301901126,53.72912429129308,0.1505016824440548
2.4527489837545957,39.64594817639334,0.3253597518641222
2.4538610423518423,43.889568110864225,0.37850349710680803
3.423742967984603,58.00928844388331,0.2371291859028442
2.826954408920698,53.481920960026784,0.10787149983103587
2.9589880467940186,55.398866685375175,0.1277710124140474
2.9703891508147597,56.46282884436666,0.13366062491817415
3.2608641125319573,51.14173601548273,0.03307474905610948
3.332671052468676,50.9019290592408,-0.0282512828078473
3.1746844208140437,55.797324577689054,0.3069050925679409
2.842747289352938,48.0298502031965,0.20789166770373932
2.8153979807924197,46.45925128820926,0.4477814125349158
3.098123315253838,55.79405389077379,0.06046819524573833
3.2203734410191784,55.21278089249056,0.17697802038260277
3.5994401851206637,68.37853655609841,0.43913518749372826
3.4448224464669814,73.88923194740335,0.3797523640818325
2.8411333788560365,41.77886332323345,0.023196588419667562
3.082316163103841,53.407229282399214,0.4610436213463669
2.864342118179707,49.67410773684406,0.03513700186149598
3.3289926660998597,52.3691972397814,0.5278303502159356
3.2432434743839025,53.862026101479415,0.4650128525136997
3.2329281760279573,51.32518387279801,0.4051832717945761
2.995312417464578,60.22084736144625,0.23691005888752897
2.9811186411867507,58.99446538276376,0.08303746545235675
3.327110765519033,58.660229446419216,0.17103675185683417
2.788250083802432,46.9909157162897,0.13344998115922937
2.6876869810595956,49.88984674209154,0.40769663919926674
2.6134500978543755,42.60077511564113,0.2369997124180213
3.3671172234076785,58.92644500259817,0.33225725065947076
3.05937430739537,58.95425767549459,0.22808947084661677
3.039244144313278,59.41536543163179,0.22821189661006597
3.1136949708874893,56.94236480500002,0.21528795562211148
2.9505286877740966,52.623928467167424,0.44642597418308555
3.0938494734001187,55.37799546686564,0.19600906729386983
2.984491499109796,55.456201571216845,0.281995837696409
3.1372193154781804,58.76441288268549,0.3098748839219686
3.2180312865253122,53.29753265441351,0.1656445207977968
3.364519546994012,49.63929981177452,0.294017100351784
2.8352229493038945,46.86073985944381,0.36536048432008034
2.966964111267085,52.928571194625285,0.2733499929088389
3.007827953397528,41.522480648455904,0.2952993014076797
3.118591735692906,38.70588814793226,0.10953638047978873
2.865732550023275,57.08449858728882,0.20105758642823005
3.2622594608986155,50.16483941987799,0.12090858648145442
3.285319536298915,49.70813697153954,0.1331017343801622
3.271472700387638,52.41147898670626,0.0941372902083857
2.638927475856789,48.33880529748635,0.4369941392933148
2.5787928807972667,44.803649032279786,0.3894119363719898
2.980638745160281,50.521392073751684,0.5016384928150203
3.064494105975182,53.33100457209816,0.4750079601620739
3.1690773221360033,55.25939401967693,0.41608841521574874
2.737673689108466,46.48866820842315,0.39541790496014556
2.909443842026087,51.34387596019271,0.29713000487132596
3.1107955682946624,55.97388302415477,0.23445696097845217
3.093894301039321,57.09055328787597,0.28242641711496097
2.8644475677067707,54.468752598850145,0.2618807019180284
2.85094222659266,54.43592739108806,0.27916988040910623
2.9858680006491425,44.55550154235769,0.36010534524005283
3.012825114082365,42.76625249287032,0.2972931052132075
2.9655504873716114,41.34394677257358,0.1934185091797741
2.859170212969265,57.39218408081364,0.24992192735383245
3.2004846747446565,47.052640011579875,0.34833717560193267
3.1856508869133235,52.79211861917365,0.2508211134899106
3.1562409136246985,49.265965841439375,0.13653002460404473
3.3863447026604665,49.06912277745446,0.3598529871876647
3.3767328029492063,48.47572112156726,0.34587900926039505
3.4043138014544483,46.80748717321867,0.2624729281242612
3.2432083964373764,58.80178265708194,-0.04224401590934135
3.2904917675603342,49.87056696266319,0.16942784838255648
3.2580230266936123,54.14414067608306,0.26203848707093613
3.233647311659643,56.85443623193673,0.4244620195233559
3.253849625365071,64.66604425768064,0.44112091943854986
2.9130180797363217,40.751293043914174,0.21471697117895472
2.8879091054904316,48.011515809654334,0.19513196713898737
2.9575134499583107,52.510375536149866,0.1853784183726535
3.0229872300504264,54.189318102709315,0.28994183176568905
2.9835584274323477,58.210159566213356,0.18526427473383988
3.214396569918873,60.63287836721092,0.19516876404578826
3.0133878757118726,49.70751214072749,0.1926187213846845
3.136521993508897,54.160827069109,0.21290061328986376
3.1252110970698816,56.01377436121056,0.2187224453576162
2.8264251140428205,46.4720555885859,0.48033950242064805
3.095946403680243,46.33549846920675,0.22744095862759436
3.054210199357268,57.0916951731726,0.5861675668015285
3.1259025782419516,51.89013964609667,0.5916370574303121
3.2047394229392934,47.30867540878855,0.6793027035125774
3.1877863414516856,48.82289076989092,0.658469335576139
2.9912964490808176,46.61885410106447,0.6656706010428911
2.962374630059993,56.465026548766026,0.5240798737349329
2.9691146975908698,55.80270923730366,0.5241627783857755
3.0853071999245723,53.20593691465621,0.45589705210828496
3.345876524422917,60.72514810849311,0.4399593803096683
3.3086616704196454,60.651248334676694,0.5266574284133019
3.3602996136934107,63.3967417024823,0.5054963178457161
3.6732005501930103,58.181113595472425,0.1638963246284339
3.283832776814811,62.36585086944224,-0.017395504563085903
3.169279878888971,59.24417947137914,-0.12048918499124284
3.477137901653761,64.53669306473789,0.382392106301828
3.300610913444813,56.54542391217896,0.2892264649938715
2.8431583935643587,51.01301049457065,0.3613978582305119
2.938367867411342,49.298899187715506,0.20606346452767976
2.9705786301872235,50.51151205823333,0.276362009153886
2.627690231410641,50.11032037633648,0.21569286837791787
2.785655121208797,49.71614384206348,0.10803147129656399
2.676879512425672,50.78750177282833,0.10477410774566533
2.4393083246810336,48.61601189145283,0.3318546354165952
3.3518841190059185,42.950817138956474,0.23128397569037615
3.4444677936294403,44.64788138732263,0.19918145525393166
3.3739012375354656,45.21309241094934,0.20290200680799975
3.076146374284586,46.69573989644699,0.16286310168129095
2.8061647772509115,48.712499939398185,0.441390078683969
2.6326883538789523,46.75335494686783,0.3183522190144953
3.170337485575045,50.811681507405666,0.33193096822745394
2.8617331856046424,45.68901779307827,0.4425682710973224
3.0741428701557574,60.40497289110077,0.08036285272452418
2.8678611984931237,42.912592013136866,0.4622546181459007
3.0618238045886073,48.45211987338978,0.46414232524294613
3.488672393371084,67.53878314118568,-0.09446368664766068
2.991157908038266,51.553054376453304,0.43506414689806183
3.09897573894839,51.827785181673605,0.1376842792806804
2.684024793064872,50.02155416576826,0.5100063832060262
3.4142645439142876,56.05124279346704,-0.04285182851697808
3.216031761221339,50.01161647481247,0.2939323956449208
3.1671375038351846,48.43558740310569,0.09249142732336736
3.129505669867145,50.45498689465756,0.23299120669681353
3.2900458942499724,58.77855790283195,-0.00831853946316732
3.0788492929810976,55.096079330764425,0.23363119175841252
2.9477670604047566,45.54273927976489,0.19731424487310412
3.3368228076381587,69.29334950702535,-0.010879208873727899
3.2611572180006037,53.2088406727137,-0.029963221266341687
3.446608901271727,46.9246713752094,0.22178457968796325
3.4052312329058188,42.908633211105794,0.07983075927374196
3.2054064260539348,53.92194321434388,-0.0034056293263762987
3.1831373204459927,53.81261432729127,-0.03278622203723564
3.4289218424251535,42.94797600635961,0.002762489155752399
3.1748495662099545,52.0997575812588,0.3313861823732897
2.7636449761925004,46.72569135883565,0.1653384002578695
3.4826585129309944,55.21275569238151,0.26724984013947783
3.4406537392051155,56.05843363131699,0.2883033985652432
3.4046764252078163,57.05988458681518,0.5451849315348032
3.163893635637503,50.99812019618992,0.4005393744806351
3.1620249513370084,58.5428835726084,0.43762611474956253
3.319805754999031,57.95372377679521,0.2811223737713985
3.446171645183762,54.65485584020546,0.32374083389163183
3.305483416458165,64.61680564156069,0.301109272551951
3.2142781005179493,55.0204836598634,-0.14394678163056007
3.2087711662839005,59.162008665868925,0.5485824799818344
3.191568711517398,55.812926345361454,0.5679643928085981
3.424001386055207,56.18620126827794,0.5667779461543562
3.061416433435038,50.43683944441042,0.34443518350045377
2.7998369334959636,52.6345306581032,0.2063702725638319
3.1781677168238462,52.78974151247106,0.41302326258041927
2.878896309145658,51.24333012983752,0.08753549882089334
2.949632857063738,52.850366386314086,0.14919026514597344
2.9893336913861006,56.558386781233786,0.17404141136033352
2.825196953405961,53.28364979698304,0.18976234730309094
2.7170498874455893,52.25585433439372,0.17020548566966565
2.7077731463547163,45.37643455877227,0.2062189064385601
3.6701805212009755,64.02846332381715,0.32099150916214025
2.994081233326217,51.44853649091006,0.06297015004690674
3.4703785691953213,68.11904951850313,0.15275513394566922
3.110886401682102,56.33708624977636,0.016170102114168264
3.337956111503583,66.27312227903805,0.11557918536478129
3.1735348722480654,56.72504919952804,-0.023764415588533486
3.258581699060026,52.70638910283711,0.2499299489825766
2.5442090349055655,47.67949969812617,0.2192509225349093
3.4977520270264657,55.21132371954439,0.31339438119118906
3.483634783950839,54.481023754934355,0.30544427348743997
3.0845568102762444,43.75854138713255,0.03289183098156711
3.2050087363538275,43.30642282679,0.011264949265641956
3.268675765402199,43.705362965057674,0.22317113728761637
3.2200398048094407,45.61943425604175,0.4227412233773163
3.1310241397396954,67.32849507316463,-0.06122666068718892
3.4065022958326976,55.77397445210571,0.06860332207960569
3.0827119225620896,60.576018635778915,0.11291683107106004
3.452571201121668,52.723291115077025,-0.004725512623250083
3.3406503800321934,67.79484692281842,0.009099182049130876
3.1254507550850414,62.38765528370035,0.0906378888173222
3.0534865520180903,47.20148719897938,0.46728654202022407
3.1708766099834476,67.45399813145978,0.03538620714496534
3.585418903374586,53.77071551779717,0.06966329671361998
3.139118725735523,52.23700447174759,0.014691282953478395
3.1377836097542176,53.528403744062494,-0.04023134776070733
2.939815177132469,52.60271077162277,0.52912710138214
2.796616999251936,50.953937239281295,0.4330701782220552
2.944660390990476,49.44438038420488,0.3605975277640515
2.777619263392224,51.64800989544588,0.3311546443650287
3.1695819879777023,60.88975826152701,0.20767960135998936
3.3805322363855335,58.313244797906144,0.4545866065081983
3.020589104572816,53.57090737629967,0.3878145463217979
3.1712984421122887,54.22300872237423,0.5166684558260255
3.3773087411700424,55.31507868289116,0.22371388535386943
3.270273375016672,49.762753465399555,0.16435030782196736
2.652330705452098,48.85555793550985,0.21758780058195898
2.7340838647777392,51.88498283134041,0.20272147396599247
3.1002905280909787,54.3370770570168,0.39850784666321915
3.0814446189215845,52.99631833806439,0.3885194125058036
3.0425442207041775,51.42772595531845,0.26231035034892136
2.9902589897236256,57.744544587878735,0.43021097074028136
3.5345445312341512,53.84808977584532,0.658026524974544
2.850742053099947,44.59544576708366,0.09620558535818544
3.0388061577299714,45.08167529731341,0.11620281137101905
3.0333463034232024,59.77496442511857,0.25579948856679674
2.9965801200063127,51.32618980887813,0.009893092535393945
3.01860379281189,51.71467104380264,0.19553512320933997
3.2449970360625713,54.93925598936209,0.22473444943139123
3.1039571671707087,65.03909078197249,0.3150676546727991
3.7546996863417874,61.22611531820404,-0.14932540418485502
3.5578987702851,60.470880976526466,-0.2637784633004942
3.445647865448395,62.244041139500496,0.06698931029021686
3.2628629060452714,67.71914782245638,-0.0342363228029642
2.469632414752909,44.40890908301981,0.6511560394254717
3.520856374214128,54.94804733518424,-0.11608942172130157
2.7530323477697216,53.17061213753784,0.36941014508026937
3.2739730617804055,47.729534916306484,0.13985704843825938
2.571136841579669,39.87496152613958,0.3830440123521806
3.1161484322523045,51.66113267215173,0.1361924088446691
2.910131991972235,44.225426475041694,0.027711312357607914
2.927078365385799,48.66762383634022,0.21565866945477993
2.995955963119503,57.60879041228776,0.14209718232294383
3.0263415195560732,49.10140168350432,0.1431742003248634
3.7112574591796945,57.69383188895501,0.22995730954575228
3.500479345817826,50.16572078609104,0.1569997737964193
2.7587909008878793,40.89481250980566,0.4421077508192494
2.722789479452926,43.894470877113946,0.5341700500734184
2.819111110535122,51.33059745265507,0.3958502490646923
3.0852438001905447,53.75134106556683,0.3325922124065892
3.1329023756713803,54.1007793167792,0.24157516336849566
3.0338967998644257,56.32749061623786,0.14775137131606148
2.8486408735290842,45.990165502547896,0.4187624910921328
2.9438325852422627,44.76469597460886,0.44459526758950957
3.1430273240045006,57.83722843898901,0.310949208491182
3.303750499787863,55.53497679263694,0.35031458817821653
2.960206153539469,51.826868636972904,0.30825827394661687
2.9129500060432707,57.803832601344055,0.2726652776103136
2.925637652247447,51.83821891558898,0.1528958971234704
2.6227438956632962,46.19772291936498,0.08249909077779125
3.3066922452063343,48.73129164781562,0.37418906850919453
3.0512079999561688,64.62096671840388,-0.07586584248614787
3.6183351449739147,61.0076077713007,0.3779937766310712
2.587528074003394,46.76478515701066,0.36621424461631386
3.1348161014180747,52.84537782023764,0.4095261954571358
3.078317793057038,54.732173532873674,0.42577734926334554
3.040644504564943,48.33723138598429,0.23901161458491485
3.279129038804888,53.40966285600756,0.19630320599348225
2.7201833244971216,49.61992621924982,0.1398312478261438
3.33438797714015,54.45252263924115,0.19405681345326775
2.7523061660736805,43.844366668975255,0.31779712635346047
2.820072638783506,38.73043824336334,0.32849229509615535
3.468955268011593,52.920053588911045,0.22103915903074214
3.323125722490396,46.10230948140083,0.27265327629612496
3.4850619346188707,46.762449856106485,0.2408612888220005
3.4589276052343236,45.79646066202924,0.28617419792985327
3.0905801501384436,48.51222156409001,0.3341891269459502
2.5909464756246914,53.957960004968726,0.15701748542578908
3.2233692304965524,43.07298687147688,0.37102695307073186
3.1129840726806135,58.038688103367676,0.62008221327915
3.362078979871641,49.65644468801546,0.5198225134008171
2.8688122747025817,46.83276207974843,0.307770180683614
2.984420290011016,55.43069351819774,0.21183874019854684
2.89609286432662,47.41346727948718,0.2751362083663384
2.7648015844290033,50.86446866853729,0.35902065294715074
2.687318891891708,49.77243946667397,0.3652749935937467
3.0905224864756105,50.08160289017884,0.341273938121324
3.0988420413977082,51.95669863900921,-0.041435158767723385
3.5350138803251143,64.02387898338235,0.35247610791001516
3.041653188712965,57.02944901878751,0.13507701795053034
3.399061105802853,57.39171211170709,0.2760928732825122
2.9960760279035035,54.12439870682643,0.33678978667834114
3.2912197484005654,53.734578010621505,-0.07269884836070648
3.457026222270984,63.53082508402603,0.2646842231474743
3.1994856946525454,59.98148508881704,0.053673762335247635
3.074330924190609,64.02021201806959,0.06832556099176242
3.5322745743998127,53.85328964792456,0.2873758158711797
3.507483160648818,54.99253660833101,0.3383515594539864
2.845382243696935,45.59419290416403,0.08382805118535885
2.836342142582154,45.04867217917237,0.12695274252966668
3.2045570977347193,61.95128489530362,0.21555094763125077
3.273289731362611,50.85773691319948,0.25653093141983135
3.3787963236399428,67.40353347023027,0.5085120093456664
2.796333989208911,39.97219614848554,0.21867050880005304
2.9358340172070183,41.306212764895484,0.2758855476017567
3.0473150601002144,55.6704989545748,0.15430599316242305
3.2312164416028004,46.61999194074692,0.19374468837304168
3.1983666063155862,46.96246325841993,0.2246935774191351
3.232284243306841,64.6496030992895,0.16962524293111997
3.307962159731396,65.68604311222276,0.25019768270414083
3.0461289619859526,47.617898594320295,-0.020330627053012085
3.149698628619543,49.65318963596396,0.05330115530491643
2.9997770320125725,59.161345339315574,0.2345146139508641
3.1229283644507166,52.72961592764038,0.2848713450123057
3.1685213106562458,51.81536865321945,0.09508805701193254
3.3665425961426556,63.03696087050398,0.2500187213806146
2.803426816905062,50.68004400227768,0.17404962676027894
3.0719112083279843,50.18930619263221,0.3293737225678409
3.121985290016028,57.17587380802825,0.3710171001185985
3.152700244515211,58.160278839641634,0.05915722997499958
3.058871764771352,58.25434830483119,0.035232760497065
3.1665411703384887,55.60260841941269,-0.0024375665116865156
3.0256872411838525,51.311679942477475,-0.050713786113267524
3.1391352466809286,45.7860087100609,0.6054289402137528
3.069934926425021,52.29210533803562,0.5418475380193456
3.2905119370888407,58.39062323336904,0.5248993997757702
3.1148256672521084,56.15741996742995,0.03944093100712576
3.075654943393694,59.11295001084912,0.1655357659815502
3.080302238685928,51.64769576191316,0.044039257879769686
3.397827384899415,59.717527203572445,0.35767244246286833
3.1228098473077215,55.68482203689436,0.03893765690532664
2.8993903463448194,45.00705716910836,0.3982778516557869
2.8445856016632485,43.875813123326196,0.41970962512375254
3.0568480023642928,51.27568998178136,0.19089792036658706
3.0369361649812565,51.798624409175765,0.20235158150027463
3.048569241997468,53.55179925036973,0.27475143629730797
3.2347662481162196,54.91039902894683,0.5235772144760266
3.2841863825381084,59.02633794717117,0.5875521181086583
3.2351305620532296,57.33448243741821,0.4292411201027966
3.074887122035503,59.5311826413631,0.4223182633754429
3.0103240392400017,55.065235414021416,0.3518825085642946
3.043665151750471,56.925736482087025,0.10644380903001618
3.0843182664142526,57.09825105463707,0.11247185633889371
3.0948848484086,57.72821099645821,0.17138016300193334
3.143310751463343,49.088764575288806,0.17406178579985032
3.147417531368133,53.74020733938604,-0.013363654056104301
3.217937072911913,61.18353033955357,0.23199824449419804
3.178767426501506,59.46731630035012,0.19649563351469884
3.5630962950234837,65.56270761004924,0.08678588949237431
3.502728673300934,65.5536634881303,0.1810004258274431
2.812588541943125,47.87474325975768,0.17111229829491065
3.043634337455756,55.672280684396455,0.41769461412251724
2.840833966368016,49.99687417053046,0.22546928273087485
2.7813527251507897,51.60342276815114,0.4658493853945191
2.8310739688693984,51.9961174450818,0.4667324806840364
2.975011144989226,50.94206940263997,0.37395593710553904
2.844551599193085,55.859372451383706,0.4282977483403334
3.023665483539724,53.426244911356704,0.4043321224013286
2.9080965815868947,39.45989197641433,0.19424437195579689
3.2918028446525334,50.860450740046474,0.351811653743123
2.8641842897926897,55.438983668307195,0.14652109034473898
3.2622336026531644,53.02476926029675,0.26285245442940064
3.4546069050588613,60.098311234470415,0.19685777879252842
3.428484785524641,58.256611567116444,0.22967652918010714
3.104015568289511,55.55502195690547,0.11737663029222298
3.5342794352945015,58.41443006551521,0.10290549975841926
2.6766322718407807,44.91391845902279,0.25185029070165726
3.0709135972613124,50.933374627706336,0.20245843458046708
3.166083501238469,51.12998724791049,0.09623988368526595
3.1095618687055495,49.81890697810144,0.11925305516672215
3.2802688293549314,51.94457486160483,0.2686482336633072
3.368353998942999,60.410204428445674,0.17815804053935555
3.488228397528186,55.19604066231033,0.5124613070002656
2.5221764253955548,44.725047691830795,0.23008551552092982
2.6155206243713174,46.69542071719344,0.059646459157909774
2.881602825222833,47.95147084452453,0.20733981941432472
2.837905166849029,45.927648257085934,0.15252282542611242
3.223803576234159,42.701391476285345,0.3332693652945092
2.7517263273718986,52.6574780622023,0.31947518637379796
2.8623998564859905,46.39000568189271,0.35536987141872667
2.8140769243084067,50.80817344178976,0.31778349591474003
3.2769151167340675,48.49899335306654,0.0948167996982691
2.950943953721295,53.75476854435062,0.18066064313892344
2.836749172390015,49.557008393203965,0.14051681265007843
2.9975006424537667,49.6688854955833,0.28584259209776886
3.2004940208928105,47.850273077419324,0.15472197141426505
2.9144133305975286,49.364978040562086,0.15385175651164334
2.8578449831300836,53.87524776668641,0.31962048548536515
3.145323888056606,43.57819609096005,0.12050844568674417
3.1927022270403853,40.883623296911175,0.1989001020574214
3.1516058150094532,62.70051263821679,0.16221934110735486
3.0569754750115763,59.283506649835175,-0.07311852479666878
3.22449656574085,52.624174394538024,-0.010708653105941372
3.336300126055245,62.75453465964375,0.17419394820423287
3.1022195301845152,48.11676807598554,0.010207394428695768
3.203792932923283,47.09875797759887,0.06295214592762136
3.4236931676247457,46.5586168213429,-0.04056378267300505
3.505605563343316,45.30325717227044,0.04133499298582865
3.1411377394102185,47.18717722551388,0.06400225246542328
3.2658421610505015,62.88754934311263,0.2565633977680892
3.2032271008290167,56.376020991306305,0.18635480743640198
3.044126638028786,50.92186243194688,0.12614948018280336
3.115031805704461,56.9525055991607,0.04394125759189433
2.970968563484983,51.243485407758754,0.2486596405963939
2.9693706313598462,52.428131013444045,0.2749588961034473
2.6783185276674453,49.307526225493255,0.18898891601323373
2.613181967528004,50.642155515195455,0.1887121380884254
2.7319332800373877,46.77244371183008,0.1533303682462486
3.0145952783126493,57.09600058975877,0.12880455283680467
2.890868955605961,48.5629471528625,0.37640252850442923
2.747345757364848,43.88343837846068,0.3190492744635358
2.944290318579054,55.74148405630881,0.22640400624996154
2.686279521054763,48.181973633800446,0.411686286215553
2.9976164781807277,53.841463869670974,0.25722505836365556
3.3172375824307156,59.193320918528265,0.2915292860451475
3.1279455274083623,54.93376551738057,0.0907867884632204
3.0221414810207192,54.559057934291104,0.3113799714580754
3.030310098030621,57.31795087863951,0.0932719225629319
3.2550921442555265,50.76840056036197,0.2519456375988404
3.238249425333187,50.578033901372734,0.22390747969246538
3.362599096841539,49.02255766985759,0.20194815444309924
3.234026896884869,51.97780240471541,0.1960021164413695
3.2684018334565343,49.30390337338157,0.1756861248127128
3.1658730172174403,45.416565788501465,0.25294110306694007
3.1610599552058427,44.12980789811235,0.30897454554299225
3.328854683799643,43.97434899854509,0.4328924651619065
3.003829833269155,50.4099856343138,0.30319707213882424
3.0880002212492887,49.41861749291398,0.16983683392837326
3.3684351740432326,52.22747879358216,0.18560326628122295
3.2122296073423513,52.955719845201884,0.16923786660702153
3.129973533568171,45.73264408376163,0.19863160753639708
3.2367083946655097,41.11834297451785,0.07427116284917233
3.2579102057767697,62.12656090126655,0.08119576714765396
3.180487090662544,44.456341810359476,0.13193032883280778
2.985951562004798,45.19794228399891,0.2992709977302725
3.232657463143676,59.68675374572957,0.2804889320851181
2.8368630642391928,47.69712664405803,0.14912643544981324
2.9381764941282067,58.03832810689316,0.12561526225573844
2.9998005316099223,61.324317018063006,0.06175064821853654
3.2532064322369827,62.48769563717289,0.2466526558943537
2.8720920268560777,43.0971014596884,0.17635860586661817
2.841054447823512,47.949966902158394,0.15659073221049527
3.2165735467382843,54.281116310908395,0.09404451768674768
3.0205648167934553,50.23894939999245,0.30171804164247146
2.956515508821926,54.221039966802685,0.08657080176782672
3.0563255546133785,50.887706775599895,0.10277049721103428
3.2652748052351863,54.826804323654656,0.23630811639025415
2.980790087628993,46.3877351721272,0.2590192363397642
2.7617807269693144,40.373242345597845,0.5693626485211474
2.8434296231035714,40.17533059041339,0.5264577711969254
3.0688335468962316,54.56799071633705,0.2824442480255997
3.2685902260010713,44.52978374180477,0.1057802227559584
3.3626545568164277,45.18760838211555,0.10484243604734692
3.412230846728118,46.2795199048454,0.26975963782686746
3.4241863855113848,45.475751913306894,0.2602107221022547
3.367612770832836,58.10380849776453,0.4345922935885729
3.2158062330052832,64.60954224185969,-0.011360597015219527
3.6420174272726955,50.84872446872889,-0.18017314112185567
3.59089150611832,52.4468369220378,-0.14908849223797843
3.5632482552005786,50.03484899599622,-0.17250920685405133
3.335713102258011,53.49189974362687,0.00858050624578413
3.2888008480517503,60.29582581497599,0.20496776171862288
3.113121294649614,54.098230203774435,-0.006330497586580926
2.973317905067394,53.56041455228102,0.3629813355025877
2.9620348427776233,51.18411035647925,0.24727462368723482
2.8685440487991296,58.38931318210233,0.15742681389233643
3.3988377354362536,49.912325882193635,0.5082874623096194
2.996900607405808,50.62971818787216,0.11288740208811435
3.163186725468582,62.79422638786429,0.26392764195410373
3.0830194200865204,56.63750409096169,0.22120004121333747
3.098604612228625,48.603095154262796,0.26225223735254855
2.985733388183883,52.09401443306239,0.2959028333402776
3.0187044305852684,42.95237559612072,0.12510675970173413
3.415758684470911,47.533619365832514,-0.007573063574138247
2.98078451708992,47.77860150975609,0.29446323443042693
3.037001802421393,55.580670790970224,0.2834422796954478
2.9501667098941033,55.24059409397009,0.18918364948967722
2.974119894164751,49.01301979405704,0.09556052107886212
2.7688452629611446,53.16616036097023,0.226015148429006
3.0562883749596605,43.16352037140099,0.40088080404190496
2.872216906665577,41.724377039509825,0.5598442882407388
3.287421991461497,68.41456972732563,0.14917340393446019
3.1634279558076397,45.74312087724356,0.02151003947580989
2.916409238027283,41.913205259908246,0.33870752444581387
3.525268365027186,61.3459356303655,0.020790493395981793
3.2624169836515007,72.00556318447877,0.24194814214075794
3.2880486439373975,65.47106810826034,0.29717295961559426
3.477043059807856,55.88187416992066,0.25482005884009845
2.883530359237879,51.29041215040792,0.04120492585967706
2.8841716282650496,47.45572451105102,0.20470727290435034
2.957193520009061,55.38135654493337,0.24481606809110254
2.951233976687577,53.1480719272378,0.20585588753235326
3.0308402735119166,47.25361037646474,0.4333878217379441
3.052199394706488,47.85665135839922,0.49921889533952196
2.6767771566404943,46.899226628843316,0.1765123195598261
3.3195146218607006,52.99477106516017,0.06266051478450217
3.362890978256831,43.73977545063824,0.10884150215011826
3.1435448964549924,46.55293430797745,0.1084057033562078
3.168029182224669,47.37090373876074,0.29002368508351883
3.168546919540932,47.85386961993823,0.12078379483058099
3.372368130514947,51.6033419312396,0.13926229551730002
3.0394210440320877,49.53932632437787,0.2999608584066855
2.9644992087473367,57.15714466152601,0.08307991312992828
3.3729333383021785,53.12323746747824,0.13750387102973394
3.2393379802912294,49.61174572767235,0.2728587347875048
3.011975210366269,62.6787943300528,0.1062475110645385
2.833051157070675,50.14439430960047,0.22068978169482606
2.8565014714905335,49.22420462867219,0.36010214358564957
2.7634893362817894,40.01212287347341,0.369248899138738
3.3117467153775406,64.67061876554318,0.09727246002516415
3.105804812449131,64.42557366786563,-0.12255674654894953
3.071435468177951,64.81315963175882,-0.10228713321957432
3.117456843254121,64.91039891422234,-0.10354074125573944
3.1297935000446335,59.38001031534921,0.05337936575220581
3.205603513484352,60.44219763804555,0.2657735019276113
2.6587295603625654,48.930278626815465,0.25953827562974846
2.9887166357064485,44.930696972459394,0.19160994618878927
2.9564277812869815,54.889916774296026,0.4881625530424229
3.0057583858591506,52.89602329887722,0.40749269937274973
3.152533276164313,54.17245226051703,0.03497833209004793
3.2260386455676446,44.61277826141364,0.3837787705848873
2.78857542420252,50.022338224053996,0.20257641369449494
2.961324289156219,47.98191916342341,0.45738881672742276
3.1067080952881723,46.781346388017624,0.36861030058126926
3.0397754960407863,48.810570849413615,0.10757569939730909
3.053595991437141,54.75117228726739,0.1529061859804259
3.3182921263359115,62.61646781800125,0.13569361981409295
3.3516154826638833,51.80895752271221,-0.08357291000084924
3.645109047470995,62.15398671094967,-0.036801153102914354
3.5505790087837106,61.05918557638409,-0.07939276187934177
3.576130523943985,65.90000361323195,-0.17252836679432867
3.487663588718316,62.4792791547931,0.05121550855895455
3.1717119678173127,63.50075623440559,0.12013003478535772
2.8978195033188614,52.54114720206294,0.3744693338553114
3.343318210158577,52.08036479710012,0.19155235704674733
2.5290254254420104,40.28266770817913,0.41273311798890744
3.3605006616670727,56.86111545139069,0.25458637640368753
3.2645416092316712,51.2806027288871,0.07542622017337217
3.1266317383488738,48.89193370569937,0.04694687595376912
3.183597067308606,59.90619531885957,0.3004228929104052
3.315635538359217,59.17788657833706,0.0800237737543951
3.018220217895824,54.08730268361508,0.29618934405218095
3.039361240615168,44.8788456111032,0.2851656557430525
2.9999683176842744,52.273809000010075,0.11771147399901483
3.044018343435791,51.37386890725714,0.03163200446386893
3.2189165263127677,57.67207535214164,-0.05919432185629847
2.8412519461419405,49.79451582854823,0.3767084879759826
2.977426220349626,52.057217421899885,0.07382959829839317
3.3516149094452627,56.046710638301015,0.23057167775548426
3.5348702274748773,53.978849778662116,0.15310789960666138
3.415890954465394,50.56474504820706,-0.012048029805759834
3.547434357793628,42.80101248661877,0.3544542315604375
3.2598353944352194,51.07214144708233,0.23447737304602528
2.9471144070598503,55.521866474091006,0.2354145913728346
3.003888270125211,44.12357449683441,0.13852890568704684
2.9660916946657236,38.359465831409054,0.22837636996505992
2.9999001990960967,40.3976763879553,0.3121837706010086
3.5706142048133787,67.02569850742036,0.1043813663245635
3.03015343440457,48.525028168151366,0.2724760092633643
2.9876354715023132,45.323106130553086,0.14440586092352825
2.9827170635782303,50.05142871812354,0.1287539573189536
2.976566669838866,47.481104909782076,0.5790213122834332
2.80470438920482,50.10904975279128,0.5642830349745859
2.767311458573523,52.08965367369707,0.6468570081201697
2.8586015013090784,49.685087750831386,0.638942828936531
3.0952921630620605,48.57620320868199,0.6419481540624667
3.170842668542244,49.87810705679346,0.31736439052647625
2.9080283165759546,44.020940590370955,0.44268495129397506
3.2947669574135494,55.41438136985174,-0.02116944263485594
3.2471147155179447,63.378098197969464,0.2240568599599165
3.12860487966358,47.14539562912854,0.33035728796380537
3.1378934833091363,45.48364349149888,0.42569264250541355
2.9639900502998917,47.18971738606281,0.00863982893728749
3.464116698105184,39.93359894871331,0.2367030477391844
3.3287171006897163,40.7891264416781,0.23113219900831675
3.2056707572148446,45.85268810896724,0.287105377911186
2.8895608979226384,43.11793338865594,0.1539686400202066
3.1194138406149063,43.55733649663839,0.17341560799730546
3.423500971924295,40.51018302038028,0.12596182634654454
3.3047743943154715,50.176992839508955,0.3681996398223833
3.1513885274362927,55.07426505717055,0.15866161219280303
3.027046644861374,58.21035975942067,0.18952222487341133
3.2052844111489556,60.25690658496529,0.07701423461010694
3.162531270563776,50.0354372829553,0.17338567021510068
3.254658826943328,63.51178811406814,0.510134608014267
3.3013279661539525,61.133308937675615,0.446975102999036
3.282602047492072,56.97976995590838,0.5838798018380873
3.1238529004724196,56.60218902893091,0.5774339690960977
3.1223426038482165,57.82969634078555,0.571220453980124
3.183579665303596,51.92920907980179,0.2712000487917754
3.428445230489372,61.59207553940402,-0.11904604700290244
3.5773133059952773,64.16411359972037,-0.1866405631435935
2.94141951499174,55.02061273386352,0.2927670928373528
3.560411212822972,45.22686311197953,0.0775387641465776
3.520628072935201,43.82799630600153,-0.0918378615837415
3.294181881711412,41.51141534384238,-0.08586658743310224
3.2278559786571637,42.061957910031666,0.4028615242063132
3.2283156161711672,43.21981631664795,0.36550469369683586
3.116864371790482,44.05288367287935,0.29454896978068323
2.5246917660119954,45.49365125525713,0.48141362736150134
2.5146533850569215,44.77224957215072,0.445153566676162
2.666998044679035,43.690445123406434,0.3886352914198819
3.4103870665871936,51.92569350450246,0.13958973810096173
3.2079274202324126,47.261589125043415,0.1754338169509257
3.3161401733658518,54.29348610842732,0.2320947266111297
3.1462656697540616,56.11736706893605,0.3738130516555459
3.2583388907867366,49.171598900304886,0.3396097193082416
3.155734803287919,52.268441275860695,0.32116052259612604
3.141180330217779,55.42763467228723,0.3619884164652124
2.907315711409654,45.09966464572435,0.36446457652087716
2.900798886159233,46.375866589761706,0.38452465338406316
2.9531767326502867,50.819976588612775,0.31039668051675984
3.262246413931965,62.779352907122316,0.02105119909649931
3.252075587776365,63.128766305273295,0.05676207188973825
3.21808152261875,67.96437424726781,-0.020913654693205372
3.100133945857931,44.100358041758206,0.26142802175810065
3.258714008798832,44.1062744271813,0.23233052885741654
2.871984695631047,52.58389938031175,0.3600944002366514
2.8562343081032457,47.834798036883804,0.5541467585864626
2.897686862515333,49.11789625608157,0.3483715595623907
3.1134400876965036,54.87152841681562,0.4551088837934088
3.270114225521992,61.39026315771473,0.1854573293669974
3.204617332789376,50.791302759051355,0.13448557808216138
2.927058314552444,50.54879340941212,0.41201868509754747
2.9184285687388405,49.6314720323955,0.34854099087943047
3.014241788473174,56.04693906753688,0.03370147514340616
3.16150551720016,48.02921473779082,0.5481893573074318
2.6384357660114977,49.94918445146809,0.20552440306887074
3.516410180417215,60.08357105402639,0.30490757964748383
