log_sigma,xi
2.813195067787014,0.0854106120628599
2.8728248601051134,0.1011958885734629
2.7792516591299483,0.09383888537894297
2.7079275154525835,0.1172790599467109
2.7066894684037646,0.11472108560564283
2.7510926172156136,0.12890516175166353
2.6930723874364944,0.18587936972833866
2.6286971266000743,0.2537496313465636
2.6231736147690707,0.27327869532615623
2.620210192332877,0.29035728132933725
2.594644691484379,0.26683943671075594
2.6747167727406107,0.18274144844301618
2.8084496532391374,0.11286713709381913
2.81158077269964,0.07816372231686364
2.8016459376485487,0.02110653808947584
2.809242275929081,0.18137851584690265
2.7751520655646296,0.16526953196057687
2.8092460510629618,0.13352466337074914
2.7184781279778467,0.11440347639868954
2.89443618112784,0.02752718759414072
2.7857717199913394,0.11446904423250123
2.7426036330818033,0.15662666443175216
2.8081131243658994,0.13826153832087923
2.6058822422808765,0.19741055302569324
2.8408298053715093,0.19450870211798615
2.738587073080855,0.16564458286946343
2.6129133771359268,0.28713846649700653
2.630528585203945,0.29162264761988194
2.609778853150775,0.22782917553386703
2.617736781026781,0.21318867565535068
2.8897574537337696,0.14724633274350596
2.8325156823159237,0.003656554388363363
2.944316263336117,0.11009342494468173
2.9739474466803526,0.13870761434527035
2.886110207630399,0.12860175652282557
2.878736957457465,0.0626927803164716
2.6642452826807896,0.1902949181807928
2.6854826641161487,0.20294269785379132
2.7849275337833763,0.1085240202215069
2.80434419440802,0.057447754485763516
2.739804457684799,0.26945942089374314
2.8573255237712543,0.21020230071026688
2.8465235665076656,0.20166399798239942
2.70851855207517,0.24335262563009302
2.723321461187501,0.24876787457821645
2.6311931278360094,0.14998377075719432
2.6303330250133996,0.15016617316484607
2.647567916958043,0.21004936524215806
2.695963387164321,0.1651152043152272
2.8206908439569416,0.08874405058415889
2.7332710115422096,0.15031666432132287
2.6634134882587315,0.30306055648902896
2.619680779016032,0.12429696162856656
2.728994014172677,0.1492101959224606
2.6660477872414687,0.20828299800738276
2.65559513132635,0.2070540846397268
2.620151906807792,0.30043211342133264
2.6007952922127653,0.3508623674299366
2.733529287710604,0.08950836606036168
2.704228293778683,0.10366116242364873
2.6768290445584317,0.2810638939684595
2.6971344268873416,0.11396165976394698
2.7163460083868296,0.14334586613106312
2.685026881456546,0.18938513122304804
2.68450333441773,0.15150774795728075
2.7908152931112498,0.1029664138648479
2.821606449943915,0.11282465462554175
2.725342003764917,0.11913937824509334
2.7229686913353355,0.12480607987387685
2.690834463303785,0.11927819802406647
2.6305548165783486,0.3006984926104068
2.8051282442031353,0.04868451136217159
2.8416220693428214,0.1314979083697556
2.785313774120345,0.18882801685211126
2.7381239721766693,0.2590315629672518
2.762017161751011,0.047928896955180544
2.746422449327988,0.24588500041352074
2.977226907119348,0.03798722907027481
2.963548417540531,0.03632941708369263
2.9402669325803434,-0.029903822531088028
2.9402669325803434,-0.029903822531088028
2.959974377661309,-0.05959060340731787
2.8420355757042666,0.030774415565723034
2.894264706807809,0.0034702711860699217
2.8399131714110513,0.05951820566805424
2.8395035034747793,0.12921010485590664
2.8417191401346074,0.14209790215483364
2.54929402146907,0.2733813799252853
2.816303117824793,0.15381624858192028
2.820459244190147,0.15036605395792385
2.876186529315834,0.11210019435055986
2.7967130670761646,0.18520489033588983
2.6768536651501984,0.17427802151311697
2.6568653787261916,0.25778304341461183
2.645986386290692,0.1745377601842314
2.6725568601979672,0.11665170233522021
2.819442410951475,0.13934781954754732
2.457550535679929,0.3010347518564412
2.550021090516602,0.31859163916884037
2.501609858504759,0.3462579912160515
2.5095016877888807,0.34039297080707753
2.6028423621066166,0.303255445806076
2.5985322051381363,0.30535176925245106
2.850438062651372,0.02952194114021537
2.804804561779253,0.06403768349104047
2.6687775214443823,0.13117382604998787
2.872647957882845,0.10302947809362159
2.8384367250330658,0.13452592443392763
2.7746567895965217,0.18764930133261234
2.7434713571342617,0.1676801531392458
2.5822060710590113,0.22273514937097544
2.554489121328895,0.2508217143527809
2.5801315079799436,0.283261966439153
2.8147989000646922,0.18343804994043744
2.740279529463594,0.1745608211828574
2.7353488523715472,0.13412371787709196
2.7627229570363574,0.19937029456091465
2.7068985049076764,0.09280597263117403
2.708481304918392,0.14974544793091468
2.600055348885499,0.2894791382563301
2.603801603251211,0.2848005963512346
2.6390503600420216,0.3192601675705312
2.818914617425107,0.08217952997850701
2.728823366002476,0.13856318500587428
2.749906194699242,0.15587743694819792
2.8685274850393343,0.0921532433746578
2.771173644950605,0.10577443399807768
2.6799096502186766,0.24189623634767354
2.861612916721683,0.021726777777292924
2.6452746877411655,0.30186073021856913
2.647404979451075,0.30664765487104273
2.7086150672795424,0.23165140012537122
2.7218152637709747,0.237836425936887
2.686692534096874,0.1434733581302908
2.6915118338472834,0.1170613197502774
2.6987417288409676,0.11660138669785838
2.6406916320276834,0.22941387711049613
2.786255103252882,0.18770580839938183
2.7575991113790947,0.17378468511153877
2.7384319209561947,0.13330962376355018
2.765433012063555,0.10554210569211649
2.651935882146019,0.24457359678198493
2.7740704473292226,0.08889416574636129
2.7642712970659917,0.09072243310648631
2.841395747826335,0.12470708602788982
2.7428278085942956,0.14123476988765443
2.8913449785102485,0.08361664110127148
2.728686590692061,0.06975481799216317
2.8689882794706016,0.11405011239746392
2.783695842343056,0.15721684406683215
2.6683664783084184,0.20815760684094908
2.707497278175944,0.2034093533423299
2.785777646479358,0.08715911677852382
2.7863549668173984,0.038816388430772016
2.8454432498248883,0.04807154660674626
2.8560108614433406,0.08603390146168595
2.730839814778606,0.14547875969179072
2.7412150259043666,0.16353571812081774
2.7359038902370023,0.1604828160486613
2.6778253262561993,0.07705047290292705
2.8648070666806897,0.15302386056630876
2.861699101850469,0.14307573609348892
2.8100413486010622,0.12158473597343321
2.6368008711835,0.19885479828241284
2.6245742776683314,0.18935003946600623
2.550001392589677,0.1500751294601829
2.549441811537528,0.2698779246897634
2.6369683782126625,0.19055992539152306
2.907743959355323,0.20200099110984915
2.8767242496926975,0.1739686022872511
2.6885346344222323,0.18869531913238813
2.751810330315385,0.20671393211139744
2.817424200672533,0.15513160909052737
2.8666601747461313,0.17696556675360353
2.8178405787266465,0.13753431371126004
2.8763140939416245,0.09160701586459283
2.837527184493617,0.09404698195952393
2.6007614583166623,0.2188890575398804
2.7059362240408547,0.23354790607619363
2.657420769575473,0.2356902143768265
2.6574004887542797,0.22419793060325618
2.8182742429216856,0.07992541478992538
2.8134328237442396,0.07617559360564648
2.835162253636647,0.005832649440993147
2.8244769657815394,0.01058354122144283
2.896596486789362,0.05120610328394266
2.6189589843291268,0.18337444053758786
2.609086179338302,0.1726543243767482
2.832866393016326,0.16105621242642093
2.835913948102748,0.043301556036246844
2.830503026289248,0.05107816903364979
2.6509434620792276,0.2262092545213088
2.6283935971262453,0.2082807214876037
2.62760142068916,0.19276653760067056
2.6187946040762338,0.17418249414925716
2.5715648603850885,0.20780117325713332
2.5757574808353345,0.2055873796967417
2.7592751144245087,0.18354994267788735
2.8285093677196014,0.05922733777674847
2.825286407543058,0.0565189789395948
2.7422875424953053,0.17493460500592695
2.6472881474384087,0.2036910895921646
2.879424484791504,0.07525671641607148
2.8694761848610026,0.16166432935254185
2.7381746752848426,0.12105683178964419
2.7031818229859987,0.1381286537657771
2.7385744701707444,0.13547853993253625
2.709701804948595,0.16841890946170357
2.5959013548830336,0.19195477086149115
2.83403839083576,0.10550743262940976
2.776399954978012,0.1540973470394239
2.5371616655416402,0.2509289729339733
2.53027715187007,0.2520210479085347
2.5752240661351355,0.30124992789767585
2.6955662425706484,0.15990477339741255
2.7305587673213747,0.164617119235149
2.752868533779766,0.16573257782071948
2.907281921119925,0.14809838720002153
2.925123085084625,0.11678399822160886
2.91391712447641,0.11150314148414751
2.912710750191565,0.11446448578294956
2.7951986606910757,0.03441376855339583
2.8797615332068482,0.13284213775544812
2.8026197443570684,0.05735871396253827
2.8280714330505323,0.07477013591239136
2.765879131996271,0.1422959312108361
2.698974257665666,0.2034421540700738
2.699911644529246,0.19934563568201427
2.7275080808562913,0.1390249584058466
2.5507652291725096,0.2574998969680284
2.551949258101291,0.2815911070573293
2.727059530165658,0.19217072251749134
2.6725326831063767,0.1679623138203045
2.7374035544737336,0.20682719659288845
2.7518827543956568,0.18703091767159633
2.8183958859771514,0.12373104826207872
2.738993443580995,0.18052915406861658
2.7813292016542177,0.060043640518342
2.867663943935195,0.13999049659340565
2.8517235494535425,0.12244588554303068
2.812648812666785,0.062287568461004056
2.7275671569560767,0.1915616720560921
2.658237403039184,0.05138349848560688
2.6792927011003904,0.10291868810078819
2.7574031171671582,0.12761254332161884
2.7888577565670127,0.1084219399191563
2.7433298383266855,0.10686865396358529
2.822187575165335,0.06603875170830396
2.660853813439807,0.14329686759187635
2.658954418623954,0.13596510668992443
2.60132114714668,0.21102913921516558
2.6577624093099894,0.2600632986958771
2.7032995794146832,0.3083065876027841
2.7717712963416847,0.2349496786694759
2.7200107435000986,0.2151642577244331
2.6806045489436237,0.180843703960972
2.6727980868703076,0.2629855332880187
2.614725767605453,0.3039060423890752
2.7273733289470687,0.11847125853285666
2.6960731813725736,0.09986725927466311
2.6606057060291444,0.328486123547073
2.6750619926924277,0.09515678623977394
2.6268175025380867,0.09195457248741933
2.6505583657181337,0.1309993367420104
2.6709519602886913,0.19160788836257864
2.700981012107179,0.15316643988193387
2.8311140892781967,0.07384551208799842
2.6939519083642964,0.23064240188973595
2.7197393963285643,0.25061742298417317
2.7098258748287805,0.09227018073570842
2.796961099205765,0.12619309171198187
2.8373966728348377,0.10147243777470273
2.8292591640797973,0.04966961268350242
2.852865210488801,0.15384506569973266
2.6389139082412845,0.24505199554221163
2.601373906136579,0.24907210770174448
2.631350370485727,0.2720798553890143
2.890572933292075,-0.002588424674707962
2.8952699655647107,-0.029534602008411643
2.720510693487809,0.27626107296716157
2.7285826921136342,0.20432596872293485
2.6454448514806757,0.3648240205147408
2.6050836460192253,0.28574123056283973
2.7522243101959454,0.10872618931667533
2.78847888532112,0.11685287152884914
2.7204751090994765,0.18186087845019983
2.7893739300398597,0.10162060128351244
2.776170986711357,0.07816983403832835
2.637886580506734,0.18242112712145875
2.70422299217916,0.15698766189027025
2.6642244334903418,0.23189918937137297
2.812622437386113,0.16471934875691993
2.8543452368350346,0.15198153431879693
2.6666735097340104,0.1558266273421416
2.660280218099656,0.12500549713541667
2.6946108638808615,0.10234655334165145
2.7864293083829588,0.18336465739721342
2.809622981737675,0.12005276901857119
2.6270080313885216,0.23999813317735175
2.559415327132589,0.13927894783268824
2.7822680188183924,0.23196085154402063
2.749601974298851,0.20131077514196513
2.687348844683035,0.09543927213879475
2.7481897971770834,0.16619853099211052
2.6269499736028887,0.20499884056736675
2.862913081970217,0.11074430558851898
2.9415372986620416,0.06806923980898691
2.9705601178298133,0.05897679257126997
2.6573008486273757,0.17170933414779485
2.719582272160467,0.19501440392773378
2.68019719507022,0.1113714412605268
2.6569761460652512,0.10297838763750476
2.6203710202818575,0.1661022222231974
2.6285930226133267,0.16713310586053565
2.6458299618234657,0.11794661761374906
2.6389963013150437,0.12818744056902853
2.786053859734246,0.1636461404151248
2.6787988227182296,0.10833323233496553
2.84775174409453,0.1404954994346356
2.565403896245199,0.2166972560800564
2.520116911629047,0.16977922795391936
2.7394085777414783,0.33546060797545907
2.702258004620205,0.3272395667326563
2.6913715395028706,0.3210993032691888
2.9067962226618844,0.12542392639950944
2.8473104783710372,0.12796879292903962
2.688499680388306,0.21809580593003264
2.7843925756301076,0.14896586730216244
2.5932567482057927,0.2384707587249905
2.6548775496489996,0.2599703601347753
2.9212215154299157,0.13639235740422836
2.858160296414093,0.0535785540422213
2.8625177949065144,0.06783913189382285
2.903205157162708,0.0677289425035785
2.709915912891429,0.10314146505237881
2.7402276633128677,0.16309242969904716
2.8164620726724254,0.2487856954949871
2.844822030420706,0.22285726720242413
2.4835559317932474,0.20959456248629554
2.4871174643767784,0.21013520247128734
2.4631216048269406,0.20079707944304742
2.7562336083051906,0.3719119689849843
2.7319966520648844,0.3447680021221739
2.679433132207364,0.14941164345206182
2.7715029169885392,0.14643215160593684
2.6058905367792247,0.22246314851486249
2.611666051614844,0.20861529497789993
2.6509626887015556,0.16669534609796444
2.780343057740753,0.15394404680989313
2.842781029839233,0.13659731554357177
2.7019950993082533,0.12376289427069591
2.720996078904755,0.14850290988742154
2.707226072841693,0.19906442926308884
2.7132779513697125,0.24817164126280164
2.75446731015933,0.11829880546031785
2.7503702948960282,0.12232777928247379
2.6304312857412318,0.15302573843518755
2.777878185746454,0.14517590676335101
2.90595322482375,0.05884465439499705
2.9149462842611755,0.048121846431478515
2.912907392327087,0.0935145292616876
2.8874121417398606,0.07174014171102669
2.7297726511508027,0.14504973113692934
2.825833995028012,0.10087307638571165
2.7696473304524347,0.13038135432225958
2.6518140716594254,0.2398318234432446
2.652142085017262,0.2288868324900854
2.6116887769343053,0.18025520406755086
2.8351189125794924,0.13488006349970677
2.9145957505610323,0.08005117660419298
2.894342628961145,0.06967831395720954
2.660695002592955,0.161113644960562
2.7821138800327736,0.15429687139070938
2.7627969482449344,0.224774111470145
2.830933111826383,0.1739015578765869
2.8093747820919366,0.1511647529233778
2.735588736979009,0.11882352175887875
2.703147144220209,0.17159744398197266
2.7237926375217705,0.1921811029798039
2.7251006756324463,0.15796198278941279
2.8342074289055716,0.08060778010746274
2.607395980524982,0.24648320241979607
2.6703133977993896,0.16826270785407246
2.699207250767823,0.13440672176229854
2.657511574786947,0.12178813340688938
2.6801140673139354,0.09991033477648185
2.6569209988323634,0.2259372081105684
2.6560895344022524,0.22144987110531628
2.787841157189883,0.13991392665255192
2.7979041240169917,0.08849238005287816
2.7981082714827896,0.16944180083969057
2.7914414613273957,0.16067354518312732
2.696615620087725,0.20753045527716332
2.673511692669435,0.16704343734497484
2.6817565538388974,0.22101689221511522
2.7621953699538624,0.188056140140185
2.8165620647812304,0.16072118923746692
2.7633818493373146,0.21618459350640482
2.7382268528752234,0.20508631462092639
2.664889937238129,0.16681278698540478
2.686985168559205,0.10787229418575535
2.656301982589281,0.18856886765978423
2.758253946025329,0.10666989789102498
2.7162914522881794,0.12821619473022083
2.840832328974351,0.0878972802847149
2.7815027190424364,0.0853346791403442
2.9898379169767613,0.026368686713671558
2.807632843121245,0.04093818219525162
2.798958406701719,0.062028407565518535
2.918423172940846,0.09752851178574543
2.91347401791678,0.09180458788604991
2.7980333264501414,0.0546167178628672
2.7153814738035282,0.1920528067183371
2.711401686634317,0.26652555949960305
2.537169613957996,0.2515719047012952
2.4884316916389224,0.2858580693926431
2.603901871898346,0.31250473676109874
2.732914210916355,0.23879651594494736
2.7009248722362633,0.12595915597494725
2.6936145707907047,0.12305425314623597
2.669953384718032,0.11577344755959736
2.7891328635277794,0.08146838154634238
2.6388944431026133,0.25240844424093717
2.626339767376881,0.21890380220484554
2.6807062527178114,0.1814375977446969
2.7797036555065975,0.1410360969454501
2.7116572700881316,0.1224224990794468
2.832587543078759,0.13190966107529248
2.834228714267178,0.15137708620619122
2.842713532937778,0.17604473510479124
2.5418172039694737,0.19501958303735806
2.5887054581740636,0.3025198305788097
2.785898940742853,0.22190330625368437
2.8391893230242338,0.08005735011892613
2.8587169437148803,0.14586693071570067
2.704310868914469,0.09743367122599372
2.7406447205619697,0.09604626514606998
2.7448351557132242,0.10102456122129909
2.6983596164723442,0.1277537562773632
2.7980428865410523,0.1710162333708112
2.744642578634312,0.23079387033179385
2.689291675306092,0.21953469420160301
2.578152403382679,0.27798408819942017
2.580395809615196,0.28700585030279063
2.5834055702418612,0.3102840981233248
2.5888880174221076,0.2660597671830653
2.7453020682851497,0.09119886140502226
2.7652177905728808,0.09614748999762662
2.6643324329613987,0.19226443001628896
2.6739763142085984,0.1510512221813122
2.895458749773668,0.08495560608038129
2.9072990750930296,0.11738958662620932
2.7023852779227235,0.22380902720488985
2.677382041129415,0.14699368806234098
2.541493348402988,0.34049652541095377
2.4494256289309715,0.3115149916945588
2.4783144439856057,0.2800342855731669
2.6767232114184734,0.24621917920040573
2.6861850236619076,0.09782210361978848
2.5835535907910603,0.40944099077201246
2.6444513639070792,0.2738959347042156
2.641442738636331,0.19255512930034369
2.6480220441178908,0.13122000762515545
2.8107944449191837,0.1386954015358856
2.809112530803942,0.18606404369035243
2.8271104080644056,0.17363271517449155
2.8041813810316434,0.12828017035702266
2.705560131075083,0.15629785714181924
2.660191103504507,0.241033466352134
2.877588576758429,0.05438672262994814
2.784040045611154,0.1873835965311761
2.7083119804396554,0.20046595556774774
2.647583899208772,0.21841920280302382
2.756059605634396,0.2310887517588226
2.766428934004094,0.0509236682228945
2.7834964567250813,0.05518810848588661
2.7777137177174334,0.07056548075916891
2.7776685001674575,0.07231785979027248
2.709762711478226,0.18873964162154874
2.616522850415427,0.2563252539098802
2.717846287781542,0.15762489061466928
2.7563903014101743,0.20713792496934694
2.8534264992775125,0.1363620885021519
2.8448937989936334,0.11987166396675382
2.6620622222490637,0.1850516539653029
2.6571360102858446,0.23318840343242475
2.658487929357573,0.12335786748181807
2.726532588349316,0.13554823612104397
2.881476733693473,0.10112546264731571
2.879628945286035,0.09826243061127893
2.8691012897737527,0.10106955829722818
2.7452920715821305,0.16422404320520337
2.6573722599606366,0.1955146909304822
2.8899932798666446,0.05517652607439541
2.753166129839414,0.14039761972852238
2.753166129839414,0.14039761972852238
2.773725652758193,0.117150136492608
2.747331581087271,0.09783378227324685
2.6918067960452805,0.23842986479359896
2.711061595766132,0.1956272433170699
2.6389246614208224,0.20353349362603487
2.579411343830227,0.2020164367396929
2.5958218410425364,0.20390983217609973
2.762488603221695,0.16498947567128883
2.853460244461208,0.10306008740224937
2.664955752625141,0.1590794043216657
2.664494859938361,0.12952390025455227
2.6957124047016388,0.15941147038851552
2.6805580789933723,0.17973460278544884
2.754481234835088,0.14175605805978184
2.767640439748013,0.1865557678141929
2.6858208173566194,0.2878636927968454
2.665309763970741,0.2515378091626195
2.680235884669528,0.26479099884447993
2.7816708749671477,0.19418949613958322
2.8017654578583913,0.10145325860050694
2.6407731537636385,0.22303500533321888
2.566571918201097,0.28740295571287666
2.5846065089220005,0.34783072036284685
2.7871813982087907,0.0717470534274547
2.794095675993443,0.03659114583902982
2.7284514245423903,0.2646763224035298
2.6534549430514334,0.14648747901435774
2.6814117674503666,0.19838055156352052
2.707469186549492,0.1447772017405824
2.71907138498551,0.16658965796902084
2.7127981654846125,0.10220557765576108
2.640249363727623,0.3503374104389635
2.6716913070289032,0.28497142802100933
2.572277214855034,0.22354418487749123
2.7028526820245724,0.18802018111105695
2.689028804576414,0.14919200344508302
2.762053715899082,0.17506596409946798
2.701248776854314,0.1739795600627432
2.6753167023499556,0.08807415325115263
2.6608528766128594,0.12463798300803158
2.660440346386015,0.131267280427471
2.719365133769082,0.2577816483876578
2.6173224835179063,0.22364655786444843
2.7342038692144808,0.21390363649898111
2.606395138852368,0.1266039470092902
2.6050338707241774,0.11199714580916614
2.6780631694335146,0.16063344541589486
3.0088620650163693,-0.0038125867391160086
2.939162446543555,-0.0042343614159556005
2.941831639168354,0.01856222615037528
2.5715243840981383,0.2598677475298053
2.6230103715570134,0.2536244915950621
2.7802129446984196,0.046579779902360105
2.766074897464971,0.13640665635848687
2.7746621813880044,0.2500248606905332
2.8162900832976394,0.21454336572997088
2.7885348052874432,0.21442352121983793
2.76530884379916,0.1819409735020653
2.7230582905881384,0.041921193082695506
2.6762667611720103,0.2535982001993567
2.775112517608329,0.09587316376397008
2.719341662174021,0.2302504828060531
2.66876222746262,0.19961571078346285
2.691178712266144,0.1531960196339195
2.819969821027905,0.14597187084354551
2.814413910555344,0.11183605510799696
2.8337717912702667,0.12374484406790516
2.6401712676572453,0.1382245001231225
2.6700726905087966,0.13982025713120633
2.751399334935713,0.31048008088585927
2.7521107282646664,0.3104463303105445
2.5821307174758874,0.28139955905803554
2.5887810481690705,0.2761963453163832
2.61455527271276,0.19213528353760248
2.524147487818855,0.3582596097664805
2.564131174657402,0.21969467851030072
2.774903579200756,0.1775508459249857
2.703732487703037,0.15780380370106442
2.7838595711865866,0.10926191896007549
2.7206254620378467,0.2084856963186433
2.6478547205298932,0.24989242161658587
2.7444627631542846,0.18070329969050053
2.6924103902354375,0.1886777125381371
2.71697513378472,0.1331545285223103
2.7931907114594994,0.10912086263138185
2.8530507542675116,0.1553763231016008
2.486571658566091,0.2176183898616093
2.6557622909752028,0.16957133204030433
2.7836836525243087,0.14448996882091955
2.6879168346036724,0.1163248801250231
2.74585603670601,0.11612989795652458
2.6752917666938885,0.12109599960296509
2.708661192471026,0.14088558123906544
2.7550803368764867,0.1603058865787543
2.831644565256452,0.05800887495368852
2.668269077675353,0.22927111773479517
2.7322584660955043,0.2106011187431409
2.4839152957212396,0.32492358110010267
2.9612788357766453,0.054542859169140985
2.810715976947485,0.1273851057932652
2.7828833380237166,0.09020210630393485
2.8638000477170586,0.08976867078622794
2.9136279423456304,0.10071615529932847
2.8655597940144566,0.0654736942493185
2.9102742829290227,0.050536103596804806
2.5668220775732,0.2496038285465735
2.727947558228216,0.2556729637546623
2.6755242791093194,0.20281458156271806
2.705642133469184,0.16110204053387275
2.795387390115543,0.18947069878919554
2.6794670486457575,0.17375353490739417
2.6713547352794462,0.14242651370741552
2.641821239060049,0.22043419333296557
2.799673043688155,0.22220304958368223
2.7451283559168966,0.26337489550954213
2.768033802594285,0.05866752339387866
2.7713244651639473,0.07573402149862642
2.889880249305448,0.08989053612056067
2.8451054232291524,0.10291592507083736
2.941457070478472,0.09535405393592691
2.6108198820407664,0.19755646673997418
2.7089702441765016,0.22657417030585
2.6252193439891407,0.26522187892816185
2.681224926347389,0.2679026385111385
2.864903600173179,0.051909496335823084
2.6305336063040285,0.2217071372664531
2.5573499376885054,0.3034039326402075
2.644642707291607,0.2784519033622969
2.6721256863022322,0.24650671339802344
2.713076815268693,0.26406063418143855
2.7446975398416287,0.17467161338730622
2.7265321427252536,0.10464366784628781
2.8971530762229,0.14673273263787173
2.5946191784238124,0.14769093097469638
2.5879724455570683,0.10573218498027676
2.8394598141714265,0.2084470237801807
2.7991504311556596,0.161291233912208
2.6358331552403564,0.20052237671869325
2.68593869478844,0.22079090551796826
2.699725413817881,0.17179376865913515
2.6660192723841702,0.2598665219965996
2.7961640831592076,0.13774213274826774
2.768986621531881,0.1372441086573809
2.692471855048762,0.22155404989394115
2.7743177072074476,0.25073077771383817
2.6492825744670183,0.3113819088425309
2.696364229817629,0.15150283227881803
2.7727953944163666,0.13661382356842205
2.871403201723413,0.06232060685313534
2.895488000001139,0.09806021279022903
2.851656706160253,0.06784774553163758
2.8851317679562443,0.0481023712154519
2.8127975461830186,0.12339088332838977
2.6758350285954093,0.15925680340173382
2.720411637571183,0.16097087471753677
2.700360422373488,0.14387014044690097
2.719587119502241,0.130401638509977
2.7300389679367814,0.12485570044193024
2.841631353481762,0.12419543518507811
2.8180997769098246,0.0920011529885299
2.813622891097474,0.11841236458520207
2.7500034073915036,0.1648813935113974
2.6790322426432174,0.1610555291463298
2.972149093146761,0.015807293136299812
2.5684236655704527,0.21181224588456088
2.537671034528608,0.2070201158174558
2.544346586830403,0.28780112764565785
2.6891282184671472,0.23312240725997155
2.7928131683553667,0.08523732896082038
2.792840067227547,0.10756842639656988
2.647809945452375,0.21875276192911283
2.6656275524546738,0.15258332413810868
2.847325680589458,0.14479328818496937
2.8016214509491775,0.16320299884304643
2.7951255228811434,0.1015900966132916
2.779324098248811,0.11088530235058147
2.820249559322574,0.09255722356432908
2.756882538767648,0.13012102006460244
2.7903945901499467,0.08640534844852728
2.8164932358719548,0.12346241713881961
2.7545168973498497,0.12788422400794597
2.769254140213391,0.11717591655218967
2.773782945347053,0.10807918585072665
2.629651676942027,0.2453176142884005
2.7375884746100816,0.18378545635375138
2.6978456896767637,0.28656647851870876
2.52778811519309,0.2512837163885871
2.8688896098583445,0.2110322995964752
2.9194212835402467,0.1938522519541181
2.8798232539860207,0.10827023009146998
2.8812731939933887,0.0867386356215259
2.8486168639594083,0.08268362349023148
2.82989825312786,0.09233020802049262
2.77749633009674,0.1359381289712836
2.781355188985188,0.1665224480809454
2.7063976805125187,0.18414908217373152
2.752717562032265,0.1901789958701131
2.819688501755663,0.1854815225668221
2.8264644292790937,0.2187709875347251
2.6797989517518945,0.12474500212981024
2.74457475604507,0.13972583557331167
2.7411560609507024,0.16655601313840845
2.7441426257804866,0.2219822581171601
2.7545138860676497,0.10656444781610383
2.7661609252523682,0.1412489947830617
2.6165802256344164,0.24701289083430855
2.547085964220592,0.2663556076022581
2.5912914377744345,0.1956617901101733
2.7878521078534675,0.1749262852853982
2.6394193157272765,0.14940927991358846
2.6848533125420473,0.18800706361073288
2.6764183201698515,0.14846305929158798
2.662288734071096,0.11925081656886702
2.6906040381034875,0.18417058885344065
2.664482092462077,0.19982980865148112
2.782349044605679,0.15331989391524406
2.6264988852320887,0.257161283588051
2.592732626284963,0.3511742155686856
2.536780055109859,0.1923272888445283
2.6310665371117925,0.2463544567538809
2.8430929574973054,0.0631678997147513
2.8430929574973054,0.0631678997147513
2.6191478081496813,0.24985031769982272
2.621353428487019,0.18995070797811694
2.617112448143068,0.23982799567541332
2.6315500246592785,0.1949349369553806
2.8673369153539543,0.10208207737988043
2.874780362346191,0.09959982459221607
2.54999914882954,0.2499852586967064
2.515858476663222,0.25583969679434554
2.5929868580573605,0.2735624094967621
2.582360497241521,0.2688055547200289
2.6154176962298217,0.21680113743559126
2.68545162989703,0.23616882006980403
2.619060032940745,0.31179236907089375
2.7296010716141352,0.11446006526287873
2.6769961912408866,0.23895638896358443
2.7307990644207316,0.11678996309783665
2.668999213028211,0.0868205479361506
2.661747590111428,0.08015848121788241
2.6329774397141272,0.10016285800663569
2.7944524801396393,0.0655747014446396
2.825802271714101,0.22102903659523593
2.7960505325227882,0.19098130746701864
2.7752242978161363,0.1268837633212507
2.729284997026381,0.1929628510160531
2.6714791238017632,0.21278531794919883
2.7484443356431867,0.219026866567784
2.6978406067960328,0.19290353547154812
2.6378188160597076,0.15331411549103408
2.62760734724807,0.14821830909153372
2.8721166471053143,0.10446541882381147
2.8734666423583843,-0.02612108843775992
2.8405101200270804,0.08993884707558675
2.8759611084473544,0.09696720572063713
2.934690460393065,0.05153913859946126
2.6697562352611084,0.09544659812916825
2.734177228008474,0.12034862582650639
2.750879622820892,0.18345133856784704
2.8111010576941577,0.124755191798976
2.784572408445514,0.1132319172398381
2.6679369670847004,0.20707757931158413
2.6872549889718687,0.20151218987948832
2.733170380148442,0.12645564251975439
2.7398038672815943,0.09188072290068983
2.7391492854469712,0.17342596805799373
2.569444484893473,0.2725845781115381
2.687303294178737,0.15142716619587532
2.622337179164322,0.22916093902579626
2.712948640177924,0.2521256118936984
2.734908094953539,0.23917567494044759
2.925053931928008,0.038848867590447665
2.7807214509157614,0.09416457783094315
2.872355487567411,0.09110223223480078
2.642491423538236,0.21438184532553317
2.87078419450008,0.07496462530266876
2.7645708424902304,0.1137976197347008
2.7156674944993124,0.11383064587751483
2.8624089195105387,0.11557531853312654
2.93754096439296,0.034844613058589616
2.5303516666513373,0.2951761198736025
2.6795684522929077,0.21637734465505137
2.7897643228326836,0.20151396585808856
2.704997377181391,0.23218530320825145
2.7155838484871437,0.23758245405417772
2.8278882972236734,0.1272962389707388
2.6813153887202996,0.07719418787522667
2.7253419530416694,0.3169356906367161
2.796860945448129,0.3554925622540062
2.4588074318061226,0.17888966695506875
2.4451749851203215,0.1732050123070911
2.4398715107020723,0.15557201424232175
2.4302442453971462,0.15945481369014952
2.444960920876231,0.18080245018932523
2.5855809045415254,0.2951240948615626
2.9412510541007073,0.14757664524082867
2.631251499642767,0.16637013107046114
2.6574641833694073,0.13752234783937767
2.855977283251632,0.13041833636482122
2.6214554858153147,0.1795614164141544
2.635822911723307,0.12955873794110928
2.810879785505985,0.08998525145759874
2.7858188805714055,0.12520037575175746
2.7385850313049267,0.13653708448883176
2.6713604161593896,0.15910381599934664
2.704490826408642,0.16553025559335058
2.759034229294159,0.15685329547452034
2.819791401384787,0.1706102743357654
2.8389216997748785,0.13210898207030908
2.8359162652937853,0.13463824042562506
2.8307871675849596,0.09911111757973931
2.661963304498364,0.21099457146140477
2.737073283634724,0.09856927722366274
2.697495799669335,0.0782926165644691
2.6883943406962,0.19057550974378978
2.7134189144352012,0.1864585032396774
2.824272903251826,0.12706992357547275
2.738884745883167,0.15432944861928913
2.698455332156132,0.11346205195842834
2.7537061662047626,0.10569257912448446
2.7044771744830065,0.19074438363823817
2.5858258032701804,0.27488846923279975
2.8099465194268047,0.08422296401297577
2.7086584130163702,0.1884743657509561
2.766682947698617,0.21813373567722924
2.704433451495138,0.20615969983751842
2.687691069118531,0.3184455461172529
2.6872484620972763,0.32016144942892344
2.759423838869796,0.20782487269240096
2.621970570627973,0.17005418953864454
2.697730787272603,0.2806051434809424
2.7474108706389244,0.10335295078720956
2.7576835972811526,0.14374390604883708
2.602941367520237,0.1527752686326746
2.654342129697849,0.15568975048922581
2.7253752635667707,0.11878329304638162
2.7473456674147045,0.13322438267472392
2.5306291252137454,0.31902466020639453
2.5666621040450104,0.2654229918943688
2.5941293063379076,0.21652300570180336
2.713787480581229,0.2249234116346547
2.66247012766494,0.17610378605629973
2.6857780325064,0.1565274236508017
2.794861286534865,0.17926215965370032
2.7679243257261543,0.1702913775960607
2.7973724520091676,0.14630104879522873
2.8185907232318965,0.05186581340489363
2.7631032852927495,0.19183133195489183
2.7761901874621624,0.18194749799669874
2.720952779358615,0.14454545030956317
2.8016282592892607,0.19199564264131674
2.743951489545678,0.09695734579903496
2.6901148259605008,0.21130235000176367
2.831019853337493,0.0384887988850912
2.750352238858155,0.01672687310244585
2.7539225313097058,0.017996462719092006
2.760881826360879,0.036515895724374546
2.7980500344730337,0.19664466738536585
2.802241335311994,0.2013600419849081
2.713945384561176,0.2944865776973546
2.7680263694377256,0.31483629861646534
2.7690774254505115,0.3066692602503153
2.6262954904550067,0.2996049688664969
2.711861244278843,0.13003017774213488
2.8172885231662717,0.14525848093562904
2.7761066757715396,0.0748658745193193
2.826559735022644,0.031961453153513335
2.766424223269771,0.13318135169001333
2.7596849412846876,0.1642712426173945
2.738900733895528,0.13197185795386557
2.7919479421132,0.13071935200540719
2.7919479421132,0.13071935200540719
2.7636959732857687,0.09450449092326821
2.785197979144661,0.1436692717954412
2.7409969952146698,0.16786968172812206
2.7552080994765547,0.11586844583692141
2.7071986421052334,0.14649360393640004
2.697042096928542,0.10550421787390002
2.666884630690368,0.32786834044853613
2.739964658348703,0.13924364092611757
2.806503395668339,0.18925923905285733
2.6761467887856467,0.1808771464952981
2.6654606026385363,0.2048460439677883
2.709810065787981,0.1618293871230241
2.696285097113306,0.1765503790529307
2.6090349856265234,0.17146047136357043
2.652662278974971,0.18274943002887467
2.6979454206776707,0.21697783118639136
2.725399382792028,0.12356554653637318
2.7087421422742777,0.14414126947151432
2.8597298796292376,0.15778913937825667
2.8384688929102158,0.17663902616966365
2.801103116524382,0.13743633759074117
2.636816114990176,0.20235157379680668
2.852751239908131,0.10262425402932439
2.9204014500885145,0.16808339008124767
2.8523732587587793,0.05393260989212214
2.9016256536384577,0.02837146882263455
2.8852382895707818,0.01622638840395221
2.883615611246565,0.05633942246673427
2.6808934335477606,0.169949719381474
2.7694008848462923,0.1314045148605565
2.747135425590345,0.14567996533489858
2.7153742513245,0.1323654417598059
2.694012214391691,0.1523752991620372
2.776231341034515,0.17940981892131302
2.7728606933583606,0.2050708277578508
2.8327221874731334,0.18858230617060873
2.8111951706774687,0.20976533702695035
2.743627373029243,0.21533461541383853
2.6313928052004667,0.18642179621054294
2.8657900297770222,0.07971837643476702
2.5831291585494376,0.27192142724238505
2.6002353377285083,0.308320399557723
2.8150007182243124,0.08287627387855238
2.9188016578275433,0.04124050197389759
2.6739429194457203,0.20598631987261684
2.813611530083526,0.20744862702069378
2.7635533107053725,0.1849996344003147
2.8405343209983864,0.1973247998359462
2.8539416698434774,0.20121698897991572
2.8794758573352026,0.10546416135978441
2.6089246954962593,0.16625280911388654
2.550669410769261,0.361057781101876
2.568362331807149,0.3453387336142086
2.5613037081814722,0.35021676439580346
2.6296746248850993,0.19748879204856024
2.6568302438721334,0.19965210742497563
2.6243264379494113,0.22359585772046728
2.611639572312983,0.2064411953383905
2.921166808990586,0.15288201309424357
2.9520895580798205,0.13756508272216847
2.959089495076876,0.23526473728105898
2.5352575905261485,0.21804775671039298
2.7669599214217335,0.23257828859995947
2.6929527060781577,0.17880079405448626
2.8363567246154937,0.12590020559202122
2.8449495253139614,0.13916929900798422
2.6104482049586935,0.15325311051889817
2.625780180201719,0.16949252691125657
2.7185539822994618,0.20698680725759205
2.8094887044499437,0.054272379054288666
2.7525933601855623,0.25355914298686383
2.6231918382162105,0.26942147751327566
2.7239261576352685,0.2690401025831874
2.676983574943304,0.1273794691403866
2.7960272337042538,0.13739994651747459
2.7422103939192226,0.22611310791019293
2.66786310733865,0.17515958835494125
2.6064307928765444,0.13947747335851332
2.6807291563890887,0.13705195321690786
2.848335566691633,0.10112755986796307
2.818249583168772,0.06816068596242875
2.631851057147749,0.23529987023233537
2.5767975159849685,0.26064066420391724
2.5564185384864553,0.16705943885960683
2.614498371850285,0.17515557219025685
2.5633778735494004,0.23828037347443853
2.610118972061247,0.16185376617537028
2.6092456179000387,0.15698549234675846
2.652868877883859,0.30388277144767856
2.6775870006227835,0.3215544943579928
2.657665903686777,0.28882269951434214
2.641067336155832,0.24138223287704805
2.616050770421747,0.1983390900951859
2.7043231470549727,0.15066065128141176
2.672555111384335,0.219416761305854
2.7515325826115156,0.2269528423664659
2.643910063689532,0.17771971454107283
2.9138990973753045,0.08656618118623313
2.817636267970243,0.09584785927063255
2.79167584547289,0.1685467774149218
2.7675545019133554,0.1976442788876207
2.795041742133156,0.18208254375234256
2.988820943123431,0.09794346579956777
2.877203590543226,0.01992268983084262
2.7061739670857183,0.19976806881547332
2.830888381037795,0.14034785490445137
2.7186533591500206,0.10622432800504095
2.897789777761808,0.09794702181849896
2.5910329813411526,0.1971039161403416
2.630969803754127,0.2148847288920386
2.914186763180158,0.028864440621996692
2.886261554839099,0.024452987107657705
2.9193018298976336,0.02459632033351949
2.9302984696635046,0.0449431588096854
2.9071527389919174,-0.008314407651342316
2.9015470446757745,0.10163722174407061
2.8732051336367617,0.08098397070648061
2.8670905894077934,0.08458534130342465
2.8802587975503835,0.11260086544377514
2.904879479613395,0.07825529286864542
2.8486096658371314,0.14640900649871882
2.734024858446495,0.21774236993127055
2.8193272628204906,0.04977988584984519
2.742652520196741,0.19929082261813078
2.7230554926662482,0.18426362050671785
2.838558295558299,0.12180659167655493
2.7260455605261114,0.1351329091819069
2.7546570740415905,0.12042775870309579
2.789180966133682,0.13145827983289005
2.7226081941064404,0.14539251472287007
2.753489624946876,0.1301761989146108
2.729135368182603,0.12809336140766
2.7598574467559165,0.07369135157691607
2.746965066882081,0.2027658303537499
2.7689745433067623,0.18461452603919676
2.651530637616201,0.15385374909927613
2.8849238109167676,0.10494035673555575
2.596000934553956,0.19155754241967815
2.5863513115835186,0.1817533306303123
2.8548642641595188,0.0377147407408176
2.846475155314161,0.09814167390320926
2.8075946513868657,0.08251546261677281
2.7027294959578874,0.24724904145777307
2.608969230714199,0.2300534605093086
2.602578752310365,0.22768489536295605
2.631818874616566,0.39323137140171305
2.628877144171224,0.3371214317100012
2.7799207316404324,0.14191788784377554
2.833893015909749,0.14326645817812902
2.881856065411445,0.17359343101962746
2.8397355968657014,0.13763720401222532
2.777553260815573,0.15834383257705686
2.627157268392632,0.18330143197098916
2.6548999142197367,0.1919514261939439
2.942258917879505,0.10890442755593402
2.893207036157318,0.1278194097037851
2.5138765750435565,0.20986042170098704
2.6914261514586566,0.22248870775429178
2.8030860383452394,0.09631872132135903
2.8647728027154495,0.07180226528439841
2.6861551401519224,0.18068490800754755
2.7702183096383886,0.24743455155516392
2.707346432437819,0.3375446331910482
2.7370210726557556,0.11087087267070878
2.762554346596503,0.12698582280058515
2.740124831970726,0.1641189459223981
2.7306892919054437,0.15277943720912526
2.805994136931012,0.10560532030971788
2.8079195465222853,0.18859959044220903
2.832736546874713,0.18337621106027366
2.454196274808428,0.2801020562126052
2.5127176444079624,0.2520766943718766
2.4733049819434276,0.2658937246600533
2.5089644265141033,0.28098185797431646
2.5425574773880224,0.258281679161334
2.7036658844964103,0.2882937221920617
2.5627312784549714,0.1507800768136353
2.6447161879721506,0.25181604707635385
2.644596468634269,0.2815574823352618
2.5807754297961782,0.2370883968523368
2.8310155749487156,0.14949095977263369
2.833729678987195,0.15170035042723443
2.7413312750515195,0.20337813108057173
2.757414789959377,0.21414730129169524
2.8133297502931778,0.2059027675352899
2.8763263257128706,0.16343197021805453
2.655640495047153,0.18661857329658757
2.6296317090407872,0.19605560846105347
2.6246255591955423,0.20781184875766884
2.6218302148852684,0.17860130668510288
2.6042843035715917,0.14825627715408088
2.8438147366364794,0.12937028342209322
2.820888456874042,0.11658609937901308
2.8996376241103587,0.10963354338394497
2.8252400837226035,0.11544857675789191
2.709891884395965,0.17918108199279179
2.6351276655612055,0.2166574265995767
2.737813735011244,0.1413434564273139
2.7497338995067864,0.190244784263113
2.683252530783817,0.17039109077700465
2.730440492961733,0.08820320745964869
2.755246008883654,0.15066941334470027
2.759582459577891,0.1845086521803514
2.8209607400402215,0.1674170702314836
2.5600753679600117,0.24218428659057448
2.6389121056371563,0.2089270624638904
2.764926628871728,0.09652176403415214
2.74506581861102,0.25169328595634943
2.745136689164251,0.22898364499762297
2.80144360350164,0.009968226612748392
2.802305956764586,0.01664699385724503
2.726089277457588,0.1492206170958786
2.724608040195417,0.16774888693564435
2.7942613862691075,0.17984764884143134
2.8031295182713487,0.1737308746496113
2.793542327605339,0.195267579937387
2.69882368589688,0.1336414010632871
2.720911380400396,0.17943139238120706
2.720728358675325,0.17529840749192357
2.725690161433104,0.14080014260314141
2.706033100710205,0.19254188357483792
2.775141147510128,0.13425611578098293
2.8439826965640083,0.09594413937858075
2.7703443868786928,0.11891063194891816
2.775489550520596,0.12212882099317288
2.7882099766945703,0.1324173435022749
2.7526904427493397,0.11983368558263087
2.691974041088889,0.16463090555847237
2.7547208570899446,0.22240801604626895
2.738205259517738,0.22730987318771925
2.7302756451005314,0.2050478129552652
2.851255794168593,0.26428335196389713
2.8409221927123744,0.252709030587387
2.7010803873825213,0.12506621950616156
2.7218899679903497,0.19679783739065593
2.7759886420183277,0.23648193558327713
2.5921559229870565,0.1823590222581077
2.5866482112667004,0.15169555206465765
2.5924060412634096,0.41309930556069396
2.740845206200054,0.08520658051047679
2.7168242473594177,0.14638577990024174
2.7575046247013852,0.18019603637357204
2.8736748145863436,0.1426512765380168
2.7373219260160053,0.12354717236116702
2.773400328045386,0.14929648416886743
2.5906873972721858,0.2286964508275878
2.6319847980872226,0.16909635755178576
2.6144960926479475,0.10227020644496068
2.656186548005209,0.11434845962606471
2.770330243462823,0.17046639907826172
2.7113339000619203,0.13351892864961912
2.7083699673996042,0.1398859054856864
2.707730744130848,0.1482713150248323
2.898591456973781,0.06351438068645764
2.8148156678131513,0.22510432937285071
2.8372957273151584,0.254012393714632
2.783977551418286,0.2695018627457866
2.7715892203758474,0.2603804257249839
2.7157277590919997,0.10945933186309446
2.745968041777161,0.08165780896897586
2.7026825981306413,0.11868007517513446
3.011084402033721,0.07024367932180503
2.6896584712051266,0.11842786447852448
2.80230753932051,0.19700599119556597
2.7579001731258197,0.14932509342505498
2.8008457147911625,0.09950716858242478
2.7597525011330823,0.169910302303369
2.6387286821698366,0.16291790623582822
2.5672427915282245,0.18753906191932218
2.9380760018281573,0.0969050640158916
2.7868714100209266,0.050679715425379156
2.7876681045282763,0.051477347488193624
2.765934324019686,0.14359064341051875
2.5571475107802706,0.1735350728805437
2.8805481647593405,0.14819943505659247
2.888218815415016,0.14805903117011873
2.5156550467872565,0.2863017021905972
2.8250179218948066,0.29720643438281374
2.720858105840854,0.28990646918498547
2.840603102810624,0.23281754803700883
2.706557117897474,0.2847224587859671
2.636257152983176,0.20468539902913255
2.753442429557074,0.16210232861013346
2.695031426018228,0.16247078405510207
2.7139335071515185,0.14203319994785546
2.5488279283930226,0.19584325551132184
2.61330114444688,0.23844148685105687
2.711428127166765,0.3183500907050122
2.725945844816744,0.30282388739865795
2.4072669206364927,0.4093991567516191
2.823700813397415,0.11576832178391346
2.735117815562441,0.07542365939747026
2.8336657171751636,0.16918428450439965
2.807653614106165,0.1762385920239306
2.741487721111352,0.09876932279905724
2.528645267717339,0.18025057235896763
2.774314609585945,0.25701647494420904
2.7318956515762376,0.2347998627793851
2.727469671300327,0.209500750862781
2.649908779980278,0.17870436717178204
2.793664398085064,0.1719554831517871
2.734582380025937,0.19107635296066364
2.7476626947536515,0.243286633845223
2.7364972695381327,0.1564132355050231
2.720739634393013,0.18018354110758372
2.8061087819425987,0.07830507812748434
2.7882276706836087,0.11358816432449306
2.7741750939409107,0.14565462868394913
2.6540498674066186,0.1300021977675999
2.662919416336395,0.1663956202576963
2.785594307228539,0.14904435052733767
2.640926718401737,0.2710627032171921
2.6379096525613903,0.13189070962523966
2.659801366590859,0.17473311309306389
2.812987503047723,0.1433181373690839
2.788936431809215,0.17531403598313947
2.7827120994017696,0.15523415748099414
2.7473489229597985,0.1525656669884244
2.8529985485154277,0.08134561082928445
2.7321789640976766,0.12871610951377607
2.8240367485547075,0.03378983652770081
2.7751791340148126,0.1071494099534206
2.6274468811345537,0.24894221389399168
2.6375367828904612,0.24250598055576034
2.715496420035737,0.26396484035676515
2.7618712510360037,0.2184570872366802
2.759307372998971,0.15075116212632003
2.5972192724221075,0.1283824291819517
2.691338058666936,0.1243766930356833
2.810787372495553,0.2617349622270617
2.734528197064468,0.1760228412747337
2.9321315235731005,-0.02610636749824053
2.976284417217231,0.037029057275528646
3.0062508817580356,0.014697862260255726
2.8471505002688065,0.05249514613138472
2.8532287229289954,0.03236599911987367
2.6887896584741675,0.20921536228084278
2.7780669343776774,0.15803456711007594
2.7279971482490084,0.0050078480439275114
2.837819574478727,0.2843761671297998
2.7229364100128746,0.20945530403682183
2.756688242446031,0.1482324521683861
2.733666687945631,0.1450671980889903
2.8607993241366616,0.11559252840397471
2.6292538417083913,0.17934077659334746
2.6108657103594934,0.17948424324887913
2.7362567448970383,0.23002015354632882
2.7288867399712005,0.2510568612657495
2.6502135111444605,0.15355584824393737
2.6618255989756,0.2004145317972687
2.7754260428017203,0.10155547934305387
2.7522635631513013,0.13386127967953024
2.7133086602194125,0.10624808799900644
2.7178233867484827,0.16747354514502605
2.6978888923954494,0.18098203834067958
2.7016141066672503,0.1292120913408879
2.677538050339042,0.1557892469358447
2.6457186523983296,0.2945440138882942
2.6662706139336323,0.23260561732224605
2.6098418642187236,0.26568551958004727
2.6758928966863107,0.17165669353015897
2.740189165690555,0.22064836245141636
2.5473127987300193,0.23375992295499373
2.5221998270911783,0.25391908532486546
2.625428705558483,0.2926408395077875
2.5906883542273746,0.2982659072614113
2.6988865926097483,0.23536381984570423
2.7916116175632917,0.18768752287987675
2.5563960954303155,0.263515972794013
2.596621249479825,0.1648493928733144
2.920649595742941,0.0891469667887085
2.789768368344847,0.19271190496793889
2.7040833315550703,0.17838039643526077
2.752430303919387,0.22219373618281243
2.744673856664758,0.19751409292055153
2.6354644521587547,0.21875760965308874
2.764099344214665,0.1412616021802961
2.8377916041698668,0.2006438464814889
2.716296347643188,0.11869636524877614
2.8784531168778997,0.05869979749350906
2.6597038575425382,0.18392859436581946
2.675191443795337,0.10472171709653759
2.694009804053196,0.14897417150025014
2.611608350349282,0.29317102047083354
2.6102155391538004,0.24425600344833218
2.592172277982616,0.18413672432384232
2.772533737311745,0.18297113971002812
2.7890566586700225,0.18305039021974734
2.8384073018246787,0.002619613700897058
2.5368447650058714,0.37889394496868634
2.482315467296341,0.384387326671864
2.7069218710181366,0.1869287306654384
2.7041429651573377,0.13152269708757935
2.7456336249413416,0.1592570404603752
2.8003841818145885,0.20484242788921267
2.703341683256766,0.13607852763787956
2.8821748077497165,0.051900085649538505
2.7588856046876544,0.1906445762288123
2.636274574761011,0.19380498622864833
2.6268214332582387,0.16813924509411646
2.6732461209501643,0.16291854723277285
2.676109634471299,0.17337908359405463
2.6763036841054495,0.08752539619642691
2.6832650927870016,0.09277491639937697
2.715682064970567,0.08279047263320051
2.7088660140441507,0.06641116183201311
2.7386166596217056,0.36387349571211447
2.741393364545914,0.40303140429571255
2.700871384897959,0.37315155305374337
2.6677109558973156,0.15530751458918846
2.7908005303823065,0.17948326909991388
2.7945122456331437,0.1855061755607072
2.57391300562738,0.20742022771534327
2.6341834217761986,0.29193233667368057
2.59529643329596,0.2809720760251593
2.6511957787501297,0.1739319647807014
2.6824328326159588,0.1968724887845324
2.655312693835779,0.1900619464457699
2.5053676133281026,0.1453165396324879
2.7862221800252343,0.20099725312277814
2.7664251563274465,0.14819685380761666
2.6581624396609578,0.20100323746119
2.6585686659515924,0.1525060754701461
2.679166003977834,0.1955545927064842
2.8099635657906026,0.09480174067338192
2.5734756275216677,0.27942428649852014
2.63729429314861,0.2901569543753354
2.5673558095578763,0.22512840396158282
2.719224782967308,0.15174457264242683
2.69827244849501,0.2037145548330608
2.65597930448861,0.176995136426402
2.6534706830372783,0.1570654523888066
2.818156448000533,0.15929266281347537
2.687992777289058,0.23042415333443725
2.679979482210896,0.15192198827784567
2.6939066836982937,0.1746923954937652
2.7393250327508656,0.13053403409581535
2.5986436095196335,0.19142886383396668
2.629737887033555,0.20300595654908105
2.7700072454838716,0.08126208375462461
2.787246622182796,0.10425397425583555
2.662432616951984,0.1830030140303925
2.707966230591446,0.13181098975926678
2.5943782240897573,0.2618447164420836
2.6532198000488023,0.26361413355284513
2.6165879226167013,0.26157179881423787
2.7307212041945386,0.17030655377723442
2.812837929236834,0.20096406857367355
2.7068883209339547,0.1409467948059106
2.865171915404702,0.023137105609696878
2.784415200573985,0.07668581200434868
2.6843715643775496,0.18311902116934814
2.7957034294748584,0.11106399453786912
2.6361497003217615,0.19276525580031412
2.781444076986428,0.1512629619634375
2.709904131776334,0.1928781531871337
2.693053293973153,0.1624395250769199
2.69509877184808,0.14089096965493675
2.552219976294793,0.23341196201072922
2.7219121572889193,0.25479501291181306
2.6386745480076867,0.24903473528554115
2.697406369568224,0.20333372615394163
2.830905224069718,0.1723957682045667
2.832185756960948,0.17546855036275663
2.8276476161031443,0.17512823985832018
2.8298065748037766,0.1382949121784529
2.8139537076150534,0.05323313578916637
2.707435609757023,0.09627036709446452
2.7954586848980907,0.1257033667583402
2.869150763156606,0.13773049758214057
2.7650488973578797,0.1893775371441279
2.6797686465992414,0.20243701116587845
2.621441138972614,0.2100114978536873
2.8398474466763135,0.16427129041722532
2.762345777218278,0.07553164434666308
2.785633563353547,0.09443262823813094
2.764158134579201,0.06925325772500597
2.7082002584605833,0.3528520150302248
2.687398881750863,0.40655508562644893
2.6952230424161563,0.4103298993053659
2.5218601087768766,0.30491717356722997
2.7708206629775995,0.14929674478144458
2.681347848243294,0.16400590612728186
2.6920169524386677,0.20625847379552478
2.7095033418893175,0.2211639474012793
2.6915006953171705,0.3335186105121428
2.644186339941017,0.3093375637934235
2.7862369998090357,0.07300848267434072
2.827439817145883,0.045238345769129294
2.6627646401511695,0.26583848096245477
2.6427226716739427,0.18780321222545582
2.609601253519856,0.12529446359034405
2.75391222058028,0.12420412959217364
2.676407186288878,0.2861137201697106
2.652902795765913,0.1830719800182021
2.849838622111909,0.09537967524382594
2.791589732050157,0.0494584689012396
2.742858176600445,0.15462080129347197
2.7346286477879085,0.051695021444761825
2.755082454942411,0.10246058643969772
2.69413982479739,0.23905832791146453
2.90178377825768,0.19426062674451244
2.659756421254334,0.22209630998486035
2.7465734800744177,0.19175492260368446
2.7670675859729275,0.2511442590459839
2.7667014645491634,0.21388874614267697
2.839259733767251,0.13730136845456353
2.8207390409631548,0.13521451952363
2.7895443935848183,0.12223411420639439
2.6311696499837294,0.22441607237551822
2.645952327971958,0.18853973972017593
2.571546263268318,0.19899523233682775
2.5842963379586696,0.30699603201889225
2.532938411463401,0.2770003386305556
2.695074943432479,0.3506038933831032
2.6561964413183294,0.26561914611133547
2.6358660953872226,0.21946540753953556
2.739260513024757,0.31493677558822625
2.6586115386742843,0.16114315113806096
2.615943148444143,0.19136377157261475
2.8015400352028714,0.15353166565388862
2.8272785932580193,0.12391365707416566
2.8109291087382906,0.19815952031194925
2.8990433527123023,0.18426082747521555
2.713789033003742,0.16230362599071796
2.590354919313079,0.18993720555952615
2.5441598503603897,0.1730688252521829
2.7721149612882576,0.18983667087570613
2.6747499061217543,0.12005200648087247
2.68392309297054,0.09215059651286518
2.7891542492583534,0.16098979933088986
2.757713008379947,0.11727024928609396
2.591769332819473,0.18960129352577365
2.6692383530310897,0.290159610832178
2.5852647158920368,0.19571752546290505
2.6895944609273315,0.1775325067250435
2.7451239724083303,0.14443714885101702
2.853664099012113,0.0786431971904725
2.7335946966410902,0.1871781071588182
2.7755344948922707,0.202151631617413
2.775373456657159,0.20602503857985527
2.8164445802267535,0.22779591784659337
2.7799966512069068,0.19141722684567622
2.8296387121934385,0.028196742035972888
2.795240034761053,0.09475843627274755
2.9465060685253417,0.016994193918082375
2.9536295957774144,0.02349184310565632
2.7796659863049684,0.172484322642472
2.792689744293239,0.17046453150962082
2.7212599266823796,0.17497677850178062
2.7483811455655482,0.08070784123020774
2.8552041170145848,0.13855502248067397
2.853157124138335,0.13862884714952164
2.927292587345049,-0.006813998134168655
2.924907596600051,0.1369568219428509
2.5674778277919086,0.23363610915662483
2.641692652362581,0.19776644758040984
2.6926810294140653,0.23220058163991367
2.8305429395804853,0.043230006011702925
2.838146233385837,0.09163371501125366
2.662821710934145,0.21601218037659728
2.732900432992433,0.04617637715517504
2.927138001668772,0.1053687230082034
2.732971954011656,0.20903266342165558
2.669315598489567,0.16842859616250688
2.6420610391770225,0.09616331108422733
2.7266312962367443,0.13359533826975922
2.8397783343147744,0.0441921505969514
2.7037843842252416,0.21937863892763984
2.676787231599526,0.09316009546195468
2.6964683526381292,0.24840490935182247
2.619612511542673,0.15843875614688388
2.7001014635693292,0.23697565418739075
2.7147699361065216,0.19066541254526828
2.7338327197291767,0.14537405528017228
2.5730042925419787,0.15753980657809924
2.5280793590915356,0.15609041661487144
2.477677755546413,0.14056319795823338
2.6736885750692077,0.19849183183357996
2.70171050222972,0.23194467433508337
2.6173068994275557,0.20832210654704084
2.5390407020529033,0.19558777737197994
2.6157692014560108,0.33436541426633387
2.5262905586670747,0.3311266218592572
2.5253531709450527,0.3170760336446687
2.6482253960803757,0.22752985610426885
2.765183163909615,0.22574011572988237
2.7452217199351203,0.18564931871260215
2.7103692463515947,0.1475058644068152
2.6056730203547387,0.17905316031443974
2.6856191805313387,0.27967200444249923
2.5379589140067047,0.2235074427859914
2.7346378141853043,0.16708637552413028
2.7408896497310584,0.10606381349124266
2.8712644124477062,0.07448776756325687
2.895185185357105,0.043914286696089586
2.790679843559631,0.10260008792484265
2.679964346375167,0.1305903003261272
2.727146125153684,0.16844818069608022
2.7417285363634596,0.1888118773375907
2.6300404596524336,0.24459231774974355
2.609738164984955,0.21466271919138177
2.613940110549494,0.1809391511258079
2.6228802558453985,0.18841576906931062
2.542767804558284,0.22015943041205413
2.5581351459110513,0.2180181438571081
2.624196723061535,0.13128077641971636
2.9797857799098955,0.11040311691742283
2.713880771330532,0.09999943689185208
2.740076833253807,0.1328292505814571
2.690450783958345,0.12920972699090505
2.7721984487781532,0.09110878413844316
2.7802571731312518,0.09303743472991968
2.6990905302491863,0.11558058006530876
2.730310832709791,0.21789057219904456
2.7959369491329618,0.22343034455538188
2.807709460651671,0.22668893076054092
2.7511418119280706,0.22744466698891558
2.5945356659260868,0.21311328940772117
2.6533269153414185,0.2822555739784128
2.6021855880998213,0.1986655855289172
2.635958981342714,0.2829570314230274
2.5741894540592085,0.28268083216604717
2.629708317480603,0.21017214118949615
2.7546811446915322,0.12830289405390413
2.7079571372614066,0.1794977426092312
2.6067583812487136,0.2742491170715188
2.799886845982246,0.13070382207083778
2.803691919537741,0.14954332079416227
2.749116280478082,0.13143384123281326
2.6389299322622106,0.2379564625632221
2.682831325644658,0.2028484608540587
2.671557411084718,0.21115997109761434
2.6559848780306976,0.1462162041425711
2.697988310141404,0.18856042831183903
2.6392260722283125,0.21971001677476176
2.5436921978169273,0.32090346141686715
2.781124732327803,0.11610432496344186
2.6719459335280864,0.17602359600550144
2.6724871724152743,0.14012203017988417
2.669059693162297,0.2708806376008217
2.662561362737954,0.23657954312962826
2.7968632084069966,0.08152947146934315
2.7773238105138347,0.06477146968447543
2.6899605207225528,0.25585013495806214
2.699765047950067,0.13012375088652117
2.763714123500574,0.20798229058387643
2.7699569990903417,0.11342763814083046
2.8393941938025673,0.07901991088273563
2.840058018504322,0.08495749642747571
2.8293487274195415,0.17407791853236557
2.6823965079351573,0.2390473717585635
2.9704014601436417,0.02979270379334892
2.8565431797730225,0.008547336247836832
2.863472757114558,0.035757574752564
2.874959671775626,0.1226835665570749
2.644823642236497,0.1411574359064587
2.646472105401764,0.23030783005427483
2.605501882069912,0.11997615861565834
2.630028306604819,0.19115399893063226
2.743581865826523,0.27132980885411817
2.8758586849410195,0.09723493702433574
2.6244831120675975,0.1725998313253706
2.639898629257911,0.26705232010915975
2.7145978803073287,0.32535280456141147
2.7230690452422412,0.3457881068472472
2.7530456660308125,0.3352983288926448
2.621436703728996,0.24756061074377672
2.7084583529559785,0.21030179425790047
2.8027205968022084,0.10725687615547344
2.682209652990087,0.1811092816958289
2.646886746058537,0.13039642832242324
2.5518953673659284,0.35412880318069423
2.5697827242554143,0.34363932832947897
2.6515685580076687,0.3016960922753562
2.644095134891235,0.3026277017985768
2.659467089887334,0.28037754217321237
2.6933827908034305,0.16426568595582042
2.6605154115497944,0.1364995087148223
2.7522618088465824,0.09131100109158936
2.8541163155574893,0.12249189204289623
2.695901708018747,0.1328246149159298
2.699395940646832,0.1257682546111257
2.8075072837168302,0.09828477764048339
2.7990354343170027,0.06596934429772013
2.811898467680021,0.058295688802911826
2.6307178216994918,0.2798131610176355
2.743926619806445,0.132030269904842
2.7542950262256802,0.08537000725631742
2.836082266046992,0.19203297365030614
2.8363436642699438,0.14234299449725504
2.818437662188634,0.020900303399343786
2.8733217515804332,0.1487424714515657
2.754692545456094,0.2476152375808631
2.7697000155178455,0.22638812599965705
2.7643853052090708,0.21935961557059835
2.652294712370519,0.29625368198032886
2.5185379393838607,0.3263875041521543
2.5317562947683614,0.34236357896127556
2.5407865828880634,0.35533597759343605
2.6803947141731657,0.265436531485687
2.5487965828336634,0.1741735919802745
2.527984446807003,0.2060421455315219
2.5506493468154217,0.2596753403709657
2.7320656690531973,0.22653907738083837
2.7439288984542145,0.27768432035781826
2.769240422039791,0.17526565675998246
2.8952522034036394,0.013227445609122734
2.8931912202777466,0.10936180896332585
2.528765413310122,0.23172995842773098
2.925332816453368,0.09287024855791326
2.709751132758812,0.07165817096566023
2.540592302564547,0.2931163278209613
2.5363263209821896,0.2952392800188612
2.5513094356532817,0.2738580807081437
2.5783536546210124,0.24492319880603514
2.7996048481492,0.2139635257181619
2.7894761856251598,0.21303278136518253
2.5818283827411976,0.1952016497112442
2.7057922205137666,0.27652317642281676
2.572709173146954,0.18558781607472974
2.753853634512354,0.13220478261985955
2.7458382100916894,0.1272673470535801
2.8992911071593634,0.06087467403920657
2.9180027776446846,0.07382807627487734
2.5934297239416195,0.2324938438867676
2.7245459532075036,0.21827219620782576
2.7143769156254036,0.21593324734828703
2.770999643983326,0.12504007239793996
2.707385347836793,0.16236982535639358
2.759208173334617,0.153959199826844
2.7853446170292626,0.19382722740693548
2.6694941812377904,0.15075690710496792
2.6817681262294175,0.17159716153710497
2.775602400366042,0.10622262263784721
2.681713220893173,0.20004372683341118
2.7194091640996763,0.17224099716706195
2.5887225337613438,0.2103340949752934
2.714988803365949,0.1307698362632088
2.6916123696144636,0.11705244049217052
2.6948014624969043,0.16111980851302146
2.8442072805192162,0.13956496447700076
2.8353097551131117,0.21945853118856182
2.7753552526777967,0.08932811835674638
2.789016281401892,0.10321030648850676
2.650567856984421,0.2612860949363057
2.720661438239257,0.19228026428457423
2.653089124420779,0.22523659124778236
2.6903825823832195,0.22591621597752948
2.640990983857334,0.15019908553157155
2.813737602594409,0.15811135691649295
2.777223622276623,0.11555424080063798
2.6931792877859455,0.18099108766296906
2.9072093091089943,0.06991195323358311
2.9326970434974413,0.11804736905287613
2.7219303346430577,0.15442598169878766
2.778301644480383,0.2130812952015403
2.780313252948627,0.2238074539245503
2.8033684201258793,0.24647919053732442
2.830471290098489,0.19926345836814752
2.5159041691217916,0.2175062915683088
2.520877959121751,0.26886544558537834
2.545533834403121,0.18791291891763112
2.5388662628422356,0.2056654126249356
2.5702643401198997,0.20548933436834324
2.560653978859982,0.26368329933315143
2.604811526364638,0.30203677815554325
2.604595963782683,0.30562379981004906
2.571312161639521,0.22459552015792444
2.4917239470807546,0.24325040201507409
2.529652935715176,0.3660533264537281
2.5662786687636667,0.3151093865011256
2.560951211670238,0.20264138518265787
2.6291700374931244,0.2750920124914648
2.7672900813433285,0.09217709123569011
2.74544232754449,0.08866185810351397
2.7744882983157453,0.13454983994743486
2.7366100788106515,0.13297227457235963
2.72639564077739,0.1999758107967013
2.5909868747972844,0.21732200274276073
2.536812376834907,0.19274626186928873
2.5158761357678805,0.3115651566875159
2.6082827944298077,0.16185399089818533
2.6349049917664185,0.25449488655349606
2.6937251893400127,0.313539367181269
2.6970254811747747,0.10483668135225156
2.743156971031777,0.21803554034097433
2.6983176102449167,0.10640306096502374
2.6927972811100984,0.21855491389393994
2.70084360524518,0.2422074969211703
2.606875593047607,0.19876120833418667
2.571520380510046,0.28603728906644105
2.601788877865274,0.18738579179266734
2.7178991039382976,0.16606194405154812
2.6514061953254875,0.1929640907850247
2.650484888117906,0.21065640477248124
2.7458146897360307,0.21255459311495895
2.7719410041727617,0.07244906592038257
2.6905847756063195,0.1429468635943494
2.5994627869639015,0.29575901867509863
2.6208568224209023,0.22336539985668016
2.4621836783058844,0.3229667690383208
2.5085581734953415,0.30766358949288164
2.8904903202775984,0.0615071966360946
2.906539120011266,0.06901857747543243
2.9185606625525513,0.06274578827774002
2.6056445443742366,0.19948883528689967
2.875317813579167,0.09459987882343916
2.873764387493333,0.0899538154456812
2.843081501459339,0.13321594399751208
2.7966143324424255,0.09181056730573342
2.818161292366502,0.13565168947063974
2.5877321007441982,0.20127211365675524
2.5886489045593892,0.1891529109367457
2.833010140635013,0.11747211775799177
2.8568829712319466,0.056423107114346685
2.878057640402557,0.09747795919347221
2.7455000490697277,0.12717040687914413
2.5954825394737773,0.27237050742563856
2.7767002994811825,0.08990587625155284
2.632578289600162,0.23266882557890275
2.7753606661326105,0.08125795293012086
2.8925706347977416,0.09284750989891404
2.91531108179208,0.05000764561718338
2.8910775490808662,0.07245469933981563
2.7872373663189927,0.16437123260265724
2.707286931063199,0.23803285859026754
2.72231607504043,0.16247697860026208
2.648481546068634,0.22980358796802663
2.73118580313983,0.14620064463946508
2.8741072792092646,0.12263220388003863
2.7448057636290093,0.16859280992204906
2.703215045405326,0.05502060161389774
2.6661665727289177,0.04878422704731223
2.7448289302109727,0.09143176167037895
2.7431489064365757,0.09277474477164993
2.7274946542530762,0.07011955809125801
2.7301199434176637,0.12940714258838687
2.724395916420282,0.12473933073076648
2.724952573292959,0.18973312166449513
2.6557302239358065,0.1786437463824876
2.79890651286943,0.06946698483783595
2.675422638175755,0.3011506889984252
2.682944047428564,0.16731054615587748
2.6693631697071054,0.2091164424341745
2.718146736508715,0.1643587453432765
2.681582373871573,0.13868646060602488
2.7019093616139145,0.10295750310304787
2.728844045467485,0.12452523361089142
2.6726986823613177,0.1300614624274904
2.796467584111172,0.185913438918912
2.808924560874633,0.162494507805221
2.657230827800256,0.1355093865260192
2.6781407928902055,0.28627771956352066
2.6802235927060774,0.2811523962965935
2.6358944402963265,0.2037834733690297
2.748286619392739,0.1483071934174351
2.627859232092129,0.11914293932448275
2.765386263409011,0.1497805698374152
2.7484820356195065,0.1508119012927883
2.667893697096048,0.13104079856568404
2.7031497740989887,0.20233620191335538
2.7568168666239745,0.13026325246904727
2.72947524651401,0.1636459468915706
2.720292820132368,0.15596607800624923
2.7438460468507095,0.17085329592408782
2.7242270394665864,0.20603263071956082
2.7468570115336903,0.19352653990612642
2.687669803088795,0.19626490378283454
2.8602925590217603,0.0680825623105066
2.843598219058263,0.07327556450138824
2.9107089023710317,0.09088795687696465
2.7873799424598524,0.15716850800887183
2.6514035969665,0.17725452117302187
2.6437391065628835,0.26699704472272784
2.6175081348216067,0.22852655081553302
2.590677862797396,0.2216578360393197
2.671729045217018,0.30135971727232447
2.7150906157664036,0.3195796752929614
2.7765217437875913,0.24912885019936915
2.8461743191026465,0.1983755475908094
2.856501032235996,0.20793545146166995
2.6849015542679364,0.14794882522264283
2.724566008556541,0.19311031991234015
2.552349444091458,0.17625708601228574
2.5783510298544776,0.21591426063729766
2.7254118923769686,0.19812512053900674
2.788634678256533,0.13526673519114424
2.588712314322167,0.17141099202471552
2.907999229399977,0.13057655553879433
2.85738156121293,0.1284938727762675
2.7687747169073735,0.3031767470126258
2.808666615627979,0.2214852521884014
2.912136018347896,0.21950711542057338
2.8668343717749836,0.21680013994433855
2.694282627845077,0.09022509040115226
2.643760704031101,0.16648517650322847
2.8053506594434943,0.10607757083871434
2.7712657491976422,0.1403089209180492
2.8894290852757,0.12428116802735943
2.681790105201132,0.13532003735159615
2.7528980924810953,0.22097044252007536
2.775185287452667,0.09771603405831936
2.862727653242195,0.11592159685025553
2.8617057485487,0.1191707311823523
2.87126262502935,0.13254068229965812
2.9406361381604476,0.06231902767999296
2.634379700741262,0.17493441088926984
2.692044886966649,0.20587316339535833
2.669280881699644,0.15302807301455482
2.8094577755921963,0.15395497980152678
2.7027040882942317,0.21657031077601907
2.5797759484784266,0.379793518815273
2.6404848639737355,0.1602163434010583
2.6996834678768056,0.2294877472412227
2.5632749815404745,0.24855152863414984
2.5921184402954918,0.21785212511514965
2.605514800626865,0.2652668214397514
2.660162052652741,0.2044200945078266
2.7071443636190984,0.09415166528799551
2.779438367848392,0.08560222409466074
2.8522266972390558,0.11156583154867294
2.969290432305208,0.08814373969684568
2.92162946513477,-0.03345070410809072
2.9399687741800973,0.03203477187486595
2.785539621158954,0.10626716537485607
2.8184537934012543,0.13962082617894672
2.773172974820409,0.1346620915073064
2.6615082751200796,0.1211661928439125
2.688468994524045,0.245790442641353
2.6791999405022238,0.1580493516407866
2.7397341932896317,0.18228137594604227
2.7235379407700413,0.24426580015236785
2.6490599890581685,0.24983423212804254
2.641773426104836,0.20696222507541423
2.6032233830804774,0.1462918647188364
2.6581257288965223,0.22523196779433072
2.86463953770889,0.05918449148871794
2.788323484799915,0.07435809099203673
2.7828987208490266,0.08590010633875844
2.8300954655650017,0.09523332385931949
2.6362462537295364,0.22039689680423788
2.717062104371394,0.13706568864819263
2.7042213187958897,0.14280504345958805
2.640145320600459,0.12716549262151985
2.920478272626914,0.11706341541817848
2.8483301702102133,0.11412489693381182
2.839879892353784,0.12040367712863254
2.8036238268955276,0.10892343000790392
2.746762587976057,0.13442105413023392
2.70508659426663,0.17380306941081902
2.7002571024959523,0.20768765354708674
2.8566448678803256,0.0964910087702506
2.7208268362623254,0.14130097907788675
2.736217511792786,0.21256264621506296
2.7197464570411225,0.26247605077723984
2.719748962696652,0.26555725932888935
2.697586733521788,0.14014644722843836
2.7935667006948828,0.11332136589621289
2.622666451226824,0.23512725582861832
2.73114183472296,0.19182446510845974
2.7529377804566626,0.1346856960415219
2.794202997592918,0.08493225239967377
2.6914266660738027,0.19720581826824632
2.7078303057112536,0.22555839981620882
2.628775141751177,0.24107570217553845
2.671085532734236,0.22553811184061
2.6231529968377805,0.2053614333198037
2.570529754372679,0.1393293247036601
2.5681365671367957,0.11068536994809437
2.897541384411357,0.178176249295409
2.9135539775848023,0.08422296525011849
2.908938215475538,0.0760010313087218
2.6063890263951386,0.1804928904720792
2.6395183739538117,0.12219971569844908
2.6472318493836773,0.12170472770616685
2.691880336924593,0.11951707316659048
2.706149717465697,0.1611838178294004
2.707640072771433,0.11504591776051752
2.724294204205528,0.11207898221528344
2.723241597875814,0.11044805356156438
2.8291223815333657,0.10471948042257843
2.73909626374173,0.2752405283814818
2.7104880395600626,0.21831450464031704
2.7000444591300514,0.20985701808301974
2.704441210141654,0.10970894266130937
2.715413343238139,0.10572024412211774
2.7699976514342532,0.1271294329981821
2.648258273380101,0.20152803670260233
2.739789542835009,0.24444388635253142
2.7769453967796487,0.2113375587310969
2.7363413815370485,0.2792753584095212
2.7010925946126005,0.25899585114204854
2.6234226346955465,0.26484108606459944
2.757450846355327,0.16829452349190652
2.5630845117468097,0.2425117076374091
2.8681503729608164,0.039305226691430564
2.8211139573824227,0.04625820619365829
2.839729747125561,0.08087120772384349
2.863635069593661,0.06589333137351755
2.832458445302948,0.15014560858325654
2.8083146629999867,0.12603488453061734
2.781306336178245,0.12760214821437307
2.616932598711614,0.15880043611970135
2.5907709104236054,0.17469237885436423
2.614670043637616,0.2866922729241237
2.652891889488795,0.18969456416524383
2.742453733698472,0.18544511923492873
2.7815595242113824,0.15923322007527588
2.8866791050013285,0.11458226454306741
2.869094640784098,0.12003269056273218
2.7860467266794258,0.09211709663069634
2.8123813135246802,0.09192929492200122
2.712839690797112,0.13160343465120128
2.75921663583639,0.14538055578658887
2.7892151279743347,0.1509123727897546
2.828814544428254,0.1222145985995843
2.808689850664777,0.0374201632421066
2.7682934149545266,0.1856657277231766
2.744116376208828,0.18492445249112366
2.7369204530210713,0.15656689361278514
2.7990395907685865,0.13409696821166062
2.7530668173823964,0.17313495269207674
2.759236643155751,0.16743638839416763
2.6577841517296843,0.20129293707406382
2.6641946304748925,0.1784364455735504
2.847087959813335,0.11669249153198555
2.7646776860183193,0.1312003705121238
2.767523993405493,0.12157913685376344
2.7119635599980643,0.10549379074499031
2.751844978830776,0.12743545206246168
2.635698510022731,0.15743407806578966
2.5944192677554527,0.3159152167353914
2.7291971237373778,0.3118549637104456
2.87629183475664,0.1622703272806907
2.8431121529445615,0.12328399821904379
2.790360365194196,0.07128360735961603
2.787734866461164,0.0742743411382857
2.7923215874762994,0.08944596727736423
2.5193689639114374,0.35745480276704666
2.5269773518224437,0.3579057531272457
2.7426835224818857,0.11581099115384456
2.876125413488502,0.16398774248292325
2.875676355132371,0.180124482438548
2.7638356326205122,0.04444527316015629
2.819047876462396,0.059268184932697414
2.8406031992878535,0.12346142632471868
2.83670498691929,0.17922407476495364
2.6063454153300896,0.12898182780505227
2.648876328271331,0.3411733596720463
2.819248188517548,-0.004986158762115771
2.8266131230844556,0.26317104041299
2.642556273393008,0.29167547525500914
2.6590437538298346,0.28885293668132034
2.6869611900971906,0.3127087144965753
2.7764347588159035,0.29090156252394456
2.762642505141447,0.24006374229819244
2.8301322137268654,0.01461782177346721
2.8267463824035004,0.04512627947035873
2.8052687661043287,0.0507847579273423
2.6768469906260597,0.25746405537615685
2.7330372011620705,0.2856894718728056
2.682524588524113,0.2749303338358909
2.7098948949052244,0.16472378755463993
2.6762092457122924,0.18283989163039033
2.7946696732824563,0.12338167337701297
2.6815712926195703,0.25958276026472504
2.6399861878128053,0.24988103864661845
2.6087376210457496,0.19895474140640415
2.7668566466123887,0.1105225298938753
2.7647383780343318,0.12096659403248618
2.734001116274728,0.19646995940795717
2.8276011333078768,0.0490334499739872
2.82786823948586,0.0889328970499637
2.8062479443302424,0.12430353399969472
2.7748564048023026,0.10895076063231689
2.8839110956462286,0.059487902770382184
2.8290682700870766,0.04867202195107434
2.8645794758275875,0.08443501212266619
2.568705361855402,0.25589114106684036
2.8591539777625092,0.197983347351689
2.692141856643965,0.06668727237175709
2.7053999545487994,0.07016238833830714
2.68788877948884,0.11405605293555743
2.7162141343417527,0.13403697223701397
2.799963355689694,0.1468118360933164
2.7314947217774495,0.14635918575378318
2.600468862133671,0.16655934740375192
2.6484010546396286,0.1783655850262429
2.7407487446232275,0.20336858606078062
2.7114219907273047,0.2026152557538862
2.7427966207677072,0.23633060171657427
2.6532268361197042,0.18141558365643207
2.764948211070238,0.13999311369258216
2.705929335691552,0.15438788462939568
2.627255565340424,0.34156275613562465
2.587538842729513,0.20311871858155076
2.584319345935801,0.189594787057054
2.5517125137225753,0.2098380634937338
3.0235136476356805,0.02322753564529989
2.832076897225967,0.04025018592025315
2.828807031580644,0.11626407771155753
2.6262416806725986,0.19989659295384782
2.788839886918721,0.07643678567165059
2.8700846086142593,0.11885011699087618
2.7730090972860846,0.06173670616767011
2.7843636456290994,0.13614498514871426
2.7634140629859254,0.13028546247567097
2.7957487545367523,0.2058268007502651
2.8095085555494936,0.17193357847018875
2.7344087013115197,0.14341459792252859
2.6587848929140105,0.1917440340326957
2.653600591894087,0.1499369541113203
2.6781153553247443,0.145998366652304
2.68089615896671,0.14667637992324487
2.6653602005565027,0.3034187292234934
2.683971124567801,0.3887530396871535
2.6903455239516605,0.3422052532001131
2.6955443915472745,0.3254650937340619
2.5935366569131855,0.22523733651758213
2.747425930061514,0.16613344799906704
2.7874557100694766,0.12154432740199432
2.7869491687820056,0.04023275143663324
2.83394836487824,0.06604457812958674
2.8435362717167796,0.09089862025247757
2.715463818840565,0.13970127309078473
2.7581802931912347,0.1374247967739101
2.7836801434466927,0.1678117611974228
2.7043445359793075,0.23769714095092748
2.6723738012623612,0.14437262888479374
2.649161992359005,0.10831491297447818
2.6887642292671172,0.24686064375875275
2.833419409675514,0.1685904618911217
3.0119636496530036,0.04552476415999108
2.941195069766136,0.018099368881559306
2.9540676411582694,0.026785581869890718
2.9516149710557293,0.05350610217718412
2.7530393592078806,0.1701923126833069
2.7557466222990534,0.16527731332424989
2.7379875253368247,0.133285820881522
2.694212935276079,0.22191544496517157
2.8307724942297074,0.03992460309076522
2.878639110802402,0.10572180043513472
2.8234705898131183,0.09600377190547339
2.788899725636666,0.06352997200936057
2.798200285637106,0.1521050481761981
2.80141577257983,0.15558931812757917
2.7390463878348648,0.12484790770119135
2.836152731392079,0.13891216665189077
2.8011620238692694,0.12871139805265427
2.8320873853757047,0.06686614640881067
2.7800344989223316,0.16059241909311808
2.7962739573343915,0.03690661794362661
2.943388351533074,0.09869167963595492
3.042594112172965,0.09319702113586702
3.0214346575291247,0.050716637289565304
2.637013216137981,0.18857030538435282
2.617207550170887,0.1700025022706731
2.630450996015046,0.1634599850842675
2.862944219822556,0.4073318075384868
2.8716580732152157,0.40898877313633997
2.862830360563554,0.40828395350512303
2.621951436500922,0.034104604950356616
2.655595438569443,0.04773023359590895
2.920636308479003,0.2141520184855834
2.740110389267758,0.2910081965765263
2.698906884617941,0.06502306396300687
2.6903638001437105,0.08260717550919248
2.7200816542377235,0.059994715347067046
2.754768444191733,0.10308305317234367
2.613935172216625,0.30365693544566424
2.826452523568781,0.03769734291783544
2.8012308705595803,0.196778000230557
2.770194174628105,0.15241854337057464
2.7529328954762544,0.19625600810600224
2.564535261545785,0.22391994834375184
2.726112992817757,0.09015924590993445
2.7639430062623065,0.11172145214799924
2.6115392865773406,0.23646619786868703
2.7525826865503364,0.130199488756678
2.824608298275588,0.11379618702625051
2.6836253887689647,0.18634097816504228
2.7618950019037216,0.13808988899025196
2.6652862959099326,0.2187488474208863
2.7038884273249066,0.20333589603471228
2.645102327164532,0.18508417440057018
2.7158809812745677,0.132911411624466
2.7161538962719662,0.1843418594950392
2.6632198618103344,0.21589184897061822
2.800229269822221,0.17524582978750308
2.800229269822221,0.17524582978750308
2.8276784022815318,0.13692637816765937
2.6171891254014135,0.19177839649803177
2.6875408253593496,0.10746640022306522
2.7773445981484217,0.28113817149013953
2.4490382929444103,0.2601888320484193
2.4788719209689605,0.2834098599023677
2.6989233378478534,0.38079083808797887
2.495457813086804,0.21466973841650913
2.755863480153006,0.309838155302319
2.8403546820910495,0.054273606246338583
2.9072499441564483,0.04227316175901653
2.8992567670213267,0.04333034093992767
2.900371384233512,0.04233798059891418
2.7884951470713237,0.11586940994589454
2.752497328944715,0.1281919126265532
2.6908597409356085,0.21336182208607396
2.6891299964776096,0.21157918112087262
2.78838026359373,0.2134135857267409
2.778364691953882,0.21624867570713838
2.5990941124333076,0.18890314950466627
2.7030140221240857,0.16525676518853197
2.8783427003371385,0.04290456894489382
2.773434698534762,0.1765694517134895
2.6485096617085797,0.17440300673560205
2.608271092500337,0.22089324412315176
2.6659842183896525,0.295318969156223
2.6525473856032535,0.2765699258061498
2.5382940370016036,0.26167411184203054
2.7120787300309552,0.21950050673703647
2.795815944704341,0.08959024693616971
2.7869626348308936,0.11317348698387275
2.7361777445682094,0.1436278762152767
2.795614461185641,0.15603684330293532
2.6488951504988294,0.21981058484302493
2.717331293786053,0.18298847537932966
2.547857430445403,0.3463754491149587
2.7000198396436206,0.23270076387877622
2.6574246277011038,0.22021370885803268
2.706289703203154,0.18605732377981038
2.8117363588944033,0.14411984463505415
2.7819543858768663,0.18417532171019885
2.720489252406742,0.20439517047313524
2.6840376516791293,0.1491285222124001
2.6547522377523594,0.2353509362058058
2.6663635731912985,0.232052003356032
2.773956264774473,0.22065123052371236
2.791229754596373,0.15234023418928513
2.703613741358132,0.22891686775428996
2.7492126045709555,0.10875933928682334
2.7577921335567983,0.14595179543149983
2.7178124466920504,0.12482510129786079
2.7180357687598247,0.1346066194002628
2.7339099471037964,0.14577859050399078
2.744739483896066,0.14392861999859494
2.7161631752314817,0.14499680231288065
2.6839692385755893,0.10411926873747632
2.656677273971369,0.11386204469994135
2.8105285252913266,0.20772269893297116
2.5094472947096986,0.2597965275510298
2.7956607476232254,0.35274353259199925
2.764613294419785,0.3542820659895761
2.5662011149599624,0.26727684908885346
2.593319789656435,0.2670442409316069
2.893851216988938,0.03482256763082222
2.707873971829374,0.2580699228079749
2.563443187308035,0.2854434722441058
2.7314539363950305,0.1309167881227326
2.8296019251087974,0.06165869055374374
2.7574511558162906,0.10301916183904178
2.8413927136541752,0.0803291303894321
2.7099783549247722,0.14723126393514188
2.730511354350848,0.19161470315855128
2.768854817764091,0.19566816748200716
2.7248919976284536,0.21880136527933483
2.628690020909781,0.2483578411413918
2.6973424326007436,0.21695644182828605
2.6352312496437604,0.21681968866484075
2.638603842132125,0.17299204162618317
2.6206690422871453,0.19486177645070327
2.6987522895330454,0.28091853504423014
2.737673899196918,0.24797228251148432
2.685189670614961,0.25069850367321095
2.670663361853851,0.13207825968838602
2.6189779169932295,0.12558996337266368
2.5862590812392487,0.2189501698522523
2.642516131203617,0.2815202445494629
2.78995495775178,0.30190482119876416
2.7443525814634793,0.12494229208201896
2.634090848025925,0.2752811383634991
2.635351829906439,0.2749232236765966
2.6490574387509827,0.18198884838901158
2.6735870213384914,0.2435104473946822
2.634755959801848,0.18924238358669046
2.609495227421397,0.21710492276245258
2.867685228483025,0.07584147237415367
2.789365118786639,0.12407454777967244
2.817722697618877,0.13369633546554696
2.6770136542285865,0.11097802588404809
2.756019449451883,0.11102228118722958
2.6034139822350917,0.19784439883135696
2.8187188056198997,0.07057165036013294
2.778755561810007,0.07073555765690073
2.5800918346652435,0.29326029116329166
2.6361102681065147,0.23177708095662475
2.666375996793796,0.23133888844472558
2.5874081002147826,0.2115641954584057
2.7342763909678007,0.1781034671963723
2.8591378104708554,0.034008133376924626
2.66050499231371,0.23916009555710588
2.6951499993986494,0.17343755433144611
2.8146085360510242,0.12223520947824182
2.7302156198362666,0.13789018381123594
2.6839502378530287,0.13716873714836347
2.736380654437726,0.23166541943779967
2.6899850051662817,0.09226935804821969
2.7272600888291314,0.11902539049797903
2.6524969526713518,0.14932547258441192
2.654106175594198,0.16863107242420242
2.580036456633182,0.28715390007165525
2.5936490223013946,0.27166616559113377
2.6548104255632174,0.252131999442393
2.5815578837785425,0.22594475788478677
2.6348430017894104,0.2900377815842735
2.6858629980313156,0.09271356984449251
2.78705653113643,0.042540499634889976
2.8089851930415812,0.04766865699124584
2.8842728041194423,0.11079259409858021
2.647981622375844,0.18739356748077649
2.8006380999756577,0.16098780651889127
2.776908123975407,0.17203924604162008
2.783643209402799,0.16611104677209604
2.66858292008028,0.1773275923737089
2.6576649441979585,0.13287305191807938
2.717383894871805,0.2586021790483974
2.6528018332759156,0.24366110113475786
2.5987851068483994,0.16514991416677335
2.6960644991156344,0.2593633231263336
2.719526089532903,0.27386957249253496
2.4913611171944634,0.2977828676859562
2.5430416755348277,0.31114460560395896
2.6625500920108567,0.23973045253542052
2.677104528699169,0.17418059843316083
2.6537691582212446,0.23682638869820052
2.659446103622361,0.22254461284719815
2.5535810798846814,0.17934356456389064
2.584776246091623,0.16532030805404918
2.5711415726846854,0.15830537832907826
2.5711415726846854,0.15830537832907826
2.6398279522796737,0.22499585709098494
2.794516609055148,0.12064595207885428
2.685332394811867,0.1641526844129946
2.704681125535469,0.2056255898045683
2.537077344653191,0.22879060642862423
2.6274934360254165,0.24729483392180138
2.7654638369347766,0.25850294838720383
2.7262451913251216,0.16358614877143388
2.6224368754618492,0.2049339365838939
2.633210795096135,0.1671628078688841
2.6406121691380466,0.22686279238088297
2.8788934322378763,0.06787938078514764
2.8796483174439174,0.11227429339923684
2.856796402194378,0.09696616980612029
2.65853765558664,0.17117995098889857
2.6605980542225267,0.17395998929300577
2.7422575093029944,0.10743948633519552
2.729141363780567,0.17039572761110924
2.8654335140861105,0.12830937867745745
2.745763672186042,0.21309887866256785
2.810034094096766,0.0861631826738081
2.871419200827342,0.16546753556833538
2.6419581576565374,0.17970185771194408
2.802133886261339,0.12900977890052143
2.628926437146279,0.20258903281838933
2.691367466184775,0.20917949667673172
2.844749958138164,0.07797891118573065
2.7008390501814814,0.16584011251998831
2.770528785320047,0.22453663653794795
2.7680697525228872,0.2230090043710164
2.843977204215616,0.13489400533877416
2.761405436246418,0.10327809755409566
2.677369115060679,0.2600592230075908
2.66477437051817,0.24134120323459046
2.657634549375904,0.24443871064806158
2.6405025488104656,0.21418820724654752
2.762321314628744,0.20110836157338013
2.8152614295533396,0.12917679377765867
2.762393110977262,0.15570368551703168
2.711848064600896,0.16525613642448905
2.7455096721530574,0.09277072234556165
2.7057395281843104,0.07930273761809614
2.7963797373371104,0.12644663103021728
2.69390809210815,0.11122567409483577
2.778739767449019,0.18013412066474233
2.787270588834388,0.2215014310977594
2.459305264679484,0.28599761890613756
2.5349000226041234,0.24287982857693627
2.6415145243823486,0.24311247444789014
2.8126011282458676,0.08618643249096
2.8194441683287104,0.09912977460513236
2.792325784527226,0.08410366221120688
2.661417600159964,0.2179643634736565
2.509078555659191,0.2521635183258435
2.6103823605527183,0.1757605928299656
2.80129856553707,0.1482967035568899
2.900969927440005,0.16215050382745702
2.7009619574097057,0.10127742586731577
2.746832341648701,0.07726843258636654
2.7540804293901915,0.10284784026632009
2.691125461127992,0.22879279186750323
2.7551859010049085,0.23523446930604944
2.909740532868338,0.19886945708167342
2.6133857148454664,0.2573471256243701
2.612170526739079,0.2608889385647406
2.617312190247018,0.27583923570215124
2.594620268181328,0.18658112204912364
2.89748631716961,0.1032638833961802
2.930209562193646,0.09093233656730539
2.8951960227781712,0.06575451573167214
2.7306716234639006,0.15327801655878978
2.6168071663033308,0.11905776335337813
2.6441241551233476,0.1166580922694243
2.6884717579868376,0.12531497714523374
2.7845397151586777,0.18257920301282257
2.835702933886868,0.02633554805983077
2.860179754682325,0.05559437163492279
2.92697938171532,-0.02672280657063394
2.9320832042385323,-0.03712545404019755
2.925258140915433,-0.059126161793706354
2.9732349257754698,0.00672836804795276
2.6014299757864268,0.2140757754750916
2.5983336147623644,0.21116347559983975
2.5693323771250025,0.1889100505925113
2.770695789797499,0.20398718955914236
2.6354762177974957,0.16043137803208585
2.901485198484156,0.12084560643650277
2.755519015700178,0.14954103448029543
2.589702809584343,0.281479386073147
2.6689528036496317,0.22147069296363023
2.7263338926600413,0.17856949377949666
2.7437240147718147,0.18119600389814344
2.770813843853397,0.08528609111397373
2.7485805583794836,0.1811958287046948
2.709605605218252,0.14999813013937693
2.6926859695146383,0.1987408935299033
2.7249040364362096,0.07567758488651212
2.7352223854980204,0.09937532564739512
2.8049070023745295,0.09959348920163144
2.7525937080949183,0.13643899824501537
2.814769097179713,0.11907643867769711
2.723800125881408,0.14513932463194484
2.8833919479698014,0.11525360955068598
2.7862453298183554,0.14162918998013221
2.580077363306243,0.19279433244262226
2.5584361976569747,0.17305481079723894
2.8554849282575394,0.1743488243173626
2.8731380332977254,0.17547496765292472
2.831368170275072,0.126314518263269
2.828194219160055,0.12003364555856719
2.8505509435215677,0.07427814293198719
2.6374702188323447,0.23586161419044208
2.61801553348019,0.21204666577438164
2.8021921008724506,0.06230446498425904
2.786740801140201,0.16765032641585406
2.702951494540185,0.22958457205382765
2.6696130387088406,0.23138484341298118
2.726286278340276,0.2375855289014299
2.6744224663774916,0.21753011580343773
2.7389773134861346,0.10874219162971326
2.7772346359131967,0.14573413477647548
2.77416350336924,0.14693103858947335
2.774903149391897,0.03503469159405757
2.898482050911056,0.11104688859540177
2.8345358663408176,0.14055212136647566
2.6710923403289915,0.10604844008758657
2.670955152271045,0.12897290366964095
2.6677084635450026,0.1287520478619385
2.7103088762592615,0.16686768395167786
2.7151493157226363,0.19333345481866696
2.7438888619140696,0.18600188407514423
2.8260141920079325,0.18191713868552192
2.836547466700265,0.237235802182799
2.717819078112432,0.061048480669072445
2.75532239814976,0.08769910540179145
2.808072401373857,0.16415456562208305
2.6392381203162336,0.14904262122497317
2.5241474299015083,0.20591539190591135
2.756906862916841,0.20071759674840287
2.7511184055084956,0.2054204064802359
2.658017355545057,0.16550538852826047
2.604642662761628,0.13607512687356255
2.609524154728389,0.13508825320087925
2.778693159533077,0.2349079918624453
2.685962552436202,0.16737074931094753
2.7414995715890513,0.1413757201813768
2.752590934392834,0.1459577025328094
2.696638122242397,0.12132642567180306
2.63128229766602,0.2502154613524656
2.6556403116430247,0.1599133389444361
2.8012374569397696,0.1759050089567714
2.9157579211110094,0.18450422740227568
2.839592122583614,0.18143786485512342
2.881121667813027,-0.02446200971436997
2.876123142030036,-0.026214421212149803
2.7501683391576797,0.2012291960631653
2.632126398375755,0.23648749812899209
2.75819876880751,0.2357799972545718
2.6900313592643905,0.23048639900460374
2.8008112504567624,0.11526197453304639
2.9371100932657024,0.04576663213800257
2.818457462629065,0.12572194897955158
2.853376224036226,0.1236954410004926
2.787721787151922,0.06425259991738348
2.672681439618351,0.27184159000372515
2.748852685678384,0.09435259712026274
2.827414744590454,0.06035109703221281
2.871020745984347,0.0630177746624687
2.6956662717487743,0.18548603208532385
2.757319681954669,0.13347483857299483
2.7468509839823216,0.14356927780693898
2.4986677641123762,0.3096964296560795
2.642357020267391,0.3291360705254215
2.7957653084347998,0.33565487769718083
2.7275279008948536,0.35791659609843113
2.444501513393657,0.229796860880253
2.4433640224445106,0.22520602577407245
2.73449296905378,0.413393622783911
2.7392527688050574,0.39152680038870075
2.5841914584261003,0.2477769165653278
2.52101339398096,0.25844896962945685
2.6410671910556442,0.3139174264725018
2.638937071165291,0.3119988778337416
2.596130106843051,0.3409090837079058
2.5982777920037368,0.23039678628443816
2.5270609729086524,0.1464916295909869
2.8538202698576653,0.2800714312032081
2.7554925986350374,0.2948826771496915
2.7577695164465412,0.16658215156076103
2.7431105943923724,0.1864979342779043
2.842725751970016,0.15978084117622643
2.7466756817467215,0.2025440731691216
2.5873317716483526,0.19818055065001905
2.8761855386863977,0.11287307436926335
2.5668554898765423,0.2061322049827312
2.5747903150213114,0.2018973698387126
2.6289068024835394,0.15953971588921598
2.6783058240344872,0.18462230027495788
2.7427074381385177,0.15784942938913837
2.817687142346008,0.15073197804837443
2.639473429215122,0.18158009025431468
2.657835740004908,0.17333519977435652
2.663508116545806,0.19700721373141278
2.7150315891578383,0.1608309331188435
2.7851250131757945,0.12637567603970004
2.6700900202019615,0.07892292354411112
2.789563784001751,0.26262422252088147
2.39664801693037,0.33984138046041046
2.403682670755666,0.30512004658708775
2.4741450926776127,0.2977990083958664
2.6214169750168126,0.2494129955148804
2.6516519656590956,0.17684528931883503
2.6752906036826456,0.21028322097433683
2.8778885037175175,0.052766617410078896
2.8246342695316957,0.10604607264420912
2.803237712904653,0.1385892298625527
2.804618756270856,0.11884048478101579
2.6396939725339412,0.18821320168143924
2.6256498241159907,0.14036161286627535
2.6961381289171875,0.12295309270495797
2.7593743324866153,0.24353411489736998
2.6696009860606207,0.14106426891057092
2.7186548370245407,0.21566967385910238
2.7386943024440953,0.2579839291502245
2.5608853292239866,0.2153019398559213
2.555329311873004,0.20774157005652127
2.703935396612351,0.27428524604529775
2.725476224865843,0.27345712214408874
2.6571598596985173,0.19097648503779976
2.704579375972315,0.1820283306493198
2.520167723734327,0.3226257766994929
2.5396107182746777,0.30306862664602063
2.533118411611146,0.3243151218170104
2.566304224257476,0.22303949143149188
2.601246705177288,0.22040504519888482
2.590713122552999,0.18625063531363734
2.884480830336943,0.13944525218954293
2.678730813702513,0.16868496677952366
2.780664226600559,0.12615618216233968
2.7177274976498196,0.16479354380817982
2.7072628203567373,0.15332371879595144
2.666161781005058,0.17860971399806724
2.6961670644072404,0.2057781549951559
2.6698721888907424,0.17274016621240593
2.6648062207507475,0.12570101716507603
2.723746395432044,0.20522775123917159
2.803843276152419,0.11422846821023
2.8544586203982156,0.1597406471331186
2.800694734936944,0.1339327486356658
2.6897034972613256,0.1269010082274833
2.7028230023996653,0.19380387838047936
2.635120150049258,0.18372057355976099
2.705543126250521,0.22812414080405635
2.7696675836512155,0.13602110262676687
2.7790830712284635,0.15286740142694297
2.7155512211573622,0.06664388403301963
2.736330769136837,0.0489145710475992
2.6879320622575915,0.11479369654945921
2.8153799948477527,0.12124464321409922
2.8355085131762614,0.05783179636334438
2.6627080554063616,0.22878795651307826
2.637048497594396,0.21426728276734913
2.6947044209648463,0.3026469364325205
2.6887868610482655,0.3002380789685685
2.7889342620675803,0.09866523830360735
2.729776036372326,0.16498258983887754
2.701771065505308,0.11996661502490996
2.708731920959643,0.10333505039111548
2.7819985924125175,0.06537650405851338
2.745764027086772,0.2117565878022912
2.75171345595117,0.15622522009415915
2.9473625880906975,0.1208047155560774
2.781841509878599,0.1750966158919512
2.76132099102619,0.17435840841612665
2.6528372221129115,0.28325367105879784
2.624242778135562,0.18122805186266547
2.592671889554194,0.2782176474180147
2.6987004258160883,0.1789796095771834
2.667262471179152,0.1652225022575562
2.804776252988948,0.13249657907928974
2.730896844111885,0.17864257173856274
2.773657537895893,0.13706180987288288
2.7891419891321165,0.15532973247946968
2.6690660623025386,0.16366071673863916
2.722589650895702,0.15497171628104228
2.8531659685592676,0.13685788733370072
2.7311906725208264,0.1487949466838988
2.661367402454841,0.21771056246737272
2.670850069441546,0.20348415907218023
2.6978725674989077,0.21380660450427896
2.702528305491676,0.20352942952471179
2.7710954915185066,0.22986780032371545
2.762460202841798,0.24604935931564986
2.753634301228089,0.10029000724653173
2.7647145325115976,0.09642724282398796
2.7821645971742948,0.07203822376791416
2.776457887483088,0.14544156493295582
2.7603729721750123,0.25506119325042687
2.7752581541931773,0.1697499839183191
2.65217848600881,0.23119237037486146
2.724482214436833,0.15359242067715148
2.73418838816146,0.12049988731109612
2.8472521894552525,0.10413978706521522
2.691203403887672,0.20718122058667157
2.6346977036153394,0.21586799310920998
2.5785803926690583,0.2923956780006335
2.5813472296870215,0.31016425076255616
2.6658553899834363,0.12913588114594407
2.870953305791236,0.08548323854392925
2.651026520689007,0.17985409951630715
2.6610953820104335,0.2595200418089928
2.640175800702424,0.18594851800854675
2.60805379172517,0.2907156058665536
2.6830797323395124,0.17214003513535164
2.7922062926755666,0.14561606046220096
2.78320195385759,0.1379594681947626
2.805239712287116,0.13716509957809828
2.7130625245477047,0.10545236884541502
2.737003796462649,0.0867406363180062
2.757086741032221,0.29017897386037944
2.7512303402217126,0.3299059335110216
2.751298699740614,0.33598194285877675
2.8512976108027113,0.15403419872468044
2.814014235315462,0.13751367210754636
2.7075421122965118,0.22308534193719684
2.6994031500955464,0.268665285642827
2.7656742690338785,0.26766481626505256
2.790530913699342,0.1409202308103198
2.7630922679610697,0.21479298285962892
2.757559339942073,0.1441050351453731
2.7252265414107355,0.1952450340598614
2.6716289411578598,0.14941272560353547
2.6714699411572673,0.18731333148316723
2.7143083404438717,0.19170714811171538
2.7592840873425915,0.12275486798086555
2.664608111415128,0.18407987226379574
2.7145106708426288,0.19432940584985492
2.7010572037946567,0.18160269441457835
2.694661272882481,0.1764502323947701
2.6915477729181725,0.18241422935557872
2.7404689196395284,0.19230532985762117
2.656375287866334,0.12817791834003145
2.762747038681012,0.15521894748898035
2.799838009198065,0.18196781854925873
2.633948079531881,0.18013992331910034
2.628630591159516,0.19896124932318313
2.615912593619003,0.11917558011866528
2.933157519744451,0.0695102774742745
2.669716561273692,0.18441276668239323
2.775798812615944,0.1995937966409765
2.819282510927617,0.16053392931634441
2.721184353074178,0.17633841333783812
2.571714515400428,0.228175689028382
2.513228952791258,0.2187972176768558
2.499905869629625,0.2424708243377585
2.785472273544287,0.24121704517639614
2.8162188812216207,0.201575151580187
2.7059138117778274,0.14270390797810836
2.7467284203097635,0.18729363632553836
2.769843730418146,0.09259518145160553
2.872428684138866,0.16413759005590545
2.8649767128267363,0.1738748482686088
2.7182532804196353,0.2646324229938877
2.679834513903074,0.13715695666019784
2.7967907653933235,0.057213958134488214
2.7942730103938613,0.06311331017829093
2.778702390386624,0.05756072055561291
2.9117357595312066,0.13724754604690872
2.7174633336121743,0.3014699231653581
2.708725978323585,0.32858768628853435
2.69639449998581,0.3009567725156343
2.666472842635003,0.18225135575463444
2.687831460548201,0.18745106501421357
2.681873283958819,0.255063085762809
2.700696277162017,0.30902533782082353
2.5845841702892054,0.14784671936736604
2.512707229984835,0.1633013308526712
2.514122134602723,0.15628584973373313
2.5877847709876223,0.23551607741770667
2.7492454147669094,0.18843703741230683
2.7718573158403634,0.27817574425112
2.8431995798882084,0.3406420545668722
2.8245526903034115,0.3663067338854746
2.8048494374743442,0.36318653073779233
2.8156698250519767,0.3711461163040679
2.70995812084408,0.21073694112207292
2.6371159460289206,0.1312911337941671
2.6283460431647567,0.16860224387818581
2.705106744911771,0.2442617446194131
2.6034308586762362,0.15469238478783856
2.6641660314263396,0.14017224427802394
2.762576587324685,0.1589939509514538
2.733209258441827,0.15062730808295952
2.8136763800138787,0.12123162864229312
2.8586254374782274,0.05807099405268186
2.8332333672606205,0.0941461216906007
2.845963226960865,0.10636340701877028
2.7713552057852886,0.08480570605339138
2.829658697980852,0.12481176393347092
2.930482146265793,0.06216719021461515
2.8970772433871987,0.02142617192560825
3.040560317909933,0.08031507358425893
2.543147488121539,0.20696811432317133
2.8750786700205158,-0.0005029941973767657
2.8881258994979415,0.01635020254042547
2.900834765448522,0.08310718154188976
2.721823751736336,0.13296102920027622
2.68236121744689,0.15860185294251566
2.631264566631393,0.15067375342014075
2.658404140306001,0.17854934556518737
2.6838594966864,0.19980672158948815
2.7522120850051652,0.15192363528499822
2.723935227379984,0.12863964442208692
2.7720963648731036,0.15774345663432054
2.795846644233295,0.07275836472161458
2.768506847164162,0.07742814027691823
2.814191017248356,0.10158256082412828
2.78601874052986,0.1707313247987854
2.8425238192180657,0.06780647373339051
2.8726635021349325,0.05279701363549753
2.828491507756604,0.02791523304234935
2.8310872670779843,0.01699157640985628
2.7507627815993194,0.18143385888600141
2.7815687776832427,0.15383997724281978
2.716081931851379,0.20826003986421637
2.71580461939976,0.23251512187083526
2.734037022881926,0.07999579699266997
2.808740191502777,0.21704769627059006
2.8082720587867915,0.2295527221577393
2.732247734030167,0.22781106758380104
2.792070538317786,0.04450547124330003
2.824476778558449,0.07216981681297804
2.723506363859644,0.22555742931692832
2.7402551866789278,0.2680867224447255
2.7172960630140066,0.22575480420682661
2.64415635385712,0.18240433768049286
2.662584169319063,0.20437618972706129
2.712494690989059,0.2097201474391952
2.785830288157984,0.15409899167446053
2.696896407530892,0.13580627298519998
2.735827632896305,0.1666613303550644
2.7103862649279193,0.18678224006735095
2.7686060871534326,0.14350005034219915
2.707309949124731,0.16604648442955222
2.7249400150382868,0.1478261100598746
2.873088703564339,0.11198491661383492
2.886069998269749,0.10049146141501708
2.7019825035073555,0.150014310073817
2.7058955474352526,0.13939466175354978
2.7212353170725145,0.15681892103657064
2.5930952000919314,0.2753478558740996
2.744811163059863,0.2721010319713836
2.484850156731164,0.25544259452408274
2.488443921732911,0.2888006091571374
2.631686646070595,0.2259568954250164
2.685229446147406,0.23818721559337547
2.7936666463716073,0.06773513224510413
2.711720639305679,0.21907366366075967
2.710942517874682,0.21817511695090885
2.779820670468917,0.16291770599711144
2.7983830193112422,0.22456826265310814
2.7963353783276017,0.1477557327110036
2.747328805257476,0.1033237047376573
2.6774605392102853,0.1655921962523083
2.7306159620125205,0.09620143099947945
2.793154653927225,0.0757090627704682
2.8159447591602023,0.060827898203013826
2.6948877298989857,0.22689845546512377
2.785808595419364,0.06256782756138525
2.687856663467164,0.12239249101752202
2.782021171642977,0.16124738507944797
2.694178602801939,0.17041598784541648
2.742605846059267,0.14192287140236376
2.7054176398486334,0.13342133756578656
2.690093851880466,0.035013977007077826
2.6699740575549367,0.009658072783351948
2.7445553244343865,0.31289141622205796
2.7375315405027774,0.2938409514718691
2.6266440855534046,0.11665430091453705
2.7502247180152115,0.18005711626425777
2.752595283550362,0.1806795577527995
2.800076638275245,0.13949962319091794
2.6405497895388574,0.10914846999025157
2.717928149210312,0.15380920865112155
2.7094605811076278,0.22889955832179545
2.680878607965085,0.176495496021592
2.7458900776899573,0.14688360448874657
2.772266054257101,0.23758199537643268
2.679275588581619,0.07253548942959848
2.6839139618849273,0.07987173607584797
2.7310991233151225,0.2734035905216614
2.7534971134542974,0.022314737631657727
2.7042643198629333,0.029057676646785217
2.7661569222524505,0.04505636981945269
2.772808097124976,0.05970448709770162
2.6766925724238333,0.08849440688696117
2.6814951656433523,0.09174827315320229
2.6463052364980215,0.17153464394445125
2.703877277441615,0.15683147100702988
2.714988554581769,0.09100910043463642
2.784956521412901,0.10779381128285298
2.710603247061929,0.17286268789300452
2.7953808474315447,0.1675769666902151
2.782366179951991,0.2616237385676085
2.592590181357772,0.24882115454995252
2.771240365338375,0.17085341236349086
2.7951625272411063,0.15091879678330672
2.783491021212318,0.08964000557518817
2.8995901885192614,0.04593248406230222
2.8933458155557226,0.052981227390662855
2.8079883938064185,0.09742079182218467
2.7374532778029295,0.20675071667244102
2.714462549885187,0.18012501622161997
2.7589841584337784,0.1325732949176484
2.838981573830877,0.1758203438042321
2.8296008953686482,0.11586987272325514
2.813174539389946,0.18645438660059388
2.8632686514025156,0.21914114433457474
2.8529285495192904,0.21493309843729233
2.697719601519708,0.10157895476514212
2.702111302988406,0.10407823731089619
2.723936925893279,0.25047042296974487
2.6221590830071406,0.2552425159193225
2.5446224916769524,0.3778584580922295
2.9456223068308085,0.10059310700320546
2.858079353545659,0.15747983192671786
2.9494672316932453,0.03551652698452264
2.7863967037509587,0.16278593309174272
2.7121985297315296,0.1781520494564208
2.6950698603332945,0.23920226713975543
2.7400898590226936,0.2804577362711373
2.7227152381525563,0.27926657780404424
2.7373093295326543,0.23873750948443384
2.799847998994923,0.25419964550095625
2.6708856025471492,0.2575210291007851
2.6127664927389156,0.21533982165036744
2.5804186546890437,0.2396101891362795
2.6620917341661907,0.19575892401877157
2.6353601692582926,0.15861293685865366
2.5681549238451575,0.22637626697681568
2.69694418212847,0.16681332335444052
2.682761828567768,0.14342879204430933
2.746766891013737,0.09746104440592351
2.7422393070335374,0.09594506771917345
2.775949188263531,0.1760927751171831
2.7772270511372894,0.17450255683403298
2.8166008966296427,0.0638432758539729
2.7885590618922675,0.16003961590660407
2.6870103344889356,0.18969213280722133
2.7809202221522065,0.11230724409742149
2.933643197883852,-0.0018826304660859415
2.9343023736505116,0.007775477838436663
2.952516140864588,0.012683306346603522
2.6521429184625243,0.18395482219577633
2.666146956060346,0.24569673252710067
2.671246294542546,0.26629769901606043
2.613265481280549,0.3162428885026193
2.638718311289524,0.193215947921502
2.760953896822163,0.18508619730117065
2.791130102449682,0.21131891278117945
2.7507006458231014,0.04954236331880866
2.70414002226254,0.11989742459922
2.7207184221983955,0.14716528596512157
2.7515994961655075,0.14285345647961073
2.651656466066453,0.17880585320130535
2.6007634203110888,0.40803687978394065
2.4705034628822924,0.5147591305487109
2.4539419164190224,0.5400290067770154
2.455166866785078,0.5376886730941123
2.4767735530555597,0.45291773663827367
2.629298296734646,0.3190265737398907
2.817280864237726,0.09545762347772359
2.7002833232033643,0.17570972213197114
2.7862818071955684,0.10828325371591553
2.771650037610201,0.11376532833958286
2.7108585291609177,0.08507705151702494
2.7109907957915,0.13070124403111186
2.7215987722773582,0.1585908499087446
2.835475292623782,0.1375838398287823
2.7627699134930532,0.06910019320035371
2.7662579731391945,0.07726756391938269
2.775928314078238,0.10304804121667013
2.7906629019991778,0.1295746539467844
2.755983478293112,0.1823633101797924
2.7534793323394293,0.16508438399793618
2.7940935571276313,0.06361388312135831
2.8271966319562045,0.1443678009570978
2.7393298181101207,0.09286114343144605
2.857562976472906,0.09790160789496105
2.7699599127121806,0.15948666303229617
2.8035095419359397,0.04992615401130426
2.8037330552980397,0.05080017637205198
2.8041445085782697,0.14765933235742698
2.6844661547726125,0.21469842375275838
2.6845079147640942,0.21435635213607987
2.6466736910350988,0.2589783836968454
2.6439211224767933,0.2587490663332439
2.6302948241693973,0.21794038663135665
2.6923418436975535,0.228865535435467
2.6837279725332546,0.2624227437545173
2.6722157582515034,0.23190329527893008
2.6529363766999885,0.19282084316378786
2.7009875711477713,0.21640555354901364
2.7715070722391975,0.18110820261234686
2.8005383017051253,0.20551314218780878
2.7569133541921667,0.1307250091307727
2.7955509934089062,0.1577616831591888
2.9247732039321193,0.1240744143130134
2.7164158345265585,0.1153077479094496
2.7323578177814376,0.11729720280362549
2.734481319566321,0.1161890036088708
2.7228812533088607,0.18915387051188343
2.6697796822819937,0.13793153541593028
2.7590513319295646,0.14449968170958646
2.7739627045858404,0.12556301191425007
2.786404744512699,0.04023721481827792
2.706776223355155,0.20375658187041965
2.6346019556600804,0.1196803245050974
2.673632840954466,0.3444541569757023
2.546287172054602,0.22944064654527646
2.591072227248931,0.23816855082011948
2.708488386456185,0.2512327027986746
2.660326639499641,0.1615464589957663
2.658990554838761,0.1975375646771481
2.7083258143310873,0.19132277994129082
2.8849058928632805,-0.008285072551357346
2.8840464208952308,-0.0013050229370420677
2.8993008652535135,-0.008368783785265885
2.929685774313049,0.18110191499243014
2.590091078725144,0.30348406403285577
2.6550450393745133,0.29940367497393533
2.526972031225771,0.21727516020975807
2.565966312932997,0.22109019975830504
2.623464901700228,0.2293962306230589
2.7217580862488684,0.16598903143384863
2.7138003267442747,0.1293786110058726
2.6944386253677317,0.23391277381398187
2.7390708816593867,0.2928748006287216
2.538739062493495,0.20038618552313991
2.7083445818831064,0.31377272962291586
2.4792517835644823,0.22968887984884465
2.675983704879159,0.3165924555606805
2.527835676126354,0.2169475383667715
2.5559745835162535,0.17725724985319694
2.6496267207509603,0.18180779772103575
2.572848838152443,0.22200046177503047
2.703464001943954,0.26166926391798156
2.802699186450982,0.25685824765215776
2.7299358767033985,0.22666951880988667
2.7242591920155528,0.15510051073953435
2.6945501028569443,0.196034472581748
2.6754921437388597,0.15133900716974213
2.716306028557445,0.19392027009124932
2.734049930564668,0.21034445439120306
2.751788812452219,0.21082787908684972
2.7241238348348804,0.08562919939324669
2.8265786640400785,0.09789353882341642
2.817715449986699,0.1150851059342097
2.8185373414697406,0.12453889602510887
2.8789139400941695,0.12876288126367152
2.6069062988111433,0.1193554683145329
2.5952441261190637,0.12403256256000944
2.607395222445521,0.3096172385687877
2.6368266152912976,0.2777154597309574
2.607602687471163,0.2859056925952261
2.6440371943841,0.25562129483076484
2.6701111742199295,0.17782332561594505
2.512695654231011,0.3638034836012004
2.5107858194124937,0.2551189365811318
2.5512376413528326,0.2613485293594882
2.515760869801538,0.19491619475256308
2.5718318039206447,0.2781430183027843
2.5886459722915327,0.2780963168907932
2.7427804058742464,0.1568701816196997
2.5816432978777675,0.11978274951406108
2.790903466150084,0.09734371269826332
2.695293321767007,0.19860015126850386
2.6599757408830875,0.17074837099169962
2.6296950186567525,0.15463603566704756
2.76011945795092,0.16354553592770224
2.8791898470007395,0.08427115000290014
2.8712587352139316,0.1535244283126818
2.8435536127569554,0.1975301725030352
2.8260241964035346,0.23703896308050768
2.6932845484261496,0.2275940641011977
2.6567787615296448,0.21790615651815923
2.7875479216595367,0.10521113918977304
2.7983505365821095,0.07188804662646466
2.729500295044525,0.19591589341310822
2.6880279371358093,0.17060581814396142
2.7161586490291856,0.12171534554752211
2.755598990083522,0.1708089361379929
2.825074759879311,0.0845209638518194
2.824137889682521,0.0765274941613985
2.717673647880342,0.2200917636300851
2.718874485540503,0.16748406051574816
2.7379542107723798,0.2775999281997381
2.764682775147428,0.27666724962242645
2.6973214571733735,0.20276188197385117
2.7375975045925665,0.2510444848799499
2.6794900293366912,0.1986711963019892
2.7544802881100527,0.18138971488776637
2.7312631751966996,0.16014813175687045
2.671967620024372,0.21380314464684014
2.6563775251761474,0.14906889592857905
2.7980308051727407,0.2510527927518761
2.7069494099902056,0.23736519602515288
2.6444972203640664,0.2225162598624067
2.76333533557937,0.14480857594125723
2.5955057968957522,0.2544430076407963
2.690898732547116,0.25833285810830336
2.56699111715737,0.2103831200367521
2.7850543745219647,0.20328901771460509
2.7240433279549556,0.2087840144263551
2.8475088623320413,0.12196310935962018
2.6446410300330725,0.230260622249407
2.600266511351564,0.13155075859130771
2.620103115776042,0.15390841625389323
2.7170663264736823,0.13744800107103639
2.7383287151853186,0.13497991212119842
2.7544123435452947,0.09767105288058059
2.745703166722741,0.09389066185440544
2.847647530445672,0.18779521366050486
2.767349206874824,0.09993946527192017
2.698411790243433,0.11034435016862386
2.691469087529339,0.08689729521580576
2.7727196995332086,0.11469708979833516
2.751833755465087,0.07703250055720234
2.7477902456471077,0.07155342360893678
2.685827654084617,0.15319977817450484
2.7913882240192986,0.1026913279066746
2.8459175723406562,0.2656553871804935
2.8509942889463953,0.18568822250129882
2.5507663488731667,0.25088926943223916
2.6815908731232403,0.17923615455677247
2.679850056386104,0.18078843707111827
2.6585007679008914,0.16019308801694654
2.6878462146082676,0.16733720584249706
2.7377764872651387,0.15696040514787188
2.7498906143239563,0.13788665161633876
2.871153298484567,0.08268404383023896
2.800622704450185,0.18879272662195654
2.6907017193555327,0.1926863604472565
2.665765298482949,0.2778185504386889
2.8329414685689858,0.01350669198618691
2.8650098473501004,0.03322475374364008
2.7893587967135858,0.05415798543851711
2.745156100696317,0.21833531942936274
2.625244920142231,0.29201749967165336
2.6491958726353246,0.29007188665263633
2.8549030750966815,-0.0012750473275723124
2.894118617067392,-0.005937013185170022
2.7798676765392476,0.10674971014816836
2.7046377579411085,0.1578079218817784
2.78319942574019,0.10031756830499033
2.7347460717681966,0.18226930885031803
2.7017699964565076,0.1426649649872004
2.8069174850598935,0.12212229151244382
2.8139093908971384,0.07980692660636785
2.8080622769754218,0.155104060602858
2.676926924483492,0.2153893136034885
2.6727453644080787,0.18719683208000162
2.6433783545318428,0.19312080602608445
2.784392428433559,0.1660546995657394
2.767551489202802,0.17953024201147616
2.8258315580281796,0.04000646898917265
2.8203856115534647,0.0822589593018901
2.68353503068254,0.20339225086383825
2.717138725910165,0.13287571615986277
2.850949061897336,0.22413907145754108
2.7490334701183183,0.20575001364465711
2.789692709409414,0.25340669858502374
2.6911667752791626,0.21058368611339023
2.661651153569764,0.2586152687420851
2.676464617596361,0.2819606598640597
2.850811727523868,0.06749021864554038
2.756389427487067,0.14970599799179593
2.8571790737325133,0.13657821987757587
2.826056871306261,0.17101345789830724
2.843453633459157,0.2103068650823239
2.6279306762014567,0.15218593844316886
2.7822803851899334,0.12842145427545226
2.6959440899148417,0.18471419279268367
2.642495505517888,0.15512365784931956
2.697675183335588,0.1649123380907427
2.693665128212185,0.18828697003801376
2.776444771187431,0.17619517801733134
2.779041497020674,0.13957779937432974
2.7389592828044256,0.1522311675770368
2.6888877364803028,0.17232779010500587
2.6914035023314846,0.13005913730148447
2.748735660451446,0.13271419050108638
2.734031452936515,0.09850245945009771
2.6165521587873495,0.15194395614818923
2.613281554779794,0.1962755012044858
2.7571588952723487,0.208104461269407
2.7813033881691513,0.18940946424521532
2.800805890842721,0.19783927285390587
2.727547621672951,0.1367549024214042
2.7110864047008043,0.2042447885693144
2.6863231447193865,0.14637316012068605
2.6777145998497405,0.14563768054474807
2.5871134011836148,0.22591960076788403
2.7198916901386725,0.17273671228849088
2.852331705208709,0.027466518582389878
2.7414209205066724,0.19046746207791498
2.731965265029813,0.1765867948664316
2.733080660282265,0.16686476264286138
2.838518892108154,0.058636840421383785
2.6358940693885273,0.25696271801269926
2.717536295713053,0.1518182106294107
2.776177308895662,0.12170546720350281
2.735492512215611,0.039572006092861635
2.8532742002950218,0.2045641177562763
2.7780021314829932,0.20615922618760388
2.6982044697450234,0.2178655310766723
2.7799030805570073,0.08164823788184267
2.784211526464071,0.10071815086475157
2.695163568667957,0.20392247429607618
2.830381491910952,0.23056603943561516
2.7234953342874855,0.25730576391429677
2.5940002794612647,0.18397166597831108
2.6509766446163034,0.2379441859982362
2.8230644162395477,0.08333906729085143
2.7895295505797666,0.13823197611831106
2.7703019609215085,0.1934783130524086
2.6504460443510944,0.192915103006909
2.776750826523248,0.1635288876899377
2.720852764973579,0.11665716466185404
2.7924701066322983,0.08803687211532418
2.81304840196916,0.05595120883387567
2.8263543324703506,0.08748999292360786
2.748148170237335,0.15777306756147397
2.698687849461392,0.17846535416400605
2.8197166811480727,0.08614627781242548
2.6230029854898107,0.22556393694692714
2.609327720868118,0.27891753334230274
2.5921375446577626,0.28483922182338656
2.6496319780639506,0.23358256854033657
2.834962474999672,0.08662700886800417
2.84556028983548,0.07244838439410783
2.861816636122695,0.12259021623695987
2.8033093903012283,0.053974774229841434
2.7067659986800523,0.19530369328593733
2.7756286281182447,0.1345090118650362
2.6392067517472833,0.21325644599010368
2.707020944340954,0.27951055976893024
2.8333685115728704,0.03786268740129302
2.81926530570462,0.04090652628087232
2.7615093121951513,0.1959619859600674
2.8024135219113266,0.06296128812416298
2.833726887930795,0.1332947050668214
2.8110842745294846,0.162259825074776
2.657285460646468,0.19725029276156475
2.8041926695562256,0.11637604421653872
2.840929171790883,0.24238389476440758
2.5977550870189923,0.2857102839720421
2.8499318368641435,0.06715534055679985
2.8130991952224633,0.07894461915658954
2.7322020041330277,0.17205623411571386
2.7994316397729873,0.13268533070011526
2.8026181394932235,0.10603894526724275
2.8446212667756763,0.11420414480390717
2.761055719237249,0.11187589245619743
2.7301510987773447,0.18506944193831082
2.7039987019928935,0.2209545162794707
2.7511158249864525,0.24895438731311262
2.7902639033353944,0.2504211322001349
2.7742720649246984,0.2794510750139244
2.795724509041919,0.22387597807605725
2.806005817059076,0.23073563989969728
2.7785943309376364,0.21588430092752342
2.784178283369381,0.2221504417593448
2.6838056157280348,0.23038200197961428
2.8388740677693343,0.12775384254880806
2.9292991432225546,0.05391494744383854
2.757452997836217,0.23404504092956166
2.760322120370673,0.23474388517336775
2.7561736526838403,0.1840299176271748
2.670303009947409,0.12718492087291622
2.868710253184353,0.14334964760406566
2.8677922073872173,0.10071352425594621
2.770977542503854,0.1322217117855836
2.7018439142577035,0.17030933666114365
2.6677886024499218,0.14804219829354823
2.659747227338818,0.1468454325895468
2.7369966061156434,0.08324981766699832
2.645326007930463,0.15748359786560395
2.8463086650235336,0.16316330875785245
2.805419830908654,0.14364304945086984
2.6523232983141964,0.2756956632224863
2.6054891789346,0.20919227373422958
2.6053051517357644,0.19715671676893592
2.654457158931181,0.16630982587506596
2.859562113932328,0.10254035042835508
2.8298594390484313,0.12219509713756968
2.7639594313879896,0.0989786044813576
2.630284469721026,0.2603372727126714
2.8660324496580487,0.13616535853734077
2.9195994121223396,0.13998845060369447
2.585956461125402,0.17100224826327617
2.6649400291373277,0.2573480654419516
2.607492284395469,0.2341812999778999
2.6230480317401743,0.19625558791684983
2.5595481422759754,0.32683934704063833
2.5194477214769937,0.3240176669154464
2.85602281767225,0.06187403421493431
2.563933166801381,0.2857079355797837
2.711621177606578,0.18583936385513844
2.773559446562318,0.18258713475220859
2.707882080913962,0.23463847803981802
2.5606988939524578,0.2949367933027614
2.704519183455338,0.33044695434938437
2.710292587160085,0.30335753921964836
2.7724509299513436,0.23176122932900903
2.707739569670874,0.23044674811633242
2.738553996402889,0.2239582028803325
2.697487683119727,0.2332604334528499
2.7833836093578457,0.12870850594468744
2.8180129956454985,0.1422470108209951
2.715990400388885,0.19041295458937746
2.8097430487463155,0.08236537107216417
2.6768573312893587,0.2317533374520631
2.6845565053813427,0.262815880776509
2.561185559592656,0.22091486327301385
2.600847921251786,0.2534128352638891
2.6738082099085823,0.14212836067295279
2.664400422952966,0.2554663429158268
2.7377974689790547,0.15823416017090203
2.7847054081039473,0.10598051975620938
2.712958832680313,0.1858010872851106
2.5355194656057694,0.29886876798732337
2.620924293003297,0.2505268082422596
2.755543552599756,0.1371348863367732
2.6186112330221794,0.22380113033950946
2.668701358748713,0.1651725391845226
2.6571836939113,0.1696621477894572
2.6521903129317863,0.138811963127078
2.685881146776551,0.14143461642028343
2.742982295459212,0.1469434033362894
2.7637711323563074,0.16000927973383555
2.887391302330416,0.16964028368623713
2.900746427546698,0.1731263679858331
2.9048131131014343,0.1899587289310977
2.7395438736191933,0.15189469860534116
2.7964435518200594,0.11353047611600689
2.93442860103739,0.05306885242410324
2.7089700640114716,0.18292367671408777
2.7622509483159683,0.1398254890978413
2.752770597026561,0.17845339435745822
2.6414916411779297,0.2187883621917251
2.6035658074739163,0.21454290814792595
2.7766508961483543,0.14754203182461373
2.6839979573281076,0.16891993459007065
2.637679556514848,0.16943062271822953
2.6977590365005026,0.19743289023076438
2.7641339477800257,0.13822814424750848
2.7059739831878464,0.1329596025933743
2.67916384756344,0.1032058622470398
2.731094058484016,0.1367663759389463
2.7070388711757962,0.1832860552147622
2.6825057015217073,0.07912044566990722
2.849299137116298,0.19934005480105169
2.7270015376812875,0.22744985376635013
2.7617105423920107,0.2428193684720941
2.7203892920268506,0.24498620454843556
2.7565762892026333,0.2280246952073112
2.7867636537610116,0.23130964213190577
2.804619225931867,0.2505613473625127
2.5868093064622424,0.2726701409712484
2.5852326285987077,0.3233973228279272
2.6623793686639607,0.22128587692998256
2.6321485433984755,0.17442134155525535
2.6063637764578353,0.2571116343346521
2.624528607661985,0.2550630887572068
2.6740591749529834,0.314028063836795
2.5778878785442356,0.18698339446377563
2.4940082542166078,0.24162714315321204
2.7319606545566724,0.32388612074355433
2.807977906843838,0.3466738430976036
2.776231737311303,0.3224383923027691
2.729615103158515,0.2920420991004958
2.732200930648954,0.280933991744413
2.799404435828473,0.3058306767841917
2.6788450763883236,0.1616721107861643
2.666894484400614,0.2518249936355397
2.67277096967532,0.12281071157369625
2.595050032400772,0.36354284967612294
2.599355773105837,0.33927320872286987
2.528216084983342,0.32385942201805146
2.7436055655891067,0.21011341483430146
2.70036822969455,0.1975893979319231
2.6506410595326897,0.22201186277948187
2.6431074467682194,0.1881503439045338
2.5678235560088702,0.34874150008180665
2.7473815671608426,0.32121005491844407
2.7154297074695988,0.20389999700173728
2.6664009454144626,0.1660638848960649
2.7775082830601305,0.13471594496412767
2.7860601767641526,0.16556562575656789
2.6347323964654272,0.18328723678581516
2.7500579971629175,0.2252825120009037
2.688486355585694,0.16214968681957395
2.6082830142638684,0.19086644676786585
2.5554297317799275,0.20272639579840965
2.5588219800269374,0.19317637610028845
2.8440579094908562,0.17656065551941963
2.906345394869717,0.2006180127948906
2.9509050662782514,0.17792154238580957
2.8853129630449077,0.14135670756223845
2.8944719119954443,0.059773476691472156
2.8927586228145126,0.06308005343070668
2.8050717381324324,0.19317565877676285
2.8171395835358553,0.19268861478801474
2.7952058312303762,0.2471701266810716
2.791138069764656,0.22709219983984516
2.6970856355646022,0.1527347144293476
2.81586829113212,0.22243655235875984
2.7243790538132107,0.26820202911179125
2.5653560149011523,0.20774061963522453
2.599059394292244,0.2720163146576743
2.5956254118689523,0.27168802480291787
2.6080623892323698,0.24210898996366392
2.760736488055615,0.14607627953993685
2.971227461337617,0.015729216779188815
2.9583324615544027,-0.028585038514174346
2.972342047862728,-0.005231109048750521
2.9629084867388285,0.026503050297483302
2.7909050202390313,0.1752731522223257
2.7798822695155825,0.1276438917643703
2.7474704390623934,0.10246088094545691
2.7868815688387523,0.13161129864850432
2.826218726201916,0.07628418167789916
2.788828451607311,0.1116999514990762
2.787829984628125,0.10356439761318555
2.8394204479303116,0.19092197586638587
2.824869235041331,0.16336089700377832
2.547607163007883,0.22216463539153714
2.684837502865324,0.24754002096549407
2.5968091201740404,0.18912820427243043
2.702491063666236,0.2914551832204264
2.8025698747491465,0.18863836921390936
2.7494036755423132,0.27000778615295723
2.6802279315689326,0.18212828622062346
2.662254613827954,0.24062489619215732
2.6363027021162035,0.21015600801926676
2.65491540678355,0.21537606853785093
2.6935647671558343,0.20020073497617916
2.6699747291075084,0.22575538100652684
2.629466357324915,0.22664034734409372
2.663436956692459,0.23284669443233325
2.6612425503033763,0.1587183910972613
2.7066998857265925,0.18376663742806676
2.7755428121884513,0.15649016660518966
2.694430206394472,0.20421750460935997
2.6283987394489183,0.2946336027329586
2.594979156732121,0.23998827185706084
2.595806263221224,0.26370399799818695
2.650330980925398,0.2791017274725095
2.503737904194161,0.3483010409168902
2.663939713052352,0.4901275217778168
2.6105812138203004,0.461981810940491
2.626524697818779,0.450644685640988
2.7528309768496038,0.06019253292592223
2.7712463562459866,0.11618940671506979
2.7395106571851184,0.12544161085486324
2.7122436104273753,0.20177382143340342
2.7353275462827122,0.10604373581420078
2.6699541031707565,0.2695777483957634
2.6974157674923585,0.1860969778697896
2.7836964816441885,0.1645344024121542
2.8382417208852044,0.10010854826268284
2.7960990471164036,0.08802941463394899
2.7774877370003117,0.20329755489405946
2.790109664701721,0.09804893265320326
2.6553690974294413,0.21434295816723636
2.7006174608759985,0.16308743374861379
2.732330139279,0.11788417678584154
2.7175207244266746,0.12807049317038827
2.6131145356074215,0.1697282933381722
2.6644720422414383,0.31635661158066486
2.65316347625792,0.2871548620025887
2.658361917082857,0.36189247527005053
2.517188196533901,0.1465150088246096
2.6241789385175567,0.25554453410554157
2.624049385722073,0.25013776779360325
2.6234659867192547,0.2684599660913176
2.6267291473347565,0.2648274933408092
2.690232791264487,0.16984826374215706
2.7197516036088243,0.156700491901482
2.6973425500006654,0.18646092102175427
2.772913077290159,0.05855103573411904
2.5864480405756107,0.3300274525825705
2.774928363424151,0.12915553364725174
2.7352695293547002,0.2080643759272815
2.781279719853739,0.2408213702177768
2.676091832921792,0.2264325638544371
2.7290663178147803,0.19894352615268415
2.7501262445822996,0.2562441153474934
2.7082638029299715,0.31222866764257057
2.5871922283037883,0.32324934046282133
2.58770014723621,0.24537087683367545
2.596822627632046,0.2726391822209914
2.611070013431617,0.21722925320631803
2.6263544845107187,0.22044734255937784
2.8152453158381423,0.2164446885865301
2.7098047215588124,0.1688326620673287
2.7566122787560854,0.19823952450642623
2.588375487701929,0.167963485548658
2.578548916803682,0.17886921301371245
2.5809963446211914,0.16908985294065085
2.771517693824437,0.1618369297976137
2.8277045298582193,0.1554321981497399
2.713144829205021,0.1937675384918891
2.589330224335265,0.21763350406707457
2.7252481502454424,0.14586138535021284
2.925133537039717,0.06441946841203094
2.6475832308958362,0.2425174064021844
2.719870101413291,0.12907565206489624
2.8654354457756614,0.09781643873850444
2.8220555020601035,0.04575980620729543
2.8157197469961823,0.04473437689144794
2.8490755810038184,0.11182152340602236
2.811404791024358,0.2058699958288706
2.7037354821603756,0.19355884147975244
2.6705211917119676,0.187673552552227
2.639599818785758,0.1846626989772064
2.6777265795951144,0.22220790484048125
2.6754683774567374,0.251733272138379
2.525476925418441,0.31808513275696576
2.5623878354089897,0.23261441216395265
2.5726181162643433,0.25271820984823484
2.6924231915207324,0.32290336672376047
2.6973044612205626,0.3065854531828523
2.705529083416512,0.18004242115769611
2.7642010539640474,0.16545770421235517
2.7945229522436397,0.17257879398354828
2.5869420817352373,0.10616389192882351
2.6678316915788,0.12418687750908657
2.703911337776644,0.13551722829375154
2.7039360767887026,0.12637159162059727
2.739101159165822,0.20134929948775113
2.707907694397462,0.12688266559889927
2.780090656516946,0.11749304734977721
2.6765281655189783,0.19576198170974005
2.697377266752111,0.22306999170265923
2.6552782634091496,0.20412910724839634
2.6486060730087804,0.2208820806261138
2.7726355364449073,0.23426527924725699
2.7541482433795967,0.25743945521130884
2.7220047098588083,0.2124527240922674
2.8056308883089636,0.19507957993618286
2.6896760641838533,0.17879954435721088
2.7114115160765597,0.14767173013992632
2.6416050979809818,0.24956443245958357
2.837132487487246,0.13729821486548796
2.6780846210729723,0.11732589042013339
2.8614256742117785,0.13759346568710137
2.8192992411359707,0.12427102748439336
2.8063668592950224,0.11688619036541781
2.8493478928672302,0.1054227866979002
2.8492866514858504,0.09813177474535051
2.7235022913253113,0.17173846778987384
2.639905068318107,0.2424539323382675
2.648222921500296,0.21253534028022536
2.653080709389933,0.23191433636824385
2.7063354271360573,0.24344069405604954
2.814960168401673,0.16339226613835006
2.7815216460661714,0.1463110207666164
2.838584518166663,0.13095816640219451
2.790925072176075,0.15339961148954817
2.759107596236861,0.11468079673784103
2.740988823614176,0.2190380275233892
2.836874938260651,0.055198078698852654
2.840738984901475,0.15086520985040858
2.79645781716597,0.1969315684644402
2.545865151788567,0.19073284014218087
2.6751438557727134,0.24968141581578313
2.673049088611811,0.13768598177871447
2.693966655424201,0.23083119337104402
2.612210678122455,0.17364712454516076
2.982271386724155,0.06505335910607209
2.9850463152609614,0.08813968216321741
2.9436748973470404,0.03406437898278888
2.7929545827459723,0.11067572982718372
2.810515885271499,0.10875246752310562
2.7883070416132876,0.12185936619225253
2.895877827707678,0.09421791140271411
2.9623384117476745,0.21243658641706226
2.746316556978313,0.16689849654743102
2.8571924073727337,0.10462967621232656
2.7469055443571646,0.0971977116127223
2.759867872090221,0.11868684908421025
2.7848355064832533,0.11601407316876088
2.8738546107193823,0.061921418819541385
2.8116456729808172,0.09029887287469754
2.845115447057311,0.058249201371033545
2.7371016430334554,0.16744565810410622
2.7459589993931623,0.08315141962764658
2.7910502699206847,0.06382575033656335
2.7042038239148325,0.19034177843554356
2.6640779739555014,0.1370503786796184
2.5888596476445316,0.3136668318798256
2.6784225739506287,0.16709388617506793
2.811678342324951,0.1166110626937554
2.7509936244765827,0.14674061300683736
2.619445071593309,0.22201864012902622
2.7006644513762836,0.18485836019717644
2.7187978152296837,0.13017658881653577
2.621303365588986,0.2821527670789379
2.557096841779162,0.29624221619426655
2.7883697430985843,0.08466454750519953
2.7343871818172802,0.04434607796295373
2.866160091414557,0.07817887675258389
2.625308861607262,0.31068971078252333
2.5900552310886913,0.3218367284328116
2.5772290640518403,0.24065914548571204
2.569532519098467,0.2516527058064621
2.743588060303116,0.13927651009424996
2.6351824160399437,0.201009851706763
2.7216162136190234,0.22213644869381916
2.630559179571678,0.18083138838092014
2.6154894967556213,0.1539135127047924
2.8030958130436714,0.15296422482954655
2.7452735586862795,0.1881159602612456
2.812675842221687,0.14467747967932706
2.6381341055482936,0.20305265778705217
2.4813023512594468,0.27071763371829677
2.563307795221601,0.1939720536581939
2.681452345421807,0.16298735430519895
2.8439009625333536,0.09967710340176676
2.8553691298825745,0.0885780854593647
2.821360024183784,0.1172956796610427
2.9007499346793604,0.12451169928024139
2.905730238828737,0.14737645416396358
2.916667594182739,0.14013553712777882
2.808023483694484,0.05617122343751333
2.7638957712824386,0.17979918926729682
2.8202198521108155,0.22089821924132835
2.811902657388035,0.219389822861295
2.7535047031051163,0.16121642380888962
2.7119035701435785,0.17174725015919248
2.5850387589114896,0.21715687201555653
2.5799751078972535,0.22115989400485053
2.7422288496218887,0.24248628346325574
2.5558890523898836,0.28045828716148696
2.593804700586027,0.3159116625611635
2.5258126240149603,0.2924561457436428
2.528446949766389,0.29328710373157935
2.5166164312104584,0.28415503101322215
2.9109967742633085,0.05506925487228643
2.965633526605676,0.016769074916489997
2.9559906835506107,0.005835917520529985
2.9252113805395292,0.04914370352245481
2.7750817969161448,0.06779580821225688
2.901135962382305,0.10255221355578346
2.785210110202898,0.10249494654100164
2.7927802272532,0.14522709810414064
2.734592416653354,0.2682618176241776
2.7035733792063184,0.06179779921300288
2.722620406137944,0.10919806179251777
2.7335392739484687,0.12817733816425017
2.717786188005588,0.12229384712779755
2.6452757246710976,0.2560948628137889
2.6838910566782386,0.2787580303148253
2.7149786132673985,0.16002670704188254
2.752839815023001,0.17514180095405138
2.742814193928878,0.19530545347153755
2.7593437809164647,0.1990415835310658
2.83228913990637,0.038249179927995404
2.847986820424299,0.10557884213970577
2.8093462472950836,0.15436721862887365
2.852671652133539,0.043633809622091416
2.8607392729735177,0.026168186036433897
2.85973598787706,0.1292710162097018
2.7408253119221637,0.2659187756762814
2.746527171597011,0.2531248943052319
2.6764441831624874,0.2349405173944421
2.7450070510923013,0.27096946861382465
2.6421783661660188,0.21284682844968913
2.6479825213206993,0.2461813380243706
2.8555543030362798,0.11469001556598582
2.651082614936656,0.17200912452085648
2.6385752901430357,0.18289432784829884
2.772796452545888,0.22460978577266374
2.7553892977720276,0.2681919717504919
2.7534952764540326,0.23551054028945756
2.73970265605807,0.2483353121994639
2.715077418128898,0.22028035547901612
2.8184780891070402,0.2083323186852631
2.7247394226884154,0.18780538228398208
2.8226128584300536,0.12137508057852546
2.9569899290155357,0.06969882184995907
2.923106667748044,0.10171873691294704
2.823883402231206,0.026746017417152095
2.831159759979206,0.03354344630047166
2.76482345340213,0.15823869711076843
2.8878026319970873,0.17657669251587893
2.9047224175823363,0.16667213600791925
2.829419889435647,0.05552648425777014
2.774349584105936,0.1322170861714164
2.721479072858493,0.16768361783861835
2.6734514779913705,0.11384565203556347
2.664307465415569,0.16250759863275532
2.631205781535014,0.1640222399710613
2.8082569781950153,0.17292298887867544
2.572069710635377,0.20553896960175572
2.7992551796469134,0.20646630281952696
2.675858082699698,0.12246239132364273
2.6632099190236596,0.1595582445608015
2.759547860385554,0.09477930185748536
2.7817957448245703,0.12274478056576153
2.6810973511076654,0.13562607441343735
2.676633030576621,0.13076807739481655
2.699721983379107,0.2970252121002788
2.7161920026632407,0.33998466574308633
2.5406582208653474,0.22306454697977346
2.81848032741547,0.11019349738367772
2.79621042341743,0.20193192412220973
2.7465365523395167,0.1755882937872213
2.726974743571177,0.15980818639633904
2.5907195234247076,0.32781423779361935
2.6285289880696237,0.18778393112636496
2.872498955625914,0.1587747395299285
2.778532289181067,0.2255900461319288
2.757549566093939,0.2182918392744287
2.7436897415818224,0.17413875204381904
2.755029798344482,0.2269894943413877
2.7122524640060823,0.2196103141170358
2.702004253271529,0.10514117711385841
2.89463888386129,0.10839445808351823
2.8593005879111155,0.08222334786624348
2.6088172011081907,0.2229398704859535
2.7523819123197635,0.18786891577643924
2.764017621283888,0.15028397879116703
2.8768864375199223,0.13279076012421157
2.7844966383802263,0.10278143239546621
2.7716835677506553,0.1064018003627427
2.719173259836711,0.22616879604852194
2.7769159599922735,0.062488471724781225
2.7306174767707976,0.05583660402454329
2.7494975257765617,0.015016089061085498
2.737549540741875,0.2493884988535801
2.6335476121200183,0.2164804593927472
2.6460204014481064,0.11028571769689932
2.688974432652372,0.16295465073059046
2.7453754146851326,0.11885010197335912
2.8070069712593066,0.17655509091630456
2.8243529203659317,0.1345233906572171
2.801755871156802,0.038272266659962736
2.8115876079527355,0.13843199855879706
2.825410174069081,0.09628556708404779
2.832987355329634,0.13706649862914258
2.661141882242854,0.19128489889037426
2.6638903965765306,0.17649826227485862
2.7053731731274486,0.181807132146057
2.76472391106765,0.10858022927444992
2.7494246280483994,0.13879790515430016
2.735153519517498,0.16535985969329536
2.764045423665848,0.18623705173594748
2.7606159410088886,0.18198503191733884
2.6920047243154532,0.1990073424148116
2.825752046623582,0.0949726618163758
2.767845620144091,0.0499046750112692
2.8747646034733143,0.058991377889443405
2.802278585583188,0.07880913814722965
2.8756646960735144,0.08214826000889026
2.9231083333617778,0.07888645419888438
2.9025505014939093,0.06304843940739821
2.9002199179529575,0.06622603835521661
2.611747487559207,0.24945350515351442
2.786805562564498,0.17258058372447432
2.743206076865764,0.18072632612388134
2.6654182249429375,0.19373811283425443
2.789055255859267,0.18009545071122793
2.740267563110525,0.06846155985471192
2.764928519050594,0.060636448979171656
2.8582135424730426,0.15311079908020458
2.8550080163514306,0.18825570098608874
2.8482690266322868,0.22034573595921791
2.8862160774114254,0.23040154717743844
2.8616123984058395,0.1544631756893549
2.825356117602921,0.1509830372919333
2.7921075292776205,0.11600544667105073
2.7988660247313475,0.1036081999782043
2.6333219399416357,0.2793487361412555
2.7918780372875576,0.15199749569286933
2.897700962410005,-0.009885193339726027
2.730403476769164,0.1876875109784167
2.788974757387745,0.08513233485745444
2.8712066737653905,0.08452618801460053
2.766381597989022,0.11708950726752324
2.8233902356086635,0.05436895140530072
2.6699989165440763,0.2883039980448414
2.6709290258647718,0.1998833889538336
2.6717206776864013,0.2004799296007861
2.771489371165363,0.09787753160588034
2.68083821423317,0.22254846824710342
2.811543497265277,0.06520524119068241
2.7466296204312055,0.20107880951749543
2.8147661292944757,0.1971905259814899
2.7273168800867635,0.15756250152910772
2.7919264947578784,0.21270359884401205
2.6609630196716774,0.17857068018993935
2.8147131142607154,0.3718490430116241
2.8223368094008188,0.36373009272685
2.7334277411659125,0.20326229028350482
2.749460359594246,0.2104832455552203
2.842524554514181,0.2012439404812543
2.7811851296852685,0.04689760452714143
2.6872929090685056,0.10114933111680807
2.6886650028021877,0.10369146327217942
2.701818361233545,0.1661468568596822
2.705593989572373,0.11749310316165722
2.708013718873077,0.1571853324588109
2.7133920933354494,0.17929243679519655
2.8105948679786845,0.17382318687354328
2.8379692333255444,0.11465406987526813
2.6481263683411678,0.17501493348805203
2.750844278366912,0.13983215821490025
2.7318468663568933,0.18051238374258918
2.658071120036588,0.27109544239256933
2.623034752550821,0.18081848389794233
2.606471258403307,0.1842057546674924
2.906923724812938,0.05971827748830902
2.760424454946743,0.08340809697670275
2.773846915645778,0.1698599927642118
2.621363750218334,0.12360386035155065
2.741927114095043,0.28545456646666834
2.6886298299917435,0.2824925901129415
2.7311518271190405,0.09409645409980816
2.671998259129501,0.10345282901768513
2.7964963258769893,0.1716369569677366
2.7066209958531937,0.15801361525543112
2.5968130136120817,0.16858130695195572
2.59131018958533,0.24428318146304956
2.517728760831836,0.21907822168198146
2.7593070147308882,0.14303599239252085
2.8707646354056537,0.08529753843730213
2.8598736820891717,0.04838023514159394
2.730936017649827,0.14858024664348504
2.6664128338825868,0.3009200063849019
2.633970427589265,0.27809423163305536
2.6258045796575065,0.2322410158524243
2.735197391590879,0.13845516942128852
2.7361851453079256,0.15845995389737583
2.6937536459955953,0.17516418442314724
2.667766487698606,0.13394098493925502
2.6546625369083077,0.13881642882232487
2.629875050743807,0.20142912950570302
2.644719006934743,0.19188581341064653
2.685934894467825,0.17534910827915454
2.6810214683446656,0.12828815850942507
2.673454100388363,0.2561578279196899
2.758507337756518,0.2424386111880744
2.6981690299293484,0.14790486090565474
2.823818993516162,0.13403421217582828
2.681549402027702,0.21153241992169952
2.779075930059177,0.16381810078227338
2.5870948614828335,0.25695867446153425
2.6917867476774417,0.2408473991078426
2.671100554130172,0.20995066195014228
2.6741179879179007,0.12155371149377929
2.671233748918982,0.11385267889087122
2.643020455580974,0.21268080886928764
2.7877143915889673,0.11585235952735962
2.6742166202346156,0.22026887272955561
2.6476839916772072,0.13813094000675263
2.6716909456544724,0.20132566613275502
2.69045902595106,0.1779337156817702
2.8365875212111042,0.02890676770996237
2.82257563094685,0.04372861351138113
2.7948362013934425,0.017402314569433162
2.7965717134247474,0.010684369035118933
2.6889003485642893,0.2692804144686491
2.6597604314494774,0.22662613031943094
2.7143583593699123,0.1805501433560183
2.7042188981437048,0.16322620880868352
2.7468905782676303,0.14210149232349553
2.6460505305866056,0.296373857049515
2.718458971535387,0.11157095171665306
2.67597244237017,0.12404533489790406
2.7117996089518397,0.19003250700287302
2.7390209724834755,0.11307933302672564
2.6945995859768734,0.13693004670917064
2.538614585479524,0.35386503160227106
2.6838549314769784,0.32483381571494196
2.564222677727985,0.39200339062666073
2.5993119494457875,0.3156161580860048
2.7649915678142127,0.05815510252541996
2.637165441427628,0.2945401046596412
2.73650602606802,0.10116239310663878
2.7683263944112997,0.20159099480081513
2.7148208826049283,0.186411216498752
2.7526813227915636,0.12757272868971925
2.9812380442055573,0.09468288702792514
2.868281271191866,0.10864217717065196
2.643100805737476,0.20452117110996826
2.6767504113821947,0.19291601978697479
2.6925669894788773,0.21354922032955673
2.775596697738046,0.12588203865297376
2.733968175541096,0.18022548126893595
2.7032598412995834,0.16410298796888761
2.8816111425847986,0.059512463015779005
2.68570434163288,0.15123944056687597
2.8246090575376734,0.13875510026906554
2.7739131025843515,0.13303428035335677
2.758346886664063,0.15062815588318443
2.8263368114904055,0.1078047078050978
2.7950984796648584,0.10027531836458077
2.7805346698325706,0.08556895803313513
2.7175916302491387,0.20629811592039735
2.847893690352707,0.21662747034964183
2.7630747685969173,0.14276004853933807
2.772111908299835,0.19408481014181564
2.7674025562943005,0.21586187443807908
2.667708286750677,0.18697802278856857
2.699350473589332,0.1723260429868623
2.6724571478984753,0.14482604138587574
2.7598372850399597,0.14872087872297368
2.498096542885197,0.34030443031335045
2.4785708494050724,0.31824073271042824
2.9213454284911298,0.08670498517349791
2.8142517379036165,0.04933428012338106
2.849566442226322,0.10105267096315944
2.811451630350505,0.08317564278706811
2.7597451583375805,0.0692281325623483
2.785725350155091,0.2217571606307051
2.848149237912049,0.2236785284332476
2.7364920326652022,0.30262853501924847
2.663847998878025,0.32557588015625577
2.712197847925784,0.15011298142343463
2.679058087841166,0.19542469368595627
2.6487869399515382,0.1667776719974383
2.7940609520794712,0.18530229129844014
2.827263393994208,0.2133023652172029
2.787701439561844,0.257810245921806
2.8850238685655456,0.23482972319782155
2.875856643843876,0.22307127948946875
2.762451786899619,0.19366803110459085
2.6999549233921876,0.09518318325637191
2.9661557359445214,0.12370755378422732
2.5604172864384824,0.16786179318588085
2.7125844005166813,0.1389450497676513
2.7574331759204638,0.16090049118496857
2.8147754397823963,0.09924484626412927
2.7704306564534242,0.0873408095337043
2.828361633330077,0.17621996621043864
2.819409820854841,0.11445920710805176
2.876632499585251,0.047180820434991035
2.7098662464273655,0.09226469623593815
2.670841737848217,0.16651937393628855
2.8899654584851584,0.11035825307706248
2.837195553176015,0.018759406802227874
2.8622633848555834,0.04613503394636825
2.7724237151034306,0.10656310717809055
2.7191597526500266,0.218496224579035
2.6893511594752955,0.1902697128132732
2.763004359944386,0.09314557998662941
2.833954298253998,0.10424318380438824
2.9430338929116964,0.0775507056660107
2.677516506838304,0.13863568512554936
2.7432109489285477,0.19106549884087173
2.7883338753905833,0.20941295890985168
2.721816866272278,0.12470192303517501
2.790110687332827,0.14421584259516226
2.742539313214543,0.14425716917903975
2.6599570592991264,0.1517021236091577
2.6658184196208525,0.17631959755560964
2.586263820710774,0.15702964911168263
2.83854959956302,0.16425475262451705
2.702481534011063,0.17819671356652014
2.7979752339652353,0.10000285801520607
2.769771131568309,0.06692607306775332
2.723395477594743,0.02157552602105239
2.860297208130269,0.2049680552563258
2.5092022192807866,0.15411743948813372
2.6809628007123307,0.1623075359363934
2.6891933580145695,0.15720015184785713
2.69716550223186,0.20325949155147308
2.72934128295926,0.13562385768626012
2.7748706237741994,0.11060662800400341
2.7158303567418263,0.16725346364466245
2.7312728562987982,0.1536751233514453
2.8329630823326974,0.10059541369166083
2.8094379346201115,0.08437685457168016
2.8423913632015587,0.04521905238176695
2.8085372622732616,0.16811219103927105
2.7739817186358313,0.201851025120215
2.8405302580120604,0.11528119455207832
2.919304112400915,0.023005404884550835
2.7973906122066468,0.13176293946873105
2.8147954975803,0.05619147801651909
2.750489300483187,0.09401866142631296
2.74863420676893,0.23772987492981887
2.843819845511344,0.03877532126304749
2.796392314435606,0.08384778492081779
2.900816380595628,0.022369193751115304
2.79077646348361,0.08303732614215201
2.7751961378215193,0.06615529030177596
2.793713554302607,0.10125964319233052
2.815144528020734,0.03799162183004773
2.826779691494664,0.020364681680426145
2.797569811420098,0.009803118221067848
2.7945717269418435,-0.016394532885290133
2.882092125766218,0.018046580346039665
2.8966621003127138,0.04630763162207215
2.699802019303369,0.15362046761985432
2.7091001850846212,0.16360745264981993
2.4974318694761375,0.385389622390157
2.4637814808536946,0.30564883932973635
2.515430065639311,0.301531946903229
2.737524630115726,0.1307209050053785
2.6181465251982106,0.21601672593730525
2.7483522596694305,0.34285881726551076
2.947401514034132,0.20581175120567338
2.7622291737410873,0.1500470378236991
2.804819276385707,0.13078039728238527
2.799775191796569,0.08557088646858323
2.7750626748682126,0.24219335530908473
2.8165051336120146,0.2489199471970384
2.838451847726338,0.0604527886113384
2.835735508862545,0.07670071397004576
2.8447692239808955,0.05918170052711642
2.734810972054727,0.14507657949049244
2.6993035402757117,0.12811970419070606
2.715637272165122,0.1292745432291751
2.7682605492306656,0.15106907803382816
2.768054899542526,0.12058383883088845
2.6750077848029754,0.24934141767338905
2.6737876847561943,0.14268430255040493
2.6812763137130022,0.15222876032563826
2.672285354816806,0.07227319553184298
2.7171685068202653,0.24674660297458398
2.724361346283278,0.07447368756668964
2.729942425948118,0.08532901769774934
2.8188200548516216,0.054831183392970745
2.7204204789387214,0.1435167095541151
2.6870070773549584,0.13093243760530968
2.6940561457939456,0.14132345542079044
2.672060031075668,0.18118954684310595
2.6595739343232534,0.14661395296760563
2.886289421004384,0.11264155790126869
2.6275386926554494,0.11525938945152239
2.6112234851119154,0.09998992730902309
2.6156072015277014,0.2010206812729604
2.7670416505365427,0.14898852007214672
2.723345855069231,0.0982312320645613
2.8395136024505407,0.025699589027124017
2.866031220584809,0.14267676705915344
2.874876619302023,0.15258157075369844
2.91113586846124,0.14352466348248336
2.674665664370671,0.1648929579524618
2.723409879241146,0.13171731596110234
2.7085218195545027,0.1973582447692574
2.7010676020255375,0.15741539020586887
2.8007128968244634,0.1271049926135556
2.7589814752943953,0.1112192570566482
2.6539472933344794,0.14414622685208808
2.6085668004925044,0.16479776053775516
2.967520803084124,0.08098556545091809
2.9611807161881143,0.08309174877580604
2.6249372534549593,0.14927220344402103
2.645241882860165,0.14858567932276615
2.5902411633690052,0.14426579140584297
2.589081960255098,0.14662448689039262
2.6169723578151425,0.14451610940160117
2.6367637474295806,0.14264988758839062
2.773099353202147,0.12481979883877035
2.589591070062249,0.24817997762725
2.54908972943432,0.19658183213791813
2.6199482846720237,0.23234652659402644
2.729772276230309,0.07732929442716704
2.7558120287128953,0.2164921118411066
2.6100653672364325,0.2406149433064094
2.679551220098181,0.21130113716048524
2.683541568502612,0.19933413896982063
2.6219720907291917,0.21281120953104474
2.680644323055375,0.23300214077370152
2.731840758651713,0.10555011680135082
2.749523501091085,0.18581430774353383
2.673328349965516,0.15688562576175627
2.775322988475114,0.16056489017165962
2.736296470995506,0.18748345425343416
2.648689304356444,0.22994213438735056
2.628472121346502,0.21930146351742127
2.7882426033025824,0.21883765461201524
2.8165241693302887,0.1397496254138106
2.749814551036198,0.17217034942922887
2.7026937311702275,0.1469141309160015
2.8148725240036105,0.20571698051467638
2.8227459516354165,0.15491241995957372
2.9151340021872376,0.09840632475334297
2.8924623531356235,0.10160943086024427
2.7702039800503866,0.2089837331163502
2.7706020494570924,0.14941404704543618
2.7646365234016996,0.1654728185855958
2.753747117913258,0.09868159196413162
2.7474134755940463,0.21632558387984305
2.63117567722387,0.21239102998961518
2.727504179090707,0.2186774181814494
2.660146388182862,0.1607246165290207
2.78355380951883,0.15127412647639807
2.7536234687066923,0.14618279696308473
2.7258451918735846,0.1482672808045112
2.727502504779029,0.17669656889455845
2.8070813070047054,0.04413604665439236
2.8245844289147657,0.0769988493044237
2.8215018861282783,0.08505062348709191
2.7566138965758378,0.061809139656788914
2.7001780340165937,0.12251995580141371
2.694812061411116,0.12170574798930336
2.6857236797982034,0.2364048008880956
2.8168109925574627,0.1460364605785641
2.7564747301089563,0.07440301380598796
2.6266914386688,0.31045851988984774
2.5720810735248203,0.31303670743958983
2.567382750227997,0.306106816686213
2.714385373318742,0.11642172175092591
2.889792349304305,0.16527649913067202
2.830228809018186,0.15819700065386388
2.5750939179533034,0.1885180559562569
2.6936110122950443,0.2724491144624012
2.843623796576785,0.08607536963228724
2.9019202246537024,-0.029028429459493427
2.8802917960548764,-0.00988996968313709
2.7564805723207213,0.21659568390663414
2.870144824492054,0.11269896653398308
2.865806648778729,0.11397197664528108
2.7997860192492454,0.06267839811789391
2.8694301423678725,0.10243348378644296
2.827343046296484,0.1644536781338194
2.8156137665830205,0.1416636940910647
2.7563823511332592,0.10286221198440688
2.6415530388544157,0.2868212608063464
2.7607272308240027,0.07838825124988477
2.8156260671429827,0.06594326524983869
2.9054385631790582,0.0053492265037886405
2.839712757937474,0.05158645854924719
2.570714642120396,0.30980122424032663
2.682616362222859,0.3219677164641513
2.78845315012054,0.2762587234593274
2.8360404022282495,0.09953637750082145
2.728234887766727,0.16300807550283034
2.6393241453459555,0.19158899639746618
2.6473206378291074,0.24586788093146375
2.6204331136416723,0.2211346138296995
2.7974720297803723,0.10685190440316696
2.857104467513814,0.04631244872407613
2.8571975543563246,0.04907617353565174
2.911831947742079,0.0538722526890365
2.7652613630818825,0.10221638085790415
2.8073179082317137,0.06257150277572662
2.807477820979778,0.06807385924046211
2.85512161801525,0.1131080895191761
2.7343391446433967,0.07519372139362435
2.703583429071887,0.20132232602868216
2.8789777177174045,0.029452275389558517
2.7716959850423692,0.16223414023367505
2.8309187076769557,0.19268724738539034
2.7852717033036023,0.07648762201793849
2.806217337689281,0.10623796690487897
2.8168083482130535,0.08451863630848469
2.6214404183313684,0.3233661623838691
2.6426952747016257,0.32372718372085424
2.666832293542078,0.11525533165359937
2.8186874698772058,0.07198707487639966
2.779731814058734,0.05550647250280368
2.7886270851126636,0.11674189353056004
2.75722300228112,0.15262606405388587
2.8418473123198935,0.03652272145850149
2.8568642669038953,0.05003383880688538
2.785818465884388,0.21813665534502016
2.7792652027026477,0.254751962057891
2.711599349224392,0.17492705941230863
2.696040987902159,0.155217530339357
2.725813626748005,0.21019163748346217
2.7356122485607446,0.10822489766396441
2.643896664668327,0.2985047605838463
2.5913332956651547,0.1330369678419427
2.6779618253641466,0.2818905201467218
2.606253473978241,0.28934240696299385
2.6247480687018188,0.18000779808412837
2.70194946855495,0.1995127561448124
2.758954676777313,0.1814372925261972
2.800845302831379,0.20184413181868285
2.8263800763748903,0.16898775026762577
2.8254194580751997,0.16806255229282774
2.7954371726891885,0.16757593269419777
2.6510835360053515,0.20087158232353364
2.863161359546817,0.06988489243159794
2.828003342843166,0.026769179253384442
2.7254439813878704,0.22430944137095085
