log_sigma,xi
2.9207330567713345,0.1336659506509801
2.8426906707734236,0.10120308345083555
2.8811596895006177,0.1011968752728137
2.8077693546039817,0.17375337487309445
2.8420676305067536,0.23999845759400226
3.0144782575232125,0.19117006297329797
2.962221839415431,0.1637325651967205
2.947019297954976,0.11832996979788227
2.9373381738278557,0.11873942653348918
2.9580734499202124,0.1022010339327431
2.9937142224291335,0.07689905923731093
2.9040382674030027,0.15725112952112247
3.035628284143949,0.03635548408735847
2.9075061303516185,0.13151406426051626
2.9264498871342663,0.1164503042300348
2.832407554044768,0.2052395346839955
3.018350379349263,0.046062758720798555
2.9823022598802753,0.11495934371447145
2.8313310128270626,0.1704894409470976
2.990452477699989,0.0745115720056739
2.945498445376456,0.1392214396951193
2.8439424227044636,0.16943472152928035
2.787994542273403,0.1232693015587666
2.771510604953013,0.11506449966270957
2.755664155640144,0.1984665830163879
2.7843129145632033,0.18808865945087294
2.9034722265403468,0.15046301571271392
2.8205417104606,0.14155798732165528
2.848948309929974,0.12180283998603714
2.9257574493519902,0.160375719965886
2.9238582687471855,0.18518569040688218
2.9627974292711117,0.12217530424449564
2.9361459610172256,0.08083862246442296
2.9659961405282984,0.10056508280148173
2.871387521336199,0.16894292797320523
2.908141627733527,0.07785839719759685
2.952701359735376,0.15027290883256644
2.9729691390776134,0.0665171310659438
3.0066218157987623,0.053344111492693726
2.826383247287156,0.19826262081573193
2.792634970847099,0.17865410400885323
2.850892002503871,0.2559239323502773
2.923272817875096,0.14152783182976794
2.878467522609477,0.15080679246914405
2.880134715538043,0.1524856876121501
2.962716131436176,0.11983743970748065
2.926630718203948,0.14333261446586584
2.912950405011133,0.15493819509893442
2.9464734875777507,0.21102446529959984
2.8037307913754947,0.18062444490259547
2.823475954830022,0.18049603120009722
2.973707727323402,0.17258432020116457
3.02755312909637,0.08690263155000656
2.878125424496574,0.1202280111930296
2.9333689636398055,0.13098506986537473
2.878707530349691,0.16698211213977676
2.929978370152121,0.16092401958906868
2.8360593733341317,0.19670117312313018
3.0231597322364374,0.12181789043864752
2.9310107325961594,0.039993672100516645
2.978249900478157,0.06299698812598671
2.979691254751761,0.06608481645331565
2.909502879901059,0.1342124078449095
2.957620225592999,0.11976457740133951
2.9093465633442266,0.1504301011801936
2.9133341717033887,0.14511513386640673
2.8380258509088576,0.17749536485372486
2.9254048487390962,0.10599290662143063
2.9009540846117003,0.13162335288248508
2.91072631974326,0.08652299404650624
2.9792846501500976,0.143116941593699
2.8846981280913635,0.11941571685751487
2.8870989705158583,0.20775711148482834
2.7765114252734775,0.2298168243492564
2.768244498272002,0.2798835397934735
2.7401098232689116,0.30886716243884405
2.791285950423016,0.22333007321717913
2.928759028747244,0.17470583529126424
2.890564181787518,0.18706860535041095
2.885966045922121,0.18436457571300466
2.8195198673622746,0.21113985353284756
2.791859704208798,0.21675631856097594
2.8066961684340894,0.14713019572025096
2.8765686279640734,0.18870457242046487
3.0114298560727257,0.06641404378861591
2.799201064482058,0.21140529535076935
3.0517618118151835,0.04395049247977836
3.1052606544257717,0.07767102123842584
2.7792690850679067,0.2394369604013481
2.9081905953680827,0.1604235910397368
2.7467128979127455,0.30507787671229064
3.086717686107675,0.07515515957880005
2.995830834881032,0.07218078389177834
2.995830834881032,0.07218078389177834
2.9832698145267402,0.13040248135280835
2.817088594261448,0.08582570297486439
2.8083995694387753,0.07930581125208194
2.870958065007632,0.10705281817194971
2.916339481827647,0.13521954251828366
3.0204639323180404,0.06384567779238769
2.953028202102057,0.03752721637846618
2.9507504754987166,0.020359949985525254
2.954649194943398,0.1535894485179527
2.9404850123089252,0.1265766106007344
2.896433549544283,0.14720303000075186
2.8941075948879535,0.1689377649082841
2.8695878776128225,0.18099592523473448
3.0865683092361054,0.1100209967086736
3.004911323999395,0.05365134203389066
2.816657896354847,0.21199309108885997
2.954617143621417,0.13185584000842912
2.9222943804602624,0.1075060737650885
2.9216142852243037,0.10754582479177503
3.0197689592691077,0.08299130986677762
3.011279532339121,0.149383605895962
2.903205973642482,0.19250644617200507
2.8749714057406925,0.1911874948821165
2.991689881356967,0.09271818791912519
2.903681423535169,0.11114945545334948
2.978954396198221,0.1063310348532116
2.952322596251211,0.08934053385448486
2.865837203850438,0.11903869751162334
2.907547342004126,0.24640191457375274
2.9089329910510555,0.2544903378684333
2.8692558523425165,0.1774430386719291
2.934001654703808,0.15266223337657744
2.9796845426488945,0.1515496589714093
2.91338843208192,0.18426268810609975
2.905654782494304,0.10851872572684429
2.8791186194888345,0.20977555364941178
2.949371646740603,0.2044598229020919
2.7897785747209034,0.19182117510930857
2.869061652731604,0.21697343541647612
2.862168095662122,0.14410882738638447
2.9414916903914023,0.14095631047897486
2.9703954066770226,0.0850796474824505
2.9093322402095287,0.14498156919788366
3.061270350161361,0.055805305795889944
3.064985736219112,0.09933042964287507
3.070179358007176,0.09682615960348662
3.0872768920014546,0.1070090296586127
3.100647796501611,0.13343402723447595
3.1001107182460803,0.13384932061568333
3.112950812000025,0.15095477573881236
2.920448126737819,0.10392308912740772
2.9534994678971955,0.16897290819729435
2.9048144745470714,0.15881800600816803
2.926633903044123,0.15126608561790558
2.849050760626339,0.11585516340607346
2.878733424083804,0.16607530799402842
2.9665776066208123,0.10354190407692324
2.9228512945234875,0.12911831864513457
2.9645927756623345,0.10427941287024468
2.977952789517834,0.16472256335497093
2.948436256538754,0.17342001344701208
2.8752392573296772,0.18326100656110464
2.972653952487059,0.07871706701002638
2.834619211643676,0.2149551871549329
3.0109879542757834,0.11370196758102019
2.8250934246238373,0.16907578263794992
2.909326691285384,0.19467865516406935
2.884251756596571,0.13297679137152563
2.874630674962022,0.16739057498355703
2.8245892858640924,0.20630771919135063
2.9441384920812985,0.13938909519070905
2.9691118756813357,0.11640521888881226
3.024544862303138,0.07886865842301853
3.059657666430642,0.0915008034571883
2.8573592193446635,0.15916659218935128
2.950263077796193,0.1773121547322448
2.9580182654063467,0.08534328843043082
3.0239557503839607,0.06428170548863932
2.932379669278715,0.15653918302909278
2.8835159955641787,0.19704357714116216
2.740964690994281,0.1335880546860923
3.092242016287341,0.14958317826210357
3.059298771156773,0.14584108036517837
2.9049849612522305,0.07733623477693494
2.861654233880021,0.22902965245313534
2.795752335381244,0.2487272556362211
2.9435302710312214,0.1139639347764865
2.9545673540013992,0.17466508809192394
3.0127770303249366,0.1172728297455483
2.964324687066345,0.088092987777354
2.8698732675314687,0.16507254341143762
2.9721439434089376,0.15741479113517753
2.8604140675790335,0.13980858460137138
2.9569541207172545,0.09484631393799035
2.9635033806586204,0.09834323953285065
2.9853998471185967,0.07306750845992206
2.996739782768795,0.0763908166292875
2.9151712747606573,0.1837851111604644
2.8467680798259303,0.14071857186471648
3.027367418238652,0.10181817176501289
2.8556396406076945,0.13220044525175326
2.808743111915456,0.17173212361953538
2.966495576441711,0.14586928004936264
2.8731873849315117,0.1579017888197855
2.9802762172221144,0.1152803820741024
2.994413054591638,0.06882447423541468
2.9862004431650315,0.12804727039984592
2.8549388802129116,0.118274167641644
2.897395977581103,0.11120261130514338
3.0040690634874863,0.14535914778244874
2.9598826269853653,0.18689484898112105
2.918923087841305,0.1645586080365378
2.890199721296014,0.1902323181693975
2.9145504570786134,0.10465631175215404
2.9377828458280675,0.12121541734752415
2.8996983383335153,0.0690433170458129
2.810183335537149,0.11215270391500395
2.845743338309385,0.14919193113075957
2.981186431019255,0.1407705527803106
2.963342488859006,0.15298921677517086
2.846923661870553,0.20649505115040917
2.975319057494518,0.07555309675171164
2.977999211921544,0.09579115791805869
2.8719911091705823,0.16018424106736562
2.7692724078771946,0.15793748182006398
2.783592972756046,0.13832641041368482
2.783549002944101,0.14080372258001506
2.6970044426291344,0.1992961593447587
2.8217249469194177,0.3248558751263985
2.9145785286682324,0.16111379373706017
2.811799559770408,0.12932073840935987
2.7964885139697007,0.1275745742493979
3.0920969915789183,0.11911326663012839
3.0868206032489036,0.10951277590009818
2.9418275854818328,0.10878389752990304
2.832114603932028,0.20314258923835643
2.953189957362704,0.1734744626933945
2.92680472019219,0.19418303444361046
2.7688304117335565,0.22463697738696808
2.886987435818011,0.291551173954398
2.741907866345608,0.17928665390643142
3.0347783616654294,0.12395985565481721
2.921776671631908,0.06980646419180704
2.8907389997937725,0.22960705339951312
3.0153137660741582,0.04418919378827413
2.856721369344636,0.07005497616105699
3.117040594460475,0.11477700182028838
3.1009250320083086,0.11220278165451592
2.913328138862207,0.06388646988871284
2.9822807834262504,0.11584471444845335
2.7964041708179512,0.24346690924489925
2.873098703847714,0.241078197335763
2.793800140176275,0.1889921797071518
2.860753993108461,0.1783445317537528
2.781982821408304,0.25781632627796186
2.911319165983467,0.12028787139367851
2.86742168732637,0.11492417935887517
2.8616063833906087,0.15429140751463102
3.0152288665169964,0.08997296148014788
2.948430213305101,0.1331639688165603
2.953899280373929,0.13965106395687168
2.867310538683463,0.1669742955906246
2.848361698655443,0.1507803933841866
2.864379855195942,0.11515516421202276
2.896727731971292,0.14519451051893478
2.838080742479605,0.26124599750851923
2.887830696895052,0.19153905849100933
2.8876397213043807,0.10285423758104956
2.9547624271968664,0.14916836386409296
2.949205509602384,0.13953824233426582
2.793863398409471,0.18056186529373114
2.8706570198953227,0.24231230500116718
2.7654949103759505,0.24037570147741888
2.876601374859692,0.14093206558159227
2.985481305041128,0.10634010781546942
2.9818791844424077,0.0779968878604698
2.9719304267273734,0.08141225382073143
2.812597078363461,0.2324134650559808
2.91515343135479,0.1734954935316699
2.879414699955523,0.18347537671874273
2.8771981830861475,0.12911597263550928
2.978867443468997,0.11751068489407794
2.9465402585537763,0.08872758096258321
2.893128366518713,0.18500332730299732
2.8617703536087125,0.15322162081267127
2.7901582348798404,0.23040926824385644
2.811863522220045,0.2010379347604672
2.844749836523008,0.20431534529003054
2.893518892351003,0.14960000409603638
2.9330240236325817,0.09769360902885696
2.934026461313198,0.037241493562063945
2.9291957070950545,0.04928635328744925
3.0205954560503327,0.14412811186556396
3.006632110537914,0.12879151160357002
2.835235914468624,0.14223590269562392
2.858180573373238,0.1859210036728589
3.050868306210337,0.10064363005140824
2.997600612126963,0.0884315983884713
3.026517930431234,0.08581785884331508
2.985014438628521,0.09461977392110511
2.8998761774779567,0.18029411861013725
2.968334443941875,0.052868767831444397
2.9636573381627596,0.05548380369336933
2.9677346517700904,0.0526929022117832
2.96534420359943,0.07024841828596415
2.9366150903911596,0.1420689583642401
2.9362994976693986,0.14269283470927752
2.8281726177237463,0.1332471906967999
2.8091958822055236,0.12027494543498872
2.805735665118174,0.1191879958459242
2.8015934403901475,0.11959958408088567
2.8787452049528657,0.24710362484761772
2.8631179629622117,0.24224191014773672
2.71770231806885,0.27013421629704215
2.6874117822067762,0.26871680326244496
3.0550624137268665,0.06331118164159516
2.8961895258097567,0.11804488418171098
2.8788784318688134,0.1296941226421505
2.8924599777140902,0.15176012752871684
2.9570255296423027,0.16331736537459732
2.93402875360828,0.15656562855117553
2.919595205168181,0.1713075741701439
2.9254355743670852,0.09451490297430057
2.9658592559074526,0.16795179761447626
2.9578123156429084,0.13798514656238342
2.879185560912257,0.1593027858322828
2.874682976034171,0.1217238411700982
2.8549960566870003,0.17457888762547275
2.9518522313181816,0.10098092979140996
2.9834601795883073,0.011711902245573301
2.8483487798279845,0.2668749388583171
2.7330825608275493,0.1927194797119526
3.080692353442529,0.09244306030293056
2.9298933170410644,0.10416316875113128
2.8641626822269406,0.13690496690701703
2.8364832693564157,0.1509006544051766
3.045325859361108,0.0835060742686462
3.11248317061271,0.096953989333255
2.9272613216704038,0.16846247832082656
2.9255288373250807,0.18105471042410742
3.006440931408197,0.17052330191711781
2.878901981146511,0.22820454934044265
2.957572375227018,0.05912312150441417
2.91734389653438,0.19166780759411123
2.971280339079003,0.1711403126354308
2.8864757263060614,0.2409205792600811
2.8266388989711597,0.1536720935014141
3.065501624086418,0.08012647471160167
3.0695840672592114,0.09558774157043103
2.819315372701547,0.16501292705534334
2.852846587149487,0.17310573231639914
2.754599589118353,0.17208725125002888
3.08055640164071,0.06668795419483711
2.9653728355777154,0.1410368679071063
2.9615805724425015,0.11468670047560142
2.8749656914498485,0.13115463878284966
2.835504777853699,0.23735020326204304
2.882271005430659,0.2175173064310275
2.938845072119507,0.2108918374166313
2.9409160347146917,0.21800106060530486
2.8657562909504337,0.22510714571334609
2.859245221514303,0.21464505225590935
2.886344089761448,0.11007612426064091
2.8928538222464955,0.1266314732340619
2.842381155396374,0.17591964774628463
2.8213365547986182,0.16632815077107477
3.0289047589060356,0.09154750135017364
3.1006664377104682,0.043355783052544436
3.100162895509699,0.052418348846900956
3.1567569905470525,0.025971793974705486
3.0572001911701,0.06588545840666832
3.0392374565619202,0.04808451060845581
2.9882806707662586,0.1080358941453304
3.040582353903922,0.0931418738144367
3.0506386426232366,0.12781087068423774
2.877991348290944,0.16106412526122738
2.9145576964138424,0.15941606133149072
2.956661621627341,0.1397084355844252
2.903305350655011,0.09349392808334611
2.8677724629225545,0.14227575943441814
2.90340167003953,0.11540605614964228
2.903739314989462,0.10484131780900513
2.9166246300127776,0.09462105630934245
2.8803284758726893,0.15840090545857347
2.812583463488097,0.2224880379041731
2.869869764157776,0.2270125107788766
2.8830340676187487,0.1943590085330747
2.897298224692862,0.13403727342898397
2.8815658836508873,0.15877087447836943
3.017242390695794,0.12482893872080011
2.9867041309779094,0.12107696331403003
2.8795179524594543,0.13042727037946134
2.84957977622585,0.12744013916138788
2.8795291139329637,0.07920787204956009
2.8441014339242408,0.09139612263759825
2.8220949606008587,0.08738035804372671
2.9209929017713323,0.12598297317751278
2.831951388097223,0.2401797110990687
2.8531345823250653,0.14906092619572828
2.9758337467902947,0.12492808784923849
3.033054287229269,0.14089162701337551
2.755561285854249,0.1578878454033089
2.798604270855179,0.196592870768936
2.8090174394817033,0.18713559660099754
2.938500452799887,0.149373046860088
2.8739337817710084,0.14626056655049238
2.960034212352466,0.12708961694592896
2.974171140744053,0.06330429741070351
2.8577902752289264,0.17256776263455126
2.9153447544388484,0.16327874825187405
2.907316276333154,0.18454135569856348
2.872896659511542,0.1811768821014785
2.833592893628756,0.20752207478143458
2.8729621111150623,0.20326619642218316
2.9401542101514178,0.10993737498433986
2.9136499923631263,0.17497187023937819
2.8666209607617,0.14331903775631957
2.992154846545593,0.11172991358965931
2.785562785904598,0.27999960537776414
2.880983369354615,0.1779787196738035
2.863833548946768,0.1639585691551754
2.8113117960759664,0.1874091368466423
2.817441535537526,0.2008026485032471
2.871370212512919,0.17983386905614127
2.9377759904603247,0.09905839762161234
2.9038859352466875,0.11494235953658197
2.9308766916741495,0.13793392320865708
2.9156534901382507,0.12365570635652286
2.892362564122678,0.14637885659254726
3.004316281394326,0.1908416661582209
2.925955246834277,0.2137944354766681
2.899003311749568,0.22985547302493048
2.8248306618856973,0.22006263080763105
3.000917531304577,0.1254484862191515
2.9928992404420933,0.1430331295367529
2.781402799514096,0.1641015312556735
3.0754560986455326,0.030818454948419966
3.029908666597098,0.04447102413595676
3.032385381257305,0.013535428022161188
3.0256600893284227,0.025425656258300913
3.042367426473727,0.08294178944851617
2.97006739637053,0.06679637394740391
2.9329388843804054,0.14363064084154897
2.906435169373472,0.07602716466008153
2.9465102879717855,0.21323045089284753
2.9046122822053513,0.2349348788249818
2.899736876444127,0.0878174843199823
2.8750235601926475,0.10568925604187263
2.931166654338012,0.08538106440815119
3.0733684681819757,0.07199279563058802
2.8718730389269744,0.11744696900676604
3.08694785955981,0.12998680769694435
2.947386862240847,0.10915844148505639
2.912492318659841,0.13328572467747468
2.766372333815613,0.20798041092224098
2.9062862065133803,0.2000603809492159
2.9771533040654266,0.11931490036477801
2.99961332991241,0.11167340642940696
3.0468829770804575,0.15780745203170674
2.9354775129296127,0.17640918531617425
2.9039262754187742,0.1874999372792735
2.835723025738671,0.22229427221782003
2.9005434253802833,0.13761108779235126
2.9266768010536186,0.1559481661998805
2.8323846252832987,0.19105035795561973
2.9212888395820036,0.18678437579143317
3.003474380423763,0.08383078249855015
2.874397722496935,0.15571288758486312
2.8979293130314994,0.16427761235956873
2.8565476683193243,0.14365270115194106
2.9828894082230875,0.1773699617409994
3.041480510566262,0.12966244238141036
2.8672217051391913,0.13029068669256874
3.0670687316993748,0.06087800746611049
2.951016690514138,0.11217580356223399
2.8050257642038345,0.18963268419292062
2.9197372472546537,0.19294082991214448
2.8731098750247828,0.18614579472896833
2.8904715085481993,0.142971373808169
2.7970250223379716,0.21907177037756792
2.9214250311669767,0.11630321695909163
2.904641629605538,0.11170445869325916
2.8754545021735725,0.12675371576811417
2.8475264110795324,0.24638433102498333
2.8610615740608174,0.17425980640403663
2.981833277552758,0.09411861548306015
2.855719143378354,0.13150714710536046
2.879527956257204,0.14210910653139067
2.908546722736768,0.12312339199250621
2.83994084029991,0.15240575032531267
2.9504670065539966,0.12781592432663233
3.0085388271365567,0.12481808508726906
3.030347482151372,0.11833299896087245
2.9763239132761083,0.10278326101111303
3.0148200650429877,0.15783484940157635
2.9949780690252696,0.19454751609499676
2.991966631802709,0.1638223924331137
2.7330071119557933,0.24069355869831083
3.0404267302217884,0.07257864429908037
2.845780654822867,0.20861340201979092
2.9551661682946415,0.11488298953460768
2.840867332174766,0.10356116074651997
2.8382201436206063,0.11685019379229737
2.8937832503691623,0.1346920405979466
2.9213040779960635,0.11954184058575737
2.8607721506338484,0.10045371270013502
2.878265921663131,0.08954909306017139
2.941393844239681,0.14948097342795025
2.9155855685326886,0.17707420982685979
2.7698705726046886,0.22327718886519643
2.7140519189214007,0.20339215522358833
2.846806625187684,0.29811125035781244
2.777875714319165,0.35038373076670204
2.867394750173356,0.29045035489551285
2.777226280559262,0.17045100412520953
2.9640475067844347,0.1338714098294144
2.862616583364241,0.12132214270911197
2.9402220296966486,0.16167955827443328
2.984241988578867,0.18233495704041638
2.9375795538781597,0.16133113225368204
2.9030817801564024,0.1376863545497439
2.911210964805816,0.14580411704056226
2.965264377397254,0.10061167489472957
2.9457845393482374,0.17889988788218159
2.96520993182418,0.19598433565794246
2.9561735744781674,0.19700735857644705
2.9531412752207715,0.19688894223726847
2.9161231719567233,0.16886399496325435
2.800602915326336,0.19025103111560496
2.921144710795281,0.08961656365484301
2.996567881181395,0.11116741379423294
2.936692355088837,0.049588360497138786
2.978165857267052,0.13380972933230054
2.879493648915017,0.09047601564648912
2.965550949063799,0.12833029802310214
2.9541049624507223,0.07919470522438525
2.8542577942722884,0.054379488247938555
3.0112732018473656,0.11859934574649066
2.9732557483267845,0.17279533010148684
2.881081909644554,0.07939782156813217
2.943021660163545,0.1088554874669274
2.968964082898505,0.11021866654260272
2.8700356448771562,0.10215251114360482
2.8858187416160703,0.17209658784806164
2.8895002270561925,0.128536152515022
2.8803302346489854,0.12954325411272063
2.9582804854692304,0.20185488706033064
2.831258817482979,0.21688108192037184
2.8139251404834313,0.23911976576301974
2.7267999892019,0.232663251993613
2.8624987233108494,0.2512149124891553
2.9085247799609437,0.22554308659029457
2.901894370394754,0.1498301718187449
2.8763442959279257,0.15123489442498803
2.860672994465386,0.15474476568808984
2.889192130947087,0.14571129497860386
2.8111134630582417,0.23216827221988973
2.7980133255424,0.25349544774818566
2.9464151667648877,0.18053043570524127
2.9323775519564186,0.05160072140853912
2.95386132833297,0.0660293908305389
2.980842912635683,0.10721743263190171
2.9406677748369145,0.09759473939396178
2.785267474834131,0.2863509612696445
2.7968728172592563,0.27184939971225935
2.8009598330653116,0.2215430905351584
2.9100527758999117,0.1444245607829376
2.9904454418452096,0.16192551358390608
2.991289693661224,0.15845526397293758
3.0243641609780587,0.15252405359463242
2.7860443570138593,0.17945740237759944
2.929864822677002,0.19205195756186783
2.9607240804383235,0.16448986572372015
2.952675983962417,0.14751324075824
2.990606722932027,0.16362060382192115
2.927975430340489,0.16501617099633478
2.9687056544175867,0.15957249843164734
3.0507842488256687,0.16202180227330973
2.989031064924852,0.05438799884127848
2.9361312941576205,0.14466724660695734
2.9249758181128023,0.1593146332690741
2.7891266266830246,0.19676036381124715
2.8447601674759464,0.22694547537347637
2.8375660239070344,0.17571475957972754
3.082956324995257,0.05014542733158708
3.0842367668221664,0.07858538230846837
2.9766641274116132,0.03321640494844425
2.9097959658004666,0.13883420176355962
2.927873450639061,0.11912558510161013
2.8468270768470365,0.19804917485048654
2.8001791448819513,0.17373927622174754
2.826937929274192,0.15048638663631494
3.0558492922621006,0.11469327833137861
2.993300911636243,0.061220326054880106
2.8899826363460384,0.18082644225001826
2.860954887747882,0.14721327647429663
2.8579625520745306,0.10666887136983808
2.9059760613339423,0.1362414425446577
2.9290795631732056,0.1595753631834702
2.9355962296494384,0.15571035210811626
2.962368638286963,0.132797453541721
2.9539853651010604,0.10503210344997915
2.8146829693449478,0.18408190851912593
2.981267751229419,0.09968818791220745
2.9044769521056217,0.18661984227526227
2.8593607171018265,0.19596583641891444
2.8564074776368207,0.14979193198924856
2.9966022240550445,0.09457482381302273
2.9700546247983612,0.1230685835236712
2.9640124773522536,0.09326307137980086
2.972583784239133,0.095865876252197
2.8748226440615774,0.14302704443136172
2.995818559238498,0.12170382408687268
2.9026583349773762,0.10357624109668764
2.8719839260445124,0.09763099645579966
3.0166069180421142,0.10344953563358898
3.0069914974599943,0.0827766088880374
2.9979932068013877,0.07816648598138584
2.8396081616698776,0.20863448245184213
2.891957067202195,0.2458115220950405
2.9566696308401874,0.11326087627819942
2.9604781684806367,0.016005604156361593
3.0069703992224803,0.08767627986939755
3.002564015629721,0.03399923216910806
3.002564015629721,0.03399923216910806
2.9089137213309226,0.20192909924654334
3.0342169927447094,0.03429321027081698
2.973771095145023,0.03637418630837244
2.855282684709649,0.16093380754436032
2.8370297915634826,0.20572162025169138
2.8114329179951536,0.21873842392124523
3.0011245265455644,0.05888327656792307
2.999233526704618,0.05734067535744573
2.864022722698541,0.20393587674396643
3.003730080423456,0.19983854602146026
2.8383284773765123,0.21068229509164282
2.8122408892332476,0.2164723698794833
2.802685159852095,0.2267480717895233
2.808420016914116,0.11248021093310503
2.820770745537879,0.17994640596960243
2.874030931431291,0.20657971844115314
2.8382870642422806,0.2660145777611412
2.8312082391036677,0.2879358863713316
2.84815204824537,0.29071088275231366
2.774366619390129,0.2772697225405334
2.7695951389470883,0.2968945165623133
2.915575171301513,0.10761176047607912
2.8885271151049734,0.1544899832107486
2.7991674762667293,0.1769981006693896
2.8350280911791366,0.1746140005677448
2.858400222445497,0.10210466162380484
2.85562986225085,0.09972258771402466
2.8856327526855283,0.11181612812706583
2.9235537215991676,0.07926680179642559
2.9670450684847784,0.10160902548275036
2.8920115519385474,0.10745760442684685
2.8818187166687625,0.2163156246129859
2.9035195188322316,0.21162387855837608
2.8219367821839096,0.18442812231995098
2.8742756221825476,0.20243220465631442
2.7928382939170446,0.21286001498478063
2.7613929489784934,0.19053220955807254
2.813033094651579,0.2290204004336535
2.9776766090049844,0.11367483355765229
2.8035517257315856,0.19935443886538234
2.7561289452139683,0.17540052983477603
2.79281534188129,0.1737874955698875
2.9277054687784516,0.10412111906632462
2.8810764670605367,0.13746452209620383
2.824672482869596,0.17063452591456904
2.8252939257156258,0.11945992010840983
2.773016468779998,0.13010176630855486
2.8156418411899375,0.150825641984396
3.0269346844170557,0.12018519949679295
2.7549617046021795,0.19875513484333612
2.825429720236153,0.1786155180385527
2.879746947527651,0.1406595062092459
2.972325202609157,0.10674101629238301
2.973140969871104,0.10754368470546075
2.905706210345312,0.13042101810672735
2.8639140730156933,0.1550931459220763
2.848068294322515,0.1906224576941225
2.9601880270114393,0.13014151993373577
2.9643425489415836,0.13100292152688786
2.8558414269597385,0.1911029671366833
3.0028538843841264,0.06613314390190819
3.05803732178677,0.042840850940682955
3.0134194646056476,0.06348401626876565
2.997440087630637,0.10296669048624471
2.918797404997505,0.12897197796249765
3.044291805741965,0.07545655544476486
2.885599643177747,0.19640679017028348
3.000003507733441,0.21083489325517515
3.001292173342691,0.20906655567570465
2.9754748884687348,0.18811553017036672
2.9266913131590613,0.09236568485150935
2.9322906741414636,0.105932550561283
2.8010453984805053,0.13012655869597034
2.7496063759216085,0.17001428379443922
2.873847153794058,0.14144283182369993
2.913888306984188,0.13326926923614768
2.8700253853289297,0.2439387185582839
2.8694439795887186,0.24524028837106795
2.7818898018028664,0.19537793207062695
2.735495498827756,0.18688183425151086
2.751781739377831,0.18884778826777637
2.7456878151574062,0.184722148781236
2.976300293184943,0.1430370445806565
3.0476978533942556,0.13942395688271958
2.82460727386522,0.2288808279836471
2.7592137146511604,0.2096733996924645
2.9682289508616786,0.12754051439056338
2.857060269687039,0.1696545339164425
2.9334244067121302,0.1827854329946803
2.821865084340627,0.26786610446017295
2.8007279216825127,0.18234874343156815
2.887110216869172,0.2521317468611871
2.7975860907694137,0.1551099208092014
3.134884129016945,0.05758333533524023
2.758638401876592,0.15466066820528793
2.989744897831323,0.19675234178876766
2.934216525286648,0.20938241478507078
2.8169816967391426,0.1972447922325047
2.9108995178376893,0.20884084800158306
2.824870809549242,0.225643992713358
2.847481874211951,0.17523718048975606
2.897561997661426,0.15485173570449584
2.9864225123143537,0.08502568269824765
2.9720020202551827,0.05367956829108111
2.9447282231144483,0.17415331426862965
2.9093579827537126,0.15275080062438934
3.0656028250494805,0.12573950776155388
2.947314141590946,0.18520230250786096
2.8935090486412913,0.18343911106044475
2.9243691244065597,0.14392401254444276
2.8191297305091387,0.13309946232150346
2.783195092383105,0.2558282485037977
2.88203983053996,0.1680531167780976
2.8827264554335,0.16735686417636705
2.9167455839588716,0.16685728735843824
2.822595458953692,0.18369977486139022
2.831229135075281,0.15593511950506905
2.7591498519115554,0.14459835568363455
2.74855939181783,0.14717119498462927
3.0826092332500568,0.13339382536905336
3.044527026495023,0.11798991198190996
3.036761697621283,0.16039080831421268
2.851911470964471,0.22650370310236206
2.640726422192533,0.46553387017332937
2.6719777608719038,0.43132934107365384
2.872175999123096,0.09573578668598377
2.879502095688996,0.12042364487895925
2.8861055475362667,0.0881036692236365
2.9507989138171977,0.12273136825124949
3.053192981768108,0.0756240241349856
2.891507774458553,0.12851423275990614
2.9605539394561102,0.14216822178068303
2.968198637984269,0.06572339411401835
2.8048886332180403,0.2794580392982817
2.7918958891101986,0.22905540046335504
2.709678687509192,0.26038269402140185
2.8383480179007754,0.3182633033616779
2.8152573533663854,0.285016415892461
2.813192351342547,0.2865426016018908
2.802843759795664,0.23368446053961694
2.801607337067927,0.22169547091926037
2.772082702386806,0.2154077392090614
2.7602825258219226,0.19706429843444598
2.964882108759598,0.1408384009749954
2.890539547509602,0.1918206738566249
2.945394005462654,0.15919352176193174
2.954317561241201,0.15137527617044974
2.927917939895894,0.1302364255826795
2.890188349644115,0.15496892415020241
2.872510920047848,0.17050655598797107
2.877842710290137,0.16787702298034157
2.8777229349628897,0.10604209165101823
2.8828101960071284,0.1132860457962336
2.931918226503907,0.16639225659036258
2.8438074495430645,0.11620956525053218
2.835223130844651,0.11420420649187862
2.8738598093925716,0.25144517302504615
2.885899796577426,0.22442857045387737
2.8574122652659386,0.2058259125158367
2.921771165515116,0.11442923707667897
2.87370785922424,0.19057881712584196
2.889582811812503,0.03789197133658756
2.9196674979687485,0.08685510214650506
3.108782162622596,0.07632437773407924
3.072192466688291,0.09966428758110105
2.823351438733795,0.13304328366830948
2.9364889097190336,0.17732669590023462
2.789521270448225,0.16860800230769973
3.022849899919565,0.12121860097837102
2.9916312789023296,0.14482202918260564
3.0031339288219354,0.16571801352191382
3.026748101127379,0.11802969892869568
2.819430441971858,0.15016694586119958
2.9789589536993097,0.14533674913450073
3.0143411373879854,0.053152909619478945
3.056341010268717,0.031464939321400306
3.0363183130746996,0.00817947475488457
2.70772699250094,0.38087522681647334
3.0458763024334803,0.02366245641779787
2.836050531159205,0.2093758283101665
2.8418916101890015,0.23791171838014735
2.954735120056401,0.2130106125343165
2.8675831877219324,0.10829798851642614
2.873549844137187,0.2671028741593027
2.8064844879500397,0.251706169228209
2.833132499734768,0.18347764742689088
2.928623178237217,0.1763012965743167
2.945304244691746,0.21301488573399716
2.89368938968831,0.17850526305537162
2.860035892170778,0.17088775421168148
2.890084636865354,0.14116797127420894
2.8635764897611424,0.13424467701263676
2.9212997604854225,0.1750933203570055
2.8667509860262923,0.10975646530265662
3.0467678188473415,0.043511008680866305
3.101219865983635,0.08197290120179883
3.0701016220859874,0.09665913564686407
3.0160966446656503,0.037378418690534286
3.0513620337572043,0.05543747039631816
3.0484253298039397,0.05891899347596929
3.035340238522769,0.05319338820949342
3.0062172794006194,0.00399634146390486
3.008821473862622,0.019358556583664747
3.0369708721399395,0.030663153932042095
3.0369708721399395,0.030663153932042095
3.082356875179278,0.07688557963476189
2.9013899361415443,0.11566390270358874
2.903789759623872,0.1005883886806374
2.9831437002737555,0.141134169453429
2.8775309134229095,0.11704021656141546
2.843024560270833,0.11193994346223862
2.8469708520669035,0.11684643101443326
2.8431287075165486,0.1119489913912622
2.951980601968596,0.1738325451747331
2.8204072764095094,0.15276374347557792
2.774558949658898,0.10782241548848451
2.7573703541075405,0.26914935891323266
2.8171851102555077,0.23437393333304307
2.8984546969075256,0.0937868744203438
3.018491666327821,0.0714565355577073
2.9290238014335217,0.13464364681700935
2.90050404901188,0.13745725223486915
2.902306324105487,0.14997576770717547
2.8881906613063633,0.17410098932726412
2.961604593330466,0.1986488304255358
3.0019539815210967,0.13985724746150402
2.9320534301178816,0.14423617264221014
2.904400914116385,0.2099068034079773
2.8928845581945337,0.13138866815850725
2.8931863197744336,0.17760566602350872
2.8957762606363344,0.1758165230384669
2.834070357785667,0.24027823006747698
2.766089479694104,0.24914589305744875
2.830296527690148,0.14363657460583418
2.8205112095172877,0.15456201503718991
2.9582203327833727,0.13894073830448142
2.937652677676437,0.08900821762736782
2.9170639281301596,0.11469140143057281
2.9602455321271814,0.12717551804862492
2.729373192473483,0.21156706750702775
2.906618492909597,0.14258826031919425
2.897470896855416,0.2371948401514943
2.905126151652843,0.23946069935749173
2.8080728368205796,0.16312212593177985
2.812208731032843,0.17293268385856475
2.9244760672983,0.12367479723626297
2.9555917282844297,0.11503421730770798
2.7819402154883184,0.34267918066570324
2.6354089152045796,0.32523177693642497
2.7023632530949784,0.27414469642040673
2.976367442448738,0.11872000745727293
2.917519227645215,0.15306587612065908
2.9418700845713945,0.16483797414917542
2.990619957736254,0.12280249460280464
2.958768121107438,0.12441261674622317
2.829732056903967,0.16597593220677928
2.79094602820892,0.27203553333049385
2.9911446494408374,0.21043471347810494
2.9741434108827347,0.231724887848833
2.941948238842813,0.2444903087479907
2.8905286355166195,0.05760804042244699
2.9437518632622313,0.07530177941004697
2.952940226613097,0.048673689804871786
2.956800781067231,0.2235407407401056
2.817551899622128,0.2114230680374274
3.003354569285243,0.06596574377772248
2.8272499312055897,0.20194085496503505
3.050683597968414,0.0265191282340666
3.0666084751011176,0.04663486625110912
2.8859564187909785,0.14059791428024812
2.8936971501293383,0.14412055013977473
2.8364027520904713,0.2331471882518841
2.875088744416892,0.2235854113219452
2.951627953956304,0.1936363799178796
2.7939264573145985,0.15200279028459834
2.88702590417449,0.2913175236803504
2.882871878759889,0.27287085259105864
2.7804516590626376,0.1708594874681985
2.9292138062732667,0.1970696149215705
2.9244428998456398,0.19063154774922944
2.8674439144344923,0.1660598133815604
2.907186053193823,0.13737584626362256
2.877741535741986,0.1576997180718039
3.0202353679834397,0.17251437636647374
2.9048860513689516,0.2133456170511511
2.8708074335531584,0.2157110999350924
2.8199686311001386,0.21137895532329393
2.839314667248366,0.18952647305665352
2.8514628535785933,0.16858454929124603
2.89110388419594,0.13299062394585795
3.0111416906988935,0.09803134911309433
2.881136183838006,0.2780015238883285
2.8894965090936804,0.09412104844162361
2.904760468709825,0.1299763880375161
2.8717898646791995,0.18933174346783166
2.8881575341308245,0.1709174938562164
2.8637021759360883,0.16616073125454414
3.0276743296575064,0.08481110561364393
3.0193199335830387,0.06705878774498057
2.9901534867911934,0.05930054918927026
2.9842458840814174,0.05112701445291119
2.9741498320248057,0.04262961025078243
2.940835228277708,0.046893524256640735
2.9599318848742753,0.05436281168251566
2.8961240199852365,0.11034568196411852
2.8290678750378317,0.20465956765201695
2.8881462774784254,0.11298775813156568
2.893319383975695,0.06601545837291711
2.989268426104511,0.10664043386482527
2.9901127327884556,0.138039131804454
2.9909288872732547,0.14033709922322068
2.9709755363551817,0.12406924313799736
2.9213747567565482,0.16924094125262082
2.9116640185802636,0.15099143559298467
2.8896114200014327,0.14367091066487045
2.98079368828699,0.1046837912817609
3.0102217844857755,0.10977423047616952
2.969953318721466,0.0693214719133281
2.922442413435132,0.141807714934343
2.8924437174954116,0.12448625332020559
2.8859191654159324,0.20116413540789704
2.8507756372195834,0.21597967558089987
2.8799191198273615,0.12202907180903137
2.841163963102009,0.06324268412887324
2.8881018687333855,0.1782722045214758
2.9361037356057027,0.1633179103726111
2.9379416084406866,0.17834432575457151
2.992645650446205,0.11676071745877692
2.9400673962258184,0.07684716252284719
2.9377157677645136,0.0925692454815057
2.8559397103503747,0.17136761416511984
2.8198161455394746,0.1585812660760445
2.8662739306690184,0.13951811076213735
2.7963864711415924,0.11547646354464566
3.138119930650924,0.11517546094758271
2.977092967301029,0.09449571271117262
2.9507606285145176,0.14941233646603047
2.9405523490965515,0.12402173505133035
2.853439408747358,0.15429146018347423
2.926993826346501,0.15883892340060837
2.866103093230505,0.15830268816329304
2.9705457373323223,0.1960549821140998
2.946735333560615,0.20245883311262108
2.8175097999691574,0.20361476003706122
2.8573088037933654,0.16154141288192786
2.918590758686382,0.16251083999763064
2.9186407480512697,0.15599618509779356
2.977559293539058,0.10174399902706496
2.9791773940879263,0.0772946403453823
2.983647913614007,0.0993025504144957
2.9171262825766804,0.14197647159571125
2.902568137163165,0.1399997116449996
2.8960477808103384,0.10843312533640874
2.8877004567542026,0.11496940877922741
2.8864623368158853,0.1529201217841373
2.843126842791149,0.10991222085082418
2.8561598153161833,0.1648305202693161
2.8661143883674822,0.22416068014526344
2.9230085695110763,0.14274401685966273
2.974103967536764,0.1327812098746141
2.9500211575035458,0.08648834251890322
2.901934800294953,0.17411380306492008
2.9494350953657746,0.05269139834479683
3.0023866627207325,0.04322651843632738
2.8593418819286662,0.21299325247911277
2.8403646062051204,0.24676742876404353
2.818328732239566,0.22627395872543135
2.774531040863607,0.25184120531449194
2.8281889703578904,0.2271029612642235
2.8611365102254953,0.20715897989894008
2.927835683311002,0.1430097977663601
2.8597400140094855,0.16987245042745983
3.01673473047439,0.06939596103510456
3.0228027934541997,0.06690260107621565
2.928832963833762,0.11602381242865722
2.885693259729135,0.17938228162132538
2.86142028694204,0.15614181454898715
2.9015357177104972,0.11468044515326711
2.9431584885788165,0.1241596055258026
2.970440396015134,0.08896528812947184
2.8865297706432247,0.18014476595503853
2.9113009212173577,0.1849083434701832
2.925353118149223,0.23100416106216262
2.8133140006909985,0.14566965222117012
2.9235565124230543,0.15310624117144372
2.9301785087362706,0.1338148964863476
2.9165464193656803,0.12095628542249455
2.915999717849952,0.10900634847924764
2.9134346420626476,0.15478024096350362
3.054929533088535,0.048346917126776676
2.9768374058320446,0.08742370419769327
2.9287254969122687,0.09884079776858222
2.922319481897417,0.08427838085387704
3.005394639527475,0.11239699612662721
3.001509175918847,0.12392016429880072
3.0825215628572664,0.1007849334469801
2.8018834406042945,0.2753525300938442
2.781379129839189,0.21802545292190292
2.8965559431545462,0.17746089434178997
2.879966890879193,0.1272403504848249
2.958226351742855,0.10882086353750121
3.017943939920504,0.07463849938175861
2.9461347860433715,0.10269904695225122
2.849489812634766,0.11740801523065286
2.837204283972223,0.12362634870615342
2.957494932505499,0.13676694992279043
2.9882198271737384,0.09133716404697542
2.982648498782726,0.11246994961991055
3.009167771161924,0.13188546808123575
2.959598987255151,0.24717998140513903
2.927109322956907,0.17977064491698194
2.9316150044288527,0.0810758194000787
2.904711578236508,0.08094203089860225
2.9260036697101923,0.20362052573354578
2.8586857351132906,0.10241541463194774
2.887177085265179,0.19804836637501783
2.8952995511140602,0.20816944428187234
2.897905600126368,0.18837532444070917
2.906174535914847,0.14259269458380266
2.8613845535755686,0.16487407129009188
2.828631856767552,0.2228709536219076
2.827971943204148,0.23844998843085977
2.922162307638723,0.10075347959980098
2.921729259203609,0.10340608868095709
2.9261663022938142,0.10882373055396964
2.8771821936685615,0.13426748808464858
3.0397892284031767,0.07766164439906964
3.047809760820824,0.0724327721450066
2.9230149174822753,0.07772112149513283
2.9120219452282057,0.10941213354770764
2.912245160576075,0.16716836188791168
2.9128346881733513,0.12038612717643181
2.9926258285403198,0.157387796560428
2.9347074284605004,0.19544836549047365
2.9042479889148716,0.07884450834701917
2.956823147730034,0.06678158819736466
2.956823147730034,0.06678158819736466
2.966873875583068,0.047561515199084206
2.8043989746640356,0.16170665285856214
2.8388175936642908,0.23014779665915838
2.9115197237126043,0.18585077771573158
2.9324201602436646,0.13431016967148887
2.980056532828209,0.05295451927771096
2.9829673540167096,0.027583884892493225
3.0170073900060563,0.08885911704976367
2.8696988028774717,0.10053473275117379
2.8662641529664485,0.09805013435575236
2.910541050316427,0.11911663821244016
2.891680497878433,0.10833595675420095
2.8519155799571814,0.0945680045084483
2.9549301951975075,0.10783707893365152
2.8960936294154087,0.11923551949854172
2.9077860134511275,0.17676658059781325
2.8196358963121244,0.14356630511394766
2.9631604797511657,0.10541439851618212
2.9471697784791804,0.12764155868992513
2.949699834064681,0.14497408036175605
2.7343612848218553,0.19214948400523252
2.8415738352266473,0.2827966062407836
2.857264561177474,0.08054778953307083
2.85955256728544,0.07674277063710272
2.8687153390678635,0.16234255308835682
2.8822208096947803,0.13316827416574561
2.846005984295688,0.18855627764700827
2.875518478332092,0.1949560762377581
2.9558918881838943,0.18669278719430069
2.8688569082486524,0.15962798840238315
2.8863785210371247,0.1781320244224803
2.8852825172749323,0.1552975226734946
2.89392673171232,0.15064368006262963
2.8620077998748084,0.13278979126694018
2.91772300740594,0.19645828151066985
2.986393947514016,0.1840324225427476
2.9897230024303973,0.19108269935968
3.019988162182472,0.18898041709224755
2.919293092231284,0.18548507309046272
2.838264353846217,0.14821198685360742
2.832261117520135,0.11247702336213496
2.8483741929489863,0.09694331643280611
2.7840594269223984,0.07312484554373201
2.7545452367198564,0.1412120904657781
2.7490385970850078,0.16471928817808906
2.83258927432968,0.23010604134007967
3.014119336569265,0.03942359363418554
2.9802474431548163,0.0828125343190945
2.975260739605981,0.0781499346834902
2.9938961822663033,0.09782705242610804
2.986940171369119,0.05859824589472556
3.0144724487047796,0.12718635376045112
3.0323226227138163,0.10497236181073848
3.028152034199699,0.09954989796870754
2.944559650365166,0.12736279669994988
2.887113335619677,0.10184776238011087
2.8943198374534855,0.12724837278047324
2.962131447333123,0.121307999005729
2.8435397285807835,0.15480717547981523
2.9398631368054966,0.14215921822642003
2.9592994615301453,0.16180071780951066
2.947429772561488,0.07285381035080278
2.9266141814544087,0.015017249614737004
2.935883192430601,0.020913995918824355
2.9629385264683865,0.23862787711364292
2.920543807019151,0.15790393393748528
2.9118788507881335,0.1347409710572474
2.8649890440204175,0.23725440017635607
2.790995377000586,0.21113540382450044
2.8995238064923465,0.22180031072176398
2.8516194595517743,0.09359029421292096
2.782046092071617,0.24850724159642565
2.733439711276506,0.2243012124296685
2.7379354371191478,0.22181679520089134
2.701959397602613,0.21353207054334844
2.96554073365844,0.17729062498087125
2.9760622591611456,0.1417842256800512
2.893538063899516,0.10609078392088903
2.901522146217434,0.21484326791412292
2.9907845047471096,0.1366640619056819
2.8111147548849176,0.1844531993053614
2.812678765539508,0.24965748331223847
2.8529681278031274,0.18192614453793418
2.9752215009466556,0.14057859977703988
2.9439348340435316,0.19857112866714385
2.98477533943995,0.1593398046756895
2.9023512418095456,0.16919817179472063
2.826697295838076,0.13720282990467805
2.9464931837170187,0.13065890156969223
2.986995068393246,0.09561564692676333
2.8421422487356236,0.1992506341329735
2.8317928542863307,0.0653061072178349
2.957307665675329,0.09828758654626696
2.7868137815263503,0.23667312634635942
2.901023791403325,0.14635397689522422
2.848073293941623,0.13363723802571875
2.851626726991027,0.13491085954510992
3.0012379864262844,0.1551608506792396
3.0122510573504937,0.10718179122156303
2.9954095774197462,0.10519333236862471
2.889284798955636,0.17260218868017677
2.87578841988753,0.22011868972950274
2.950693302739268,0.05943697490800033
3.016195224529116,0.16917269001206836
3.014322400054975,0.16155847513894886
2.9408473879681343,0.126971571872423
2.9232169748428998,0.10740766078929566
2.972328841025424,0.08419774869452834
2.9693339724434127,0.17355055570122968
2.9820117319500654,0.1989749539231627
2.979166464705743,0.1113662388221895
2.8861508563963705,0.145447530129843
2.8613788859462606,0.15028718698985633
2.9586474537479015,0.09911858483188475
2.930315027194181,0.14414717183363762
2.964963848972798,0.04217797635596904
2.970109385833383,0.10033249186476798
2.9807919158694194,0.08748150235988318
2.9522937346729394,0.15683592292613208
2.9555921762439348,0.14533830168749634
2.9129797041750756,0.19475660750375764
2.891480562172309,0.17672047429706061
2.8538217835283337,0.17570060666591641
2.8729503521580466,0.2473990712816028
2.9288650849644386,0.18553732121893013
2.8974119713205195,0.1822742445581084
2.8962272168684113,0.14920736019578515
2.894224963751916,0.1580213710067758
2.881190585880943,0.10184850581477123
2.9127003802541442,0.2051930200806364
2.9276962016397636,0.0672183154654613
2.914235312008694,0.12288075541359784
2.910038509346109,0.11358851062170154
2.9315592609310737,0.10794881470045323
2.9693011714639796,0.0804951779115334
2.9545380202705536,0.04618267465085194
3.014204002688573,0.13356994070248576
2.9418118020706525,0.06286905074098169
2.9148868959514456,0.07885735035136959
2.971706246229601,0.10269349852337495
2.904299444203666,0.13856738409781524
3.018143814012403,0.13679220866510813
3.0647192650860284,0.1738834556810184
3.01753788246633,0.10819149366767015
2.9997803972907136,0.084338375187031
3.00541874447158,0.0704057026569318
3.0023825750029816,0.0933608518804716
2.891549144118938,0.10614544392018745
2.8629728254048565,0.1049751319796587
2.9193753338917694,0.0718287194950861
2.9609425024498273,0.10780565361002685
2.996500065429591,0.0932295613937524
2.8383881979877272,0.17692891321081458
2.809105447687894,0.16703305906189786
2.8397336388945553,0.24485339032013143
2.829734108173761,0.2349877792284571
2.8985569510313876,0.17953097289379413
2.905609306802458,0.11974303107653927
2.913507916935763,0.1256310304843644
2.921248798858717,0.18956434573040945
2.9766771061007375,0.08237399590145772
2.870679928246608,0.1815814177471444
2.92427071388919,0.18684189782267777
2.9297182138307822,0.08434994188983838
2.9410156061706414,0.17700696693772872
2.9513358079829075,0.15473446502175547
2.8890350193108216,0.24055385483709302
2.7176117123365833,0.26543053863642185
2.7163603323476604,0.26630152936472357
2.700809812212513,0.25986659239540544
2.7191034637222984,0.2614885477660642
2.7944469725496806,0.21842297733935945
2.8185554532178068,0.2549249222725199
2.9412587374336194,0.11813707145467685
2.9819827956793534,0.1018297374876426
2.9038611500774816,0.10237337973560925
2.933452875593696,0.11788468078221258
2.948635891076163,0.1226187760471892
3.0026117299611124,0.07112409673939425
2.8606176627175994,0.22006286940837938
2.86571528817909,0.21829724900356132
2.8518824032228687,0.24496929371311207
2.8828949052170003,0.10547775874558667
2.8948487902748683,0.10551416557778691
2.857504448521344,0.2157741600955091
2.8893820769805627,0.09838753253822087
2.947935807246658,0.08429132526294451
2.889113328871265,0.21926440595958022
2.8679115613564417,0.2173442689935772
2.8233989021807187,0.2215978471968691
2.8290698891638453,0.1487935711683625
2.8728886045960524,0.2262531423989783
2.883910525786414,0.2466312695184652
2.835012380394432,0.20754593823083012
2.8896716443095767,0.22989767035148284
2.866201224309698,0.20878430895820008
2.881708755414234,0.13179829164806844
2.8444302558130214,0.1329176446279991
2.985212349474154,0.1517670966529805
2.9795116725754274,0.13142697136042925
2.9014346144828362,0.15516969043620757
2.9092466106423123,0.1704821377955027
3.0105567107543756,0.05249651187661863
3.0302012675258894,0.07185486111520127
2.9539320622518206,0.10940598357960359
3.055510451010526,0.11887805448528002
3.1231891844922077,0.12065348313226841
3.029490644538274,0.004688479318791051
3.0270350126286223,-0.0026742093946822247
2.9482543153314706,0.15894740790955061
2.973231489998047,0.13294225382505123
2.9111555166791496,0.11738088815644142
2.863869071039244,0.19079891208224897
2.9518544562605826,0.18883150845957694
2.884776291811278,0.1831105444670169
2.9108681755464794,0.1529033886946675
2.907266381112497,0.13400547955293216
2.8706188225162257,0.1424403445867171
2.869824274443642,0.1211565716530985
3.018314516039329,0.10400491899635157
2.8877545099456774,0.1159408743574729
2.8907609879973406,0.12377185232149858
2.889537975129692,0.11195704544657314
2.90786261089612,0.21660096214910485
2.7964366625519674,0.22421096638160704
2.7994480895547933,0.26616973387463627
2.7996149876797203,0.2421847721325912
2.87612710217523,0.19789533820866342
2.8594029745607292,0.1671302374132583
2.836309856335451,0.1995201233889946
2.9838001011563393,0.13035679591742494
2.6281193994718572,0.2708703448211337
2.968626540623716,0.2006679339492313
2.9387958231272218,0.19528182150825074
2.8700209364482263,0.17510073822757827
2.9196137739553505,0.09933376268103326
2.907880915824969,0.15028099522026125
2.8289198360529237,0.11628874569699005
2.916942298828793,0.202520999064604
2.9271595994217527,0.14802295226829157
3.0286340261860736,0.1469899005741029
3.0117493655600214,0.16438011666334873
2.8949563788240473,0.18023285499958108
2.8196560662957477,0.14502901064116586
2.8240507167798836,0.129367777453208
2.832684187019091,0.15906055615766665
2.863839888125387,0.17160135305294377
2.924027106400545,0.17455045750954984
2.9413128014493855,0.09709618028750604
2.933490601824234,0.06698746149337796
2.948479819123277,0.06695639942089954
2.899089784983982,0.05921888310273126
2.895337949755351,0.0821504597481913
3.0457390142057537,0.09814474824830186
3.0112263996113944,0.10469398921058833
3.0403776812319943,0.06840258197868604
3.032769091227278,0.0747055190881002
2.982048225059582,0.10785223126817124
2.91398802068604,0.12580845676617147
2.9431582331008053,0.20789405693706914
2.9760142358222295,0.11460837089015756
2.9364071394034763,0.0987795121433408
2.901598333498161,0.15625005257296998
2.860753600488822,0.16841101292364138
2.9057264928344493,0.1873665376681663
2.907672154009059,0.11591221586261931
2.8994743757694734,0.13164967932368632
2.8847300783118377,0.15044929573570093
2.9090601540215513,0.22937500038229774
2.8946993269552137,0.12250024882051883
2.9116878571118487,0.1421377122974123
2.9281675563736496,0.17668364768591147
2.893824103154959,0.17658103303079975
2.968832981069198,0.18658714323666428
2.9272590061230854,0.162875174784467
2.9056759918947175,0.1907786040379779
2.857346290710141,0.23114887735233836
2.9129668564137337,0.1817964052038904
2.8573394914642742,0.15571543266853127
2.794585564520969,0.22772323401437045
2.730778674257167,0.18776716708878377
2.824949921633421,0.18069737274221767
2.8434805294946917,0.18579673039259054
2.8713413225150517,0.16834858924237622
2.9203421788888515,0.11166799603787261
2.9057166956213156,0.0949141938466536
2.8896628463162526,0.1482323812496854
2.894107906583526,0.08881150188269166
2.9483318982011864,0.0980849025266178
2.958493081680901,0.19970707789450426
2.9663131813569996,0.21646672914180193
2.843753184191345,0.17131305346653883
3.0745413611040657,0.012823671834931698
3.059812481236916,0.06776831498945234
3.019815868607819,0.011143410496166333
3.1231648615418552,0.07237353766428697
2.9671107869800952,0.08431761603103183
3.0155089833702426,0.10934489160322565
3.034312824277021,0.09992341392740023
2.9652240202354907,0.05362260059079582
2.942952012895754,0.0635807601020169
2.803596499948806,0.2310332535098731
2.8368241852395557,0.248450060146371
2.830452809411223,0.222549651626064
2.916996910278422,0.16381280807928467
2.8333991183055,0.17065203986181246
2.921850687338337,0.12841087577055513
2.9519565786153414,0.10580533160335001
2.9367988278258235,0.1364237616237798
3.0339760631150323,0.09422316834911872
3.0617430150616367,0.04995542760459502
2.972281099821672,0.08327517631888016
2.971878054781049,0.07164293839783559
2.9010329498165275,0.09280531050323285
2.926010116714956,0.10223782828335544
2.8614952757988927,0.19161077404476592
2.8925524202654285,0.12053723992138904
2.9599255642500566,0.09073452569562188
2.8341163632709923,0.14602606174125804
2.8912355600549198,0.22316295867488511
2.8618673608378864,0.1193805827368596
2.8702726155510736,0.13080386667164112
2.83398224137716,0.21697613561333595
2.914494841001313,0.16858955036908238
2.9171321561386767,0.17439841264420394
3.004371894214694,0.16790909986545652
2.9741908485104838,0.17200332877218183
2.965552407015509,0.25376001945745813
2.8754365136148903,0.14212245521959957
2.9107501842375485,0.17038680239406412
2.9332283811073414,0.15685552196968242
2.90614148131424,0.08836724898528936
2.8687719790174655,0.225697110953188
2.847277538176785,0.20258409431998348
2.922408675275495,0.06677425772124031
3.0597814133966046,0.06562589882814608
2.996186617739805,0.02546980475654977
2.9747054950165297,0.2104766820196689
2.971095657073239,0.19611860213787577
2.9679581837138254,0.1998668418079324
2.9663159134963695,0.17883191564999842
2.949346791574775,0.19129995222968704
2.9194723919223007,0.1829115217996724
2.9257075647162853,0.15265023819968757
2.9532321116390836,0.19973654478552325
2.8953395454790134,0.1795433627533004
2.9613292953271046,0.16664081802857506
2.998110223000402,0.1296596367928684
2.9524682117163414,0.09238225917351964
2.8947819664389027,0.17740711396677747
2.875629587551431,0.14934533276114265
2.864890612864814,0.15977364916939035
2.8810132356990623,0.17532402224608348
2.9776041869377017,0.1084470241696354
2.9168270161372667,0.11003299883989719
2.9617799417079995,0.06697181352171373
3.0240521623194563,0.11639186103618825
2.905025253054397,0.07878556299025018
2.9262848408901894,0.15463828571919008
2.9434055767952727,0.21510329279249282
2.916788213588617,0.19742966926817412
2.7752528713755837,0.16865087463531736
2.957178217275983,0.19686168990762584
2.873355979934965,0.14697301842083407
2.8450691414679845,0.28697612792276755
2.845271324032241,0.11063524973237765
2.828451257700778,0.10944728521342555
2.887869598387958,0.04643030740870338
2.9714866236202755,0.11539523204694878
2.866224950361613,0.1551773225501455
2.8730377328965697,0.1410144548440792
2.9325978311703684,0.1424356810917069
2.7575188432337785,0.17873136415581922
2.803921609909161,0.17207666053386078
2.836285810514579,0.21335517507150978
2.9752050702964974,0.11697137587562317
2.9582555821141816,0.11061473668626004
2.906156446617195,0.11096895699650028
2.9288759075751636,0.17105176533121008
2.894925641967366,0.15721790751462722
2.853066925133059,0.16788971282665976
2.739516778002949,0.26482342901836375
2.8739395382413577,0.2248231016788806
2.879176457348821,0.11673708831863533
2.906218642076567,0.15989973739819008
2.8810709062750757,0.15300115825746022
2.871985062901032,0.2280555841413922
2.898620505912126,0.10521295491404033
3.0468537091784023,0.07676353082449654
2.954545122612454,0.0990711358262272
2.9611505052841522,0.08417162366894072
2.998469638370137,0.11062143374731043
2.898764252109538,0.09769315383355599
3.0009955934223647,0.12745026489242284
2.8626209046607873,0.12756330232952248
2.855283571008267,0.22881410687836412
2.8651593683866907,0.10558682684625578
2.9479683850680263,0.1036425598173437
2.942789884774537,0.1542604492776621
2.9550667693027317,0.10250786638574862
2.8615658105201014,0.24268146950679764
2.9342287454083986,0.11558615772266395
2.799055093755976,0.12131871828057421
2.9667389173912047,0.1666712666306505
2.69637198509076,0.24446027282599977
2.8732012963275912,0.16445285286967276
2.968830292266919,0.055084674509386436
2.9130510613186034,0.1118436769105406
2.8910208816578593,0.13953739609388366
2.8918159579828955,0.13518189695975857
2.8917517049899644,0.1621193377112102
2.8921351948669902,0.259598943332438
2.8928117958945245,0.0844517349159418
2.84902292043063,0.1523339253278251
2.8181238044418278,0.23891330104809913
2.8290947609851327,0.2340328328644122
3.0201107862899876,0.11397834690162802
3.025122900703689,0.03377000972969969
3.0427714770369083,0.03935960643229647
2.983601234201513,0.10366069715112013
3.0094628752884103,0.15287079426501546
2.8929971936303884,0.11902331636392742
2.9343275457451483,0.16951981417679343
2.8474882339311307,0.14385850173749953
2.855561099606099,0.17166302551358478
2.829117114889113,0.1694548563354019
2.8972171629029395,0.14711033295985096
3.0163013693917233,0.1506791449180126
2.9802860958933715,0.1289549372198121
2.91391215571733,0.12256190267093618
3.0359567430325063,0.0688443331877237
2.9956435727991506,0.06328288394069961
3.0096644995768997,0.061135858322707355
2.9996236369301634,0.03893822615123492
3.0134122339073204,0.05531724878940753
3.098574128524187,0.025900756805844465
3.0752200116433466,0.08067995306430274
3.07198445255663,0.08051859800453935
2.777239264869049,0.14483224843986126
2.8282042330607062,0.23172504246776077
2.8940381041426315,0.12062194423515991
2.9914429602122334,0.10838937678819337
2.8008652205292286,0.19852556351313203
2.8616234634611484,0.16518034758836125
2.831474260101572,0.21338086565629782
2.7985505459465063,0.22639211832395606
2.900344511218615,0.15042370456021123
2.8685493498196726,0.15332879557385196
2.9087859362143806,0.1044377017060634
2.8483637775817954,0.21618828507833507
2.9696083943146734,0.0710717277533367
2.965998771309594,0.16714594967299706
2.9652182572601102,0.18125389446646115
2.9582892136758296,0.1978098614311689
2.94745871710216,0.14371635815441433
2.9552425794775923,0.15738995646363968
2.8718723848504224,0.17720536235306822
2.845530501707232,0.1874158698539286
2.9386298196366316,0.14948540534810484
2.9946947360812013,0.17934511881428536
2.908188531498644,0.13216960830394872
2.9338380015186507,0.11153979909376377
3.0150967220423146,0.12482271035687333
3.039913938426391,0.1286911104557316
2.9378462026563628,0.07749196888598145
2.9742135282976174,0.14107553207818088
2.8707218375125136,0.10803477944757803
2.8476651518306144,0.229056601590241
2.884476628788521,0.18099989709117806
2.8614507491395105,0.17907434476227768
2.8334486158515357,0.20649927905970913
2.9574008528759226,0.14611164787670017
2.81201782594636,0.16706516157269496
2.9717650499495623,0.17208174846720872
2.9121380545493665,0.08113966560221551
2.9486082090440675,0.07629250953501657
3.0002786112083135,0.11862264729609749
2.896777358682244,0.12203579800888753
2.9152301649066037,0.1451060686711238
2.8999354692841135,0.13132541445146587
2.907611829403686,0.09992568463375388
3.013467527150644,0.08523468570877381
2.9411457480773513,0.11270483377151987
2.8395629426446614,0.19428959354065425
2.9046449867415944,0.2349560991698586
2.772262219105198,0.2298561038887746
3.0061078400651455,0.13628680502461957
2.856272275422063,0.207391873690879
2.9245160133107513,0.2046491909862435
2.909961697551214,0.2134005337324975
2.909802854061064,0.1863530556344075
2.8561417753147884,0.15360839920889766
2.8306801626979468,0.1924033662733643
2.790001546623618,0.21456109935326248
2.8003231358776226,0.23081315555433873
2.8624130029362718,0.19445105662783277
2.988076605376493,0.08722363675685257
2.858977182027648,0.1449176734923937
2.786339544974429,0.18380696161371282
2.8117637383301313,0.15026771451426824
2.943542395577409,0.18476390313392108
2.944231193570024,0.1737764253193106
2.95760269255127,0.1762737316295046
2.985920785776465,0.18743127942641574
2.899104710178386,0.18670934595553576
2.9335340184315246,0.15743222763882161
2.987455436217499,0.12475342434450608
3.006401676218537,0.1360777963238054
3.0226319801563624,0.1460463047391402
2.984073086693645,0.10670431528450207
2.9793490527806794,0.08250205438932066
2.9360720740471273,0.09742079265037536
2.961527209244352,0.13085620564721678
2.9729866341157343,0.15294660250014736
2.9357292142160683,0.09565441186567626
2.9542772091880387,0.04888067280127568
2.9480336693903237,0.06334548116490142
2.9542287853607716,0.07767181914039128
2.9498587414068758,0.09656100475713762
2.949326018000002,0.09667902547097146
2.944156212547798,0.08867108054095961
2.8936069516486014,0.12728797897552305
2.8943797802220397,0.1384727353032663
2.7811725565963177,0.20865191397343413
2.785998112698909,0.15111041383411886
2.9162577165274683,0.17729271897052867
2.826215913914025,0.20115042298449334
2.7894363673965445,0.2514382049240628
2.843665240201806,0.2178354302578532
2.866616032499154,0.20867532984543619
2.7942822257106075,0.19835480943688194
2.8968896998264246,0.1789366034874721
2.837861938887938,0.1837057507816993
2.909884541378461,0.15356723403565162
2.8643288523998436,0.16963724920897277
2.843990020761966,0.11677836289015835
2.8982404437209452,0.17012048926516993
2.855106890304178,0.1712871868794724
2.8469665010746983,0.15976002271977696
2.950385383789319,0.1238075487904759
2.8913609540708607,0.09817069737996942
2.8848805739185375,0.2072836903404087
2.9158389487574383,0.2167953016890066
2.9564229380421465,0.23635514584377124
2.9225411221641027,0.19070240241555564
3.001939713697209,0.11254038045188205
2.9707931784492816,0.08874546951674832
3.037129550109559,0.12020025914358443
2.9727354249175972,0.04823885249304249
2.9696285448296926,0.058808540645201156
2.9984786434340935,0.05633194449696308
2.9335347089374566,0.12829658299597982
2.944985490142682,0.08552624471314992
2.9571156567006285,0.10859405469101988
2.943014135841046,0.15006765588213017
2.914137005186165,0.19604119965652994
2.915829655603787,0.19930554330613037
2.904681489849168,0.2008036807714257
2.9502505034042614,0.22957020467261313
2.9057626527709606,0.1443775192718129
2.8938001832534064,0.1661628201279509
2.8886694815688694,0.14192612005523272
2.9662934985843012,0.14134440832062076
2.822761049505847,0.12614444998740243
3.042793481290478,0.1176628172431569
3.053438479892014,0.14835999618998383
3.047243231576363,0.14852833934307613
3.0290978392603956,0.12865721742822211
3.0266337976181705,0.14344049636587194
2.758993670236331,0.18119514452695618
2.7892255754559696,0.18821037354902026
2.7616801766105965,0.19157958571183506
2.9669913804945307,0.16550157752001673
3.0421891096590365,0.1626203933875676
2.929017476137752,0.0716206588153209
2.995477441157356,0.0874459682146929
2.9405360260027105,0.07943105660252893
2.7704063109874815,0.22144444102436223
2.7841252503269813,0.22507344822987302
3.025969002770888,0.07001440702342869
2.9548686099994437,0.06713150457558217
3.025046289986669,0.07301698349798819
3.016961975462524,0.07384160304927395
3.023650976355568,0.07637141550999402
3.062204348211014,0.05323940199429513
3.067082582808015,0.05132056168937085
3.0066361053117165,0.08894458109165213
2.992357788495269,0.12274873612284815
2.9594911619194466,0.12147558048865205
2.93825867554019,0.10776807488552281
2.9758308754245144,0.15500678394978734
2.960401801737029,0.14915321609125995
2.9943675428354455,0.08293726238274125
2.9440344197538026,0.10972946535723131
2.9080493078227865,0.10666213133708434
2.9105716773908785,0.10755991872340216
2.9100209734124625,0.10586049947069874
3.1570797794032015,0.006407745146087235
3.236683753874671,0.034614750385975064
3.2307401195480345,0.07332846429023046
2.978176278455964,0.021033412328914425
3.019194630615423,0.1608045117776578
3.018951450683865,0.1438115697416205
3.0093875617052874,0.1088637544166743
3.0104504176772267,0.10825721913198384
2.860264604437937,0.21542070429820162
2.885400045586039,0.06601589707912033
2.8487769394176268,0.25044703758687414
2.8529159209102657,0.25512563396823895
2.7160562905526566,0.19045061276326194
2.7177426344650844,0.17455057009588865
3.047667168815063,0.1549027219598048
2.813871796231826,0.11767257647357515
2.810854497311611,0.11134962297536717
2.8685600926746173,0.1572283561406474
2.9866562614580756,0.10220753177437691
3.0008042569379825,0.12547358467987993
2.8916951180024744,0.18286802423613574
2.986235048142239,0.059911480861148655
2.9248105400100717,0.10316880698070015
2.907439591958091,0.09962112850225226
2.92248537136653,0.07763143510288449
2.9222894213207953,0.11220732751461944
2.967474734220583,0.11871497245104497
2.946994167854873,0.1242826366122182
2.8598781866461143,0.11635752112331618
3.0114142542561737,0.10947467560662723
2.972491824835414,0.1296048235950938
2.927528982564333,0.09824330324216113
2.878252975774712,0.13429413151030653
2.815676985488831,0.19026389100951274
2.949251062069918,0.11290314268809079
2.946622353149331,0.16545783446623857
2.8931276727218784,0.15742157060964276
2.9131247249074455,0.14009991204421604
2.974096827991689,0.08909304843237495
2.966684064115486,0.16751828596364304
2.8282596632345904,0.12677420026996195
2.9187280569831726,0.09215318411163619
2.8871157562597083,0.19234816026188975
3.0070741251658104,0.09931787946224656
2.7951498215083443,0.1790794578612989
3.0092066941375943,0.08274848643094945
3.0190686461508727,0.10271195513851822
2.92329799230321,0.18425501726974533
2.9281989647442637,0.18693122899236697
2.838287250851879,0.21697641482004024
2.8545010400154607,0.23873298662171807
2.9479211097094438,0.06456102834988962
3.009044321785513,0.1527999370738643
2.9646549020255186,0.10250205478420708
2.9509343519084505,0.07324278998806241
2.9744639752944617,0.09328770426720923
3.0799853443244745,0.04620890817746848
2.9454020227203626,0.09776185556311479
2.9417113450966346,0.14873371860596385
2.933547612380977,0.1018115697294729
2.9608541340473855,0.09005770121875012
2.794627336860917,0.2437619675907329
2.8678232826134926,0.22950849547493407
2.8251296391186687,0.17214033982671179
2.8061970497282283,0.16813250094091403
2.8440137432098322,0.14974235044955245
2.801258233834688,0.14288335803605115
2.882616676956174,0.09831723641496037
2.8983071576613444,0.13014709560395826
2.9173460004207628,0.15943494110545472
2.9431047455843475,0.10536735184807416
2.9197326022305248,0.18038574524670087
2.939568561412606,0.09876180579550914
2.963267736233732,0.11334818875882167
2.987813376902868,0.04743028930651054
3.0168404253279486,0.0676927220025365
3.017633201546061,0.09836512735019139
2.9219881623097046,0.1993107222501771
2.919908136038762,0.19245459263047515
2.8772792778672196,0.16255173883827173
2.958742992976225,0.1673805229317502
2.948704452279959,0.13957702508838818
2.951101064517908,0.13979938111083445
2.991409451014618,0.13952488095194546
2.8931344609718668,0.08755385930868793
2.9826728185254088,0.13607834348859865
2.9880249288986365,0.08847370161228438
2.927767159789613,0.18408088753514815
2.8110166889318378,0.2300246678761872
2.7994777015350722,0.2237093329283061
2.977971234062388,0.10269091765542372
2.9253064992707953,0.13198978051090093
3.0010020267055504,0.15135606113861905
2.957406976732377,0.09518372323878609
2.9913349828654345,0.08437608364665448
2.9728518487917595,0.11475750096144471
2.9231069980899465,0.13191463707232517
3.0228811088286247,0.13080128954063425
2.9494207624221187,0.2496483939825973
2.9521605357119283,0.13487096967491416
2.904990201725254,0.0785558168296927
2.9440309611854714,0.16307676686329817
2.9437148862315814,0.1631230800718695
2.931005143346213,0.1127587485614006
2.898044964021275,0.14827653085126677
2.8787527556168646,0.19537030483593062
2.8958374541891634,0.15627638219950976
2.9274158840931994,0.2055473622885963
2.8558764407643604,0.20044587984106743
2.987929334379477,0.030517447415229385
3.0167227647208965,0.0741988136891543
2.939392238429366,0.11588993655462296
2.9747797775121683,0.1422278898744406
3.0114687518053387,0.0937027966287091
2.8139210438555686,0.1745965417317032
2.9218741458205644,0.1473426909210687
2.8957942246461252,0.19707411837692151
2.8982688495276765,0.19672016499800415
2.960411848577791,0.21390018669932698
2.7587958515500604,0.1794679674429384
2.8423036973759137,0.15638559469342897
2.9328330838901353,0.17831582301323887
2.798962079780428,0.17131335149166774
2.8979776154058654,0.21167081286335043
3.003784792910313,0.024569008475041235
2.94248420926073,0.18825379276658194
3.058757520597347,0.025372094954439435
2.919115352021613,0.1433030140577653
2.9078588653247497,0.13783775333149748
2.894916075921597,0.15288839198255047
2.8422589196567505,0.16087490852223083
2.914268465564365,0.15834504332136373
2.898858535945962,0.09117626707430558
2.8814077835743257,0.08236212434784633
3.0081318593295827,0.11115674245184012
2.9428294498191305,0.11160564682620787
2.854214709049446,0.1417779532838955
2.829235331016989,0.10160451650397966
2.846740529724053,0.2135519482894316
2.931196097274653,0.10144940472691166
2.9337244928681434,0.12474537553945944
2.8898846357483854,0.09284922326120215
2.9694300303921506,0.11527395833510239
2.881306864946636,0.10740844368347877
2.795757305854246,0.1899712104901692
2.879861060655657,0.16703839019459638
2.8743322500505157,0.17170986996623905
2.9550831611737256,0.15274623909831034
2.941890760687371,0.13866407035906966
2.933440769379582,0.1734117757821393
2.9803622923821447,0.13848119670705772
2.9061783791830864,0.21274549425853762
2.8477538105218327,0.11826028072677455
2.8512846298620445,0.12168366752163899
2.9492821042052686,0.14283379194056778
2.8444449387608577,0.14630774023790252
2.912921572115396,0.16802007617825324
2.9555173319948604,0.13340710863019456
2.8312074887363323,0.1562314461994719
2.8279713327999954,0.15676412892341096
2.820163916783767,0.17781814931799134
2.9460256990824467,0.09610244815576884
2.887729728886236,0.08811004208952002
2.888479294062309,0.08513064823282446
2.9145386860370026,0.1982550125637641
2.872402348792848,0.15163325676621017
2.887250446624459,0.16083799075311372
2.9387964895828014,0.14559611067938757
3.083098231641144,0.046717107028079616
3.076475729657383,0.05615951432128978
3.0517433903733364,0.07442461726498838
3.0412207413913195,0.06449310168896626
3.049703511550329,0.07304603342242959
3.055472057185525,0.06446120726578693
3.0903135369521855,0.0697991772249621
3.0555137673665063,0.07887727435510836
3.0617458265389734,0.08243408954376054
2.8744450620926423,0.12372749694483313
2.8886485182080093,0.1461640031762915
2.8540097725161235,0.1447127549758844
2.8345149385630686,0.13303558592866174
2.8311718025219283,0.27543383010663824
2.931801960318847,0.04572170593057272
3.031458720241397,0.14224829606135034
2.9521440459188644,0.05551440192701269
2.9652373389554856,0.08207716396825647
2.9773164790030497,0.11111016675067634
2.857483563925815,0.17157823883177065
2.936985922830465,0.07754056199158675
3.0493974184578923,0.09216160754014995
3.043452531394837,0.0939352451147936
2.9708030254279243,0.13446948943463133
2.8917573938685894,0.13356283404459585
3.02771877968153,0.08746279744471995
2.9722643828064883,0.06537952258730995
3.0385977107080455,0.05716999760462812
2.846926758107084,0.17669275290397332
2.8699120457579697,0.13495941060562286
2.9651678609983447,0.11579591175691648
2.9831059028310687,0.15709887362328961
2.706221792823807,0.15283641937176004
3.143074838021558,0.11856634963403268
2.6847235338869915,0.16636515767805454
2.765400648671725,0.19414067533397497
2.7436884430352997,0.23164386625519134
2.841143339080468,0.15630636430737
2.973188807947636,0.12827721063729933
2.8776327628604195,0.1632513670354415
2.9001831303530556,0.1279939414928137
2.9286902422304553,0.15181541165016646
2.7867281663620207,0.15576392157817315
2.9096830035031345,0.18857481649961938
2.8619773747900994,0.1880939854007206
2.9684349764483406,0.08314384946010588
2.8982840162439167,0.17595437629152588
2.9542263571709166,0.0783844042770311
3.0278696064562425,0.09649890704282552
3.030559792549538,0.10553129803214112
2.9192468628844788,0.20117793634761102
2.928013984224952,0.1959480295160391
2.9189659736820888,0.13097371114381212
2.983561740839287,0.09919652975827489
3.00632319766794,0.13594620629639143
2.8414340644591563,0.131005727805136
2.872424531466187,0.12695152619196984
3.0358255968236985,0.13077306000303662
3.036838482168431,0.13313918576727946
3.035020312304127,0.1348921266941123
2.948647639169248,0.12786344600398214
2.922664507980299,0.15302112441664148
2.893398372063085,0.21608321374345668
2.8823003598901993,0.19822622010591487
2.916527558237506,0.06909660508464362
2.91531586076587,0.0622675246603948
2.8493736667554694,0.14554106845015893
2.9424698249843804,0.11963105338078911
2.9805208042602565,0.19171461906358098
3.001439083929838,0.0893127056356106
2.9268347333035054,0.1049653362113504
2.8966277749195077,0.17233774773682659
2.9056133837123816,0.14842763018946653
2.9387619123934012,0.10605862768137161
2.9746536335804956,0.08948825752272936
2.843847398892903,0.1950823962388506
2.8283672840365495,0.19389632233567627
2.8402982480126706,0.18110165838620756
2.972358612298855,0.09381082461450321
2.966035015668934,0.10555587888370514
2.937712499244253,0.11362584425853876
2.781301242742943,0.25764539744996273
2.9561473223259536,0.09703765652105724
2.993854640857217,0.09101180466122073
2.9120321714114494,0.11433661391340132
2.911259608715957,0.08337752811863629
2.9564485851310356,0.1609520037927008
2.867830339538449,0.13970558142754458
2.8453914428287916,0.1537698949536224
2.8509289262995265,0.1903623080861309
2.898227293059798,0.11419432679966127
2.942230431967379,0.10341980592228468
2.90736392080213,0.1291660398839019
2.8954273039199268,0.1172289354863652
2.8924365608824982,0.19845930860458227
2.8581038309762032,0.18091669876335778
2.9202603835971135,0.14635288500431526
2.9783227163187505,0.1302159772808853
2.8928565941105333,0.11410588438353636
2.877885541890125,0.09850920997770016
2.9025930137467912,0.13447555947151435
3.0341308864820777,0.1250572399096445
2.979286198985714,0.04682938430357899
3.0019181216126376,0.07434716837361953
2.9205050394970313,0.12779393008703585
2.879832141789273,0.18027843234935928
2.8272376404082276,0.13883694492450266
2.9075826542259193,0.22139070810367428
2.7836404206000025,0.15417093789091257
2.8225118547608323,0.18357469279591304
2.7942152531167803,0.1560248833895412
2.8876533938009166,0.22605916865337183
2.810886471610908,0.259765122137843
2.8727147648545084,0.18799353694137905
2.853380034139419,0.15438947793451235
2.855368507453795,0.20324352399725232
2.9103654436078386,0.12676365447051513
2.948375828828368,0.21620767152922762
2.852558235468678,0.14664208700049539
2.8849627849415675,0.2049589844933647
2.869126876818641,0.1637002746524844
2.7940831504492705,0.1937383684084907
2.9588250789111497,0.1656795538689416
2.964768338768528,0.20370163132934296
2.988237679611626,0.17527547531466764
2.8076807505453334,0.20140421770811137
2.941135666417487,0.11358115700017551
2.9569638575903996,0.1362337471346714
2.847533482517455,0.2006158138306437
3.008853023439531,0.06775516352206654
3.0537311187165805,0.12169767896380168
3.0162211573960924,0.11771496120595876
3.059763707837252,0.10793872799755325
2.98685844195797,0.12317439811616039
2.8774055740710045,0.16179845257521808
2.833451482378857,0.24466473883282772
2.806928774772793,0.21183591877698263
2.891591362609038,0.19620580295357892
2.9989802432800605,0.13503802337478993
2.8525297971548884,0.15083967547206023
2.852511992668926,0.20664301939923999
2.8588862211076504,0.18167267043525867
2.8912831464586897,0.19665672034976353
2.8289648913685417,0.20420769067611594
3.0151410219432386,0.06612793976151923
2.9448704656553333,0.10489726051375729
2.9295700602160912,0.07592765483375515
2.942610010936558,0.1698875329629029
2.920479516129431,0.152172837473614
2.9630887435270035,0.08041437434566849
2.955336790162428,0.07069251045265838
2.972991562230139,0.09968585734935306
2.9472254068582915,0.07857437528088229
2.882102872506098,0.1931509229968055
2.8385296515151293,0.18281219457876902
2.8894418958266335,0.1909510639770475
2.9976759642275494,0.2410292249431735
2.852004592431227,0.21355863021699234
2.903308747507619,0.19118621746868678
2.8972395723159017,0.18629296440073784
2.882322367508115,0.15866287415968186
2.911508949331276,0.13395971484545033
2.8720323071240537,0.15076577072309924
2.983033744509543,0.07740722338449506
2.9131139802835313,0.11185256914332184
2.8217891666170054,0.19092756315676618
2.961396769656684,0.07065416588785876
3.0218720194595003,0.09488134377037977
2.8636660685538877,0.13557296673029595
2.976956324883514,0.09416793188122766
2.9406036760174943,0.10176406152011731
3.0135508011981855,0.11819595343414538
3.052651610363491,0.03987698345520036
3.036104846818353,0.07041698139132196
2.933196897836965,0.08371944795419245
2.943847869382398,0.09865868822666943
2.8626884526490515,0.16598035766582686
2.8545354899288466,0.1138582084847173
2.866099946796889,0.11626750018257986
2.9837783731507206,0.14294728604919196
2.9144273493872888,0.0826199780757993
2.9495671431639536,0.113900407288089
2.9031531338542353,0.12229163058109033
2.985267377804007,0.16713591997557026
2.796447291054204,0.12508031921243418
2.824922231109923,0.20428513039353377
2.8598856312805303,0.24020504858256844
2.891289685023319,0.17259262056872188
2.8478833886400374,0.17129003299985063
2.8178028904252663,0.15546513994695016
2.8653106385646896,0.14657816374294474
2.921445505403188,0.2181934914818953
2.8996395963167885,0.15495913692036686
2.879587709598463,0.14008001506119075
2.884228054454252,0.14102403912077638
2.9589039270239446,0.11654305450448298
2.949930330122478,0.1130697697758155
2.8542692292860523,0.1182952700849412
2.861044141517843,0.12772253560538893
2.8434177390008792,0.17792590108749
2.9725196756696333,0.1042272093281607
2.8679095646070256,0.11394919093434744
3.10882792092346,0.08634415918083434
2.792560881225048,0.13843414547364827
2.898724113041641,0.11987652824006578
2.910509192651536,0.1497834595862659
2.8968483205759314,0.140880953778001
2.8446354015551565,0.1442838747573083
2.9579280486300497,0.13176571730224795
2.971733281563029,0.1153366294971315
3.0115318945872165,0.06550912905566064
3.0280208437743,0.0692414520394153
3.1910174710878407,0.04335905424141092
3.2035349628837557,0.04472439819956467
3.051360719518119,0.07540454100426766
3.063337497828834,0.08103325904304613
3.058210609050218,0.082593651433901
2.9164904776184257,0.14637956827725898
2.906443360994679,0.10259491419250831
2.8308379947443894,0.1510893511730196
2.8274375414783703,0.22102476242520563
2.8962920339528417,0.16776604920848573
2.85598660830398,0.17231847108354084
2.809277109500509,0.2555187229968175
2.7788479999132054,0.2643538136822129
2.900157900949828,0.119818559776936
3.058655696902901,0.17532293545591485
3.006177975418966,0.16343757790176758
2.896024413520219,0.14093160832264526
3.0023465856784433,0.12859834348243987
3.013707424948969,0.12106556476399516
3.0267377627085836,0.06904465482981428
3.061132062521302,0.07472933820480493
3.0788351268986975,0.11578553563214947
2.921423788354185,0.13364910625578394
2.883921325483817,0.20084057408865155
2.892327505374795,0.20560108572274308
2.8922729610221416,0.22890349392491285
2.8924232218619093,0.23410707125348382
2.9091416184305965,0.2106475046640827
2.8835538592855143,0.18659869539071722
2.862626462739473,0.16801042877459568
2.827503446308449,0.20564398483070903
2.704638849603391,0.2555742671108654
2.9018826063740124,0.25114581537034164
2.8948029208738015,0.08150853806417227
2.9229219779437527,0.10404641636733494
2.8087026052653825,0.24585131333673327
2.8981934521168995,0.24830056093799788
2.8815828165210116,0.1081377234870686
2.916452728229762,0.14072696646445199
3.0036212503480426,0.09696062236130862
2.9546915440273223,0.0884265367936492
2.7856074335553,0.2702542928498368
2.707972074167872,0.2048426902497541
3.0458293531005687,0.15201581483100313
2.848604592261524,0.09047699885379389
2.8674078973415105,0.16551578271398387
2.9452123411049937,0.1240696553406843
2.8932586071105937,0.15903858190291467
2.8878623377105317,0.13946670947577866
2.8864716341083954,0.2746166620709223
2.925512322039339,0.0901442558275132
2.956479412860243,0.1038283010699363
2.9584586388708267,0.13213673691756683
2.915020179554147,0.17796588052067008
2.9032151234677843,0.1635021843781923
2.836435875142769,0.1389750518163614
2.918007642105607,0.2907275012204964
2.8933070447234184,0.20894561824467014
2.914503743662998,0.08755854386034823
2.9719974074221547,0.09453005892840334
2.8692321542207004,0.1963790178795364
2.808716682014517,0.20767893331450704
2.7806486320877397,0.1551281963944344
2.8172458258324338,0.14775588546738244
2.794643325823719,0.15432410314807993
2.8197938489205256,0.232767005497081
2.7739269082226286,0.2082522058929814
2.765405157320651,0.2053062161369351
2.768240795226004,0.21216863210241602
2.9006908667105953,0.20209554805640906
2.857480881955563,0.20267824259731387
2.84767164725222,0.17545316138671044
2.8494422093469294,0.1693555849453331
2.9993694762558896,0.11017464313635197
3.008890360280364,0.11846505956611811
2.9343977247623623,0.16159672351927115
2.9384228622933892,0.1408473172533609
2.8793805692017536,0.19304974238938324
2.8655927303423923,0.16863734816093826
2.990851830167088,0.1680011872444304
2.931866880108923,0.23445739821188286
2.9227949308262313,0.3183571987250779
2.81720402262029,0.32715334453792055
2.80385269203225,0.33558420651462917
2.915502704466223,0.12255441291954423
2.92120268569156,0.15607468757483323
2.9003709616885835,0.12015743975475748
2.834491344493503,0.14008256121241397
2.9205134071932326,0.19526910601525746
2.786043146331529,0.20445351107535978
2.8224435941570962,0.16038169522575416
2.806679465879482,0.16110311055256457
2.844296134288136,0.17998527048546722
2.9320462306318467,0.17047928946765406
2.907864104254002,0.13617160937314754
3.005016682480332,0.12733032174070635
2.995667500814139,0.11922002230114373
2.997958506327987,0.17305079376217128
2.9555332409496606,0.1220578519820845
2.779982508491442,0.18189920980764662
2.7975662444358473,0.18083493677632886
2.8518628709043994,0.26683213130801686
2.8657056821033953,0.13063696330366573
2.9358035857457785,0.22069978646983998
2.936053953447692,0.10600771735755313
2.9266622792207118,0.12476384325329665
2.959605893678314,0.18214284700104025
2.8230164506984687,0.21539024594637557
2.847359337895352,0.2267688547116844
2.8341653849888044,0.13763451607241087
2.8902495036066154,0.19317715403574728
2.937775180340105,0.10330424102740135
2.9335284262339796,0.1389425112769927
2.9985681085921323,0.09216167139386841
3.04785866056779,0.13111500838129878
3.009949833770073,0.11509025366099385
2.753001140076955,0.20376659219175391
2.9248051503934516,0.20274456529789425
2.8719174625356905,0.18596711579859274
2.8868290252399915,0.1793354126123301
2.8553713542217056,0.15970604834971747
2.9486043585182906,0.15264880442496923
2.9159618115266315,0.04757252480960485
3.049611593063572,0.16213181713541835
2.9125836448225857,0.18523454071944
2.970062562431752,0.15757832140923672
2.888891695348193,0.16023062896057744
2.9984160694266184,0.09604843250680667
2.868039481904446,0.1464265094579265
2.7601172328622345,0.2351755248303848
2.7201642197325024,0.34692472122451123
2.7172871505416367,0.3744241758533337
2.724544638194856,0.18175021152875107
2.790370579511468,0.15996094983266448
2.997219159828982,0.09447736335973907
2.9291584145860914,0.057549427096284425
2.954159748385894,0.1911182034511578
2.925859095589792,0.10882615756873057
2.9910756663274296,0.09553380900572818
3.046489167340347,0.029312031634762602
3.059203482685679,0.02962582791386105
3.1136748224411566,0.08324618662312785
3.04373111530458,0.10394742224441869
3.033886139652157,0.09189628006083889
2.9310592055065237,0.11140342980520682
2.9278835823624165,0.24754030641661365
2.8857551277481974,0.25396250607478665
2.7166961964614185,0.2333776665917188
2.7319279090461217,0.20169947588210738
3.0124218760469716,0.11773493566485962
2.9173737490856495,0.08357095316821112
2.9112528317893456,0.08865400807377695
2.945225975982932,0.06491966347862102
2.9687051251262475,0.12680385379439116
3.016330046391351,0.04934798057390263
2.9395945648894717,0.10538666689227787
2.895785169944469,0.09050620039798785
2.8841239420304707,0.2484875355292022
2.757649131312885,0.19140658471001198
2.9558247743410693,0.1314876506163563
2.9102150061634853,0.07808315354760126
3.0240862793803367,0.06333881292268824
2.8700796907620907,0.11377736010936641
2.9777156772047495,0.12547733167575578
2.8305227918571494,0.15572189796198732
2.849119878019996,0.17698354330851115
2.8683624762594606,0.1871916522471295
2.8992482218975644,0.18965761740484377
2.7895343868072153,0.21131212978154001
2.8831876684765048,0.24219848121272583
2.881799953033858,0.22979315508073378
2.921535299714703,0.0683214652886778
3.0056448141301746,0.12712898380541068
2.860353158715736,0.15674749786976738
3.0228439879739626,0.08029006433904622
3.0291785847697374,0.1371523644099678
2.995188076137322,0.09575808648633308
2.976793119477759,0.05358808901776157
2.98247881633373,0.07630989255262123
2.923292320913845,0.08970601400727318
2.887499154295578,0.2302257930804261
2.8625365012681625,0.20732544269558364
2.838219165507758,0.1600181896825492
2.9860288577971335,0.11672576579619484
2.972596981070524,0.13732786262027893
2.966613140172172,0.15987618801272097
3.0622374949636026,0.16174273573891343
3.037671668877482,0.12526809203825515
2.851868910367462,0.10095989815980168
2.914671195555458,0.20572083639284125
2.973979613635932,0.1114664979417067
2.9303449204292566,0.14747212072075688
2.8475952951413745,0.1679528634012867
2.9548111932972327,0.11359804089327867
2.9455686822131693,0.030065197112541336
3.0801660923991765,0.1409589797458706
3.0252026975023636,0.055190831136861435
2.9256886083179907,0.07652357698977531
2.927077776187564,0.20191652499438087
2.9400065046513313,0.040753922098429964
2.9307040371235455,0.03684084617240229
3.00265843602422,0.08750548434645675
2.9989734182895873,0.07572199372964394
2.998728831818733,0.0549685611666449
2.9142788602069154,0.14314792409542038
2.9763898086974403,0.1167875260564606
2.9955698130538297,0.11032962230534975
3.038687610901907,0.11445725927758583
2.8242713786078495,0.22471431422247914
2.8275952369569093,0.23113271862045587
2.899588869207735,0.1635621220501642
2.9350146750666966,0.12162608213822758
2.9980047575223288,0.14560989618206893
2.961857716311031,0.04951605258067286
3.0376274944964243,0.1326581297454219
3.062861837149557,0.11195217729734251
3.0514855303882724,0.12111996605869454
3.1007677745782076,0.07456019415677037
2.7651920525839597,0.17772731612895223
2.8414551277799824,0.24621448882397595
2.7717592525618957,0.23302829901846792
2.8132083117225086,0.22935917786721907
2.9186180317118366,0.19821435669228502
2.9177242569096884,0.13029313908345674
2.9869968174368595,0.19307926725651262
2.9736735129219842,0.16862802988116085
2.950980742991678,0.156281115347955
3.0681032868095843,-0.007887540190811324
3.085005448443959,0.024152273262668857
2.8775521734316434,0.13767196492614364
2.899293155052915,0.1938988213962518
2.8589018182794694,0.11218096785231672
3.049392278374995,0.07529804952616219
2.86660690849799,0.12168149992895302
2.9174365925862866,0.1438035425972205
2.9321452668517898,0.26310262942431545
2.919710677914695,0.16794419039407077
2.8267896225108355,0.20512352743048598
2.9227776441517723,0.12388806485119985
2.919560017079398,0.19970041829418186
2.8818873682168342,0.09816050001587744
2.939680361079505,0.07371894171016825
2.9820558640520427,0.0874994330647803
2.799215315139353,0.21575122459917562
2.8016226434159597,0.21883356251941896
2.819491788127716,0.21080814766149658
2.8207339189059786,0.20343675487546603
2.920000719288301,0.21872420422105643
2.965672049544073,0.19887442720816137
2.8836507919764247,0.18219359142118
2.8308981413571512,0.1513927464719451
2.8892120308422196,0.20741694517587939
2.841369874027363,0.24624425657475058
2.8568095963143483,0.25157173631731206
2.854102352011305,0.11024400286944067
2.8635139950686486,0.12710352931726424
2.983173140739889,0.12807146837885447
2.8388487753938056,0.15812602762052633
2.8693205269429907,0.2112037811473196
2.8288535914899158,0.24085264329283257
2.867624497979776,0.24867029925361883
2.951515147045925,0.08013399115264351
2.881416046796271,0.204234808019824
2.8438827095290846,0.11812321595852829
2.9225109301260237,0.11004750935430303
2.8915578776085966,0.12453877725511643
2.7544326379806563,0.22043509326689525
2.8358696739981304,0.24963299520330476
2.9216521113111695,0.1746987783695006
2.9279150269633933,0.1678480368725981
2.921269195734121,0.13427812155269683
2.899137370730631,0.10623049648760972
2.854909621347616,0.09782439759847844
2.8979900799623475,0.08752992722978137
2.8513731788167944,0.12224214431904887
2.975836334215933,0.0935781415577195
2.975733697118667,0.1080966452888693
2.89052770290609,0.12976608282755547
2.9452069516845616,0.15652137636141925
2.871910760012127,0.13117776394562478
2.988088524244307,0.132562924696256
2.9251667017315413,0.1853837638260894
2.799943920810855,0.20651293898314385
2.9433842082372292,0.1533545307790176
2.9293879250124752,0.17589934341353333
2.882847702918912,0.2026329564226052
2.916941908499503,0.0957839004147349
2.876787591777112,0.07555193485283068
3.056759780759788,0.09104212727988896
3.0419164406145835,0.03520743760690693
3.029690639660093,0.038848853621700645
3.0274284050734885,0.03056818016322794
3.0773465909898396,0.004376524683868388
3.102837341242339,0.025731944396592335
3.0400885712504944,0.08429305033077845
3.045371083734764,0.07464317877666185
2.949567539713867,0.07559335934866478
2.939042518978947,0.16457494378150106
2.9209952395646743,0.19157241740093817
2.865078172873119,0.2098896146925142
2.8202707929394357,0.26125109519985645
2.828814833969725,0.22588125134807596
2.888993610302392,0.14066627435312587
2.8960413651326826,0.10766315651706168
2.9252875085826426,0.09235308668932439
2.892412643472236,0.15347540354010847
2.9090150222296276,0.24908950950294345
2.926619075364092,0.17608912890887904
2.987566482168706,0.20258997833939146
2.9865232467205813,0.2042418627651564
2.704321760395957,0.19905370981489687
2.6922588991056178,0.19920661715625096
2.697517953749222,0.21811505147603474
2.6162517112654173,0.22337652252110857
2.6961955837193248,0.25894335206658176
2.8902498195623587,0.24282552379339514
2.862440342184196,0.23163008850818192
2.9279290805962974,0.10599490869041119
2.9960746005303913,0.10790391481291267
2.982722690747063,0.10647791750031847
3.06923739567096,0.12457997975551657
2.8290891218540923,0.11008053725066451
2.8709064685215937,0.08652377856677346
2.8725114447633837,0.0828076526094422
2.9091119192213113,0.1759230647230579
2.889411319923843,0.16617529282764407
2.8778788933487998,0.13077566437338428
2.8557557436995165,0.1226498642183662
2.864385788486743,0.18311806087346863
2.8628924025830624,0.18571687757806937
2.954759313759883,0.10117939986953263
2.85306802581321,0.18686741056231387
2.822020837011911,0.2038909435619403
2.8549294189757566,0.19805557354355088
2.8539762005610223,0.13869874924860182
2.8198079798087305,0.20864100918283826
2.873339097438381,0.2445211426857611
2.874887224783844,0.2454494247367179
2.8696601024930986,0.24821230646999612
2.7603976635467027,0.2121258629523433
2.7508246252821706,0.19362604983731027
2.8114900749590124,0.1335665951229608
2.8844619752278557,0.15761966214915213
2.9226777733448452,0.16016832949697601
2.8527530013343805,0.12944650372505254
2.855044509199834,0.17788092662466293
2.846831670814791,0.18418367954466502
2.9371268968358377,0.09190933399826624
3.0460046512692904,0.02931347774049427
3.1605603001715754,0.04922419490223532
3.1322425003869196,-0.011989261043649134
2.9360444448360528,0.14766680054440917
2.8600700943227464,0.16574348750161974
2.941221346500937,0.1729848353963859
2.868036301574036,0.1550234455892642
2.930644146331504,0.14028508127536782
2.916091179163443,0.11877572256035328
3.021332254779831,0.0770098357803816
2.971731244496118,0.10392085495943991
3.0042688004756926,0.0589317567662951
2.952844333990192,0.12827250627601516
2.962082847908633,0.11491599349657731
2.892182294051678,0.09705573126434495
2.84274636986426,0.11234761237959413
2.8337608138984782,0.16250560472645087
2.7721522035966837,0.15001365638664574
2.8908858243764555,0.1632791286476109
2.910907724403817,0.1574907300452671
2.8666790271370086,0.17370343537046484
2.8906217927067814,0.18944746789392336
2.8477884744121154,0.1821788685196958
2.8795373683581316,0.2106892182437635
2.8784161641299737,0.20830647018226087
2.8620385871380805,0.19576367098831404
2.9492005708338347,0.13912230322894087
3.0641514312722395,0.18867998664014965
2.8538681380358235,0.14314172377582293
2.8463446646649717,0.19466866220329895
2.8659076918984856,0.15845331582176553
2.9485143854516975,0.10005062921632141
2.9565035595897506,0.12280824963765348
3.0575389546480802,0.1197244238633877
3.0327431119596286,0.06121723634919574
2.948230497330423,0.10386900123303346
3.0021160729920373,0.07369696041241469
3.0284822686413615,0.018515832930942156
3.016101142038259,0.053143516787517775
2.9274782496251897,0.11128079267612795
2.9643060145669313,0.09962528321433554
2.925007148909568,0.12396966552347641
2.960898085022518,0.1509325871735816
2.898743110427586,0.12992386310328063
2.914959622881138,0.22731827164259102
2.864484375513015,0.20142897675049093
2.9075716372727327,0.2217012217904918
2.9481397261919717,0.15562850310112947
2.9466125376597954,0.153106465355929
2.916451847761433,0.1601246578263971
2.8064426371150755,0.13683628194803715
2.9500410524078013,0.16069277822467093
2.8745674198069553,0.188032772294405
2.937975031127334,0.18796772945840592
2.9748631575428783,0.13369594112879377
3.0696998715649446,0.11382637082156226
3.0846755020866583,0.08077102387673026
3.103753052963584,0.09680489136823285
3.0277271527706047,0.054888314700730675
3.0028934053302914,0.03208092927351161
2.893313793477666,0.20586283135548422
2.814523735184374,0.21062669221813984
2.8319437662993927,0.19886343434638004
2.8223092755236445,0.1829590009282902
3.1889352629068513,0.08830988735643107
2.954451322455441,0.015934205448384933
2.8792298864686323,0.15605627245316717
2.744103242435702,0.2579811199796915
2.8582683862522074,0.2194661347587225
2.851357162744864,0.17474499970030385
2.8895878219871665,0.16610358386898105
2.962611298370525,0.08563911500478169
2.9991502186962458,0.10116307789203365
2.821639246932071,0.18989959390896402
2.8846810890286987,0.18590748335616122
2.87396896997555,0.19097669192052177
2.891385118066884,0.20713301084635902
2.8937624897301517,0.1516463862861291
2.887749334797058,0.22609126470810148
2.863550396923494,0.27176980651025545
2.718306806801659,0.21697925880765437
2.7154771447984407,0.21291723583992103
2.706770037441903,0.2655276602676662
2.7654117206168833,0.28253628085703986
2.772344244197801,0.2598283656071874
2.997812981305568,0.057986217499044666
3.01102175896711,0.022554516967419447
2.8961497580219087,0.0575869008558071
2.8523435681313476,0.13108711821216543
2.8146760496073524,0.2526029445670977
2.7838028032031215,0.1790918450558374
2.7479586452282727,0.20182667934460544
2.7417252497809446,0.1817378558684825
2.8593944265137106,0.28599346244083906
2.712427396659735,0.2338275753076311
2.6871119308593716,0.2216732199262109
2.6699233338349355,0.22671629461434714
3.0245354601983694,0.16649563345541357
3.106972627180011,0.0329165898430673
3.0444597264026605,0.05932892381882734
2.8401660435036233,0.20804116940692832
2.979971155636215,0.15819899411555657
2.91813625515656,0.13780858642573227
2.875405790243355,0.14785515384195683
2.8887403836954197,0.17576914361726456
3.077950236519494,0.025665065777846902
3.0688932047217388,0.06506918694516109
3.0598400754914223,0.01634091846030952
3.0280976294675033,0.02023770695986304
3.040154064691095,0.05988494705731606
3.0561523592011057,0.05809756337591176
2.9420750020004256,0.07659121326647753
3.101434121981114,0.1181093271345712
3.086060224431999,0.10141038178612732
3.0300519150204837,0.03000236888057905
2.9124840213288943,0.08758556898653076
2.9233902496957067,0.12120249508967827
2.927002352017287,0.1694068920624875
2.9128271866514317,0.15177597288333092
2.933888993054943,0.17284475281382397
2.917716431991477,0.1684788837067244
2.9592574765300097,0.08668552010615946
2.9594312830340597,0.08750320561746613
2.9470648332492795,0.08332291140599014
3.001836453608704,0.12911359916114354
2.9260922811113628,0.15498939434007047
2.9988656085892496,0.16703981488487782
2.703381259345815,0.21573866385069024
2.918573749385944,0.17509104201876274
3.0165934860364216,0.1597985178305285
2.985089164732732,0.22245413446822587
2.969942621653675,0.2227489260169754
2.9394922054570056,0.19297727187874958
3.0218752496613224,0.10847771596994112
3.0634254525804487,0.08885306705711876
2.7772171429819204,0.17713914554368773
2.7902018418600365,0.21040254435107572
2.7685827464469903,0.20383172544504952
2.9130974969122474,0.14486753113265322
2.9567297392576752,0.10491894075235636
2.8973859132383244,0.12689946175971467
2.9756218114247184,0.06411435519687303
2.942855880825047,0.17131361907773107
2.950429566897389,0.20310331264035897
2.9652910704903648,0.21146850111679016
2.940372512696357,0.26280474108209867
2.8647241540114785,0.11534621222717124
2.932283939908463,0.11767450013883292
2.878299064968396,0.13738753904290943
2.9055948096382163,0.17258526073161004
2.947953674170421,0.19589506432355555
2.8010727542387914,0.20219563213784095
2.9317080658178294,0.13557559032002797
2.8644381471348743,0.18548911419555922
2.8426291911278807,0.18664395007899545
2.8659592371131555,0.1840261386048907
2.9288981195405936,0.11318067418518556
2.9985519380785166,0.082124244510039
2.8494763326278516,0.08437763203444193
2.868238106623394,0.08475786052001634
2.903065707002555,0.09396264324259693
2.9247207068323524,0.09185002068120643
2.9279418110242945,0.08665914023132422
2.9919819108636316,0.10713603508583475
3.0138112675189923,0.13452063213336807
2.9603236665706865,0.15687891588545802
2.8647662604262965,0.141969615640647
3.0024860548773735,0.2520282705057671
2.9965597738297265,0.2670326362628717
2.925432781254611,0.24240858136912455
2.8973122448626256,0.046328183760487966
2.9053852619099887,0.0501298566396983
2.8255642782958916,0.31608397474437394
2.772293016202564,0.34938792642185984
2.792355279738404,0.21315534563812974
2.894806709032033,0.20824270432352943
2.970734234270152,0.13458748700590098
2.9017923236581384,0.13069185781665327
2.914572069201731,0.14750953534073602
2.9678392675279817,0.11163622441753132
2.8629796516807393,0.17966639159176798
2.849304336027219,0.19486546692395343
2.864271481804035,0.1836217227721106
2.9657966360614494,0.09521523034641124
2.818900370750743,0.2033050797363538
2.9351423679234165,0.19005843836847203
2.9237830002323384,0.17072713254640828
2.9376536968423252,0.1899093198664396
2.9659938595988793,0.19463007594120094
2.942195321942655,0.19564843236313637
2.937299482157151,0.17451872214682024
2.938227415628721,0.14862395513267201
2.7931740584710996,0.19277183390575786
2.9392896455135586,0.23683951129101857
2.935729323787135,0.2628315005849891
2.9139291583871514,0.22373822516650899
2.915471707400186,0.22881084388763706
2.858975688433546,0.3036305077225805
2.990396991930939,0.24904532224708684
3.015808023385019,0.2132807486840236
2.997605278949764,0.2210942175314244
3.049490636574861,0.15951647591744386
2.9367689708616234,0.21525131134629835
2.8484832980298807,0.19722335862676676
2.8559037740083015,0.18657499552562243
2.921527872192666,0.21010882171055212
2.844964343836966,0.18133425243679205
2.9241155686659455,0.13763668718003372
2.9752336846152874,0.12891758017356447
2.961816462631071,0.1296875287600617
3.0407317445396553,0.07017912657629768
2.943828906083474,0.10394351933596509
2.8544730100782187,0.1878559779806129
2.9199747679626937,0.1506874507943466
2.8396071188146963,0.20130306605539483
2.907628490808219,0.1503965336150646
2.873496611957281,0.14164048626148815
2.884773910501104,0.09196342278586965
2.8763704061726685,0.1767763119988867
2.89192952806427,0.1367545395449959
2.873878923551078,0.10267959633630323
2.8724882554073488,0.08297033408336861
2.8830921186229452,0.08469546133064917
2.9092358602528194,0.07166297287479562
2.9395451776792396,0.08990784159705809
2.879244665643566,0.08051135782958886
2.890648275863319,0.1553341938867732
2.9742458111806007,0.16311762274271194
2.9476050825728937,0.18689825333341858
2.944351332263346,0.09682627923842088
2.957857884599282,0.10464627123852728
2.9007068506484446,0.1069241682800936
2.9674874227126176,0.06627649305145114
2.93530876548543,0.15054023554332122
2.9038147171471604,0.1534968385212671
2.837768747444288,0.265188032885287
2.851256746179522,0.23157671219820739
2.769028938571661,0.23049314990068487
2.844851924371993,0.2311568590395914
2.8448168837386074,0.23497427768330126
2.792128475317047,0.19529858961747323
2.845417603107413,0.19084123032440162
2.930954306980146,0.12495900524088427
2.954967484032615,0.11874876950567392
2.941792781783767,0.0973812250630222
2.9821625469568227,0.09387057599274802
2.741958982848743,0.2454712770225318
2.6863487912326054,0.2938842870860858
2.91356399808533,0.13913965760160685
2.9262709615224427,0.1392284863891505
2.915155450499873,0.1337586443763521
2.940182287929118,0.17613072291312015
2.967379440140339,0.1761393650630776
2.9708122387816918,0.12178096755692246
2.826354570519128,0.19255644685121306
2.860636107273161,0.15774197176807564
2.8323790174041235,0.19131501936502368
2.883572791169484,0.17492733096212248
2.9070387453032356,0.21254110151909017
2.9010152439698524,0.22778863622921283
2.930076306496011,0.24602227092467607
2.905403278671971,0.1545733088522805
2.923908620964653,0.07835662764500415
2.9242725617004353,0.19636805484631661
2.935768828621407,0.14045795715220985
2.8922597761213007,0.16262979187449234
2.9075479392530807,0.10233742469456995
2.9254348255556155,0.06696088599948172
2.920390807603641,0.20975248152893194
2.97423584270573,0.19751125954215454
2.9702051487429766,0.129008375049425
2.9908293819410856,0.10407331724502994
2.9693522942735893,0.10019114332197994
2.9705674915516216,0.10398072346458702
2.875518171343033,0.15976737463977658
2.9023920004681076,0.14971072021344073
2.924518701769305,0.17264869179063874
2.911638576369712,0.14464688746043855
3.000082770620582,0.15906028505739653
3.0147374983250477,0.1499854395185598
2.9703850949774564,0.12998716881226768
3.0186023637427777,0.04039322241026677
2.9917065139008288,0.07297477103507495
2.805074248256228,0.22334811614653985
2.8540772763123843,0.16397913799659378
2.878257229122128,0.1791565202642312
2.7998374663363323,0.1809357132519366
2.9559531916877924,0.141259783540789
2.823782406487854,0.17008130506877892
2.859984514560739,0.22135003179409354
2.8561047173218674,0.2159058391277683
2.9865586134150734,0.10646101320822163
3.0016155827084807,0.11269789930422935
2.996775654707903,0.11194149636842314
2.916681968134817,0.16651102732651207
2.933624544752233,0.18621587754100757
2.9358913042523667,0.18235358862072848
2.946760181343883,0.1863461930317303
2.935189069738812,0.19114103574926203
2.9368752257435764,0.15993799006033718
2.91005752007938,0.1418449238689943
2.8609461204651594,0.13875087952266363
2.817299508533074,0.17393243763147898
2.923761766225275,0.1301219189706488
2.826228576038049,0.20360131727136077
2.8891561893573074,0.1745353754785645
2.879429592489597,0.11732093917435296
2.95938136228228,0.0854560230125772
2.998346984843849,0.09152120247819905
2.9585257406420884,0.12451949738647167
2.8397465353277993,0.16186420750605854
2.7989817498784015,0.11788741033883267
2.8139058725494945,0.1943999340190421
2.8381085573156035,0.1585085281319561
3.061067359555224,0.08167634162108828
2.9798787441929924,0.06454140544540021
2.918197144246392,0.1672232716403568
2.830279319747134,0.175090326286887
2.939320969974823,0.22704658535448174
2.881496611654367,0.05849410124143321
2.879266222417078,0.22063836351808563
2.9856504737520675,0.12590078249312514
2.7185023170396088,0.24378033075011785
2.724829666278764,0.24439385211540007
2.883633112429966,0.16388536850588467
2.989130129586671,0.1412824476085136
2.9339669231372967,0.08127467594008764
2.927410966187987,0.14828509909978987
2.9687857515082516,0.08277114429921233
2.833607640534404,0.20097181717163107
2.848515864954015,0.17847346655760732
2.9986247130385624,0.11971411345089955
2.967364014090972,0.1096687055105271
3.0001259318029474,0.06363514448546419
2.997418770128075,0.01760592144184591
3.0411366279303893,0.0617964823309532
3.0434487346437527,0.03047430660631647
2.891565576800257,0.10616064915268839
2.9522711070353447,0.10577419571891311
2.8968288458439715,0.15225512379227624
2.8327153682690427,0.1771082508872747
2.842669334434844,0.1534683073883642
2.844299374959963,0.20152735120725038
2.8303420561867876,0.24152301175946636
2.841605987320583,0.22072399304696405
2.7787476554809274,0.19383904194442986
2.751681447970717,0.1975171506065671
2.748024157357453,0.19451773500859026
2.7865886334001444,0.20210247508019552
2.7936254244716308,0.19629879747288778
2.8518486041355,0.17444373167900018
2.800392649258235,0.13396489621206947
2.9956048379652924,0.138564203022064
2.837558274971753,0.0751324890741647
2.8875704045166155,0.19585002748546482
2.9576351035719797,0.15464707411217118
3.026063025374368,0.1789020112234804
3.0301855538551843,0.09597666782403638
2.9274496051493726,0.1040928374570632
2.8396071501694435,0.10609186196372315
2.8390213374329254,0.11130838602863338
2.895051346372581,0.19525255701879643
2.930727523563007,0.1297398333763732
2.9600150362295605,0.08803171373994752
2.736457464943824,0.2100830199740292
2.7155209899995265,0.20773858264432232
2.9146020751123842,0.2400282165956213
2.948258066015694,0.2501845856783688
3.0102853260285976,0.24931548087378383
2.890368854629963,0.018062243616392422
2.9634831460786306,0.20648925507573243
2.812893576490614,0.17782559034441162
2.805409120429755,0.24290910946214395
3.098751878106506,0.0713314537242758
3.0005642859121164,0.02906775295228208
2.935177182960353,0.035141786324838685
2.9226064880827805,0.026593789862152308
2.9204040326831477,0.013123198685574058
2.9697882636969006,0.27879719037036127
2.998586046228226,0.2241284567450594
2.972601587361702,0.22340291526644285
2.9445505394446667,0.17987115778263205
2.9615285074565527,0.15170659857267238
2.9483526869933483,0.13984551116631613
2.901833773851147,0.11758384367024959
2.9740973121275087,0.1074829173314801
2.9502838191253176,0.09750953756067686
2.8844123178751997,0.1513567236725344
2.878435026224461,0.15966482007477195
3.0759051656978587,0.03647064877955885
3.0112684715411366,0.12900883804488786
3.110837898292701,0.024199201094111927
3.1005854225744636,0.008147178178304827
3.0368558120127136,0.04500519904326039
3.0180881172820024,0.03667548527733942
2.898526016340955,0.17457794318093495
2.947797765905147,0.17078257987967935
2.8946821529311717,0.1385617706170723
2.877503359209755,0.14302528640075446
2.869613432358183,0.1423149447341642
2.898731724683876,0.11602083914612281
2.8136964007323964,0.154892025606443
2.846858253218555,0.2846020302555037
2.897867542079019,0.1538822284910633
2.895368294514024,0.15464167599446835
2.9855317455145354,0.10634654646755645
2.944415665874236,0.12440405490611546
2.940170316691104,0.09347116494209924
2.9315786742021968,0.08532950027827155
2.8878033159750895,0.13557411394669525
2.8484775624612038,0.13458966852618673
2.9311610630794904,0.06837704588323161
2.9050392946586263,0.22709144870764877
2.8402629198426554,0.24560708053453534
2.8145328375789584,0.2653655615823343
2.7751129541370148,0.21715915145783848
2.9946808056770493,0.12439019158449911
2.9499226538591707,0.08708257683811393
2.96137509889301,0.06910927226856366
2.8349574004454796,0.2052962064496727
2.852454246792974,0.1993080628456722
2.9413830559136698,0.23775952391732752
2.8788700779241903,0.1597519430734079
2.955099692338332,0.09819601689885935
2.9567506105719383,0.09943053603602861
2.923018322195534,0.20561348509539493
2.9226545940243263,0.19892681143473528
2.972906427020753,0.147856779380533
2.950354443543291,0.1310273498616867
2.9364316842118505,0.09439159840887211
2.9560859313127947,0.09900579392448575
2.897449038165332,0.18468637985752567
2.7975763810160186,0.2861661811401598
2.8914625574942914,0.11784063371721504
3.024919064781292,0.0907788206513534
3.0311524866460875,0.05249792100654513
3.02382205247185,0.10289398934023075
2.9792296036942756,0.11477992137151133
2.936659862062012,0.09866470502352272
2.877190724155591,0.09171669477501572
2.9206038552317,0.06497357161856085
2.914539016398426,0.0603885349518795
2.944713594651979,0.20803878912635707
2.901480441328984,0.18938053634065152
2.963993157065687,0.062439823507526526
2.9743030033140263,0.08713894051461182
2.8359366567114845,0.17067624900647044
2.8300026857608724,0.12335183744294692
2.8092272351321292,0.17963128036309686
2.7866187256154036,0.15352354754206257
2.738710426939602,0.14337473849767618
2.82912630076965,0.1875957935414567
2.8476810788879288,0.1752013644855208
2.837264771593373,0.18872253967552316
2.8838914579916293,0.1438085568821779
2.907404323084822,0.1960397628656062
2.8186597983642234,0.15972503717838005
2.986487602837706,0.13670136569609895
3.0023350832169573,0.1548466795861152
2.94374480223482,0.1959599968337627
2.8843552399514514,0.17870907034364394
2.843010198216722,0.1553508423040463
2.961952966339778,0.18528786137631933
2.917921094385941,0.14876807216141402
2.8725334389736368,0.15887849926055306
2.912389824869573,0.12726065079626184
2.9083619626326027,0.1086996881514435
3.0003384788925325,0.11659040982894076
3.066376844127955,0.08042995376428501
2.8222604424401103,0.10573182484596295
3.0552158018619564,0.1272037417894628
3.0721891343156034,0.18238930928563382
3.0199434969758765,0.17294947445104955
2.9238103437739458,0.061094702745600776
2.8869360581344465,0.06847201961439316
2.882788281640138,0.08846590883857017
2.981708123376005,0.12339498719207011
2.949310101237986,0.15276660958390803
2.858961382218818,0.13664591109589172
2.8416833482350716,0.11392127166607058
2.9473247543260976,0.17912505906777218
2.954258890757355,0.19240883946511217
2.890644049833703,0.13335749690442425
2.931314043011494,0.13846604503763202
2.954967256790449,0.10989545836880789
3.0526345144151645,0.11891952514348768
3.0277478333662464,0.07118175915469055
3.0192814197342637,0.06399698759970464
2.9562539808376336,0.09757356225110131
2.986698275179485,0.11595255655171302
2.9962860735498125,0.14475184741885608
2.995993600744691,0.15364159080166398
2.9524478695276124,0.1419986974998385
2.9076836374457384,0.12091200767709213
2.95046101530146,0.12817101210405513
2.9451153173917075,0.24956279066522363
2.9758720568021797,0.144802605611453
2.9607865530263173,0.13266187964001466
2.986062189401901,0.16155398279759797
2.912009817456316,0.07439539711830792
2.9924095399877046,0.0641807442991515
2.9607387683878055,0.02999341905568004
2.859128702648065,0.25422353385686175
2.862749261485909,0.25728552961142176
2.9589892182733775,0.11161348002941791
2.906202936535705,0.1280394782957778
2.8863578280134443,0.12271201241383295
3.0975548310158447,0.12353332265044636
3.0872745161985304,0.12314296283292489
2.919125800741245,0.05096974742396043
2.889836796978535,0.1209956151179756
2.964483537968095,0.07734499709137788
3.022024561644133,0.08757707774883502
3.01534397154148,0.056239129531565006
2.9365582384755267,0.09302263944711142
2.9804937561195017,0.12825175776248204
2.8540548827488577,0.0879449871754672
3.10651709370072,0.10047411078114696
2.802566976386271,0.12864382637080687
2.8078533548336133,0.13902448115114838
3.098539588793318,0.09511889573971091
2.995665234981689,0.020234717622610678
2.9767403716490612,0.09626724429464166
3.0470704970885802,0.13107782350820849
2.8354859990049346,0.19729617106239403
2.95356377410615,0.23301805657748256
2.9524300741357172,0.20706473796661562
2.953227237921543,0.20289807914078797
2.8871764129770856,0.18035784596389867
2.9245911352009872,0.2018004722447541
2.972934346963212,0.1990732942210592
2.9716981857046703,0.19737163789029638
2.9931116300138787,0.17392413073999732
3.0349288750676506,0.23021349764250879
2.96216103884218,0.18787603678761888
2.8374066966254983,0.12941021812016018
3.024252371785591,0.10493928442382951
3.038269722439819,0.07683421791464869
3.0192312862457436,0.06598147488781793
2.9972648827222033,0.10139576630114024
2.8387011240876125,0.19307232388173057
2.9534885661598724,0.11666295346656275
2.8894624576227033,0.15960842864679592
2.9380049415394143,0.07770231598857168
2.912564198804014,0.0698650901933914
2.88127570528365,0.20463000943583018
2.8896781789813706,0.19434846730149283
2.8344327564695218,0.1652930346072201
2.865624135358102,0.13214023391259477
2.920461199103786,0.14447990806454977
2.979576537800254,0.12766929200660015
2.931178417626371,0.08425950313527208
2.875757224971718,0.1908291766572765
2.894618041339351,0.1501165586790113
2.8702481063906364,0.1366215049694672
2.849637007547479,0.12366312801869889
2.9380457438717094,0.22084048129799635
2.8787879494040003,0.16364221397718753
2.9612786796585673,0.10632199849871625
2.929537970041763,0.16510322443437397
2.896757653954245,0.15055673972791078
2.9428699416524933,0.1433158253068045
2.821266960329208,0.24314235322572864
2.856943869031419,0.12966430410658752
2.8430184459135672,0.16532197443608407
2.8743619417671114,0.1923518617606423
2.9671971967074597,0.05596281774618792
2.961636876840648,0.053923427762968226
2.916542734971708,0.054282545255474414
2.892120619801349,0.20423559084231932
2.795697498147272,0.21202964196903865
2.8205266852960653,0.2731504602324869
2.745801500664077,0.26989568127063435
2.8921029847615425,0.1305180462978159
2.8653403810227562,0.2431260198729944
2.7696721209604602,0.19652139728280804
2.761723831277419,0.17338023468807562
2.776703988188518,0.26390876916103584
3.045230626357454,0.12657182247715318
2.8734364199773457,0.09823126752225446
2.857700624469282,0.18394786043133443
2.9378995310984632,0.16807036187536128
2.8908113279752663,0.10903932196484463
2.879152344188244,0.12370193673767606
2.8836550213469456,0.11848009956588483
2.97099918062232,0.15680921866196562
2.991781316523662,0.11616879823654995
2.8749717996393445,0.1273955173671994
2.9020432061695267,0.16749113860559253
2.9013104240523724,0.16585912041558679
2.8836780047448354,0.13984508743398713
2.8514545772529267,0.1500631843210316
2.9349745912404788,0.22771043498322013
2.9131398216824618,0.1931018156180592
2.8285100766512246,0.18024170644010223
2.9410397261315704,0.11284212711837571
2.9450827737377634,0.1379512131057857
2.9437950681797584,0.16204338441617705
2.9275640290061897,0.09470911016366522
2.9835832165007337,0.09657844190904485
2.8800849363383936,0.1630744117473906
2.989803990724019,0.1685281987247087
2.936736064957668,0.07612625339473233
2.943939821435972,0.0766735583876321
2.914983152706879,0.08055431431313487
2.82504458165258,0.2624300932107532
2.8457808910793227,0.1687110089590503
2.9818975617912233,0.05339865213929844
2.8705550408585903,0.18858199279189375
2.952980231423824,0.08421044269812782
2.937129512642007,0.069471834767692
2.8197479152356655,0.15484665065100214
2.8895288947994757,0.21334189408609866
2.877658249672454,0.20942216156620486
2.893119344599418,0.22785926454736832
2.8841601099631964,0.17981579184276256
2.8926513899586888,0.14343555408715167
3.001402290689657,0.0724133200135118
2.928663707306967,0.13929443217101067
2.900426786110978,0.1164341988751598
2.838839375101857,0.09648360755947204
2.8352435914246352,0.19200610896789563
2.843642011553328,0.2329231643283225
2.9721772348743394,0.05015337480881894
3.0199966390458592,0.17264860464243278
2.9212010419951886,0.14373662669699555
2.8368819549770112,0.1454516826481488
2.9189676977074663,0.20599999732763905
2.818848842432175,0.16304882833385675
2.922966191825719,0.19774145151411482
2.929955918173466,0.1694445401322842
2.945657263722058,0.15425766547205097
2.8135112880977173,0.19939909930420344
2.7926447842188824,0.2022042451841096
3.032265669623804,0.10379536638045155
3.042243325744066,0.05559155531085136
3.011944222732632,0.08777917572198325
2.9930955129368275,0.07229270602531003
2.979560949747726,0.0828572067624925
2.9118209560225985,0.1451094083669574
2.940659650323653,0.11801937802234005
2.8930103498981254,0.10068130031609449
2.842309308701239,0.13125774087205866
2.861412581712923,0.17672716232703564
2.924178380395757,0.17646182359303345
2.843410865301946,0.10820683198045812
2.892071532635379,0.188958034583705
2.8196321122711407,0.14286168022209003
2.9779422913300464,0.14931736992485284
2.907944157144384,0.09247223667745277
3.0167711499061505,0.05701221283228456
2.873972281836188,0.13052369846776546
2.869320661416426,0.16224768708237644
2.898783531834498,0.12424560805501308
2.9346732075794093,0.1160504806883751
2.9044157209792285,0.0820891272329668
2.90529798900535,0.10065385525377554
2.778579379118234,0.2737011886747124
2.780073577896138,0.2546302250043356
2.7749738838403037,0.25426877853647667
2.775286351553403,0.1729297428477343
3.026624423758946,0.16476516569756353
3.0455147860125793,0.21702860033403845
2.9693191258094607,0.07551546193961946
2.9236066803607232,0.06873690471222757
3.0329900490673016,0.12970497603330589
2.940088449647666,0.06464957243589509
2.8738085887566562,0.20062568061459876
2.950440454711378,0.08341376810708787
2.97050205684629,0.13514330416673973
2.932230047409492,0.16883999769635985
2.9316835172672606,0.127284383011804
2.9601503230880506,0.11447446342994815
2.8802102853535496,0.11591068682155291
3.0768014647932556,0.08417203115178079
2.7852096531254515,0.18867599206785973
2.832153081247734,0.21824765093958387
2.843440463752264,0.20138481393962931
2.8343881651351364,0.1971350326381971
2.8163937927474065,0.2323198534889443
2.933523593652496,0.14190709986373104
2.8550985318006066,0.1492177714280508
2.8653387834908277,0.10337988500142548
2.8225861288295806,0.14766388345949422
2.959892940029801,0.15023645160727858
2.9946166431293393,0.047864189596458835
2.903759636948276,0.22551497197775905
2.8414402999460893,0.15063823509593952
2.8612514390128774,0.15698232424770697
2.969861062821876,0.13841619492436114
2.9377222463722545,0.17161094140237937
2.937079104090206,0.18238866011530766
2.8608050667553053,0.13491681926291824
2.9040591963873714,0.08671604023783774
2.8972607373848227,0.16865065086313336
2.9314202905695255,0.19337215430766136
2.9264007238105263,0.05836289015984635
2.9597464106194162,0.10268921389619641
2.9493901634234505,0.09557783692793612
2.9791244933383507,0.10511559409222566
2.992726528127615,0.17641444397807157
2.9576287042304514,0.0800365860485443
2.910820742910051,0.11226618484531116
2.883629869439922,0.09634822100166034
2.882176884315114,0.16400576999361063
2.9470675804431177,0.10797211088239773
2.9621234771795324,0.12283220592536089
2.9159745913678097,0.14679193344950622
2.7929927523717173,0.22840226181947781
2.8482341404460363,0.21515786254652175
2.837928073573696,0.19481062391615614
2.808275417324863,0.18245979366858214
2.9444131334948893,0.14246686469321007
2.8931784159880847,0.10415252926411761
3.0986644027764556,0.0947340009136606
3.0218708530607783,0.02900335905266417
3.0031554413367507,0.054036523544051106
2.9811059931753814,0.15332959452947797
2.8599295947636114,0.1433037716652469
2.7738757325371783,0.24521353244449273
2.950952333800094,0.11162205569148598
2.863395348326718,0.10622515194086103
3.0448584259127363,0.12918306484022293
2.8591157071701767,0.12178775461689671
2.9330229968875465,0.2107877613243325
2.9752368671782956,0.1509987342302644
2.96289631768367,0.1334896646986789
2.9370115484662622,0.1181993168860198
2.873484726402135,0.12528163171431608
3.0525741693701267,0.06987038105627502
2.8777613357661416,0.17270589711497084
2.949468238201655,0.14150792162196116
3.0131554808822876,0.14954187166452582
2.9892711893411064,0.1426090268913463
2.9481672452337633,0.12537370742249565
2.983578389736678,0.11038744117158043
2.978198439424175,0.09770560633784611
2.8954710191409885,0.23225534471769388
2.874129063382591,0.17939165513251032
2.8472519632569866,0.15115729849316298
2.923867567838547,0.1440886085790589
2.8749555101604787,0.1390129870497439
2.8805988944380454,0.16162338207859214
2.9450237182693,0.12712030901144028
3.0384366096666295,0.15997363794416347
2.7806511605344113,0.12495779331154275
2.985594593816028,0.20593881357061714
2.7895490176206184,0.12934956468843023
2.9612039708002817,0.13530546748644315
2.9862281918023785,0.0852743908697733
2.948321042050294,0.13789422851619068
2.81349614995598,0.1349644602858528
2.897627532647918,0.12576536103417657
2.891040604388183,0.0865224492007729
2.9173843757015603,0.10110800074469214
2.9593221119733957,0.19482079291412777
2.9518171802219966,0.21663370841487486
2.965591146574278,0.20746300792997602
2.9343038747020107,0.11174396835732509
2.9821943380087426,0.10859445659797257
2.9801685730874814,0.07978165399806093
2.9661039877722546,0.1309257000562614
2.7669110118186566,0.14495306434996755
2.8224345617059448,0.16130161683857533
2.871187777400745,0.23419070007573495
2.7989679770231675,0.21288196318585292
2.8636206291083077,0.1242395497105713
2.912805033628333,0.14595368843719647
2.9589169010132323,0.11024197996023999
2.8780487398388424,0.07525172650014995
2.967351280956048,0.055235947084161525
2.9504176835566036,0.17966769659685602
2.9525274914960895,0.055364479789512644
2.961698911414221,0.11335869867343931
2.9626643969646524,0.08971597715878016
2.9548263633041496,0.06386424983341733
2.9494868976432236,0.18248526000090892
2.9362579953650187,0.18180862346658136
2.8470702370499334,0.1406748713764197
2.960640204816152,0.0946617003988323
2.8805724026594874,0.17706973863496564
2.8710059825504546,0.2026327964684738
2.846668581806918,0.1441072456898796
2.895372223906796,0.1567389459741763
2.922195614693589,0.1200595528719637
2.9341952907251008,0.13561390216806785
2.8723596671262652,0.14876616989936495
2.93678309497951,0.11754775719066622
2.795683592405346,0.2599185659875487
2.8374594455588027,0.1339333549628681
2.873592747161972,0.1994256392373946
2.8087669074893826,0.13720110280557785
2.8270092172769803,0.1308431289563833
2.9217702491233983,0.10190632568208166
2.896194187920246,0.09837617725866367
2.938702378872955,0.12296280691113541
2.855041344078448,0.17544565528787281
2.8151644149618633,0.1636875962790016
3.0212011217280836,0.12207951538588238
2.830534041899114,0.12735739074190583
3.067318241625133,0.08386455262215128
2.886577401400061,0.11589014236282297
2.8807882645595195,0.100413054077589
2.870171226310254,0.11630082300233138
2.8114602308208303,0.137660750932458
3.0094607125763684,0.13755013466533883
2.9763851019248877,0.13354405293889657
2.9850385385963323,0.11418545049396507
2.8623904465456778,0.12215339219610089
2.9035939347974837,0.1665792720029634
2.9029486878377146,0.17277106094445221
2.8600146223591425,0.2094081901250814
2.9533315582027675,0.0861809438161186
2.9572923508977844,0.12452836531672695
2.9424593658122853,0.11657067762771393
2.925979274189905,0.16691967544683547
2.9442463821492044,0.22505301881011175
2.9570324202076654,0.2355658338259298
2.9460609493734737,0.20751719624925616
2.8212632001671283,0.1336700978587471
3.003529939208196,0.15080336024439484
3.0005422577203973,0.1446005289301856
2.973895420651706,0.12878034736984753
2.886062418383086,0.12843074094395393
2.8398359802328743,0.2845905034465079
2.8407703720138793,0.3588988052952095
2.66561392934037,0.19553234526614116
2.7639298503373397,0.23863468931373508
2.7481954870517296,0.21324517919548258
2.949081957699611,0.2212034058023913
2.8338674170568456,0.22370206933716594
2.8643967139586852,0.22039836155149042
2.8423769948522923,0.19598856503426176
2.9325849843394614,0.2237293135864583
2.920605305727723,0.21379770249263086
2.885374839902811,0.20944023183004865
2.9528500228781445,0.14108895520725961
2.9329359736817118,0.1452617451109616
2.8666711946863823,0.13647685647917884
2.8794716047189874,0.11531272069840096
3.0107700500609953,0.12325441026949774
2.962453252497703,0.07161952261045058
2.780793054332574,0.2661040254683001
2.8812821721714568,0.17233271402415942
2.862784234835974,0.18250796637309982
3.0449488538278477,0.08555980887591585
3.063446632020407,0.0976144638049674
2.7780453548725137,0.1623737222144912
2.822300941435223,0.1769173861739134
2.8527323148656856,0.21181044316701383
2.900816554933383,0.13414241040739056
2.8518707582112706,0.1838667307700173
2.882317089731432,0.16987385572476713
2.863887523982594,0.22849487827127188
2.9420273048574335,0.20805763081549045
2.902260536358845,0.10873883638668312
2.9630416230672227,0.1030412746404982
2.8455876235572477,0.19630458624696473
2.8728975436996085,0.19140232522337716
2.94788837646746,0.10543873638108664
2.9459317253733714,0.11235591874561004
2.899089545305407,0.14303849940522034
2.915160137085481,0.11831121408513091
2.9587346197245803,0.09680330807091957
2.9166858512654024,0.11465193882283962
2.9932474912692575,0.08097333941107168
3.070303528984612,0.08565064362060058
3.0444904962754196,0.07619773990256888
3.0439284968061915,0.06572426627479026
2.8748892932090566,0.12944944278232964
2.878725223181133,0.13115872067474102
2.9592822492339463,0.14450650902343726
2.8865600391395354,0.13111711316074107
2.9157193064219986,0.1527193665074485
2.8925746270328743,0.14391758232013596
2.9614884614715056,0.10909144785697894
3.053417784410167,0.09379370689785824
2.9215893871355987,0.11817020218909902
3.018398886008327,0.10964603655952741
2.9470291795448875,0.0815718046224619
2.949417618802707,0.08299620716802321
2.9516133027654377,0.08488177300909917
2.9482546644891885,0.10913801186531703
2.93733571986827,0.1304808858368314
2.8598572958749187,0.23470561671619777
3.0082914037253827,0.043316560030847565
3.004268820398489,0.04141565067404866
2.9839736255119913,0.13723935150435668
2.8519318787250003,0.10856885823352003
2.8837678752867726,0.1486298544728741
2.8884709562663877,0.1764810624104521
2.877395562394279,0.24364381850205158
2.898510058218038,0.13427446629971226
2.8612833694347892,0.20636545115322558
2.949543341750881,0.19487398319057028
2.967306480364936,0.14561225137944797
2.8666031556214318,0.14424924214306234
2.8820427480981605,0.13299713698534368
2.7997172995821304,0.21611976197619212
2.886157305362129,0.1815636216429729
2.8618147587585003,0.16961554300823325
2.8771545414017026,0.1399655368048728
2.9234105492995734,0.12701686409820462
2.955842048656145,0.14171943981385401
2.916563441035333,0.13639938700000315
2.881344791568608,0.125573187618028
3.0368341725409045,0.10225471577041237
3.0228971896258874,0.14884502832375396
2.9690189326091256,0.10953990782135405
2.822459160802576,0.14034532857624407
2.8531079980262506,0.2397823549179648
2.8804618872925767,0.28491163090363764
2.843885793504345,0.09183863117639199
2.9505106204054474,0.1648927775332193
2.807255688604778,0.2023298843723134
2.8344175236606115,0.19424113169700533
2.779078688568067,0.15873784483795994
2.8005108154210907,0.23586997683133146
2.9394758056015595,0.18059749272390085
2.935505457047381,0.13113229574522467
2.972254264161647,0.08143908343175116
2.984539468293124,0.08608683387515502
2.9238510411652943,0.11514943553952603
2.9187976906653432,0.13614706142907368
3.002303347073538,0.08094066146911362
3.0113408819794762,0.08250711218250621
2.9726748349951655,0.1701484513721645
2.8820752608997737,0.1804152855014165
2.8796184841924304,0.14497371015913632
2.831889999502925,0.13632750690055048
2.7499292573428096,0.15490804362157426
3.056193708681476,0.16590917279688747
3.046849102309423,0.13952894390814902
2.851473838182519,0.11664886754202457
2.9185961646474894,0.15972037104496234
2.786253535693237,0.22475587940304798
2.787267290145052,0.24195362767887538
2.814162773432751,0.22738373104855725
2.8161301269728103,0.18565605310528127
2.8523380628705355,0.14940417945559045
2.858198428437552,0.10254339757734778
2.9834587689349776,0.13053816846126334
2.85778189037338,0.1393829602179122
2.918598002550573,0.12919555298042196
2.9130655127045437,0.10482002990045056
2.929446319815055,0.1021203469817872
2.9063016885229556,0.1051228546868975
2.8609377419289217,0.1738641672617539
2.9965335522914733,0.1722977755557264
2.961837418899554,0.06370194379553133
2.8980017439378014,0.1448269863137735
2.965426662415115,0.16113842848312313
2.8720979244127864,0.2047520704791103
2.861234752733081,0.20183170298969683
2.8631353112262037,0.15445202743311678
2.9065626385644263,0.1685706821721946
2.808494255440237,0.21093792080579904
2.8611631138709503,0.2273832656394693
2.864164687488858,0.26580860391326244
2.7422763437715165,0.2743890993049044
2.8760336303212948,0.1758880996933404
2.86155169157564,0.1828632128527306
2.816845634096268,0.20512546806575607
2.843457226696198,0.15535452626226395
2.8580306204980075,0.15489103095867737
2.9577652464561983,0.10455813108943217
2.869551615763461,0.16340321510145442
2.8602576629705303,0.17307082983637814
2.9167664223300473,0.13650606397966533
2.9002159738409907,0.1533214483367067
2.8562324603601743,0.14236061218728102
2.830251490260072,0.11929660986012887
2.8557667069368504,0.12292042359224821
2.8006958480267956,0.2718540101348403
2.8844601573391397,0.1346414463078396
3.0158776551467503,0.05340770316801832
3.0181533066872124,0.16629422977001893
2.900012585562308,0.19139004904416046
2.92059988670208,0.19652010392731067
2.918736422616824,0.22430448881766635
2.9398726035070375,0.14684250415677172
2.929163592340843,0.14736502065883736
2.961621572718552,0.15686091849112918
2.9806571251911933,0.1787000449944319
3.020794610091823,0.1738235622308425
2.9905302298766325,0.19961766107617296
2.927369829495801,0.1698356115447106
2.84500392192432,0.10087572321287848
2.8341221307605036,0.2116375742488286
2.907307427742206,0.23082020207882975
2.7229831033287026,0.2138355913047266
2.9957766413165365,0.11675472867793373
2.7876179001088603,0.1942853882742452
2.8500564281077243,0.19445598407272258
2.932244436136245,0.12079926407542872
3.036791120676036,0.08575222415807254
3.0533844190049977,0.1031456651813972
3.054739771544954,0.10590018769709164
2.7689643123018524,0.16602684827862668
2.7768494212813195,0.16992754442538163
2.8885278510278005,0.24894911338054856
2.997450976285387,0.17270780734473629
3.045669342445447,0.1488422539871023
2.802858281589048,0.12392246435938906
2.858407465681488,0.22827903325375595
2.8554244240694726,0.24004829167415984
2.7942043364037077,0.2377607450383232
2.922767967089894,0.17805110739090146
2.7291844916751145,0.24301375176463597
2.964106546617827,0.17732361481726225
2.874156940792972,0.15620613929056992
2.8906272714677286,0.13767570162748802
2.9100810589687662,0.10352084971126209
3.0309325924526243,0.07942259282746131
2.9844070909766374,0.14546802070642836
2.8231231592964257,0.1825588636691813
2.8070075769352125,0.2430464358021125
2.8501244731490925,0.17819359789049527
2.8865413673558127,0.11575515321858175
2.8957854916716412,0.11224201096291384
2.910877023023274,0.12511715593678244
2.8252805076418595,0.16609507189429532
2.762941105457441,0.19132832943713235
2.8021314149828704,0.21106858253289645
2.794003629720961,0.19039022306946302
3.053513112978098,0.09001172545307635
2.8632444023259844,0.20063139702364796
2.8054106669982453,0.22841441579874255
2.779296419207602,0.30965868007527597
2.8731708250897565,0.2607124060331687
2.8969443370588515,0.27518976226612457
2.743375662113022,0.1944079535216365
2.7476129935423463,0.1761667907279825
3.064934377693389,0.11597044978812067
2.802477189321122,0.13232171087334962
2.7977898580755793,0.13418691913128955
2.850162515160996,0.11635355679399494
3.0307694961839666,0.1080275344905748
3.0633717162483456,0.10632163381679671
2.9556788509303624,0.06220368933723041
2.951159378120019,0.17282306053849958
2.8552570644983946,0.131197267592847
2.943092256925866,0.18199044881025686
2.923011276423871,0.18868666658333233
2.7168671030201956,0.23460185869487696
2.7288860108270674,0.19797144836400363
2.817403590365202,0.19806432026340737
2.8357816156847937,0.22191111181192166
2.841529463242239,0.20975985221487453
2.8051734594313356,0.21382748505484245
2.7792737609285516,0.21424140670032854
2.7248647818553993,0.23275995602869706
2.731958157942548,0.24285074031738374
2.7184061534570834,0.2236200668079541
2.7694262057691392,0.14180984641479155
3.1185631668228364,0.009767771083145218
3.1558725618431516,-0.007593901091254065
2.7569795139261597,0.2592030292335978
2.825254966072064,0.2885095185596664
2.8342135930815027,0.24784093867639334
2.7902593121047214,0.1547339101945043
2.867752795141306,0.24451359081892038
2.877001786925898,0.1451813892428896
2.923274640735478,0.11302173434943152
2.8365866218680904,0.17479279407692921
2.851068294878832,0.23049342950167315
2.810145180384897,0.21514671366614907
2.805324603457623,0.2167865409323848
2.9499710579669753,0.21937698623204846
2.8095358854678643,0.17328290378076366
2.855858582376693,0.14736901434037522
2.846587402070136,0.14066373648340327
2.833391095255921,0.14751751878442995
2.8713016997734853,0.13289374857322644
3.0410585413934696,0.08600439036368242
2.7551757341956815,0.276888735258164
2.7014819190764383,0.2515140816875011
2.993780149224177,0.24647580564214244
2.942645330472582,0.24643441721109308
2.7189015735068254,0.23875791295953924
2.946879351899615,0.13136154897509522
2.9707307456860232,0.1178006434163705
2.927642643838453,0.18028695610738496
2.8241544446895896,0.14853211294915622
2.853144269509447,0.13291747446163182
2.867027262648291,0.17160151329129486
2.8467306714363456,0.13429710218589602
2.822419006869341,0.1440266645166724
2.7758660829540545,0.15071602900756143
2.908604515983699,0.04725066929559761
3.0143248784527596,0.09994926298212976
2.9842325144820876,0.08958400765222078
2.9353799061454464,0.07013582563469417
2.983075369796304,0.10980924218714694
2.9584431179907775,0.10719407591847943
2.8339830752537036,0.19095379048552666
2.881332585917658,0.17975080210761674
2.9860626394927032,0.08279816970067057
3.0235940308597415,0.03903607865595801
2.9911595272534544,0.13508487691565832
2.853976188106301,0.13865468779996953
2.856561600124776,0.16960787478075334
2.8763219748778854,0.1677860642316142
2.9865864525274546,0.17925666639673496
2.9895638335516215,0.1354132486892497
2.8874428963112306,0.11010841205708527
2.9173597191681107,0.15036035229721534
2.91677527644244,0.14987785654054928
2.8874061718383395,0.16601631689535545
2.9785862045347162,0.11197499779776103
2.91642639276437,0.10096826434842011
2.9329412127996033,0.09220723514976173
2.9386828555296325,0.0920412799595931
2.8810599725678308,0.1547418111444407
2.934524412027248,0.14914286160229828
3.075070926146707,0.11444778142643547
2.7644816999882202,0.1549529152583843
2.8014700844557705,0.23532926282781805
2.857913908190925,0.2136730802445232
2.9902237239932767,0.07523143598906638
2.8272746492704424,0.11388222450664533
2.7955882213511467,0.13197924992483248
2.821221209359323,0.16713380347531423
2.8254927433257198,0.17691464022769712
2.851058537985336,0.17627267381644912
2.883272120094823,0.10174795771943282
2.8651377829221576,0.15304766869819333
2.9198788629099215,0.1308653526479725
2.8721315265235763,0.11002138183824171
2.913087687389723,0.0889340251776171
2.971953476588167,0.11823206393929866
3.0709666573593126,0.05545332015110051
3.0439732794905296,0.08167465874164785
2.825441233957432,0.17461491351129452
2.8555040210029117,0.20816665309260138
2.94950884252142,0.09418481787432523
3.045934144250752,0.06106005021978342
2.9168696153468163,0.07617205407922263
2.9397086985598397,0.10948047908131779
2.8600298894881773,0.21817111155681074
2.929389629382687,0.2154257492509689
2.871431038991978,0.19436302618384055
2.8828854120784224,0.19158314752716568
2.8875498765919345,0.12602592693117548
2.84830224091774,0.11493719515117641
2.8567357548715346,0.11880389581662937
2.834229599028616,0.08830574908416505
2.883682113784024,0.18979539145177496
2.856544220749664,0.16113284410297057
2.8151156664584365,0.23643933253687252
2.8819809859715,0.15135179531721757
2.809658810936099,0.13243505640984019
2.842052770412558,0.23892836734856215
3.1315249320539444,0.045486780960417826
3.039199832941411,0.07911727399011433
3.0566145272780663,0.08601353255435049
3.0241823803504726,0.1006377211301381
2.96126509082181,0.1453640446904335
2.7961073815135182,0.20596963493346732
2.7949020003334333,0.2065025570885929
2.832980159502516,0.10525641656978098
2.8470670441029786,0.3110404935631669
2.8437109192126275,0.12250233924984093
2.884527028383776,0.1829669278898489
2.821531278964563,0.10887971230429785
2.8370199406519103,0.08698924158409951
2.8212141124845114,0.08031920512083766
2.8771608686413384,0.11392905066392317
2.8784695303238323,0.1207303247626579
2.8890048245244393,0.10703209938979277
2.8515472270390663,0.1414730822352803
2.8009336689641895,0.22570078417186654
2.85185248928654,0.2256353078698334
2.8553510948492224,0.24559606434186243
2.856938422371601,0.23935530807439206
2.888240315626435,0.10240737106328829
2.857609056553743,0.11350076171445553
2.854226040478871,0.10280070198374316
2.8547849400004686,0.16345589296414262
2.8927781302661026,0.20300982770005332
2.9213317372077663,0.10142804552439792
2.9385294785072813,0.16710871363932556
2.9203580250049512,0.14369710930352428
2.953770146418231,0.08068858997251795
3.003983812756075,0.08509504968221408
2.8074467062739923,0.20113606344777454
2.9332733616264695,0.1665539606179437
2.947342142606354,0.16505550075582587
2.854298401366266,0.18242608356810547
2.9918921077810676,0.09502300243054258
2.9650231464018044,0.0956698409733114
3.056333692773559,0.10867508812347183
2.8304552155402143,0.1409405832639026
2.8464921084537287,0.1010965107134618
2.8841356536963842,0.10665025788455122
2.828045084909642,0.1130136878666041
2.9501535501579905,0.13485356047126615
2.859073237845896,0.18810799387090457
2.8185647222250987,0.2230043305479925
2.9510602581480168,0.14644306222127979
2.8694147262795306,0.1280125233160972
2.8351369778881623,0.22466648703457912
2.8379143606733757,0.23279133310646688
2.8563097750263773,0.2644433465455687
2.92123458968526,0.23170239591967817
2.943796694269802,0.2281434933817558
2.740514693339437,0.16068261999998795
2.816793361932768,0.20779034044795164
2.846410894653112,0.19488737910631615
2.905335001193206,0.13959290458360785
2.9239449229695063,0.12337005192190606
2.8875173314867926,0.12800515691260791
2.9162621431466578,0.11288321691526143
3.0251493777994223,0.11611370228703242
2.8926311742351722,0.12570825232908286
2.908107013454963,0.13002072068558487
2.741685147453052,0.19238468367278624
2.7309052702645373,0.2000475326142449
2.9164587756787674,0.1717872886078669
3.0154351872097993,0.1262245271213145
3.0093696920108073,0.0450683133002761
3.098949934930006,0.07660878585842032
2.881334424164552,0.11682733009514416
2.8501722299771224,0.1264265572982654
2.800640869443848,0.19937760883947295
2.9897305717813016,0.09305352571427286
2.990198677537164,0.08532002788382077
2.917072277190604,0.13619784120959455
2.876161408362594,0.1175971699534166
3.0228991590490852,0.08070437145029834
2.91081681852387,0.08298006354626314
2.892267251979702,0.08418074890088972
2.867544146380763,0.083224455013094
3.0069069399308486,0.1525019486745424
2.7974839767492936,0.16113477615069688
2.7432394713886152,0.20254771511134886
2.9011468316218156,0.24138277203035388
2.9254716257014053,0.15294338494405282
2.9854877270218148,0.14535182137212607
2.9735255250038786,0.07518771587475158
3.0021681574848817,0.10683735641797913
2.960994049340199,0.12960840368992754
2.8795895966229996,0.127930345417235
3.0080396208403477,0.12601079429973194
2.796581798983405,0.1746077841172036
2.9117861462752987,0.12733425509065985
2.9459533068087396,0.1416638954383471
2.9151345262317863,0.1797606825070576
3.034801687719553,0.08795354398166881
2.886620779601041,0.1303192271748856
2.8641404087465228,0.12186446968873561
3.0141554782323814,0.09665519225170274
3.0106199579695105,0.0965295131004201
2.9942690104595737,0.09386675251365824
2.9946723050737463,0.05820750352039621
2.8467458875453957,0.2210490690183605
2.84193186743267,0.2146181205822347
2.824769056964297,0.12139061679613844
2.905460509046818,0.23387357539873052
2.8876475434582773,0.22513460393212809
2.796055115543129,0.22008134560439588
2.933042457701325,0.13501473662185595
2.8884439657202923,0.13837541422913993
2.8499739671437045,0.19467412098613407
2.893829334022224,0.12767470554388488
2.9687083589135024,0.13686543915369562
2.9077167200162615,0.1536238956816541
2.938501264866179,0.10640069287637936
2.9702842159547664,0.156326962607255
3.0266713280716266,0.17686401018807166
2.884568076767315,0.12803332609631207
3.1023802895550796,0.08617456909901647
2.932678846429013,0.10979889972679643
2.899996059019802,0.08904174972554582
2.925488162443503,0.13162297891156582
2.937759418037615,0.13101686311208333
2.92512155586822,0.10481317903361338
2.930210684799521,0.12858503574016755
2.9542823043816235,0.0379133267412927
2.9959386127360172,0.048482437336240226
3.020422877060171,0.1137606081764918
2.8804066571666764,0.07364384559630273
2.868747261861648,0.15939523604880218
2.8607010872421426,0.16229231289887314
2.8859028469769092,0.14182670704252776
2.9741083182324095,0.12364413919502575
2.873088737941748,0.06889655986499135
3.060923263269396,0.15027522850306269
2.8247398689642385,0.1353646188137592
3.0209677040084686,0.12460476918773206
2.9928818739845005,0.16943391990205695
2.9691226345618893,0.1711604613787402
2.965054218177971,0.18603130399364004
2.917220184538523,0.17261930887257043
2.847118444148008,0.1713403802636169
2.906646660864379,0.12454654762997786
2.892111417571679,0.17022994530557176
2.9055555307272507,0.2021780102802317
2.834210237596398,0.1751763986936979
2.8832699965537656,0.19699439073009087
2.8865358602870383,0.14951043427251093
2.7933648097125627,0.21857003919612225
2.7909599280789434,0.2341445310686443
2.7247116895301047,0.21604958211844638
2.840020006255809,0.23870164369072203
2.7137572796407,0.2981980861425981
2.8423609735593427,0.3027088049345776
2.942652359145629,0.2869684605685604
2.933843029995195,0.28259439112517376
2.9895065794266373,0.16492796701423115
2.958168564146567,0.09514675027402018
2.9696545736260935,0.07352721917020758
2.7979162500208306,0.240208071772183
2.8147190018809676,0.28052168314208054
2.869072459815263,0.04729030080853237
2.89967091713121,0.2673256501635282
2.977880661083861,0.1451683661920622
2.974582778224877,0.11414430860165836
3.01474688283352,0.13549390066021297
2.904027471005273,0.0828251832084621
3.0041509760178258,0.12099525668095493
3.0005918425730314,0.1457545543973812
2.9242810465363633,0.17032182403568874
2.935186490490821,0.19938953214883806
2.9991902010509315,0.1397582135921164
2.9933095367896403,0.14096774570562984
2.9816681787706916,0.17195950021620188
2.866226039445087,0.1990686339263628
2.881922861350402,0.17974168604987717
2.8254142755319593,0.22531665562675934
2.811720918613616,0.21476808620625784
2.890702037626611,0.09829007267086845
2.912396065720651,0.12370441408984598
2.8290714080935437,0.13786002454554266
2.9414347886313155,0.1950616880670091
2.9535556491347528,0.189591909008585
2.9446977974922492,0.16667336516178155
2.932826865286076,0.1725870822561662
2.9009409353699405,0.11182199013531119
2.917036938825126,0.11995620769950299
2.914299703894372,0.14656890670480083
2.9521243367619787,0.21436184440321102
3.0035148089080965,0.22228279670496395
2.9565315740476485,0.1515816000787396
2.9405662115030604,0.07942581939714254
2.9936163431879597,0.07456472204848151
3.0162542749151333,0.021983657267900875
2.9946189751608467,0.08537815569530587
2.870064535760206,0.13017964635498006
2.989245985647327,0.11299621319620619
2.7703333130184005,0.21342180774683298
2.8276222200983017,0.24204292178607423
2.893740469429454,0.06476192250595171
2.9593802725979583,0.21478091943515884
2.898675201754573,0.19259754576228888
2.9770929425920234,0.15632926808295367
2.927420111945472,0.18271410044438713
2.8809548081810177,0.12954858208442793
2.873863143955651,0.10295133603344826
2.8740918240597058,0.19906599412960524
2.882676146419187,0.11713293563457511
2.8431386940421763,0.08885952984311825
2.8876704579524173,0.1127107970053473
2.898488104720085,0.11477241378686569
2.834173903784733,0.050258674949173146
2.830969893229225,0.08130791720115756
2.9683967996076923,0.11386468140153089
2.9864988718712677,0.07671515338866215
2.887927544089345,0.1535866596565306
2.9691267892128974,0.1346237266055083
2.9991628286293075,0.20603256630033528
2.7702395121095615,0.144111971302338
2.7992523948286117,0.1432917000996273
2.886656648207861,0.14040148361102342
2.9879239228106727,0.14792936200015042
2.89216340287991,0.06775981012694206
2.904499974136737,0.14870789535946574
2.945740252953016,0.14049118812625355
3.001529440389867,0.06971317833707984
3.04899992535811,0.09110240285018355
3.0219343460043833,0.023587365863847253
3.0389226984876148,0.019553563880977794
3.140446751954708,0.04821151170537104
3.015868104341184,0.04642223798332715
2.9546760655673237,0.14335332080495417
2.922122477975134,0.18478212095246924
2.8618196829373095,0.12864250198028584
2.8697196568421792,0.18471928230923762
2.8318265899483577,0.15472496721744483
2.9865049888696604,0.09981896377578346
2.920492383461784,0.13472486617355023
2.949111392330847,0.13586008320794285
2.9538629051673095,0.15182879625849302
2.9155294659333326,0.13996029489190792
2.885133831576184,0.14561681696021206
3.004566603081654,0.05811610153813093
2.962365329591275,0.04477937271392346
2.9805071480828613,0.07796745975318611
2.833604554144802,0.1544691240040583
2.8547847554374948,0.2130336472652358
2.8772236419205055,0.12602448249197115
2.911709944769934,0.1958177733154617
2.932618211438364,0.14051209916581245
2.922997413232486,0.1612345988226716
2.765457063245715,0.26955377601013525
2.7235968174773433,0.28014941405848875
2.700338038985382,0.28353723027085476
2.70924128398119,0.2510042893018046
2.8730308361954164,0.2207970160639684
2.9093314272544433,0.18532085704362167
2.9967736511544203,0.06472090009160762
2.904081609500903,0.13975420516267334
2.868264056233423,0.12910280181367284
2.904088584558637,0.1649365510043783
2.8875580367743883,0.16605282011858802
2.801368729898926,0.2036939878700559
2.9400045450591277,0.14395347331262567
2.8350300227206873,0.1535901059483464
2.8508915464729445,0.2071732589434521
2.869894826397457,0.14442660141360175
2.8401278898236106,0.12395195879926753
2.942303223868938,0.07193816622393528
2.920500210843631,0.08695598896433361
2.875468170979975,0.13560534221691956
2.936282190180108,0.14515297773806649
2.83447342173023,0.14093126554305432
2.911691558921726,0.18452802758920167
2.870581755410332,0.15491839818165024
2.8792002553184117,0.13417675991765446
2.9774293648372843,0.16605240364548093
2.9766627478842484,0.16865777717530603
3.0126017398127707,0.1594762015449887
3.0255753807521395,0.14420080760952117
3.008173258071202,0.1834405498885832
2.7876349418283413,0.14840458768470993
2.939751526363079,0.0906514055732377
2.961649557563522,0.08997721366851114
2.9266858916394374,0.1512662215670012
2.9714781209982344,0.034029051673656066
2.958845252309936,0.06453318313717905
2.985465045362544,0.11016033934767065
3.0127150104744382,-0.001165426660372757
3.0402344153775887,0.04806925819418297
3.0408916936815173,0.08083409221755652
3.01474187304377,0.07122190750770772
2.8639671486483484,0.17891510927927587
2.938746471343761,0.11030790993821274
2.9175027731505843,0.13367936368333633
2.9175027731505843,0.13367936368333633
2.9099176453070954,0.12755503214974837
2.9957206439983657,0.10341997897771385
2.915119749216261,0.12990724692811856
2.7982214039529043,0.1811547296080565
2.792149557299297,0.20369855441141427
2.941233302876297,0.1375823385267143
2.929785343736474,0.14001777917360042
3.0737039176587806,0.12720334926833504
3.043613577980006,0.13337594815399456
2.9450479397828824,0.0579761082299984
2.9094076265614555,0.04075286031344164
2.9104944376102697,0.042959669800496376
2.8920470375368246,0.03000142018335622
2.8793196362396665,0.08788777214647392
2.907104555479008,0.2455531233731721
2.78731180169821,0.15158762230209386
2.8535457338752095,0.14598146923426136
2.9054902473780335,0.16026326250623457
2.8931184532452696,0.21056108203386872
2.8985867921346395,0.18471801976476873
2.8538029254881176,0.18037702745990117
2.8259730925234177,0.1785127964303762
2.9765547206204177,0.18200978347422342
2.985938472472212,0.17369876868442077
2.9776404949425506,0.17221156362109488
3.0197186484046346,0.19277001072305364
2.8196441704073454,0.15043986228986875
2.884438593017582,0.15791209241905582
2.9457608417372674,0.10581867759269215
2.9646152919627733,0.09465226882953383
2.915259084520508,0.12805067156451636
2.8970861454491366,0.16043694031158423
2.9391105143423917,0.12959307313726245
2.9261431732472043,0.14845727728896427
2.9118366123789867,0.1315398817408933
2.955022876155499,0.10966546651375485
2.858275042096299,0.12014738431746586
2.861764824085431,0.1185070819056469
2.8784894769416494,0.14420540105757598
3.04655528149615,0.05607815817390795
3.0512771572716533,0.05512815063531502
3.0512549949699164,0.1042408108136262
2.8674620985273997,0.15006984099590692
2.9537065732791916,0.18999819144241223
2.893271985147152,0.14321759633237105
2.856387945170924,0.11222684505068203
2.8616400796864356,0.11633587462958823
2.9933532632721507,0.11816403651044595
2.992829119777601,0.12049422990684039
2.9655036307389153,0.12114428344482668
2.992992035338497,0.08564763307517888
2.8040716789192626,0.2048584779857958
2.8679814585475683,0.13806109934318314
3.00224594605009,0.14360316629511874
2.933321140203023,0.10247668456868066
2.9969989390565095,0.08428141571950049
2.899060921377939,0.15448786223058464
2.899060921377939,0.15448786223058464
2.8511015575249976,0.10819339921004714
2.9859335545266688,0.1758143401164946
2.8953725136144843,0.08047110548610309
2.9373704031188277,0.10340329932317621
2.898752240486006,0.09766687454514916
2.9020276449209437,0.17006251383849785
2.90615350356505,0.1213192506393987
2.930453926180107,0.1653897604747316
2.9596070271446795,0.18401773337314842
2.979557237018365,0.13304062733167152
2.8396186926911953,0.11633241781564335
2.94138957125389,0.09045505753479229
2.9480483303948684,0.09742223935439373
2.9095923067596203,0.08394980531372993
3.0005071003209745,0.08085176450697253
2.913885704681623,0.13699007912881284
2.9506153080398567,0.13120277257344384
3.0365855072239434,0.08399697489017978
2.8833597381025555,0.16618023730047807
2.9305064419560205,0.14486809096036302
2.923089792084369,0.12210924533040687
2.8826901160895173,0.11194003766956978
2.8734549206126943,0.08228307521077688
2.921412988718558,0.10280219910685734
2.8786681181390996,0.23348140313721966
2.84010127223514,0.17571205150387337
2.9527265956032442,0.14245848150199872
2.9817900644404673,0.06483561388649223
2.924586210507267,0.13379584397570748
3.0277346962666445,0.10658780650521626
3.02871818420423,0.0598048628283744
3.0385603738078335,0.07480297574609879
2.897507020026421,0.15690470715060958
2.8666151475436368,0.09732890384153632
2.9280659021293163,0.14402035127083898
2.928930680110587,0.08893059454154031
2.9290646865173637,0.09830591505689779
2.898320341729447,0.23178935535979409
2.918209858315452,0.22906069688379774
2.7814822704622917,0.1444817548577459
2.893609091126294,0.1614363544624346
2.9290536357028722,0.12975621560680242
2.9669813640747478,0.1368356369089556
2.9768608409880524,0.13476586441921448
2.862116341204802,0.12988227407305838
2.8564330942771994,0.13293859719906018
2.866896082854963,0.12716262740170406
2.8992778549687426,0.19134575672736215
2.8115649553772997,0.20495443727315865
2.844819979951998,0.12245135006126734
2.824987601613664,0.12111793573009892
2.84042451797001,0.1708055743920038
2.9522797421769114,0.14857309225701734
2.8877817684952367,0.11376724507795602
2.9248080078871403,0.12728808779526418
2.9413200935544457,0.12083003844857206
2.9897364889477043,0.11885812564436883
3.0212034637995657,0.14555043769755432
2.9759900422454044,0.10727206769318487
2.8599759844794708,0.1332218798959836
2.8353056182557808,0.11104859979560583
2.898571536730482,0.23270930412669472
2.8770074842319655,0.06947670566708228
2.851769653872933,0.08278941436658496
2.870017869354462,0.08479555654116759
2.89111766843133,0.06774391843400715
2.9249130434987847,0.05318753738283171
2.9422140208780188,0.07822541602390193
2.921672236842574,0.042377097990545204
2.93482944915953,0.16455208090704398
2.980421500336268,0.19224417129172586
2.9511156772576372,0.20719094819853157
2.9876224504521534,0.13444823963617852
2.877363323595213,0.1919527156499079
2.878099402972657,0.19216007211844033
2.8256194332191646,0.15007232319039665
2.9450825194667583,0.211309451539245
2.963404531577823,0.18267092998170684
2.8835133705666074,0.1903438181395208
2.8680577748064167,0.18995385489416924
2.928451533309217,0.14002409929432388
2.983516832263935,0.10786971292003826
2.9684179708537153,0.10589705008235044
2.8626211484511277,0.1483133016710067
2.9655651012205455,0.1625061258077727
2.945448500069655,0.19650314227336246
3.022758192418481,0.13403185431997428
2.8055733272560097,0.14602246665109772
2.9072582161698564,0.1676449483574657
2.922091375104326,0.11898339439596192
2.8994342229704615,0.12772966697932314
2.846136012148364,0.20182829024753943
2.904771933964613,0.207371247849335
2.8562517258226774,0.11427919411043455
3.0390819978918273,0.0948993043070264
2.9173280236686545,0.08863639784669503
2.9404480604728196,0.047105825206885776
2.845202042120202,0.2821953905613182
2.7526604773490706,0.18960124829506023
2.8764389087036446,0.2971236499462272
2.8802488031927296,0.3028405212240847
2.8894247790781047,0.3065794872825423
2.743709845173097,0.17297246172291814
2.760991430297031,0.2332770860913528
2.7180919526534852,0.2971991953338998
2.817714211113365,0.2085416454838709
2.9995879609889697,0.07894581599409273
2.8851189216571194,0.23427877593554222
2.9659644993333085,0.24029058193417718
2.9459310356771176,0.29872017505822185
2.8448957820190346,0.254728734594161
2.901430650958785,0.20592803241453309
