log_sigma,xi
2.9015541556003472,-0.018235432654159604
2.738793963754345,0.20587277235208123
2.650823689078632,0.034399578628441105
2.6288041429335305,0.13056095365381354
2.6223334569148773,0.14508579875570624
2.5339064004429934,0.1620076133747899
2.5313819029992786,0.1763775983419545
2.4999216412286738,0.05982679825386658
2.9874054192227946,0.10948939034117156
2.9629320004798694,0.10046107440793499
2.856597770174538,0.013437404193574878
2.8441220019035387,0.050016475785519536
2.9251634231574757,-0.01802274700181316
2.708914722594883,0.08155487149200202
3.0010515263297224,-0.07062215494696007
3.000570523333431,-0.08847591075862062
3.0309498911673596,-0.04420083950673554
2.9707106747037173,0.01279944569933008
2.856231457508752,-0.04941431734305187
2.8567713165417277,-0.05780683592278155
2.8303373199908646,-0.04798965398040863
2.8352077757048963,-0.04521589976846415
2.712578008329772,0.17912039477751918
2.8012830947023204,0.0005935045872618108
2.9118782281728217,0.05373850560263319
2.784093573523946,-0.022778249871556015
2.759861577406972,0.15313639470364018
2.636855862041093,0.18877329367744267
2.6891143399262516,0.11485003237372676
2.708457474008554,0.0837913579378464
2.6850425807782483,0.06836118676794764
2.6857993500773407,0.06501016827631145
2.663955295182716,0.049793798641730114
2.7655143385183347,0.05896423564708862
2.746767276208672,0.20219257359846105
2.7915256929553167,0.08342898492005253
2.768713571502704,0.06264869506166482
2.7011410436410177,0.09553575458506827
2.6133693804627147,0.20933050776569148
2.67385815068725,0.10143363008327075
2.695526339234262,0.07243995876430454
2.7716865128201187,0.05726826979405274
2.5859732638806703,0.07254520011759816
2.5890276813297253,0.07586799113666191
2.62897625693343,0.10252582085017002
2.6110414110230153,0.09880726008068413
2.794810856149099,0.07479290155509988
2.7586733250191906,0.09006369940637422
2.6231835024528163,0.13582300783065554
2.6914509503624213,0.10998951528498072
2.6102318939854743,0.15316734852648303
2.7637681797020814,0.1497627958563343
2.6559010778943515,0.04981713218356083
2.855496909376907,0.11291536783791299
2.8629943848876827,-0.027935356886213805
2.877611269509195,-0.03240690188451769
2.8921450583152497,-0.05776486768118099
2.655198111491373,0.19758055493000393
2.579416047868069,0.20857583835897778
2.8263400825886404,0.02919883516417409
2.8321672853720434,0.08608850572154268
2.829345913501124,0.05678980369167619
2.5968843945903504,0.1723324452379965
2.6267448342157884,0.0886304745844564
2.8206694775217196,0.11043098575660679
2.7662544938370934,0.03478543935173482
2.816746711129962,0.03372463553179825
2.772360526011555,0.018081183698487865
2.817920583804081,0.08681316980387391
2.7768724753595118,0.021097623840023765
2.842644220336513,0.03128046716736941
2.7147762890369203,0.14587311576335196
2.7693945302463896,0.11894515585026372
2.838694541485267,0.1292907227950257
2.6596211536004604,0.13098125471397565
2.6704145529047936,0.1678196013144969
2.5061816718891774,0.2667281857656847
2.817013134573318,0.05802437816126375
2.825986239683629,0.0033652197483597436
2.725772002916581,0.09969105375114892
2.6040074014228742,0.21913982300836987
2.5896791468835354,0.19053533688159865
2.577958547032531,0.20180281834404878
2.6863166761373445,0.1308152074934458
2.6558665349770982,0.10418564500358456
2.8003432101477337,0.04999198934956777
2.7654636758844715,0.05587963330796913
2.636485755265133,0.17202159700548755
2.7019666683074526,0.20255050947139033
2.647957353199092,0.20800829307648797
2.602533215714443,0.17991404193527602
2.5919444550528214,0.17724030625321247
2.5662099641892433,0.1529397278946841
2.67439920286224,0.17883902636512264
2.756860349046979,0.010528943463749723
2.778179455452462,0.04636183476017859
2.6543207735787795,0.15705488885468588
2.712488503160912,0.2294845090031231
2.7332206342946406,-0.015883988840291567
2.734600865755374,-0.010886999429756402
2.7410079823901414,0.050383298107333815
2.681476504013434,0.050998314803239304
2.7033000217012857,0.07013061770471986
2.7130388768432043,0.274353662481073
2.745050273891501,0.20855290386529035
2.7449839883898433,0.17524568123901452
2.774268373362265,0.20095721242855072
2.868030561090426,0.12095741342644772
2.8831535073781525,0.09556911663814502
2.9025494286411004,0.09857316912020256
2.528600749635957,0.08771362446199496
2.606888920754392,0.09775676688593342
2.777794895370288,0.03702935496422165
2.854526426579377,0.06494471043644963
2.8974087478368955,0.09957741338553176
2.9498630232793452,0.10831545810916166
2.8515177767057915,0.12823877814749907
2.79806301972855,0.11410961406260173
2.8021284537217936,0.040833341113398834
2.877189721323446,-0.0015468100766704291
2.8403416500663807,0.05957802720767547
2.8622496795449193,0.07390379287833668
2.6694581213222612,0.08161539928700676
2.7654266186650256,0.16301818500870152
2.740222320144887,0.14062821565628472
2.6424231454422635,0.029186977705502614
2.783874149357066,0.04144935780185436
2.8131777408865664,-0.03550388012202924
2.8131777408865664,-0.03550388012202924
2.8433441553464553,-0.008230894913986703
2.7278499888315433,0.11180848751336744
2.7252018607716755,0.11529413176092526
2.7643247745028776,0.1343073344647504
2.7598001422568896,0.09599803029260692
2.7823825345761377,0.14829830584352433
2.764483034780499,0.18888824266115603
2.8384722514429894,0.20475208707792136
2.845834004855627,0.20601933554943783
2.696457075962465,0.22152137918326645
2.659315195774376,0.1981203463492539
2.7437327567690937,0.03198041166396215
2.709498569448845,0.02773614214513282
2.791256857096464,0.06894953289482435
2.5827947867455525,0.2117555184397158
2.598683496683885,0.23529934727828794
2.5616179263540517,0.24686694321601702
2.9568448895151116,-0.038943877178806215
2.8507499166674997,0.024999704038259983
2.85883437588814,0.057453682064525724
2.675993049175577,0.167276167655731
2.627757240869634,0.1528880466523664
2.7973660138171894,0.12529173716704775
2.545018115898422,0.20323778610695856
2.892140413740466,-0.02704189220158663
2.644367893973676,0.1600179657817746
2.753672487440122,0.16084498771906555
2.8056702881086517,0.1694302843102695
2.6502810776866217,0.19268674350915238
2.879859332585282,-0.04243623577257665
2.884377500485823,0.047387108081363594
2.823534520991189,0.19574752432010414
2.738461393557933,0.1785511759193103
2.65953627233725,0.12697585236651845
2.667498969223614,0.14116483535056037
2.5347772300500093,0.22881734198959056
2.600501478629912,0.16848274252548878
2.6256129080480037,0.0543025675409101
2.666693631648145,0.13296468141983195
2.6963693078878332,0.13047887771600603
2.626165138962827,0.1404154625969071
2.6788635783895614,0.15377926907376988
2.604471592876383,0.03596341872584024
2.6854416207902787,0.13004033544304971
2.718248240922505,0.10170553932849272
2.6675545153585403,0.22170813106515266
2.867674343918106,0.18310701009212807
2.8121153108455537,0.19965123225242518
2.8347750337720243,0.02861610775391738
2.8608541964875482,0.0870502954843489
2.743628338151578,0.01788121360914462
2.7770556169917344,0.012651371594350624
2.9299610754986842,-0.0033949335722878865
2.6367792686886204,0.172328482853239
2.7381726563987616,0.0964318132836936
2.8152449945600844,0.04803173097806034
2.7801301036491046,0.06074323368282466
2.777194580921472,0.06063847030453619
2.6903618939440026,0.12197415710680501
2.6668461251280733,0.13823611062112365
2.64764492931874,0.11054571262161932
2.6403368290610336,0.1563717657856164
2.7473588078440514,0.061348034536144756
2.713650204740216,0.12115896566048749
2.7676004862202332,0.055213322667811614
2.584340403752327,0.1313477586249751
2.597216683037143,0.3033014632008184
2.61293633245572,0.15042151025377895
2.732639873330814,0.04537497132751688
2.9165327316790233,0.004278211748553618
2.8997773659733057,-0.06053026142174568
2.5790044475828138,0.21527769130022642
2.4905001301809597,0.14188111266710937
2.6513512177913596,0.2423704011231118
2.7303728108049956,0.28135982435493
2.7837359801120978,0.21874762956279203
2.549622685725903,0.07602339723082337
2.6300863896340387,0.1915703422017333
2.7164519590416254,0.13492123146163076
2.766649874958293,0.1308642596767345
2.7220073906976054,0.1708491134275294
2.7269535715715625,0.01759256842640577
2.726969257088895,0.08857910471412074
2.746452528051811,0.06418040387580046
2.7921911216075355,0.05359788174264023
2.6999318127403678,0.10675807920703494
2.801292706020191,0.09782561933798369
2.6230698929476213,0.07094414718656009
2.629041418711089,0.07008916237160483
2.6530211985774064,0.14043950105872677
2.8827103667246865,-0.019855092074353608
2.9086218305771476,0.007164761864809115
2.748225025624385,0.036084984800945616
2.642542682299778,0.21400667051248684
2.8962194641930337,0.05801930191241987
2.887260096954184,0.05618979007147492
2.7226637341917654,0.16544909777843184
2.6503959553789533,0.14373789288454417
2.7433291964440065,0.019030661673706938
2.732926563090001,0.13219702487854432
2.677937177486606,0.2121434922115256
2.548763237995473,0.40706718917226326
2.6696060878529906,0.050034797683736594
2.9286281599988913,0.023099184391991278
2.9089156847392896,0.010541065343099643
2.5484803885485134,0.1584067068472885
2.6499634264805856,0.20182290686246684
2.7045247142440867,0.09570670621118146
2.69337166803708,0.07696985508717553
2.6790850151889147,0.13674864603185194
2.681621881018462,0.07542694010369348
2.7273259876157,0.13665308006058785
2.6748881503947657,0.14222109586719378
2.698877731270254,0.09390833577224632
2.692372327585816,0.08842921114189937
2.748298192051438,0.0966612638655121
2.7112582586194707,0.10664787807830711
2.5814071758167074,0.13111086359650975
2.7298688458105254,0.17777394042864492
2.7670651563173783,0.15687834469206852
2.761021913474622,0.13289175360954958
2.761530603885952,0.13477967422331943
2.8934581274858795,-0.012312867159229942
2.925186813877825,0.040180825957192016
2.7263820396778664,0.03775833533819766
2.7548595239045706,0.09946821281514756
2.6919116058563572,0.10637771453465643
2.702483005963799,0.12216326554717429
2.7242309663687636,0.11016634829600527
2.7353536721229084,0.09139386879430457
2.739652807334502,0.08973585990833659
2.7906541126886384,0.07332685177909301
2.7936785667242225,0.059900684189195835
2.7266415282312932,0.07958770222143588
2.762212866695832,0.11452443701334762
2.680929050876886,0.13188175331955143
2.759830415204245,0.09464876315651315
2.81460754858922,0.002884566197518235
2.708369859486102,0.14973113932367402
2.59276113781707,0.18764977159318624
2.5089535671194185,0.16960102347480838
2.755315366530167,0.11648756038271717
2.8023786202017034,0.22891406094795863
2.795673851579542,0.11163772100828431
2.8164590401979064,0.020349092801699324
2.736305392333936,0.05938593840316459
2.6917160465403893,0.09250030079124735
2.8583843180710575,0.023503758726126985
2.855410631407016,0.027932529874674303
2.784665821330359,0.030832467114509442
2.839188208968903,0.09875940796715595
2.5817005054915474,0.14964870587199333
2.6123341131938496,0.15493265813268414
2.757471727265699,0.09684727986103017
2.8034039986243733,0.09638684763596496
2.78796226899398,0.1797874369805398
2.821352142567392,0.1919455219664226
2.5679500126237067,0.07150014974576041
2.555102564620136,0.05201063495011937
2.5961913221676127,0.10645666243155004
2.705550379084564,0.09435210333577045
2.7655136631063844,0.07072023690285566
2.76294477291619,-0.0005946810255711565
2.8262731322376395,0.1369420091750264
2.82119938542314,0.13553428026143088
2.7711835132406053,0.14109911908950126
2.7581047235240694,0.1154721487027311
2.5835811728317775,0.15678895473237695
2.5758503361302107,0.1711200072418547
2.7964932554394206,0.15690017956680924
2.686115133239623,0.09479207990864813
2.7540694006403768,0.11831947643099261
2.786234001631036,0.08003442916141801
2.8747778021483015,0.07027781645717926
2.8726074117837928,0.017920781945462694
2.8529708528290816,0.17894982069830936
2.6516978226570167,0.18595765241818657
2.642538646089588,0.19354587552856473
2.651295616285358,0.21669777380032187
2.7079794342081263,0.12495736302421234
2.798433267565001,0.015905171773694403
2.7893324287266177,0.0782440753993016
2.740522529829258,0.12007858352041739
2.7523606572943464,-0.0058894713281467176
2.77365179805161,0.002904690860213226
2.9345012928489314,0.09568686128584669
2.7213511793602243,0.08539201525165413
2.757543042565481,0.05716521084283676
2.7959840376311806,0.008908047074769452
2.849710098121462,0.02357150202601549
2.598350099097743,0.11704376363246784
2.747938777307407,0.10259744948105347
2.7969158746412255,0.09297565208848167
2.6962798778191956,0.10197892870718774
2.6782323359281044,0.19909096639484836
2.719851032736426,0.18129049801177957
2.722188265192119,0.1993124780673696
2.7035725228324363,0.1774504203681993
2.386235687935822,0.2881323155663442
2.784184101636376,0.10932948034429472
2.7757474448141095,0.09395944889374933
2.7370098214516863,0.07843643721938082
2.643607393710877,0.2225941835545352
2.6036566717687504,0.24407751259294164
2.604838622210123,0.18048711535223785
2.6318268592549536,0.19277684079746776
2.7819070816838303,0.03728769771734798
2.767258208283068,0.07997969286828552
2.817067564993824,0.03400562224028708
2.7927187904385002,0.06013097270987173
2.8318654864984514,0.050956240079709836
2.729391640473282,0.01567660128350445
2.711417442695232,0.031537157189553015
2.7048064123645728,0.024811775153347693
2.803376260561205,0.05197346153727867
2.767906489581308,0.03684484693750872
2.874118795521721,0.0016863339779714676
2.725808709880081,0.07367884903265881
2.7238184434421893,0.1154698048258972
2.8160203506997874,0.027852315810632775
2.800842827132353,-0.01272133444439122
2.9300092688182833,-0.028739353349067843
2.750313369648991,0.058250993519081924
2.763401244359989,0.13157208075584736
2.7636414551924564,0.030533577751012436
2.806854126333729,0.09549543555610077
2.744405434175643,0.0993358936160284
2.7094853554008025,0.1013129653458417
2.725226557516381,0.0781787679820016
2.715757426447537,0.11252807475641549
2.7109240347785772,0.082517945893004
2.7797235289663695,0.08821708501710829
2.722041246403827,0.10218843222469837
2.7215766290766537,0.08903627786498604
2.6557407061586136,0.1525909208083283
2.888013959747175,0.18001599327741724
2.796029995770479,0.1866900276920928
2.7136281998499965,0.16352051614731328
2.7248171627096642,0.10517570287177284
2.9953091360442916,-0.039793253614895614
2.987726347940461,-0.09759462538226175
3.016922669267729,-0.10615746583423996
3.013386095651826,-0.1375641566235277
2.782035986245624,0.14349092502460595
2.698785787701018,-0.04625380440150246
2.7089100289353474,0.08342194513404111
2.7576477507263495,0.10322348992535738
2.776454269789296,0.020073223727504183
2.9468041551778,-0.029869898923499134
2.897248163353034,0.010411505325291033
2.850517085066955,0.04839184153305118
2.8963985407437285,0.003192383026909842
2.8455099710365888,0.05415877231196925
2.8352351728101737,0.02600274735717391
2.6919259456886664,0.07674685587465273
2.793568378929837,0.0980350206319708
2.775805515156872,0.011199984880207186
2.8256150280055103,0.08421133720218832
2.7923234852037124,0.04172416226493399
2.8334529768612717,0.12850266217454537
2.816486261651367,0.11229712932165298
2.6828420214470867,0.17233676115235722
2.879704238981967,0.0837239840707787
2.714901749965885,0.16772337212581157
2.646667633073019,0.18965238223845568
2.686386798191219,0.040894728645893975
2.7488885112631736,0.07038493534217087
2.788884665798887,0.08794799694477233
2.6394770446168794,0.15871428373237176
2.7771757605905076,0.024068398039640407
2.728607270203811,0.07519675647132448
2.8516437584441157,0.01725248552013927
2.8203156401824048,0.0033676740915035475
2.7484301723107833,0.15513292879038085
2.746913208852849,0.08385237366251204
2.643131133738685,0.1437882381840996
2.7017057819192143,0.07702171293814628
2.8030974931498713,0.05094842265658501
2.827564009521381,0.12342950099044299
2.828164615418997,0.1221527845872013
2.8322724871201204,0.12921996282128442
2.8133468131672976,0.13623771602131587
2.810226761236137,0.08029577055435398
2.926856365270742,0.01674242620513542
2.8814531801163548,-0.053429208038833866
2.903660221126995,-0.042130833383819295
2.909354577030143,0.012008156686859292
2.9505479872397986,-0.004944448855161092
3.0704461396081384,-0.11471336171945494
3.0701398921089473,-0.09438228290047469
3.0064735916527088,-0.010138693963535148
3.0109438549811656,0.02824450419920288
2.8800647865411597,0.0229915393580733
2.8236399399486727,0.018207397801288508
2.831134298461256,-0.023700572207805286
2.840087591037009,0.007090428049845153
2.9445852903563683,0.04804479601067827
2.6905622319913665,0.017586651269765902
2.7471065255051994,0.04720392234421329
2.7012073386933517,0.07678406274417353
2.8765947458145225,0.027188016147778767
2.6348029650742144,0.09582609331119166
2.69151429790079,0.16839906304843497
2.5618354051023298,0.3131547307816237
2.562473754331308,0.31104438449438154
2.415227862316473,0.35986080400513765
2.420448511318272,0.25269185219944895
2.719982119320412,0.23767351935390885
2.7765715590767877,-0.011947755612625477
2.7917482836316094,-0.047674008012065915
2.826856824852852,-0.047365146995768055
2.7392543741100246,0.16810605978627907
2.8365890337821753,-0.016150874967963823
2.7742626026987125,0.06279910816217026
2.798204811369116,0.07156324519227307
2.6582325321985674,0.0951998854792677
2.741739650442914,0.10127589701716498
2.679544328143181,0.0716907549818184
2.6642071629378323,0.1480378079489695
2.700446115368328,0.1426483554830736
2.736814535657862,0.1052177681147772
2.685286028019995,0.12478633930601386
2.48847317671983,0.1926173382189106
2.473553350082889,0.22617903753651675
2.905621487532492,0.009853374272695913
2.868992861549681,-0.019252381108141172
2.838712828462226,0.0024778783047629685
2.8327381477701663,0.05518598194867332
2.847518924963606,-0.003607106734777972
2.9969690118212737,-0.01890091044056172
2.795112837219847,0.0033418468953609784
2.8677836415377636,0.07593200957355907
2.7906889661318828,0.07693393612990443
2.7819251758051946,0.05403833119047727
2.711019117221166,0.09012535104768674
2.7059587806047354,0.021913916329001068
2.7420389610360347,0.14097136275854402
2.8290447921050705,0.059328716929986196
2.799333686097712,0.05955065654110449
2.8816748665942185,-0.006349387654892912
2.66373764012641,0.12767090890616584
2.6744724701943703,0.16754982653709713
2.7713615688881674,0.16073895502760968
2.657480556808981,0.14690764238243678
2.8604728014896694,0.10023012437280543
2.8447298491835395,0.10145061001158577
2.838449306263511,0.10111906179382735
2.7714009301676876,0.04923797240259516
2.8874568459345955,0.02205381835723381
2.967093729769844,0.10679768578542946
2.7528359134388407,0.1676417839776549
2.7524042167471237,0.06484954720536099
2.6396266253507332,0.23186491226517558
2.7353240964853898,0.06936324575307967
2.7758810928878463,0.10302120240725192
2.8044371720532517,0.14486551438867512
2.806584010093642,0.049668364407210806
2.628629880871895,0.21441349204573323
2.766768120859193,0.136831394813243
2.7979353960422664,0.09793236565483476
2.69678601767157,0.07501991498854846
2.749804591529735,0.017723563595415402
2.786376395929735,0.0281799247602485
2.7652345190246654,0.018008813977280037
2.834589449247961,0.06548284106589163
2.8855242334394817,-0.01289601965964259
2.8115266301614317,0.035557043308759105
2.745986367714957,-0.02229149295550278
2.778261818413071,-0.011216050768937042
2.7611617105938335,0.09550132765453584
2.753476685312204,0.09133597326290416
2.7741380989760973,0.12438860704122259
2.8830797154397145,0.028863664700558893
2.8587361224915218,0.023790947644451475
2.8280849533634074,0.038044784114672756
2.808492332923869,0.04230392510742416
2.7123108153456257,0.11599946513188367
2.7276431512083885,0.12277005290393266
2.687496750191109,0.1307210958858434
2.6770793781578273,0.14884588582355823
2.6443526378058975,0.17546647948991387
2.8238322901216497,-0.0031395339472176918
2.7976020356223477,0.10069281128707605
2.8034536260062786,0.10191419560411993
2.6100049302959674,0.1232201534742764
2.639360540764011,0.25041488752744384
2.5850207510040835,0.2210190474050046
2.650417962980977,0.21474553458901305
2.703073511079831,0.1334419998327122
2.7170830560614663,0.09374473331073854
2.7451298239632758,0.10565650275891027
2.6619392593586038,0.27053726213311036
2.623566681413559,0.09045192015319252
2.5826157796324907,0.08039894559131606
2.821328003015265,0.059243625935039484
2.8196154288162405,0.08235575630215447
2.791731733176392,0.07036304075007226
2.582469113615111,0.1716492149980927
2.559514509478948,0.15328689554670072
2.588777856231809,0.15249620435847996
2.4732363525727328,0.20867214239336923
2.4706977325924107,0.21952768603408424
2.6814780080977485,0.2112998360735243
2.698757447157585,0.2575543958173242
2.715957868636916,0.23535248294192398
2.665960508027002,0.04758472178570448
2.7488196445946116,-0.012082830156113961
2.9296764071840498,0.17005550558796878
2.881255077858254,0.16552503690664822
2.618646184423792,0.11280384493158545
2.8633574742871626,0.048666559963112595
2.8151515117754724,0.11547162674257852
2.6539411727633255,0.15624061811776285
2.8262931568108,0.0002995786710135
2.92139623443199,-0.04055894117819586
2.8722154589976077,0.012359998669256586
2.785095703734274,0.04863428551612979
2.720984035430465,0.10516379439846478
2.749253070427853,0.26636412547992083
2.8365935342753192,0.20097373236563904
2.7731595355886407,0.024278420575941966
2.8103338917047647,0.033431446112572226
2.8703026714181537,0.02023012223958772
2.716718510382337,0.07036485032982633
2.5485125546075795,0.28380006748064357
2.5496856722001864,0.29113850504206507
2.496249910711939,0.2046425008845215
2.938390024068629,0.10099431921222816
2.884686287874271,0.099494403308085
2.7905212258923155,0.16990934096806978
2.7723628148000907,-0.022456388149766814
2.797676958591122,-0.005017374976928286
2.78625507530879,0.033016961951552855
2.664041651015161,0.15856174616627544
2.7514039161218746,0.036664946008863046
2.6646844783732986,0.06218409366319598
2.7582789616160377,0.1332958475750828
2.8125429281227152,0.05711901466283135
2.851410471016459,0.040592762202334154
2.790997803269518,0.07333820649066923
2.7341067387025224,0.12641154822820083
2.860701839700167,0.14244978165805836
2.6956119406800805,0.16531019522425255
2.7918160190364607,0.14671436130848284
2.713232529331753,0.31079319834469876
2.7227847548513435,0.2985016081706017
2.858520540850635,0.08176427067767657
2.8589719474408577,0.049603502986265785
2.8565688236400795,0.02716221374168371
2.668196148954737,0.03650678960341748
2.872994919082373,0.0694278451993051
2.5744145079625698,0.13524798150370831
2.5384060200416867,0.2692825585637932
2.6656708066515433,0.29479425738013193
2.61764189898472,0.1604028842805481
2.7078497611935988,0.03663618954031713
2.781812842260072,0.08014239051578445
2.8840474717691804,-0.04880987845597928
2.7912611422550366,0.08180354165030951
2.784035405072697,0.039525239787183766
2.5612396920768967,0.20405269990231048
2.8380243117188835,0.03667997276575677
2.8142579573253803,0.00732922577830575
2.7047393953178314,0.06115566586929908
2.6810974948135673,0.26751493583839253
2.6180019337102847,0.14441521474116006
2.6906761835204827,0.13740853988023569
2.922598909867477,-0.04331897776393563
2.9469910748272232,-0.010024371473169761
2.6374679394224123,0.27698587541823755
2.619589444391665,0.27482231839763
2.7736952063844695,0.08210144531130222
2.763115333414064,0.09091904467737805
2.8170346968797326,0.08498701526242047
2.6678099737587835,0.013890627990099215
2.7318084079948606,0.12372398117771655
2.6841660349375003,0.23210745205860792
2.6884669877466636,0.21543624062305758
2.592249888849583,0.10151364099588304
2.6154118047388213,0.09785236377485829
2.7512225546744062,0.18354442265019996
2.6241891379083926,0.16032845357057282
2.64052060772346,0.12017137756392432
2.617890418107644,0.11601376944282514
2.78458490775028,0.12945941535167632
2.6267635270434972,0.14206713111538682
2.6121274983519718,0.16953422686620193
2.744198050435661,0.14244892590527305
2.769595327391172,0.11814726185729953
2.518914178470797,0.18278583029447895
2.792988691599859,0.1545390754972409
2.684660872774842,0.11770557026257628
2.7875006954853343,-0.0005999795333261012
2.7879042182801,0.06312786330626367
2.845330445358224,0.10240239726970962
2.796159794332617,0.047967417805916686
2.832562273580526,0.010122396103274742
2.7695580186216247,0.033603775325539854
2.6800161698196514,0.14361025357298107
2.6985648526843447,0.08671596823319541
2.881103874655587,0.0946792506019724
2.8858184284998183,0.0773677973682972
2.5669567084382794,0.10619756650700751
2.584322737801096,0.1979311651054454
2.705664983790091,0.30402984105442604
2.6679795526368992,0.2877354563795645
2.689255109060847,0.24190136312847377
2.745173263121769,0.08352654823343857
2.805667375410906,0.004378126659373347
2.6747432243331106,0.11322938079894006
2.6714249777737353,0.0877704742916517
2.7668363754158976,0.1372390654075872
2.6792076225664068,0.1118407516488408
2.7082638691044676,0.08680050969017752
2.712046890892298,0.07000450810458088
2.750680217597801,0.09130693881739504
2.805862137080538,0.1061300878924114
2.822926675771578,0.05878910297642421
2.815747240667362,0.11428606493138459
2.779605011343913,0.005100526294992139
2.6005484155146648,0.05720782952299
2.668986270197026,0.11515344729462101
2.638484574317237,0.050785280009384426
2.912961148449418,0.0059965558968140525
2.9249020163762083,-0.004028214883181727
2.925859220519709,-0.021190280157705424
2.8926897168854744,0.012595788475032553
2.903901703361015,0.008893182617787957
2.585768647368819,0.1425572044324928
2.906096414833961,0.010937344296447523
2.6660633878450333,0.0884688049509382
2.681077046715179,0.057582644757300065
2.6572865747049628,0.09519998745348206
2.812059068422134,0.08243425082089736
2.8783217832154673,-0.013817091920644847
2.850390070591699,0.006234799545802533
2.7098129048609207,0.09854449301321064
2.838715395234505,0.1263791997978865
2.814390939378745,0.07930610476477203
2.8528959311897397,0.09353548581307468
2.7816602992803636,-0.01905961952486136
2.8874926911517638,-0.055601413847329056
2.8057965566224885,-0.03269088432500962
2.6144438266801227,0.20895996362406424
2.566400403722082,0.18469933369510258
2.6417176274185246,0.17242619024270703
2.796875028056449,0.2351669209907195
2.7453801688815647,0.15739070143566486
2.7046881122502113,0.14422052285286466
2.6714183212457816,0.15489165371255004
2.643695628110437,0.17965307016600823
2.5961780200504765,0.17440183629483078
2.7648172693184923,0.20882507154738927
2.790081702036507,0.24906133153753232
2.818403515374217,0.2601038445817661
2.85442941536587,0.2857338362851629
2.8675302643860157,0.2909265527111955
2.8264393797133227,0.26757138019960314
2.830375212925354,0.267808241182024
2.8440468998314428,0.0765524994627759
2.8446613815299333,0.0718944054147438
2.6173954383377684,0.07445338833402251
2.615165784772337,0.07514449138490091
2.6190149081459335,0.09873033509529136
2.6023634372239095,0.08255523932035293
2.7596231281837533,0.09359166485363941
2.604913228211877,0.1530866576473898
2.5632621167838985,0.15798529755563448
2.537181138678638,0.11934105810364196
2.555439043901032,0.1080716422040492
2.7257230149819827,0.2157157474471585
2.695236453817709,0.21997596247357049
2.607660938235687,0.0811633553159254
2.6429732519251488,0.0937639169830716
2.910289023428834,0.005945707503037829
2.902871553153041,0.020964363600969045
2.6941144815438887,-0.0018840800106121054
2.921551533995198,0.09088654167793025
2.9657945830035697,0.06888312029627376
2.750471205453697,-0.02202407088087709
2.9044646633928046,0.07804607933634684
2.97082813081297,0.08247580432010174
2.893252741692964,0.07289261172068963
2.6685728172526417,0.052609373670734594
2.7824947752629554,-0.006932118123840353
2.762210989715385,0.04568094345227173
2.686228400785985,0.07706591864920495
2.6773645888016055,0.07941161192632679
2.654562637885602,0.15165848150553593
2.7339639199345456,0.1448396317577243
2.67403044347844,0.059826243993727185
2.6142091409049177,0.11219933673847025
2.7647245433855554,0.1811366933339144
2.7790054047252997,0.17302765073968618
2.7386838303011554,0.22607399441208198
2.7184958921709392,0.1578828741301372
2.6728244857953225,0.10945378354968464
2.7274492283649856,0.05457746129176575
2.8027456722631277,0.16479850265438642
2.8352112214491805,0.021259546375889466
2.852994620768427,0.012946812337810101
2.8722270034015525,-0.07466836107456663
3.051292006655612,-0.024454792430120324
2.6041369976457807,0.323840169118809
2.432953233191416,0.21618521990163103
2.4720495821135806,0.1984276273706893
2.8930154612066055,0.18956065846554476
2.8822097236246216,0.1726306308265169
2.903487677001088,0.16761005656070468
2.9218741945714726,0.16852595195267828
2.7641255776896667,-0.010452782060202156
2.926050209676535,0.09007183270668896
2.8656356460528056,0.016424532901631456
2.868573537566528,0.02366692922193485
2.7545231888858583,0.10710962328545075
2.7234170180092585,0.12763099406657707
2.7338960796285603,0.02462096624246032
2.652421799873534,0.20958869861884732
2.7118641875527443,0.07902992480668956
2.759169295825072,0.001274494503135184
2.5818689295292723,0.19730626557594755
2.668812919420984,0.16613695719445026
2.5339737335848906,0.1974205061303517
2.9330752866650833,0.04757763234541274
2.843970090426914,-0.05084823283957816
2.979854733987031,-0.019234413151894947
2.494682711132588,0.28465990736450636
2.546780646909186,0.165460889116358
2.763638837072352,0.06905035581267087
2.7607941129542994,0.060411898194290395
2.7562962231207777,0.0815503576316331
2.6010640906958797,0.1683321660715733
2.553236983364245,0.19504869066405692
2.6407120851059633,0.23641755696406605
2.9670883007168602,0.026807532813911385
2.640655012458312,0.02544055953078625
2.720806116408761,0.08069221953897344
2.8715408452645703,-0.028582173821840008
2.8082759530781436,0.12713394743523584
2.7255209658621853,-0.006061653294927026
2.8314447406849452,0.06602347545767967
2.791387409380407,0.10177144749654547
2.692836952707466,0.08420350274611231
2.7781082031138418,0.12101340753766042
2.799604687270376,0.10754205665828057
2.8536203898192625,0.1707120321802435
2.6867752800962923,0.05711084947562869
2.8038651486846056,0.10778099791863335
2.7965122226578334,0.11201131581265315
2.7337268310512464,0.09795471608774924
2.6828720164812028,0.14563848092484902
2.703814029243137,0.11922840813182368
2.6669109325270703,0.07813628850534775
2.7662442809745085,-0.007073983203478231
2.901726015041922,0.047586192475286476
2.8406226083848565,0.10047120549769648
2.897793651549425,0.11385438114798159
2.673235721000126,0.147920835977816
2.7790720585953363,0.08862524543407581
2.7142889177128042,0.16424333000171332
2.711398387309352,0.10008080226586673
2.7137244287563895,0.10074094543816144
2.828059507515982,0.0005749939449566994
2.8858929314482507,-0.01076879533104168
2.8695786275704345,-0.0009499022332081965
2.8505506786066306,0.011710168697140479
2.87983654621172,0.07000926242692926
2.903244051691507,0.11557965161235699
2.595793240794457,0.015127357976624475
2.5860423370889887,0.03579635809141127
2.6148160726847807,0.10874848350069942
2.6879591007015713,0.20475597585631916
2.691138932388749,0.25556962108122855
2.483455959626452,0.26291536344680017
2.8604517560033442,0.024762440764856744
2.8310891526958373,0.08232692018441345
2.826879096856052,0.097036526706376
2.8699835936035365,0.06206756980808198
2.7881023245330345,-0.0007463661038369366
3.0349695560272307,-0.03819292491556045
2.7997605515061266,0.1158150896487259
2.8884175599536333,0.06761034343868993
2.7349536620567516,0.05055997492759224
2.7648543414975952,-0.027594882012075137
2.752437304716977,-0.021272534550086618
2.8136708033598703,-0.02982661435663641
2.8943011486731915,0.06480989412180203
2.8337725122234896,-0.026354937911261735
2.8801709676497413,0.03127824580731062
2.8268156799119444,0.04508283538855484
2.724647791481143,0.09428540950975652
2.875080856637006,0.08390233623405736
2.732517170732888,0.038173763602837724
2.8169853961727034,0.07423563602049531
2.8771390713510976,0.1827857475201519
2.6310971131673915,0.2072432820908336
2.7009045309235424,0.13005509860575556
2.5874421399556953,0.11120613600705984
2.7272984906542823,0.17359225299413625
2.7723122462505203,-0.022628175549479684
2.8397976179851003,0.010546782868803123
2.600469874995531,0.11063680093761916
2.706547402368328,0.14070633171996907
2.776449134942368,0.17481363921969834
2.692189410076735,0.14207687194581173
2.6245516767213757,0.0954863330511532
2.654697921126029,0.11080887211826627
2.6902901382366085,0.13398568094474753
2.603763671244152,0.12697526247806804
2.642270980936064,0.19376296057359677
2.7103788377430145,0.1455555546669549
2.6374077522079973,0.14812546912223845
2.795927253861605,0.20122113646199152
2.7993162538713907,0.20100891942948937
2.7219027736253056,0.018685731002717917
2.845366531398839,-0.0040495290442779455
2.6348949091464955,0.21640120588185532
2.625973551934426,0.18326002002638758
2.71667396791487,0.04893940050084469
2.8262216969375937,0.03975581776768208
2.607508637450111,0.16275021692357797
2.589166005561557,0.16707162811479337
2.6533807155655467,0.1524728623094267
2.8231813347625248,0.15650079180243875
2.7755895316367614,0.07305551526509008
2.846418542703447,0.04160898424606859
2.834991092201417,0.08862389041514065
2.7649559234840404,0.008720250754944986
2.7922750866015966,0.06545230946797821
2.78051138612706,0.029218202939087903
2.804478718719186,0.024943209349630135
2.727315164765193,0.0551107155827911
2.660888608160426,0.060591031851072216
2.584017626782364,0.06630435746016106
2.8050316491070166,0.0423392543800975
2.659631229997147,0.16299725480853233
2.939414649005412,-0.07555062456962856
2.899625468531423,-0.08088202178634632
2.9130632163860697,-0.050130406804169934
2.9254541859595355,-0.07042347167873882
2.9424608291270062,-0.054675746161211736
2.9458317719578466,-0.0525325082897276
2.9336359664893523,-0.10853202970751044
2.977534025329115,-0.057449189167285156
2.957085365103908,-0.08039853324815897
3.0050052959645672,-0.022500931168752458
2.71467578837162,0.03988810736280648
2.745786666337075,0.06386871241161599
2.679554304354169,0.08446607454404216
2.676068386242225,0.09392824240922078
2.694529589308312,0.11379774965138743
2.6958963093975896,0.09873891944035201
2.665822034675861,0.08532382494282503
2.7071913491424655,0.0453294037726817
2.965497767158063,-0.04042052092824029
3.0235225953288105,-0.026048303729123763
2.874798525458507,-0.004615537402930001
2.721426572217761,0.042680686587383485
2.7343255178411052,0.05436025055093454
2.7149080041034868,0.03196441411685231
2.9810381650769155,-0.016850247090739373
2.9732858500211,-0.03256044118827577
2.9480380534135886,0.016083236907995492
2.5352241141908363,0.14285887112037324
2.7454702184483075,0.09921223842435745
2.8324397138487445,0.14942950050974613
2.7050389912164863,0.16629088225808555
2.7196091615649607,0.17451111982342232
2.565886879637943,0.11480563078077329
2.7816727742969634,0.17958150431201336
2.828748864872984,0.1857276691910509
2.7969917053326436,0.18587174211337548
2.7958913825734237,0.19019832986541854
2.728530622632314,0.21244076365665857
2.7186346104392256,0.011394851303747944
2.768740207377353,0.04289147036432715
2.8109129991514132,0.05054370735114393
2.795234833583252,0.0207671941510156
2.817860715392246,0.10618688196548486
2.6775505803424204,0.11399553373857679
2.6811468474626348,0.08777678472864807
2.6868098055335166,0.097876955792619
2.8725015059852126,0.04188304235482969
2.921086226977707,-0.02767426107207123
2.8719502843367373,0.028386923988596248
2.919973008263163,0.023599375987369362
2.652324319426605,0.06472304817934096
2.732901551035069,0.00678709883243431
2.7559420106766956,0.10224722651264437
2.473884974178615,0.19843640883232594
2.4635563955749276,0.20451604021150713
2.8765311491098404,0.08907187134582074
2.907991868716211,0.03967077311466273
2.7342060181796906,0.07434856209841792
2.7425131574403996,0.09560635728501382
2.740628586916814,0.0881541085071996
2.744715202302597,0.12171963052110232
2.6074453877445247,0.20052497951997736
2.6032133056096023,0.21815772814434858
2.704653605229181,0.1170545680528744
2.6656280810541166,0.06415650499161862
2.7450074857076907,0.14715644016784257
2.65549644835192,0.1054324286785422
2.6974180586476795,0.14524870582546556
2.8217051018062507,-0.0006588191531145791
2.8866585391088675,-0.014310370091663487
2.8548953050586094,0.012877401006609685
2.782492992043455,-0.006240196437297689
2.82105053536141,0.09202349440717987
2.639091563249182,0.08934759784082348
2.6695536613242594,0.08092764008682891
2.8146398539601503,0.0800154512794147
2.7262736661882316,0.02179470638703711
2.816174771380094,0.051283070023147415
2.8177044028573874,0.09502780834646675
2.833752366034833,0.061140626404243247
2.823288014585378,0.02738312523580251
2.6603303898693187,0.17491216752174762
2.572014553952611,0.1944551384810324
2.5333441398794188,0.2108749213076474
2.8298481821055157,0.04169337629424305
2.816144473431134,-0.04583507153488252
2.8131728155111415,-0.05189217025279533
2.98722779655496,0.10621612388586264
2.568281909455939,0.03931368928689768
2.6676519546327033,0.17614632501998906
2.6227279886625534,0.07638539604506005
2.64822799192731,0.09162543535927481
2.7617033509960525,-0.04581313031201608
2.9589903603887504,0.06907705671723548
2.9012901498358987,0.1479335319960572
2.786613953225839,0.019595540835327194
2.7230113213560223,0.08765707602025863
2.7282620919667293,0.09094010393709284
2.7602729438257785,0.06348238019540058
2.906329031792237,-0.014482628282896799
2.904876561720656,-0.013229294464654172
2.8089452666662216,0.022592781425321017
2.6906925044477337,0.060559497178072644
2.857031000739826,0.07146205369215453
2.8589889124712777,-0.026580096133523953
2.9181296898777975,0.019229253603155656
2.9320088946444125,0.03225725498394567
2.958235607728194,-0.020658668158498778
2.825373215454469,-0.03126275522753672
2.8972222881168506,0.04402525549208399
2.8246785513212083,0.12282003461192617
2.794198587746906,0.09851174361941617
2.65159713262519,0.06582425956059124
2.749070708360822,0.034246709730121574
2.7254307544620877,0.0497627936892035
2.779328472529868,0.010343970948234565
2.6932181307512995,0.17165285074934566
2.7233092463686353,0.09231821746277723
2.714454329261727,0.08729246772495583
2.706861420870519,0.09978981632333597
2.8748715847631154,0.029324406496743203
2.7648513335384433,0.005752663542163685
2.7302024841440797,-0.011560317698985249
2.8961810220801145,0.08332975594444711
2.8438333328821743,0.07621062921440681
2.726499422087379,0.01652764748503919
2.58155585399401,0.24811167670752227
2.6649164928665066,0.15053080878094482
2.712265716108003,0.1315114841492843
2.884952277697628,-0.047829445291241966
2.8178745965176617,-0.06803404471695335
2.7983679811367455,-0.05368618325318789
2.8115225231673087,-0.0027630513861563637
2.790009444354213,0.047582028534319115
2.8811708030022505,0.01721789429186038
2.659172516287791,0.19545800752135653
2.67822924770852,0.1985210650631582
2.673601778680652,0.024975953888052183
2.6598181621146324,0.025432957873576252
2.697688110501054,0.029482789393485507
2.6697698273792714,0.14285420607092966
2.6650462099840926,0.13786633270291082
2.6963146335462587,0.07202288192780522
2.699490979991434,0.025051870828663836
2.797671189443462,-0.013838524942485409
2.892813835228583,-0.03692884421615889
2.9583201842845215,-0.005269569011500636
2.8799686790276118,0.010538563551039487
2.820085146159723,0.061376227981175854
2.823000248083438,0.10460940500389429
2.7167377827079204,0.12343222603670663
2.6777188008607253,0.11862533732658168
2.7826758869699892,0.07668965434298775
2.6982705595753607,0.08146684823507329
2.800971828474838,0.04414518367677574
2.723136938569162,0.09883496826962103
2.739369055783191,0.02208633345448194
2.7449498349821777,0.005332473532120711
2.726682677136359,0.022192536374383825
2.726085955348501,0.1282572510570692
2.7759803056508243,0.1297930078301875
2.771457854418097,0.018881595035837032
2.678189052805035,-0.009828028965810302
2.678189052805035,-0.009828028965810302
2.8178978598073456,0.052170163629764905
2.777872292793837,0.06389212404840482
2.89686198343131,0.0044424397257735605
2.8932783389380137,0.08342709305728904
2.8667040096222283,0.10666355503465935
2.8153100811476963,0.10820492887774588
2.871991868397771,0.08203919843480176
2.922715667017944,0.06140461094143818
2.8757470932132723,0.0168214353092669
2.78502445104621,0.10757120316129025
2.774054254334614,-0.05229283717846827
2.845575125157037,0.0011855276961989345
2.86078027390232,0.051721064463067006
2.6743071603026,0.20929217559588142
2.726641667508728,0.08705155211936824
2.7297335331641492,0.23034023972666104
2.6493841747133193,0.18519190027248233
2.649912376032556,0.18720921332762083
2.765292119449708,0.10420970574840277
2.8106551252707437,-0.017216984141816504
2.8077449882045045,-0.028755692466877716
2.6505280308734798,0.05636499041446958
2.684155274703815,0.04444787748640976
2.7222711582942445,0.12260827450206897
2.902408613396653,0.02371578382342244
2.712108594056523,-0.011310718893295647
2.9103204697350162,0.021612533661122375
2.8926374710110743,0.030343701156170896
2.6398160600424525,0.2803493608793288
2.7078768259816663,0.2752942753489982
2.669716273785692,0.25059287652469736
2.9871759495935493,-0.03151540642298142
2.9942545112442414,-0.016287819458361143
2.5808134191232774,0.16897358030467072
2.526819358245746,0.18158664018834064
2.615537821194265,0.18804742163193022
2.8713818248393723,-0.010994932102782656
2.8713818248393723,-0.010994932102782656
2.90079196478324,-0.006134969406794563
2.8297421702772865,0.08626615378864395
2.8057886467109543,0.08237912221568537
2.85041899640922,0.095576213659231
2.868079502033341,0.06099058899648916
2.913200322271907,0.11115795859678447
2.8545020429227876,0.11195131091401993
2.817392697475482,0.11097842961879793
2.7812961073180325,0.12914019186734113
2.6302783859952297,0.05888734110003955
2.9113893893366325,0.06364049282653496
2.7503421951437304,0.018792233296746674
2.896706260292231,0.0989889080448276
2.6773449413643204,0.10405869614066932
2.852866063083373,0.03717420105122506
2.8199804194171127,0.0010684903609905383
2.8870419658542006,-0.004602135155942659
2.7795828593787055,0.03130719533329142
2.7299705905754843,0.049802603236733654
2.75277996876518,0.01723637408750297
2.8001405362802188,0.009077233184235305
2.640197806507679,0.11574455909467546
2.7409120245254552,0.04281169068443658
2.791482998760141,0.1258269889079922
2.746975464152727,0.14170330281472662
2.770517407850649,0.1357582658927547
2.9321380716763557,-0.06761523526845671
3.0288634746739067,-0.06088231061382451
2.964234108216065,-0.07057605195514055
2.9372858621837814,-0.04882695641893322
2.544684300782508,0.18371415982754513
2.5790088088034224,0.1489945079698741
2.606506757114226,0.1478319628845382
2.640348012387975,0.13424428047946646
2.6548024378923007,0.02657646021500896
2.887006852847403,0.01283700882231649
2.97200531574117,0.06940145550502874
2.8404953523475807,-0.07729961315961072
2.8549667484357864,-0.07185006987685898
2.603699712569568,0.3315415931121887
2.5291057658415967,0.10978602423716712
2.5728544861367566,0.15721062453700016
2.8242890191729053,0.05113173606477884
2.796187506862707,-0.033948622926587554
2.6535068058193803,0.24276912845168472
2.7967076165211564,-0.03636949168499773
2.7533290408995095,0.038696667609578704
2.7365755290018936,0.0460546969656387
2.74172081981693,-0.01727924708684191
2.737080314712836,0.08711268548006659
2.8115663819623125,0.11482860731444898
2.6186862310290957,0.10929821728175668
2.916297701632823,0.038868111140397454
2.9184781878551025,0.040967053373840434
2.9417036160603067,0.06916797801165629
2.9331452908436733,0.06815953713133206
2.8277626332725925,0.07416066041821659
2.856985506331171,0.07177951449099766
2.783201931887391,0.0942701251699657
2.815272388931568,0.06912253144305161
2.8483209041303637,0.07691839691066192
2.8780044096561537,0.07064486872899367
2.801121315158086,0.012679328778494378
2.6948128147132455,0.10532194003085657
2.667780216221321,0.1027006128545857
2.703945974415497,0.004230847158030725
2.7053269425278206,0.02938837002556244
2.5337705953330008,0.14063854775571277
2.771526510472811,0.003470623665440134
2.706484357438021,0.07582702985892262
2.6926818594499893,0.08163937189489161
2.94313235243012,0.012290983607673346
2.6766036255005594,0.1558973899442496
2.633166020113767,0.13478595561316448
2.8206601549630084,0.07482841056782456
2.7178859895913052,0.07436950249331276
2.634427470206415,0.15222742528183747
2.550211801842525,0.08196958455551313
3.0746872779767553,0.007821803288377
2.474547301348917,0.08544501770194175
2.658522892787847,0.25422934840106076
2.6005459158567676,0.1477090601387375
2.6296477308289607,0.03663906728127268
2.723594176239349,0.14460987786058827
2.587354801951043,0.1778874843674033
2.6659808837774746,0.09994260247099633
2.6651115727980925,0.13883032889150276
2.732002770590375,0.08410129016465505
2.751077976829998,0.07709852042296582
2.771580455920044,0.18604993487141577
2.8740238217585583,0.010105976888413668
2.864582100678951,-0.00526180996714721
2.8328180438001334,0.013282899241125232
2.83936950509429,0.19610093578649568
2.8545430068980875,0.18439740920525924
2.8446154540156736,0.1762784387160389
2.7905894976367285,0.16047447332252243
2.728744791568696,0.12681144595541008
2.664363480848077,0.11226553613903724
2.687779475712578,0.11344720498562694
2.7810916997320563,0.042722331603301675
2.8563391518275605,-0.011500056554862031
2.673754110318386,0.15250272229795378
2.767024371665259,0.08645325139085004
2.5556087877342306,0.2390790196685782
2.773533110438458,0.09105653717918469
2.6070069383596643,0.12354318485520188
2.6064721762947163,0.09561876831556423
2.799780702226615,0.04699586833659723
2.734832936887783,0.0669247929231246
2.6931031394176674,0.1568158868322898
2.5452699096319575,0.1336599316139432
2.845997117613035,0.055321163273547205
2.8340594192611546,0.0673697908288211
2.7748805065107587,0.13430297585458686
2.7918274474813654,0.010617595803103352
2.7571918563284217,0.11517522776378347
2.8613608245135604,0.08368518235762577
2.8249738934164754,0.08750044870279339
2.797318607145021,0.09133591673502645
2.6365891489873015,0.09808705512453741
2.665763565228713,0.0506215817253493
2.67783738669244,0.21871168984391523
2.751917174773082,0.0924832594636969
2.784675480675867,0.006983180024186713
2.7863225020981663,0.011594888002509933
2.838288251567497,0.02315518032173848
2.6750654182937814,0.0707858934392554
2.940989733049525,-0.004672403077351754
2.993378201346003,0.05492947080736369
2.6943295873021182,0.11092328433995712
2.8399618363232286,0.07002379178670282
2.7417752488783305,0.1345603403205457
2.7401432250449895,0.13832587536665927
2.7999902295613284,0.09802223573209656
2.793026522157988,0.1068180824650923
2.55132388301728,0.09234851584851388
2.6802076366685297,0.21499812248739814
2.7785313711874284,-0.029158011492867928
2.776559260461653,-0.03341658871399989
2.938193397698469,0.1577700997188465
2.776011205571058,0.12222669230154559
2.7515314399500297,0.03070084395008767
2.80961872030311,0.09163972497519532
2.7953223325247682,0.08985007977411573
2.7408430019640755,0.07842444543167423
2.7072761784510044,0.12731557356052398
2.6869033702750365,0.09179351754272086
2.6650480047022223,0.07391751130259766
2.760223922978865,0.10238394344941741
2.7637486415505155,0.02342913971683014
2.758874880091243,0.016372054817203885
2.720790130011609,0.22660319218709535
2.9018424820631847,0.12539694799243944
2.769086190017469,0.09612894380594489
2.8420146131360147,0.02951757024789268
2.7331962615935113,0.1380237524360844
2.8172846858460416,0.0961037214280133
2.7793653049820466,0.09655402307319619
2.7455852901283744,0.12316015772425613
2.6968079050012466,0.06396199024164094
2.727895080857477,0.06455198035944358
2.623804583080577,0.15015012647311154
3.0978019013021747,-0.06484058147704654
3.068274951860916,-0.09434179808142389
3.0370389434416443,-0.06917162994590433
2.9863117603620926,-0.09411833844561497
3.001660529212488,0.0453217950490982
3.0177812006998295,0.022310169599666696
2.7940863808280207,-0.04433034394482152
2.7830702659244153,-0.07849642505950874
2.9528288318467095,0.13591059563273808
2.6253176720991407,0.2638128824563524
2.6095889219859694,0.22068027397040746
2.6228790703640517,0.11903759746208675
2.765471217612604,0.12991285731077423
2.7880073550555355,-0.004601552176441885
2.7474388257829006,0.04922888976721688
2.8361447016267456,-0.020975040728838445
2.8722558208711733,0.001007199160974689
2.7811173191151473,0.1539725967231185
2.8518840969137997,0.11131945555018825
2.7070296411659225,0.14215936091452122
2.880941673353012,-0.01709747959849769
2.9361676778202015,0.023496333295021
2.828726744682558,-0.05671718207488825
2.829730009412041,-0.030770808810440066
2.920089088151975,-0.03231621982740668
2.8408099872956245,0.009494740530578779
2.8443393443333584,0.031013494674342484
2.847907673508878,0.00808212865325197
2.835692852796196,0.036935293604290126
2.7938895878761367,0.098667150574424
2.7551597313877494,0.06193406612376514
2.719095234371583,0.04192307559632727
2.796014654122403,0.031443028770492314
2.689757351303791,0.14578575690180318
2.6643069280305527,-0.019289402570440844
2.699278165549697,0.04578414052764681
2.675404730052418,0.04365131818916777
2.705615632387537,0.07715854370508902
2.911445144829942,0.02922413837056128
2.814014466415005,0.018777564203716447
2.8564824224332526,0.039435411313264404
2.699296313599382,0.04800883397909117
2.7167426667722974,0.04603403666226487
2.641956169352596,0.08781158571536886
2.669259589176086,0.10978634486929867
2.8530710446565513,0.014759194767917795
2.8254514709749174,0.0045647814618522044
2.8287901138336617,0.04528436153126259
2.726915878525922,0.04327066854027404
2.69291470716875,0.05327725388517733
2.632368475206481,0.16719579839247073
2.8643847733650616,-0.02377548009920499
2.6170611967909414,0.18733442759768595
2.6126286543893253,0.24171130812662414
2.5995340331804613,0.20921772231344507
2.582291044077404,0.23575586749230085
2.8179887084337487,-0.0014140253461963608
2.866004148891774,-0.00949128397754128
3.0254168065839293,-0.032585378708805623
2.9478058955540076,-0.0913551165686771
2.906691347676552,-0.031365115074726085
2.9149230473439545,0.0066604796831007795
2.89550450972295,-0.03403815685052686
2.9076255293811126,0.017859987676828806
2.562126259045705,0.17052825765477225
2.5718265557528697,0.2537219294374921
2.6553701760217954,0.23335912133117434
2.577119402271429,0.12745291495558012
2.620523625755995,0.010557424456985178
2.914138337514373,-0.003818881905655701
2.8875566324164397,-0.018829628876112645
2.6681712479229334,0.23530057168047244
2.760991705024939,0.2508925985867426
2.6444417631148855,0.04433731913912984
2.719704117398447,0.10261734378375838
2.6821352996936136,0.11057058424243084
2.6066578968390357,0.2593872530013991
2.734928589159625,0.03555393260769884
2.763045367811172,0.02975318040777998
2.744296444677886,0.10619811077064975
2.673501297348383,0.11198619117587613
2.820897454592403,0.011504457260278624
2.8183487868233836,0.03856433269779514
2.8367615271278472,-0.022166419615988288
2.8918536939817505,0.01090479341251818
2.6852904262189417,0.08070195170448342
2.7757390707399483,0.08110424995563234
2.9338718094906975,-0.017900086049227347
2.8978304393654013,0.04469932508487751
2.953150379888168,0.04939216894979627
2.701542775913154,0.04258366872892169
2.6668363439150102,0.14364059715883198
2.791477878100858,0.04584541204460108
2.8012064999224076,0.06832591979443951
2.9312453235677673,0.100183301968464
2.706751046335134,0.15344401683536962
2.706960592776291,0.19489330195134957
2.6660980011678244,0.2346920940762952
2.5871388928284835,0.1344629228997856
2.585257982902536,0.04342923566084478
2.596295667187273,0.04202475018177799
2.6142200440104952,0.02964421054135283
2.622178583968687,0.046561609755187146
2.674591021348049,0.04747229503381428
2.696222735360089,0.041744193144185524
2.652750117933609,0.060344037589894366
2.8817505800803223,0.06123392454496396
2.8882745355032067,0.0605237290768387
2.7399383775933317,0.11866227981357037
2.6958735521869106,0.18458840503203627
2.819386435244723,0.05148417858860447
2.949926955092979,0.08045090634768376
2.80593370515206,0.06646415319159814
2.7869060052752257,0.04868737522648379
2.8037927313743283,0.05572731740507209
2.7840122355368675,0.1565452870399936
2.8464579469384996,0.08225047697699962
2.824562050317368,0.049646438667957045
2.820628266749911,0.08532651797403476
2.3985906589717834,0.28303945165703176
2.6786394360641204,0.12227129899751034
2.710043831677484,0.02274458062725164
2.6968776990011487,0.06115457256476133
2.905144322292746,0.03384330427047893
2.574101164528266,0.15525747790995403
2.8566124370500887,-0.05449326579911736
2.9520937340829145,0.01560171829064527
2.7191887468695173,0.029573230697524114
2.7194832316974717,0.0737860567860969
2.7483387809173223,0.06110867909636553
2.7394556869178195,0.02835076618639479
2.8471439887320815,0.0022932144928359244
2.8261455350004345,0.04691491264312772
2.879871761583184,0.03008492306349635
2.884211846168772,0.04380687751426977
2.893098890355182,0.04308146860593572
2.7489981013367686,0.07542637000920321
2.729376102396354,0.09456255137338206
2.737068286570301,0.14133167787505288
2.6376523964376783,0.1555484109958388
2.8611713840098396,0.024156497572789898
2.721676145334013,0.017345580601503624
2.728327276326158,0.0018054349647932237
2.8582503532202734,0.03524610804119994
2.6432042116550987,0.0770524939282731
2.7144123977099697,0.14238227662667305
2.7580264361701237,0.04379632405326215
2.7833732942621934,0.08502282291492631
2.6165230033453346,0.1978566403208504
2.6031439239987546,0.20208912950866753
2.782117231236646,0.1299988187525374
2.7893436279317165,0.08855604193559377
2.7377780480441882,0.02209366567091131
2.753335661369249,0.03264649182033375
2.8118453137426687,0.01738939604808884
2.8104558965326976,0.05591425758173246
2.8193546758299517,0.07223590854666405
2.7483102560984,0.15197187140385918
2.6333536188010696,0.17206000865439267
2.766386817035399,0.05497852290599533
2.7533162132577553,0.051764243657244476
2.7333216032345793,-0.020732427806207133
2.7385036891934744,0.02676576207900463
2.667013329931677,0.12217374464210748
2.760303711652947,0.06494530887792398
2.8592876156020215,0.041978908575056005
2.7506845941381615,-0.04185875897978362
2.7506845941381615,-0.04185875897978362
2.8665141938819123,0.06932512446177129
2.769695725899987,0.1428252691227119
2.8195891193534472,0.017726097897297555
2.8242096977303697,-0.006646024672652087
2.9821268333834556,-0.05543188471927764
2.9730245870427594,-0.04021813947655362
2.5278383245838003,0.18390852477307476
2.4971045931533413,0.17415569088031102
2.719599004741074,0.2297055059756219
2.6859675650720485,0.29453420878220105
2.717280531631914,0.2728566702614759
2.723460810951023,0.25480766794432347
2.557435633948613,0.10191113088573803
2.8884446391993794,0.0831810611870856
2.7987930345980714,0.04165182198607736
2.5611047865739036,0.24395185072501735
2.5481341906593733,0.2300175075081251
2.498739966377937,0.2379465652054603
2.6919942315421457,0.088164350215918
2.7520350894813204,0.03448363764767425
2.7462420088456887,0.011344464255415734
2.837400508446598,0.018233181245382528
2.853888460075164,0.0906887200339946
2.820195507680678,0.06954766655147934
2.7702320890329633,0.019414331756250913
2.6474724231901106,0.057783774388273375
2.7854882663077203,0.12035358990547597
2.702324010790544,0.10190221104038616
2.686252360220278,0.08945884619131646
2.7539653172600187,0.1240249325160434
2.8303540402846625,0.06994279429331471
2.8365726480329965,0.02289616782003956
2.6528464793792956,0.12099660097668938
2.7089095490633235,0.07050439138624544
2.759374025306155,0.09296458058737304
2.687962330783818,0.08199141243561785
2.710858187617586,0.02482338682976355
2.6995735213060676,0.07767951689092423
2.757003530187051,-0.00173754833254262
2.828957142728063,0.06479085489551617
2.7334416773378045,0.03355222403790157
2.7069299894642667,0.21740272650738313
2.4850778270753664,0.1664149823674669
2.9975118174763784,0.022068239377115204
2.9373483370316875,-0.012826554326661946
2.658318914993535,0.1293057186253366
2.6216211541959633,0.22236811808198612
2.526712438088416,0.18764929065942373
2.5248241460575964,0.34173814283647236
2.510533722992737,0.31162441142346126
2.5474437026573242,0.32020331616994824
2.546510230866747,0.3298985450802962
2.5490235961907466,0.2906899540433495
2.642095165024405,0.11617119866862145
2.8561351879397128,0.1382754688847363
2.61670317120489,0.1349936606376659
2.6226985467486608,0.13653357638202532
2.6050914899090105,0.12336493954587263
2.5970236367962776,0.126398129519108
2.5887854185283135,0.05674135968354154
2.559323822954593,0.0014014397972726203
2.8185431070321965,0.2256477521449399
2.8541119311632355,0.042070419861676776
2.9013019054346407,-0.07615703965552977
2.750395929364256,0.05704544258840073
2.7567468138031552,-0.002431469285452635
2.733990072774512,-0.02535409662992452
2.740706316002245,0.17788703806443623
2.4926828151852445,0.13935724322618312
2.761014096029105,0.2505710266600904
2.703096906392985,0.2491419792001686
2.707017327737101,0.241910538952028
2.827332925555279,0.07626317183103296
2.8128422798414143,0.083248324960166
2.6963737175901388,0.12447694524935708
2.6759897686051817,0.1273013010404064
2.718952421245739,0.0923346753896319
2.579802123151846,0.18013944402432983
2.796281235165936,-0.0006677509300444646
2.587693662590271,0.2620781661988754
2.590009302083966,0.258281509253027
2.700698131736735,0.0037711362958566114
2.8148665768497847,-0.037663741853736846
2.9372007070124706,0.039764834651219556
2.9731234693897606,0.021007171421132984
2.70367701130279,0.2454212514141852
2.821030691118907,-0.0016659435686470219
2.5327818869511924,0.2891998628070289
2.653505383800204,0.08740613484028045
2.7860807489776462,0.10225516710726668
2.679849657151907,0.08644802880295079
2.713893080523144,0.052095232437967216
2.62890790405846,0.04186331966667386
2.638632133136204,0.039615919867551794
2.808868691325745,0.07556356359077027
2.955690925985626,-0.025339273767462814
2.9459234045730547,-0.032264374877316586
2.964252156124388,0.021126153385690703
2.728403957023668,0.13047215555970068
2.803528086569078,0.07668251609421267
2.8447520559422164,0.027575692901436084
2.671672698639831,0.13296200099860797
2.799365661149247,0.020238753033053666
2.785226737930837,0.06484689990575286
2.8060203332969955,0.11645549075895642
2.8017341037079495,0.11687155098696966
2.805087924489383,0.09635999842186788
2.6729691373800133,0.09087971704804401
2.8466424186482033,0.13683283990189238
2.6258790818001048,0.22737279188141202
2.6362179886597135,0.20487076675446916
2.6277630806175245,0.11902306606615758
2.6384357348795486,0.15637632948157454
2.6350870409329996,0.1429296658861035
2.6784996896425133,0.07575458675484513
2.7860025700227737,0.07768619108207657
2.8221181419403356,0.05107811211363532
2.6679803601324914,0.08685035529619066
2.63717521922817,0.1993820087453606
2.7985546097105236,-0.007329452941860483
2.7300779539952886,0.061359412088458985
2.7269562292509124,0.12444985278411129
2.768172891120559,0.15358633302165856
2.71604465946132,0.12553263661001365
2.6255481724236267,0.16955068988319708
2.9198091663842907,0.15135409612478035
2.8653509158565478,0.14200521699108262
2.850312672624457,0.1170674612772753
2.7270433000492,0.13011752323093556
2.8701601785292765,0.0023109321763937155
2.8325642255201475,-0.04190326444999636
2.751040031862419,0.08327765357760776
2.7585712039826817,0.07742899099229207
2.7202808235478497,0.18171385197710407
2.718494456348128,0.12155841753130667
2.73039426486889,0.12003728517794998
2.9769429737250173,-0.09287423609470996
2.964627929836615,-0.10846456360881253
2.9785750272268805,-0.09351133123095179
3.0927287463210624,-0.006411770883002749
3.075564353341507,-0.0004404009650034745
3.1270053852902997,-0.0075088825971277185
3.054312386971561,-0.09934820918155743
2.958492554050165,-0.07008843007015603
2.9342751199548123,-0.052346831396662664
2.939084042094871,-0.057554000574742636
2.987311301662327,-0.04971147558062211
2.9707718640651666,-0.057935293147456005
2.6040591693646036,0.1700766215462733
2.592066619645988,0.20138592060740287
2.8095264916553475,0.016680548128935133
2.7991258770356184,0.0009221934516609212
2.7060629964192393,0.16446274660276966
2.6403995052793543,0.06791936028686284
2.7337085991709946,0.09410357358508173
2.9213186899892096,-0.052115323806142824
2.8969849677598623,-0.06386873370379033
2.8969849677598623,-0.06386873370379033
2.85437847949933,0.043942742167707806
2.769130062465642,0.08964043809146062
2.8361385670394172,0.0491967998996177
2.6949759565878377,0.12441426264926674
2.7789807596473772,0.13173439071960455
2.775852894913711,0.10211581329452767
2.8076167377488233,0.06831936635751695
2.7824447052259362,0.13472826051131223
2.5840112301956792,0.12008777058052185
2.5683031537740737,0.1348693115343749
2.688448248254201,0.04758086067316313
2.8911185136025743,0.050660094859340254
2.7110041601793835,-0.009758859949332132
2.7202760958423364,0.2612397949310853
2.832955224961233,0.017865940332593068
2.7420568367529237,0.007070064331533942
2.739525640579854,0.16249574213484153
2.6986473930456185,0.2120315778555275
2.6674235994495445,0.1541389842073756
2.7753355407491247,0.03233306608663206
2.7487609196184533,-0.015654189686886723
2.8780052212736127,0.024279944858848896
2.7430187321041806,0.08097265311669256
2.6992875547817325,0.04370053971291313
2.814076155070066,0.031030292079492712
2.8680575611058248,0.012474428164578971
2.717267073283649,0.0866438978966974
2.643963794308942,0.19152309289995958
2.801242774766229,0.1006990475455398
2.9191000693609066,-0.03206982563605465
2.911389403740007,-0.029145569866448666
2.810809656661346,0.04014846295065533
2.817410446260611,0.1287777184097707
2.5805404005948125,0.17181773245918544
2.706783424193467,0.17358245424987276
2.7265407400702637,0.15578943180327284
2.7444401494955977,0.19377300349820442
2.7505552859294595,0.14766523614094143
2.7723391441083196,0.13205128829861534
2.776211332615022,0.02258983089765123
2.764046053547038,0.004944105809387208
2.8069367788000714,0.03676382915428034
2.777882040901398,0.021560649361213456
2.9411591700056174,-0.013206876320606933
2.957579795792924,0.019235107282549336
2.9010277975144447,-0.05825350225822052
2.8176679760492176,0.03398114314138694
2.9436317573879487,-0.0763561913575595
2.785386389789475,0.08711684163153992
2.779110445672669,0.1894092750360255
2.8541521647312464,0.07237012959360066
2.6372921495510084,0.08270818423629862
2.7064765138827744,0.1896458122117796
2.7620011043031236,0.22701633028720525
2.723575207066412,0.2498089141109534
2.8606414270924607,0.06385023016541089
2.688425561783624,0.09052201176018093
2.8416068527848153,0.0027813788512244
2.854307927287607,0.040202269254970356
2.8505481478017844,-0.033852424558915906
2.857822107594159,0.012875969789546624
2.8425775646660196,0.023495889756007502
2.869130521194523,-0.007462363621738803
2.5832071687997695,0.14970530931002807
2.666632456081387,0.2281401507910882
2.6454928472278736,0.22356254349104349
2.705740245901435,0.13330586816285492
2.769657848734434,0.18607148492187608
2.7813008121707328,-0.04378490023586496
2.777925418952159,-0.015280653434192337
2.779274626470739,0.13107169322064494
2.74915638838484,0.1089824327931386
2.76253687479071,0.052129941347354346
2.717949232537835,0.09035801568574049
2.6926539626506427,0.08104558569825139
2.7072494769357163,0.04557935434305089
2.7560430092497965,0.022807471728807448
2.7199055017352136,0.013732953803511815
2.7354381183856784,0.051913797088792304
2.7403549656137676,0.11059610944024753
2.7065523913827008,0.10489303653226288
2.824659855275496,-0.028569301378366958
2.7907210256968926,-0.01153716454854558
2.787820668361638,-0.013668920182139778
2.8155695693827076,0.08841117696278479
2.726773546124863,0.12123210155119855
2.7722806759106864,0.05940929610939699
2.8955212144512483,0.04033233610376053
2.7403392594856135,0.061608729144020984
2.7443914308015813,0.11169099951817812
2.68434740569609,0.2134039147294335
2.432633069961628,0.26719830497216723
2.4936319274563163,0.2699713886689359
2.8580408273145936,0.16632227370268782
2.8145444989162556,0.1542765561551918
2.8262741045490913,0.1751322242149486
2.8232971411822265,0.10555051854013699
2.7827729132400765,0.11135239098301086
2.818046218457503,0.11750846479268802
2.7637608858095852,0.0931206431857172
2.7797383236912645,0.13941299174334684
2.7129537706268656,0.0938285261542585
2.6533456149364203,0.06920811783247753
2.6679575011844894,0.06692525641184503
2.5702832260141815,0.23552537474613897
2.5681747470978284,0.23544868681993447
2.5644008489573853,0.24096507980364906
2.6739772894311695,0.17884381218222928
2.590522845001568,0.15897390650700413
2.8134463738914346,0.06264822497595107
2.6640293013136267,0.08734942170570172
2.8683523047245005,0.040041832829601186
2.845200468544186,0.051078937951432736
2.776733434310635,0.002739904496505264
2.7727772335622602,0.05135618424898304
2.720802602070177,0.0907178290131142
2.6331962164102216,0.12524760320933134
2.6373207922098265,0.19018675472307275
2.756746442103792,0.022493339028637954
2.9258497886001535,0.10487440456088978
2.947138773735356,-0.10611269394401783
3.0290314005769186,-0.005153450135331139
2.8607663654826907,-0.02691914315774394
2.6408677446077795,0.18974693410356858
2.6374882819386296,0.19399000312294162
2.7144297512824678,0.18657512768522072
2.6923503260388104,0.1510039568386495
2.6807205681637667,0.14768951890634507
2.6697404022768683,0.1573514602163069
2.6668671283585845,0.13869191796354322
2.812667645199386,-0.001231150982588628
2.5655011513880472,0.3501871711558771
2.567330716084125,0.18822568795111916
2.7305870404006956,0.12104418478077171
2.8286504641700168,0.14845981653757553
2.8611627677455056,0.20459826456373567
2.8803060591179515,0.2352942206665492
2.802324971932914,0.19602218354739628
2.695279653267742,0.2064588167457003
2.632502572444082,0.163968717679862
2.6859862616463275,0.10625571906235266
2.8466786301027103,0.011882941724314526
2.853753092612045,0.005119285740842564
2.6862991967271275,0.07514590330724448
2.6894329391023217,0.08944913214330394
2.8479452389578546,0.03378850414115117
2.7959975905263694,0.07309311976036169
2.778809959821606,0.11482283823305205
2.906281185350003,0.012606201392650342
2.6454537566866194,0.06574052063169208
2.863777434231669,0.08671774796573284
2.859461241230744,0.06240128694879686
2.8637751831023186,0.04048184852368775
2.8096414353281434,0.007737567057722969
2.697047918076587,0.10806438255765272
2.5521163131729807,0.15036522407034977
2.611014668214828,0.17953234447614175
2.6383989091258973,0.10823482907329933
2.7238557893026094,0.018807620422226664
2.734545577271589,0.007555696544537888
2.7384289600425626,0.034489057727710305
2.727740327916871,0.08014388957069758
2.743655390958689,0.10445295293950567
2.582860121710984,0.05194280010485106
2.569941028881059,0.025170240428479342
2.579393467759005,0.13307411751473094
2.822691692868901,0.05959521665515008
2.8770240888327248,0.02022926435365539
2.7550843011842505,-0.014001486952413648
2.667186336331365,0.16413711369254044
2.656976668160305,0.1386460780953691
2.681804371447222,0.06889746716747466
2.770710852903764,0.039118687339433855
2.7084110923572577,0.13073633474002333
2.6892011931918076,0.14526671337552388
2.568839521574474,0.15821184628004134
2.792662643400339,0.11439530592820679
2.634844961226065,0.07913246904818719
2.7120587335351996,0.03972216739923272
2.762592897138674,0.04030627240398464
2.7858369288611704,0.05229010050017439
2.6820040045258557,0.10561741860639377
2.8336160807690742,0.09946128747480851
2.8916598019786752,0.07519863134525243
2.780723160587675,-0.02253854256849885
2.70456098997094,0.026896723574609524
2.8021644429989077,0.04303010677871433
2.7501174367161574,0.13935628913228024
2.8535995052459637,0.037081393778868404
2.5851216655673825,0.13971436575441432
2.8468682332107913,0.03854801061775389
2.662166987018303,0.060218063801449354
2.675713033428758,0.1408216820521063
2.830184825321701,0.1340408178354723
2.9012180467006083,0.0581179149194165
2.846455398239768,0.13165158924159498
2.858726972819534,0.1434165712136967
2.639619229427683,0.14061765845862406
2.648739920061796,0.07531809519715793
2.7032087545770502,0.08553347053050721
2.833020173965029,-0.005726349879364018
2.8137127466436365,0.00016392759108183787
2.803748553999751,0.07874986665082329
2.865491350916038,0.13970525825851
2.7481915982458043,0.12779386913898608
2.8489372653986416,0.12359714674500799
2.9158634242514414,-0.01158595464168719
2.7670698466070194,0.013516390280013408
2.8950784414580792,-0.0024330503024351485
2.8527066767502753,-0.012441587414518562
2.695739693131665,0.12326802809792504
2.749352421308754,0.12022948157934141
2.853743432103273,0.027765347662448706
2.7929105679237525,0.04729312891592253
2.7078084852789766,0.03857927197062941
2.6964705723467146,0.03302443717161146
2.6981211866958037,0.1736236279049227
2.697452428352913,0.13402196899104293
2.7978164416990268,0.15931004834748536
2.6918006795074225,0.15242562996043849
2.656669633736012,0.05861108555197341
2.757554609233847,0.06519561068748259
2.7489884596508123,0.04028511557455843
2.727977367483586,0.03478688045439258
2.7674332653004914,0.12904828311200464
2.7674383606657242,0.12665572343946108
2.7202380296658086,0.06614123595732799
2.7894458072568997,0.033591413614009594
2.8087871527337818,0.09556858053771797
2.767692752457781,0.2260636359764615
2.585996690377271,0.07379201941048132
2.6745292856245317,0.13304547855163976
2.6909516518604835,0.06622538048737198
2.8158862654375314,0.014856620677477214
2.807317068819832,0.09477430162089796
2.723220202866039,0.07105418748199298
2.7692460151766825,0.18507944977325436
2.6412185217644755,0.09813924526177373
2.598250919460127,0.06204810635852351
2.657059766655199,0.10706962453419262
2.8818025499856454,-0.0002109666205590828
2.6727734379369403,0.06859376312732691
2.6413793928720217,0.16127476582114214
2.874811848253581,-0.012320555744243884
2.8955487976703074,-0.0277747446834683
2.8820256155301056,-0.04783734981847245
2.880975647950729,-0.03736634417425646
2.881271632327989,-0.02782953152846756
2.8122657897303505,0.08507473730863421
2.6258280783883574,0.10424612365866792
2.703960665569208,0.0851719075372842
2.678370485190332,0.07237580639864549
2.6663901372027703,0.05927700204748227
2.6859200025980594,0.171538563726313
2.7173624992099255,0.14201491430787297
2.6498283529343403,0.14227069315601476
2.784207479042502,0.04539622437722152
2.6541014077432483,0.035852409441939855
2.7828755507851373,0.09895697924662226
2.6542819691215387,0.036901981293418075
2.7168997091646725,0.11560427063351511
2.6812269440835568,0.1331951742417703
2.8331675079062975,0.0807186515497216
2.7685983014114273,0.15935414035356224
2.752306305986816,0.12319832786514216
2.7910664709085737,0.1117486972105546
2.7405864420241586,0.10120069380364911
2.7779022486674356,0.09057983581345261
2.7979364516669705,0.08319702836810351
2.794830043003037,0.08915796690312536
2.959078111628743,0.020622106934187076
2.9532319738676036,0.01591480761222845
2.6223950491222707,0.11992089688217611
2.514381958142669,0.1642768170854599
2.7911925147153593,0.14808289060452068
2.731951229924851,0.12698810871453686
2.8719707505616734,0.01709217373088074
2.831536194647994,0.025443017574356935
2.6901286285864994,0.005757623346268499
2.7857355844255776,0.0036756696437523183
2.799929228051413,0.023764278429779247
2.812294480679782,0.032745239524979534
2.8130186701685527,-0.007394696615501461
2.855463422515175,-0.011304944278208454
2.7331375745864803,0.09798253910077634
2.6835605353473038,0.055607052523009404
2.660358152264703,0.07825681171106917
2.773838858091251,0.18951742822435763
2.6942426382233973,0.007359791969400304
2.667953769955798,0.07872431632972664
2.7973424919884127,0.060944493067148005
2.819713396809812,0.02017153414942845
2.7461195323828997,0.1885810117292603
2.7544106831535657,0.1565350079047843
2.586918074045349,0.2845459134026183
2.60043729371621,0.2956695631798344
2.6597873001913257,0.20264966450299662
2.763760774501902,0.11646368104723603
2.9144187546828717,0.12536152211434531
2.7653447785212277,0.11905777697399782
2.7067176745577677,0.0805097653384997
2.7707572388643706,0.09562723709679125
2.8287313868039825,0.07339705459399015
2.9051928949586525,0.02384136624672892
2.503750887403473,0.2302156019553761
2.458152939570001,0.1674370021080998
2.9111122990407208,0.013856039889038939
2.9112527665950068,0.039253540917114735
2.9216994313511413,-0.05408669262891552
2.855237478899255,-0.012892632639419603
2.8293654569672344,0.011509314727888234
2.824121171199323,0.02533750201203217
2.8377857369523225,0.07660068065810993
2.7504933781913956,0.11709210996952538
2.5708861342489464,0.1332045799127223
2.719284374492929,0.2305219569037676
2.5501531437398466,0.10917478290974163
2.5844911546510607,0.13732183738134965
2.5647717068056135,0.23603316221331147
2.7050217819366176,0.20873789835486384
2.7284846625924,0.15069586124169798
2.604508845107791,0.22431232531570974
2.643991869863487,0.14557767797857807
2.747035261321028,0.08250905853201461
2.9180782708699358,0.009422653146112925
2.711810093133595,0.14092649895043402
2.8362511378485977,0.12300003892889098
2.8497837056364665,0.1235619685370468
2.754656537411297,0.012363634893524236
2.750761495673754,0.03815439210824186
2.7249520713945516,0.05637222269068504
2.814002150030746,0.07628031008801749
2.678520940208121,0.06826172840144518
2.8986618097095653,0.027413338207307226
2.800478651876987,-0.027781555172842157
2.6942249115587127,0.30996671857092567
2.7113156651827683,0.28880880760902994
2.714474614341729,0.2884654086263702
2.6664788475870695,0.013977498644675864
2.8376072322900576,0.02602581845702093
2.7407024520643817,0.05314520109903863
2.904632087693677,-0.011363474454598422
2.7751072797217406,-0.023598743457826657
2.750070450881179,-0.0380186928512329
2.908202826596883,-0.039173292336664146
2.812109044664519,0.06157677620001283
2.7826087529255075,0.02164244256593338
2.8097127153584207,0.056779651195802874
2.8370987571633757,0.04571322806707301
2.6816429219084768,0.13498300110824618
2.8016734738387234,0.07146737627895357
2.7639743384506215,0.1298959426941906
2.7845621824653204,0.14112511175476436
2.690570210834765,0.049412659253636915
2.7048465288169714,0.1301137558095476
2.633072968901366,0.27502051588139853
2.785810828920774,0.253440041734936
2.6243052301281105,0.16639606719059466
2.759974975138246,0.09995820217176143
2.7689827261186246,-0.01092096394710257
2.666507500150795,0.11114626099000954
2.807849420746369,0.10588740911647064
2.80117007460223,0.09901422341072647
2.785090176248683,0.08973743524674753
2.747461575327746,0.2053778634974346
2.5472847220494383,0.16736858781703212
2.7167951294437827,0.07689204619332546
2.6596084962568303,0.04918222684496566
2.749093534098119,0.10068507153394635
2.5516298661443564,0.1686185306651225
2.545935555463627,0.17402149747338658
2.679842148144874,0.22943036716435347
2.73076583784469,0.0871271530368287
2.7573750156193446,0.07092247239789078
2.6765037038577995,0.051903818310477426
2.9710741069357796,-0.005466148747525266
3.0923044435906197,-0.04356603102419655
2.957954544761649,-0.014457525708751688
2.8715795392080707,0.014667115301223386
2.8586056447439163,-0.028945831762391988
2.855926421067109,0.01717230307448701
2.8593760278168885,0.0171002762925262
2.877356752245864,0.028092961318973195
2.6567355776436825,0.08781676944725346
2.7301649827388466,0.11322631451405281
2.771584526908312,0.0309661777369773
2.7273915413146845,0.05418757062252544
2.7619808658065166,0.032404783265969725
2.784723104064682,0.06767577116721059
2.7517428881940305,0.08252248774241537
2.8419572056779874,0.1422771527331813
2.648974831854374,0.23931815918778016
2.6107062731070365,0.18560078991308937
2.513518660480947,0.1311549426391347
2.506731629585509,0.1770474159621996
2.7713040751593887,0.10630662777384878
2.736564238015015,0.13516133487436346
2.7224017467955486,0.1814013655668935
2.82643452307964,0.15036915090169745
2.8395804658574684,0.20587578750558658
2.8010264159504916,0.0897539038693779
2.6022986953714784,0.22972660093755168
2.7096314816956495,0.17459162976580422
2.690704191063442,0.1621158696275574
2.68964551672195,0.16455994379346234
2.7959792844937694,0.16681531303203515
2.6963870905069776,0.104401284189895
2.825289243734802,0.0032622327964513345
2.83733117819068,-0.0029734501220581556
2.7441164305381407,0.09430209529648143
2.6874231228718144,0.1348577475572535
2.637297734793182,0.15142931701487533
2.678840540258106,0.17844124050942217
2.7950512038330118,0.047727911897435055
2.7105358672603943,0.2051824126690092
2.6915524596412714,0.1122288677198865
2.658400557076992,0.038922191957846755
2.655322097651224,0.10739421658834877
2.5953302822440008,0.2571039393474859
2.578828099693522,0.15361828291957544
2.64496594995299,0.1524045306607568
2.6486065446267064,0.10617334420620912
2.638358151835768,0.12575089813442913
2.599808622836615,0.21364754692775115
2.787527933552573,0.24124489771980495
2.892651649674833,0.26817845416641084
2.8781455241086826,0.22002165951026792
2.733467257069408,-0.005498360739025796
2.6859641000048513,0.08995545743883165
2.7126188728967784,0.12072117862784502
2.5179582195995183,0.1678123811195074
2.646717717678351,0.22865670184196735
2.594662624362178,0.11117566219589647
2.6591682031453256,0.22673501746810273
2.6264280753764098,0.22689225997841733
2.661760090506722,0.24002524013247256
2.6292623408073803,0.15226546488275294
2.5426120990406216,0.11448518331822749
2.679020324359739,0.07989625160530908
2.6576920571195606,0.1613331427670338
2.8886423782405037,-0.03739284039226241
2.87816024616312,0.11364672050810334
2.8998453461724676,0.06352927367655527
2.734563716151419,0.09059658230717826
2.5661454355619426,0.08958073322576057
2.832203770413424,0.0964341038674092
2.8367905790274035,0.06615472475521861
2.774985245909977,0.027064314759034286
2.7099742156331432,0.11480473095364269
2.7601921832866236,0.06516324070208122
2.763109652073491,0.07844727378978
2.870582085106341,-0.028747417473283066
2.9262348799941207,0.044508425457549294
2.8880370812643013,0.06618214519497463
2.75972079274328,-0.0034940410357355
2.792506700632887,-0.03219187152147595
2.7546274191648337,0.16023712427798797
2.787188639535581,0.13871914722592407
2.7829931457876156,0.0964774104994523
2.861094329192718,0.039439734313543404
2.723669826196444,0.14080764792112652
2.8366822765875535,-0.030092621929847074
2.9240126244897935,0.032626900386821915
2.761845402591073,0.06694863671800245
2.9478953514166144,-0.049430240597511506
2.9545037038420334,-0.057557820349901506
2.7595709987989028,0.07849159864007156
2.860740771377973,0.26186311508715343
2.663844677492889,0.13561248747629864
2.661755140578382,0.1573555682729875
2.692022024606582,0.13399292529538376
2.7346114178117142,0.10415793988567867
2.7949315333062557,-0.007783424788753367
2.856253737347649,-0.039134537034557715
2.8297560083774265,0.017663328763294472
2.7845914476110507,0.055582025569751344
2.7649324004478757,0.14094583069673833
2.8461864154798766,-0.050142684456082824
2.941330057226239,-0.009830274646952169
2.889243756367742,0.04274295334051064
2.997969308522398,-0.09670928574514863
3.057594157445343,-0.07475782005619987
2.8649378787959,-0.0006363946922892259
2.864577604548471,-0.027265277348674063
2.6317747975336765,0.25266156873287976
2.6320123494909415,0.11448886966312988
2.597662081298829,0.1645036096988177
2.644386732262631,0.16271067089919003
2.664285591722983,0.13988466216228096
2.577502237481328,0.1911206056663879
2.7465474959195375,0.3186551590707666
2.7834502348142434,0.27522772426819003
2.7958907344915245,0.2665339051803605
2.8209938746684062,0.25371444100048357
2.7184404583406607,0.20885913702874262
2.7434286900932623,-0.019139728406077892
2.756222143343925,-0.005598264872003111
2.772457955624898,0.018976995050017247
2.8897347393727792,0.019883858840275284
2.814889736480404,-0.04109267291058567
2.8861108696687587,-0.03111706834853063
2.752572727823288,0.09281627846326634
2.7080394271441017,0.14992928808821862
2.704386470863428,0.07838586453060975
2.7149967567104607,0.11049697261090043
2.648967802424314,0.08069400065267572
2.68063562444721,0.07124770432420197
2.6876285201805654,0.03235271280028226
2.6238961177992146,0.13754429235018903
2.8178000175507325,0.13010296511795033
2.8070442453660145,0.10482013678336868
2.700275371970251,0.1509211624854555
2.706901523922499,0.08346238422202801
2.726173887555741,0.05505479881470341
2.607092286054522,0.16627229752104847
2.6087000623303345,0.177154944723533
2.5797506387579623,0.14672132186331488
2.645520875679871,0.119540272768297
2.708542577957444,0.14850887594386844
2.692141605429503,0.13099313875709917
2.8113969169841218,0.08314649014389308
2.8050400474708055,0.09301522210369768
2.8210712072726745,0.09950856991341524
2.7013037991492665,0.04753992343487173
2.8013538842966192,0.060610419148285084
2.710541231385283,0.09674484274674056
2.632223930372515,0.0825407131944768
2.529462552545534,0.10087224822278948
2.9663078713776065,0.019793218767622477
2.9495299032877558,-0.0007097542893381146
2.872843469249658,-0.046695712989621795
2.7538856226303285,0.134779347695739
2.7734393570516866,0.0627360906566366
2.760331106826076,0.040581917961438306
2.661094609981519,0.05804509859969308
2.784844392534011,0.08354143366410877
2.731216706334649,0.051327610871337394
2.6722066765752484,0.15596760645154903
2.702722969470543,0.12308061817523133
2.71962737841098,0.04880356807561685
2.7717247200578594,0.2236012085476324
2.765270172918514,0.182248032804579
2.6920407035215352,0.20549350769996452
2.731332536774156,0.24164631719268037
2.640603760638725,0.29594778729425814
2.775268886474552,0.0884676384434789
2.558405966731921,0.20714219030716008
2.6684431445905634,0.17609745228770846
2.5226172347939513,0.092704286345029
2.6003482466052295,0.10037870908257743
2.5882466442130942,0.082104805229578
2.5981055738048537,0.13650854773908155
2.907220289919032,-0.009616102487622645
2.9183938593988388,-0.04377958693229527
2.9954069138115744,-0.07722885384430962
2.9865999666635186,-0.07919050307394591
2.9958823732122686,-0.08506190018455977
2.819338569870215,0.011953049227948117
2.7738064463890137,0.04601280367762374
2.7882739278297604,0.0977319373108072
2.6786029139746237,0.12950744308014975
2.781914775110486,0.1088837294609306
2.70960337475414,0.10816479189900377
2.8396855765076605,-0.023936550513557267
2.8052378106597398,-0.028674757252681902
2.7277236468073807,0.11795536478941139
2.8129395021824077,0.028291845302670583
2.8856060007001614,-0.011743537925455481
2.790016616044342,0.03803000343276985
2.8890677123530066,-0.041550413660780466
2.891230948354835,-0.03703243660478012
2.9415817913405027,0.049319956247434994
2.940194694424198,0.07028943395136529
2.7527447300155834,0.0692131739829637
2.7830997035348197,0.10679930093552281
2.7691847277951025,0.02007026439298343
2.729970939402337,-0.010799212190799422
2.8295692103389847,0.17372456377625248
2.761308068357845,0.056111373391015226
2.8133815510244906,0.031384998767000856
2.931853776355386,0.00916470291427248
2.841486630873329,-0.025146131888030457
2.716225911509144,0.19128430524486223
2.804886654621748,0.061351912664811416
2.6396225411933125,0.14260445635235675
2.6759265198824274,0.14819551940817047
2.62355346083574,0.14401708271931016
2.589620045380454,0.22850299121645526
2.601594740830901,0.23596733121739993
2.8556097544729786,-0.0486678720832895
2.7131159076167037,0.10918760135247564
2.8353522591144706,0.024084716467691274
2.634293425534726,0.0927230938333233
2.8337351150392536,0.06608628882933096
2.8077737656888564,-0.00635438861778294
2.8271418323895636,-0.006594068028159256
2.671653948012478,0.16634142250900372
2.682581750735779,0.07606863334498949
2.6822101300870096,0.12365292689166005
2.6969888556030575,0.0731549583240983
2.7081826296469536,0.0893852992424655
2.5342203028120527,0.13940670352425524
2.783421557264669,0.24877306822994705
2.773955222401282,0.2487830708146891
2.43381546821505,0.1971446261850167
2.4195574931347408,0.23591782525624638
2.5086792914672404,0.2639429939287562
2.676990930022738,0.2123019751174248
2.6559685493804626,0.20757723578408133
2.6467679848078403,0.13752833442423198
2.7684784022708184,0.01424049007258978
2.8501934385289287,-0.02793252775206471
2.852574858485825,0.020484363453982316
2.9277470147381166,-0.009904853705515413
2.9975719999611443,-0.04931613470801185
2.8529821049142954,-0.06220553127263807
2.877340426896611,-0.02988556236085956
2.8814550789061997,-0.025328652905101386
2.874044558526799,-0.05126175515189841
2.704387881247807,0.15687656988051837
2.6888377026032395,0.2267149551398542
2.680755671631209,0.2650129609702038
2.450957789623179,0.2805475498310351
2.753220882782097,0.21282738740821833
2.7555025969688045,0.18180671749174124
2.7704679713405187,0.0887404073309578
2.816011939480995,0.07005288721447557
2.670923634163093,0.10886228142681666
2.57958591967356,0.2148593078123059
2.585224417457475,0.20921339788326093
2.591755711824048,0.22569024857207184
2.5443558246770004,0.2406706482731292
2.5698188386889442,0.23419096048771315
2.7298477916142585,0.19233267811914656
2.7780833742105857,0.1911900974534804
2.7347859589473766,-0.02633443979829893
2.7686831299524113,-0.028060612514432946
2.816002141394513,0.034574854101173974
2.659255089210025,0.15631998607013317
2.842389168689523,0.00990241168131997
2.9627998952099808,0.12173828014981462
2.969769385515672,0.13175571310963022
2.9732330996752596,0.1133179274086385
2.9676471206221975,0.10571558361814741
2.9296073334009716,0.12649249886054634
2.9353258450816817,0.12996913569729604
2.939021344472218,0.04032429345640418
2.8338639499184586,0.04191735308342706
2.9213293942601797,0.017464571940480404
2.888754013732015,-0.006912617602098246
2.942259062224676,-0.0497107315645022
2.5265254636806747,0.13603444518594174
2.7502689919060233,0.12739792805353298
2.8036973264644396,0.11635179802854148
2.8037474623042877,0.09104682891813479
2.7209422639767364,0.04096586796288267
2.75742749727923,0.02458651897515417
2.7278585098801336,0.12392185178735185
2.7599285816666987,0.0496955869449356
2.7557739467345908,0.0496369280601002
2.792646655354829,0.07642010725467374
2.6845894197183586,0.14312877816516892
2.5856013286599597,0.27426245160175
2.4872589215900542,0.2976912048728852
2.682916902072455,0.28400260206954697
2.5929410939900537,0.0849460176558113
2.6620626697616028,0.1885982833560548
2.647486175632306,0.20438131648041727
2.5980342366098537,0.16968896248226784
2.8560926175244563,0.03468881022860992
2.9107219500805095,0.07010815883113601
2.898411235528028,0.07197102412518537
2.7588463651988597,-0.03591928376307297
2.769072455744056,-0.02768577973578379
2.7724568268991563,-0.023687363914256476
2.85404485165225,0.07781357109087537
2.9075926983650215,-0.007396571071771305
2.888120376557824,0.017969079594680446
2.7405929715450403,0.09022178416869348
2.645020782244916,0.06879499551079536
2.8721466508229105,0.06619480510643659
2.805542713316054,0.025667699210883205
2.8064942538469904,0.14209854875734712
2.7622911511440322,0.14322114759917534
2.6570088838128183,0.09042600108707136
2.726898546495755,0.08559290997742228
2.842227280923682,0.0540246065050641
2.8334012216990545,0.0002237215031006476
2.8648156281248687,0.027646891883566418
2.929701274391838,0.008264536546460022
2.9083470076211575,-0.015614450861362955
2.8414427632912775,-0.02061106758971536
2.7561611366194763,0.05148430946729123
2.7358613377249577,0.04142614618969674
2.645731885116506,0.16930736613094574
2.7934684793132165,0.05900052651502725
2.734952273036489,0.059459211738444255
2.7496334958993525,0.0526323782191547
2.8949606277757107,0.0003036547086839373
2.8439566931956413,0.06794380232644573
2.797282965522125,0.06258591328763365
2.779567864763223,0.03252855957872657
2.7297545600957025,0.05219052608915032
2.6996099166175993,0.08515115517656476
2.6855131331436874,0.095463391475066
2.6742762464555656,0.11636632039128107
2.6475679275730353,0.11138739729770221
2.909439842852366,-0.014150511947414124
2.8048550428323655,-0.003550986634526487
2.635974194223529,0.18766330373841342
2.780789062712313,0.049013561682248685
2.8540972996436476,0.11419031060926366
2.9441973232710175,0.05600089184232078
2.7394937919709834,0.07498813745946084
2.4909623169900024,0.09049231503785415
2.5827623985949097,0.06648298692313886
2.593717145843509,0.041678106215890916
2.6829011097345137,0.1709754629197619
2.7968919413612485,0.11170976874383359
2.715159377293225,0.12477628539624869
2.7956296688997524,0.07752629767406591
2.6829785902424037,0.08784646269169655
2.8303099330189996,0.04333147466817895
2.753135268827504,0.1072946804208309
2.804444542926572,0.10060671783061997
2.7421593934555237,0.09009899643395804
2.6770496879024557,0.12943480304261293
2.650931788055111,0.07832296642683152
2.7446305266952704,0.14294773478506698
2.812937412337716,0.09944355354330262
2.8281485132799946,0.05622227399108174
2.874889338020591,0.049293316161084025
2.6886410870279254,0.03377973753370374
2.761892594775418,0.04482320787504936
2.552795785796883,0.18463917740567465
2.5717835538726073,0.17688046365604124
2.6852030129913693,0.18764648776480128
2.608968419770057,0.12458793554971423
2.674989541441098,0.07815731273513149
2.6886734511895893,0.0007757514325493819
2.72124227556758,-0.002797146685740795
2.67233641667927,-0.017263536611392266
2.6729422951919166,-0.019299387654875103
2.70680229952193,0.062379396662761134
2.673028172308774,0.04418440259000438
2.683704689746565,0.0638950484495118
2.887360883364012,-0.04765451107808813
2.743259490247143,0.06469219096651299
2.6392495895925348,0.1576607302684301
2.749651607189878,0.0618148985871458
2.6729025125842245,0.1045778007139667
2.80613517192371,0.027391549258339604
2.7734005479782984,0.06357287968864653
2.820774412552161,-0.04574175993200474
2.814128637300285,0.010143364959384971
2.8450038594882914,0.027221957066718754
2.6306209043398248,0.0867806817883882
2.720300562966224,0.16171051292841512
2.7509977035301336,0.0378248008849626
2.935788739234787,0.06220267358913747
2.6227406497778145,0.0690685160707634
2.63781299207645,0.09718385362194872
2.6441187437722733,0.08833640290513523
2.759281163475531,0.11608233047513233
2.924969172134541,0.05996404571520847
2.848856580468195,0.032877300325721816
2.6931691804054023,0.08145903665769823
2.6515239195302427,0.08308061644030562
2.7136241610916394,-0.021460688571562934
2.762843832978946,0.0012185594693960064
2.7561920338210357,0.1298662639906785
2.719050752826409,0.05439919180555541
2.8516751085521905,0.014070266041558302
2.9110198370371863,0.03888031493607258
2.7696193002225544,0.11370296206900929
2.770501809910326,0.11302386814611479
2.8153550035804495,-0.035809801816693534
2.7830396827052613,0.07419589220485705
2.7626642452422243,0.12584433503017073
2.779649740069796,0.11738685390477858
2.5962981226473953,0.1638096352895467
2.772167401300403,0.1260807426339178
2.576701369046036,0.12636619426177448
2.731147520874012,0.21991253014811593
2.780817239841396,0.18526590938960552
2.742160717584466,0.1257104242407353
2.820128966886257,0.1390618351565502
2.8810702105556802,0.14755132402576723
2.880316039502766,0.2660394192774152
2.8533599339601468,0.30144383254043033
2.5865161197477513,0.29406126100630653
2.837193090289401,-0.02410342363735033
2.844436113503307,-0.01299658959209078
2.871285911387062,-0.029080035293641993
2.807350934715553,0.01346826628069815
2.715553805090545,0.08573984662783389
2.827886429426476,0.01473604201599574
2.8203378561762835,0.0303495013929196
2.795649217259374,0.06140056433417188
2.6515498217492026,0.06531146830649977
2.768107750358158,0.18430754050395848
2.7279249927707574,0.17863762146952528
2.6751647016716524,0.13769225274167393
2.6192209135474505,0.13153941945811715
2.558260443886072,0.14033972116830792
2.475225693322881,0.1769270955453509
2.7384115259667086,0.17137055778552493
2.731150127796791,0.1433297968752065
2.582853330805756,0.09040399779811911
2.6438978107028386,0.1374073574247465
2.6618851332707294,0.08817456825189539
2.7008213637579956,0.13836756497612673
2.704051953306024,0.155874833849114
2.696534803621391,0.055814537652015495
2.6592646630117405,0.05137628095481854
2.666111796827951,0.05975030575223754
2.729554772827449,-0.005389294429935948
2.835869473098569,0.11475749516451368
2.6545627341765323,0.046770983703821545
2.615440223242526,0.10624963856637416
2.685372485232351,0.10432243046106714
2.8237747024739313,0.03358921991991342
2.6740447681144968,0.10337992691734849
2.726297890431164,0.011604252067423585
2.811944566715675,0.05316120446912914
2.737002881428037,0.11246779920057529
2.845187093462738,0.09020550515197115
2.6266921259819784,0.1170428284489059
2.760682392597589,0.07228022659794746
2.847643107512225,0.002318594281774895
2.683731102163769,0.14403301624509451
2.7489234555128625,0.08239838190762502
2.80357325517489,0.22019084041152745
2.810465211374319,0.22476369933786794
2.7521126008712997,0.15671711452107384
2.6110087504984847,0.11934602212553337
2.58543838706663,0.053008233645297775
2.527738106440357,0.10639690094302814
2.936589863798414,0.02035071636321428
2.8896663981998474,0.060602423280734535
2.7299594473613418,0.09043286253071849
2.663015183020436,0.1854886459259967
2.8415577128565004,-0.004261783661333479
2.723213303294322,0.07564432624632719
2.693411405810027,0.08390806947771214
2.704027773344047,0.03793450111294886
2.672767768514639,0.07052315469446649
2.751542242780617,0.1277585380901809
2.7762378460140766,0.14782680926535438
2.7420354377399403,0.01914038635526839
2.8641351487047357,0.06326098710626614
2.8754277387050395,0.08391179419952931
2.7987335928225927,0.014153007862742076
2.9474360751061273,-0.0327628425614779
2.9372551904328006,0.019636566021533314
2.774435086267538,0.1260477401667322
2.7325358582396517,0.08113239708682761
2.9149227736642214,-0.02399658799027512
2.917695471677234,-0.07644788113605268
2.9119445752851636,-0.02577680232376762
2.786446549601407,-0.009939631463400066
2.8162163910498657,-0.007740599844188555
2.7752719277298494,0.003139265321444984
2.8545392692313,-0.026561896685495162
2.735278282353365,0.03992041043035774
2.755721594623411,0.1488042216589282
2.6674835747151966,0.09019853501363093
2.7946818602543777,0.12560214102473463
2.842050899167851,-0.018465594199378762
2.8465134507953183,0.047751101254841215
2.8431567976428207,0.04250525469610383
2.716785001708457,0.0965620541441588
2.8512424764163447,0.09165178391058718
2.8431556846888335,0.09261540678696924
2.8443564923873743,0.022444611771304936
2.725152116612887,0.03815574315933548
2.6788559175735576,0.12226957630962318
2.6270549083286006,0.06794976567039579
2.5869545582343245,0.09154039578177461
2.589905016857371,0.09309750332140346
2.6756847387937133,0.08222835650803353
2.8367497506756036,0.02950869315008374
2.836584543278911,0.02582354349308686
2.825737955626038,-0.023865432936181912
2.7060743001407586,0.07820643144561744
2.708114974547957,0.03906198956120679
2.685865968132102,0.1849948258634852
2.6790806493804533,0.18695312775582987
2.6309385356344213,0.13168861729309525
2.606648136605995,0.14280839377753243
2.6689313208120473,0.10083577743862898
2.618785574918585,0.09861822724747733
2.6162413173947985,0.09267933663620523
2.663709668631615,0.06582914162678777
2.9195220894907137,-0.04518835609372236
2.797717998736816,0.08600232211623152
2.725028192605863,0.04830527011353207
2.7813356418684836,0.041562870710160245
2.5782040555354375,0.2124400580306364
2.6311930202411986,0.16262807637554091
2.7713350611274996,0.09715441757782507
2.6577591238982734,0.13363369977381165
2.778160292452555,0.09058170030337558
2.759393267106434,0.040185668641924015
2.736154555968407,0.033694509155812596
2.757068669051616,-0.00028300419439003955
2.75566596217823,-0.01865122448794415
2.7222190083236155,0.07533286252784555
2.5983105209321073,0.1380585479984816
2.6339130541826967,0.20458026446255284
2.777921110472288,0.004589818047733086
2.707581164634157,0.14715111246163426
2.7582789058537793,0.022872336340600007
3.012332955222106,-0.013424575432058735
3.052191038569214,-0.030949663192886483
3.052191038569214,-0.030949663192886483
3.0544648796117255,-0.028900121056447053
2.95192659913275,-0.046484106494500695
2.8401571964058085,0.03487531219787215
2.7292229026625394,0.07323354285874589
2.87239698484044,0.02291383175816441
2.656391223722645,0.0981910898966293
2.7669772134788313,0.07005464977065448
2.872599438922021,-0.026634648388399424
2.6291091856368363,0.16364422418067556
2.708432928799093,0.04912462204627555
2.7635110213145193,0.17103168238261365
2.658572743164795,0.12858708011570674
2.676743235303988,0.05782952614134197
2.6635922419030527,0.08834877220354966
2.6705029871054577,0.08672990700191047
2.6220154000880194,0.0415867506708769
2.6810731625602555,0.1345280523621099
2.796440113108284,0.018747917972804125
2.9346049507895775,0.03132164310202524
2.775626070802834,0.06737812618758157
2.651938290804158,0.08437075840573179
2.776066304552885,0.08524032135657075
2.707560216612058,0.0491128840965644
2.713778385675913,0.0506713264718751
2.8578398481918286,0.05896778741936323
2.768501816069325,0.12472015818529467
2.8377195584439163,0.008300779005664628
2.680153158810458,0.17885181799520206
2.590246910002305,0.10330277252927657
2.604479955442929,0.20679072097243478
2.644427664893833,0.18148252515591673
2.7866931473894163,0.0259723822291225
2.697630133714337,0.13823739396754248
2.72827982251459,0.16116154466885205
2.6092853058510954,0.13498275666774212
2.5985932693576865,0.12328467352513348
2.7657558304084717,0.06607196334895071
2.8274398475343747,-0.00800995165154518
2.7370861298371523,0.1271755281718978
2.7106575165059468,0.18478475851504536
2.661586799800399,0.10485642094825219
2.864787126037987,0.07265710927316052
2.758188557862829,0.00854710802315293
2.567454977350323,0.1350923110855747
2.5618470705750642,0.1372158059447936
2.60023789940404,0.1487829317436954
2.6520171192939364,0.1276200541772948
2.6947762985666555,0.18000516890427237
2.5971557852804446,0.08439162520373354
2.6092832843576175,0.09502505591300883
2.6970420895189426,0.13341231797738767
2.658761069167683,0.13072974757180872
2.707378661350054,0.1596998773850479
2.719253948999206,0.17372313255909017
2.6868071726073004,0.175639969123691
2.8372680000808628,0.18037067978202026
2.8365388360860324,0.1750448777053102
2.905869287536263,0.1582420672503035
2.862204388576513,0.02036484479668559
2.7326263847201147,0.09616453837739816
2.6670821434249805,0.030541979601564802
2.6628711598902015,0.02179323448313907
2.6792741646944376,0.02571898590210799
2.6702625108118716,0.05590947661853273
2.702874484470674,0.24885129772677564
2.75563369185395,0.11202662249625026
2.5926883334458517,0.105472515292426
2.6412975690756006,0.2719339518300525
2.5521073757216173,0.12487607445069115
2.8011557529810363,0.17116862580327552
2.765977295994008,0.13186117705502898
2.7975524704678607,0.2071938114299652
2.6031783175858734,0.07667773977174154
2.6150583881700626,0.07600326547210501
2.7806622844981335,-0.010361925200518466
2.932913777401007,-0.0640453173028825
2.8870257650975972,-0.06572136975526346
2.793189820979318,0.05200087077636554
2.7857715371233405,0.08643462548472089
2.808710514067456,0.06784585414982457
2.8066149347477403,-0.03403765326808424
2.8088964512156935,-0.05994718159162287
2.8164918986142515,0.06445039813517404
2.8316730722250254,0.09333731474113488
2.678320252968339,0.11982653227514439
2.7155687371234816,0.09019540036354845
2.588342397219556,0.10900039624086873
2.584962332975393,0.1094343416125532
2.578103237403248,0.14045708074041435
2.7833263162719475,0.10329560355987069
2.8280531634699915,0.09208396426957363
2.595619206853348,0.09367268999814087
2.915666761849356,0.03167700072435801
2.541474360441167,0.15566635785054578
2.7235839923494107,0.19656339200065728
2.598892872999156,0.10969513211994365
2.758613903778423,0.15568773525435822
2.56638851038845,0.2012256402190212
2.692038838530951,0.20411440121873228
2.612206052183514,0.17782925815920314
2.6039349082240686,0.28607590721033155
2.5864712499451383,0.21388416902311297
2.6327164309012643,0.16829026717086085
2.786369152936337,0.03152471001585067
2.812236037395412,0.06455270245279712
2.7430581950795094,0.13914127908577528
2.7389872869711533,0.06637748742693021
2.7924375031994955,0.10330715080480565
2.767713408964902,0.09514237023121108
2.7166619973801818,0.13501176002224485
2.715837047538296,0.021734300884057298
2.721060292197517,0.05066112718598832
2.7616809126960944,0.08987873266855921
2.599773513552586,0.19909089209594097
2.7348363400994016,0.09586826671234451
2.868696915238583,0.043269004219767156
2.7530371965933735,0.09404488626638641
2.7345885567471915,0.14025015970713808
2.7989397627635175,0.043393905478745054
2.9193954218856586,0.07534026340706187
2.926778006382744,0.007372732353020371
2.5921830310307015,0.14745536204389875
2.927984469786694,0.10894121204517004
2.910038889734862,0.10546404784510126
2.797453767168239,0.13993869703221543
2.769369134221014,0.1519420406934741
2.789791729541041,0.15863297326533282
2.611732791820778,0.17244916498962864
2.624817038695729,0.11352917080802669
2.6785728856119513,0.133389312946055
2.7174133558580933,0.07736855507420495
2.7969297190641598,0.07403982853491861
2.746049742009213,0.11092458430342197
2.7986636691194353,0.09241729391228692
2.726353880206436,0.10160446732894327
2.741071592089213,0.10349454662282673
2.793262194282845,0.046605529178975515
2.8422168515979958,0.004967788733824611
2.6848591577248198,0.13913080354339546
2.7129462627159153,0.008751888508946863
2.8442113794084345,-0.022078591386293166
2.978180240624813,-0.011681855758020344
2.927048172270348,-0.03350721282369158
2.795587037700337,-0.011128053037826265
2.749240787093962,0.13117403789797658
2.692411490304012,0.06923976283952885
2.802454549836399,0.13876017369518293
2.808076822805365,0.03996003236964217
2.8185489069088483,0.030889676948495447
2.786980865090736,0.02412710701860319
2.8272591587049796,0.01620208057791686
2.7944313610471125,-0.0010886105361339231
2.7919068128302316,0.0014260160428447787
2.746838427738123,0.12910036880264858
2.7059635160089415,0.03345687924761226
2.719110928438205,0.160835633975075
2.8205726498043076,0.14625995888707344
2.7923654746501665,0.10113425482697692
2.7582510228965584,0.019718244396733853
2.543124898545907,0.09857114369089422
2.8769013263120278,0.012965238543992341
2.897738790904843,0.048605828167116186
2.705746685790784,0.005569756766605186
2.6580770008270482,0.023817890455721642
2.6714625148269895,0.025194617525301357
2.605600597617169,0.10286497545130104
2.5956513597928152,0.20089585125587178
2.8040325665197408,0.011632480860449677
2.7127526059515064,0.1353006645833328
2.714089920124021,0.07976924804170331
2.8323300828589044,0.02497449503549496
2.652424561955119,0.01506475565685391
2.7384119806609193,0.07486418611383089
2.675246098047466,0.0605982659196358
2.707327411598151,0.16770511888500442
2.714173118030065,0.14117549937037904
2.6495304898875487,0.08068020375301736
2.6775914793876563,0.1755412466793767
2.7673211260280564,0.10113743648372195
2.6158498774402257,0.1809179495054999
2.532654560083983,0.09458477026166487
2.9952619791922914,-0.004241293811700237
2.6355756935385495,0.07195503937141398
2.949885481657879,0.018501148227479818
2.923818747999688,0.0026592730303869713
2.8561566298618586,0.02923576296077274
2.904453301629515,0.016799368769620408
2.916808674189954,0.017457945017801603
2.664486843228991,0.058672977070148284
2.695361868680201,0.04220460314081409
2.7409539324940506,0.10659263612246098
2.721805653248981,0.09257567192445128
2.747719542949574,0.020338380040626422
2.7724060130893298,0.00923168825536297
2.720232182828366,0.114775865174975
2.649855574543349,0.12492507400703674
2.6930775617709544,0.2225672764558219
2.6756521642339353,0.05971935651196178
2.851982444515482,0.06099971218387736
2.7683327479631097,0.039583654754898875
2.7095971212973464,0.11761409659676304
2.947621993224537,0.011317620203292375
2.789363051537733,-0.017991488865568738
2.737352605022932,0.03710360949509578
2.7244187253371543,0.13232130101982814
2.690340442875519,0.057021532671822465
2.8729714571361686,0.048277142724061715
2.7575440355716005,-0.056079676429541786
2.808053199975949,0.16619539441374348
2.7161974622604528,0.031507265134049625
2.750132299456114,0.20095015104420597
2.799828534555675,0.11331470152894003
2.758272142896098,-0.0015390084512898752
2.825038138463736,0.22652075538061814
2.8444166771487183,0.23284952323912578
2.6770862821025987,0.253238999079782
2.7160078939980035,0.08672172903301978
2.7718610205108356,0.14251156847174307
2.731665228474006,0.10234613136140795
2.724534269955615,0.08101838324425113
2.642527088897789,0.13039325329439738
2.583387473829952,0.2153710548631744
2.6988114766708042,0.19028139649863507
2.6611733124748658,0.18163644996552722
2.6119858312430937,0.1959681292870186
2.557785137236503,0.21646726671600566
2.727676023414344,0.11056711935288241
2.790810318393268,0.1390814418461843
2.8172335028007347,0.14050761880142937
2.840661083094362,0.10258871191147476
2.825935187427948,0.12606333611279813
2.8772503342757436,0.10852807253434989
2.8521382881969117,0.10430498524852531
2.8349543871718668,0.06220483574207762
2.8225103343718985,0.09385291517456891
2.6729945778360533,0.07353448965472477
2.6501204803766805,0.07827348919519654
2.663966931231605,0.053897690430058015
2.8453317334647132,0.043315033049127545
2.6898200079275543,0.08702641812171469
2.731533807679282,0.07874455886410107
2.6292186647893296,0.06765426252262262
2.9932719799288496,-0.00446082186812953
2.9630929056933586,-0.08398540405783307
2.998929879293657,0.00674981747635311
2.948502397882468,0.024414450236814062
2.917031415842938,0.0013661342504631246
2.791023495489971,-0.03433115444224853
2.8811008306020134,-0.03244019559862231
2.8680846308252845,-0.006434143058077943
2.7361640381607577,0.11319126306746109
2.719947334816398,0.06617949680830912
2.715323430001439,0.04778697840177659
2.703347081845932,0.0643171262094509
2.656161717768531,0.12867632560670855
2.672636744054708,0.12320045097209908
2.784429114907841,0.047938370719190534
2.815844941141604,0.008881858893638218
2.8945287351189957,-0.049070546701525476
2.891777558347434,0.00048432091193009524
2.9317772918971814,-0.004142986455120271
2.6483183280202587,0.0991099833634763
2.595631549932162,0.03924959178688592
2.675879069693584,0.25785949537150094
2.5787879583477418,0.08757592437666346
2.6446294153510137,0.15059780277396512
2.764948868617384,0.1300152865849522
2.7464211355731742,0.11251142538846882
2.6510041239189004,0.1136718163894857
2.692812583324292,0.16439257390880335
2.7586036789236985,0.1352129893173928
2.8675625929741972,0.10336453514525792
2.824125519704086,0.1407833564118341
2.796003138346079,0.002135302617612588
2.701345355458213,0.05887040319431781
2.7456935696040072,0.0002537462362302358
2.7209597471629996,0.23264592278300958
2.675005893059133,0.2651915782644507
2.5220481419479848,0.12721786751799677
2.5385101348399552,0.12474236868170449
2.630683336667433,0.08860211004696333
2.7329182915190646,0.06885137818550227
2.815552976652534,0.1059713199227863
2.7341337340942187,0.12467874187263173
2.863256774628604,0.04145487801609534
2.7283494719067156,0.11248374767424654
2.654707637892577,0.19159000238094046
2.5801122582488856,0.29220387790379276
2.657210297524042,0.11233005463076744
2.7025717879350677,0.13563661428110305
2.7256439393458405,0.027582169057732194
2.7285049766725353,0.07150286031396841
2.743780471543696,0.04414709691957692
2.737107712387162,0.08653492189681458
2.5839129387248994,0.08993648810059633
2.566933737346424,0.08651357602959486
2.636649012075134,0.11043808298639736
2.793148688479497,0.100960237827117
2.7180065512978273,0.07426336069923282
2.7675930815876213,0.18665356262315308
2.548190945712252,0.20073924414156072
2.6294917671453826,0.2183408607362943
2.638034875788936,0.15257429938038441
2.5733594064139624,0.04435517934626868
2.941914240014492,0.07016048047422133
2.896154012815267,0.04123461402939052
2.8927188618283757,0.026014545487257033
2.8125267682093926,0.0821734412098337
2.6380868585032444,0.08848062136723074
2.613017487160072,0.20480059067960857
2.646057180005758,0.23002273276020596
2.736026196158071,0.11101842164634368
2.822171506788965,0.06338918042364257
2.8648851990387696,-0.00486801437625236
2.670094223649765,0.13747845143028922
2.667553823941179,0.03864836742964184
2.673965479939962,0.2591628414243971
2.548127056751337,0.11851634584384453
2.5812692508226025,0.11006927418105807
2.6435168980353603,0.12314023870713003
2.612794262962875,0.18608014928542155
2.5794497811273613,0.1888433645524457
2.771803984051266,0.15336694950212065
2.6375975525336495,0.070798462999413
2.6307643973176362,0.15115957741125532
2.665933869523486,0.07768053633208959
2.8309080232292234,0.12318241391741898
2.7489068892532647,0.1133964391838366
2.8589111742610416,-0.027540499211261144
2.8452324492350356,-0.008062214329068085
2.8490097864813073,-0.013261669085647791
2.7278305190205394,0.14242320785739654
2.8063958300369967,0.12176401346506008
2.8626130972749184,0.007108849813795365
2.822652827387569,0.027982548445790626
2.815648126715496,0.02196711711191949
2.6463294061909086,0.12136500386156059
2.7488955821197614,0.15956400072588411
2.7129763185028124,0.055079707812360316
2.7052939499062982,0.12348570331138554
2.763917125098794,0.0746137590139395
2.818577366049798,0.09604556062076168
2.57964874894559,0.14652612021784842
2.618258863187291,0.27647914598126344
2.5605747193590402,0.2909806292874358
2.6660614189704877,0.13375579702955093
2.8531344473719473,0.07665492416688396
2.866110996214065,0.09615105818814931
2.761658900246355,0.018662930148237278
2.71009797661989,0.14906651417584607
2.6617343460735876,0.11579039398053631
2.6529410598575307,0.07645013607645912
2.6874196587524395,0.0913155646147632
2.7523372196901237,0.09788061486226883
2.9007063900851313,0.12737835004920584
2.8106742985282187,0.13863393581738004
2.894002113493314,0.041241442290353245
2.851930907394503,0.06668996329464874
2.853748044549406,0.09773589643374206
2.721500790736027,0.1520000871378708
2.6204606046887164,0.16107694117819643
2.7354312854007317,0.10597602487130306
2.716709867940035,0.06948091673710369
2.977414473359069,0.010767745280395397
2.490964305781013,0.2526538095598507
2.6108102361764294,0.14313582649327553
2.6449113881429556,0.14501727943934092
2.720248249758225,0.21396815394498175
2.9151631815428174,0.1014150399435023
2.905824418067361,-0.00044376829516165606
2.8251220603627605,-0.008357334957920457
2.8869862833430986,0.0271747405730342
2.851259900262327,0.014890560160369316
2.7407246894668384,0.028657018006005473
2.841934581344291,0.13624735731215848
2.805382917096936,0.15043198449381492
2.819230831482283,0.16747908872868744
2.6266506404764254,0.19833920772555888
2.609647475159511,0.1484833832339852
2.5958650970323425,0.0829882288721182
2.5666008054533997,0.0874209844268342
2.7006582755754023,0.2400683227659336
2.662205266060644,0.07939454949723503
2.764962072755155,0.12825813001247516
2.6282974031453676,0.05943101800974792
2.66101990944407,0.15057727373732205
2.7392416435877935,0.10185386986130332
2.505845638351249,0.12067326194965587
2.520692239674615,0.1527927167928827
2.6115879514613023,0.21385434741274842
2.7514170478911106,0.055465071600359586
2.8707023571604795,0.059066406355325195
2.766094495617921,0.1421383987403103
2.6116777720385462,0.11715595262064793
2.9305707778744408,0.000914233256944712
2.933334780901526,0.013774449565687082
2.809556274059296,0.04678573203498978
2.8844802561931546,0.020244565106685975
2.910277863887057,0.014288242347280216
2.7571323171322235,0.04701098284618347
2.872894556662914,0.05443944566542103
2.8478654607243055,0.055601157980144415
2.871333290202804,-0.013080736051508864
2.813677864131246,0.010625716326782312
2.846801578826054,0.05799794217849316
2.7548841411900535,-0.0016281710652084832
2.869763635437367,0.04059712342489986
2.854174084845906,-0.028699107094574197
2.8672502751725446,-0.0663046240805441
2.8748100036508677,-0.06405667158399492
2.888432828980071,-0.050396370968109415
2.8404247136417697,0.08732682194940512
2.7915815855427493,0.04345003156323275
2.7205383584038,0.10525650337111944
2.677717259182566,0.15188430404276285
2.5405510803925266,0.21506037382441498
2.8476516088228134,0.08437788045638189
2.8430082287588037,0.0985207133733033
2.811227684626239,0.12447893067274503
2.6760529561165707,0.02413676272753799
2.6409315789078778,0.03949875576358081
2.653692261152301,-0.021236420325728488
2.6811666150976285,0.003558675668273697
2.7377929556434886,0.10232903713078391
2.7775023219800183,0.11053828745754621
2.764443152044419,0.19569666516569711
2.8127234011690105,0.14679864637515486
2.7664250641856922,0.06597516525856519
2.767976869706708,0.014777736454458778
2.6947652127754433,0.047026514716399924
2.75254471582138,0.05989866765592434
2.6985468920648645,0.11130731138265271
2.6668712860203314,0.04088278461791477
2.6933814836048113,0.0651018590770438
2.673678812270644,0.14796564309198965
2.7159333744490204,0.09703231739944775
2.653550836041967,0.016906385203899286
2.7147364747235736,0.05147519475736484
2.760178135023041,0.05885951450968311
2.739375998846008,0.031104734395769964
2.7871684590666423,0.05697130258346472
2.7732900923184944,0.0343836476564384
2.735907319268132,0.029259720545970886
2.7753667155519968,0.001974852351005383
2.773793157812339,0.030930345131953085
2.858539278159461,-0.008294330535817686
2.8800138117927387,-0.02066167406783721
2.748333225635053,0.14871126356132655
2.745070673818599,0.07591878389055981
2.856883478343456,-0.01589429260383665
2.7198317629979347,0.039290903064658995
2.6823028238065247,0.07131996489498243
2.6539444405695702,0.23891520502691724
2.654539205342239,0.23506203495445277
2.5310009095946597,0.140359178312563
2.6488344157566357,0.16867066053939175
2.7418018937554365,0.09094301256513912
2.8104788241467684,0.02871368656309919
2.6785454827180804,0.11603574894967975
2.562665732060717,0.1493288642981126
2.6340658000212533,0.21719381070168786
2.7555748746705944,0.16571023951129027
2.7215342944696417,0.16095163732690346
2.6799196541441233,0.022653288751425086
2.685532948149113,0.15864275144452877
2.731320952273741,0.10329577192858175
2.7633560047085113,0.1337271333249645
2.765385798688318,0.09905274070049402
2.720745728666025,0.01921410550187682
2.698935303403062,0.08767418780878944
2.666345913637513,0.22674878377137103
2.7278481321556307,0.05646537269512327
2.6868677252979705,0.24965334900059738
2.6081932458037937,0.09948801472097259
2.6553213895815344,0.12407656592458612
2.7487122985584,0.03403777357925479
2.7487122985584,0.03403777357925479
2.7091476146197966,0.14761930208566576
2.6211215173796836,0.14431669889961943
3.032933323797047,-0.038311515691362014
2.5441091874782265,0.14486846712738127
2.666035160553218,0.2522093385085031
2.716121388804551,-0.006591833656508307
2.788402462915567,0.023351033815116242
2.7555351095334997,0.08529144357056405
2.7400318604486325,-0.03215932949120308
2.764879666156472,0.08299945805309986
2.823822667652256,0.019054832231013463
2.7676403350705474,0.10515543368237308
2.6925811352642492,0.09275407892343214
2.6240831306733656,0.17198002880227217
2.8776607892755535,0.008327826848452298
2.7888872926209953,0.03514284755666772
2.867449658490517,0.08388292785433263
2.75443664771727,0.023018655843553948
2.8093173147332613,0.05046364436524971
2.902126610310151,-0.042283216993642875
2.800289081580487,0.05490379446217723
2.748826629903136,0.039232454465138386
2.8384759916277638,0.011877547760330847
2.7895921827593706,0.08731194697497655
2.6753108658217,0.23627668373015287
2.587357630392907,0.15683931229103606
2.735944494590754,0.20096575228332172
2.7490957365322526,0.040969970825256524
2.735697988544003,0.05086382297389179
2.7793468854695242,0.011123068729776366
2.95415511384793,-0.05846200347436004
2.9881991465214943,-0.029417491940542592
3.001585031281447,-0.02819813901648226
2.8492738330426026,-0.08181216211000099
2.9037637935136607,-0.04919082856894593
2.6641943262461485,0.16483959582391178
2.8629836667662882,0.08792754958119489
2.8024654566920737,0.18265345670769154
2.6854525697654474,0.13946230697047873
2.77627034381913,0.07109914404575508
2.753227591382116,0.02800724037431447
2.623838593718437,0.1840385134218986
2.711049951046975,0.11798169379719463
2.8446712003839236,0.15052123985742322
2.7779740747779886,-0.04441046102139345
2.8342154001771562,0.006572375627163985
2.6497143540441543,0.1465550311681565
2.923867307910087,0.07126533606214343
2.8110301774460593,0.046127114325389025
2.6932652304007476,0.1454598785400847
3.0253359912325366,-0.09747388055604275
2.724496983207418,0.0782282220974158
2.80960301737376,0.03208989045231191
2.843594881596515,0.010673902387171919
2.806492008082636,-0.04075580829668134
2.839964393787309,-0.046264373954805135
2.8459182229308446,-0.035155650511241705
2.8541899966710162,0.023374031322211452
2.7599026516837912,0.005524889536623326
2.754881002043706,0.06644597997282196
2.7226170403342307,0.04339389471266475
2.7889397036500165,0.07081032792439762
2.7781318508059387,0.025082260993509357
2.83187074462137,0.10152310588136806
2.6986854815416144,0.17441864724592315
2.604966105007264,0.16147901890788507
2.799411738871226,0.2122525243292612
2.744076653275936,0.04481422521353647
2.835657438784311,0.041074103033137896
2.6877439380733086,0.13300071175178954
2.872540004487939,-0.03196530052761968
2.9229634086098524,-0.006908150378819866
2.8267659474927638,-0.03754673538515044
2.79080633514022,0.08782282976713339
2.75490602255168,0.04336668535464302
2.7787240451017436,0.030185903940564154
2.6622691613126017,-0.0046387950624781705
2.7232524812073082,0.024558861181281613
2.7274452842233607,0.2306921100860232
2.511803211357266,0.13172508646422232
2.6370201443471073,0.1224281750267253
2.705410551525766,0.068469689779449
2.6909110806758494,0.09065519252998189
2.762715265140599,0.08636090298077083
2.6995856656900497,0.07344849705644124
2.621331756398104,0.20874244052798335
2.7886176543258863,0.18977953054267757
2.6915073172471717,0.10124699447330286
2.544007531940566,0.18396531745779907
2.6461889553346407,0.38478732658525006
2.6530191377501584,0.35598589155320254
2.6450823516140076,0.35995129239575707
2.635069561958878,0.3365254152073684
2.57880223383849,0.3366016983033714
2.630694441481482,0.31619806329792866
2.649263389375176,0.27686529414062416
2.5431922620651473,0.04730037318419638
2.7043982028740414,0.3848183028910278
2.707059380945407,0.06638812418471593
2.7947928676714398,0.09448689007468111
2.7221308855959947,0.15789867040872285
2.638671737539512,0.08184893738286667
2.7664006502507625,0.09610000418813777
2.7339981657182704,0.09889597334960458
2.7658456106803286,0.10742339954551085
2.675494966641725,0.1075710404499556
2.679201510513816,0.10579447315783423
2.785821188232993,0.060000315747355704
2.717664979584823,0.1715259893300736
2.5397653744871556,0.19419369016598617
2.7798591270245274,0.11587497964042494
2.798710246856203,0.11079454427246507
2.5762893565318934,0.17749302937998768
2.644497230802693,0.2907064452431311
2.5134522482817196,0.21445749953318077
2.8335325964477946,0.0881605920782912
2.8062142553809717,0.007183317953836662
2.804307836998173,0.014831206473177096
2.8127014770608687,0.07926634879845652
2.682245480978022,0.07169631585040065
2.7448436303810144,0.008926509449331084
2.7733842072692116,0.007225551082627948
2.8062721978581564,0.020928309880117894
2.750802539561746,0.05153445737445652
2.737586433510837,0.08713284244612417
2.7576708071308556,0.11921742532647418
2.783732447785507,0.10597571310582311
2.755513705510421,0.057008083543743954
2.6882136847434563,0.1314990756924473
2.659501250062272,0.12468191820182827
2.7113103931146423,0.12360620637405906
2.7517790355732727,0.08510555846753076
2.9454919791865977,-0.06907584628222005
2.9015392720158104,-0.06632020237969273
2.9963899205656936,-0.04857934861046666
2.996447608738731,-0.017724945973580968
2.835917441632481,-0.013693090965146626
2.768694181225195,0.08963477954064217
2.6870549085130473,0.07762194287942614
2.7265153644914943,0.13626086917705404
2.622087634438958,0.19461437801656467
2.5821594038764144,0.15592593599733345
2.6085471697301226,0.09749415970570562
2.843821095075976,0.04677566198220236
2.8341076928406204,-0.004923901861504099
2.7724332890679437,0.1343974636885171
2.811759133183255,0.11556973508093678
2.7359464592600986,0.08939451862450534
2.6309295993770387,0.13532682553838474
2.5870251012721397,0.2187857172457768
2.7048737067974598,0.1454743691866485
2.881732122577107,0.03922091829476251
2.500805101207312,0.21134946322653575
2.6341168700241924,0.2830748154588045
2.596567153531623,0.24073427313379087
2.7989111016686494,0.0164562088759835
2.81146795264348,0.06921033818162094
2.818112071375176,0.03352241393563176
2.9973778965243,-0.08205888408441127
2.787715034242611,0.027358745918489587
2.826805470487164,0.024770713407395797
2.742512093581724,0.013904502445254693
2.761233301740151,0.08897253401873176
2.7124370642778244,0.1893719396038219
2.7375410050652906,0.1498171942930303
2.8147770123546265,0.015555808381630384
2.8264420187282,0.04073649996642078
2.723052120465933,0.1304060376325573
2.640149074864836,0.21345343054203403
2.570186953882305,0.1882026849313243
2.7450603800560547,0.12202436333266904
2.746145040112331,0.2805276794153403
2.7875873082002824,0.29694996420189607
2.7355619801040008,0.1971210379462044
2.676591221567163,0.16089240712299996
2.6988125140782593,0.17113887300139022
2.5673279570369285,0.16857099592822583
2.763959250350044,0.19681582632223082
2.7546324791982277,0.21392110495253874
2.7370795098271583,0.2559273000708975
2.8273874365869998,0.24494474377773875
2.854515358347256,0.20566270201197687
2.8295150298636154,0.11171842946119447
2.8490346161652886,-0.009234459807237997
2.9186904568373815,0.006192939235209442
2.9510569378983,-0.029227718020294884
3.0459499877894918,-0.06655868234650472
3.0527749853589454,-0.010435076778789795
2.970414976185715,-0.020839542686701077
2.7438502549409405,0.16275550750694295
2.7540760020832815,0.12085479876079078
2.8277243008470276,-0.04016216088458979
2.9348472638428666,-0.009209510080857596
2.9413070416741522,-0.05855446112600576
2.9011669029093774,0.023840140856656356
2.7814789884987525,0.12781456150222914
2.7939608751306535,0.15706674858159395
2.879249026357629,0.16502834337463249
2.7870934360707342,0.0917489813492351
2.8142286463547586,0.10517533504778909
2.636975898412824,0.09796179999132852
2.741382887540679,0.14063485197484749
2.5916471936253824,0.14592139483634395
2.588976749901243,0.22276261746963935
2.7890294456251676,0.09441009686843055
2.8468265093517924,0.2194765622626608
2.7575801504753206,0.19940627994063742
2.742328322610082,0.12422426518699728
2.796125887413855,-0.0025363296546248586
2.8048182046425896,-0.003389753158253617
2.8912642360242367,-0.05271105330116548
2.936057337056126,-0.01384092544877776
2.965257497129836,-0.01022689245223502
2.978729327772372,0.0017918353826175397
2.5125901504847605,0.1997125358605328
2.5248784459032314,0.18939103602101284
2.9675817815346868,0.0003983650824677741
2.383244571443472,0.2684377093781844
2.378182687798247,0.261244983088342
2.3902913501864838,0.2632883111171868
2.3894625373054517,0.294101353578739
2.588772289297576,0.32433017110584705
2.606730246184327,0.08646372107652912
2.673524899685825,0.06136990030748965
2.664227095844086,0.08279803019249139
2.6234913163191793,0.2123203991271982
2.7391720718852755,0.16559324455926325
2.7036086787283065,0.0235129526436371
2.722670381255518,0.04492653885564658
2.665577936283035,0.17215896559194643
2.6324088579506424,0.2005148125759691
2.5609652170220576,0.12395227811185985
2.7094057631504516,0.23827244998917294
2.777099597755327,0.2502234661876237
2.68885884019517,0.23807966843355008
2.6621020600436043,0.21455670822860726
2.6797553012637856,0.21059694943327326
2.9037584697152736,-0.07623899145238183
2.906342178232869,0.0416331023302024
2.8504003405501477,-0.026478876867484034
2.6662643649649755,0.12413277408215347
2.5368330686335554,0.06374585123078441
2.734103774840279,0.30064851555976846
2.587260053787449,0.19850064663193867
2.716986744212688,0.22142144118117799
2.5377755640090114,0.20666911425947318
2.923422292704771,-0.010099718091365957
2.7625502371841386,0.1289482691807773
2.7450860446689798,0.09913828799058029
2.623385278229315,0.1280655948169058
2.629820782564611,0.13012051580584869
2.718377117830826,0.0884845802219647
2.534072980029231,0.1389979925185642
2.7776572971050455,0.15480717140402145
2.7157343842265926,0.022814904222337853
2.951553651486599,0.019979794747719663
2.673573932483482,0.02394407905984469
2.757470226147181,0.15795657989154077
2.7779332025218144,0.14653925751807412
2.740273103161196,0.17148308464742146
2.781052871687819,0.027144084348703353
2.8179480141843016,0.09934505343838632
2.833467179811294,0.1409856358263687
2.808196668910727,0.1055911350194002
2.6755809114884364,0.1231067261541816
2.7447300814891364,0.14189823753483394
2.7132211086099267,0.020625418096718865
2.6134247593978066,0.22535040367997594
2.631466210293331,0.2440710959752207
2.628935937991232,0.17483018286289323
2.6966424431297935,0.14123622653375253
2.7762984349440303,0.050089794782713935
2.798177836436242,0.011457480934508242
2.798166113955882,0.00835848376359762
2.719988561852595,0.04972419470785891
2.8485204176890653,0.012429057262361756
2.719794932833269,0.11713926728238946
2.789851007970657,0.20724725130366173
2.64754477138353,0.2557767957290152
2.7420396649560232,0.17322858790275278
2.660415166944943,0.06730536484600559
2.6509477133567096,0.07675024739280312
2.686565918328055,0.05423830129647565
2.6766202863894772,0.0029370690307775724
2.715690588825173,0.052447883118903894
2.6739148455386985,0.11769001811449464
2.677834033374918,0.14814994088256614
2.693892857802563,0.07958333879459581
2.7065136027600634,0.15724482265427675
2.674929063613232,0.18146055286255192
2.780897833208894,0.09159095186683533
2.8100177267771866,0.0701679954488083
2.8111255286047228,0.06799912826173503
2.784367336773414,0.043365479806921015
2.859778401848625,0.01419241774320893
2.8558325769210477,0.06762870257432121
2.7421029131207395,0.11030808830834403
2.8740761828831407,0.10387412708113425
2.8770062426391796,0.042691814260197865
2.9191465196175974,-0.0334857853915869
2.915995274023518,-0.024818629867588406
2.91494812476245,0.016476562577759264
2.951381943752496,0.029396633334401744
2.8360765511926385,-0.04767463540114151
2.834001225594275,-0.02449741446131711
2.80524643761691,0.016774725112678142
2.7662663796912543,-0.02631998592751921
2.7662663796912543,-0.02631998592751921
2.7770051561889315,0.011230931287873848
2.71911554354938,0.15184759202286716
2.671292837152276,0.06397303551715525
2.708186727850664,0.015243586027591313
2.7009525829791063,0.009511368353817636
2.800462555076178,0.06603954491974373
2.7685788766682156,0.13436012431262476
2.7710763300695858,0.13241508571655813
2.776469551604063,0.05218491861013204
2.8324702828003123,0.019556875914206212
2.8108829214765114,0.022471734942958812
2.7400386306809352,0.03835787094284864
2.785311149869089,0.1568607081861228
2.5997634256015645,0.18747468038873158
2.6535675604721614,0.24666007099908788
2.6400309994691225,0.18261876135072874
2.5647280818477114,0.18154511080275937
2.7532483680795474,0.28601933410095604
2.6966967090134633,0.2568589825279876
2.6029818457590763,0.15392536825069028
2.8654276226037094,0.241700242006316
2.585232387413367,0.03625630438597107
2.994163024831938,0.09130120279512688
2.9794386976881424,0.07015666734355333
2.959466830264417,0.0067865705325987746
2.837802423943031,0.02308382450318541
2.7217793130071675,0.029079418310827825
2.691412990536547,0.014947301847420942
2.695054532415593,0.029723754709136976
2.58764627485493,0.2781772610895211
2.5679305881924535,0.16305202346630343
2.540052692269849,0.14846707750854699
2.5926182552292887,0.15818735482993518
2.614364197411368,0.1587637547654746
2.600966904405923,0.17696809704252095
2.725592375861993,0.2389647044231849
2.5791258339845986,0.09170593693257516
2.8404764821417037,0.0947176137966426
2.66339686023836,0.07571471378252495
2.71042131570144,0.10288614130335424
2.8725428196571534,0.06780659603284345
2.667830124762383,0.02548493026826198
2.6714996212420763,0.03944933015528066
2.747815516196463,0.1687546709223925
2.652709652724173,0.128991823688562
2.621777934988375,0.07105816768180633
2.767697609182407,0.1446723761958326
2.697127955267653,0.13832189501817158
2.720788014583648,0.13204707463393855
2.7063576896237875,0.08424391807744316
2.7400937422463927,0.16365588594741415
2.755319602116548,0.15246355430811936
2.7306085097379538,0.14032369424849245
2.691090949139074,0.11571448574931717
2.556141732474192,0.16063216179347758
2.5643549508211327,0.17143032370756267
2.7953593552005147,0.13815266766943357
2.6139371205821917,0.11178144529343886
2.826952562442911,0.016820580195416535
2.7530363265922158,0.017558548209312536
2.745412645514977,-0.0060618230796326625
2.7224590266544983,0.0858850240594019
2.771375416326522,0.022889385035673494
2.820348016508237,-0.005292303221294386
2.8507493029372784,0.044785860162588356
2.873080562601408,0.03452065657296804
2.919557849650429,0.06427337397480996
2.9015729777532235,0.0030438130743759583
2.9395640399935563,0.01754733497737743
2.74053836010133,0.0661047042537518
2.8089952223505965,0.10472991629106879
2.837492012166294,0.007192782956902188
3.0415089783589715,0.01676221211637064
2.9858388867401424,-0.014818552192001334
2.843399818826829,-0.032042313341123424
2.8870824956267374,-0.0032330026898343585
2.7497620544911228,0.06336122488558817
2.6487638427832247,0.1173111950902702
2.8646112424886834,0.03373270282877343
2.8726812324719995,0.025256054899587533
2.9019955343580484,0.03852036781379934
2.8695053823771466,0.02412277564351161
2.933250920505249,0.14942207544672842
2.8111630649698127,-0.03489682297642414
2.959793221071933,0.05109240969740575
2.6291577114729,0.04537237178304227
2.9473585750649502,0.06408013855093317
2.8167804813002593,-0.07416106280732551
2.8300121816769326,-0.043874483125957174
2.8066762168193233,0.10173244450655854
2.6865851421439917,0.13133929371799713
2.766756515647836,0.13765027920364806
2.7798767150261545,0.044397316077683505
2.756892262683507,0.04196033748880855
2.958137031545396,-0.010706934192956631
2.9677076617779687,-0.014932633652394323
2.960267977111648,-0.010468726109495398
2.995140036526087,-0.033478373696946256
2.942061303406958,-0.010067519506857563
2.9180970211521666,0.0018785147574802887
2.872455132394741,-0.03842357878463013
2.9418332058048575,-0.0032404206620090118
2.810821831299228,-0.0044937111536932075
2.751075419233463,0.09763023449263108
2.782690763232468,0.029817733567839424
2.7972217004664186,0.06148050252863268
2.8044923604297582,0.08354472633215058
2.757006773989523,0.052462583779670224
2.6518144018536116,0.014578780656136414
2.6930371450172266,-0.0010072330993124972
2.64305701196687,-0.012093089915420019
2.7423381361027563,0.03848373038525741
2.762257534444728,0.15575976481504059
2.689425231346427,0.14199092046821446
2.644540159592954,0.23751502577304753
2.8662952542342364,0.13829305903949807
2.6298638984970877,0.14335488886738434
2.521766644101326,0.1717071588721125
2.490794393952036,0.16038198616853996
2.654016587433803,0.12984038120987712
2.6382903002968505,0.08577858597699993
2.604292924135905,0.125274448575342
2.8593355836453203,0.08858659508505806
2.834761668178539,0.20098234131146087
2.84531843566049,0.18090276208380215
2.7755999544463132,0.09819094131463806
2.769730217338855,0.09200884093859106
2.644815988855709,0.15385077282040197
2.710588442871946,0.061005112573920176
2.8715429549489655,0.017449082828465853
2.925726025542867,-0.06055216384063176
2.761369472665629,0.04196723583843448
2.7465919257097124,0.016189017360862746
2.8581361064119974,0.004731065881396204
2.7740253971294644,0.046024965821196334
2.7596443818554133,-0.036981194257800734
2.838326515702031,0.16735984210283927
2.81610068834425,0.08119837662140988
2.7540962350567373,0.12516402670014895
2.785834171954881,0.08737509351979249
2.688225103999178,0.28256935699810376
2.6965527667724487,0.2171928974523487
2.7000604151679983,0.21860649268799073
2.6969473043924777,0.22096376472123558
2.6801269376273407,0.1893090002132827
2.9085892135049924,0.05246396094737277
2.892238401120881,0.07738257122248872
2.8907083686236565,0.06700097592443974
2.831659804716723,0.05817499970351953
2.8445050998917725,0.07654025109004554
2.783004480752327,0.13562089423127927
2.7910837393568158,0.060283665493212256
2.7441317986806233,0.04984254031006571
2.7313386086449327,0.003880164840730115
2.813518342308621,0.019060231106836405
2.7992529428799413,0.023928025174451244
2.6415434581162325,0.039329012494971845
2.6912829347135454,0.1326471473255299
2.7900726484709946,0.012697677659488352
2.7144532213956634,0.10012875923586657
2.8136746355035136,0.14984600941776005
2.796543741262656,0.0668004696898035
2.73118871220575,0.09850012938401591
2.6396189710091207,0.2927194879827325
2.623643831596034,0.2265730474522109
2.6338060141971975,0.13858795918465078
2.820789756953225,0.08650535976166389
2.7018653626594626,0.17945058461301627
2.607084924373103,0.12359406774934803
2.7904311599077913,0.11047384830728887
2.6556396634461756,0.09485776862873711
2.6814919587402932,0.1697593633267433
2.7701736958402896,0.16614617442480029
2.7269805873884576,0.1624915122308071
2.6651098349127276,0.1345364042605002
2.663825171093158,0.12576628249262672
2.739250296886945,0.07994406781003753
2.7663195227697575,0.04901877781035105
2.804973225672103,0.04007329292196126
2.7415898168695088,0.10779866418230201
2.677058970534636,0.03314236916280574
2.7093567779192225,-0.015145152558941461
3.00815464876133,0.10431392249005299
2.9788427896634806,0.03624854618299924
3.0382345696160913,0.028011209635661168
3.0478131953131715,0.0492327115219223
2.9247096294944765,-0.11616084171917997
2.9429994754292115,-0.09863746194492046
2.850906230427083,-0.026046672984578897
2.7742944686654294,0.0715100522212641
2.816140476371798,0.05453803757409914
2.7386992841617936,0.09356863945549727
2.6979263755003506,0.10260762884631294
2.7072918974086284,0.08381088227537947
2.7307247274836497,0.02977239705144879
2.6781171283940197,0.035431675184428
2.7452054042082366,0.0005741140154465667
2.852965549046343,0.2755731065304774
2.478146746544967,0.07507602469643324
2.591948726968547,0.15797886758971735
2.5396786437202437,0.24116252034846292
2.591709125073451,0.21733260891246317
2.57237076187204,0.08362168817232438
2.5501441160021243,0.09106628593012742
2.579037521145426,0.09518181033822928
2.5987088846404363,0.09499152214135548
2.951509407788191,0.026214966244497276
2.871160295617213,-0.04124496240969335
2.9208114214837098,-0.05232345158754244
2.7880117672063722,0.0191580837851806
2.7560913236873326,0.09532968104981059
2.5818151766236217,0.19136417122842037
2.5245476702255774,0.10552998188156415
2.51043462200297,0.23430437670084367
2.7108171881240724,0.13614237473274274
2.7575342564440795,0.08230274227072562
2.7952345844708275,0.04673253023741682
2.768920562678469,0.07788160595655731
2.7149120540812404,0.02935739975824206
2.669955159362256,0.06844841575367647
2.806058984800197,0.0015379363254169397
2.754978220106485,0.05402261633024211
2.826918229872793,0.044636327960140235
2.798211535549869,0.012019027799178328
2.8785478834989706,0.06459167641019968
2.5884209053566622,0.0797793039318899
2.8435140726124715,0.02679740948426862
2.8205268785973785,0.02283368879045037
2.8064478416823815,0.013236472246390699
2.815740123622613,0.05105878827830796
2.7469786865555523,0.06355926022063883
2.8395581210489595,0.032028739091249016
2.811450394198956,0.08674057626933393
2.8931465319637844,0.09028844718853092
2.9704740139901737,0.10166106405517339
2.5168419831296114,0.12427139897746588
2.764681579985576,0.16298914204460382
2.7714339514816784,0.05484807455433229
2.7950135907801954,0.018848261161950534
2.8317697921040086,0.05841215382899928
2.731786202835524,0.07071419688819368
2.727963860389355,0.11960515463283662
2.6697751497971822,0.10151966881620492
2.7320691750404156,0.17714563798396593
2.5815652840848786,0.12424198317310556
2.7044707209243373,0.10837422382233908
2.6836369158858338,0.09925216949148633
2.9189967186300136,-0.027706683388337594
2.816887033601985,0.05797982629779208
2.760936195867314,-0.017867278094158338
2.8085835269664394,0.002998671819326102
2.886629138023906,-0.0269342142547696
2.823333601612978,0.09240031381858238
2.8876916525739014,0.09069848354941791
2.9446391692028833,-0.030097516800515308
2.934931384460405,0.02782698001053118
2.9011763341029364,0.07839885046203149
2.69221684660066,0.16724852805013113
2.7672541918314986,0.17288200795891423
2.7801261192924183,0.1738290047148133
2.6543788035061575,0.08493183878241053
2.7210867622111476,0.14751286362242083
2.676281808286961,0.1377324587283629
2.8626896098230867,0.15364722783411608
2.807719905289693,0.09235030776803084
2.8196536915510535,-0.016057797193626593
2.840045859615767,0.08366582728776949
2.8643225551989393,0.13565668491384855
2.880792146732305,0.1521140419964845
2.8147743605447437,0.1971631651468395
2.7500931945603084,0.17551412389366333
2.8014054201311516,0.12976381452762484
2.488715529030477,0.14681986432288457
2.795658199039928,0.2141241079994593
2.7873268962237847,0.1909791184306774
2.625481289706456,0.05587431316923924
2.578936179131979,0.04487972823676244
2.675828810108617,0.06303334089954267
2.693987768184102,0.18608029018363179
2.6576723557915467,0.13550271154463878
2.70954491923579,0.12596281691460773
2.665579800342488,0.14043087721293024
2.80917703329143,0.08896457074558262
2.750513526235445,0.1102864679588014
2.78989022201492,0.11020656418982729
2.7300456696752975,0.14377040472840452
2.732113353789933,0.1566024309853435
2.7448244690542145,0.19555457651556646
2.850445988049865,0.1353893619799544
2.8205128666957644,0.0010575605235765644
2.8582415030868527,0.009809850097945575
2.782853228250523,0.0710652887712692
2.831847980034593,0.031394968460203766
2.699723336722449,0.10107714854558061
2.7155572957334675,0.11896948844139335
2.6935725642622534,0.12993793339363693
2.705368486323212,0.08490567282595214
2.6733759381489315,0.04620716020431397
2.7461345986837062,0.22594441992906358
2.8208709042937126,0.06385147511650589
2.7371987323451794,0.13651233071443533
2.755275760260138,0.13324221747109946
2.829093804371886,0.07066609705324225
2.6523980923355897,0.11275127992142737
2.6785846025035784,0.16488247030633538
2.7282444399183157,0.06999337520513979
2.7231675031148965,0.05148790496473459
2.847626758719952,-0.015024231911954154
2.750918850118281,0.023952260711780693
2.7785836439459883,0.12334699221591386
2.7210491343629153,0.04769847434920616
2.8663328466322757,0.0065899814796530854
2.6488433195247034,0.08163959916900611
2.625982200436259,0.06304677397841357
2.6813736174846077,0.05888858062896333
2.7752589002554933,0.0613147672964558
2.6746125671440124,0.18257838850176047
2.542365764977261,0.21532196984312935
2.6189290226444637,0.14359725058333647
2.6412851444200927,0.12947420761501638
2.660931982450434,0.13794684772318996
2.680320801568188,0.17453199323287727
2.8062119740862026,-0.004798228926249363
2.7491433431041803,0.14770284901545636
2.5830961673235797,0.1396723392378894
2.4530716326263824,0.2605641540271665
2.4370280119658028,0.19234418654283078
2.516111976966901,0.26972901466423854
2.5929892650904196,0.143761264631931
2.7167734602117504,0.06858031171809068
2.733262381591426,0.13164060524290072
2.6661245259636677,0.14018480552009588
2.712766996346078,0.18735409969026517
2.8925377177609017,0.14854012581474316
2.597170543445254,0.058030764051715644
2.6072657971682554,0.059958789746938655
2.7678451285396424,0.07585241372563624
2.797131344155397,0.10777314029900464
2.739934164261258,0.016095051971013727
2.7442092623278156,0.085178812055075
2.8370564733484356,0.011530609496790807
2.838999771078465,-0.006976102814628759
2.8126355397422014,0.003697442132155604
2.8924137393642235,-0.002466737434479423
2.8207835763533007,0.012504746421652809
2.7046999005818373,0.18021133128165945
2.6183454883528836,0.145301031083289
2.7731857685726986,0.05021917032371786
2.8045182478708446,-0.02210893600473611
2.767041862801373,0.022605886649154486
2.75655909767385,0.03800413534334982
2.467857651822974,0.22753126925259037
2.7029138671183794,0.012628659489630885
2.7684850499348492,0.06545436860983986
2.717218056764496,0.06122462398077768
2.874382477766076,0.05179800012613089
2.7036026536337237,0.0685792714117965
2.8816694978837085,0.012086304668780877
2.7554187643268975,0.0009370106004391144
2.794740035874161,0.019763338840876363
2.846776181776489,0.02022637160407816
2.6281961694721634,0.15038046882524236
2.683043748500087,0.1890597968330086
2.6712385895265247,0.1630066291436731
2.782791189236034,0.040181676171573394
2.72845199486087,0.08440355578268502
2.8962630507753597,0.005686422761379438
2.9125397790686063,0.021100176904324735
2.776629637409343,0.007105883889026613
2.668187149179433,0.10996057063312809
2.5892692383783293,0.12088354751907174
2.8593037336800906,0.13178622942999585
2.8229138610565085,0.0784305909292743
2.7315149906562546,0.04987618920514398
2.6680565327150307,0.12227599325560169
2.8873720127874707,0.07517514621014071
2.818773818385485,0.03136201095638684
2.6764568724108284,0.12549104106948686
2.657671997021208,0.1445539949988017
2.6520980133951473,0.16524513917683267
2.632166483010751,0.16525899865590019
2.6238527289201508,0.19184941196642236
2.5974093295390417,0.15884969274969682
2.680793950762676,0.15139470161380295
2.818296365879057,0.01373642997471092
2.8909633570521476,-0.01744609080136314
2.899520946538835,-0.01985285940439206
2.88461429343269,-0.020042015850014874
2.7064323854933705,0.11767150401104477
2.7372077447618834,0.04283095369447981
2.813213052139501,0.05983338082826975
2.793105728869187,0.09484082170743705
2.84517080421684,0.004223632966152838
3.009545691365427,-0.06788675038156604
3.0432414370751237,-0.052141641628530036
2.46700323296042,0.18573283605634394
2.703141545584573,0.08001452536588899
2.8025746532413565,0.011766134750224205
2.731027580793662,0.1251651024208774
2.832556538969911,-0.037980964372129174
2.829583058049787,-0.04755558175038592
2.88378651743892,-0.031199055190945273
2.865873181125623,0.026517789853449415
2.520818408858796,0.14775596581270062
2.7946068670977726,0.2023093755791741
2.6375147265958696,0.13907018512302205
2.790715357925563,0.07782726680571414
2.7522811321053653,0.09787124664405789
2.711265581088521,0.06614233734490474
2.687698996490623,0.09740668995703171
2.709275691707136,0.12175413759724531
2.898135098115312,-0.05065932969498273
2.749027235982502,-0.01538083909861374
2.807292063034024,-0.013741379771989486
2.7492620280819353,0.06771458516771757
2.7854809522919783,0.08018665712989957
2.7842380304725713,0.06430670856327568
2.770602688620215,0.14621534280796458
2.7090019096156843,0.0840086118662381
2.8613171330741967,0.013827472983441108
3.0393537658816587,-0.05203640941461436
3.0569059056125085,0.008707444247494287
3.0134527015635246,0.04523172930962134
2.9557593923134786,-0.0456493595503352
3.0138647194072594,-0.021517021864282494
2.6598145438809726,0.05939500003729708
2.7286163144477067,0.03541990062014255
2.868682156433307,-0.02679492533824569
2.8617545904117083,7.004365909385437e-05
2.6668403795550466,0.043296167502847316
2.6572890554390955,0.09559115754796209
2.6738600443978533,0.09772151987558471
2.6385435671280293,0.08702184038707525
2.680915747689952,0.15664052463285574
2.6263889992995244,0.09326074781388415
2.6116266795967698,0.07412749543182721
2.632802948342239,0.07541604606929823
2.72554558006878,0.19723882938713966
2.73908038771595,0.02994441370475621
2.786715765679233,0.041941573097816175
2.749558617369103,0.06124310496220081
2.8101327125926754,0.06876203036067528
2.7947557423601888,0.04651983281691376
2.9517456835957727,-0.041068388113614636
2.7712644186230677,0.02394060863784744
2.8990312331411796,-0.024562080236907473
2.7411085414903953,0.07523940819460484
2.868966331953781,-0.014795058747066603
2.754421917248328,-0.010826265549595801
2.8491603004466137,0.018546885199718404
2.7563389250939605,0.017611961631478712
2.696103690492776,-0.03611661823194998
2.709281057896624,0.13922098174206726
2.8376785092838888,0.10819783138254455
2.74686236865203,0.10938460272953537
2.529907120055723,0.1666271980618339
2.4634593844123693,0.2319920975261625
2.5538622750811513,0.3763689391052592
2.549013267694931,0.10892865198750687
2.5554442919725733,0.10819661757831607
2.591212260880409,0.0786042224360479
2.701451572582285,0.19764246244607578
2.8594676241008634,0.022454484782938555
2.9289958861680003,0.02276034785298321
2.54557365200584,0.2491209985346996
2.6565812673627685,0.22337085715738292
2.7093714506995465,0.22610227326600926
2.6367107315815814,0.155074087800489
2.6288581984916437,0.15531477320174605
2.6452817486536233,0.15537336898415818
2.6898500908656637,0.10109960880956113
2.7469814944816653,0.08637360323061427
2.8364170961621356,0.03758324404645792
2.885045985639762,0.01602560602033194
2.8123860011687123,0.09333595483851385
3.0388077562395477,-0.08140932424671808
2.8005856738002723,0.07785998649984587
2.699500987067663,0.0708552091138643
2.7648878047266487,0.08037333165253448
2.8187746632940978,0.049153039735459085
2.7720375100591577,-0.03183303706701337
2.771557665108591,-0.02520876389740961
2.7958079175922164,-0.012787318935786931
2.799303265465608,0.018358603684826433
2.9087033794352046,0.0032626531124918387
2.9582152322302093,0.04188756879301648
2.9828263632266085,0.03600737064479664
2.9864619812578095,-0.029073442220485798
2.854218295022154,-0.04669489307380125
2.841571680896728,-0.03319432469550638
2.8281998880679198,-0.0407510971033003
2.7805355128375577,0.05547182301573278
2.78568277694624,0.047521268747263715
2.835551737288297,0.08962384293692868
2.781538957538882,0.067347316898202
2.6429569503176,0.289824742453734
2.5631080973795384,0.20812271756332978
2.5288061062251583,0.2728499778961384
2.636961024747211,0.3031763746279761
2.5766579400880465,0.20024664975838252
2.4810149034229396,0.4076062233514415
2.6250500001879615,0.3281617631106102
2.394032229757056,0.3851542638823405
2.4750883618117907,0.4104727566126739
2.533477012630983,0.3277230470148298
2.54860141976947,0.3221154823305988
2.592198362330913,0.32522928575337506
2.5581987379379525,0.15652594133497416
2.7203624267974797,0.2198098033527172
2.7078209509076223,0.21209347412786625
2.7045272127999143,0.1817205607168478
2.647496877173168,0.11948620333089013
2.5382309162912433,0.0783693046305303
2.6022714737931483,0.1387241173668328
2.6040928819765345,0.1560000630210534
2.7090482862387795,0.07282495669376535
2.775707849229371,0.039333914227318835
2.7983210451893092,0.07185301371129826
2.851318746039738,0.002540204431528756
2.8454963919376772,-0.030104934327196953
2.867452784490593,0.06318970178685966
2.8244921165135937,0.0115194149005761
2.7485185079921757,0.09018872689698151
2.7127445777832047,0.04586783948323757
2.790076457257353,-0.013547739352587511
2.6324733837834358,0.22605739825893997
2.6393233867126034,0.19115355613846174
2.7986768385906164,-0.011103889774974401
2.8693647770453317,0.054410741634113066
2.62759028705693,0.1885228104923863
2.7261176921083745,0.16966289849967386
2.664333469212498,0.08180646416919508
2.686434155446356,0.11187887276169936
2.624790943777374,0.25843215207734155
2.6037462557356035,0.1994826199046986
2.759883722521935,0.19568985464502342
2.7804914721618212,0.14301944681649387
2.7545013381417003,0.14165056689314603
2.675127486231484,0.14357945238282313
2.804550521887768,0.10406454163784995
2.8287800002978183,0.08693001067089558
2.8023258752434606,0.04556422971404129
2.864874558602043,0.009704117482537057
2.8020745298741665,0.03685091174897512
2.6997658971069898,0.14020921107123313
2.5887729916033932,0.15934632001150692
2.815638244296253,0.03002442103618152
2.7805655640648665,0.01588784400504015
2.8811929249399926,0.13608559145993415
2.8857977256140237,0.13458590262966905
2.872852093337296,0.1449256762538449
2.6326739729663964,0.032777271241403706
2.623754400746671,0.020582767523913737
2.6812597051383125,0.04587658706999412
2.6798205619230866,0.06325784230025118
2.985269452023375,-0.015313825791991522
3.0354361641144254,-0.0034226513430111833
3.102273050225737,-0.018199096796722842
2.9862074960249885,-0.0892471293462951
2.991940360124481,-0.0690515804689499
2.9379355407260883,-0.06697081680096201
2.788257532018702,0.012376340280355466
2.7834089362046273,0.15029157040964866
2.519818995374086,0.2014939685238236
2.8848537875853215,0.06341728163363575
2.885344154934608,0.08083682663277728
2.9145876097270844,0.01761278876493524
2.6988231763914245,0.04590891794463901
2.626137774780913,0.15825000856677607
2.8180339585571366,0.01572133086578245
2.752255901313998,0.0035374750762107534
2.760061871610504,0.03693465866922838
2.861168537900544,0.04880967026432812
2.717175180482598,0.05597292070102661
2.7778275546964846,0.13356288309612543
2.7007536532387797,0.11330625267434632
2.7169168392249934,0.12144517584265342
2.721378349286569,0.057595316056997484
2.724166287210528,0.07834095655569406
2.8901745079151513,0.059933235574096126
2.913751285066389,-0.01944875857781936
2.9021173626259364,-0.012318809671235243
2.9448448544961123,0.03056678066232235
2.8840293447639507,0.04089681395342382
2.758281907638279,0.10399803696487295
2.8242537212767265,0.08459804927677296
2.8701601817159013,0.1477251345072126
2.8423685244226036,0.14002372421848006
2.758681620358095,0.11881246669150419
2.7785157901353204,0.05070040153767074
2.8091495429872135,0.006553519429311901
2.8374739125710313,0.07426707780511371
2.815545917804917,0.02428864984482523
2.87684785659012,0.007198878679790691
2.794213260306024,0.054875195606112454
3.003469312686586,0.021076483437146694
2.9265218232824477,0.019265576726775396
2.7528285424981256,-0.017049781178713884
2.596113652368589,0.09201348216314595
2.770657301890566,0.10865072672215693
2.732845628654745,0.14663541988550208
2.8626643555075684,0.13234193096565736
2.794656916812632,0.08971819694025826
2.6774293785885974,0.11910379447090444
2.6862093835765624,0.0511394916219235
2.705649014076892,0.1455775451621804
2.7759939464134256,0.12389521007738165
2.7744410375821684,0.12145071499562465
2.8569320748415965,0.05229267145955564
2.92412333286413,-0.01405252801402877
2.8094927186416587,0.06058047629527884
2.718354665565414,0.0970563173400363
2.680962698243261,0.08469786562603693
2.8778279390077066,0.011357923555506678
2.683385014693725,0.11061717444337044
2.8565948889979538,0.01962147486856274
2.763234548886389,0.060001555037535785
2.8429597690996,0.008698302120222505
2.806577324235169,0.031510638492686496
2.7892378552730515,0.044694588713659826
2.563777924911514,0.1392345568660551
2.8191881645832453,0.12992317733830488
2.844984580096268,0.08169650779887153
2.5935703766935947,0.01618981473487394
2.621159027693577,0.057311255987423745
2.6561868577597467,0.07381383949960629
2.6617739481536886,0.060234279442563834
2.6976347739143907,0.16057618614514685
2.614870647708928,0.1613033116192449
2.729108691240512,0.18567376491718582
2.714402563787674,0.22592025734525434
2.8191969687983276,0.21214972503644974
2.7461612481342073,0.08957722591500378
2.7640404538645487,0.1379645028268161
2.695184861954101,0.04380111131642869
2.703953434046044,0.053915502614567
2.768351834278652,0.07039155095074998
2.6561595097912516,0.09999453866651246
2.8154491168952203,0.13758397692869626
2.671653361808582,0.07474944174428101
2.898556900291941,0.10396889532040272
2.896251434803866,0.12368920878014751
2.53102837548632,0.1316219629714283
2.526232519701858,0.06454733313484659
2.5815759483406886,0.1403742360509729
2.783850808883095,0.1153344779088981
2.7385962941522157,0.012639340113116519
2.74554411896955,0.07327774593843647
2.72802522043047,0.05727344024176431
2.8637014053967356,-0.019755414782023216
2.773835939801929,0.051135002712565616
2.715428367997571,0.19075826005771196
2.6876488174668625,0.16694545657052653
2.584720512886048,0.057154558993210765
2.646775703184764,0.06751935072106653
2.9102576783406096,0.07158044366697844
2.8944278706129944,0.07276540942008165
2.6058713935908098,0.18011238648873037
2.606604226199179,0.20317229243228468
2.84697207678511,0.044611024160712845
2.8451385856638898,0.011613423191865943
2.69016751383903,0.10987970169917627
2.787963745215247,-0.013843551099306134
2.810020486881857,-0.01975447979477075
2.8033210469343812,0.1961439123562733
2.802908322072071,0.16437738646629924
2.7590095468123783,0.12072261799573669
2.7338840252364527,0.12759670877020823
2.6740375188999,0.09046349430129909
2.7061703555010617,0.005202790103343953
2.904115774186904,-0.01759916957827799
2.7900549870399978,-0.046374426043972156
2.760508485721281,0.17581174643073777
2.757521012965564,0.17375835330463413
2.8038294346434194,0.17727410186441597
2.4941928552450974,0.22893976438177224
2.5356057412239132,0.3291906813280688
2.4958383460372535,0.35281202021328156
2.458408129395022,0.24595241906946874
2.4563388600333442,0.3205744619394104
2.474382216421809,0.31774115629668415
2.559514510295301,0.28974835639079327
2.805470771184704,-0.02446880027258363
2.8045789698955668,-0.0011364179154361536
2.77577881984383,0.059173781503138234
2.727492391590186,0.03500361561010316
2.8744793178205033,0.058889527143052005
2.6659565919783588,0.09889792533199264
2.676369294615014,0.13009247712201888
2.8241915325755262,0.06516114231629544
2.799258433904914,-0.0070819243953275665
2.786800890244575,-0.04260443249308012
2.7162299092703437,0.23200324644697637
2.6321520705789316,0.28113612877467414
2.6274558138364204,0.2772659307425786
2.632977571283612,0.2910683725747442
2.6008613826089024,0.23824081117698326
2.6775625339902733,0.020706167400860526
2.785268632961651,0.037038177275732796
2.7885562108568593,0.09504529615937349
2.7196880894769255,0.1473518338587303
2.7412189616155187,0.12159575545311697
2.797124787657817,0.1264453052963026
2.777184743553649,0.06662504348509042
2.84960318794527,-0.060976517567238625
2.8346092141909436,0.004062987261711155
2.8136681671287675,0.04195295356879586
2.761446554218092,0.06484110105828032
2.7531448538258787,0.04626444551545611
2.8411528612616688,0.07105275950792476
2.716255546211278,0.04211336585988418
2.660626379366036,0.04670849029853942
2.87795236713367,-0.0200828534118102
2.7821456298620726,0.05834592296836652
2.7366668297445162,0.03794632177193245
2.627705082694304,0.0843074438123263
2.637071163331456,0.06188079580204983
2.728913549458393,0.04875335290788344
2.6983895607708415,0.16356531853051276
2.7128527479050892,0.1168252785942289
2.7778851358105627,0.09265245751723548
2.7410017483422666,0.04802172119190097
2.804385398874967,0.040760880510729104
2.6945770486745615,0.023929597745890503
2.842181699958616,-0.0005110860959327242
2.8278291213402076,0.04404073668961412
2.785530416477004,0.0025744853663471575
2.7134061566266645,0.13574008842600407
2.6935475831996767,0.20092489427937266
2.6916313748981597,0.07632518252556457
2.6443647810789077,0.010382944099842991
2.733829230644759,-0.0024871689814321652
2.7037853832738774,0.07501361392043082
2.764450514083311,0.1606101293970364
2.7912180140308633,0.23688290649029173
2.433672384758334,0.1923625036424473
2.7486369058665185,0.14565460803204047
2.7513065776669205,0.14814014676676385
2.6535447704427018,0.05220332247685133
2.6759480210224327,0.19638251022722364
2.6494656455321346,0.1717281932871118
2.572241477937432,0.14265468709740398
2.5490844971809032,0.12011205698739434
