log_sigma,xi
2.43055846579963,0.3449429638069218
2.4113893544354466,0.3214952356370732
2.5100757615649187,0.2626919895001764
2.5178766040818066,0.2460261010621251
2.407855935222588,0.17072730601858663
2.4947014193599233,0.4119102511901239
2.5021108238400376,0.40112341986729577
2.503679526307177,0.3993209920732334
2.7502219555017584,0.12377089654880376
2.655110557479742,0.17190654163162275
2.5316390223091183,0.14396744932343566
2.6080673948766484,0.045115290083563894
2.707270537070355,0.08074948183200463
2.466337852359002,0.24416913335534332
2.611688971560668,0.29872301858843364
2.59119337923047,0.2991053949675938
2.4109110457705776,0.24310375130052958
2.44639285927711,0.193739658188567
2.4762497199802795,0.21611031163528382
2.689024652103549,0.14865897465831782
2.6203675784450895,0.07818659830200932
2.63522313864435,0.06486879777012225
2.6359243623209347,0.07529392046839646
2.668638341095771,0.04584198118118604
2.564224573378385,0.13068027447462682
2.6402008634439493,0.13396197545448907
2.6750709114686537,0.10676467096650394
2.6770477145900973,0.10726758965360265
2.6105177839755314,0.08138117222919211
2.6009596961363037,0.2038433599910566
2.536169648023478,0.12527163322555712
2.4593469039806766,0.2079228868767181
2.493552083893501,0.21805008451280672
2.665253429552436,0.22616423949417905
2.686906262030325,0.22669063335493012
2.762634727706739,0.22933583319683593
2.460920421404784,0.12236090942258858
2.485632032139259,0.14833890699667737
2.5421857630020877,0.27312522706951026
2.501725106964156,0.2111224928836306
2.6764375647109486,0.11977484380442945
2.6365690911184516,0.22413690406498457
2.6995469366016756,0.23532704578308083
2.6703549967416063,0.15624945522149405
2.671670897746712,0.1621657548287561
2.658074394043147,0.09592817539708967
2.657505646546151,0.10190414084548484
2.5991882641376054,0.11782036120566196
2.597690715326762,0.23192777981364313
2.5714906270517335,0.17382162637929502
2.444014482229694,0.17683607700341042
2.6937059858142374,0.1294707353773867
3.022177881807098,0.0895282427511308
2.945952243298407,0.060824419652924684
2.942006654410562,0.050202213901812065
2.737831967627081,-0.0017893678293127058
2.820848678566321,0.07516170691717816
2.8106679426911074,0.0987167505581959
2.45769482324214,0.16663839662831717
2.3742916982459996,0.2884234572620291
2.3220539201651356,0.2599884009013834
2.3775408034401466,0.29381279994040677
2.4712499085347326,0.3235996739696801
2.4490328698137924,0.10239752282001913
2.7423069837108196,0.19927270152647258
2.716682585341389,0.19023452411654787
2.4273646647488993,0.17437937984413424
2.407888897818226,0.13736575032881287
2.505446529534335,0.15429928832170012
2.5201263619035674,0.23879901209794482
2.516713573160451,0.13075331352813316
2.538185110277483,0.2175387314868803
2.4528759341407884,0.21208791047814698
2.4439825540513302,0.11507320703069951
2.461947598809115,0.27697946141699104
2.5457306602296907,0.15185710858851767
2.519488475776305,0.16214630897392673
2.423201791940736,0.22320427366292597
2.4106207906848414,0.22410490651987247
2.646909404810558,0.2494053339084665
2.510848376760572,0.20156830115904334
2.6181769917918207,0.24036160694300132
2.6394569599127236,0.29017146744994204
2.546478072666657,0.1355814552498808
2.555649038152416,0.13300922797402373
2.5664085838409445,0.3089962476647883
2.5461376760473406,0.30081467421439284
2.596783537706144,0.19066125408345738
2.6600749075767847,0.17741800550952974
2.6980521129854256,0.15230786465721954
2.6512086219217452,0.06082500057899194
2.850109117549313,0.07687921879427387
2.4924090108134664,0.218398357246381
2.6986304433144968,0.08510365671995714
2.7354910088376028,0.019316658151648975
2.6960713611899223,0.18003797810277947
2.79601195402166,0.0656876657485563
2.630414162582609,0.2075193231930297
2.572942507283785,0.15648914935969252
2.6605972268495877,0.12322817305582288
2.48560825106638,0.17492595486593537
2.6731942073715604,0.15617127213595336
2.5040324584559985,0.16584301915744457
2.672360754867049,0.16814830766810496
2.5730027153423864,0.0682313622116256
2.558101627119563,0.09004503469477593
2.6867418980647186,0.11224157914606483
2.5975563387530882,0.13255653409027557
2.6234088229368253,0.18359310983083857
2.5829624205496122,0.15495588380773903
2.5157494731339924,0.2184147360868131
2.4060339882127715,0.2091898649136933
2.561616448741451,0.1987495578673779
2.520234853347499,0.2782272826500197
2.6055492216728187,0.08320535739611769
2.6400127586444015,0.12612146394445617
2.475654825256449,0.23414130155459925
2.589401631905027,0.180895634691141
2.438062337028976,0.2444649425448615
2.5725268817417923,0.22506466287083815
2.5089693208742374,0.19039653839140003
2.605317617037386,0.06545329314625006
2.62188994226976,0.05668751164968124
2.659337935896671,0.07183341536037587
2.602351919466,0.05861322933950242
2.60915298160391,0.03151891384949275
2.670311818020095,0.06343554100760479
2.4356928288485147,0.3200123199667402
2.434606075481832,0.3023704383094472
2.6986249804414184,0.13593103856353683
2.708906131484501,0.1334506955076939
2.7044679441978685,0.12456684188022979
2.6876794189237394,0.13350342781430324
2.6222001499485956,0.2194910499847245
2.623351020347003,0.21773285161119296
2.614348525041491,0.12504989648211248
2.58073740681986,0.13543799215260255
2.5357756782579943,0.17226012194311516
2.3892818142047076,0.18375530685996402
2.5267148102532895,0.16064363726676897
2.4214931267865536,0.2776942327412235
2.4924334631041343,0.15282530276241935
2.5358514108225396,0.1963676264485472
2.580391802698794,0.11022737098730544
2.5209017707328583,0.11981384669709336
2.596740401466119,0.14860035590739984
2.7744443689149225,0.09424560479949336
2.5935283140601335,0.16536788210198003
2.4947007053794126,0.17409653585257256
2.3985662300088975,0.22737089907443928
2.331361606574646,0.2248485855445736
2.45745925176116,0.21321739594178962
2.479548834668258,0.17803442206404996
2.5638607161788123,0.13832495010617255
2.5509119382999845,0.16952168586767385
2.4995093228236738,0.20330150812362505
2.4800873516262794,0.253485370512386
2.520879377310766,0.11996227920112086
2.573317481162644,0.31966227010116965
2.431871924797946,0.22215607082543515
2.4191904729152847,0.324683298549396
2.4576363256024836,0.30491279526824516
2.640637935265765,0.2940152256453164
2.3632642953625274,0.19254118930403338
2.6148349256559325,0.1936176543005631
2.5938824572952837,0.202789573219403
2.4550443073924026,0.20164610445632677
2.538806684515369,0.190115737422895
2.3648895035802293,0.16754365437879784
2.4665963247969893,0.18133567709202186
2.4879770042703613,0.4420045880503143
2.50069471329166,0.31227165266907353
2.4218783845824565,0.22497808222122745
2.4843374198584973,0.1840488640712679
2.563386658600671,0.22406408967001795
2.6344945480124577,0.27957800697866586
2.4807191060547624,0.24620074908854764
2.5598818866086783,0.2080041077452567
2.642126354357951,0.20003962734358638
2.6092061980212695,0.18705468680214826
2.6284816230058583,0.1504194213506183
2.625694077456203,0.011557058471083657
2.69819419953029,0.09952635997285754
2.6758266025272786,0.11692201517524496
2.6266650248554626,0.11034661953306374
2.5094690589261526,0.3057720234726521
2.3483934432191744,0.3219230021921741
2.454607860812803,0.31940930966878267
2.642540581040634,0.09838786903347004
2.468917593065652,0.19052278640307074
2.5201776384248475,0.31678625899065627
2.3652450721018456,0.28548727908202337
2.4727682000980113,0.3164930973580241
2.430206934297432,0.2022632487108912
2.556093329449277,0.12161688176930806
2.5394988802747087,0.13679830912294316
2.7216180194696227,0.10442682019669312
2.72201601654978,0.1456530834882361
2.7336747606798397,0.1428987496491559
2.4265346704021966,0.18980941074593402
2.840696705019619,0.10223462571013466
2.6633389622602084,0.20914592467308937
2.6338037140516004,0.13577369603127756
2.6585003302830104,0.1650315422177215
2.6511150038022504,0.1611942626622355
2.7144297560811004,0.11313689233525348
2.544400383247611,0.09705783958512847
2.512371643007763,0.1210029337581824
2.3741644416465086,0.22370528282791782
2.394988281340239,0.21712089657353817
2.4289205659066164,0.20366629392978505
2.4157705394549263,0.2625150686508727
2.5721321063039,0.21188562638536526
2.727806983347448,0.1638394934345555
2.612095789119931,0.0716603448032443
2.632516065122287,0.11622385383185699
2.6844764514613053,0.14635880201675347
2.619465626075829,0.10513577550501327
2.429040910413111,0.26707220041092805
2.452453879987995,0.25925304816568384
2.497719768493269,0.16605837758693517
2.549798396981755,0.22748919585888372
2.534585374926715,0.18951113799367697
2.3726286067146827,0.350296137480561
2.4765523549041673,0.3533529261597595
2.4754507363318634,0.3131688909897867
2.5315896658200643,0.15601247290816408
2.6206743328093163,0.09595658167050115
2.6107356269560933,0.08705930146458056
2.62669067564944,0.07680596448326643
2.53907618606912,0.2281805424293018
2.5800713024197988,0.2344458127274176
2.5954043434702987,0.23473175546684183
2.5662598471631717,0.14137716126466715
2.554375481528102,0.17776135520976194
2.6020783265060707,0.16790767732240067
2.5660556128204477,0.23811936142638296
2.562607752843706,0.10126325053647636
2.522440144668184,0.09707777780048295
2.6125045365465573,0.19589958321057102
2.7003417046741793,0.15104238256174923
2.5638868316687793,0.1930841024631373
2.5203485303687634,0.20063034328829374
2.758256307801213,0.07940113229719194
2.7989372205231766,0.0623572149964172
2.6089911444730065,0.11932702930420104
2.542679298365479,0.09810709508648081
2.569403115955671,0.27832787804083264
2.414872043219247,0.2489226966980203
2.4650409288650215,0.34643770106298694
2.4246696499456206,0.33037293213508473
2.4985059275126047,0.21610884544773687
2.5779943916666395,0.2507895065715234
2.602467184394588,0.28640535258064426
2.7215152992695,0.11003480296200589
2.7184881345981053,0.10863572817708636
2.7410617976408918,0.08388832823196604
2.615892358909184,0.05177923097119315
2.6052423245732985,0.06145411560559017
2.821055376381172,0.10459647871561345
2.566399225669621,0.08439013381139521
2.5780386970627815,0.11901864241134232
2.604045665805882,0.1955155862514071
2.661630770513355,0.08948355645956019
2.65939409474942,0.0756630889418295
2.6749377496833224,0.151321451272356
2.3594634683833893,0.3653561235865904
2.3974994795209907,0.30350500350093734
2.4027535023443174,0.31487714815113027
2.3845378833647746,0.25714081945130135
2.422034192478881,0.1603137428189945
2.7506621018902173,0.17887623471976985
2.7818541096609377,0.0837711823542423
2.7784113545380777,0.10506002820210524
2.7439294755637587,0.09339803503933462
2.505454731943248,0.17246234847045808
2.46679546619558,0.3243947037272645
2.3814137261253174,0.20521336157508102
2.491088279054025,0.24162610003628546
2.524491025966594,0.11746226602093214
2.5648158385704876,0.20818553587207056
2.692525474039594,0.09736337075042424
2.691586926249517,0.08581290610921392
2.61152551641271,0.19781474136444352
2.69939990707085,-0.013258845837761709
2.5060211014250404,0.14660863016566117
2.5588850191975823,0.20812624602352559
2.5514008738203264,0.19422433526388092
2.6366287861893136,0.13660726966532638
2.6052959215784863,0.13046768724504998
2.566514420550716,0.24139131593547913
2.5154650949253528,0.18967653981987376
2.478057069664233,0.32574027775531195
2.4686958515456627,0.30782200583698
2.513954258753854,0.2378894676434323
2.5201811530894838,0.21870624551692666
2.5223555394816173,0.18409752308171667
2.5434387611407945,0.15704727985312253
2.5003083886472357,0.10415362468744777
2.7443674651155434,0.19134575865395026
2.6719575670468294,0.10556138243651585
2.5603947098428645,0.15994682934274498
2.5147826759235796,0.1423519895470751
2.574774026865427,0.21046006179638296
2.4641239543872775,0.2392652915866207
2.2682450934966996,0.3682719495159396
2.439092828542422,0.26191800482370925
2.439393095566913,0.30017120649507945
2.5253257013387853,0.2622702728178907
2.571298418538756,0.2837772309006294
2.46112857486132,0.17382205081552504
2.489775474159225,0.23253986521378114
2.59399219566774,0.2189508771670159
2.5009775446509988,0.1445472908542201
2.418063569295298,0.14421193626430792
2.558722058378326,0.1174238323903591
2.576731574180069,0.1100243204107634
2.5529518423031776,0.18044412189333772
2.6824905757020674,0.13880063114269395
2.733845789845844,0.07766665842688358
2.6057838321963604,0.12406497942936387
2.5743740802270816,0.25992115379790315
2.5084342625585165,0.24362144176509312
2.6185434915493038,0.19693235478786367
2.5814382429141567,0.259074965429084
2.5209607728049015,0.22718403443075785
2.5027016781184805,0.23057498185887196
2.5400070001084405,0.09443749000224563
2.559288136420411,0.2651270235299111
2.4349926924123855,0.32616553767930156
2.3879342587157075,0.2931664088797698
2.3986407916475234,0.28949952078722285
2.7178127447740943,0.16421230326317265
2.508867012323534,0.16195760993676808
2.4456588884224986,0.33895669477054635
2.4725849057683416,0.15068528463390188
2.477983798288568,0.27732454549815844
2.5036686361797114,0.21960777500505152
2.555796265655448,0.25114667118767303
2.4036550456559507,0.28871461767653933
2.4986540339713583,0.2909791579184842
2.438254385237195,0.22453414601352106
2.4546948299294247,0.21690025450367845
2.579196177486993,0.17703622023039983
2.5596806569143125,0.18126191559334442
2.5524419077512137,0.17059970157208182
2.6065103907448304,0.16383815615614103
2.648497571740149,0.14205722227429995
2.6903118548878573,0.10046216921591776
2.6632297728782377,0.14006580787280654
2.5794859458711987,0.17778617771311778
2.5086559582915062,0.2840444886341144
2.523042977863005,0.28084086259484786
2.581886492004343,0.19603909529154515
2.60774972785851,0.2129458486079182
2.5854689158878217,0.05613288787114916
2.5050960332237975,0.2880510644010989
2.653188417086,0.14552100490392914
2.656955094962582,0.11466534748790039
2.548056154130511,0.2199755522027022
2.576296760807614,0.10216470110574602
2.620871327463074,0.10308673785728627
2.631523933651025,0.1308902608600219
2.6348506735377417,0.120034184072245
2.5666196658408023,0.06214703789395046
2.6580211983592323,0.11367193503446507
2.5030986218610045,0.13750396199037188
2.4867513061128266,0.13587538925976972
2.7879703151462696,0.155464837318338
2.797652956236311,0.1651671265767929
2.3075213475294896,0.22106526232934237
2.6901983665763622,0.24665604041056702
2.667553359879911,0.1892776533902044
2.6288960619304165,0.1831529406338828
2.4947619043117575,0.20900317816776656
2.548778410015951,0.21589384340074003
2.502876428545417,0.14657332031179424
2.493920783222733,0.1455792052644976
2.5524340099874356,0.19134816346999206
2.765572266091328,0.24847372567103476
2.7845856275032306,0.15479551404794517
2.626279148402455,0.06916215785972214
2.718717670301291,0.05833121046610424
2.654797962083964,0.0823618263538251
2.6125108586470422,0.18003599898911957
2.705290459812011,0.11216991285220984
2.596882685092702,0.18534539903464392
2.4229798356784835,0.4352646747920305
2.3780108027918576,0.22263163636170338
2.4709617485064146,0.19122197716832243
2.5504896902897887,0.23782211587193233
2.6435381512053846,0.07502925582587033
2.6061785038263094,0.20766841776504671
2.609841304048193,0.22347770511208598
2.602361333458333,0.19477192334729967
2.7000684686524643,0.08968650579641282
2.601347474165964,0.10394938904187763
2.494468384123922,0.23372627156258016
2.6848702975344203,0.12946613135942153
2.605131009855678,0.10083033477108792
2.7923217050816462,0.1418037196633778
2.6982178541412267,0.029393954182341354
2.4767563988494614,0.23483967006353126
2.5518255618007286,0.1391727309639489
2.491388759714582,0.3229422707235114
2.543332854923635,0.2484326793959552
2.5192090913172964,0.1484223458975552
2.417041193104629,0.15156376230065913
2.448738745257342,0.18818566192505543
2.606967821822271,0.1842238169978262
2.5972149021476074,0.16327942615779395
2.63237809634399,0.2039889678533695
2.526578199938117,0.2002664279051984
2.5980522337309684,0.14622685309507896
2.549740707364597,0.23740229339405577
2.6451973617793607,0.19927035642972352
2.4774588507376314,0.26587303601998125
2.4204714248766677,0.25859483530590593
2.559239914009855,0.09537068492106297
2.56088698521234,0.0930351262826872
2.5569935192345974,0.07366163662025886
2.548741619647869,0.13635325118023375
2.559667217684905,0.1589298279633605
2.7176370535510626,0.08404756933151188
2.651605024814681,0.15274218120163227
2.6390812980293825,0.12652854488953977
2.6440027972221665,0.11208636372045264
2.6041634976389667,0.08356997206079422
2.806029403742302,0.22575982797579885
2.3770237162039183,0.25051095236474796
2.4019189159745453,0.36208807539856624
2.425453052413875,0.22055170236409632
2.5991609319878894,0.19441704121359335
2.4604184543985195,0.31781679795778117
2.4566875003664643,0.2997792108281824
2.4397012219116396,0.2214637924464825
2.4110334691192605,0.3188500875792265
2.4793584096839925,0.25387806209800984
2.5397987797180455,0.24424140921699333
2.4997978867523187,0.21037539964501661
2.6711737615741122,0.125788716402
2.619806773149422,0.21170499177991
2.6635885423527927,0.10567035765296975
2.643743868210059,0.11008040859176618
2.525867564063613,0.14735846065923924
2.607010703835275,0.22511555486720353
2.6498628342268447,0.10814115093519934
2.633143640278594,0.15442079224407826
2.5410788169686493,0.1269923112611907
2.4720262406104037,0.3069572901994079
2.474611146270102,0.28929678185592783
2.7083489133107594,0.050697724263320726
2.701615528622894,0.058389221266545104
2.4952877541881016,0.3211045358526245
2.718100175296069,0.10151385637345398
2.646045396686439,0.16718597321206613
2.511484930928104,0.2508657290067935
2.4897650367888953,0.22469049615186915
2.5059472350687506,0.23327818935270453
2.457407056820074,0.18065058049119972
2.409042411235829,0.2858278314827529
2.562871154896725,0.1851264683626326
2.759381912152449,0.059847423532424913
2.67575981330733,0.10542441416277994
2.680334048504236,0.07593233606204088
2.5550611228568956,0.28674482957250025
2.555558399643888,0.28227689951913293
2.603045453678578,0.1448707972183724
2.483833772586152,0.23581192037645882
2.5048566338537013,0.20568391031108724
2.5459342338202715,0.17775309440267062
2.533009163296317,0.1800660008894045
2.583522996567477,0.2662485486044846
2.5095054011558062,0.23515728232608957
2.4316022823099726,0.2767772330097957
2.546143635026476,0.26379621433242034
2.6181697898432277,0.2579958923779084
2.5578732338798242,0.208635831852709
2.5080573251342884,0.21785892147798025
2.4503573947637745,0.3045928464184181
2.4429111053584123,0.26309448087381837
2.4454122599781365,0.2605155825633711
2.5440456893749954,0.25245552493209267
2.7268400773423234,0.06072522527313627
2.7372735180645424,0.03577438043963122
2.7565872402410125,0.02893821929069988
2.6239226810406784,0.10517577850402143
2.542320774509683,0.28217573356770614
2.5807191874026905,0.08615428467155466
2.6001208627387724,0.2486640160236652
2.743356449140028,0.17550569891381543
2.5635251064694002,0.10658869606808888
2.5946273252842573,0.1634949289149985
2.604887047324893,0.24483952308898696
2.625838829394296,0.26285206996835875
2.572405746510774,0.15911575257852398
2.377610331592063,0.2704106993468352
2.3674045395116554,0.2799350785050634
2.4591974824248077,0.3245450051735546
2.447655717210011,0.3266095792043109
2.6577556312234,0.11673578380309048
2.4834423544532265,0.24298790178734023
2.513266021698374,0.24174767442962972
2.419217855021473,0.26952855282432103
2.438284592699471,0.3170908790066297
2.7726511193029633,0.11233575735966851
2.7422112728400507,0.08003245141222722
2.6711915230331815,0.11153225300640962
2.543607737685778,0.1642287609616458
2.6932291931924874,0.09937008231865781
2.67565643692593,0.09456104003265609
2.667953140194186,0.0887607899163712
2.6494281039397625,0.07400949039303656
2.4947144824306466,0.2674635439953802
2.573325580326317,0.1456566810593407
2.678583247617592,0.19931816660772064
2.5725128872437044,0.22272920270488902
2.261429655894014,0.295608020010485
2.3085727970248464,0.31020640415272116
2.6923329795232585,0.18218214448444187
2.704888079261756,0.1214688772140265
2.7367673210797223,0.157329781485005
2.6403922080450593,0.03363806489788877
2.815035580968365,0.09453959244348405
2.4445464485736306,0.14999554932501125
2.722029524013888,0.18680800165457626
2.663374867797853,0.1815394641029737
2.671228986464349,0.171773411176988
2.454117268960473,0.22621346528431988
2.457832372369311,0.23353799797497887
2.501882043773775,0.16538357056989145
2.5429643267267794,0.15824204187539856
2.626909193498385,0.06565364753180272
2.62825659694294,0.06198571763947711
2.697419212967787,0.11899140676644138
2.698775120188592,0.11869918794593755
2.5196718569018803,0.2449901992662821
2.620500934041066,0.24701770541646234
2.6743647419492342,0.17262157581210505
2.4987992234558742,0.11850168246251626
2.676322022907329,0.16909903875890153
2.6037290312527817,0.10453728608197281
2.709490052705027,0.11151570613133355
2.5078618724914046,0.24985203022832186
2.552297876156732,0.06564290765486891
2.610319589206028,0.2781182480797046
2.4765082189977625,0.2687480569069333
2.361988371212969,0.17979412157490146
2.5447266722567634,0.4256203042734346
2.6671632004936483,0.30233070349488783
2.6223654252799595,0.21526575705476655
2.581647568953111,0.2081625776130143
2.5596281990577956,0.22408238132500125
2.688915342348554,0.1389338050195888
2.744223462394474,0.17476146848386762
2.7715221876436495,0.11881006426955645
2.438217516215812,0.18099264817765762
2.4390199973366493,0.42448578784885993
2.1531648773519354,0.5319609234598425
2.2862988182713284,0.38872301264787384
2.5070171719859506,0.3763851838534023
2.552299825310497,0.3247104204354489
2.620450441549327,0.3005612634975068
2.5720963927654905,0.2755827315244173
2.4909308701787065,0.20993205833166398
2.639412186446325,0.14767354341892402
2.707851442907023,0.12827370033941682
2.6019347586568102,0.20425949820319916
2.4953665829237264,0.19524286240726516
2.5371149379788793,0.2019029313815759
2.4685974323179702,0.30962752491478907
2.4582223469061693,0.18303506100472994
2.570935479984325,0.2209595714273377
2.5348860264523987,0.21050341273713166
2.5406779423988683,0.23058432852632008
2.522758561515273,0.17898850356721788
2.5324703900172687,0.14058438039420468
2.5849816648281245,0.1986393353403211
2.5120781009082758,0.1816408450159965
2.5302443885528954,0.12053848036150197
2.6120991800680895,0.14743501356777036
2.6972717108716036,0.04493618430320611
2.6845791892023954,0.053289981968627394
2.6310411716046715,0.1879745152810341
2.532443938296172,0.13884973120542266
2.512313327862411,0.13403001804360284
2.5043779276941716,0.13419153501171013
2.4778591423998653,0.14233980041531397
2.5217216276588736,0.13165788384877872
2.477937387209775,0.25891434056842694
2.4603961378152612,0.21046041573325297
2.48734178186742,0.31020451224063295
2.5724656498852054,0.1701545855595121
2.5603228141927152,0.27879510400958757
2.5641702021983557,0.2844498777053217
2.572298157227132,0.26071756590875594
2.7761470572959683,0.037275780650707364
2.718688606441857,0.041289739703053274
2.543052371389256,0.26431485602715626
2.6015573630227213,0.20139142976702185
2.4505595935614575,0.2893835393757099
2.497083432080847,0.31162593317172854
2.5622747240983887,0.1337114152669142
2.5129393624287486,0.07612209692870564
2.514158453138274,0.11396108573289321
2.7672040763805685,0.14891670970700957
2.770650431386056,0.1274577156888065
2.6151240791137016,0.11350494948067341
2.591796357276589,0.1427378501496953
2.572935417493601,0.15123312263634045
2.549916136175778,0.15774496131534582
2.5550279580325563,0.2779305089433376
2.572657698705819,0.24660589497667543
2.5024538169415393,0.2057332841793834
2.5980113930793434,0.16655868302709514
2.5676303163918908,0.14475902288523895
2.551785619619622,0.13600457889473525
2.5091310647026748,0.280155317960402
2.4980465824549425,0.25360424113218444
2.4825609658185575,0.21080276463232703
2.633263250613849,0.06496951912272184
2.756042257491173,0.17167523711435687
2.5086300449591583,0.26322047040630087
2.4189699002763065,0.16350831664496437
2.4055621819898168,0.1648219829182537
2.4148684266366804,0.16285880941345887
2.267551380643801,0.3272888666205856
2.4176417347342243,0.1770642180716419
2.6888507315513412,0.2130986364889016
2.58133792840684,0.12923975490299563
2.4597704987069915,0.3056365647570496
2.4490620654048323,0.2203325011112782
2.5458187699090296,0.24551731647830646
2.488508618491325,0.17933222850205482
2.5812459216164183,0.15674762084629862
2.5907973618185243,0.18161907412196512
2.46676092223861,0.1636070668027797
2.3130324474882396,0.18843294689453552
2.5199397573520494,0.2929033872259258
2.5235280213257547,0.2771660445834415
2.716435632846096,0.030960325720238737
2.6039704851371046,0.15154542707072557
2.6768346637280187,0.1519061022793987
2.695201919777208,0.22388656816281394
2.6543524476000484,0.20372939283316682
2.6417783634675285,0.22794709691815188
2.6458297126803956,0.19984065171004958
2.582951056556452,0.19037747562436064
2.6564362845411007,0.2670580908387283
2.647152001921744,0.27498158942105755
2.656885045900052,0.2814945993238171
2.595573388759683,0.14233752558219595
2.6111489021319025,0.16291357120618583
2.59968966109493,0.11176010293228787
2.445707128277423,0.3386343959027441
2.3111378448053714,0.36749495321051107
2.507491375351121,0.2230361678040508
2.5800641188216407,0.09030083364408825
2.4462132421793106,0.14313069405747014
2.4432041191017952,0.13311579960676526
2.620981856056411,0.11370761850016166
2.638373452026095,0.10774227324321344
2.6582624969971627,0.1195177292620517
2.4221877483430885,0.28771870807757016
2.4966786099827103,0.336339413287637
2.4858149883979097,0.3061326040730081
2.4903228316346286,0.1365041661295239
2.538788458380502,0.16385955731860385
2.5052095163134744,0.15791331482337947
2.456091282794509,0.3731810502894595
2.751995210382811,0.12145143922572635
2.4926729261879514,0.09701458635103914
2.4972956745037385,0.10742495098417411
2.5612633175755,0.13770485332223195
2.5035078165813287,0.09446421652073181
2.491434994158372,0.3238368141463083
2.6771033982393293,0.27763884249435633
2.6757939521814547,0.2711065327399668
2.5926461853316343,0.05499446509845214
2.589662235255245,0.05917179459229222
2.588691613799743,0.0064342301804604755
2.555104627711656,-0.013705184941999269
2.597285732731698,0.11905615075571972
2.5812147032001858,0.15292549629062013
2.5979614234008435,0.1704718088104704
2.558942328555597,0.17935974706130017
2.6919283843564172,0.18348916386360395
2.586899933127043,0.030693173390059215
2.590714697934789,0.07738122471496144
2.7503997513117096,0.24084994704554338
2.624501086468595,0.19884338678504165
2.399152708209168,0.16112380563935583
2.703379245913212,0.2407622355318094
2.592070346872706,0.1775960978600886
2.5748572693794562,0.11586823972328367
2.5470996496246934,0.143841348697696
2.5826258889385723,0.18549163288026302
2.5933542620379,0.1662283973588883
2.5337187663506024,0.1490822552090135
2.498588216178659,0.1386735365115489
2.561542832944667,0.23399685444903515
2.558257195195619,0.19925848301469334
2.6698217513135876,0.1510526207491814
2.7060972285691975,0.14626568538589244
2.6771891044047735,0.10644860646072597
2.487231634480498,0.12377933245803573
2.4358454245260206,0.1296282517986122
2.806250833857114,0.12633075358973903
2.5267471347580783,0.1893349126607684
2.5329795779984785,0.21266770448040273
2.5082696338472488,0.26963007483959167
2.548358690213072,0.22855249160904337
2.595913845407053,0.18221772678248582
2.5569201220522997,0.20323263722220652
2.5206253488380272,0.1612955693649462
2.6163573172844483,0.2396922690391021
2.8117589366606692,0.01944762710395559
2.7387237126992696,0.0873707311052518
2.7065738997334794,0.11091091077598207
2.661213575342748,0.17711138510291835
2.5153057505341483,0.15561222500902053
2.561021592261673,0.1172241518288616
2.5342964748882277,0.2525167385109876
2.6865979634907244,0.10264985420513809
2.678512073657445,0.0785924627907777
2.502266684532526,0.31771737402675704
2.4971408259204124,0.11961257251266467
2.4987258611906644,0.12887315212659278
2.4712685701252544,0.2937459702044888
2.595483624770053,0.29830581219922875
2.6165811507872134,0.3114329301618064
2.5059076093703516,0.15384397298328892
2.6774092471685003,0.08388438653823863
2.6903470278842985,0.13192090872283568
2.5491438786088154,0.2024867034820166
2.5740311140108116,0.1941849081101123
2.2984537767865625,0.36655890724558204
2.3262582560112732,0.3579878114630261
2.616724329835788,0.3346824064267127
2.576148243674257,0.2988549214267294
2.5172119339883823,0.2549269421546925
2.5722349705832954,0.17351880940047054
2.628254121201098,0.16263047369093178
2.6434562850072174,0.09954411550373363
2.6057039968112194,0.21188165205149825
2.6180134524388206,0.18991752239090293
2.621057159389402,0.08655601447983098
2.7077817702628213,0.13091131438733064
2.5354356923692385,0.18928298537436816
2.6436579811526046,0.14600837483767465
2.626177735649048,0.18975842986113273
2.591331753290612,0.20871490812596927
2.4920658948620007,0.11323624008681596
2.629610428883166,0.14688936262586386
2.6775258813975618,0.09726548214674118
2.6845682212132798,0.10153291881574308
2.8616468457115203,0.07504968937936264
2.7596598617549266,0.017735385648978457
2.58571854013763,0.24718662177359055
2.5582889552582926,0.18697566039366992
2.5971532103922867,0.20469567519277482
2.658162471561626,0.1683310112356568
2.496035950429179,0.19356475543510704
2.581511363712562,0.11010633284211287
2.559538771038731,0.23772475258931144
2.4012370879826714,0.26033574182043506
2.6263417850172237,0.1700419138678878
2.454233750281866,0.16090614267458858
2.463347867687611,0.1620056153984909
2.4789338876282105,0.13866424017654003
2.402516053333252,0.3240784398255172
2.5157529150172366,0.2906627792358348
2.451702456390177,0.31618255088108665
2.5493169240378877,0.12358159825410918
2.5515165789221363,0.14597525358825708
2.639468604292329,0.10316045115230055
2.6706147834608895,0.10652148884954828
2.7134673286797937,0.1312628540959527
2.4047249351997686,0.2538615704895537
2.6351311020300465,0.19062903855699997
2.7695427639310255,0.05909724790630129
2.6283742913261348,0.11492824528901169
2.7396395955903086,0.11709999707407716
2.5494676009980166,0.11205631128395548
2.50300850286057,0.08281571079840497
2.632634565110392,0.2091600581288619
2.469836663743141,0.19288466932444703
2.5686041930063293,0.23965480123098948
2.4577855359214724,0.2791219798128351
2.4743582894846643,0.1619557859795525
2.4651413621613227,0.1696341613885515
2.650598567630703,0.18682005772301616
2.3844278919440014,0.2853040935275492
2.324051629738586,0.3718604313334946
2.58078278450893,0.01204917713303036
2.703664756105754,0.10923811261195956
2.617833269064678,0.2080384518164468
2.394990225160701,0.2238798078417048
2.725291477152177,0.25610630945232066
2.619431011755118,0.21691251124948344
2.551267865787504,0.15059785678777826
2.6076169931786937,0.2094973914126566
2.7177569301839077,0.04603163851741603
2.611959905652687,0.09266842159932183
2.5580209764092925,0.14178895098852434
2.762663483459683,0.09827644092209259
2.684909640956792,0.047910360619173836
2.6971471533135087,0.07254131726798665
2.6933715835194962,0.13269986221270857
2.736030844534627,0.13292223642941414
2.723016817006991,0.1311149069198298
2.4741417117033446,0.20500282570405512
2.5187303208533254,0.22656596360997408
2.5587356733485023,0.2011945293677313
2.5142937261914198,0.15923441779991832
2.5615768184079375,0.15312691762055222
2.4408585838159764,0.25160012846200475
2.6069892231309013,0.1495301151484725
2.4456679977390454,0.3445432932978862
2.416932781789635,0.2573525328373254
2.3947812573032854,0.33571301014025884
2.4411131895786706,0.29720881905799584
2.745554508037363,0.09329839002654239
2.7377645080482917,0.09546485687185667
2.5844715626393517,0.11451713655913955
2.4526971217057647,0.267074912608549
2.5305474231926515,0.22847199663337325
2.4975336187779833,0.2545924416638333
2.4660322052867683,0.24981315336464818
2.4778991162793713,0.21823936154772788
2.472863255549038,0.3259677685724258
2.3947496572502955,0.21917043886856524
2.7896661734587447,0.09530505206643672
2.5966476732429515,0.14386206006261465
2.574341995421188,0.12967970048904348
2.5640867507965663,0.1389874776095342
2.6398836960277903,0.16828515417251444
2.5912515715971387,0.24688418669715761
2.5595397980071795,0.08862058568128589
2.456873654534072,0.25390244381894705
2.5715560633134134,0.3014367164743053
2.5829740379271757,0.2379527318155779
2.661481698142971,0.17387874833320388
2.4979018326573588,0.13685525585789504
2.4945880667983324,0.24022511749591452
2.5493802601790425,0.15876427988757708
2.5337535668473654,0.37846160053497446
2.65159020674031,0.3818811154664068
2.420214484728572,0.3376767062556748
2.486812721557386,0.18428770548124232
2.664996293162503,0.1937812185648428
2.538385952986162,0.1311567635624611
2.5623612856237292,0.16003738321259228
2.643295180993669,0.14426325118061478
2.7520869816490134,0.10323879455076805
2.7014963815160726,0.08123299250114188
2.542448783636082,0.14412385856488338
2.6723273741828324,0.20196754367595318
2.616005454950684,0.20128467566115593
2.617354648741905,0.2044236546210651
2.6537475496433647,0.11796423566139666
2.6167048839259968,0.11621652524448776
2.610695581191377,0.18412530676345665
2.616764257543052,0.19470126963776968
2.510578490772649,0.1704317057947802
2.4127424356140583,0.17145428339909125
2.460317703890502,0.17906023569553456
2.5638048087262653,0.15516588870301726
2.477238847224468,0.26662046787800175
2.562250531566829,0.16153331689877753
2.5025466803790786,0.19454052445751893
2.6597556315317026,0.15273153713617277
2.57910768831017,0.09769837592750731
2.6778893837491697,0.17294440481225815
2.6746511550394336,0.17247910815545306
2.60490473714553,0.14218267986692798
2.353042077245906,0.2872186903136236
2.7295069253336552,0.09188456159492478
2.7500171420007744,0.026759847466412832
2.7528672073880824,0.1044394533214638
2.7321895179333326,0.11269541703463255
2.500814843012937,0.20723167846547963
2.648774358364074,0.2914356398631019
2.597812171348779,0.2499162215277148
2.5302493889280147,0.21888708626158565
2.5024631181003176,0.1854493338539841
2.3826213204080275,0.2730849680382576
2.561967384070274,0.1925137838162917
2.5015281042140916,0.15541260763485007
2.5125383663367393,0.17959064333599234
2.4342456872496876,0.16497829181251528
2.5908022140325517,0.2941002445547994
2.4478751897516196,0.2395404079398343
2.5696822171850173,0.2555116119812571
2.617178315188433,0.21309822005265497
2.5300488167926587,0.15702562175486434
2.5358351147741294,0.14189111344712288
2.669818255889405,0.16128738240089363
2.6437528690044436,0.06757491321997182
2.6303193006195733,0.07334470358968609
2.6146379382898464,0.08285541825499465
2.6005421425641204,0.24859653204545182
2.645784932069033,0.2638642435948065
2.583204121972998,0.19707514109505958
2.5909883278228003,0.16972846946152675
2.6592035256004425,0.2990186227425891
2.662356420347764,0.3206446794050462
2.7259979171581543,0.34889452116760694
2.425874637262302,0.28751691574769145
2.6096198825616885,0.1480780159213241
2.526788348031558,0.14483708918493918
2.4985692786361486,0.3352601782485746
2.4588660367548654,0.18236016794766616
2.370908566209927,0.25487831100138214
2.4499902481685303,0.4218439450994549
2.648929874780592,0.18668406986422742
2.57739994584174,0.10538877388696512
2.6492687369844443,0.14427264264213643
2.702704901716839,0.2156435955782073
2.6135964655864656,0.15079158354081532
2.470136624449319,0.3633307563651358
2.4010575654580384,0.3924862702487483
2.2943050324721517,0.3781259192789655
2.4247785531578403,0.25382826475688036
2.454686100349707,0.19419794050853154
2.6591395684367267,0.09266692807608544
2.647931051761109,0.07145304697197796
2.6262806204900917,0.13062882847242396
2.5919937006028975,0.12043985628765363
2.6772349951372285,0.06341047037767356
2.716275786192506,0.1738784532248147
2.7659985556248805,0.10851915663225935
2.7685012025689772,0.01631843789570726
2.6629454378550057,0.19588649937699
2.65821274972784,0.19369790009285268
2.6931249937606596,0.12620155862065258
2.835081367279325,-0.01785131894763258
2.7811302379284752,-0.06067018165569453
2.730656852889237,0.04979035796499922
2.682233942552782,0.11341722428832397
2.348627842706192,0.31580653237956546
2.3342908155656104,0.42512362258519154
2.3332558671953434,0.4218380383162417
2.3414053845403573,0.2653336467204017
2.485298767636678,0.30874527684132036
2.550809500572683,0.12543248520053601
2.6294365231267878,0.16700433249924584
2.557001004694957,0.15116787207268698
2.430944376122406,0.2091278561571635
2.520513154795409,0.27157184109896865
2.5366417870630227,0.3630872622511929
2.5270332706244347,0.39506826720274196
2.485213724247413,0.343201505657843
2.476463465181176,0.2528400907611964
2.6712517914409575,0.17729937036612686
2.6858422550481285,0.10120347474767434
2.6644949932113735,0.1685000521056452
2.672715619530591,0.17698276807739585
2.5266051017887685,0.295435517679962
2.5668681998406915,0.13004027886451883
2.510427618042169,0.25701045678884304
2.4898918467312696,0.24267806936907574
2.5693825322170483,0.24465331882293118
2.6881069829281823,0.14749921056887544
2.6326836773833984,0.12795802555290808
2.4930950180031703,0.13126325124279767
2.4126235721016154,0.10877662255373872
2.429286857668944,0.14395506746065836
2.424178069742092,0.17251744233102792
2.485090969390939,0.22833423063586208
2.4639551631596324,0.14478336205683975
2.7416058485189954,0.20963895953193798
2.6796777067874205,0.03531753559625536
2.684244417878896,0.036549132051606634
2.6814472743415037,0.03917602956822869
2.6775252060278754,-0.009063343228360056
2.603175721912993,0.2815006277980413
2.6400716126158126,0.2837130202218996
2.731834031941948,0.13355993350397047
2.714590896399716,0.16344862915205044
2.836567928331723,0.01563216421066045
2.7738258582507953,0.12051662442010966
2.8239882814447563,0.02618316222079022
2.570804007573183,0.15513074507567692
2.562287299212887,0.16582789454189792
2.667026212801021,0.15422263397414634
2.620259617958057,0.09101936549504974
2.4895313984945835,0.3291834829916798
2.3209371795878426,0.33181069666893026
2.2830103223097113,0.406249291526923
2.56659958327735,0.16642604465376637
2.6222419632441096,0.14111781518786098
2.5048994907995468,0.2639488893047578
2.50016621415411,0.21213738183174138
2.507522305088992,0.15679304525414214
2.502916133689456,0.24742307266840052
2.5334053485552115,0.11321888406953921
2.6320473119324554,0.14025012055973604
2.448961510292821,0.23918069172781298
2.434016521982959,0.23988494064672292
2.4470099209168548,0.1498549638783628
2.5090136562374634,0.27607362661409074
2.595292528372192,0.13313559709137882
2.538582267688954,0.24261508858090106
2.6177817928751623,0.26921390551675217
2.6741267182314434,0.26173190016759107
2.567082448234811,0.27491543672023705
2.593639528925881,0.12794558846249793
2.6512814151497652,0.13740505321594768
2.6288029250166747,0.22890722873383748
2.51811687165619,0.15585035048658422
2.4914653918852725,0.2083236009504761
2.3266806332039547,0.2355037452074506
2.4558429059612075,0.3448044754073767
2.56047614774804,0.25913748425018684
2.698833304224103,0.1529595390047094
2.65578089940213,0.2010292902615029
2.6863618726668705,0.2112279616377091
2.685982334536096,0.2729333225545823
2.6538914023625275,0.36764510643032994
2.649927464138139,0.3676541965745458
2.6314507647391783,0.3060128853266574
2.694337317351678,-0.04300391713404945
2.71769124376222,-0.02827155174937904
2.6838270989345916,0.09461227411489383
2.45463755635341,0.18292245216410355
2.67832253963764,0.1438081672404992
2.671878060178726,0.08827704078975439
2.53848877478752,0.08817686893663426
2.5120818476695788,0.1674310683703252
2.500953695981738,0.22493896633840235
2.5820729566132155,0.16642415499538288
2.5900664467876453,0.3318274457244071
2.7353830028282324,0.03144815935913909
2.7322814336224823,0.014822597629587646
2.662328940451521,0.06985818809928518
2.5978500623249117,0.1138318906003413
2.498414759794246,0.05915637627556738
2.528729923244336,0.16268058625537685
2.5377206721274495,0.20087007477974403
2.469131648328316,0.3623057606494251
2.394689866280317,0.21923495743244123
2.4454719305019177,0.16325053434827536
2.5033023861300387,0.19825054662190741
2.6935422773093705,0.1110512234568642
2.5945487353800005,0.25191323213258077
2.4921659586318734,0.14757146090413725
2.6378054036407215,0.1773965277757968
2.6652722633574744,0.12592110253625763
2.7236911703844466,0.04874090042047882
2.7857960671925706,0.035639224807626706
2.7955774272376273,0.018616068110312092
2.5757904190658842,0.14399982104763692
2.7325070166902323,0.15912881942796084
2.741162207255601,0.17439049297118137
2.661888610965219,0.16662849357192022
2.5106892603803646,0.2728776695142144
2.667171078904874,0.1908551887979527
2.6706616590642045,0.35033040789627784
2.612833824581436,0.3251605861076721
2.557242925667066,0.17938240239020634
2.691018334618992,0.15143545664026814
2.7344880341638107,0.09027607025255753
2.5598932407109647,0.1633875941782523
2.521646855661205,0.1299158622559822
2.623000096735893,0.1717913949360012
2.5293635561211985,0.18784711716412822
2.6446506715208105,0.12268995709643356
2.5770321691292843,0.18506570267721434
2.5079390776635573,0.21556006055868082
2.720671024659739,0.06954523027569753
2.613936276956534,0.15735428548051747
2.6140821145574056,0.16321548337059444
2.576547563776321,0.15124362024084842
2.7436402122788235,0.19124342504311348
2.5430140776282477,-0.003983834465165617
2.5840833171978708,0.013565783705086966
2.6143136722635965,0.3951010067876859
2.6237253044010904,0.40586051153504654
2.4487815618018147,0.38722537020413245
2.386038938884769,0.3818356494890524
2.5946195524831372,0.05751023544664316
2.634125567715259,0.24767279207484993
2.6160737800527762,0.25005858002594744
2.6800066997245158,0.24775295897020247
2.4156112592926435,0.21515708428501762
2.4516172852016607,0.25319665380291256
2.553522648870194,0.24693343373105942
2.5175548546565527,0.08870748409023939
2.5242983130758514,0.12726988309169976
2.716737649023809,0.08636163695700123
2.7298778543416926,0.07182719038312207
2.7022253256030755,0.0708286157798333
2.699184553306417,0.10409542454603694
2.4815329745620285,0.22732280042043762
2.4653209300084713,0.263857876287501
2.64559687006808,0.07649557526811017
2.6534168799776254,0.18835383568685077
2.615603248796112,0.15472665723882714
2.802498540434131,0.044058855609479114
2.789057909870226,0.07412948879591168
2.8237993737533174,0.038044031784787394
2.8226068660696377,0.06877315880613016
2.4451727025686933,0.29404707195561347
2.4628414773781686,0.21490770479568083
2.666779872083318,0.08920394002082534
2.5375938956996684,0.2571044591737242
2.419167101440858,0.19247124188194137
2.5404147873115566,0.22320476056699534
2.563553561290703,0.23769097470466824
2.5577828592114935,0.24372714641249457
2.42644857095298,0.3246921567543397
2.5614483529525813,0.11240695911771577
2.5752907176716207,0.2780773113379607
2.5717794772449536,0.24929599015814533
2.643036280136014,0.1384935623533943
2.631410288134329,0.13458789355537937
2.5195395508352703,0.20915278915430036
2.464395640547747,0.22682977614877528
2.424592891330755,0.29892936780162954
2.4237575727853584,0.3313597056359351
2.577002925282648,0.30828705155814967
2.5727334194510156,0.307016621233353
2.5098618159687573,0.05083767352755736
2.504021142402885,0.09632064212394122
2.61647145114321,0.12908757545398206
2.631220786790879,0.15729428165382314
2.4890759574444217,0.21070610635642947
2.487078355650096,0.23525794499671218
2.73848961460203,0.05058453142544125
2.6829344726588324,0.06061337432322333
2.5728009615651866,0.2212617420610947
2.611310008704498,0.18624244193237138
2.773580617769982,-0.01505114912811864
2.553438620738789,0.08656143072205286
2.647642839507301,0.2834144114383541
2.595558869429626,0.21974253262135426
2.646785529260056,0.02935289242657375
2.6683992272729506,0.06529793225694684
2.7697566204558384,0.05333196324211117
2.616033003225382,0.061996717870962864
2.6052325759277526,0.16892497096023015
2.598560277680779,0.15211191922169906
2.515549641464642,0.2084336177587409
2.551497450246686,0.20808174727901124
2.5067995603134143,0.21224936204071218
2.4749997330219204,0.18808034221946263
2.7544085695762797,0.12467682596239728
2.483331658518508,0.19576462053384797
2.4701437284660233,0.2110950919156035
2.4916725176757533,0.29541056620002
2.5369815707583294,0.24970921768084253
2.6120476900099487,0.21932583490636137
2.683152548222882,0.10681894472416045
2.589630164811515,0.11335605962510525
2.5428545922752335,0.3014948781037971
2.523600805358321,0.10705662119757375
2.5056873431656688,0.10215197191850953
2.526361955050743,0.13616163974478004
2.503832681154535,0.34021778681065346
2.4316150425392706,0.18959572248242393
2.524495636152797,0.27520497722629106
2.6349318980563523,0.1836216177796509
2.7121296448382526,0.11638832773516004
2.538813333805927,0.17587418984710193
2.4074540389843126,0.25692222101689244
2.475645511714062,0.26026182494380834
2.558656426924403,0.16530738497951541
2.5790262742552414,0.2596527588464622
2.5051796718462582,0.2242791697824661
2.3538598577592658,0.17579395675057077
2.617234468662376,0.17559926666640938
2.5672884005089434,0.1550056795288508
2.5548751172540465,0.10436168082961361
2.6207302210463017,0.19837044477997018
2.502322530258912,0.12452198822647469
2.499551128686255,0.24319617033401775
2.4871538288439052,0.2086856233167885
2.7333288838739698,0.06998188604556395
2.7222962320763364,0.027857393730608915
2.341267886957539,0.384372830287625
2.413390455975047,0.23980374918903857
2.4213659037849466,0.1791319218939426
2.475315377781562,0.17097321383517647
2.623931151084692,0.15495024139275548
2.4538822823616266,0.25498872164046443
2.4756254704254337,0.2830098445333336
2.55717101147909,0.1410272188418364
2.5300545621604416,0.2783855169989837
2.5778724673885773,0.10429944918573883
2.674426883771622,0.16389672554933415
2.551873502071103,0.261905707912894
2.531021798674183,0.18442588029284174
2.53670009886115,0.15520672451601775
2.4237353269738064,0.4824483279556307
2.385184720096502,0.4409094201972151
2.309379494889169,0.34051441498902796
2.532223977924167,0.3472851902173886
2.42049963783585,0.2906800932838767
2.5233226458775566,0.24343594398110227
2.5577120461213325,0.1933701749502315
2.509335140890926,0.11166465029304458
2.5729614592207692,0.092243076606748
2.530491047183326,0.08973456950312025
2.595075202045511,0.104928567758796
2.5634449212820853,0.2784957545389317
2.5691561444348583,0.3104974136463987
2.5609286461606082,0.17434791025198254
2.4901776261359574,0.13455396909734768
2.528287445908129,0.15504348783921346
2.7033431722438466,0.14851725577882827
2.678233512121125,0.11113954310545172
2.6254641542786894,0.1476226370196624
2.7714725980843613,0.056811287587357186
2.7630623158556396,0.05809662385562345
2.796873400316564,0.06274326320185712
2.776872267995695,0.008374760876540438
2.5751195242394798,0.20618828160954172
2.6283447478599213,0.04620207233206971
2.638533656787816,0.09030330486357147
2.6214015303435585,0.08977671963166985
2.4155430346662183,0.36146233019035917
2.6744853054396582,0.04651045949369858
2.759547264635141,0.14894168048571443
2.673628352757142,0.02553393741434075
2.6887704659060567,0.007854314951764047
2.687649992643821,0.03351241717548372
2.6722273878443987,0.028544087306722657
2.7106997365234933,0.05155695172920624
2.7404845010905463,0.07742269691069717
2.66609919666532,0.09422225212147751
2.714497534238161,0.07899919502464292
2.56964850474544,0.1783486185903366
2.597751493163744,0.2334151974485996
2.578360687668281,0.21103253502506533
2.5704136164700495,0.20111922209087077
2.472605422281644,0.2456703753039879
2.3831506894549834,0.28991428243716183
2.6512791558313644,0.13666436471138246
2.4578080523619956,0.26995982509182037
2.4862396339216484,0.17262557991283337
2.5381519573355686,0.28431667994035725
2.628546883570501,0.3128593392566337
2.3841156327929327,0.17167843704733635
2.382764690318403,0.1539076104358708
2.391959585569224,0.1720768315966655
2.746204418068583,0.20226123358089493
2.7537822294890684,0.2538404433001391
2.5994394413793036,0.1602996293290302
2.7941874433357277,0.12050661302855664
2.6928873870657575,0.056665013549450256
2.683820233280235,0.07544278482218199
2.601626799685352,0.11312130585027672
2.5284908676510454,0.12788880303079858
2.417607864841716,0.17164941037384326
2.601439245278278,0.25782946025231646
2.5560025723612365,0.10203168195612271
2.6346754483943147,0.06545251779093118
2.500928662843682,0.24536585349808498
2.470829088980438,0.1743704730331761
2.695027726473594,0.17015380182393405
2.3579559428772527,0.23585181729981128
2.350384688003403,0.2518849337461011
2.592433977755252,0.2853094766712008
2.4661783362128156,0.19774609421225456
2.476690213593919,0.20701542016345356
2.466567926766147,0.2208037315009821
2.5882760977027752,0.20761449319622863
2.5592514033156593,0.06368226243441148
2.6333145776053404,0.14731307013472125
2.524370089810669,0.18596738037694674
2.309457108530964,0.39864739320355747
2.30916143910288,0.39867781763462995
2.7551149571110445,0.039759902036402874
2.752032316714311,0.08529230829693157
2.734987275074004,0.09569071784816018
2.800984983496751,0.15153844287758023
2.7328528442423896,0.14332283473083474
2.6102718034470453,0.24080333330363285
2.434434420216087,0.3299518311017653
2.5812709441701465,0.3298976135029313
2.583360279810998,0.33537583979665186
2.52671009539145,0.33071729539621786
2.382129582582955,0.2633455587154404
2.6572103012252306,0.15494837705672176
2.5338858279624823,0.34816559877111947
2.236792378575827,0.3501831095505909
2.2796950181334483,0.3361570229522205
2.3136361482234693,0.3949766184353609
2.5928075264154473,0.27632230081301684
2.633669469917936,0.287441780369994
2.6060805745622044,0.2842236433571217
2.573182665847462,0.2830791523188057
2.596342409716735,0.27990551332729724
2.4730331097598572,0.2637187913723438
2.494753664219555,0.28510131827811397
2.4320498001277007,0.19845000840552918
2.540004834399858,0.31062398470863256
2.3889882164228355,0.095923040186348
2.5874266561202197,0.4900875008413507
2.5596200439696917,0.3088214370022597
2.381968523222467,0.38513408135483335
2.1685042753474266,0.44551813509432336
2.465103791586921,0.40512547337597
2.432288115744591,0.20517869332752098
2.4163712057318167,0.1784904998996755
2.628638949789102,0.17359385959193807
2.5701365266419445,0.11364242191633506
2.5504682477949037,0.14080022124330516
2.7409702430829466,0.10697758762828882
2.7695845267311103,0.031575419503395256
2.367362726534955,0.3076775851527764
2.347763741005171,0.4133199413433578
2.4389829996446166,0.3594643612917843
2.4712413470005212,0.367783413335973
2.3437476576210248,0.368247927087016
2.5386554297700177,0.23402873264650179
2.6424246846487147,0.18455780815954284
2.6134205355325877,0.2389473048507403
2.4847145615777024,0.32380107840038436
2.608929973469484,0.17542905861371902
2.6824090536886858,0.09666655637150814
2.5236416324758304,0.13198282283000337
2.632783108133468,0.25747463492029943
2.4978985235082507,0.22155014804075454
2.4764121380518986,0.24737263669079204
2.5553120180123883,0.22759427855452166
2.629167742262769,0.2235877694077184
2.718241105624071,0.2327026069679209
2.4325380412605533,0.26768116280528226
2.4282699595184716,0.2952749851150579
2.4107043509084427,0.29493863950523513
2.561056076482863,0.19225965901863173
2.6551478133472344,0.2233834557762281
2.620132133546675,0.16336309113752795
2.3233173479746263,0.24364501028023614
2.6408278237403575,0.18663938889374604
2.6723435776653326,0.23222160381058538
2.6775523382477036,0.23346906491852984
2.6600803902595858,0.08434652161285904
2.65902515030548,0.13393446365110814
2.480659703519808,0.239459793766412
2.5436109978621104,0.22154681603233506
2.5236763693047557,0.1520091589817549
2.545956376058846,0.195738027570345
2.5397820487000473,0.1152814991105338
2.547556446310131,0.08494435991167358
2.5450165686519357,0.14790214961794237
2.615563733286983,0.14975032227964197
2.5717054269983106,0.11849480068765131
2.6967819473500914,0.17197291284775437
2.574801122671631,0.0868228985523355
2.377546236568601,0.42354041677735665
2.4096805450353758,0.4057294638607034
2.6625867890892088,0.12673292475539077
2.4327109370066142,0.24085174404046691
2.392866577355721,0.21070670828751484
2.3518115057937625,0.17437831448765617
2.429633400988271,0.2184404887800557
2.5095280459256615,0.36000700563158766
2.551303450985992,0.09488632033579532
2.5662216509777704,0.0611414524756337
2.571621924775906,0.11924025122952835
2.6774183389392165,0.17166260438895034
2.645009380426125,0.15777841174711016
2.59072014997661,0.1524295448788291
2.610261921466442,0.11836885757910516
2.529441291799027,0.28025433078194256
2.408183054580405,0.267475425220753
2.5611577939936105,0.2916034310660053
2.5907819539061125,0.09148145069132484
2.604177045118917,0.11280645481457806
2.694250914133677,0.09838899553288998
2.558163162232151,0.2322737631402016
2.576437360447606,0.1790934785105061
2.484613529278798,0.2994735283390326
2.7572891884476802,0.021132977694527065
2.5329157082849387,0.11111662324614213
2.508277528311308,0.21655853091534974
2.5792252993780953,0.268518032623659
2.48298480261314,0.2330997298264771
2.2999747748639168,0.3386535062464877
2.3815463914782566,0.34767061164244156
2.6059480527199437,0.2545584461746583
2.5546002307172375,0.23828032360016524
2.627230684021121,0.2458750327404879
2.4109900717677153,0.34649139529869544
2.488520834030734,0.3293008701766352
2.6775154123379923,0.1841911482755535
2.6371239370188233,0.09814850703554165
2.715711456204369,0.11890268047137953
2.492222536851276,0.20576483897207237
2.664143297924179,0.14632273564071785
2.6610724460090154,0.14470426997390815
2.6115845260428325,0.18763561832769046
2.349435737558697,0.31563924764530443
2.7526822507186446,0.040533784005816066
2.4833795644511625,0.23792476599364315
2.5557939667201834,0.18462949822606028
2.6464770699646545,0.12889045538766203
2.619122942079312,0.08026853079817048
2.57941385591475,0.10167304520453865
2.4878089234311545,0.14310758033887147
2.4997150523037512,0.32619987410502055
2.314061128614083,0.38293637440922323
2.4659779566297333,0.2610747559727416
2.3861645759743944,0.23945452898385117
2.4347229556824206,0.2464161122950666
2.4006412329719025,0.21652333110870056
2.4555874736214456,0.36575021938747515
2.6755526450840543,0.2665975960916885
2.524300166394913,0.24661562620048938
2.7429486695783845,0.016066474103216193
2.7612514023929267,0.02874779486828474
2.468023036882209,0.2723673479753985
2.4835579322396253,0.2890116717064883
2.5758343317872066,0.1664662916749077
2.5679210100989525,0.2171365647732357
2.590757453279431,0.23845980649525067
2.73255964337048,0.15294154204594143
2.5970335644274165,0.0998419386106785
2.5533072751574717,0.1235347617829079
2.4136586716743307,0.3863143371695386
2.579693795222934,0.2726177441869346
2.4183794246739185,0.1883295479208369
2.5756879350853032,0.2953862473907152
2.611730023903258,0.11544034380511073
2.6795965843023835,0.15022798152705608
2.540555586839751,0.08399971642103322
2.570753977157669,0.11482575839687377
2.660145717911684,0.1790537933277975
2.6202618996653357,0.06806043898212825
2.516809002668951,0.14213967081279383
2.517677150520807,0.3558241168691402
2.530270999347951,0.24305853283951268
2.4709892888376355,0.23865448238020576
2.546001494459376,0.15116504978986386
2.5439722884417306,0.12721449314809052
2.509449777109772,0.10761141341396167
2.5597472095274485,0.1254903299512942
2.4835966903475257,0.3076670399900138
2.524991548710412,0.2495462094901783
2.7224729427824945,0.16616440297612514
2.6813525679956403,0.1622601896665812
2.687833676233034,0.15667253014486396
2.5345644067840802,0.12852021053128324
2.5248778860199907,0.14457088363925433
2.5809529315660638,0.09941060983423021
2.4733166550469345,0.22484683794103055
2.4300207096241118,0.16315625039254564
2.444805579979843,0.1750302895747066
2.5423102857326905,0.3099993808586803
2.6211377179773008,0.2228414837231523
2.6406730122215882,0.17871979429853216
2.5946569721578703,0.24567806148149543
2.4671475206227496,0.20132677613151975
2.4799805908114005,0.28389878108265515
2.5977811600104164,0.147245344925971
2.657058647208347,0.18942872179992712
2.6295104913683174,0.1827884264771531
2.545065592736065,0.16792229038735965
2.689696798522349,0.0834934566426499
2.743607024046271,0.12786994550474914
2.8114334628141777,0.13339497798912633
2.623759852370936,0.14579528140285092
2.5352545327676723,0.19487477374698436
2.8094324349113595,0.06837514446911068
2.675837122754301,-0.02197155073279069
2.8556874040447875,0.1647316744522558
2.8547530302861555,0.11212291125330864
2.4154846208747784,0.1489178808814354
2.5852641133454877,0.3816621985991468
2.592030667971868,0.3921897830249702
2.1760373778446396,0.4881224422375352
2.4166578932060414,0.4312443156157591
2.281003254400759,0.3826697170305372
2.527875804551569,0.37355109746574466
2.39211326539221,0.22521051079011678
2.5972848802637367,0.20835560789583307
2.480772705526855,0.22103748875295495
2.4543489948798225,0.18012444034115774
2.4148915106344018,0.15184329438134972
2.433834859388323,0.1190459191860793
2.4882394125869447,0.25713324927416115
2.4822080466930587,0.20895542680767415
2.646556697004932,0.1159645718755962
2.48269566247957,0.11756707796218048
2.4903386366050055,0.13633325726971615
2.615096923410751,0.20009868531866776
2.57940615862236,0.13977098084982773
2.648023348712175,0.03990281989191608
2.662858703367307,0.19660830545523322
2.575119747062427,0.2580943733910684
2.670546319880105,0.09051625730279307
2.593485269656579,0.1837314172448559
2.592984096939071,0.17758136119459664
2.6288633214057477,0.09678822574416662
2.771022198664066,0.058646527254705254
2.7871579324693587,0.15040433909244966
2.6233906601924324,0.04596975587649029
2.667972986124709,0.11896369613636665
2.6235026339865803,0.23181716276703643
2.556666820344044,0.1555187312305149
2.57817345349182,0.1712232902239379
2.558369425002837,0.1817752021003939
2.5066668234793688,0.2658836706377547
2.531191844471049,0.17356098210978632
2.651613629202237,0.0699558153216993
2.4963845690241357,0.2313601405373962
2.6169355739765594,0.256911591912732
2.5008571147125975,0.18607850620179453
2.4451210546178235,0.348114050372878
2.6605404100542054,0.15777522003563735
2.49413383224703,0.18360691932900242
2.6412091577358447,0.20092614175579127
2.6435019431180833,0.256292982008692
2.50978314554932,0.1315799589667103
2.621609466072451,0.43446478114158743
2.5959754418011993,0.43437349297662237
2.6632635210645783,0.4180793699448141
2.246771905832802,0.3122264510486621
2.2644674549309323,0.31647801982167584
2.263741101983439,0.34472143456282855
2.4688835438871304,0.24629271319165982
2.457722053288665,0.42513131803125254
2.5124675171774458,0.3310469160583101
2.5227451825755565,0.33222067265835287
2.613687289728152,0.25828295226756526
2.6482626987570392,0.2622714479739379
2.6410207322825268,0.23934891867708033
2.729944143008273,0.148497951605492
2.6198630240866008,0.13672515964285104
2.543919524437391,0.11458670742074507
2.613483788532424,0.15990751010725415
2.4617434743753623,0.2307917521943408
2.46604852055391,0.22900543096761572
2.6971513253031763,0.24240570567966852
2.751681270302024,0.24961204647900778
2.2778557267333923,0.37452725852531465
2.442045911577111,0.29693616304062354
2.419393499692252,0.2890938171756905
2.40285142831202,0.2742949906687736
2.4700139949501896,0.24882433199276757
2.529163037719982,0.1704486486957891
2.483285239955281,0.21610565719443425
2.478742786371752,0.21579818301862702
2.6220185507658895,0.1677309921455727
2.59032070211602,0.18210764559195636
2.5311387553839273,0.1891484828918799
2.5458443732380864,0.19158689499355355
2.4669818785768016,0.31527260021201187
2.272844976989075,0.2891842237843361
2.395921882608618,0.35747473534151875
2.433252249945209,0.19348163666886747
2.7077183526717263,0.1002660278718144
2.6783958971879254,0.06788174853335985
2.446028625160459,0.2286852199443925
2.4687311444003353,0.2980916323617746
2.4210429919328975,0.22301857398831135
2.4008559781595102,0.25977356547891783
2.583934975531632,0.30901244731915395
2.353376819408432,0.20608276097611006
2.7022796568365095,0.18974327112581593
2.692315213961503,0.18067275000718613
2.4739387784257265,0.2394161608078785
2.397515607574915,0.21046010686479494
2.452933407170461,0.2620695258213383
2.490106682468555,0.13982170591287477
2.5842130940069947,0.19319946724623166
2.6477126001958613,0.09041210270182407
2.4011476623037034,0.23223562270615028
2.550915964065735,0.35896591538656336
2.5599292934977704,0.32036403884286796
2.4771461991876547,0.2981993005094758
2.5046742033799885,0.30784088787503394
2.411553760157841,0.26517617421891027
2.707878587561373,0.12107757414040195
2.541693244033125,0.14642231386176477
2.508110464263587,0.19757056439449378
2.6248075349996163,0.19495280823323569
2.6222791748506,0.1599553917059138
2.7451651415716016,0.1567705002897353
2.746353580200724,0.0243479638261587
2.7273000377146337,0.047786392959856296
2.4912503057852877,0.2406693944361486
2.4262274718124646,0.24908616452850119
2.6147908117823535,0.17314386696133677
2.538487868330444,0.20675109202796843
2.4385816070259447,0.2437500411478879
2.4530408518713034,0.19806861854905217
2.4704296166508293,0.28352213282060207
2.4916785919746123,0.3133404960836749
2.470008043946523,0.2867317998161481
2.6637621676361323,0.06988228475456101
2.5167104617072695,0.09346487733031064
2.6007869718928,0.1972081902929021
2.6593476442477884,0.16981888604323506
2.6760855545688806,0.17574675439850035
2.6437474352925787,0.13215598655264313
2.607299091600748,0.14993454796226324
2.6107329267267474,0.19551042233799032
2.626769406890733,0.15255226555500312
2.552252187326954,0.20597638093123963
2.554043250457242,0.13384530554031274
2.5681021281786474,0.31392961487850457
2.701291667817855,0.2668747178409192
2.572283140799421,0.07140470738690866
2.5683479033374095,0.11674459927442098
2.5330019609602927,0.2530214172815957
2.53246031634548,0.25222826505949514
2.7110781668266912,0.05026695775102204
2.5451643387904337,0.2277665093025413
2.510933455169842,0.16880576724144156
2.560904974696679,0.25425229078914885
2.457221134366294,0.1156911460893881
2.486498896427208,0.20341795523264436
2.3798626346849767,0.3134717625867049
2.5071588660574236,0.12103143037196376
2.538388212937104,0.20045935725784356
2.5735346834629027,0.17516228368863193
2.5507763115896274,0.12614446899058762
2.5723580686431857,0.16395837031767882
2.558680753768072,0.2338497838388738
2.554735809968338,0.25524868956432106
2.627827357201907,0.2500105353784813
2.7057323431645113,0.13458119158008947
2.606603772127213,0.21697167709042356
2.6081429183321223,0.22153002423277796
2.629265680562817,0.26539618212539745
2.455187895970648,0.2626069484858322
2.579775789360886,0.2453910456796975
2.6792104537017414,0.23889112781870753
2.6548708771112857,0.20712065849707884
2.640460416929963,0.1855278910702293
2.4056925779040053,0.1833555139791522
2.7398559062848746,0.19323052791696269
2.7340387686991154,0.2749995803040897
2.7102336282242607,0.16241554192469193
2.7393268491318974,0.13284159194201936
2.651286962063798,0.12431255672340041
2.647854875042598,0.10522800377943901
2.7439076293351974,0.11147661441665346
2.8457317951361336,0.07388625482941155
2.8372367401035796,0.006432801308580046
2.6770830856917613,0.04046467430459792
2.6447794483703686,0.045881638354202586
2.7838705818754805,0.1322047391417448
2.775569265721874,0.12871286943948695
2.6152394966151657,0.0714554580829982
2.6806898575625615,0.07161367930420222
2.7118538560077834,0.11642951337597673
2.5155628102785874,0.2947035155205242
2.32264155814256,0.225348864225977
2.547900038576438,0.31455472628173636
2.6432272814964635,0.2110079118346546
2.6236175407323934,0.16491772387458872
2.6049679289929735,0.1461818423894589
2.570786778056113,0.16387711187259366
2.559894017262846,0.19473932554977558
2.530648518191814,0.16521667598902873
2.6124995317423676,0.1840645401201447
2.5205294138331436,0.183947144477706
2.6255459068010114,0.25398197612019824
2.5260454344555012,0.16142144809744613
2.626535767934606,0.16243651415999547
2.6983656505578475,0.11794714147871098
2.7222394713804436,0.13998619352153965
2.5832356521482636,0.1403652505958817
2.647139570252075,0.1374811129257479
2.550780892340279,0.1859850779228176
2.697058152497983,0.07456740433075269
2.661048517940193,0.09626570818873009
2.4459632149813646,0.2882052367914251
2.4482071597193564,0.2769977774895486
2.4584487882195423,0.306389474211434
2.693487345413393,0.22747985928530845
2.7333678648223714,0.1471981724330112
2.5180787962233686,0.12330821212130451
2.558829869080521,0.30202295369880705
2.4136700809046863,0.17882371962220403
2.3837587820497075,0.18709152452708658
2.859960077752717,0.09809697112402346
2.2216496976565363,0.2817441964140911
2.273440549375326,0.3104706906688048
2.638523954602888,0.18801918532291356
2.4051685749806015,0.29358381343427303
2.6726094502019007,0.10703326634356097
2.6486041165476664,0.07854744998242871
2.5688180300854473,0.24901213070716197
2.487074817231933,0.17535606233811854
2.501556140419309,0.19455343225632188
2.48331874158609,0.19866482589476306
2.4605271443431262,0.2921946414296661
2.580035534097578,0.15227848698214902
2.3962110642865126,0.33726732801315873
2.5249617114031127,0.27950656078120895
2.612141867247771,0.1444928294468976
2.5921337862013982,0.13557138667423244
2.5241511025380294,0.11650748931362997
2.5816033669695986,0.27536573948760296
2.6351850185532495,0.21774989123681598
2.5907187290291893,0.15299164153264283
2.5901950293633433,0.10424602937945018
2.5780774185046127,0.054708510484198246
2.5719331345670122,0.12934729403885192
2.601817295811774,0.2697088312245057
2.6407367922038585,0.025247389281543912
2.650751482720766,0.09593467388042087
2.8462698927504237,0.008514069006204527
2.8260983448137305,0.04013617586186375
2.878846503632777,0.00035302723588370266
2.799481218532582,0.00033687711853161754
2.578808534105903,0.25877197715117356
2.5503663034774293,0.10728752794087314
2.778977237340376,0.1194405527453448
2.4715843550484093,0.15694394929884922
2.4386474469576034,0.2866979704227101
2.4215836968258126,0.32822909276163414
2.418849539232349,0.32744910042774916
2.3614736468053765,0.24329947385560835
2.6677222819969515,0.1872853999245196
2.6652222308980402,0.1753991445456891
2.6520700688671526,0.0669885891687392
2.6139206800853594,0.2849097455118827
2.5138188081776587,0.32161098770594704
2.516342552295308,0.29248332547370887
2.568659168108808,0.31904478421250776
2.4633022764065853,0.13848010360950389
2.6561027279476725,0.1690012338831134
2.542038185424334,0.1781924594676545
2.512410022920203,0.1622116065330652
2.539647068494693,0.1827164273273939
2.659285897811354,0.14297728845073926
2.6910655847456155,0.08066831652108274
2.6112727205638726,0.21844601140317063
2.527263518196138,0.19137771399936057
2.5910795404854174,0.11815073134458905
2.5088876859369678,0.10788521949364228
2.570524880755288,0.2491694682525201
2.630635208148296,0.15275558379409254
2.5699726503374665,0.1574724435953811
2.4853590274747415,0.17412107655205084
2.483782736742725,0.1436960015821463
2.577828930557163,0.1721108013268345
2.637181920984649,0.13506443106759972
2.6059424295696747,0.15042114268227216
2.6682815332420886,0.13863677476782982
2.6530812210752623,0.11759910788345208
2.6196906645773397,0.18767602141743908
2.5871901390551426,0.16391007082415632
2.671256477236095,0.09779860817297488
2.5308281575898137,0.08269911381636377
2.4502549093833017,0.44169194809908535
2.5277056583875583,0.08277801365116232
2.5983122599961024,0.12333670045851898
2.5535314272673277,0.24406216632080688
2.480305242738517,0.35043818794006776
2.456220832662026,0.35314924462645064
2.530941879901175,0.2354086302981851
2.512520156754227,0.14229002689335368
2.5687855214730915,0.15613345028841333
2.497099360934227,0.3137133129366724
2.692533977430858,-0.0036031814033859167
2.6708219002243507,0.15066293643804102
2.5719281242830876,0.20646915217292108
2.500741250125337,0.20683982460454586
2.6374211795425127,0.11968860990636232
2.607908570310324,0.09975408681835257
2.6069843909826105,0.2077379077495307
2.428408528498386,0.26799224775247327
2.472218897391794,0.2905140620180709
2.474906963292447,0.313110894054983
2.5307328755182343,0.2714534805069238
2.586990426659775,0.1474387812394425
2.6266155076408992,0.10684636448995351
2.629251534526191,0.10566021765138994
2.4925471920930016,0.2416621370724045
2.8658751938143197,0.03315345990884713
2.6136464983478382,0.12744850627144838
2.496827658624,0.15425780543141548
2.508652209763814,0.21778965019087448
2.650148609131092,0.12481349702352706
2.515971516901692,0.2119941322222649
2.5788875989524387,0.14200891335445048
2.805138979831305,0.061296324354014865
2.7137737735815812,0.029538462441171934
2.7263043003099154,0.09672848218191414
2.6603618716269164,0.07952852700918941
2.568224986115832,0.2190017906911272
2.5182235758032885,0.29233540515612544
2.550200917223101,0.16967932701100985
2.709572527449619,0.10063284551348711
2.790831998420791,0.10580116760911293
2.8277170395911817,0.11991537977848518
2.5553976156366534,0.14831220264821404
2.6621538478989732,0.09858739099171633
2.5897069939659403,0.06898712697264832
2.556938610066169,0.22636007928933444
2.645539844211465,0.20325704611663994
2.563672887390049,0.23061393323381346
2.4602944258840544,0.2878787803952627
2.407301727034138,0.30957881898510997
2.37538025334078,0.33906536970877005
2.7770378364743378,0.14233469172935645
2.729989178407129,0.1015938178353664
2.7126875911765076,0.1106725270711791
2.7443519533029477,0.07262036927559987
2.7365448593369774,0.07383857571498705
2.429066803542075,0.2251530148903563
2.5011390618107145,0.17899304154753268
2.613440604417214,0.10512505245875381
2.5450559646046145,0.2186947823375918
2.7989314448179683,-0.0005911765332703572
2.748802297131221,-0.0439125077309596
2.721883279069431,0.1195722101957337
2.632271995205383,0.19742398804213962
2.8007052669660077,0.055336176276350804
2.7933327474813936,0.06014523028054
2.4966075125423224,0.17364909123837607
2.5461605038695803,0.17339291386158226
2.6061174117346106,0.2878425325603808
2.6378513522375346,0.24340879036363733
2.7396864192831574,0.05435004075579357
2.7380412614023073,0.06373719475311039
2.4106501086692744,0.2917325092782768
2.625482506614949,0.10583482634653782
2.57548438216248,0.07703988950357317
2.7886982664645723,0.03983535998181366
2.6239323235581975,0.009709380537520894
2.6199877691358595,0.11607798334564146
2.6194146724241567,0.18533891354538912
2.5840392044619875,0.1827399696058104
2.584594950822858,0.10389385952228113
2.5755794995932773,0.1855196422764692
2.241027186763445,0.2870401756232059
2.7200550691703542,0.1698539028258084
2.3556577802445666,0.32749848014961147
2.3601622974910863,0.3801735347109678
2.5316264258454435,0.09916247789789517
2.539766396968586,0.1870075389227232
2.5878910141068276,0.17641784511772002
2.557516248852557,0.19399626215661694
2.741779151061789,0.248987159294458
2.706512381063434,0.19857240214142166
2.723205428953473,0.22706789566996452
2.4243384563946284,0.142777133795634
2.5266757607241406,0.16274536098875858
2.5130294835846207,0.24231137661978494
2.5191564093488705,0.24050969389440865
2.5722734652147787,0.16395453770161622
2.467926083023946,0.12285898450041903
2.442515336764236,0.3161200833044293
2.32324942407879,0.33750828847617587
2.3565211936848325,0.3959621120805028
2.355148534632535,0.3953842938030988
2.347460326526042,0.4145827188840867
2.542184957592569,0.1536685720395447
2.5491245271725043,0.224123823558896
2.7433071189816207,0.028368637219428415
2.7050931234512388,0.16698956999139275
2.5802215360201846,0.17544992400481482
2.406297268181166,0.27816158828469595
2.553763691556267,0.11122311190451169
2.638415087073516,0.15964971117947788
2.6373889807033994,0.13873020129776537
2.550693093198983,0.16300362775917135
2.380369592762137,0.23691646708364428
2.3970166749629573,0.24865712244032678
2.4991900035301997,0.17063308675950198
2.614312137513431,0.27487249622632554
2.522562507012867,0.30018175922456414
2.5946406969632307,0.31755705462558126
2.7150701694114687,0.15056336924857391
2.6881059932832727,0.15461044617625125
2.510967808525315,0.1826331250739412
2.5645489376213337,0.10601749457101046
2.520353093732779,0.28484083240384533
2.506219635365028,0.11135634623177444
2.4332877861546995,0.3283281024473356
2.3716337221281787,0.32803617746666197
2.5317197898721346,0.2819535043866877
2.6626332155140195,0.18160081217363447
2.637731564541194,0.1566323707459992
2.779344969360699,0.1446541100089388
2.735802885481225,-0.010098701086412884
2.6438242821616402,0.27485244330884995
2.5354983598812897,0.18981446621429157
2.7027284176228767,0.14811414329573533
2.645093887098946,0.17064407496843756
2.5899353440048074,0.1443946644863855
2.621312469191692,0.17943999024938392
2.570221033119987,0.1734821917799017
2.6439784282150627,0.13395474349630854
2.543625441690281,0.16230708772428137
2.4044242000149594,0.2215040157292766
2.394292842682629,0.216038068248235
2.465021727235475,0.2717635812015388
2.464393642658101,0.2431701785040707
2.538226086815677,0.16953978285452218
2.4212147030770175,0.1973022042971751
2.689540170252154,0.141710505199201
2.6218188290891242,0.2623747552150069
2.5322184075781626,0.34263239139665796
2.606585308657566,0.45884955993171794
2.6479968770661633,0.2380395424588639
2.672941086670863,0.23471417232186642
2.6824622761174095,0.17006801873805993
2.628709828008365,0.15419116005574085
2.651875401829107,0.04903506358118653
2.543908345904097,0.2183342894613543
2.621850351253705,0.2488299785504549
2.599844424805336,0.25677438950266984
2.5589920654363967,0.2245095993226275
2.4567656859674076,0.21838472738073078
2.5627725621328916,0.2556331332510218
2.587716830856078,0.29538206958277946
2.593354852362503,0.28759560073391877
2.5985580379813142,0.27288346343178477
2.6525830853959214,0.23761574507441988
2.720215926911669,0.18548356031194346
2.617097396523325,0.21069841883242227
2.5369957037748208,0.3228508847774357
2.398565163986958,0.22027706977519532
2.305328616734664,0.28605894632067563
2.312386954253167,0.3219339378578016
2.4603704817765237,0.29336950242931825
2.5315141753126102,0.17895252235658923
2.6056648183707307,0.12844336577867824
2.532695706604115,0.21838683875658188
2.517354008155861,0.12361492109721779
2.429839032169096,0.2118654261264639
2.5649778058578216,0.1470183597992943
2.6043338198449364,0.16107807894313023
2.5282351083473564,0.13590567662085273
2.3981163341655596,0.11248827619386534
2.4525597663573278,0.30113412181700644
2.515578122633491,0.2724619091665045
2.6203269144405943,0.31461912663530633
2.621744117738651,0.30101042104491094
2.3786068895057273,0.26576708490031836
2.353220303500022,0.26849633250675314
2.4151334700245313,0.35318395343925724
2.421706878285568,0.33024185772028936
2.604470573267045,0.19221591799211254
2.619706013652267,0.12088764994037915
2.63295313459349,0.1465363182070252
2.5120044647327386,0.15518089369724813
2.5200197610597703,0.15476309609872538
2.5564908106821225,0.24428643766232225
2.6059630218057173,0.22256796564918982
2.8085387508345208,0.07910565225679343
2.4735097630773653,0.16358937668415408
2.5963028758791182,0.26464713757481667
2.506957217283972,0.24402008351265905
2.5984957707504845,0.2368523123936009
2.4431564374586925,0.2943373019060362
2.3969839652527734,0.2501106822145127
2.4135817106718416,0.2547260740100119
2.4259226254599238,0.17480839213273175
2.623655562530998,0.14230277190904708
2.506584932175425,0.20335570013291435
2.4937907917643205,0.2440525019841961
2.5667846675490735,0.27120752487978433
2.3700177445907773,0.26839611209540515
2.4121929165593077,0.2691345124421061
2.453430223049505,0.29660437583595445
2.4330849376451753,0.35717149748193483
2.504889517763556,0.17400886413485853
2.591938490133873,0.17706175484091013
2.6644553865783327,0.12181606849476868
2.6346591319089705,0.11948465392221624
2.6762546058443792,0.20362368642385703
2.3996055368253444,0.18535912596920862
2.4423504461836667,0.19684917670758356
2.512320528496703,0.2683389601447411
2.557708946175501,0.23350494633563068
2.568463229883952,0.33704469679704635
2.5265016344437616,0.2941108591075701
2.587312808410141,0.20678232857841813
2.4041138562928883,0.2583973917063387
2.6606834894217073,0.30137166806141535
2.6026590218645413,0.2225202841402751
2.425954458713398,0.4444586126757177
2.4760548687017896,0.45411604620430257
2.4709354582119936,0.42389432936455584
2.3007801782463844,0.38163868872300094
2.6257595694149303,0.265165754994358
2.4054171560901976,0.19226714762494937
2.56126154614981,0.16502999730948617
2.709026204949175,0.11507193612487679
2.611357844860467,0.21721169556868825
2.6283390188428197,0.29747923809945764
2.391309150091296,0.2824619228471805
2.44442094709274,0.2599378708291157
2.426005938500131,0.2738566126005934
2.707657763343991,0.1574849380988508
2.7068404501189485,0.15796774350687587
2.664022724305264,0.14116656075816977
2.6684650002918544,0.0881493827967316
2.533855780998614,0.2753426094964883
2.6919336459889136,0.29042630337785014
2.6695699363017553,0.2908032947937976
2.6951006827695476,0.19543002995603617
2.495250234183643,0.15472343457481355
2.461504239408556,0.2615231113526691
2.593173618177427,0.25727361065399157
2.6786712394065733,0.20303878672806788
2.589640521844663,0.25605564639175704
2.738661605378968,0.24805424607841633
2.7389667573901333,0.24932426200738705
2.6596288061231035,0.17782159336906891
2.7945671867708755,0.07894043506713079
2.814745929415177,0.1266528202889547
2.7996738794971128,0.11278992381475926
2.7813337949005983,-0.0014134398661772424
2.774636334332669,0.001423469942434385
2.7708682711437382,0.004124935797595448
2.515606845628211,0.24230194374794212
2.443346618736132,0.32576707995904913
2.5039743439070143,0.21631392905218597
2.47862602935833,0.2602000439701521
2.4922620956895325,0.2661435869162494
2.61058079414557,0.2247403741615013
2.543056437874429,0.2941042986116785
2.64410208829941,0.20788335301532218
2.5551925741267283,0.18076059461803276
2.529239770059677,0.1776112140323343
2.6190790565236006,0.16412130366832242
2.4811246671101914,0.2068760835878436
2.6183723280251368,0.07696994520802936
2.6408602026922545,0.1820025829748284
2.524692376235906,0.16715616616507975
2.438010156642871,0.18059883600398216
2.4456057312381274,0.20555720953965825
2.531436615787554,0.14000383320999643
2.551554442090697,0.13222896789853825
2.4719925714409325,0.16492703202801756
2.5145791169737026,0.18560287108772272
2.546857522688299,0.2126978941086258
2.6166938117312646,0.031776861660830505
2.7503218631912065,0.08899998771497215
2.700788330682424,0.1198547313035467
2.7425648429762512,0.1164107509558703
2.7847985564722335,0.15252694175313877
2.5991420627976036,0.051391020897932536
2.49214550157852,0.23209897280390274
2.7769450082125955,0.07059657502173008
2.8164458056472546,0.11378512541701673
2.438954922324179,0.17820415522235403
2.4566058434986644,0.2546208418170449
2.4866094408509074,0.21523738991066588
2.5274760364224624,0.2143096705098732
2.5890657250393634,0.2243346409304228
2.474554345834524,0.18787493980228523
2.486495627076662,0.3214480312283337
2.5344157743157156,0.34761577626162826
2.534969805527287,0.11797771515030864
2.7567423139702196,0.10460051123316423
2.795528443997513,0.15332059987036667
2.7027918158149995,0.11443239594803689
2.5618652824066395,0.125064429779403
2.695896817561466,0.059886859058094044
2.6107021266049486,0.16202646533040158
2.512747951776453,0.20136256209480616
2.463569182992912,0.16728284600829535
2.5415438207232635,0.3064720742241814
2.435516723001236,0.20741838137968058
2.4258476303752388,0.22797453074250057
2.493435412423287,0.3187062833621606
2.431423324711192,0.24266070032253442
2.3431783964479904,0.35242442832759274
2.631780952138455,0.18589107342739147
2.699533690365259,0.23938284044221364
2.624324519922154,0.24379788364280686
2.606870720098388,0.2584244141028164
2.5776964101175976,0.19464686353218616
2.624174195093724,0.22137149433717362
2.657391750218569,0.1882695056736348
2.6289859548227743,0.19082131636084174
2.520396345797607,0.10524224160522194
2.4712253753035722,0.20992904020825204
2.533175392248688,0.21154565785207438
2.4260845307756527,0.29814589672392494
2.407474903509179,0.31943210505674446
2.4412176334700426,0.31680640072910526
2.3642576494535446,0.27631020492081093
2.39083919174462,0.25860822772815695
2.3221010439931384,0.2405129183285888
2.4396182013263563,0.21620933272962206
2.798670000139506,0.09884494897087619
2.755157703302474,0.19213532309724404
2.7993555766890403,0.17067541247117862
2.534317508394313,0.225842939034076
2.56371151692342,0.18404474918660468
2.4167644287651697,0.2637604035097365
2.408703671247016,0.25304935113616905
2.3963124453117413,0.2619325266479238
2.4447548695020864,0.24344264945990213
2.571174549885278,0.26127344057446966
2.644377146172853,0.06782896164101754
2.74177406892608,0.12103434223991888
2.5731118791962215,0.10394049298968044
2.519357423261982,0.1034777119033085
2.5394752367380335,0.10867730287866983
2.5393721063434516,0.18331735731794957
2.6171637204027323,0.16710508249854528
2.615437126987835,0.1190758016762924
2.737641704525605,0.11769708671574787
2.758469922680033,0.13775990208603978
2.7330991232988606,0.12250507011196854
2.716963706686572,0.10537160250128622
2.8521549855706683,0.034747193121512816
2.835714885822599,0.020863937772290026
2.8154912785555273,0.055210744536813364
2.8211325033234225,0.0836262547375706
2.5539806175908506,0.23847395858348236
2.565581432498181,0.2434571718092888
2.4909728418062325,0.24336217333529156
2.643405532984226,0.12809063671292803
2.6376480528543005,0.2853157830051953
2.6532500896587,0.25751398792756475
2.6370526277403763,0.15189083871892645
2.5907070593397847,0.1253826285600735
2.605350999526139,0.21658310817451806
2.4760100989309253,0.21702718851522992
2.573213062222929,0.1894199109996512
2.6610961504285826,0.09499642638970494
2.6220404542253135,0.041192919431252764
2.673869465327684,0.05336855685039737
2.5907529312255595,0.20449138877415754
2.5973306949984707,0.1671479057739462
2.591214985169281,0.16258490664891703
2.4264930564031553,0.11699685459071171
2.5758187293586,0.2713984415343394
2.6219035595346676,0.09016624525157918
2.5195142842176486,0.2013378930363598
2.6781979019113034,0.10561298038123666
2.552419881005172,0.17668666545257458
2.5415214220950166,0.22062317253094288
2.495181924277697,0.22199662426399414
2.5257648867195113,0.1694793250006564
2.6639862814500836,0.14703355513268268
2.771122915970742,0.1233117401866561
2.8504084971990817,0.007934330757185908
2.7524128297609214,0.12472677441355896
2.3958535686536604,0.25296435855803645
2.4849215712124137,0.41596885474015904
2.4737362041896507,0.34176540159359564
2.3155152388350277,0.3403990065961811
2.707275076826555,0.10716643322202467
2.6783825078458467,0.09991667984204983
2.501160191912058,0.16927903736302533
2.4525321983277464,0.24318512833303793
2.747146707961847,0.06936049325101461
2.7273762708976084,0.02449451393462413
2.6792834676846837,0.003264921075515012
2.68771919915535,0.0223930022771239
2.3680008725838047,0.4767733009258251
2.480482620185744,0.2508920068752401
2.7427543073198115,0.10337385055521149
2.6091143679831266,0.0901354729231428
2.4754648773100767,0.22155728085624507
2.3222054201457536,0.361644422058263
2.4369646747543694,0.29669678156242363
2.391939598739798,0.26671105081946184
2.373714320028024,0.24244873129320146
2.829418141998077,0.09055592436618998
2.875495834102855,0.08011416375467495
2.4342286582605013,0.2346602316926057
2.543936987582759,0.25278163346829413
2.40663059755349,0.24574714277323262
2.4875304408280616,0.3004763654059814
2.4093114267174633,0.21236812505609173
2.5768979215261583,0.30443297769308325
2.417954927181731,0.23905489942808267
2.2874255905087675,0.29374135774342264
2.721823219268435,0.1268751578712667
2.7575385640294487,0.12314721287624948
2.7088488409936984,0.0318464201298874
2.6679304802807766,0.10333400986424399
2.6368159155407436,0.14957671962871974
2.5873150031163865,0.1645147184296865
2.553349299725668,0.1305217204637044
2.5522243439705075,0.05968182699319755
2.5859261137777887,0.07487959523275414
2.485050618869246,0.2525166513369196
2.5654897642647856,0.26701139604833124
2.3747263999725674,0.26204609490726705
2.7147650880060477,0.1228345752877833
2.5621628164780814,0.14641215679089023
2.8104955006320913,0.07475150160097298
2.7809682016871675,0.05534860751996933
2.7205487385450327,0.06165465915965728
2.5491732590623117,0.1306573866907495
2.681238980371652,0.07294294792273472
2.7815846973103557,0.036697277874155415
2.731848585769452,0.05501407058028629
2.685411587199616,0.05704469981787712
2.66020024440314,0.14857758947710953
2.6072911848309586,0.186620631167206
2.4675638839767076,0.2735142716119887
2.5955209927560543,0.13446831055006106
2.584918944365707,0.17880346301013444
2.5098871910150504,0.32723535718999164
2.534692937376824,0.1797378358005991
2.6306865679232656,0.17038899249913425
2.625251522786438,0.16380752335194126
2.804064824007175,0.03993764176198372
2.6105410090755687,0.11545915732535883
2.765863371037077,0.20439894801403083
2.7463868051580995,0.20187929267949345
2.7325391255810967,0.20094102221586463
2.8341118511916226,0.24138372734004154
2.8006979593446046,0.24094437236416916
2.628284778476951,0.22673330698884997
2.5463904879285963,0.1734331668818896
2.6424749988193583,0.13888994748471772
2.701231982335347,0.08388166865899067
2.7396356849889503,0.06611716848822001
2.7590809277172066,0.04574555310417358
2.7823191607212525,0.08412049445965021
2.797044732400642,0.03340419573419786
2.43208516527158,0.24423805183968417
2.4086481316580266,0.25227172852398344
2.520658814704152,0.23726354748128842
2.6012490955435954,0.32742350106433316
2.6089592754775386,0.14986710139553422
2.508430331854624,0.32658032355416977
2.525755644669911,0.32369055630646726
2.5662313803442296,0.0836117771464331
2.5560497423320956,0.24641556149380311
2.6417174700300903,0.08659601917582123
2.594700792996881,0.09573541309045307
2.510185481112574,0.2548673883444045
2.829978917138533,0.012222985400031496
2.553137221362878,0.19642160975095596
2.611315136685467,0.16233063021454436
2.6025776613633753,0.13528006824770802
2.485899241616113,0.2136307927639231
2.544888527683532,0.2663211210148019
2.6598538315604743,0.17527951090163763
2.5720977447638873,0.34449117140744784
2.511589862778081,0.32157414644041094
2.3596893453267036,0.35099808448931935
2.4107953754462272,0.2802610870126698
2.444815110069504,0.15424905140956854
2.463208913845675,0.1522586435623761
2.459714496981152,0.21910846715524007
2.547043644862855,0.27537057263957715
2.4461575069204655,0.21911984969489634
2.5638706126492745,0.15730021909931508
2.60287500174863,0.29023356672868134
2.4728956816114502,0.2588105411579851
2.4508947334641924,0.2667623138428515
2.450900506228646,0.2640996276777094
2.4074265235680437,0.2746333189685981
2.469601075804003,0.2273264701939603
2.6590498151119184,0.13470502271424362
2.6321599496293633,0.2731268658889561
2.625638399016368,0.26524989406120614
2.6704351370992567,0.03671979771045831
2.625313533956582,0.06066899029540923
2.527605636053213,0.3162371615385235
2.5845138743611478,0.13593566527371403
2.470061466133486,0.17445364034556163
2.826201977946965,0.07307573218408316
2.7867764857414876,0.07756266444443763
2.733106528965309,0.07210206113477163
2.706449387581246,0.0821148669190921
2.639622459916055,0.050405853789712185
2.603379926104764,0.08713979077524535
2.4932681594675192,0.3047799467557728
2.5974957765783433,0.08353072757273829
2.6588997248964588,0.04890472227428776
2.6463209347391263,0.037715847812196175
2.645939881979506,0.031663835192194206
2.643203891004655,0.004882442589942756
2.824231778884521,0.16226713187184058
2.4840331322829186,0.1650396592559386
2.587769640539152,0.23043951758641604
2.610925135657217,0.2028526256811102
2.435150278167106,0.14998954709926415
2.589310443875242,0.3115902787364513
2.398816564047271,0.2728332596186004
2.594212663239563,0.2223588180012361
2.5734635362501224,0.24327756470430326
2.3963183584250425,0.28278914701901553
2.615813175172183,0.19256823058330413
2.6378903076193665,0.23907595569634182
2.601980907675802,0.05773652292546743
2.7904646758515304,0.06557533966363362
2.68289791303168,0.10391427185800527
2.6414006736765883,0.13555905921474723
2.5393120583057356,0.1549490836225886
2.4797950428381266,0.10130421013788427
2.4544746408309335,0.24212950949881082
2.417537210360707,0.23135462678477986
2.395574539791096,0.22971952534370335
2.4426269450894993,0.21360067609200867
2.586750915575693,0.2805594804213583
2.693088337117507,0.3098296238002551
2.618048735786213,0.34134590557581235
2.5727909500648556,0.3140246760966992
2.401575447931215,0.36257771369850766
2.3345972655861837,0.2343798223833048
2.511992444377357,0.3676526781721787
2.2724633739806572,0.3899632340891266
2.296382405781678,0.3560020051860909
2.4510572497475067,0.34505635011023394
2.413569412566274,0.3298393537682171
2.34477500024778,0.31537574960506326
2.398017575210334,0.22714961724907223
2.643247648734972,0.20717439515984676
2.804344299781817,0.21080091129704873
2.787735672355823,0.21944420553556718
2.6226739373132046,0.19047824842607383
2.5179216359511933,0.18507371137079462
2.5458970391324316,0.10168383193787779
2.619327344935937,0.1335935034783363
2.5268417681745534,0.22398913806330326
2.6513881223833327,0.10114718163246678
2.7168104526001366,0.023389010053406108
2.6708361154101956,0.07099844311302952
2.687397953972715,0.13689438987771466
2.6327573833403988,0.10107243077279061
2.351024106641594,0.32685679058034006
2.4309848623485206,0.33670307317796533
2.3939267313602626,0.21732943490541048
2.387734111255127,0.16526744199885826
2.5935129106459263,0.06640089011398403
2.7733941992381275,0.12473431882581539
2.3441260027022977,0.23416175229852387
2.4179279455406277,0.2511502763155869
2.661924651504829,0.1427711374727874
2.5380135606056173,0.16744534872399539
2.6272282059676697,0.1547667049945764
2.4882013602579387,0.12069707829875206
2.629771871181407,0.25491460308346275
2.3579275402792597,0.33825679835594075
2.745775154117988,0.02610281002145955
2.651341054909797,0.116016758573388
2.5740461715239653,0.17862107605695798
2.6210605577281294,0.05160366542945341
2.6038203006233878,0.17701526555684066
2.6440918732790717,0.1970816176799245
2.589323585769569,0.17167288278658727
2.616062692451677,0.13577344368243574
2.597091716923222,0.25516645209520644
2.574866623196169,0.16045201565294645
2.7292573731106784,0.1011789215121154
2.7257167818899037,0.07589822199768162
2.6474185266181247,0.12623137333959786
2.5221297882971965,0.2096570120704761
2.434535830886609,0.1737861431580758
2.4460528347531776,0.24901685163106918
2.4477141175655284,0.27755363323587756
2.6185280843012717,0.1554097718590017
2.6242682400673503,0.2008032423088796
2.6726497084374867,0.18379922260258558
2.5183179717246786,0.20097831098241067
2.5495666529330743,0.21351768193014456
2.4473515521819236,0.23955657585798704
2.571377295049659,0.3042524584492811
2.5774532608979333,0.23914143986876507
2.5601316235545535,0.187792820118008
2.685576734285594,0.0904930904218378
2.4218325397864886,0.24831310385801372
2.4977057083192498,0.3323924854977767
2.382252531447424,0.2231575735533372
2.432038311455592,0.21964144852098666
2.5697244242878323,0.213519573728206
2.678447050953742,0.15337107473680803
2.728988596990234,0.14780531695041957
2.633069150523482,0.18925841459638507
2.6367238917171836,0.2206710983302898
2.4812249282554606,0.1978013561932468
2.4534570873056216,0.2402296650453711
2.546929166555354,0.22740399882499782
2.5735964632949977,0.13209235042558232
2.685895787450324,0.22313907564951016
2.4982984134578348,0.18721567016333537
2.6559400222617597,0.15089486246212275
2.7531348950864865,0.060637555689811974
2.5894534864462684,0.16997452956359677
2.6057176427803257,0.1740582662895102
2.5113571768847596,0.18388568888464613
2.5744239540814977,0.21907007011726556
2.6997668049896424,0.1578682891557657
2.4507511307414824,0.1645041903906007
2.595337570883591,0.17101762594867445
2.5439969613589284,0.1779955360467606
2.583777384229302,0.24410294196539353
2.5444961058949516,0.14947722173411865
2.4715409365760714,0.19517189815527766
2.4383328614280195,0.1930267374947701
2.5022522498691857,0.2595609912272399
2.6891089625025297,0.0702012456230427
2.703804759304089,0.0848748941818718
2.7425458725431113,0.08725947120460444
2.7564627351969606,0.09994360071488961
2.7686471659583956,0.10032980847757525
2.684726321248192,0.07329248891601853
2.6804381880060273,0.09739207966329606
2.4956899454400205,0.22907690480326126
2.4588519777217703,0.18203722315101756
2.4968614423936994,0.16801753454950938
2.472272775248673,0.27373837062966155
2.5075648057550595,0.21757257228001384
2.71634337782473,0.11081471444635821
2.7799125931271584,0.12727874489093768
2.5493227404311156,0.24022561170343337
2.333648570512809,0.347957948989417
2.3321440949613987,0.3546087739903309
2.6393098269022044,0.11044792225643199
2.7184723970977784,0.04796111463908991
2.6567768034111343,0.08786045663592519
2.6145447891929794,0.19077408509802082
2.6590285701597263,0.17005076897820265
2.624454279684904,0.20338992284872717
2.4492860289513487,0.28783859052710364
2.453385109416057,0.16156162981490926
2.875300727599761,0.0887096212225178
2.8022382794705725,0.13431237649650388
2.511514416550962,0.33912426708326027
2.324656605214046,0.27488542229219315
2.3642607557802178,0.30441458068340327
2.334252751195388,0.2567752749628044
2.2850835454140626,0.2795489545610068
2.2994501503012668,0.23858985393587906
2.277652523322537,0.25693152907850847
2.4108777384274536,0.4073732620317031
2.623807166966064,0.28067672444044744
2.866443390448451,0.13537955955592715
2.4510790134015186,0.13805372576649647
2.5702929266563737,0.19746421164236838
2.527212858373117,0.22174269986830197
2.5948858130878216,0.11480340626229175
2.5905937916589394,0.09751856272142943
2.4363982948469225,0.15533645945222002
2.467975785310679,0.22089139319638246
2.5740143214684195,0.19231699814091985
2.840304654549098,0.04926440423349679
2.843389431212479,0.052855196911692215
2.785393205139699,0.05673852658113101
2.673666841347029,0.14698512163262809
2.756627735982455,0.09225592998102758
2.78998625655449,0.06705628356923093
2.6989997382199435,0.18526865753003238
2.3945838987699,0.21753001508224892
2.5525553880075895,0.29124644485439566
2.639591761295957,0.3134993287091765
2.5178319305617234,0.24080932117396636
2.7038427018576217,0.05829338249024972
2.627442715152368,0.17249243925404056
2.68022303606729,0.12846021520898857
2.431489990088587,0.2628042741114792
2.431086918057314,0.2499846762328277
2.396975093790901,0.21746210786029327
2.385528122542491,0.22490211594360698
2.533135220679055,0.19057843547366898
2.6052263728355647,0.16480402106775452
2.5165917671502784,0.23744926253828538
2.692883499088973,0.15209285500605105
2.8459130602146088,0.2656206769611097
2.830960405052176,0.2709625856667784
2.807481770916458,0.2612514248697223
2.8000889436745,0.2558797896010914
2.7271513541206565,0.2809816484937459
2.7199774500232388,0.2922223060246969
2.704696225263701,0.28488945320105985
2.7908674925632613,0.24094484393881374
2.649447106922226,0.08681975866965479
2.5826271958088296,0.16047547881865837
2.5391631225432656,0.1329101933948947
2.515997691455175,0.30987614097782135
2.586877525093363,0.35044366239752195
2.3073698289748186,0.34583736868387793
2.371594021708623,0.25190652177720263
2.7105395351044694,0.14438696664578954
2.5472966280927256,0.1877862717759784
2.5248472578536987,0.2483722366260514
2.4917555182203155,0.37563482755022426
2.509750666939864,0.22248076082636672
2.4388973051784433,0.17978444738055357
2.444017184789949,0.252168255127238
2.6349771435665494,0.24684922426752803
2.781579340093185,0.10064537561516888
2.7082233630252484,0.1874919266887066
2.8191492251686046,0.11077588540410926
2.735663256602849,0.0734467509126558
2.6405875935836502,0.17206910321909788
2.618956989631183,0.20135998056740775
2.6808345020723237,0.15007129645050607
2.672764840516659,0.06111114289568447
2.500241512722541,0.2696224989308345
2.527853492729902,0.14254928973132802
2.514234431967738,0.14905649362863035
2.7683579407888206,0.09365844372906891
2.7969545942979144,0.07953396305369557
2.7429398145202377,0.08152627819652415
2.763508239947093,0.09414006206982602
2.764656331031046,0.016060485063557315
2.7711411456221287,0.033612728881913245
2.4824735194492042,0.2657919751984246
2.5021283484951713,0.13587940990922923
2.561872547109007,0.11063287063920409
2.654207380250072,0.14275150934950423
2.607264732694737,0.23390612821787612
2.6451260311128224,0.25164290150989777
2.6859108332642343,0.17979769872194343
2.604379999054053,0.07324833205689223
2.6202623112100953,0.16702987249470333
2.642000328326586,0.1640092938624185
2.7155105229788434,0.16840787669365206
2.7113793288282273,0.05915946875829264
2.449340174562194,0.28813361323605124
2.4351844196736945,0.30859155692644874
2.4438764280280445,0.3165108462452114
2.5844129697833784,0.24157485602713247
2.61063382445866,0.1071607050943244
2.4834551006818666,0.20073525970839867
2.4059332909286026,0.25603871090250113
2.451652456424472,0.26637761504282853
2.6424418977202655,0.20062960170831168
2.7001856209581856,0.2311248805856535
2.5958625390320527,0.25234812410718815
2.576351743769497,0.22501345722504654
2.6937136766524357,0.09202960225881378
2.668005229858543,0.039390602944584345
2.641132947335055,0.07214265065211008
2.5992020189546543,0.14518361205254726
2.853685360135753,7.515288488024966e-05
2.675185423223435,0.1032857314905624
2.6947955749424253,0.039234920101308815
2.700037663532635,0.042225465512364495
2.7791577923024327,0.08510719762456563
2.7332057699844188,0.026708985413971063
2.5246490283370475,0.21143083835756182
2.6002777496971032,0.1297142085691283
2.6619673023838586,0.10518536612574732
2.497491963913874,0.22611907785184024
2.509853971306784,0.1211573082870373
2.682227965577685,0.17763779637733856
2.6363957464080414,0.09770592837573414
2.5015002037372316,0.2719598400433685
2.461283367510043,0.15480704097948667
2.4050532176324135,0.2965181962006913
2.722185526121043,0.1418812026561328
2.487703310670528,0.22126424279145876
2.540589086808241,0.22845123780817747
2.6418547112301733,0.19362918663534873
2.6650093709793743,0.18173552438915624
2.6943067176173154,0.09721040835188188
2.6917540200619103,0.06848931168158606
2.687677938841411,0.051840981599189755
2.428291808126975,0.35337040396079117
2.5226712289085307,0.2210656445067335
2.472933998033911,0.2261269679620215
2.6728546670081417,0.17365842965501638
2.5329952492452525,0.15552863524115942
2.612068432238335,0.12645718263538264
2.6133638218686497,0.14120791298530083
2.6723910544253786,0.17396995215798705
2.676839433205328,0.14256752380022608
2.710201459876368,0.0718681181239519
2.685513627565747,0.20435845055402285
2.718631955361187,0.18551175973222447
2.511921527484217,0.13691109269403184
2.640322470778506,0.24630656567296788
2.5394954225019775,0.12160659301485577
2.567561312025813,0.1711894740665316
2.584898620401335,0.1724032033747732
2.5463185416343945,0.21177811708967387
2.54775509296714,0.2466573261596698
2.5729672663548846,0.247759867056118
2.639508302701535,0.1180585361692244
2.6093594409587895,0.07762754094043106
2.457922593518777,0.19965591100405627
2.5968724007747963,0.2050806604687489
2.364613219790077,0.3263397002654174
2.4711661824853,0.3613918877954087
2.466811085903173,0.35265888943876755
2.4736335222853265,0.37741179468241987
2.47977130229256,0.19357068750604173
2.6374683939291685,0.18387629006174983
2.62413963124895,0.11576480332423382
2.5565706565111013,0.09544538445553448
2.7686395543707834,0.15039821111362567
2.5700363834413498,0.16173899220339621
2.5654706316595526,0.19648506915068312
2.66361554802383,0.1932666110803424
2.580902059512109,0.19492052834227228
2.567729542404391,0.10958478350516064
2.587711253717974,0.23035089129698036
2.5996272712800708,0.1928479723863081
2.550765628259047,0.1469768498885244
2.6036840050193013,0.19724281163732493
2.6416791542923286,0.05342486038458305
2.427058517232246,0.31604650811571017
2.371235259828501,0.30395002323705933
2.5502840685227763,0.3175551069450509
2.431073176262559,0.2899906082734089
2.4609503314011865,0.23508641730236982
2.753800541174203,0.08071794514118688
2.672794435037241,0.07119798259906611
2.5362079396195516,0.1101314810688027
2.64824823327316,0.16015725855084012
2.6871413296063995,0.17450561998276615
2.5468592794687375,0.15035281203063758
2.5216435345107806,0.13814164701560133
2.5058258455611604,0.1403479099572457
2.621313709427801,0.13011065266994332
2.6879183769618717,0.16419774805950332
2.6351916475985044,0.13563207744845485
2.545194133973968,0.09711457800229956
2.4667024431023226,0.16284917742113642
2.6381953018680964,0.15235387917236307
2.4180410928383727,0.07671501524607745
2.416165942584817,0.05781313059731111
2.5149114834372597,0.17819284925000925
2.6078244401224375,0.18560818985371774
2.4374636853110117,0.3300434768026151
2.4971734602439293,0.3892881374295258
2.455106583610119,0.13118723418728662
2.469387002844223,0.14199569640377954
2.462712902633496,0.11016382567456744
2.6177871009064644,0.18339110895967575
2.489031875832379,0.26209117817212346
2.4694410478289925,0.22648406473894273
2.6725531817604677,0.12621636955139073
2.6611237752219754,0.07753511613458292
2.602949069610359,-0.010466274205692303
2.6475087070587606,0.002480130970628392
2.797729729743563,0.14730321971242927
2.700270261635612,0.18155152194392546
2.71178991551309,0.03735964895753556
2.7064482362397264,0.025221063021923795
2.6139454195383247,0.23928946426430542
2.604552233123684,0.238260722828233
2.6440460168080535,0.13223596156473383
2.773163082192799,0.0919068472253021
2.702646151677899,-0.0049348176224446455
2.6946160710546754,-0.011167716038595796
2.6777493998531434,0.12557431453830611
2.647385379378847,0.15049931213026482
2.5180794972925993,0.17815941811485486
2.4777723872122395,0.14467845741976404
2.699490846333949,0.15678097415030473
2.646650156040249,0.18170765616690418
2.711705194067862,0.049973083668229584
2.8334336024199254,0.06501425200852848
2.801835542247327,0.056056287795188064
2.71087719940896,0.054471641471719845
2.5754806429759065,0.10356286112662842
2.688039783016303,0.13548971060511328
2.6556635678543903,0.08168157385901784
2.651792937573246,0.16320695421627826
2.5564974914163305,0.14059214784125892
2.5387833890781524,0.25627159374052966
2.5892248747037163,0.21712476757270477
2.5398257192649263,0.210471932680185
2.635406985022169,0.14275138177942406
2.508924768177721,0.11835990649040402
2.497998654628746,0.12674874832238034
2.509347109427914,0.26473627761590457
2.6707075570413816,0.0705167077010921
2.674580567590628,0.06604407037199357
2.627870157204194,0.10602813496090371
2.6420525143672244,0.10769439108910676
2.5637589918238834,0.1827319531553318
2.3754639211378685,0.3342804351163096
2.6803395163908417,0.08958225942743103
2.734001937388927,0.2181069031223171
2.697761565518399,0.2239769731875179
2.597155844618263,0.1796546867886438
2.5990390553349165,0.15391225156185032
2.616197772130326,0.15672831421765798
2.6929483685640054,0.054384765698850306
2.5520063186146626,0.12749123983874877
2.5655519843660124,0.1263005557173722
2.541440771251373,0.10236590207154822
2.6515314268330488,0.20184061996438182
2.604613259743948,0.1437100441852365
2.565387258423901,0.11957527456109704
2.6965681452150245,0.20321867253574707
2.7127698865737426,0.23601934223898366
2.670916318336867,0.1091955142218334
2.7036032958723015,0.09666246166743886
2.496395839109834,0.2529708238706354
2.5919469167192895,0.2300908438765094
2.6225493998337144,0.21756033174288408
2.3810346811118848,0.2487710752943186
2.59584234451002,0.318176955968532
2.4999708369083957,0.32724303411420436
2.4869244488741544,0.2885427505794616
2.491781372602683,0.319947439052462
2.5518141526952487,0.16697407319631763
2.5539748423986364,0.20658176879996348
2.580541999706949,0.16286661853542495
2.597136096678345,0.17657837362403034
2.653234626510293,0.11999121379170337
2.63664644754775,0.19616924831477783
2.633567203522009,0.19790473901957686
2.6679024291524644,0.29174859979496026
2.606333610108333,0.2716887481277016
2.7492921313536844,0.2639532058429901
2.7476352742340144,0.3323366060443967
2.546924961648405,0.15783930360608736
2.515672575778571,0.34845037507955107
2.5116658602648516,0.2785506103635065
2.486790489409167,0.21134892233033925
2.41214557540624,0.28910900451187965
2.672270802071349,0.10925703500991311
2.588011537262564,0.11679656938445476
2.4946461155521336,0.1224236704821461
2.5185155110044355,0.1940862533736435
2.682315392005198,0.20346290129232011
2.6062759118967214,0.272721797904607
2.610173659019572,0.27303912013561815
2.38437874098706,0.26896931958652714
2.4105365905342278,0.2829701976441525
2.5793947011773626,0.15811138954385034
2.653102514853792,0.12709883604057395
2.650813594690635,0.06945070010947238
2.690317301541262,0.11951531491888738
2.6047311299654714,0.04999822194491129
2.6494667432927264,0.07595771278266535
2.6628450428431383,0.18482757676091155
2.5748190253328787,0.10403406412235323
2.577029914724813,0.10906407031583791
2.5323407510394547,0.155902803393892
2.619741645538855,0.24132912157858863
2.6495489454539447,0.07133100113198086
2.637546342610372,0.1994449823919642
2.5131859422444762,0.25311356378512667
2.4636232775037024,0.28728276703492484
2.407499095771187,0.14792776956535253
2.510706149998329,0.2419346832799603
2.4743136822853184,0.36164768373905143
2.42553480197962,0.23429493404345672
2.3990227144004033,0.20807122028364727
2.5366932054237514,0.16602233482691034
2.578398650036155,0.1585164872692786
2.491887199581017,0.23992562212208426
2.5399431646480797,0.26673037750957196
2.561623059081918,0.11668965447246615
2.586695669925295,0.11752180592342329
2.803647509589082,0.18156817893226415
2.8080282521975066,0.17857976103550338
2.46858538614229,0.18219718023111486
2.347262289778696,0.21609604435126253
2.4598093088124555,0.2590693413231949
2.5132247736537705,0.16039000306339876
2.570438995549639,0.17244628225981684
2.555851905038716,0.14094526627379123
2.4943671349239716,0.16130280706845182
2.6602661370661584,0.12538905500378383
2.588250997564966,0.13523325244446868
2.4194609415426496,0.31218703311916546
2.439276090512928,0.28628314681682937
2.6819492703319523,0.21646032801552967
2.5337699195450067,0.32007098845282617
2.5145216321030914,0.2611983643138971
2.4727955548588683,0.2878514472074113
2.509998462630406,0.3332696403829101
2.5392704527353565,0.19734822215382714
2.64902223583148,0.17848416443405132
2.6792047854615504,0.09765123017065264
2.4530685999907518,0.2610428957333341
2.5340843105888595,0.19527280948681544
2.4865818863635014,0.24216297076222568
2.6558591082638614,0.31349375663743634
2.6009296623595164,0.2769325143889899
2.6388991721865036,0.2653164514799158
2.6637245228339967,0.23843715689121928
2.526094282815768,0.23207130076204804
2.6159159517691477,0.13142620484192297
2.546165098919993,0.16148628667123013
2.5519958892920327,0.21703779007466206
2.5858295650049627,0.22706119754554618
2.665023941137987,0.20229481023775714
2.6273616780286946,0.06528580204749267
2.6203434659159983,0.07361107023593812
2.625835647722261,0.09598611881579165
2.6670845965529684,0.07883810620805516
2.5770349491559976,0.2549644130050242
2.520195193662603,0.23092420570092587
2.5275015182818343,0.22676440003821263
2.444633515973407,0.2748506422699014
2.761271567151221,0.07134424832376407
2.6672412332539066,0.06378524898151401
2.516097869127979,0.05618678553461796
2.336130932954377,0.20101814913270954
2.3457220983022973,0.19924293931509504
2.6478972825615283,0.258309413024644
2.6331407834833285,0.2700131739916378
2.524896584632136,0.22328766126289815
2.4595860586535925,0.2705924682899423
2.419781981287982,0.31347331878821383
2.527953970811928,0.23639803467573828
2.633085207918093,0.12213791812485826
2.621569529439274,0.11525967206569643
2.6089683075238126,0.13200409663935475
2.6056863934491674,0.09292937121189457
2.4566075789395816,0.2697172720717522
2.4486677440475653,0.3624380477569911
2.470182406498646,0.3347982317965841
2.5147132440846773,0.16654637604790187
2.465209347727949,0.1367689067687261
2.400220946420243,0.20689092332131018
2.349926959033998,0.395377690087999
2.6982910265895077,0.07752141570035508
2.673947250868484,0.12271512798416362
2.7006151361647013,0.1337498348708844
2.5704877067709644,0.13468081703821355
2.5977729531416105,0.15566636420672655
2.5155226064617486,0.2475645190084338
2.6630172689437632,0.14350971820047342
2.6662553945246814,0.04400587957314155
2.521223696391914,0.25026108454674656
2.4613672872972505,0.24840099401431
2.7317643339120847,0.09101770963595632
2.7298328541275936,0.09993047299022316
2.6914046860778416,0.11358477454264172
2.615781682162759,0.06296532338441384
2.59071341365355,0.05473556577189673
2.5961211538138804,0.28270816652438807
2.379618418814554,0.21696777276700033
2.453842235862926,0.34640129941783865
2.4291756009054644,0.32006748294955617
2.4216212222966544,0.22018175216096195
2.5856728058677176,0.22556750269558584
2.6284784925827194,0.20087405655301843
2.602134246766473,0.24142657648389412
2.5739952334302507,0.03534224920230192
2.609278293192665,0.13787661394945847
2.668885256109922,0.16302739382464412
2.727773348171766,0.22630372085979622
2.3962676950685466,0.20895184881395887
2.536323155808016,0.16627934922248136
2.6791232453530145,0.12885918180993844
2.758122890905604,0.16338189640779732
2.593828065524419,0.045072890289994484
2.5635025542338172,0.2598721259439349
2.5793401813929915,0.10103113714679438
2.612283924561871,0.0315148965679599
2.7956991284676778,0.036291164844206594
2.694843580733245,0.10195721522686557
2.7397610041629408,0.21760268930051443
2.6862689568505704,0.1642014432432695
2.500021673332493,0.1393237192310103
2.519135113538746,0.15728946225967025
2.5520186557074225,0.1782498944034044
2.5740909653849062,0.12617466965922963
2.640556647060457,0.07466825996751866
2.625715368599984,0.155982537678629
2.6381434126685375,0.24711980777374312
2.5974787165665574,0.2471470851991269
2.5870595953363966,0.24522932439822367
2.615789865621277,0.16762372625731345
2.6051755451590286,0.19595701479315175
2.6111832251882734,0.21129265793859803
2.491313259769096,0.24831584497506848
2.498257488968154,0.22797832626713826
2.467054707008833,0.23399240042396657
2.5616021723444473,0.16363885584825902
2.502356905509466,0.1832328528044088
2.526001011469736,0.20528271808458337
2.581190373294096,0.2199714557581891
2.439065957064946,0.252353540883126
2.6477961823364433,0.0780362696190822
2.6030918753972188,0.18361281341783084
2.604906797662164,0.18683730379828256
2.509030869688403,0.20118631146567467
2.5507167364292513,0.1582824521724215
2.6103734713395528,0.17630030335224167
2.5071774191709864,0.1940142568157489
2.660589410284188,0.16741038113112708
2.8314094468481166,0.15819620483062338
2.681862629708317,-0.010510426544470406
2.5172894496498617,0.3462990664720195
2.5140067058247517,0.19285029311064447
2.6161176368731605,0.16975348873056118
2.5486155593549644,0.14079902650727205
2.4259902486409133,0.1759509220413531
2.4220992356123467,0.16530362493544176
2.698186388541732,0.13919627425587314
2.613673056608806,0.21728329912862046
2.6613507971638724,0.058235371854489126
2.7391271882671555,0.1073416361999966
2.469942662314915,0.22170095952691315
2.483813830283142,0.27652354581006805
2.5007535130293403,0.24978593582157704
2.5713804689569435,0.32059724167612874
2.6187637706897475,0.1869952581361461
2.652761114333018,0.12847672392254325
2.559147699358582,0.12200404990409179
2.6681283777525233,0.08846173011986616
2.6455281007151967,0.07269184141117029
2.6088403969969414,0.0773489923996593
2.7183681901315215,0.28549479354571095
2.497222493676123,0.27223722444699994
2.4207082874599264,0.24210126334174709
2.6977831222554496,0.07842401574966884
2.4386725255088604,0.23908637829681287
2.547110753635766,0.2805299200889995
2.4721015192212774,0.28041363780437395
2.6351151224790357,0.19987686626450046
2.5882362161587915,0.1441401278774454
2.3938984087061774,0.24675915244583502
2.636604977050074,0.1695843170872033
2.6854453818047985,0.19032024081046214
2.625292096148856,0.08279648621514787
2.631840092028163,0.04108600911447486
2.737521102564771,0.09460573069321951
2.5605480451699476,0.13486967606210384
2.567784227330797,0.14901576146681755
2.5302251667883087,0.23192521072399985
2.5102005098561926,0.20480040339875916
2.7229056514465393,0.09637979568071671
2.426364642945319,0.27110206537222065
2.4092053635142117,0.3487836528237925
2.2435345025230142,0.3559454549337067
2.2767709482023557,0.36147106206558766
2.2505997119344867,0.3822328066827662
2.4361509000665302,0.38512916730338864
2.5179493678897855,0.14627580784380978
2.522769529984371,0.05662156484021307
2.7331073376163566,0.06070641316575673
2.7034750452961878,0.08030107631970075
2.6969109449014206,0.08284489298706013
2.6845484623891465,0.10113443526854897
2.6761214846952215,0.10987226665046516
2.7652692194050688,0.0420249769539372
2.749693294338556,0.08917898689821713
2.7041484136709366,0.17338477541007485
2.511491785849099,0.22146504641735587
2.6493890891187983,0.13088409004456358
2.7207169115674374,0.13861215141797503
2.478343800071819,0.23215900920077523
2.5608555409111924,0.22699741892412328
2.49954382215829,0.20441758009410246
2.5906148337917565,0.14320776320829928
2.549670494387727,0.2022550593535396
2.599502025446406,0.1389623194512124
2.570139609860543,0.1483384695343241
2.5428183527346517,0.14997016762859242
2.540757908344238,0.1092469895152213
2.56703908058069,0.12038718016634915
2.522017510999348,0.12643881860651604
2.5343889844135146,0.19652444495447116
2.5576897011763027,0.14504586306608125
2.551889046042187,0.26557975057873756
2.5360844618460265,0.28555239563742635
2.6599195361587986,0.035536338143768186
2.6797161244066134,0.01685216333877067
2.7887019977165277,0.14015414385432637
2.7817132538201297,0.14291704695675678
2.5139426460464764,0.3513158171284233
2.3561407742548037,0.225813138852412
2.544261775656403,0.3316017847961823
2.5912729600168567,0.385438320248342
2.4669330775226914,0.19140558174646405
2.3925146636169052,0.18819854524004545
2.5737840368002867,0.3435235171707346
2.5357660842439347,0.33989226204039946
2.535132051287953,0.3407518423358358
2.503224710594068,0.3444205215115555
2.5573229152907815,0.10326898578766538
2.6189458340916127,0.15421607345694446
2.43643375161252,0.28351967961867225
2.402031019577422,0.2192013582319937
2.3698175447464296,0.23869152677404848
2.350397854134074,0.25422310240862284
2.7606401265295477,0.11702526061465418
2.6146355787067876,0.06870248199112976
2.6440075657159072,0.11460344188372157
2.5394340493687957,0.3219789530345542
2.4032967421351774,0.2660266875636581
2.6126162856711925,0.2758121155993761
2.6321951675638657,0.13080849076557394
2.5406479161301916,0.23038036032777365
2.5353691084521808,0.25857776634671065
2.577111883614327,0.17824250661256813
2.7168233692206267,0.15086896169699504
2.4353469782268498,0.2265012496976061
2.4852427082580757,0.28395177594224874
2.71922685556914,0.12238941383389312
2.7505544630991086,0.03019565930928778
2.6038426011035067,0.12583863607389026
2.575012441361585,0.2404064421383366
2.5146984819904072,0.31941316171749407
2.412935240971227,0.30982176892270474
2.48136791415435,0.3070617060419814
2.658173310025881,0.12835239359174408
2.562106016988587,0.17769058363463472
2.4663319013748617,0.2284175421666063
2.4812349149854356,0.23028087139948658
2.607398870153835,0.19221166256575575
2.596058279295804,0.1896031134540213
2.578653007953048,0.17421407446643178
2.5908905944017384,0.18424694653063092
2.386270167440185,0.2659008734676405
2.5981429590274407,0.2459348880759367
2.5970772973306704,0.22369215434733503
2.604443487076197,0.13009593653933527
2.656358924644203,0.16208261298032992
2.5120877521873957,0.2203835907652312
2.6041002338510477,0.16312289476160646
2.6305775562508873,0.07189374196411528
2.591119188316997,0.21582083212155223
2.6279677911002173,0.1935941461522343
2.643471979333617,0.10286105087018649
2.7484612259577785,0.059756172400320204
2.417128363337155,0.48797492623149613
2.468788613266985,0.5093328159707805
2.4623158279327875,0.27234384421286195
2.5467078843154347,0.1893364408016975
2.563015042989973,0.2547202440254574
2.4879760386363885,0.2855322527644971
2.5404618973270927,0.17480781833218445
2.525338604501358,0.2303968617678893
2.4044180706610696,0.3651204165972038
2.2984925022974796,0.4292383728200019
2.4699470242349344,0.4214905470134661
2.2354597952323285,0.34446068589857193
2.24387141674961,0.3504883245128059
2.1923993282624417,0.34844780166369854
2.258245826586074,0.4771521625852952
2.223442274839606,0.42472833602060106
2.7756059748160777,0.02741546301884269
2.558863314944025,0.25042903477165623
2.4269947537021195,0.354964131632919
2.379146718131546,0.3045955289661244
2.6626478303930794,0.17665362408503263
2.6597481686328077,0.152946573467981
2.6615554628725153,0.1516235657328184
2.5643643428495793,0.16693211453346446
2.5993248841844414,0.14949632536588067
2.605314525322735,0.2199973753179356
2.4869032110288676,0.2370114706105338
2.571967661958332,0.1502630377363531
2.5161653248475893,0.2155208958838552
2.4631329566916054,0.27535672545518497
2.392965987748038,0.37835006964986573
2.371232218314298,0.2638250750616454
2.5878010856878815,0.23961049862555645
2.712103209416875,0.0916101327546022
2.572597935805587,0.19392816854392217
2.5429716311052855,0.2374854375377242
2.5619233707180267,0.20979314890036962
2.4862154341671694,0.215291385437252
2.6603406957225504,0.1220160474355194
2.5159296913273517,0.2282599626468844
2.5704312002902636,0.16808330970607555
2.6300276656920634,0.14568313284400247
2.6464339372705243,0.10277088188539454
2.5605126982570474,0.08120853584931821
2.59500761437176,0.31512448926344994
2.6004090403525355,0.2732335508710654
2.6303176347797375,0.17374281186741602
2.6351768240091413,0.21349945983787696
2.6178372174380775,0.23253542515342043
2.558248111919637,0.259581014494478
2.349488021190347,0.28878444587185337
2.4153410864446845,0.31949517983801184
2.400980528062595,0.3377228135056875
2.509147189547453,0.2595834873241552
2.4942369011044594,0.26953258813997283
2.46068966219551,0.26962055988440675
2.448592553646542,0.273710396437519
2.480896275280462,0.2584618323799233
2.613827539631655,0.16553628263714013
2.948803069924125,-0.0629116334892191
2.508832452932662,0.204706171138124
2.4736530515666093,0.2316529781244552
2.4967193856616543,0.2565418352512797
2.5292498701384853,0.21386268803042147
2.569783897775197,0.25012412692872193
2.679897289041355,0.035512603681835744
2.6299731726549838,0.2601544397685451
2.6583488240799653,0.3188215133614002
2.56857445287806,0.29448296167307053
2.4295386195437216,0.23597367783880507
2.4452772022138842,0.35105638122544547
2.5809459554276284,0.26458756721871624
2.7031451400289623,0.2551047264105884
2.5230937456587195,0.22658147391469485
2.4598128524772527,0.1555555193412702
2.450240871854293,0.15477535056055292
2.483883891347826,0.25475175696013747
2.4303886469373723,0.2150388771728029
2.7615528163736895,0.09586167491502466
2.601066145720021,0.15545497223474639
2.5554896776240876,0.17802076553545407
2.627847169737017,0.22820162223260093
2.58792768130577,0.15411800971142084
2.581180549553492,0.08463227310313072
2.594325859542311,0.29180326038113674
2.799715668384355,0.11903368445271971
2.642248143274364,0.13158438926769808
2.6042325015720658,0.23453462564445446
2.5973173259375013,0.2553865649457931
2.564073535182336,0.23559845897812362
2.62257115864445,0.2086783217046961
2.5342642647604854,0.19000807563576347
2.541710039358474,0.2202523581802166
2.7506538905191054,0.16275542276811503
2.4864156800514063,0.1864364683690208
2.5011122709340796,0.1873256410452155
2.5213726809992796,0.2504658328529893
2.5095134720246923,0.17003780983404804
2.6451087194035314,0.19941472249108433
2.5492549230183204,0.1768094849852239
2.638912685677318,0.13531830087999638
2.603889549904253,0.24240938726451086
2.6265790932796693,0.18579847335364802
2.6265790932796693,0.18579847335364802
2.4214806732054632,0.2546457412491591
2.623926136817522,0.1875336697012508
2.4460343786126635,0.18143719431736452
2.5223968500653067,0.1863611456222542
2.7312863865542414,0.08684410867064447
2.519740139780107,0.18421401010931368
2.6640223839610346,0.23178982018153652
2.3746433545111327,0.23795757714927757
2.677231603733426,0.3049246124305535
2.682423047469542,0.3117617198828408
2.6863681021223234,0.31181782867968505
2.6994339341884737,0.3241092386896321
2.6878579249473296,0.3123184967308711
2.5576757093489237,0.25534715069089003
2.447799670257022,0.22150931207970706
2.5728099003925577,0.26422637349923916
2.519006765504073,0.1559248620088426
2.4638384404756137,0.23575231930396762
2.5037944444968208,0.166176517459751
2.5829286477570483,0.20577122627954453
2.36931254206956,0.2693481132833704
2.607978363091792,0.28448242660201406
2.6006378473882203,0.3232117767548859
2.506315496016281,0.29408159732248085
2.371905227255809,0.25996296728322243
2.8665213981995534,0.05556616086688138
2.7899764568493386,0.042223941778724905
2.768450915468199,0.06828285708394034
2.8641005893804583,-0.046485754262341215
2.677753210549297,0.1897980088769707
2.431118144064932,0.16087919784039229
2.6194416185138225,0.16596586988356
2.6276723669779933,0.09597666467653584
2.769390709346561,0.10091897006842955
2.4394790163173443,0.2396626909258655
2.34420671733772,0.23676194438814022
2.5853881735331505,0.26258192553229653
2.49692274065609,0.2796824430697078
2.507070504017012,0.160779249688082
2.499900928578514,0.2627500297216044
2.517021417694845,0.1631512417976101
2.6140086839906354,0.17540752689759878
2.511982455542379,0.22980313638257854
2.649242154980477,0.1679796343714611
2.6626366209562984,0.15773017115543522
2.3915931516891726,0.20730596293398074
2.479963332467904,0.27187327746520695
2.616282961283004,0.10703593746779227
2.6694030539580265,0.175729188253159
2.6732015362744783,0.177852251998946
2.5042995368133383,0.11229831830718867
2.580440000469327,0.1408863672394827
2.6053546614180307,0.27252417355459047
2.696175961052328,0.17724465129159436
2.607741380366578,0.15203853726207112
2.5874025634700324,0.09073085916597544
2.695341694533593,0.17131087160583078
2.68627452872877,0.2656113831814195
2.422335631953193,0.20166925912411657
2.663162496884122,0.24666192815598473
2.63504064911984,0.11472111490403668
2.640945922545472,0.10285112095344066
2.4888443359901866,0.12605752072800622
2.5618798181742797,0.1797407228540657
2.6450344338238105,0.11795187949741887
2.6346823638072907,0.18533261827568545
2.574076571160978,0.24737368476158372
2.650767566702909,0.0722273057640532
2.595937237693628,0.07514813377297556
2.5813248968879425,0.10034542946821368
2.498103827058286,0.1577443881555079
2.6639631825196215,0.06706367235416398
2.6125432077029727,0.15038848741211674
2.617674997217904,0.1658509705916383
2.8080037492153083,0.02084981723590648
2.9192174657222187,-0.032988786258055
2.659325304647742,0.15057821212107705
2.4670473809333564,0.17873150854121508
2.49468577205256,0.27892806115456004
2.66428825671353,0.18245707790142568
2.6069657539742592,0.12188896277643266
2.5093622164157723,0.2485058069224401
2.5534330570745136,0.1822069545324356
2.5599578381878643,0.19390498538322348
2.4347777169563405,0.31008392222092024
2.334356605802696,0.3425855816705803
2.5419518273862307,0.18585093437769992
2.6132751139712016,0.1592285547056312
2.640416116189133,0.12639100546018237
2.5940779671317302,0.07505567429009004
2.664142021027846,0.0777042853776769
2.4839333891543465,0.27279844664395564
2.5505648128317886,0.2959192835860172
2.603027201595427,0.13306053871384374
2.5940480260804777,0.19994813837079067
2.6847732421493085,0.07965218651320632
2.652486196909548,0.1836893743933735
2.447012979584684,0.23172473046359113
2.569160019760141,0.2648994586645221
2.564337578208373,0.2240498085985151
2.623235248221038,0.21146459527808914
2.554775021000192,0.23449069197502104
2.512882615551689,0.28513696777545944
2.7338928978700374,0.05455577190319494
2.724637347577218,0.0928507410503421
2.7621871026287668,0.1464690490757659
2.756233887848088,0.1521181642855781
2.582718464438252,0.10759236473545397
2.6249964007533033,0.14805357660024918
2.6356453597563,0.10828378978660118
2.6722622456271936,0.15495062268408535
2.7599428520733595,0.1687741518379174
2.7918407898711393,0.14635643052160446
2.4305767487396843,0.1883867889317708
2.4351973128484685,0.1880496073396977
2.708291935832888,0.14974113663208008
2.531664289344616,0.2529649462010771
2.527186372129392,0.11055546125389044
2.6508811330611866,0.16228908513474655
2.6294627354149283,0.14267896514979142
2.594284010236018,0.13641788653861653
2.590388112994835,0.1766844008098121
2.5181591762416238,0.17684041510878015
2.654582709395889,0.08511780626612785
2.5947197331618366,0.15400830239654745
2.5221954837509606,0.21125467821004199
2.509063560391463,0.24832526124886525
2.5886532490485683,0.20376445537995283
2.585177651472799,0.201172875303439
2.486747308388184,0.2068286655441347
2.479050142315597,0.23527732995492345
2.5224216469751126,0.20725621256517895
2.580354532392622,0.1975619203848621
2.664644484220715,0.04955253692003021
2.6898880604256954,0.06843363582672704
2.7152496037417144,0.03429418155922708
2.7679363749328894,0.10260224817511396
2.7750293274022715,0.0153240071090374
2.5328986408758007,0.22895499468980549
2.7123508639982417,0.21363927228703514
2.7034053260188853,0.1915619574353464
2.635132461569128,0.051751108770920436
2.7063395317931147,0.11825585936029241
2.65278112719951,0.11428596680591711
2.6741921689280987,0.13242722381698824
2.4659724512599293,0.24541521346661266
2.4952068528060147,0.2600051234916004
2.4813145333440256,0.23498998306570557
2.5527803707171683,0.22629680924409817
2.622960196923705,0.21527415315724682
2.6375483236924055,0.2826882481999214
2.4157642102079135,0.20760293719903322
2.5575971403885305,0.23160229626536846
2.5087560521902597,0.1740727469671948
2.725051708131358,0.1515882011865644
2.6679584967732586,0.2755561291039433
2.677571623494781,0.27389413324405903
2.6899204151246927,0.28514021716538485
2.4598760914170845,0.2095934649749427
2.567053455893565,0.1495908206461452
2.6161326786480643,0.14151180945273625
2.5433141380606807,0.1525267168365608
2.6896151152496137,0.15080866761751874
2.6877952575414006,0.1518832110858734
2.5174174113714405,0.12296912333234046
2.547687844444169,0.28806955301809006
2.3974382885411525,0.29723694883903784
2.5873972417024835,0.17812710008748278
2.599530759155964,0.15467797737041472
2.5526824551968814,0.18703650636485417
2.551355634228672,0.19834457170217906
2.662760487086539,0.14800007454955247
2.593929884678801,0.11443282402351378
2.5927501817045586,0.12433323388432076
2.3871214433845007,0.3754686418593445
2.53577183343593,0.15316897076049163
2.585913213988611,0.12406248161107869
2.658725233595982,0.17153184435284438
2.416615128417954,0.1910751962264444
2.419149757457877,0.1962026756004053
2.451165827320385,0.3604619151209337
2.376000725383468,0.2885282317193385
2.365621292714176,0.2797461726080518
2.394231881882279,0.444354139186245
2.388899980159793,0.42405497697808514
2.5257759738905663,0.1071643077471389
2.645131502059343,0.15999574217599474
2.6306641284874357,0.09045933458106156
2.595595134710287,0.20224407907371325
2.6850830323994073,0.20271986905122255
2.5927546206099032,0.25508658390391614
2.6518350483430533,0.13603058726430303
2.6337375069192284,0.0986272808796969
2.591543596986518,0.07357595776955819
2.618109398891438,0.062487426244930484
2.602121458478381,0.08280382742020571
2.7070395831828504,0.04174382623664895
2.6599264584073947,0.1772346635762115
2.6935067803497583,0.15659790912113603
2.6574572891333705,0.13525938016053926
2.6246693184720846,0.12967797233963427
2.7358394467868123,0.19478905589802356
2.7421781678856263,0.20076136509675876
2.7521228468604857,0.15669990302889025
2.745813666187613,0.12911143785384244
2.741501934046652,0.13020878925964968
2.7546567814643224,0.13281585595260056
2.7354092148340414,0.12158150073444872
2.551818438215324,0.1546670313623446
2.6157966913182156,0.12379144879503122
2.5865300620599663,0.18364301373450093
2.6221048453768216,0.15477030872601685
2.6263049177207707,0.16630938488309072
2.532078012309847,0.2003264043107547
2.6234407603605834,0.20000368282978698
2.6328461241904195,0.1849382860169213
2.6245151051751354,0.11997779427765781
2.343316844370929,0.37824622003802716
2.415391789987061,0.29170005598312104
2.383500643449641,0.24208329980697202
2.4063701051487176,0.20677904983290155
2.509918847642815,0.3506899370290358
2.4725615305044535,0.406080859041582
2.439492086334415,0.34124557037794173
2.416656753692768,0.30401517861040017
2.9003917168371496,-0.048554294921540064
2.8965910966254285,-0.03204102433267265
2.8989763491231795,-0.024964797314425975
2.883188217724378,0.007597802322917598
2.8934654185853255,0.03097540252133555
2.7230972766135357,0.037444948961747916
2.815476727106995,0.05779570500941351
2.6147700403735605,0.1801735839664166
2.6247524563294675,0.16950798479125623
2.680237020325862,0.1931415817984491
2.3997400700530767,0.33336507858291553
2.474968815698282,0.28053839185785806
2.4331943651276835,0.21661830068957647
2.713576358627034,0.13007884706847248
2.7897052201686736,0.2254255015640258
2.60868413937531,0.20516946293848962
2.5752541777329236,0.1541401892474466
2.498516916561889,0.11450791320770572
2.5053862087896612,0.18156141342023494
2.5443472028329,0.21055972524522754
2.7731779362283127,0.146206674162568
2.7688659602255346,0.13555607971666128
2.533577528753322,0.1361029612410923
2.631436220132345,0.19003122083629212
2.431514383148641,0.20430160447472528
2.810717473079859,0.11084996886394936
2.7837275001969326,0.11388972063434241
2.7347606864592473,0.14528122966586804
2.7444006920808155,0.030435310204903893
2.8680383161556553,0.032815671036052915
2.843041708588179,-0.04319430921297361
2.5650405564631114,0.2648420040791194
2.611737359930741,0.2861446088038222
2.559889484688096,0.12213249836164612
2.55914532307911,0.27763553063893653
2.5908305538172973,0.23903655624974252
2.5659509793818076,0.12343232802003042
2.5036851240514393,0.16992901402644978
2.583505522344494,0.18942608133096425
2.6021548695655023,0.18226204298543972
2.488247703605447,0.2066316786005003
2.4787694212479288,0.13611295432436224
2.4735163732035765,0.1484774638631927
2.5559625455756456,0.11663773908217111
2.554064155651313,0.1935770581218636
2.6082202394507528,0.23117180270654744
2.4431376767068724,0.2202024426603676
2.487055257251143,0.27745989490278583
2.344550835945183,0.2563387408352793
2.611557757849549,0.20313635880031677
2.6185529012739996,0.18075429466212556
2.5531151185313776,0.19223761150471272
2.530589101627717,0.21913965316449568
2.5223029244000026,0.1736400760776126
2.5551307595962065,0.19747655925191437
2.597312042985758,0.1704023934167822
2.5737185384256636,0.24827981624618664
2.4674503207465217,0.1986475573127015
2.4841470162687904,0.1001165428035591
2.690860617063092,0.1821544338383062
2.6292663402210836,0.24600292887816497
2.6270620569153973,0.24349100447790448
2.7137977223919094,0.17532360770924377
2.588075449744869,0.16492766965081732
2.5535411937438335,0.134943425560797
2.4862250599114413,0.19393835307063004
2.3029072929537313,0.2712668133665722
2.5892169812856034,0.32711634722292593
2.6319484355707616,0.36676877136082814
2.6457876316958426,0.34464934335250436
2.643168244510702,0.22954438156243542
2.551687812920455,0.2605953933272875
2.5998039576169565,0.23682230195559995
2.666644516691489,0.22103773816843264
2.541638129610048,0.1758554907885289
2.4452173653298024,0.09998862409152844
2.455987140106926,0.213211755606077
2.453557636655672,0.28380884914334625
2.4349533335178095,0.3683582958625834
2.5801593530581326,0.21923082833490345
2.4115633436421957,0.29810204776074944
2.3391493426903924,0.25036866168404054
2.477861181472055,0.31945127523005423
2.3832815614953544,0.2601978051156626
2.43335640742946,0.1896935939959113
2.4121376962166936,0.31046907839373655
2.3700082800340043,0.39526850982039696
2.4183383614544827,0.3395153036983842
2.4273957478259196,0.3534612421735823
2.5585167853482673,0.15835771066781273
2.690873605094603,0.10638111346978284
2.7015962389444073,0.07947689351399616
2.566392114002375,0.19066001820093262
2.5025962966192203,0.25350182617254524
2.5572611632252795,0.17861282943084184
2.4871317922046523,0.18658337605441483
2.6088984795586385,0.23005489502662682
2.6304032844463783,0.254892034855082
2.61134425212915,0.21841476895008294
2.4744282639996467,0.20393422375730183
2.703937855615134,0.17767216990320042
2.6165662186014487,0.09271825351222657
2.625066603149921,0.08647007458069732
2.667975173916158,0.11780625944089088
2.5641317697783017,0.11155723731986054
2.576109596227479,0.2496729290693497
2.5995645143216235,0.05359541925587343
2.6566531168252867,0.07622921117248203
2.664341896410752,0.08102185057592179
2.7607035277640732,0.08613938799931072
2.7074292047552864,0.15061095732585214
2.784794029627135,0.013926290631524785
2.751335150253438,0.0014636450530870705
2.7386627473730325,0.02497886275092591
2.3442622438123046,0.3796702966779393
2.3338569258431394,0.4086241356041537
2.35866628151928,0.3652566931575411
2.3067827698995473,0.2642340347940417
2.5546888111605237,0.20305890647345087
2.554226354609025,0.2245297401909514
2.4985194648222797,0.19952877473655825
2.4237654027603384,0.21935348929574658
2.643816592284098,0.16711272767965363
2.375908346286634,0.24552649328750006
2.599923993863375,0.19518941176557686
2.6983384131407044,0.12199858624596738
2.668057112134668,0.15856415700357074
2.7713736903770285,0.08399981704549954
2.6006610712890614,0.135534257137621
2.386943509237975,0.3111529405473579
2.4899112294576327,0.274083904060576
2.6425323289952565,0.09590094566220933
2.519031264209486,0.19060305975187877
2.635351101451429,0.14207641448165612
2.7120314072225953,0.22576607522079334
2.6349684055297464,0.2057964143135297
2.6551981618391944,0.24427153026094037
2.4148862455940976,0.17608089858631054
2.606238793734379,0.29419298106492725
2.5753373293990247,0.2770687878492871
2.6688970390482685,0.10337904424534089
2.625391188864129,0.2177917897521291
2.546930265094922,0.1579230687524628
2.6286188172877765,0.11703094081520843
2.670342801725985,0.21747014435298287
2.5510561255132895,0.28395670613894897
2.6069903320686154,0.2273659732180793
2.71395849564151,0.12012120915870136
2.622702359321356,0.06709165402455741
2.692054227191403,0.17272746394372565
2.488459460975052,0.16707188160329572
2.5486629843150244,0.1683321280195599
2.621873989330148,0.15315978306622716
2.3156102418027174,0.3065344190535396
2.603448402947826,0.278529114499018
2.568590184326415,0.24113038613915744
2.6251264041578874,0.24579820165545632
2.6317489437271786,0.20002804629404455
2.589881243130146,0.21399960877296123
2.667807922274507,0.13489544342659648
2.6008077997488472,0.12563354042598682
2.7399835490669893,0.24864103004867555
2.635666883093044,0.2127115753038513
2.633294031405523,0.21287325395815734
2.572002622570741,0.19862677421289474
2.589881992612525,0.20324428075464673
2.6479348459732597,0.18921738076376582
2.64310406676136,0.1782657036143468
2.621874876918001,0.17845728164529887
2.6181391211544085,0.0740014492152872
2.609711079389685,0.2386057724800026
2.5723945044320056,0.26212566841325724
2.6140026736407873,0.07512541551225956
2.5976988357927286,0.14540754519521756
2.5383381589821385,0.10861905909328136
2.5340652261090213,0.12991338619315454
2.5362566435067926,0.13253101687524124
2.635407249008262,0.2161470722008199
2.6946430624822333,0.04840370440437687
2.735707180058998,0.08456737412231301
2.8197246803806486,0.010637990978986097
2.2593525630753772,0.3779327285811122
2.377492558712256,0.3591157183546686
2.60638779925789,0.2841474199834681
2.5724562310329877,0.11153556860839711
2.5709830892515475,0.17381072062811695
2.6361289813498527,0.15033779868866845
2.4920593876610173,0.23223744175111885
2.68372788155851,0.08578924810259139
2.5303590784063568,0.20972171210878057
2.3985225663906093,0.25571311416383224
2.52089214567601,0.28608773430155837
2.5121896595678326,0.2584800471637272
2.457243642191087,0.19145127441295065
2.7085585175014852,0.14708368410650025
2.6474634487367616,0.07485531351598793
2.6416968598903976,0.20981938539241027
2.6137243592001327,0.23977508698674724
2.8321139382263447,0.10626502858959883
2.374646221164929,0.19528519254009852
2.5233608268758903,0.3132676093254244
2.3967776189512584,0.23872206349274191
2.6826891783096194,0.2142201126143104
2.6595468441181,0.191347405755931
2.4657507876995672,0.18923211080999303
2.5119052538262334,0.24152146676954805
2.5834685051419104,0.27389134777099045
2.439082627291232,0.2641896627507954
2.503206362622767,0.24748312578761053
2.5948724206211353,0.27123942267494633
2.445041277713381,0.13983664677235338
2.4435351509789305,0.1269752808423151
2.4537066666402545,0.13260565189208628
2.7141421376309487,0.15363540411853827
2.458170800738789,0.23000207399996545
2.6168661585800033,0.27504445350969087
2.6170990924524373,0.2697715564673669
2.4987352150449547,0.26757606321747485
2.5411428411760135,0.17748357453212157
2.7573488736575573,0.11483789889646773
2.8167255157856212,0.16565888607592003
2.7904419131202776,0.08675495914971888
2.8219452492041124,0.06728576174224522
2.3390186467376344,0.23221443069508746
2.413026508591367,0.35680722965791273
2.411674855380041,0.1837533649687421
2.728083917945887,0.16192226058378406
2.675514373711194,0.1562639270499442
2.6895412063580335,0.06577890337300675
2.58080937883565,0.209755994723361
2.6608567160743415,0.15211112378435832
2.6469965173386854,0.09319020736986898
2.526862653460361,0.22887281939827303
2.4738206096435125,0.37719872825229583
2.565955044981464,0.1938005774167952
2.4954770955251564,0.24282035147839892
2.6044665444191617,0.1306058376715987
2.6044665444191617,0.1306058376715987
2.5096285627141137,0.10056084412663992
2.5231126793715037,0.10987613968460876
2.664779367397626,0.09153338583235769
2.6096941134898075,0.15524716346930034
2.6549319847193398,0.08636109926702135
2.6381254696088114,0.1832783534381115
2.5687994771527856,0.28704404023052466
2.4824975510526492,0.1939569704154353
2.589473589957117,0.2346195818171925
2.4424711138608735,0.23422849148426395
2.457419816577333,0.24177260771615847
2.5826604037857357,0.18896575192392834
2.5884179694551874,0.2324296730708435
2.4556228459192093,0.21198179705615885
2.4354322009166913,0.17340561893279613
2.7245036052693865,0.14649275082712304
2.5511826048540485,0.20647554653121142
2.609033879138993,0.0938313740434024
2.5554017969172103,0.2698074468954514
2.674065050731369,0.15213972887234714
2.691652787580486,0.1241331918861533
2.595631986285409,0.11354286711649213
2.5721565353241584,0.08608236988656247
2.820472828962292,0.015275782714049892
2.7084635440210514,0.08567813750410339
2.6993521215414056,0.08696503397819187
2.6160608469832045,0.11703613561231564
2.73687544556219,0.09727652765035333
2.7621463671998874,0.11436400964588869
2.7789481631770605,0.10319697183087553
2.784527728935099,0.09669452013730374
2.774620035499661,0.034290916807876215
2.5129812388358843,0.23678547052214416
2.3491882961478128,0.3186890715980247
2.440178552236981,0.3707624688688415
2.61109427352046,0.05103472795562441
2.616207319917923,0.13427344284808823
2.580729762097983,0.1435410753394205
2.4755217640833482,0.28236183951223
2.5288127684249595,0.23718490956114396
2.4433839577419114,0.27233064054169465
2.435593760209219,0.25876809676405776
2.3726834960644525,0.23514988305981357
2.3177748378130407,0.2789033194282613
2.571944934835769,0.21048878375402416
2.4834731468984472,0.19102751395216308
2.4996057182026226,0.20298134220923958
2.446739042892916,0.31100516914723614
2.390559419651146,0.20397210012550418
2.405548223196538,0.19692090567429477
2.3613991512569315,0.31639414984513897
2.607475608414214,0.11347313366724743
2.5948111064017123,0.14945800158016437
2.584717582346882,0.14543490214356172
2.595729295889194,0.20653884601424194
2.60956920584278,0.22952733154452437
2.5879751434815765,0.18244737436756356
2.5701047688530974,0.14646335311148576
2.766595934787703,0.0487013187603854
2.760669186795104,0.05188314200311962
2.7117832078812967,0.06343771705378143
2.706870279342763,0.10753878790677124
2.7119981127846526,0.1130003784685032
2.7542944095997295,0.048084460662053415
2.7311546820533117,0.0683975627524765
2.4970299880512927,0.21733046483145693
2.7111907802821444,0.04934235905727291
2.5799699775259013,0.2590531998951014
2.472178316044942,0.2625091872464456
2.5611862266234744,0.24435870045275554
2.6074702202481865,0.11609608408545688
2.5161852837687184,0.2600391013334937
2.680084576711746,0.06277747496085034
2.6497962780283313,0.11033695439350753
2.435755289594094,0.3065597658676589
2.566545924325392,0.2355883445227826
2.4369037898868973,0.24802692121033088
2.5348467311077907,0.2077958592559223
2.4711918006505376,0.24227273016479442
2.564664066461203,0.19926159554116665
2.5995807908014177,0.24149815733065622
2.6056238941791143,0.17944057650993842
2.654989517417183,0.10238572281144277
2.5798772861144013,0.1928039267388234
2.3520205610854474,0.1756984681611163
2.362284240261615,0.17510931244608138
2.3930835363977856,0.32981660666625545
2.457965086889371,0.2759457568371063
2.453505012179094,0.2802329762511152
2.68252297536277,0.1532801724406698
2.700593260926596,0.20055072949995273
2.5202862766313667,0.13432643538974717
2.4838871286837274,0.11996986720885815
2.546394039976984,0.2373903090537692
2.5254703633021887,0.18317787700255178
2.4793741287856212,0.29111529342287984
2.5067185346027197,0.30766002605678605
2.644154334014791,0.12566247498295072
2.4507089135756073,0.20373465529666526
2.5103889292362687,0.32318360328494555
2.4595060662972905,0.2884815173996108
2.533157960544742,0.14619649717976818
2.6690854135298,0.11194281013413195
2.657157345492875,0.10244311534977578
2.4288323294269585,0.30004647040858384
2.5704784258694366,0.22059660073221876
2.6509514509289676,0.14467600287462903
2.681658424498641,0.16355819904175084
2.6853024000426586,0.14892256653509414
2.5092063537720923,0.1602234679580662
2.491746861099551,0.15475415403727763
2.493569973559936,0.3469679126138716
2.410597594340294,0.34621823123662804
2.348480419894638,0.3481719267362237
2.425101221303971,0.3431714086108352
2.6713979043306506,0.0584379129106681
2.5317722823420508,0.19094343846989686
2.4878569124867993,0.13157398900458087
2.5141958698503513,0.09462307107031968
2.578767733684452,0.10068643890412128
2.696730938518657,0.07186086375518735
2.6112212614220818,0.14314379519361484
2.477900002150588,0.23120590234734797
2.7650379421013658,0.058532745844971014
2.715985085093623,0.08809711462528079
2.560880507914989,0.2653006546446715
2.5574361150120977,0.2709214025670069
2.6213393718997686,0.08441007035835957
2.57741706879327,0.1897394171356571
2.3850981289304016,0.27680379599168115
2.624522476273193,0.2744858125697841
2.395357189703616,0.25002877322497463
2.6134963146296433,0.28993435117049143
2.6098062209009285,0.2840854550470233
2.7156214607798943,0.2308739068299396
2.6595386887450414,0.23869476279339252
2.6531586343190483,0.2363297746366902
2.5326232614110844,0.1313895842343149
2.544369263619961,0.15753387225217305
2.467551742924695,0.35861755012634516
2.489765231059639,0.39553150896109907
2.4583202086556795,0.38945793448778937
2.728802160055412,-0.006273159446376733
2.6843876973911858,0.17052763275047633
2.463923029504326,0.19918984869779166
2.4493536407432517,0.20531791692682475
2.353186146418809,0.21528099871334924
2.6038061504993064,0.2971648791361832
2.584303133680077,0.2988583886240357
2.607262381216045,0.2870475166665953
2.546801573027593,0.24212266661518259
2.6726457396245378,0.12278858745306138
2.5208718706753803,0.23693812366685335
2.5369462412962798,0.24875111167344696
2.4749136270940926,0.2002081678156408
2.513997929108625,0.21442380845570128
2.607578871683468,0.15097326981812764
2.664314602374838,0.17024161734799803
2.6590210456164605,0.16981962029339615
2.7388640358377483,0.12118522708091578
2.7673271587126256,0.0439994594899531
2.8230457765594563,0.03102580250096028
2.772707588931086,0.03614538062929276
2.7001166829061045,0.05053445253212781
2.667516201786301,0.19519396144840842
2.4824058426728555,0.09761631015840623
2.4791650232298976,0.10750547269682384
2.5821496294929984,0.25655637649306623
2.631813177475907,0.13616439786873333
2.5568324636669844,0.08356839287782475
2.6006296950294048,0.23805853661369453
2.629173516440156,0.19288901145721754
2.6323855960341604,0.1948730324542453
2.621918563032876,0.2472563526953103
2.5665441298161413,0.345943864832132
2.5582174258048678,0.35472425945660874
2.338874896764181,0.3085601789625021
2.5551474399724965,0.2560472760188401
2.530202383147187,0.23278593383244875
2.4532083673650193,0.3601988934334694
2.4737327998193606,0.19593799904442816
2.5239975563779105,0.2487615544586607
2.6089762350146573,0.30470103458746767
2.613400403359293,0.2769902775059836
2.6140710799543885,0.2793066902470229
2.579544749864536,0.2781220436570016
2.486393179328053,0.3798427322429543
2.7053792690933385,0.07032210950013333
2.7147216641718055,0.10579596617551876
2.6774998485497616,0.12140432799442218
2.5439697699991233,0.23528462954085447
2.55605700097391,0.13921718142953324
2.569973136672301,0.13382604576110743
2.6298675331688663,0.20052737201018164
2.656839208089143,0.16014063129168402
2.63385190967531,0.15264789896111164
2.404883391945553,0.29398106040922534
2.5925039308094213,0.23809402024582502
2.7185014859881416,0.2429568389601475
2.7138541270637937,0.27178316869609614
2.7080056440804032,0.2674808079242394
2.531346319334373,0.18736636441248242
2.5501224539358045,0.15040247826214526
2.624519205387353,0.14223780343377906
2.5477228061354076,0.16644573568821983
2.6912025499540593,0.09517606036176239
2.826418179969227,0.04171819601440051
2.3918425326246107,0.24878707665828398
2.5918784794256102,0.1386019596705024
2.582282429866493,0.09431034444403197
2.4930424289435185,0.17293739801007224
2.594443877755466,0.20550845963274128
2.489222518837366,0.2143167182207901
2.4866361316421406,0.2370778651725842
2.4518706264197183,0.32722504871121383
2.445695002474321,0.30264575167572955
2.5712224444920504,0.1727124901465074
2.601675335467331,0.13523599673359693
2.442307959798856,0.253256644260302
2.625952484705753,0.16655556873349298
2.5558438193208426,0.20227783129707347
2.616791820320042,0.23523017353777387
2.610094374456161,0.18020126207172657
2.471476801714395,0.1584356275557902
2.5034425956014372,0.2762511514359745
2.414481396163722,0.2690609888853573
2.486791870728228,0.27015459686238963
2.4882917915101275,0.26985065779296474
2.6325931513763847,0.2601283866599944
2.591117356683659,0.24192691689701976
2.4094212138670996,0.4132995275081399
2.4558821406924145,0.3797983330928185
2.7952727199350957,0.17718025807988697
2.7839759941056204,0.17780087423090965
2.702008393218235,0.1105526824268439
2.7568098326409363,0.01404620669256925
2.820444247882563,0.09634349352374479
2.595692806364217,0.1048084794664104
2.7038386684744458,0.04115566330227239
2.699466827797281,0.049189756944360195
2.788395729545597,0.0346383360420241
2.7637406948451204,0.06944484474281369
2.727490166037583,0.0723855444395629
2.6728716762503977,0.08032809124681986
2.474039857712979,0.22794495755548516
2.517142967063957,0.19067000333015316
2.298814857042581,0.3211657828532369
2.3480015763690103,0.33885434237149525
2.3388706644777537,0.33501872099904995
2.314991270864308,0.3474124396684785
2.6582463727538315,0.18021106166096468
2.570256659185942,0.1433028748045924
2.6627812524423082,0.14181444625437592
2.764791682370384,0.14447927592458942
2.739146209916826,0.27050471377706947
2.73498828778791,0.2673810095428895
2.7206614474654502,0.30279196010197906
2.6324504682694365,0.32375747919325626
2.5788171710411683,0.29854185096750707
2.5241356000158985,0.27484950152314336
2.5089742704615885,0.253926650789423
2.35343266541232,0.20777795038186697
2.731796425655732,0.18280724251009017
2.4656619244758007,0.13466338245031897
2.577064266291925,0.29187504529003866
2.5915701857329805,0.34626351707715214
2.7251143198152876,0.2564527083292014
2.636021527406034,0.26180418626319474
2.6409316865451964,0.22020020289572584
2.607480194739291,0.17996306334943954
2.6528370193021105,0.18552719359560083
2.542192543417066,0.16903763506691344
2.4234009440140283,0.12060280590887867
2.8411158462097257,0.19248826112281134
2.7629012804700004,0.2462404666446679
2.698685505725863,0.2699452709598003
2.708095167280528,0.22903458334270776
2.7085913093529848,0.22194123648512498
2.461147632573864,0.16401118904256873
2.5048490336041485,0.13855899298482605
2.497368567491337,0.3247651304452716
2.496468498375272,0.33122168895289683
2.5750428008381223,0.3108751953924055
2.5744666531335545,0.33793244913001824
2.5439516968807534,0.11336492288372602
2.5334588247520045,0.10446905524883543
2.517359137227427,0.06080580649560142
2.5311683327791212,0.06392751678530355
2.5893747161803713,0.18046570942391318
2.5472920095276814,0.17146215876894472
2.6799153245845875,0.13688107082331027
2.509740023055436,0.18285572892159432
2.5957900110230736,0.2409309104831471
2.6124378873764282,0.06786894469208367
2.6115294791967525,0.06309773606427352
2.7101911258438194,0.17313283892169448
2.523241333627644,0.02176673912337366
2.5178033857098687,0.03155519103031291
2.463815088131678,0.22805607413579654
2.4666424889274263,0.2435996480374916
2.538230695384522,0.24129664202669066
2.582014592979927,0.08418765308880918
2.5512185789540287,0.27240707169118017
2.556737857899376,0.1844292574883103
2.6438033848794045,0.18634001549808088
2.6950558727929055,0.1961955845197954
2.73293636462614,0.07234791741948207
2.6029096829726996,0.11531328014476033
2.556054036573118,0.13232774660496716
2.614739835362536,0.16767188501750346
2.585042713637809,0.14648193835035409
2.547730945078135,0.11617912839696554
2.4915261431427,0.14554346156473086
2.491163188218595,0.14750779669816982
2.70782218989955,0.05841788598739262
2.7261817052382007,0.07773233621160243
2.6357321801741334,0.10021287617750939
2.63078553057482,0.15596443870828766
2.4778114041755646,0.19598006878774255
2.4633657816917593,0.1814970110118983
2.5561628817781026,0.22030050973207932
2.5754991645775953,0.1775328683586119
2.510586602466193,0.27198538491152097
2.477389378409419,0.20549164686769492
2.5397861593292577,0.23996529341605255
2.7221612346690045,0.043697104998363816
2.5885233204943274,0.11744947352603474
2.6782607268608842,0.1467558102521662
2.6191544156159057,0.11231289216026819
2.483723418765089,0.26781830029828074
2.499891663265574,0.09437004739900973
2.4583987409042733,0.1309926403720152
2.6690393479068657,0.17931005409608736
2.5885409828979253,0.13620754317918596
2.529286817253598,0.2465301466084196
2.6434856532120836,0.0851302380383348
2.551655368066486,0.0424039879390781
2.5455306144113634,0.07239691391139945
2.573648853402619,0.09169625196732073
2.605271628578956,0.2505728451497749
2.6295251649077236,0.08120103229450938
2.599211266993211,0.23231491520661854
2.7058493997611976,0.20953696519565984
2.792768503517272,0.21332809348909926
2.5963530863644255,0.10876086488953159
2.572062167204175,0.11132369043851048
2.4011550155832033,0.2939659929816225
2.646396552627146,0.1812850152863483
2.4878514056855043,0.21726462565933907
2.5356831911302766,0.162166842143368
2.5041554059129267,0.3732911681461402
2.4891230378440934,0.3884578541942702
2.4606942755012,0.44721677786222874
2.429879097058225,0.29816927586289627
2.4747280117408836,0.25847678480611586
2.5800430497466,0.14698202642969835
2.529821919689156,0.09645226630578556
2.5402006668347457,0.10705757579543397
2.6113241217728542,0.1064180719230006
2.617420996202964,0.17203394369258387
2.556840091247969,0.1359436644993395
2.521715817344794,0.24187663918615068
2.4343075152375113,0.2875102368347329
2.359044669412154,0.371511736255517
2.359989419732548,0.3639469541729017
2.5154348968525193,0.4118095736208821
2.5964194163381524,0.3292817579402841
2.567606233540414,0.2639721805381039
2.538483134235461,0.23500611952621098
2.513552225582131,0.24315619987120124
2.5212605108493737,0.24205350290204788
2.671966759283416,0.15038916837715918
2.504246167623604,0.17654330437881524
2.548022272561683,0.25961637642903596
2.644425713186824,0.08863452225397882
2.728295639504885,0.2069000462461569
2.6795353491619056,0.20952831860253388
2.5084496171542665,0.20822030154581112
2.323344312946096,0.27675244510970254
2.6203174455526406,0.24227703722393112
2.4677783181549797,0.3530545136893766
2.4680783888909232,0.33028956670039195
2.4989589429329313,0.41181260423448374
2.497142729885441,0.10087722342744572
2.506563830083375,0.10109183281822721
2.558193137679868,0.31942184954282654
2.4901274032813747,0.20752778622819765
2.5731799250560834,0.180984290487761
2.4807932273480064,0.16827957641164928
2.5052687944716947,0.32616401261302386
2.3552122791340597,0.5132881277074376
2.517105414180032,0.3683888483149455
2.6429125538197327,0.05056248579276049
2.639978423041815,0.065474490876516
2.5364472942886107,0.1347968068543095
2.6315576485154,0.1450415530169106
2.465790732922463,0.08329330051799975
2.4607053278707594,0.338009083351153
2.425847372453121,0.16463089284195662
2.4250343977660016,0.18736735340991814
2.4758128642979194,0.3210702353547813
2.4895977581622537,0.33822003033053144
2.3885796211853725,0.24642613518458534
2.5202762473828195,0.2808460359389583
2.4910106260498592,0.23027320326214057
2.455713962490477,0.2051623334949722
2.6414357257765024,0.23193032727632895
2.6827093341602595,0.20827014684564052
2.57348030493941,0.2539683040310395
2.638404769319034,0.2942579739963872
2.5859699644566625,0.25167501756846156
2.551434435407157,0.25383552839257356
2.4321565944661776,0.2721607833175911
2.5293749512795167,0.19127677938758234
2.6037717852173867,0.21046852440221875
2.6582903038279753,0.200594146778895
2.543349274994476,0.19777908938112462
2.454545443581897,0.3307412191188362
2.3786941424685377,0.2831241423036098
