log_sigma,xi
2.8631392193487386,0.07940735709640229
2.8263006769451575,0.1043015136400188
2.7749345956518487,0.0923667639206928
2.7496896486260995,0.09889466394006181
2.750709615718002,0.10894221191283045
2.773759095536557,0.14182044173816052
2.8099106790127695,0.08992781147516019
2.801968010612202,0.08089211007887774
2.751894470697945,0.17022046419009507
2.683511220880888,0.15139336926639774
2.638323212681153,0.1827565486685083
2.682746881944875,0.16298467616809018
2.6868996079881793,0.11201173978630695
2.7064489705561137,0.2268723340694821
2.622893356749132,0.1959454415527113
2.8012860433451308,0.09905095461501993
2.699601753710985,0.1367526895150196
2.777813922441124,0.07134567860188065
2.795747166458496,0.05097539805181142
2.78601437795168,0.058468701521079816
2.880905371717819,0.07885951439139596
2.769670582799821,0.07400986606354304
2.6894399615778166,0.0887138428464458
2.8118159806456555,0.11858076176147804
2.8923766316557646,-0.025472292525438468
2.9042211711116637,0.05866189238783522
2.871164262605954,0.11431969761464825
2.8840949397187496,0.023878053559398996
2.5933069891916727,0.17160627736654305
2.576791289746863,0.16102146086839642
2.7115701971106514,0.170230328931193
2.7260966830850593,0.1504589241349367
2.71251723485248,0.11971553851198573
2.7705691555047633,0.06584227475518366
2.7039826006243484,0.14690525292255663
2.724693408619851,0.14404298109318078
2.78740985633612,0.09483905615531317
2.774525783223507,0.07882527989632275
2.759071101931028,0.09103141049210266
2.7622223874929634,0.07231118030414264
2.8332517802029975,0.049925253904066415
2.693741640155368,0.17759989485661398
2.8876908335234,0.003760883165108176
2.912966677792584,0.024926824492099642
2.5746631731358125,0.27768864400493454
2.5923991154309936,0.2667565709331915
2.6314480627199326,0.2943329474461182
2.8333153386575156,0.0359421349546597
2.6870768660305746,0.16769887147961193
2.682625067674878,0.20226544854611775
2.7191727588519434,0.23143655246785053
2.7148458557540245,0.22219644769410649
2.7055753679459658,0.20840962986965042
2.691567247425099,0.1131259362074912
2.7386289451644763,0.1831291014827905
2.733956691202716,0.08237144322108092
2.6913587348129138,0.10321048805946025
2.693527409179669,0.11058778251679878
2.6585907247531244,0.12403815359822552
2.739102828808565,0.09641295890291368
2.740185310568477,0.12322945434934651
2.8246349790242506,0.06125938155181967
2.9065766503221364,0.04054138607123805
2.992488149442866,0.014829540659763978
2.9892189251693093,0.014763221887154447
2.877707450764803,-0.012270375498142866
2.9001530897289527,0.02270158140142054
2.934143277826199,0.08915283141586497
2.7559990357612985,0.022860723421707616
2.8425441956451367,0.16985361542405258
2.6482434128780974,0.15673685750403266
2.717563341382679,0.11013655293541581
2.703960802516175,0.20169763881749253
2.6323277420788194,0.1911720336582758
2.793962849780995,0.11870554331537135
2.8616533696725903,0.06138059251435839
2.627739572122335,0.23585634061200067
2.6005739985135974,0.2609822296585366
2.8070563680235714,0.12542004023535888
2.739639144616757,0.12118798133171556
2.751106180004042,0.12659382808466826
2.658892525703193,0.20161936841206501
2.6087046497274713,0.2518217609566086
2.616064890011785,0.27808737341670037
2.528987064080299,0.18833539102636768
2.5344815156470903,0.18641868357156768
2.694816253087138,0.21267917505595813
2.6606254335938067,0.1231308435580513
2.8404981634048965,0.08535354306693495
2.7819575371575738,0.08251130629756409
2.7862876964162684,0.06415511702868529
2.74333169375433,0.11330181982828215
2.6976714249643354,0.18191285558952808
2.6765173152941113,0.13964188949406675
2.6762511686660506,0.17571994440204863
2.7673002106734854,0.18459051032465135
2.732488264142499,0.1719279645709763
2.5553407719069017,0.31050271480524766
2.5929284418123264,0.20241628009959153
2.6182165747823576,0.20426028524294648
2.609288546658219,0.16080035162963696
2.6328730395787043,0.18486545641663923
2.7514062077500165,0.1837981404919293
2.7738907210899666,0.167450196046528
2.7161613415164916,0.17338178702601081
2.70631372752176,0.14063696235195075
2.7621735428720577,0.18701495256709227
2.7334926911916546,0.20571417289061691
2.7152416535047004,0.15350088711105186
2.845271278501551,0.030612763712452733
2.841811651332706,0.07614683865183279
2.9462674423865005,0.03900398864275016
2.8512724878890485,0.012439320247760321
2.857065240987375,0.02193577672539293
2.8637139008593904,0.03140684790613192
2.83298851214077,0.07713802242308895
2.713943785564215,0.09423303188111312
2.6434087280146663,0.13800125583914694
2.6686322802577673,0.18256350983168795
2.6425736588258393,0.17679066296232251
2.6925919056189107,0.17260372243654082
2.7445029593314167,0.1743143785457983
2.75229187607053,0.11661386244909835
2.712307356173014,0.11434756859280572
2.7424346371768533,0.11589163680885668
2.7772002015696855,0.13157324855252114
2.798866771957948,0.16555647951539648
2.752469220330139,0.16682151992435645
2.7431983594121667,0.09115027671446765
2.748462333406605,0.09812186392730048
2.7166516810056307,0.0661390697006666
2.6687717446373425,0.1844556866091417
2.707540271134592,0.1499793759887956
2.7784850075985092,0.15392318872645935
2.707767169619452,0.10855893550374586
2.630025989505401,0.23032620209739788
2.7127068411795126,0.1438563725071222
2.760699491356895,0.1019172671617134
2.70105015908372,0.1649127515880425
2.5825766495110205,0.19297436022295608
2.6856095522713717,0.15209799202559507
2.7014332329662363,0.10740086570502665
2.759543586552721,0.098456770727957
2.738078529158787,0.0670060228696869
2.650819786070538,0.09018440365312325
2.6728574986796714,0.14414413321840233
2.6513681490724803,0.10000270547387499
2.611217475259251,0.15474565716311525
2.5151877276899812,0.19660086950742173
2.6463979508729607,0.3353709286010736
2.6799115745234174,0.11397595315498456
2.6005808118519256,0.11559749320875663
2.6501576000931064,0.24213402701484976
2.5554485795132704,0.3031929362205057
2.5668873789628615,0.30563180057774614
2.5823893076144464,0.32551976971433316
2.6371465960087614,0.34821264281027586
2.5675526441577032,0.27908252575111603
2.5484333072186027,0.22008024923727348
2.7345279471829063,0.16316224333098542
2.7629252490935525,0.08446540358023823
2.723701520158361,0.14696457680435682
2.6734315874256214,0.13844306874693454
2.730920414082221,0.13285459877768127
2.6798167191606703,0.14693661058173868
2.6777476611264697,0.14466856973227055
2.5815308784777504,0.23457596481897258
2.8004508026975254,0.040680750566501354
2.765030934585796,0.10424694129827167
2.76732145880378,0.11681949708371663
2.7990876055397265,0.10207593042272625
2.8372868941221245,0.09120815442172761
2.6335823370454543,0.14513796921550334
2.812145448651832,0.11054599994658044
2.8407166247163955,0.07474987834016737
2.770250298971458,0.05377176258115931
2.7624694679740824,0.12197372397259479
2.772178524569636,0.09677808214236396
2.758113054086038,0.14115295010514933
2.7415682225671776,0.16305429321232862
2.6325277601205306,0.24344679292253898
2.5439731983366203,0.23138865946327467
2.8446733057488456,0.06711769852747053
2.727663634093291,0.11017202802881189
2.8181354617656273,0.10911492146638446
2.8112714213125414,0.12513893927941094
2.667693811888478,0.13341779260324504
2.6618650001544313,0.1283118242187004
2.5390647014931136,0.18220378200807177
2.603795051432454,0.16449052221483376
2.75558506327683,0.09134807659487038
2.83459882206857,0.043776541960874
2.8257378563967075,0.048822315078588044
2.8474680661159573,0.04709753698235775
2.5786802870548997,0.13596764198399547
2.5710808637481324,0.13049178138305784
2.8069839721803325,0.20539366302813683
2.6729668362745693,0.16785894799982964
2.6617979977607082,0.10303592046164445
2.7047527910339584,0.13089506602528755
2.705080594817086,0.18028100265290917
2.6109570788197667,0.21288775436517823
2.6308805666884933,0.20769126704471724
2.6342854075587936,0.18160038652821733
2.805077333658148,0.09510188452339455
2.7467136347790997,0.08656484370216454
2.7394973406864924,0.11468161655964061
2.807151650016822,0.09700760393614616
2.809113961066914,0.1117502681996225
2.793035396108441,0.1054488380050522
2.762720740013679,0.07027248166705552
2.6934916909164133,0.14751876979401937
2.777875785435272,0.07747932668066448
2.7431939473785136,0.09665192936382908
2.7715917972726567,0.11813120466550775
2.7616341516396465,0.10304622631140464
2.666600682588593,0.10530277192157274
2.660824195961739,0.10288151173290114
2.6702463856837215,0.13444326951979332
2.5616437066780664,0.24127704606725042
2.6175673835373865,0.2069567408737921
2.672998823108945,0.16551491505432292
2.566653752100513,0.23837521776055146
2.722696621896149,0.2806688334649461
2.7456197384410856,0.2401589964947798
2.5768782758568665,0.11937149109083733
2.5934389301849334,0.16296364032666275
2.817583538928184,0.05266637302432868
2.8298195952845395,0.09274511324038748
2.7789775463381527,0.15231893258310403
2.792663525594257,0.10162949210673401
2.778310889130265,0.09945331874657075
2.7555011998474543,0.1427146125964591
2.590744648657654,0.21925359594539579
2.6792094781927127,0.20036102524435093
2.720413442615531,0.10447921996961806
2.756663094709632,0.1922180237488308
2.754841974421704,0.19768521390975083
2.721948729614374,0.07106677371760645
2.718855375273895,0.07658616590643653
2.735750578351009,0.1250882312482158
2.623531320690143,0.20042152281565667
2.731361578804238,0.13017150459562507
2.784845733729096,0.06472621714218206
2.777953052648726,0.0773286653164612
2.7736046436969297,0.125489886825512
2.692463153672424,0.13296839439563082
2.864905274118227,0.1119118434936497
2.7609226819971777,0.15353391641343336
2.738523253524056,0.13425365842754888
2.616107895273737,0.14010235729667
2.5326879572595984,0.17967314505417747
2.5605244747847373,0.19143520309978687
2.6433771867013367,0.27834699660831036
2.5112271387130574,0.27790129233451427
2.6682558208239078,0.2658725400573669
2.6751294415666806,0.262512648996149
2.6192054956498176,0.12102508509646095
2.6869068603076873,0.2302553345440427
2.7131958881300156,0.24338036576554983
2.7128634203243958,0.23314287191032293
2.6882499336544847,0.23045484416926004
2.6945741567923966,0.07923441356055348
2.6670924499417095,0.09033589815681956
2.63075043893415,0.13321842008858623
2.677823469893916,0.18751831998978122
2.5392221468540255,0.23409956123047582
2.6772006768883716,0.21142370513928843
2.657073359985591,0.13945574986513634
2.6318881616184053,0.15468689583128575
2.702633470393526,0.19189678444775696
2.7506278551478682,0.15749361251330538
2.7685718406260955,0.17024001505018502
2.7633096511816895,0.1712835042244125
2.809157677176236,0.16583825169468183
2.734561458908139,0.15413269814147465
2.692510527632654,0.13395548840802507
2.702336316912929,0.14498124174869584
2.7180061777951874,0.16307252738777536
2.673420593553822,0.16994065337548409
2.6465362008720454,0.14923094111211133
2.660692064278708,0.15305892199523052
2.6691963176170455,0.1901195435549231
2.531305595227008,0.2759099566310628
2.792018237603521,0.0747058623985067
2.675580242221438,0.17998535030603321
2.636266308369989,0.17611483039443196
2.6343400698922728,0.17183335356059262
2.763985405243472,0.18376006192694141
2.61236488548416,0.22079244872684317
2.680493408085267,0.1677892002779442
2.6546945826618957,0.16501412989842118
2.698792440935412,0.16900964870236818
2.6153615350655253,0.2622709912161484
2.6607755362297345,0.14198769642474265
2.6547277119494903,0.2729462652479458
2.57674958438655,0.2531419016702037
2.8810274855057547,0.0572525835552501
2.7592617774397907,0.04973460864668796
2.678941212478112,0.14555681865204506
2.72248632878209,0.12551563318710607
2.732355095602278,0.14381485822336493
2.7110522208810353,0.12564258166422354
2.7879950561558546,0.09694963325192242
2.7580651509665848,0.07856372694533878
2.7450101210109303,0.12929931297943148
2.7306940238897415,0.1052017442137608
2.717282131039706,0.14671804966726745
2.705065193756552,0.1198962704228223
2.84841111477417,0.05570513711110415
2.7793682855766706,0.08952952613266815
2.7198939610197037,0.12228206360097246
2.7422947043139283,0.06882410428558271
2.743545892538704,0.20517060463839631
2.553496063480855,0.18396604361248795
2.5529378086606953,0.18195652557930983
2.6923003000588532,0.10181084706688986
2.7090925207017587,0.08493981463736174
2.733005384610627,0.19563988003030014
2.7751220760720194,0.06946831817672239
2.775921377222194,0.09698445336464585
2.750986239991053,0.14314694700072936
2.7057530024588052,0.11751761605103749
2.606471921297953,0.15546630873738032
2.6516559913026354,0.1879943573629035
2.6314043576071535,0.22972697190209038
2.626848583555664,0.23374199757098568
2.66484788243028,0.2448150238461471
2.6303774767572876,0.1843483586419629
2.721996993473349,0.18881522545266188
2.699685374974011,0.04946372572832282
2.686152372743558,0.04530402153829577
2.8186646627953356,0.09373633836152107
2.846000157085191,0.019056160893075852
2.8753106986798587,0.08413270054743076
2.7684347581790094,0.026768487377002815
2.8074329942899805,0.06584898467866378
2.6047060023875948,0.18686669080147958
2.6718806520368705,0.16778374421091394
2.7165140941019232,0.14101674117189805
2.788442734116195,0.10009055852222895
2.749052620994964,0.15371644746395566
2.75349442445449,0.1479756157817236
2.701196978639122,0.1579970446524507
2.7829039612732456,0.09821432626012755
2.679110294974744,0.0802877093345324
2.69211190371608,0.09425494421244486
2.6666335130855185,0.10817914316118407
2.677365905379983,0.08938554749818076
2.7495695499456074,0.08831957281393402
2.768330250216256,0.09753858061601262
2.7521574845622427,0.11030719527988496
2.77121744770932,0.15063450148861426
2.7228564218958806,0.197752813247697
2.721506056400553,0.14094474298372453
2.7530294186118236,0.15088047138816363
2.8277836219032677,0.14706424822179398
2.5900229263245302,0.13742482189682417
2.738623597206658,0.23552658691650016
2.654540055968782,0.22881536351130868
2.6411630003612077,0.15400778628023584
2.6758136566535122,0.19984695066156832
2.673989113816815,0.12915356984165519
2.7101529675520197,0.09448956004009709
2.8343052324782243,0.09410636425820629
2.8020929749941565,0.04025925722770718
2.835377976823466,0.053575103355754446
2.8209596741724203,0.05831288090431542
2.8578603474786486,0.03264297934048423
2.811160759841776,0.05475010482621518
2.822934910264596,0.036989617742675465
2.830808690308441,0.14014145862449104
2.7135674973954775,0.11782993146644093
2.687404105584936,0.16994513775894707
2.689004375966666,0.1342562626801288
2.7355174188805167,0.14557263121871972
2.723157638556349,0.141056782706525
2.707443170857717,0.058194950596950595
2.8185043069511733,0.07813908483415616
2.820862537829585,0.14527808412331047
2.7838445358497195,0.10553402855473501
2.7039284628503886,0.1065127094496233
2.7963851627475433,0.09230396252357084
2.7915722857860987,0.039698747171397014
2.8397964672497054,0.08659438248662281
2.7916956862706224,0.03647950246858011
2.8286222793798346,0.028567083415299704
2.7849658360390896,0.09393708847906557
2.8230465270056255,0.06864078279604847
2.792920201785641,0.13177919477298602
2.795200063738536,0.13053183918737876
2.780189669160033,0.12197136851069874
2.759683608146087,0.08553340411523824
2.6849062685637004,0.11446121876774532
2.7267732302345444,0.13584563694772553
2.7197052902525103,0.18823581353337526
2.6968917023816017,0.180119372829816
2.6766391368563553,0.14792717543264028
2.6597432101490845,0.12914206356140778
2.66268915210081,0.14164554462858492
2.6712815300901136,0.18799666710116295
2.630520983205859,0.1858258796079905
2.7991400687340513,0.09327149325672274
2.8007541164014635,0.0940163132780638
2.8100592185506597,0.14566926354159543
2.728393142415378,0.15161756078386066
2.743649000098895,0.18858564873526007
2.7356689702848946,0.0592305198804188
2.7385054518607865,0.062020673123685525
2.5977768926570692,0.21929517448602306
2.6075120715699973,0.21382653003934934
2.6197863055692627,0.21646780959324033
2.841915917937904,0.07722928552069606
2.686608630446034,0.13442233692170016
2.7232944721245773,0.17164225921546944
2.648315406786558,0.16807969865192962
2.591332955878991,0.20422132904486637
2.7021376022098296,0.1882156611811224
2.724092267056045,0.12793050828131233
2.6877999941747923,0.11966569545346518
2.689984975148571,0.11841664479491149
2.701959180155102,0.17008667033560745
2.672167546412085,0.1396559560123276
2.658547411384174,0.15723621725574727
2.691757481947422,0.19809650652980415
2.620052428136555,0.2029278041537127
2.566218548936396,0.19765664094393354
2.540771049585948,0.188240795888004
2.553838179818631,0.1825036307585862
2.5824123010787425,0.20238053030947553
2.7098244333510264,0.1616897344657132
2.7690539535993177,0.07794662367027536
2.743542465938545,0.08269755381566922
2.7484713700173367,0.09023456314431336
2.7434628847967324,0.06340706737561572
2.812229850405079,0.05247900309255378
2.7791384386732236,0.13075353102163656
2.6594771581873036,0.14357804959168163
2.6033200062670185,0.11425011174376752
2.6042727351919086,0.11330664865559613
2.799720099023367,0.1285423201618961
2.8532927489898046,0.033085729165719245
2.6944909031619884,0.14876183625880215
2.598429303431133,0.24265079706495324
2.5663738791874335,0.22288615619165852
2.599254846597483,0.2307047920807334
2.6301388483613395,0.23655315568232643
2.5759628682252775,0.23349979995960093
2.6355042426488446,0.21772018699444654
2.7139336097584588,0.10518225917250507
2.610297461715854,0.1917532030079085
2.8179127181293597,0.08082676084691671
2.7680523318779073,0.1357750620937141
2.7756800209167705,0.13057786082485476
2.8655912246974875,0.06388441996115987
2.9108730702999557,0.05622311328791374
2.8170456605974596,0.02498859409727555
2.8164868209069533,0.024187449684437725
2.848586473112893,0.0019004703825104352
2.751193627149719,0.15633953380703688
2.7020840880502526,0.1815507129242321
2.7499255135395124,0.14244145428143135
2.7789920735816067,0.0715581173189469
2.777169385401647,0.13316381040220823
2.821120942577539,0.1508062322179102
2.8394593372667454,0.10711261065122388
2.847299412576209,0.04663443691394819
2.8462983471534957,0.043157320859069544
2.7697825465183863,0.09201099867010093
2.7298024479775767,0.07473912837618633
2.7405491467891596,0.08459664928517568
2.6223601418196254,0.21946958058614205
2.7067947690500165,0.1288184754303741
2.724244624143805,0.13766078968646964
2.729609383757232,0.14397329778428847
2.746944801471268,0.10975307349196593
2.723201533846701,0.10796184941287776
2.7466088468029164,0.1296954997263957
2.746383103953152,0.11922712487224027
2.6951815763883338,0.2313514576115551
2.84132569887883,0.05848770455878668
2.745021521804248,0.11290189834576095
2.7588953014099094,0.10164897797195821
2.668148925801608,0.07317202354368792
2.669792402576626,0.2093160044421857
2.6042755881338415,0.14629953734692588
2.58110010067349,0.19230059200619015
2.633706253557595,0.2665018976487277
2.6701290455298383,0.13134216704008028
2.733263228174888,0.10272014469168225
2.7287076868410827,0.14032554113986928
2.646298196837077,0.17839338166055554
2.8103012242411807,0.03646459008983178
2.783261368973184,0.11574183961454192
2.7970361895611657,0.08366879805197584
2.778185893746988,0.10299911719800456
2.711509180622285,0.1306734926994348
2.752420797281178,0.1436846194734662
2.6085729811131375,0.2032252801306716
2.736396029958773,0.13436020852376446
2.7311365874541256,0.14934765114053267
2.687591155054813,0.14524434372859663
2.637275557181858,0.14363152662654613
2.8341257551730026,0.09273298335461662
2.8489707331745717,0.1044247356399129
2.8183727714529896,0.0367107122981673
2.7704973180245283,0.13579824772474727
2.817988392648878,0.07452016928852058
2.813170871935142,0.08009979949336322
2.8169944418679567,0.06592015126282909
2.7621956860962036,0.10239271996441299
2.7722736863373,0.13929804359376227
2.7756630672744698,0.1489094261382318
2.79722468184825,0.13683859518326633
2.776674645790672,0.13696758769089803
2.6982809009338213,0.14798529823806275
2.572302690204203,0.20400500759655835
2.6014965964019527,0.1803280829332211
2.7669808390755666,0.11797516746596956
2.6655304130027524,0.14463292895847585
2.664630229400265,0.18694400387993207
2.6368230071598373,0.19138440527083447
2.7447310349302128,0.13638905427016226
2.7337501876149157,0.11864669068276235
2.7069910343015873,0.13708603962786564
2.611561236262274,0.22125838540190548
2.6885385820042034,0.18452146794676266
2.709646814633568,0.10800602081159762
2.68710623958512,0.1714387671509007
2.5949588437360953,0.19651015555389897
2.645925194341308,0.2840389274098584
2.686047053202197,0.16803476957029254
2.6713537853311937,0.14127694124484377
2.627817078516086,0.19329493416495017
2.652931749731373,0.19103476049174078
2.7427601446265775,0.08642323947482473
2.804688944017746,0.061989411156760224
2.7989520823382956,0.1372528362543715
2.7910815454570512,0.15398948438853607
2.695957449581994,0.17106271596190095
2.662849677050254,0.10443603023801516
2.788396821824499,0.1507150616235953
2.6922487367177887,0.18918248922340059
2.7134252536706316,0.19207448561290813
2.641469090321736,0.15551268720499814
2.7250011770779143,0.1275219927546191
2.7775434902917633,0.12748857064147318
2.85904072341538,0.14634814950278985
2.8760114124825975,0.1594603873795527
2.8783613764525664,0.14986477398167178
2.817979129889111,0.16369364115466467
2.7892303405111964,0.11152107663111313
2.650504872437379,0.12050820508614589
2.6536098834686603,0.11785893068891119
2.6487436396121185,0.12726909632535482
2.644520648530277,0.19705706431743306
2.6086939329292167,0.16921755514504608
2.7144634826958627,0.173446974955489
2.7033413041277377,0.16385123036973678
2.705212095966129,0.09568906360865005
2.719220877062786,0.06582680934999474
2.737291912286459,0.037381432021020615
2.752902825496487,0.1887779687818667
2.7651707841724567,0.14045612312350464
2.765293459017405,0.14445806833849292
2.805415323403093,0.12805603756369627
2.8252852534116295,0.15577994663453412
2.8298318348829126,0.15766787553622064
2.820569913699452,0.162737336008411
2.6305419175809344,0.2080365036263699
2.635398274447418,0.1770426874302848
2.681712309565984,0.20069330105287983
2.702086920820102,0.1606832488008535
2.716758112677742,0.17009861514448657
2.7398763329056455,0.13015189821321782
2.868976763328709,0.05702209393554254
2.8647677804271576,0.07047424664903951
2.828503083159565,0.0934259180225119
2.8178668442956436,0.09677077598739152
2.7472424489827927,0.1275324701119418
2.7402983657705833,0.10269717275793337
2.760276887968095,0.06803621211637237
2.8029121277231748,0.12067063173152788
2.7205137493438305,0.12334092405538849
2.7549556125027745,0.15687401107106372
2.6530654784751646,0.16508038230606786
2.765380192308615,0.19542409664318872
2.765267736438236,0.19737534663510697
2.717127183138447,0.06627706793284714
2.815556952400222,0.17571115333635182
2.8323017788282674,0.023545746968772388
2.7183674050707998,0.16771902927927962
2.702101018996598,0.17797898992647787
2.6538034196323337,0.13962866337391852
2.75445890936406,0.1937407840090983
2.6782311378646178,0.18700732140978862
2.765341614562684,0.07003592954873977
2.8078259172859594,0.09084719729712598
2.8415783782529553,0.10692592281309907
2.832168925260965,0.11392982002600531
2.635538087321924,0.12746103553267912
2.600741765904527,0.13542121930523252
2.608577122063363,0.14302785917803118
2.611707641351907,0.07662469481267055
2.632556599565268,0.07244772576854794
2.7687339787370706,0.19968158177389644
2.7299168949339148,0.12995911251658684
2.7102454297761494,0.1210957666738778
2.745300503449772,0.0831092724841465
2.7768112343711073,0.0689151280662902
2.7056703882422943,0.07510838680218852
2.6672013726822623,0.1368375658354241
2.6520058001424682,0.22581479754273534
2.6208280125863146,0.22217191757153074
2.5605093829596135,0.2667236124985189
2.5552163616337094,0.25414933664537304
2.7993507612143067,0.0498765336163081
2.793321154340366,0.10445918351693986
2.7967768688112904,0.1333013070896473
2.6331077984369364,0.1131353133685391
2.71730405031135,0.14660929353417923
2.7169519212119417,0.14580422716987265
2.7231160685193263,0.15353422679516462
2.7603112972843835,0.11178920553105934
2.8325074875250573,0.07746989549796707
2.778675608956611,0.11089868324621258
2.7599855980132326,0.11776598435274821
2.745362750222092,0.1337262470352368
2.771490710237808,0.13731874675841851
2.6505034494150173,0.12657485222302958
2.6604147089265315,0.13634964571488747
2.716533321431208,0.11491677959738787
2.7327023334768072,0.12997985885484992
2.7150471991926843,0.1677447596470006
2.7153589096245785,0.16887465658090559
2.6920618030736976,0.11264812928678242
2.797301792913191,0.10369555482988503
2.733532015429146,0.17024441374462587
2.7642064606181855,0.15222176492968825
2.7308645973249304,0.10550818144466295
2.7293564364962877,0.09911257139554434
2.7868669908128907,0.0847208294234413
2.7626000176292136,0.091906816538883
2.694858943511581,0.16892757967851452
2.6415324183413187,0.1475115659156807
2.7840764463221688,0.128038162151161
2.7780866500992856,0.16878916514060036
2.78984166006,0.0199745105442939
2.77081962292621,0.01608507344937738
2.7388908264503633,0.2318333544558289
2.694096489022435,0.2442295488402592
2.578766384352299,0.25570739080790955
2.6644403464683943,0.2430721509747864
2.737430641064469,0.2337129406687143
2.620656349474421,0.20979375524575133
2.7379225563687735,0.2091459138932539
2.6609564335914513,0.14922360389273542
2.6557781343771647,0.13057283468727685
2.6533988379854976,0.13066766491997367
2.799011045449576,0.12066203708843343
2.8312570761920948,0.016483392250527525
2.8124107588103144,0.07154680711995656
2.7616727067007836,0.17663735631907707
2.7308614755920044,0.12140965711008696
2.801987302424727,0.15992816313994224
2.774288785642632,0.15355907659388188
2.7129768643762007,0.18600466017348302
2.7255206571345427,0.1758566998063879
2.71171925136593,0.14601981025749494
2.736101615256141,0.1624713315733242
2.728288933265842,0.0723644634336649
2.6264856361491593,0.22267105686424266
2.8466533768899938,0.08208115803294255
2.6569478429163427,0.22878573895574195
2.5700786257546384,0.22619901051929672
2.6905065434060167,0.11343060939289966
2.709009506791181,0.15418818995607608
2.7283673307346854,0.15355072686887766
2.737100697719208,0.08604551409660016
2.7251243830138487,0.1573570268124027
2.8429298996319723,0.10709886870864993
2.7270859718102662,0.10498590703529484
2.7038649895054188,0.0854325691932217
2.7408083436340736,0.09410866808044874
2.740830468348987,0.08216952002914985
2.732093610387014,0.16067649644611184
2.7260929191947807,0.15285457881706233
2.708551293645246,0.09329867442735218
2.761804689582085,0.08539613474085504
2.6787268595554288,0.1663538901584033
2.688578200659225,0.1062048168522268
2.689966506448243,0.11454737238171571
2.741921926377397,0.15402676481761543
2.6823785658964967,0.15091838915520425
2.6513674663690656,0.20717581820267764
2.8159713863989606,0.06960947811241804
2.8684631972426655,0.06378152902115931
2.8390331426267026,0.09300858250382844
2.8267780836862415,0.10158021112782305
2.8165319593479974,0.08081424994849248
2.770629987564868,0.16906638994597614
2.7920188106598824,0.18417504666457918
2.626131884713977,0.18919485137869585
2.6718924265562904,0.19812513763123055
2.7997311304447385,0.1319975660579193
2.77870671349036,0.129064061921486
2.710262717008158,0.20360022632040717
2.707032305344914,0.2065954816963225
2.7036492124176417,0.19701428642890445
2.67229863716695,0.22242278670168106
2.7040890364723635,0.09128772947673625
2.753871358407556,0.12399546814829188
2.71335608660504,0.11583830961934675
2.714016362947784,0.11454137344485232
2.8263308922189374,0.07401841109749677
2.7630485964368816,0.17463548199871834
2.78017234749554,0.09368596193238422
2.815998848820753,0.06480660499406238
2.7864719842288914,0.055839374546310314
2.660188701703903,0.20293575525396637
2.779753666614368,0.06976282095053637
2.798355663941425,0.1130727489589288
2.8172837056920756,0.12198035678064756
2.809838505033766,0.09295343517877287
2.7287131851709616,0.150878817306215
2.6960002631521665,0.13622755334647452
2.6693016267946508,0.17429284878086607
2.611028984833684,0.14676435326593396
2.7879921623688353,0.1153580533272891
2.769471037888487,0.06688758350173962
2.909748255384948,0.04273544768326901
2.9203335102668424,0.05383319374009105
2.913609672914092,0.05105060987115958
2.8046883107931886,0.02616712712674411
2.802566547663325,0.02409615457219947
2.844818012589701,0.08334620632911723
2.8313276493913078,0.08359486502530634
2.755891921282325,0.11130028303179398
2.6098716492263154,0.15938096491406134
2.638695113210472,0.2010784254511505
2.685183181207854,0.1573689501386517
2.654714735848857,0.12525289237497772
2.6053580026445213,0.14420520134972326
2.642194478185303,0.1342764737892312
2.7963272971151447,0.0814614339315108
2.78220478066812,0.11414348494134793
2.759191571206332,0.08656852979065376
2.7242702216090464,0.1255369813256551
2.6456982181311894,0.19186973325050746
2.5748666254647885,0.15524247130838553
2.7989880529165236,0.15846468500916874
2.79568107226903,0.15852689874910794
2.713303320041193,0.1929635789585064
2.6240115064190577,0.1289854610213011
2.643558215956057,0.20328996324353618
2.6918486963891777,0.11274223325202595
2.7181719749293505,0.16953444290925412
2.6903452289079737,0.18301613009696388
2.7439379992123927,0.1739959251453065
2.7415050084744195,0.1874176102222595
2.7408572185294897,0.18613687524770967
2.7429982914541426,0.18943725825717556
2.742210501782748,0.1907989544136688
2.7443863734479192,0.20011012750893323
2.610614951134113,0.1539631869542137
2.709983751576427,0.1434229010305461
2.740984582093254,0.09577753998012917
2.748001609666876,0.11053024413064776
2.7450657614896854,0.1134256079781772
2.691852223319138,0.1361320981227144
2.6929210518545856,0.1656037393995589
2.732095187382303,0.09772086679109135
2.790563249801284,0.1050327811110525
2.78990427593447,0.10532217684116905
2.749212175279094,0.06659683780588735
2.848786255087072,0.12476587504274898
2.7335109201558003,0.12129652986364357
2.6754934290541845,0.18601499351569184
2.708038223806583,0.14492631342373086
2.6259138056638873,0.24321183206303912
2.6091135286523417,0.23197232015434063
2.6169323295314735,0.23469270033799533
2.710892195053623,0.10974867282625321
2.6612911329702156,0.135256216743477
2.657121449479448,0.13029347994660603
2.672291930094591,0.15449571086118355
2.6614827678346247,0.12624189021817475
2.7064779542058566,0.19843338388897994
2.764605369974529,0.19355537484915644
2.588846178810886,0.11960895247082204
2.5680233977451703,0.11528933455303389
2.5813175190527655,0.12187230980611338
2.63307165504274,0.11038877087819515
2.658298677820568,0.13677780282678237
2.663333372383046,0.13543836446136406
2.6976270209050273,0.19136677450416395
2.734593581795259,0.10182081841972147
2.7662061798843096,0.10888987563393165
2.6901621872340424,0.14752367398718053
2.6780562653999924,0.11930390672510115
2.6697866279514195,0.10984418230695649
2.746553216529682,0.09300655949052751
2.768530040299995,0.12357564316722626
2.6953722397953843,0.13128112661129945
2.6491492590272734,0.12386841098986312
2.6850948229053913,0.1702867866418275
2.656892968225641,0.11344397029115937
2.650947493508215,0.15275821810717657
2.683199651706184,0.1787388325575417
2.718204350745505,0.11114689980200294
2.7379069666214537,0.11631296371716397
2.6247585536609783,0.1231412999183604
2.6983897042592977,0.13419236933124518
2.669755394287145,0.1983570401375332
2.6878227815469464,0.13131606518708927
2.739254344284051,0.13348252634990404
2.7538317695982744,0.14677764045207073
2.639082384151588,0.10466084469028596
2.6704924417165623,0.10400174673315704
2.655944706938446,0.16351710810662098
2.691231077546785,0.17270321034234423
2.7127481391423394,0.15212150172311195
2.709871888112945,0.1642761475503579
2.6548580193522158,0.17909154768380425
2.6595035018653945,0.16369059613727868
2.600632386472416,0.25672553440721024
2.6829966710687145,0.27207247799107176
2.6458168103913207,0.21067695141774226
2.6512938802309005,0.2024097759993007
2.637754531517757,0.1542828494958088
2.6946332466991816,0.14805033675178494
2.664275150667451,0.10106973374896105
2.736192382248487,0.10703707740070056
2.675538349779324,0.16851686236203028
2.7126284391527946,0.192934181057396
2.6761267298619167,0.1023249543941065
2.813442059153241,0.11371230556512925
2.7341783547398113,0.10919884974206703
2.7646881054065755,0.12991946470442842
2.7802857522579965,0.04145966303893695
2.785190586187741,0.05143685826332484
2.857590364950269,0.0711609806860768
2.854536995114963,0.06936953146273213
2.8576607644786485,0.10467100333616995
2.808284727744256,0.13551173261314842
2.7519090019324084,0.048318437796726094
2.7762752337879335,0.1717822407326542
2.700105222654278,0.17416642746677802
2.7244109922313093,0.1956580032980879
2.697048237026358,0.10819756779787373
2.6893689851583567,0.16801854504090596
2.6263161736369427,0.14456476929547268
2.6481506117035836,0.1316668159251088
2.8195216660720877,0.05383591048083007
2.7887616456076327,0.03919490927196227
2.7883808971330746,0.06281368405274843
2.791220139111275,0.0494439910107663
2.8309009934315172,0.08706755282916188
2.814000113292149,0.08882974844252949
2.7398942944691282,0.10320487271024754
2.7302461195901992,0.0884160405765956
2.651083669044595,0.21749498283751276
2.705530358748485,0.1745592917652997
2.6805517197904822,0.13887496217650402
2.7764233152818893,0.10714384602642699
2.733648128176738,0.1591203423697039
2.7480500376881016,0.06076586861346686
2.5611237201005808,0.2399016389405052
2.888230803183506,0.059025787732576114
2.7881276714178576,0.0923124089389799
2.766844127089196,0.08076978826493549
2.7695755790682424,0.08471711847766976
2.751660147122118,0.09941277118981967
2.806346137410858,0.07517214984797364
2.779108725252479,0.10580016137921322
2.7418476394395914,0.10866610868298743
2.7456505374800138,0.0653049095710913
2.7043503777487343,0.16510854943907663
2.7069397049443737,0.16653565600682677
2.706744360616687,0.11523802080778285
2.713923849369857,0.11407170522728642
2.786197216340302,0.09352636460048001
2.781633146596832,0.07860912065253965
2.6831524276720944,0.1594989204042789
2.7074306108366466,0.13274552959223035
2.70027003997467,0.09325249234305909
2.672386035326008,0.17064715257407395
2.659888761388475,0.13606881691139205
2.671339626809428,0.15781020372928142
2.737795375500773,0.19651626627295993
2.6874831499599696,0.21690772028395328
2.7198235317550163,0.15523075376303713
2.684995767095506,0.1407707648692394
2.7011513425343416,0.1276229815466577
2.6693719580146915,0.10719915007169731
2.5718319482316416,0.16903292408102383
2.7279855900088776,0.19484103095977445
2.7387114286109555,0.13007462289929042
2.7128323096039475,0.11992353146654944
2.757107446835431,0.12623429179265014
2.7279828376582094,0.15516600323129048
2.7276534708708615,0.13870250731271372
2.771125802880089,0.1582260975566588
2.749706047533568,0.15661957522540185
2.674471549115343,0.12804830357052033
2.636458240404637,0.1781357284353728
2.709807075517536,0.11759640036759862
2.7860013953976805,0.14508288391119906
2.7960144539920977,0.1224547658972529
2.7163649579860167,0.12223727716006393
2.6674137750584164,0.12554613159071945
2.620580590499683,0.1399654957779537
2.7204004699380935,0.12559298029188334
2.7807136536238746,0.09350163616890862
2.734956525224003,0.0670088635524963
2.741422891080186,0.172410452583592
2.7445072235259302,0.17936961835884135
2.736453497423169,0.17255684015202039
2.7117290726699466,0.1938550315269228
2.7608442138866525,0.14114516804059865
2.7561875137458696,0.13829400064864153
2.774688480601196,0.112488757220439
2.68724550576833,0.14000393366807476
2.7251880006232114,0.11990430240206064
2.739681128275816,0.11071899414079969
2.835370095567443,0.0733898568157652
2.7131828670487317,0.14096136138572557
2.8305090684812946,0.06573961988013584
2.8324704690540687,0.023747030630685458
2.8474096839436642,0.004343089483324701
2.924038416358249,0.021329454685050715
2.7677267801380085,0.08310927582813644
2.694978649523372,0.0942874341904058
2.693737145939066,0.09456438881254048
2.6977309351375127,0.14044833885837021
2.685843249810581,0.17076300167299316
2.7138721793086393,0.18256873910976537
2.761906630707047,0.1910832519235178
2.6913653317830537,0.06967942767586018
2.6894107605595168,0.06451870649385993
2.727466834421047,0.11442324444882913
2.754025728719656,0.16922477980684533
2.749973590098147,0.18145695905621623
2.640796744612725,0.12357867462731531
2.731303550945335,0.0706084515455419
2.731052537399686,0.08405705993385619
2.661205723102807,0.11951248365501638
2.7094235725212337,0.18058762580907545
2.7078489074151313,0.19759385906005936
2.7598775096572052,0.17367181795284156
2.554401886734582,0.18121429664787345
2.7127326371403737,0.21095099144915969
2.7129958557847997,0.2123387297994129
2.821093353061155,0.18685621883994802
2.813647744287959,0.14726807712271073
2.7627347591733646,0.1301018451039612
2.7522472499291144,0.13004949230930893
2.8113135021795155,0.09113985750629255
2.825280989751664,0.09576980529168067
2.6512480605625215,0.16462534784563687
2.637212218710236,0.2067521032472531
2.6716409664679657,0.13999645859402415
2.6944270614111123,0.20490632952710125
2.6805978390969893,0.23188329132770769
2.6040560542489697,0.2370329088014775
2.6235068853372887,0.17614086133165963
2.6455872103152913,0.17246316096594608
2.6928905826382667,0.10995423393634655
2.84171042690532,0.07494309884343439
2.816162289349133,0.04393195488590483
2.843138947034597,0.09063194274208569
2.6653989306031787,0.12196876804093229
2.7453988077741576,0.14043379391071156
2.701552305500796,0.12113355661322384
2.6937289197115013,0.14122651977181017
2.6836414746877004,0.13074368472558281
2.684184047825877,0.11904719706124514
2.7550164971058217,0.15181780696721758
2.7500847949878584,0.11131743570448097
2.7637285075673366,0.15463103541182313
2.6846291033081386,0.13779680780522663
2.6616174338742864,0.17765091790793197
2.6986680208126783,0.19282785015136947
2.722015975488085,0.1277723612747155
2.6479619396916343,0.13847911379269373
2.653220963244954,0.2380909212769221
2.653213494999602,0.11998346593186547
2.666325037604754,0.13831218706668544
2.7486889563680292,0.1579596998855484
2.7128485170884753,0.07848097134195912
2.738030101720041,0.15035265504358644
2.6738415367565125,0.10789986520687025
2.7072268662492145,0.18094480069752847
2.7445579229568424,0.1745617659496146
2.624584482420857,0.09445983740777708
2.7558109881489803,0.2295015589306687
2.7388987655704895,0.2129260783190339
2.7061760202100413,0.18721958165006974
2.656078371205733,0.1341893059727544
2.75068193029452,0.10583182984565928
2.857550064330241,0.034930900644099296
2.6499721823102016,0.18830326687879353
2.7096728491280797,0.21018474688119393
2.7198256886854293,0.10973022473322029
2.7202781994408523,0.1080381766358457
2.7682067777419017,0.10842077271033275
2.749423517715218,0.08067477989426766
2.692224427205684,0.10998249079952847
2.7489826416128884,0.07554355583071481
2.6712240501152045,0.13621633783397974
2.706881331028196,0.1559544982237848
2.6417611652715642,0.16844822228024323
2.6114281581782235,0.1627540789685829
2.600148664557396,0.167108351084525
2.7395833544464434,0.060485751378766425
2.6930979187712603,0.09380767010197377
2.6892648246338005,0.09325096717139911
2.852002780754883,0.09359593750606937
2.843619174374332,0.09196687128760067
2.7821047431338504,0.11988609123298927
2.7445359108622185,0.081215010889792
2.681226536063962,0.07087376241757908
2.685624616129285,0.12007328579289377
2.65612416909441,0.11419411402265864
2.6770724353371786,0.15116043583649236
2.626592721289283,0.16051431643981734
2.735731583040407,0.13848151510559217
2.779922300966209,0.04014426528734161
2.804876793159632,0.0727243711559192
2.796457545187009,0.05947954808037569
2.78940466743444,0.043334563296529224
2.758173760798631,0.04859212776264367
2.6799932901374763,0.18296470285957292
2.778956475534694,0.20298523239535576
2.7103358278975875,0.035815288084168555
2.735108880686169,0.03570735815555956
2.7832805815466872,0.1637743130916744
2.699261295868904,0.0698115661153341
2.6717799667513957,0.14380951336103848
2.731774637156555,0.09636714936002261
2.6349148401289173,0.0914169802518002
2.753463177280903,0.05299744968202213
2.772117458764768,0.06034194821217179
2.810519835925359,0.14487845984155184
2.8165040561274783,0.13956260887915925
2.793559603919375,0.15433693359761755
2.685343664568304,0.14818598561752602
2.6507701614281336,0.1938939864267537
2.7026857697362505,0.07160759495817799
2.734454037678868,0.11549568409978439
2.74667338044735,0.09463826237664784
2.7834691062242607,0.09714566915915156
2.7568042936736568,0.128799649123079
2.7394658527030704,0.09180832055029421
2.8366306694850305,0.08313155186562482
2.8436220959239242,0.0754545238615474
2.8418438982605254,0.09940700369438632
2.654011256028925,0.13590061765283254
2.66441447987778,0.14347837715076356
2.660625209952306,0.14549852689712406
2.723754161927346,0.1593724945359782
2.646635713770192,0.1600773340721588
2.5770735407991863,0.191993551572765
2.6276546901376268,0.18508749415148007
2.7582250970703397,0.10971528296050398
2.8211189738361306,0.040202946452508034
2.842124754640157,0.023449745722092918
2.854047503127716,0.018601501420324365
2.711751422533399,0.1569262953373648
2.62958023817559,0.2610163690960133
2.8291883140170615,-2.540773619214769e-05
2.8116838023286146,0.026083212477536977
2.6814803213140066,0.18504571320807567
2.705386900326141,0.11051987068524236
2.6415745116527,0.15596400601720403
2.677901010295147,0.18657056911076147
2.619728821077463,0.18100934508180894
2.621185725603124,0.18543838910164873
2.709621164335306,0.16655695860615552
2.626517187677335,0.1973458946354698
2.5774336379716547,0.18301282224526663
2.619052248351428,0.15817068116965802
2.594538220342064,0.20517684239620587
2.6074008900082863,0.11992822034709057
2.7152216845548525,0.2471086562077552
2.726603875333842,0.19655365737722127
2.647300648026545,0.16818800859649174
2.70256122457301,0.18557979314231468
2.7025162078082197,0.1850396239002481
2.701705551369865,0.10956839206989469
2.652793014426222,0.08712458006716375
2.718038638902952,0.11582927394120426
2.7151483634948415,0.10227113286021496
2.7561315450884085,0.11113287267653303
2.7372222145639014,0.06662477092336928
2.779562778905592,0.03681550795235292
2.7819863062610795,0.03580968486695081
2.7783621884475314,0.025087324622777175
2.760230649278417,0.058632002615524766
2.8105171816688688,0.04633575908740962
2.7915187807033637,0.10282462126913167
2.8333557064581494,0.10113817229915605
2.6203146285196017,0.1378135650865745
2.616383469145282,0.21546778557351767
2.6207706700256606,0.1867609026115168
2.74581009888581,0.15019477556578806
2.709443656706875,0.10921461780128955
2.738524841286372,0.1446420112043036
2.757402812788554,0.13941131835020273
2.7337479165492726,0.15233603841392176
2.7424214883877074,0.1179529669457136
2.723549204676077,0.1256746213553834
2.7579664577492125,0.1028097351528481
2.74850328444663,0.09614703782906286
2.7127698588324236,0.12790539139791826
2.727629710386672,0.1285734610168108
2.7620662140941263,0.07407734539865335
2.797480145398801,0.06850584316663948
2.7367060729693238,0.12613146715741938
2.7900205598303236,0.10305884587250029
2.790815687655316,0.07656930758010737
2.80646745103071,0.07825129479589878
2.771414258304144,0.07388903702226163
2.6902358509124524,0.17293943957880237
2.6141736004905383,0.15210493355839289
2.728607321591108,0.07544885330813955
2.7510488941539295,0.10305377434635145
2.6756148339620465,0.15283516475786788
2.752950256559166,0.14103572714673243
2.660842703148494,0.16426285044825742
2.677813486601042,0.15147991796529384
2.791599501459853,0.11436807170582745
2.793954141385787,0.07635840869420416
2.7858904341664594,0.07612828490159015
2.696657191313304,0.14096053951121063
2.6737883250999905,0.18362494646328942
2.678682561645767,0.07416146713219429
2.741301442149954,0.09748858605786817
2.734829545925539,0.10686225037839249
2.671746956642035,0.13831151208454304
2.6514902750694875,0.17078102237439985
2.675409532974919,0.1617270096454508
2.7315142229882943,0.09280629915854455
2.7131587081957758,0.08193733389419493
2.6890052331774843,0.08529863231938586
2.6935751667834498,0.07865727131602633
2.7667250151020673,0.1713671110508538
2.7686917108087084,0.17298648732493205
2.5566505568749003,0.2087694000357381
2.5636733553178246,0.21279627230220613
2.6530736128189365,0.17734046881987253
2.6398038016006145,0.13230596251733698
2.7136263078176173,0.20142882480952004
2.625664836900924,0.18707298660888969
2.582446746437117,0.16758239895532728
2.661604872651955,0.1664792777200608
2.6921877061629966,0.16957714451512992
2.611366555610409,0.14792917160286878
2.6104708760549094,0.21250540494042147
2.611448487261256,0.2124837917105342
2.6940288716968763,0.15242738782640763
2.8093397767423953,0.054476592016148156
2.7237176602104145,0.1343808885793233
2.7776992840952843,0.11857418001006412
2.6217163221038278,0.16756692683855318
2.6519939899645717,0.0935078183002873
2.8319346715913847,0.053563599290916204
2.6387423364728826,0.18799682347636432
2.620626914213911,0.21837187199475355
2.658151050943942,0.19531331859816592
2.6371267659482682,0.1402287753992807
2.7256142674723427,0.18653261103137056
2.7235221048319724,0.18276459473465925
2.771012144159454,0.10463800439770182
2.65156357122931,0.16701450948955085
2.7386867674934434,0.1813970499792731
2.7921213761717842,0.1222985802718059
2.775720306703664,0.058801918178418774
2.70626600490906,0.21621668528067947
2.5863546953928696,0.1903288715965283
2.664070375154782,0.14368687223346566
2.815540177152974,0.08572582599669454
2.6411207390796085,0.15618791212520167
2.718830586507293,0.11281091070448988
2.685912128896571,0.1069406923634927
2.665156729822633,0.13281628509943427
2.748964913057033,0.0976135582309268
2.7344998393677797,0.12192462215192323
2.585311155419672,0.2623283178826409
2.5654169933639137,0.22667035237234856
2.568776598855675,0.2584411089188714
2.641241837922606,0.21561195885973408
2.7385145439059664,0.11046674549745518
2.9045145850518166,0.017832091921116306
2.749160424625505,0.03394780884442486
2.8901898622009288,0.07853154584550187
2.891369857653197,0.10244960108659776
2.6663516364821604,0.10567668085755345
2.683248534504026,0.07554306297709158
2.8029929817322157,0.0866699070821817
2.7741996260192763,0.07459448013637168
2.831339319927391,0.06995676262360462
2.8296113606870574,0.06818073004063781
2.7054940614337766,0.0818476307282621
2.7139572320534757,0.1297945845215242
2.7859070805075614,0.11075066918231852
2.7737735557729075,0.07557735392812999
2.7998458665298593,0.09173867510644067
2.724775010961914,0.07063899323027756
2.7449492569470344,0.1514242602758783
2.700710527124366,0.16984705807194617
2.673544301637831,0.10962585267989267
2.7015658842091455,0.03144698506158612
2.866446438722123,0.1470575825721003
2.7786268938811047,0.040646288094219156
2.785003407209473,0.0904275849444319
2.7450835858088802,0.0997029242262109
2.795879955518518,0.09568678751254696
2.6866285696447414,0.11646532445737806
2.683363246537656,0.1769319954917598
2.7679370572226585,0.07692354031708211
2.706268592739407,0.16012767279399387
2.671383277959127,0.16950808658309396
2.684429109462665,0.18998703472806028
2.6743304328680955,0.15127203766078381
2.692238735976456,0.19485060645719518
2.721160235390659,0.09299544019622172
2.7631167900168534,0.12666921029965142
2.617228398646051,0.1433442939837421
2.9038971869428916,0.05834162648147075
2.5765928368199864,0.18562917423532
2.638620038550743,0.15022516532095057
2.7290989602947007,0.1387907781112998
2.748960937470543,0.1847232969273627
2.7329630289858122,0.13677243756242538
2.7300411302395786,0.05846800899895894
2.7003170096016693,0.10139450158033163
2.550338417137459,0.3519732982871877
2.5720439263112103,0.3623546614759281
2.5010149623197053,0.2001311034174303
2.605315593866211,0.22499600600805053
2.6671106054789298,0.1883728211717309
2.692232580638415,0.14911706040365671
2.7115735433719443,0.11299053258387956
2.697871755082911,0.1496872076738661
2.6822696717896903,0.10764159371876232
2.644262722905852,0.14297328552112037
2.7577878186994393,0.13126444027161918
2.7579095415996213,0.14080082401224847
2.7794736930637542,0.14171243467575195
2.7631344384282737,0.1104364871058287
2.706518688938592,0.10624009589144832
2.700420267983408,0.1048506479635944
2.7444937428634275,0.14360932881432206
2.609365252774742,0.19858902437970705
2.631349171219848,0.18071847525833457
2.751234928410902,0.1437216706522731
2.703791824906732,0.17591818615053778
2.6882417136291044,0.10817009957855601
2.7756301941902786,0.12540942095017055
2.7243731173161105,0.10052389590409926
2.699471988347631,0.08475909462471355
2.7517103962216134,0.1057617740996109
2.737848622906005,0.11349412943455611
2.785536101126081,0.10516907697699616
2.666021993174585,0.1509713936848402
2.729699161264784,0.23479519666648596
2.7134865867885165,0.21784568148791186
2.796383502264464,0.1707255920150592
2.7136824775519535,0.10633036275671333
2.7409642492858928,0.12060571733746189
2.742038353244342,0.10388488735538517
2.567296605743273,0.23584624151994768
2.563715799037186,0.2535862661395277
2.8565662789231183,0.03338845822034982
2.7696302694538906,0.05738063442831659
2.791273893344329,0.09284420496025814
2.774674145083456,0.13304391193147339
2.772626460190633,0.06371958533167388
2.7978792551979774,0.0968737078161542
2.7280616589133544,0.12459635805165277
2.694058389722956,0.15228242851894366
2.6540319900154166,0.10295212461574542
2.7262599545015576,0.2252706906671733
2.5653817458449493,0.1905619481576392
2.6192779826157455,0.18031107719409867
2.6769067878179698,0.21783584149443938
2.6772551915273657,0.21715906348812403
2.694812321495385,0.23635546948352554
2.763410908933685,0.2367975432730709
2.6570410578034993,0.2459662937086739
2.682642306094189,0.23513851550395842
2.767161449705592,0.03759892339929756
2.8693536450528243,0.09564508521950447
2.7621189637544243,0.03938151638295057
2.8209443881315077,0.05020048409802653
2.7290242481491562,0.09433910576733581
2.856036331707564,0.15139592068116478
2.836435215683181,0.10518399435143494
2.829561250853486,0.10597826312707635
2.776341555867299,0.1300332899874677
2.7528983462615995,0.09953651348821191
2.9307726324118857,0.040972523776073556
2.8599520494502317,0.10869954272933546
2.621228704957643,0.1267280623603122
2.558540383116771,0.11450615880141232
2.630189144785962,0.17426519270985474
2.7610826441154512,0.12917401946677837
2.602480040021742,0.1961365525015728
2.81944680818675,0.09860010635654394
2.7487774708070445,0.11054108644375538
2.746618152716455,0.15135123402597397
2.768744852864144,0.18071179940970716
2.8164935132680093,0.09089991713073116
2.816067006654348,0.09451670131451524
2.5830388602352117,0.17576617900729996
2.544586168584896,0.1425550735406965
2.8209688424360406,0.1330641058823332
2.797934512133288,0.1747965041446657
2.7502231642421657,0.1447399637069857
2.8003678695868666,0.11411443172984163
2.7696571822469847,0.17038438978353626
2.7110214516855975,0.07615766550075813
2.6539814646565283,0.2531968089558702
2.644960051000935,0.22501467074627876
2.6535604532045745,0.21897679711751247
2.6713408511277255,0.13864595896327683
2.835964760155523,0.06508780363445547
2.7610958721618832,0.08425684753987213
2.8171722616179067,0.15276080388658875
2.766148883486625,0.1477316659865499
2.73006666213519,0.14285044439837746
2.709621215739818,0.14820745442679834
2.6792391698148355,0.1565760547099767
2.7152573717465356,0.15760227174709615
2.7385279476916433,0.1823155231840336
2.6806032097100885,0.12153328784170239
2.786737718544215,0.1175249662696296
2.8019286825792835,0.14465547161469458
2.7810813730972628,0.14932375339014106
2.6640831790078137,0.1324262643793718
2.674949488524189,0.13993807236345232
2.7876162956810866,0.10868224414807948
2.795178293782577,0.1272787276275554
2.7656813946812426,0.10939191171807124
2.7605086027954306,0.12149163347735106
2.759252525673102,0.11908953102766102
2.547101356203679,0.24471152575132582
2.729736640394111,0.22461477052702764
2.536001234548439,0.18763615905962955
2.746179145385087,0.16940699599616596
2.655974827824827,0.11659573843179853
2.6939624621835834,0.1385124037199197
2.706967312600565,0.15303218457635862
2.6449990881474004,0.17663992051185937
2.6657456980479663,0.18826557545922182
2.7278633703733455,0.13659400224921128
2.7339494679991674,0.1545325277532621
2.6194323343957073,0.1864318416483604
2.772696152965054,0.10807698796873237
2.7906220798461456,0.059885456678606966
2.638241073582258,0.2509985297041559
2.7041879960544475,0.09849884434887046
2.7245507109593627,0.10251473758561391
2.702692445261424,0.18175290275515138
2.7668407901953675,0.1189484049991192
2.7281724398005016,0.15411005116897664
2.6815654821220885,0.16795690209950737
2.5447083482964423,0.17333151394304638
2.624142372492,0.1929768244146171
2.694053993893721,0.14966291130045697
2.754121630853864,0.10405621984029838
2.699795606215236,0.12939097195274105
2.6692568695077723,0.1714331748259994
2.7431225978687266,0.07038860092583352
2.751836887903173,0.06912981402180887
2.7044076621623905,0.1703586140065316
2.6641465732380505,0.15731044252850518
2.7740060702596216,0.16614946056276378
2.6989778147361236,0.12189212648192482
2.7848426418541634,0.15887911558674958
2.743661244995912,0.15844717143144144
2.6924861506511015,0.14311517610997884
2.7588404164363936,0.11044525884105183
2.8517762383804,0.06916833588382117
2.8329568960898306,0.05292204532060501
2.7632971132862902,0.15363204658919807
2.764378957637061,0.15348730032335678
2.7619292101051927,0.0978675976424214
2.8050675925596296,0.07037522262014752
2.8031820354270076,0.08928245919160413
2.7368266573182676,0.1182010834404592
2.7078863249294804,0.10152913586861637
2.7264050181448316,0.1572752412678812
2.6180217771250587,0.13570722425550913
2.652286682347246,0.13343880917860085
2.7287978075980814,0.09197271620695475
2.6792439816119793,0.11365462331056334
2.6542081839288394,0.1759524758377458
2.7216217108688943,0.12496166082595146
2.7216217108688943,0.12496166082595146
2.736158372984072,0.12961252952622554
2.685130401691976,0.1441047827069567
2.688729833894187,0.09281314005389528
2.7191122361938143,0.1640012652903437
2.682228669320302,0.126687455116988
2.7124675485043857,0.1698225441676807
2.7103489831998724,0.1690962835918308
2.750176297900544,0.1507884846432447
2.730725546689699,0.15578066984142117
2.7071018554778434,0.0895939789993514
2.770444436757371,0.11611679915978707
2.676546225030985,0.13664485155061998
2.658404874449118,0.1570509162429533
2.771540285413357,0.11635436778855007
2.648755428491187,0.15308959195247598
2.8501565719518207,0.0739491589232284
2.845909711572651,0.07754456753701872
2.8690775231801586,0.1005274137682108
2.803584016101462,0.11514454400811112
2.80700433837099,0.11726652865940942
2.8038087126080233,0.13604493919619512
2.7456062430596715,0.1423301458427934
2.7840561127015735,0.09349115772815317
2.76156508535555,0.09393452156024931
2.731104604284623,0.07496624226356458
2.6732722796124344,0.11056161102038836
2.6985028979896923,0.18424138552066338
2.7473586612212912,0.1301677026473484
2.801614422771787,0.09517593327288666
2.715632119348004,0.10766253419524054
2.726656844837737,0.11585044230821621
2.8048343205515085,0.08261861705142447
2.643362997145134,0.19569430320639442
2.713074490839932,0.13947101359226202
2.776533574604289,0.08566081225976178
2.810720145937211,0.07076644117066115
2.745113492572555,0.10261199149799123
2.7854691055782954,0.0018014717618696472
2.961721319579076,0.09977824855672109
2.89052971840334,0.13993608865518586
2.852724322087902,0.1039784195377392
2.794353827056331,0.20801258382762605
2.7374532044314943,0.1837087479082547
2.65316451578015,0.1956623434190485
2.6440287154016553,0.20345832693848273
2.723880261531689,0.1877335942124508
2.6916492832571564,0.17653459356197979
2.7078926773631427,0.21165530504289223
2.7963269136727082,0.10445623204895323
2.823877833983979,0.03380001967757242
2.8186215330995066,0.059524402162674
2.886242751618271,0.0506271466560252
2.8357876978412704,0.06151587333375262
2.6998250420723457,0.143925477004408
2.7969475750353583,0.1556588218128733
2.5821039350073307,0.16427602410719988
2.7418919737994214,0.1701886153361122
2.7179493504495618,0.14981161507993315
2.7392790137953633,0.20426279955390758
2.7633465490174354,0.19149541709440351
2.554086955134471,0.16758897564910602
2.565361172068489,0.13962891646534242
2.794066791105728,0.14882171327883412
2.757831485802292,0.12894887972885843
2.7147478272875287,0.1624191977403984
2.7443894272509213,0.08169253320653588
2.709745138033994,0.09604850208091821
2.668064881288977,0.1566502337389322
2.650849690477346,0.15573119598887714
2.609532654871004,0.1510116339527377
2.634842226475157,0.17524283301557078
2.7330216239973386,0.1552038883818019
2.6378938343834735,0.25341412281372583
2.608504061141943,0.30096744813050924
2.603582312222932,0.17019295491814726
2.8669690368500915,0.08607776965557619
2.872224273516615,0.09645183581163713
2.8074802082292933,0.10450243551381237
2.8069822290319895,0.11055827704622628
2.773972946943269,0.07184305427587388
2.620717423217051,0.20712352344183874
2.7469170607278297,0.16140774450848086
2.743028866014689,0.1614963773079479
2.7296044139924076,0.12693521116509957
2.7004423515129212,0.14336765767189455
2.6787264425105217,0.0932436489974154
2.7414822288795815,0.19648233799166498
2.6206314184024864,0.13747170543513001
2.7377022659670107,0.2313061633455279
2.561375725245443,0.18300930225339815
2.5568496908353935,0.18462329574746564
2.8137918709106478,0.1430826479149748
2.7638427896803175,0.0429250702007033
2.7677447063054634,0.04701916713886248
2.8122705825367404,0.12605606731545368
2.724184395192983,0.11313493441515249
2.7117002177909693,0.23556492858115158
2.617967599547842,0.1936065921504137
2.7190786395630244,0.16538317012082854
2.8464286229194493,0.08020886008432741
2.7421489033437445,0.1364620247490679
2.6629639550085993,0.16930969076028288
2.7833208713737907,0.015267226853132128
2.7788503535678193,0.024254710620241787
2.7436737385804015,0.2029845338229908
2.678964841191275,0.20611281409630974
2.761405645664345,0.18699348732926097
2.737088745951283,0.13518064679920666
2.633314077785979,0.18190189962473005
2.706331028133059,0.1440405159582933
2.8314902250965,0.11121163329530152
2.8500366211943704,0.08595465282648361
2.753376176908787,0.09649738486882684
2.64778151054949,0.0778063386515112
2.6352973004880775,0.07961625427228516
2.6313320304770076,0.06860129980753898
2.636523349345648,0.0741300914700469
2.8640312260193963,0.14455340735995942
2.8268079372864983,0.08615847906171416
2.722440094415092,0.11795238958540788
2.773267167918824,0.09157635526842171
2.774643982725122,0.10002489427966306
2.5647184274240975,0.23563536202045496
2.5888419720061955,0.24496023977630182
2.6028517250413663,0.21596022585113273
2.5951001024133364,0.18164125545263715
2.642053571776233,0.19036298121727513
2.64958728894197,0.20551028534363106
2.6556698258806346,0.1656276792758974
2.7130664065915617,0.1202842907297962
2.699862192507272,0.17408023147657556
2.7558639655366295,0.07163216278917728
2.7323064076075374,0.05895083271518705
2.706109631254138,0.06059943494734635
2.731820676345327,0.060359266264257895
2.719033174522933,0.07777530535631028
2.693807819393931,0.0893492726590751
2.683825091469552,0.08891340394671304
2.6633182093512207,0.19381055283515594
2.6510944609313656,0.1723090274568448
2.6242621535087913,0.2555490079133027
2.7017033097840812,0.12795734495572164
2.7433286828479164,0.10355327033147295
2.706565886416762,0.060628470485814
2.7113324198895374,0.06536578487635417
2.745582497741392,0.10910241476956348
2.704729872824608,0.18300959168173048
2.779020516515724,0.0732009634251966
2.758035960015158,0.08767120287106289
2.7435258775134446,0.17188651294054602
2.597660364899004,0.16191813839284258
2.7692436040823347,0.14314657619113139
2.822154159722751,0.10961565232448625
2.715838031005029,0.08057000239602688
2.800274543575697,0.12170878865916128
2.7088030483405703,0.16510711654822746
2.7930982055079623,0.13283285118275456
2.601485610663518,0.16490808455398095
2.775678581755149,0.1781960168320038
2.66944188001283,0.19352947141193053
2.7579169123069875,0.08222521797579893
2.786061261600184,0.05353714786384145
2.803108359381587,0.14277807193228148
2.7611701424124226,0.08706955815410998
2.774222426500784,0.09941286007372406
2.791484623924397,0.07776672847050155
2.9259431037751433,0.018100052235676026
2.9305613828009798,0.015961364975013968
2.780758012069343,0.09956580661946307
2.7301357908508526,0.0929701579500477
2.7943386094120934,0.1265386655742176
2.750960428333148,0.13321581817090175
2.7100857047797757,0.1604988016833703
2.7399566181779447,0.09173985047909664
2.7410794315100793,0.09284746718613923
2.5877898876522947,0.23282633339237535
2.8214909855637287,0.07044827482399262
2.806417175390901,0.1016852949405191
2.822854589202179,0.14903240425291037
2.6991462545344147,0.06255124055621121
2.7260159554922323,0.053227231642232
2.779319302438485,0.128813537540975
2.7931126172273224,0.13081619716086454
2.7909585245756974,0.12184141033034449
2.805185532157893,0.11962665829969087
2.9011129362913417,0.07664439750306279
2.7499004932318356,0.12829950419749045
2.763672443932107,0.13505163791953084
2.824490516138682,0.033716581791066756
2.8422298092174048,0.03023382101664091
2.8183531157154365,0.05997069037593989
2.8246549595125465,0.06848929964758703
2.7563462753079744,0.10017327094719622
2.811934154142219,0.07864972661196366
2.7698362734480693,0.10208607870286543
2.792699413753114,0.07694498407630733
2.746611557855485,0.1334721595239551
2.7324517715880408,0.1334770853578147
2.7137735058356536,0.1493829005367692
2.6987923158878715,0.13258480062312364
2.753449255775878,0.08550531359574255
2.7784325519314703,0.08844336030332364
2.7847135448053546,0.08252164546249816
2.657232637916624,0.19727611404681356
2.6387126442084328,0.1528413108624696
2.6207625106348518,0.25039944707895484
2.7178076530604396,0.09864666073863813
2.744171652461446,0.12054271606381789
2.804933226117465,0.051294012930038005
2.7163018759641555,0.07588620895090697
2.631820438199141,0.2682029566495897
2.470133275394801,0.2252472707164996
2.580554782516927,0.2901070395915029
2.5729326632060663,0.3106792453144769
2.584870921016708,0.33138528526304056
2.499076582418855,0.2557255165492646
2.5896652694023254,0.18137340565226592
2.83824948146368,0.08875682539965567
2.8353636835303497,0.10782484362963146
2.8035713491592547,0.06504111675320368
2.775337026386639,0.10411067037441465
2.70512535533185,0.13903360194221304
2.7018743443246507,0.15517852709863258
2.6996305023847156,0.14698686991627888
2.707970387745,0.1250014774132517
2.649355160786016,0.1034450191092857
2.6808093627155754,0.14788987185306743
2.683362784581994,0.2530843381218345
2.619465233636242,0.13120826578273026
2.699437358499689,0.21863228315774222
2.6965415587361226,0.20310718711539094
2.685113469304982,0.18936086156754176
2.6462282975060707,0.1651375699974157
2.6358932281344005,0.2099900236877626
2.640907461328975,0.187554480497668
2.595374394493055,0.2183283920615696
2.5753969954249967,0.2238188377905451
2.577561855280479,0.21753025930394446
2.6080419930222485,0.26900832177655704
2.578401289348264,0.1984990527263026
2.7786461871499797,0.1369956163949097
2.7789860285275116,0.13773736202119283
2.5997785554142405,0.19714159339120296
2.782385133944154,0.13123151065190972
2.8491518464573025,0.1174879913709606
2.787101642067741,0.05611339775971224
2.734200343284247,0.11481379223714341
2.7585372029500626,0.1345513062074919
2.732165117353513,0.08931546405872744
2.7808654877691406,0.11717556378584922
2.6840746784869984,0.17398850509001193
2.740255201775585,0.1488761647104484
2.7495459043430084,0.11655635462624392
2.7663384860738924,0.10889914207178836
2.8057043710498477,0.0844879808474454
2.803064114253877,0.12133352500508529
2.686529543834952,0.08535360893638973
2.8066968516348005,0.12769536496495257
2.641782655886749,0.19800491408317142
2.7813185857409364,0.2288349513942263
2.767627646419764,0.2253453568963075
2.7286160338822896,0.20640807053723753
2.7638387679374983,0.21705091380201386
2.807978095082125,0.16965591196925567
2.6528689714896485,0.14700256700037478
2.8358570550687308,0.07400445417318427
2.826598591874075,0.07095210307115855
2.772898384380566,0.02666480631032776
2.8360269979409156,0.0981765810102991
2.8253285397167724,0.0262896314430051
2.8604452502575644,0.05947190347377582
2.681044668174,0.12258638166819541
2.662714895914115,0.2296593214024753
2.6740382518296992,0.19766572617979608
2.7307063755836434,0.13492066673211248
2.7926030041004064,0.12457925890650215
2.776106966996108,0.06480688670558767
2.76633139393485,0.08347257047023732
2.900293404970411,0.045826946077121414
2.892690587857655,0.04557903563598961
2.8060765510029984,0.08931119163144666
2.7453465584402568,0.09545093890178603
2.789194691905732,0.11567354117731407
2.8638887038617846,0.05977655565521065
2.7785646653895064,0.06366448762456993
2.824365609268298,0.0929098150944246
2.821537552168111,0.08896548279173906
2.799607243579856,0.07154897108899419
2.8223059585477817,0.1469969930465523
2.881831253403574,0.1706922122973339
2.8706892084404867,0.14597811872306013
2.8526801917735933,0.15215055813068873
2.736950475604735,0.15793301218668357
2.605234234633683,0.17145603548272764
2.6410825457118423,0.14613522011501479
2.6460821050575323,0.14607300700390025
2.7328112255457158,0.15480071814990615
2.740424674501416,0.07125827237299295
2.7647451696935934,0.13673231105637312
2.7239860814721633,0.0611807531748005
2.76755920984384,0.08329206751715684
2.696911375764649,0.14592505110469295
2.7781561104684065,0.07867712973179275
2.802843271669267,0.01962268603664595
2.7718654343267115,0.08410354730062383
2.895599486874421,0.030440473651397695
2.8756273825543697,0.031308511349286444
2.8660469220802693,0.058997570604806954
2.9222091097309426,0.0681639289223965
2.700489435202384,0.09118778689857683
2.8056721584492665,0.10975047215747023
2.753657154247573,0.09347967472301391
2.597387828910531,0.2682078582586717
2.6132283932869096,0.2885594246638211
2.7365413994732766,0.19435957150865138
2.7120418764474823,0.0703266087788051
2.828882221845628,0.06584439875453761
2.695099629182223,0.13367179045093666
2.697835329377658,0.1378832099191807
2.720046131972565,0.10084203434163544
2.728063916724908,0.08820745445546566
2.7766103772711164,0.11983637237615215
2.7844075203944945,0.10523022886538388
2.680028214435516,0.11458951828802619
2.896029891807159,0.08417064658940429
2.8360973752869136,0.050866458474323674
2.839483274775005,0.04256487863846317
2.7784987935464183,0.09293642902572621
2.619319352160022,0.1910856833507647
2.593445281548227,0.17538614837640254
2.684410080969296,0.22929327674804514
2.676399034981243,0.10353682378074475
2.7127946037089954,0.11893327257838082
2.8646794268396905,0.053186851436099795
2.855377516742482,0.025403753835106326
2.8560499801415964,0.044317379552286616
2.812021547270741,0.10218523935987865
2.7285634162966836,0.07374669636716841
2.771622668048764,0.08953635913476451
2.763085748047946,0.1009879536286479
2.6941558116572875,0.10767617765730382
2.7676100419593834,0.15913305770242334
2.762787159389124,0.15625464754006407
2.7621745953272314,0.043741873303773084
2.8273638085823016,0.04788424606160416
2.8223962170228436,0.029831598477242687
2.8458092639819657,0.03263820285305586
2.7508862602811406,0.08866215340943173
2.8098854653400687,0.07898242298290997
2.7852766273948033,0.10332347124840438
2.7738258690780735,0.16124374894395818
2.6962276351846297,0.1586638386369789
2.6675366653488273,0.14944643706574046
2.6832188480141985,0.1739106222198998
2.7238862453150694,0.1350332960311948
2.733962178900828,0.12778164488395527
2.6922352202104247,0.08471537813454673
2.730286120639678,0.1660731900124599
2.7034735961573593,0.19616287790282497
2.6664294914819164,0.1919207592485511
2.727485918399428,0.12160109385964618
2.862346534502252,0.05231442802297774
2.9085106756060672,0.11888519658681883
2.845718067771404,0.12930888644834254
2.8326534762232307,0.11932767537591739
2.6933156491858132,0.14234543242026534
2.7224288190506156,0.07870887325189034
2.6506326419069643,0.1838116016235492
2.6502585510767145,0.18177305737748226
2.7673482902019324,0.17460491513861195
2.7352683180256343,0.15104603897671642
2.8361592742636574,0.019407149980261527
2.834392875389203,0.024392814238281452
2.6898242989247256,0.17229415626653882
2.6762307762604753,0.16404952945385995
2.6657873181312235,0.18230126563596932
2.7033313108436072,0.11092724551845004
2.7007270129409755,0.15501438694900563
2.6158157898021743,0.20386950606070628
2.673898641484745,0.1925389308057899
2.5710822913388656,0.21363039621953506
2.5621480931239207,0.22067008761329784
2.5648941696109886,0.1959642942435986
2.7512248040854486,0.09725928633001146
2.7185823452476887,0.0848500050455316
2.7139325545075517,0.07384751161853556
2.656239002466391,0.2215699111165816
2.663233857773629,0.22578606556344097
2.5959361710650577,0.19107884246292575
2.7116647655339,0.15215149000688624
2.7315967671343486,0.12144459460532778
2.702049361326794,0.13689125453147186
2.7686186453242394,0.10325877533170874
2.732728811465236,0.10402959025476864
2.6894643259082223,0.16926182741181686
2.747818538768557,0.16815862442088858
2.7328338785699393,0.13797677547154566
2.640006216314836,0.1998138466587996
2.7100943969939904,0.1548822211639008
2.7141794866144457,0.13633220879698865
2.644529974155516,0.16356527686382225
2.7350117010446344,0.11233818481582326
2.878196676568847,0.019176595174315702
2.862693957817851,0.022196694696521017
2.831710186770456,0.05656271734184756
2.781874546409172,0.08312769090991291
2.7372293565572705,0.12308829642573163
2.697949781122791,0.13184152108906677
2.74542793668594,0.12367558179893344
2.6947245435370966,0.12817278917953515
2.7266843473570432,0.1392548411236416
2.7061839701085546,0.12851574289414192
2.679371196024458,0.15611411292787902
2.803357862516703,0.10637830832788576
2.714133580832258,0.09229966623663349
2.6711534947848317,0.08983044875344669
2.72654329338246,0.1637557422464263
2.717275099921066,0.10078101073231235
2.8097345089997416,0.06474412228147582
2.6372669829491713,0.20173699015031982
2.6281898625927282,0.20664690813438516
2.6634102504616153,0.18835792827745126
2.6639777712200123,0.22903269644483235
2.6548902057915837,0.2193129614922778
2.7204934050499907,0.1850644197758568
2.7094460768428146,0.17064479956005932
2.817383536285358,0.08957522207001763
2.8764159833838616,0.04153724197333246
2.662117170127475,0.16796948212679774
2.679311395507269,0.14219229125864413
2.7022458700796506,0.18697537029369127
2.698610233167322,0.20897361781137447
2.6901612956663348,0.17958354694238055
2.733983286221906,0.16058003226615306
2.7421283169136488,0.13967194335581518
2.734769407749155,0.12365204262399024
2.6644469140706386,0.14816271687269977
2.6650814162717156,0.13415443892509402
2.715153043695781,0.22582071853964503
2.7166327131197208,0.06271376181849493
2.770717089924535,0.08978014074793315
2.6965341474206794,0.20993865470014372
2.7250224254319098,0.08330349981336443
2.801409950187561,0.13308469057075012
2.7996702665509248,0.11159258097804692
2.8292963107032723,0.05619536252736695
2.836857591885529,0.05166952745171893
2.7668476901178343,0.08671618077001145
2.7668476901178343,0.08671618077001145
2.6797301290052884,0.18698488603432703
2.80198143212802,0.05443861467477474
2.7989047466470867,0.08072959559165784
2.807100217227383,0.0759191125727771
2.749750933820755,0.09928937341895784
2.6946753184576715,0.15148787748670098
2.6215746733630527,0.1904763786756977
2.626312908987793,0.2231672193246326
2.6328800693651786,0.18976275781972252
2.572539422344811,0.14542443362917196
2.6257635150953313,0.18034787354954046
2.618048003076147,0.24107163558364494
2.6266231812494722,0.24490957556178666
2.618080896720601,0.24660717768845572
2.6107282229816997,0.2466971027736991
2.719690459765193,0.11064340117340526
2.685016749017226,0.17551180687115284
2.6450550161414212,0.1678417885766946
2.714224647190136,0.13708487262183702
2.7076842784074535,0.14188108617714415
2.659576616365738,0.13184111783077135
2.6667067173623202,0.09629018889933387
2.659626296795365,0.18842373531086115
2.8055898655211147,0.05309169510427188
2.8041363984082963,0.056848063068631154
2.7970304240201935,0.033956347538287426
2.8783920950968276,0.0647704038365008
2.830226769280235,0.023404416474856863
2.782309831275888,0.02267165965188834
2.7857617295885135,0.08934090977685707
2.746831875765238,0.11702086358801368
2.8299066774406207,0.10570912087423885
2.8757457862593085,0.022005969844219177
2.921647648335189,-0.0022597033176400684
2.7055017556964263,0.14041435701151525
2.7495627793000774,0.09675082781798228
2.7811222521439802,0.12262804337184081
2.7031304273188947,0.15501314023827267
2.6552886021184237,0.16237655672148985
2.582908227279949,0.22351188105015454
2.6069699652517864,0.15108019933175423
2.584894542398437,0.1654022082716315
2.700815895441171,0.14525628333183313
2.687881183521393,0.10904291311088687
2.6764382802962388,0.1158310029622852
2.7491580948701615,0.21064416374970116
2.694612965421473,0.07657072226571052
2.6532342848726387,0.1288927301243183
2.6475649936396506,0.25814726230769564
2.7083015765765,0.22345761145310075
2.629116843875264,0.09574340524433765
2.631308821940349,0.10108525172163592
2.63083488520278,0.10011650578347722
2.646574280313074,0.11976133643598229
2.854021157484827,0.05262765619572755
2.6983258587841763,0.1904120289752607
2.596147529975435,0.23702218954689036
2.6053382017341193,0.2457772743154606
2.633554389879662,0.23499584886588837
2.7645827292986196,0.21792187267840604
2.6156945872450095,0.1377017208655517
2.6244828875022264,0.18711618467697946
2.6132364867896096,0.1274837773340605
2.6396706428129244,0.15061726472003711
2.801529049527294,0.13029221519767142
2.832885784199055,0.14003056638737157
2.7740136455473934,0.05811408323370162
2.810986909253082,0.05158956370683606
2.7488363700694327,0.11039417679763378
2.78387898680787,0.07664780826087181
2.7424443445765645,0.05089249839264088
2.617921249775063,0.2589490325171441
2.841104140390515,0.04070192995235802
2.754456764365797,0.12050753377794565
2.746082087390742,0.10651348441826522
2.6938055419451263,0.19076223034828443
2.6988843420666284,0.2186973090255965
2.6721693502603734,0.2100020955878498
2.715280818047149,0.08818715669264189
2.7034464770368087,0.08908683263127766
2.7088186972508033,0.10514420442161058
2.689333276265319,0.12175368117171433
2.6912834466684665,0.12281892513592334
2.689675926774413,0.19900866132552303
2.7068200189543266,0.119298101268368
2.6915035224101675,0.17979619750591982
2.6379038157200694,0.1341596638674087
2.596077193255792,0.13827557333553975
2.8685177138388736,0.1007299142630946
2.6164650900614297,0.12053952241707024
2.846052202363095,0.10720659574307059
2.6594897549370726,0.15710663501168437
2.627410623635518,0.17762868750733712
2.5463333394798333,0.1868901739855996
2.9741098756264073,0.02943032356908119
2.940656831720996,0.011785192827036646
2.9651055654323315,-0.03140402895994133
2.9624353161705232,-0.04276132990863317
2.9569776593998225,-0.04662464918299757
2.9569776593998225,-0.04662464918299757
2.993852939494099,-0.05400901685851688
3.0119374469938016,-0.004060333621117764
2.750112085938933,0.10494344187968582
2.780889545937999,0.09206417085012701
2.856876790766046,0.05998348235205498
2.6437355898855914,0.14806182317980213
2.739372761611088,0.13546917820716098
2.630853582157835,0.1955960947902637
2.805394597225555,0.0878994576093096
2.827977192704783,0.1043508816677345
2.640019110142053,0.12269506971191364
2.6156790707661006,0.17435098073609087
2.5730238542078383,0.23195753930390617
2.659539690658923,0.233518146328588
2.6804477706009218,0.11159324445064871
2.7530957879344777,0.08979040943030821
2.8074914048735526,0.10199614421320397
2.8138294480078487,0.12525995911194154
2.8008660495174516,0.11123985486551947
2.8176947030809356,0.06879332121990343
2.652058630834096,0.161525431898625
2.760760134004429,0.12390602741845534
2.6979934148303375,0.24543921702301924
2.7085578250273685,0.08311068781459224
2.7892342235913157,0.09656495997379604
2.70877085764178,0.16666305148553628
2.7088317598264138,0.16183655866298377
2.6212229711309556,0.1877641342517165
2.777579722249573,0.13131146778537292
2.7035893027355655,0.19892758431802757
2.596828076085523,0.18890655787253868
2.6999845441575117,0.14694445220149072
2.682127722138399,0.22270366221047513
2.6848480166363813,0.21817772001837318
2.6233518949798196,0.18016788313448093
2.5741003288909403,0.26442001164389184
2.7312546801976754,0.10906921058521837
2.7646008035534955,0.1545614686451495
2.728992088008556,0.14131678812497434
2.7472761552536213,0.17591923898810194
2.7346439511708933,0.1786921691272663
2.63708069784721,0.16598080618051678
2.658454733136826,0.1374543708180792
2.8102865973707134,0.11553803302363115
2.748111164072565,0.2216648314738287
2.74262204398141,0.22087132507847845
2.7550399497157416,0.17658310537513247
2.741279780704923,0.14629127630553493
2.743249226368535,0.16144275779521985
2.750181710089167,0.11426700299998077
2.7334045901819706,0.17791580491789133
2.7314767650679594,0.15609094978975652
2.7397370181668026,0.08012180711570273
2.7852392464261824,0.11380368742254461
2.776819220595696,0.05666151630199714
2.6972235908786764,0.1657287358316285
2.7916482420904782,0.10301687698126621
2.7934103534039365,0.09617668640955095
2.8099948314499574,0.06132381611965844
2.8170649700486283,0.058425865075609436
2.819532216023132,0.0432023129606759
2.775303057017777,0.10487602257310738
2.7284903782295333,0.07528009616945926
2.640403077992056,0.21691516089333115
2.638120718926408,0.21593156129540222
2.631424005724068,0.2217639009647342
2.607502284116131,0.1308135802770131
2.670566548617519,0.1341965406709312
2.693863855452655,0.12059361516147644
2.723544447004524,0.111809912761875
2.7074063299584084,0.09620133839794952
2.652027057344243,0.09148333372939797
2.7738976320920745,0.12377739703076664
2.8058456554805478,0.042727421597493875
2.872691156904907,0.08047916610100808
2.8003883033298327,0.015944210227244852
2.837193249245742,0.1233805988541962
2.824500810668981,0.06071920567402959
2.7945960109177514,0.08647979852655155
2.7777063096049437,0.05956766856568275
2.784270232610952,0.0849013526686275
2.7969843372730394,0.07371055756565616
2.716146240438926,0.1330810207604939
2.656926124846137,0.05932136145728778
2.6606118194625092,0.06508009333797715
2.7263988003549713,0.08428866365431564
2.7495158514280966,0.13864928722224473
2.758232771399251,0.1506315029698708
2.605788142495527,0.180437179727828
2.567637981587948,0.18465047052655434
2.6940205670494763,0.2202238780746736
2.6996494842551058,0.1562133465834885
2.696240850949404,0.12162368673553746
2.671167852793742,0.0941648644381893
2.6214502044571284,0.22984832465382052
2.752529698138065,0.08938949771542458
2.815489331083706,0.041761769800986254
2.803397724211,0.010871269353916895
2.821982705627124,0.03156957028729852
2.817918010038843,0.017286527883113533
2.8411652702827968,0.07065252635169547
2.8341070005378635,0.07973193252213402
2.831268728746452,0.07897551458940587
2.851244043472659,0.08006887365684182
2.6230610397479217,0.12688186076269153
2.638227857936274,0.12855504107102486
2.7249010697874994,0.10235451091654514
2.6925977021430443,0.10917006121235012
2.69224331296868,0.14294379838613924
2.6696921522036847,0.19854161630446027
2.6707268145403473,0.15910670290344825
2.656015761953669,0.11841613957124683
2.7362333175523745,0.07735393677504225
2.690397519136343,0.20255935841455402
2.6897267948371417,0.18211753974910957
2.698716977023684,0.12643703042020746
2.6090565901303377,0.2526190716242834
2.655288584504909,0.14642227602141553
2.780755978498676,0.17308454870197085
2.7143183187981874,0.18391086997801473
2.771905295252858,0.1219565248816891
2.694040751825037,0.09470986391168189
2.7643510902933737,0.08594804209954807
2.6849695451008486,0.1402242745319818
2.6828886654613195,0.17234263355409815
2.6259965031326855,0.1493831387451798
2.6050072343491304,0.1856512586789672
2.6039421370305504,0.1884052260672771
2.81396126264083,0.09681490870171457
2.787788168338981,0.07393895937387529
2.6685352093335113,0.1646700168253502
2.664003295535104,0.11623290441605805
2.6659737415480875,0.10834461985717685
2.6253003438041795,0.1810255740845841
2.6092825478254054,0.1789156680394008
2.7459003698565407,0.09055192344772364
2.6947383583513784,0.0745376104079073
2.723465002324905,0.15540343509904417
2.720120739336839,0.14411127678083377
2.759270734811465,0.13823200901882934
2.5968974655188717,0.1865836010172008
2.6935787422694335,0.20553077678294576
2.692820293882089,0.09887541579030881
2.715694200636189,0.14261079575426175
2.7081761804300846,0.14327273135633856
2.744618098587048,0.1075371931661761
2.7001201649449933,0.11422413339488656
2.7129698027855356,0.13894061564036345
2.5990080175492483,0.15771253647007566
2.6874026956350194,0.1393470830371061
2.7213720605273255,0.2223866050209828
2.64703757992705,0.2410388746552065
2.596066529632601,0.19220507382004298
2.620028714489224,0.23662424243847874
2.7414810444025544,0.21711265257807189
2.682688564230908,0.17994240246648788
2.6915203533251724,0.16092640374892908
2.6679936413255048,0.16135090344213043
2.7391773131078194,0.14942812982682538
2.722622108938255,0.11100732431163537
2.7170670835546322,0.11726194379036795
2.6372614060810426,0.25055415496378186
2.685244224376526,0.11504809161927056
2.6437452335321705,0.23014149906934883
2.7314934301561133,0.13990690138726497
2.6436795850020602,0.1252559988679846
2.786080435153984,0.10924237020776727
2.8248274008611607,0.02983142375353747
2.7208661643749843,0.07432846226909977
2.8979595048158195,0.06036316662868775
2.5960544680016713,0.16183305821123228
2.787341766265602,0.06735140481205283
2.772806785492397,0.12011676040551535
2.7495178062170385,0.15242972801246518
2.7679458793279665,0.2021925828096256
2.7742128906684447,0.22241070896890483
2.8112246357589754,0.22267004720101985
2.663420149927356,0.23188793088050463
2.672454404749668,0.23615717692345758
2.729976405636995,0.09697827710369972
2.7639900569662297,0.12317007922506765
2.6318893173917224,0.18529337356576997
2.5613297814946274,0.177526645430604
2.6366487955899123,0.30089735831442277
2.638830346027927,0.2976225315780981
2.5482211951352762,0.1574899655069554
2.6508759398197816,0.23480525009434275
2.679012824577072,0.05248338660374928
2.7719275101717793,0.06017646678870988
2.8031501180886886,0.09779768025196545
2.5725107130436036,0.20882578158392348
2.5705884672878865,0.2099262529954475
2.6125846690361305,0.22050565159000396
2.659676460626309,0.20392317491513662
2.794522635504199,0.08803627178858574
2.739310966782551,0.06378545628573826
2.7369798250540875,0.11441307484293445
2.5807958112597382,0.16062899816681278
2.7630957065769146,0.2401622680845245
2.7177477793525546,0.01438823179142161
2.706617677929355,0.004928691276725624
2.6792473347512873,0.18879026610776117
2.754434425799152,0.06469093770771621
2.7273251208488625,0.08714168742750614
2.7416953683694105,0.13234473918177703
2.754533676033226,0.1331183980767293
2.809919575860707,0.1473142728055033
2.6235223277328035,0.17607221431135575
2.639357182973066,0.17160573548568736
2.6409650143445043,0.12581113687212822
2.691255041760365,0.2238498357184316
2.611675083915477,0.11205487559826598
2.618162098346791,0.1340395244703749
2.657442087947595,0.2192005449861255
2.570827372681701,0.19227386633330643
2.5981695756668324,0.21813445058312214
2.6584274547998055,0.18914679346316696
2.6431450124675493,0.2056604749592903
2.697191219484557,0.14979638981907026
2.6879487745844055,0.11825700747351633
2.678758170649481,0.12095674992611734
2.6823354160247357,0.18429701820193922
2.7363664031673904,0.1636456982119215
2.750630043241261,0.1924453724213516
2.7185150278161045,0.16643713872963944
2.7684799305448893,0.15158692113861552
2.7093951735498147,0.15207083240638092
2.6792916119419874,0.1278912729865899
2.7658302408370057,0.12766210007357534
2.7644451832683856,0.15896668972612668
2.7584240737970354,0.09399251329619566
2.729888078182858,0.08067106243871304
2.696050489376475,0.149826868939927
2.5969561716866796,0.23547685698703835
2.5811804688257163,0.23753812463808166
2.558821905604777,0.21841374990232518
2.587174239647086,0.23965596431213904
2.6948432833032805,0.18213145784322196
2.7027437269740253,0.20934187717717587
2.7000242120900113,0.21269365417116043
2.687459765880879,0.14793217903700467
2.7608469232165813,0.13517869898554483
2.8035377142521747,0.08644090115071328
2.8379073295936874,0.08678054432102335
2.645959099730046,0.1413005427158364
2.6987554719851827,0.17533856825513433
2.637333948009808,0.18248334270361616
2.6580757452587775,0.13867976135974006
2.674750354499003,0.19988105643788098
2.735866476405087,0.17688629941431958
2.7581166785203184,0.17880052245146466
2.776023485970694,0.19499725615984764
2.734846928978191,0.0668113719104891
2.782240684707218,0.03079703811404717
2.7837398140168754,0.03729464945745846
2.816242218988015,0.0483624212905543
2.7355806316978124,0.14921268925500267
2.821815817376578,0.05757950859017767
2.8367480582418,0.054120386660501896
2.7277608895517305,0.07650249242796064
2.6266943858347376,0.2594955773944325
2.616366866476745,0.2646837347286869
2.610423417838965,0.2742261920668237
2.589145137983308,0.26851467297167253
2.588769757777916,0.25979330329578937
2.6558701219702345,0.19824860181126608
2.6764572057433846,0.15041985016306866
2.6895304871980628,0.18308186705230328
2.740630235946708,0.14009379085002027
2.6659236693373196,0.13665753586789914
2.6496862225572704,0.11579393344079776
2.666237786127919,0.06656979960128245
2.8138587890687607,0.103147435769815
2.783613004760695,0.0490066841587199
2.7537298939335746,0.08051090808961694
2.5809022585916837,0.24451634785098683
2.58585399718002,0.2297477831668128
2.8244617572308255,0.09555248983762869
2.751187703998498,0.06053350902713095
2.725393881883162,0.06669973654774429
2.810324383823938,0.1314654811211149
2.690875990932155,0.2034155506407909
2.697037362327683,0.2114608420690226
2.7794618840638643,0.11435363112725157
2.7725687977397797,0.18797403183739841
2.6656812732756565,0.1013923626652476
2.7973450408225853,0.13591081268537575
2.68758017421038,0.09538215410639847
2.685057583544969,0.09876215314646294
2.685187961180668,0.10015432838338595
2.68089164721068,0.06024709626373704
2.7309777442716405,0.12535969146867654
2.7080508805851986,0.14149975666602743
2.76137883818478,0.13693080660661744
2.742305206568681,0.10257434575182288
2.7060559524729184,0.132564239927926
2.698948607672963,0.11581556115553282
2.675828586296257,0.1141288019799043
2.7740576807503645,0.1287205955267153
2.636298759072116,0.1537102841227703
2.744092520896065,0.20381858719535673
2.726919126584444,0.19065898097365808
2.638468070678823,0.1319844157277493
2.7976679949831396,0.09431885662129512
2.635366316786387,0.15488096501836304
2.652686745677351,0.1762945512995515
2.606943314415764,0.23993949496171965
2.6208335117676778,0.25381902043967014
2.727851888687035,0.1680629576801828
2.7681919349666844,0.1467280674023965
2.776533027148615,0.14804451586476686
2.720807210858963,0.11980587897515317
2.693246404351365,0.11296015122708804
2.714806497683841,0.07678024512455718
2.6828483067422524,0.10138657339914499
2.7014122508827647,0.09543095325236021
2.7862380559949083,0.07073019030705548
2.8080446039494253,0.09852287426815948
2.755835574027527,0.12080355902151181
2.7587504957168947,0.09285055344907323
2.669336596104299,0.1708280090174801
2.665110136987093,0.1461001291553365
2.733822831411426,0.14938358611556724
2.8145044121087084,0.04312702233619285
2.8249439777821936,0.08590740873015187
2.7538029625396474,0.1291838595564609
2.7311407017625378,0.12442370601096849
2.661976578668747,0.060056998117639225
2.7170151985703703,0.08002239417226706
2.703570533634669,0.13933822211160243
2.6712192192411828,0.13836155379397466
2.747398442238365,0.10316513772778271
2.659528345155626,0.13443606869620195
2.7108918085204134,0.1494892479198326
2.6456136310506153,0.12600928753355675
2.6511183717945888,0.21037394813124435
2.607054111420924,0.14254793047392894
2.6109978689342026,0.14569776332032258
2.6698270135086455,0.15300084055077878
2.652372951110091,0.17804258548530513
2.756231525695771,0.12789258948667492
2.782549786740451,0.11949028458650467
2.7988711453533175,0.1613449049754066
2.7099821021145676,0.07237230720918546
2.6830390627499603,0.18984645552596113
2.719866388744709,0.13044439829392251
2.8451450484087326,0.030355476581636207
2.8536408968641362,0.09472578678709709
2.8242220590724227,0.11674558613273707
2.6000836934427722,0.22371420407758558
2.6450217607686772,0.22184369341462212
2.580975222364783,0.19265400689186699
2.7581867932449002,0.11980219526871057
2.745719251884721,0.1386169152326415
2.7021718696748636,0.17274790268271353
2.744040515503546,0.17076381633440604
2.838584896719781,0.045374880185290095
2.8293301610208603,0.04572713318619858
2.8279586511205874,0.08853605940712085
2.8235665737349778,0.11539014243313363
2.7594797711047145,0.048767621977774296
2.7519094103264736,0.06827495882300294
2.7275569684625647,0.06859996617220253
2.785789037892648,0.15936526012691088
2.7469980950017727,0.17524148644160323
2.716849654279608,0.1304853135047076
2.6511619427087316,0.15479809026058197
2.7767860846562997,0.18406722448424756
2.7311023729982304,0.18700725779656918
2.7262328427809406,0.16713637563901673
2.7441204410932687,0.1944856382618051
2.6364501797282593,0.16652164260224553
2.8149422048588146,0.0953139963440136
2.7073157549975555,0.131301594505721
2.735230227404917,0.09431589714576684
2.6225352802379467,0.12867577026197843
2.828978541784938,0.12205576132115686
2.5876433927121782,0.16058789953959998
2.624356971620875,0.19458140035720187
2.6135604606545484,0.1503114447778468
2.5993322155722733,0.14979630352721882
2.626509237106831,0.15613898718552935
2.7635658529028904,0.1432707361787276
2.781654034295799,0.10305914968269701
2.783625623882283,0.17839059773786933
2.6411878171402177,0.16057032253306874
2.8189013952065207,0.07036285870010962
2.7853426436417457,0.0704365248947602
2.7621840320720565,0.07564782714299535
2.7365364420678233,0.10196240668257209
2.7813376248853956,0.04589082573810935
2.7821602256901548,0.03144026523813251
2.8706446660835154,0.11308587928846968
2.901066808111567,0.07644212697926778
2.8953619741097723,0.06976221965155202
2.800956827894835,0.10975850160822265
2.8240877674938583,0.127893402356446
2.7771694075692444,0.06494026146073753
2.7600460744174753,0.08457664604614701
2.646517349232984,0.18753666488715456
2.76143705153513,0.1451484468754159
2.621223680697121,0.21327007539824774
2.7485108945213788,0.10191644523460566
2.5884053578625936,0.22767661566804764
2.5627656782205483,0.22252997396381097
2.7575433143580717,0.13055976652708923
2.7917062167198767,0.03895709500019067
2.7131246853066,0.023379565060280747
2.7240360071212137,0.028838020119743037
2.7592971535915436,0.033493473376800975
2.7494881264293385,0.030977376906493995
2.7768538230404225,0.059613818789820826
2.7376376523264545,0.1469854492210702
2.8209663683770687,0.04410272228154339
2.865466025946391,0.0767505496363814
2.8368547540574283,0.08262118111295458
2.681188918232666,0.1602076293533742
2.7529594227204917,0.19195949269291285
2.7604115253626773,0.13851533165785238
2.7347195257213417,0.04684751703087992
2.7624098050892365,0.09730936418209268
2.77929051845481,0.16732628128281762
2.70560891013903,0.15072456956491603
2.686053028429779,0.1458171976004971
2.706316488055185,0.138028624018422
2.6375903139545085,0.14483417619990321
2.813305753429433,0.12857796509010547
2.682398018705657,0.12229103436366599
2.766941309843615,0.10243300993121018
2.6880716832297575,0.12550153076104198
2.7325387309666027,0.12996743678000647
2.7400953711252294,0.1183768242017982
2.7225252536727944,0.10639470178839919
2.8386922232739455,0.04401395003233805
2.8263915647222495,0.05553877534573413
2.7258325873860882,0.045586523380546085
2.7189105937874856,0.05202065284564305
2.730866675214743,0.06927972072362834
2.7230306419152397,0.06704638639747504
2.686838130612065,0.10891392161341892
2.7253271284208207,0.15262982419842983
2.717509469651415,0.12391614460418739
2.5794453696439907,0.24895924532636915
2.6983645349841394,0.1886818992199218
2.6410790689666532,0.17490609992230252
2.793890286263,0.08505095581620865
2.828649955968064,0.13163985506672926
2.829908636621369,0.13549320333039064
2.846396755884676,0.1293888675528483
2.784914621880515,0.05655404737176595
2.648083000497446,0.22057050063228853
2.632223668177398,0.17630149368161163
2.7864287919443194,0.11570526529418271
2.5655753772454584,0.19372302646809444
2.574299626187478,0.19891441138247476
2.76003057026077,0.1089974804501516
2.7567535542925845,0.05960468619368468
2.811524045651647,0.10894685489213664
2.812599891523374,0.032051181147208015
2.775241861679206,0.1339390477971126
2.785560790764067,0.13542971415129465
2.7438868607875775,0.16958916127451173
2.7607605892670897,0.07054154097319454
2.8032013182736746,0.10901134995775599
2.8067385423626376,0.11323887958389572
2.7581207543703705,0.07669632857676784
2.7425608484148487,0.13619015501968576
2.7381992341002426,0.14458341866241514
2.7126995782054486,0.17619332450597944
2.6936599314643765,0.13988676607377076
2.721559252220853,0.1345209772626434
2.631887145359506,0.23698699981175514
2.62637385522799,0.22383669922151253
2.712320783460809,0.16990200115923565
2.786433354701592,0.11626039093822788
2.7676879921789723,0.09397091593193545
2.693975541937083,0.13954264474078446
2.7089368707650263,0.1479783129913438
2.6525118340556757,0.15167743457457578
2.8087063512868102,0.09502893067464774
2.7168241851823764,0.09997064927387445
2.702514185707132,0.09147964212333197
2.727005661722571,0.16787354700112228
2.7014265161101467,0.19124982844788754
2.77423463573,0.08923441457337235
2.6677662839056957,0.11593636775425885
2.7015597527527624,0.18316196945181223
2.629300903375239,0.17741243039875362
2.769391704704125,0.11024061095285206
2.752535412270017,0.0854364662131151
2.6903164990494037,0.16821634558959767
2.684698333037251,0.14181032361167686
2.687112045639184,0.15243149945371354
2.5972977663444645,0.1578224208782916
2.6112895463902506,0.13700177192705268
2.6740889832343457,0.23835448869961504
2.7088951379474966,0.18754383570759153
2.6958486196381353,0.09857762922296258
2.6950839519651453,0.09723759967025151
2.684118377534033,0.18538722627028267
2.7397518114099886,0.17410024055177634
2.7112176042248453,0.17084045478808577
2.719391125943189,0.15421389279627631
2.746717542541415,0.15306295266591385
2.7380528409535154,0.15035422729411677
2.69202274483336,0.16074168805818673
2.7323031577395285,0.0513197587569466
2.6443518640059356,0.2855354776270801
2.6735369785555463,0.1403202204811983
2.7484655423527418,0.1264132310350521
2.695545969802927,0.12092457762888642
2.720738155932831,0.10570156606416732
2.6288334101066795,0.22003626469883003
2.6261163804919643,0.22788527345688614
2.604928378664851,0.2446731622094262
2.6358915282104,0.2202599180205336
2.603607307252796,0.21518607822407518
2.5233668943587055,0.22414426192108525
2.834399083634758,0.10543072302873929
2.825047737734054,0.10013551220983015
2.8086185264606263,0.1483230321582042
2.586276374425622,0.17489786528508017
2.603988405235913,0.18654842745460715
2.631983529609065,0.21009088243797314
2.6770095435144823,0.13755652508952665
2.6505158242687026,0.14372064255271977
2.6503144805363155,0.10914326788551955
2.7416425863151113,0.13554311126719404
2.674841812838896,0.16255014949306654
2.6427794126943276,0.24868570242399743
2.673578619978071,0.13627697616635065
2.725852651318151,0.13395604696774657
2.7526994732485313,0.14372136326106816
2.7889322286208063,0.15198501175294657
2.591481381033363,0.16389692849696622
2.5766810920229872,0.16340299480613232
2.607895710438722,0.16243053044913638
2.5884721967569124,0.2751159675384326
2.6468886342463107,0.265161869132202
2.647667924933604,0.21769500859734003
2.8379497048526585,0.10642542879226802
2.6165296004080987,0.16555401026044334
2.625541161814577,0.16020410395780904
2.743603806018843,0.12532412769193163
2.6759407584172017,0.10416760496084385
2.630102550484987,0.1908671204828482
2.60685993363468,0.1588512077856836
2.6694698264766616,0.22874869466269523
2.8388929627721144,0.10328551001745298
2.7621019542807987,0.0803197389311694
2.7586759000074204,0.10530832958534947
2.7479147906820516,0.08502922031073491
2.770711985538199,0.12852048771010519
2.799305113043772,0.13351331386722948
2.7629096441770864,0.05359498857353122
2.8036804666083204,0.11628971469475417
2.6670168218279935,0.15089296852925427
2.7367194623976396,0.12663540863713818
2.7334753223562345,0.15513717726205578
2.6956730009064866,0.17861524598063575
2.572002503002805,0.17590045842990934
2.6593733341116974,0.11554516070246226
2.688308830753497,0.15552314229274156
2.6955163877320314,0.14567843811444495
2.746511082437089,0.13444000845232312
2.6925077316300254,0.1759686084150135
2.6647280658977848,0.211231036070661
2.779771868179772,0.06702003499351096
2.671446321176171,0.17730496224408
2.5827435715544707,0.2514780510609771
2.6291848200616355,0.2268476379279955
2.7051739970228987,0.12626250498180652
2.7702757121055095,0.11352863611012329
2.7358629038111353,0.1375726784974513
2.775361346038143,0.14103156494848423
2.7692274017095553,0.13521934835806115
2.768916748817423,0.15327477718238136
2.7970735757765564,0.06506790478217246
2.7620757635654045,0.13573835562023878
2.747551364912914,0.1074783026127626
2.7561609595713414,0.10251837527576921
2.6087404111867216,0.163465540555735
2.765181418568689,0.08356219276203333
2.76624972989934,0.08285059161234297
2.8028589858209165,0.13208332418771682
2.8162291068112557,0.1470135308012349
2.8014617622494087,0.1345407317917157
2.6596173162813925,0.11300201520422155
2.702477910265491,0.100172913829031
2.7972746448214703,0.08066104379757048
2.6945046552776732,0.09777527924231534
2.78416324447504,0.12344096142698399
2.5354196209215156,0.22704442605661967
2.800978440610873,0.10233349898979241
2.790526559646561,0.04158716836586109
2.8058087411039576,0.1361545033240679
2.8142208797077926,0.12906972933637165
2.6565201389673296,0.2101359682749591
2.7584865396150646,0.20306618292668743
2.795409104547531,0.1768154193814813
2.791595379096801,0.15568799298120126
2.7026029353872647,0.15080595160968435
2.79872204026154,0.07398608256291983
2.689951479425146,0.14529345715192915
2.7547270327651554,0.1261343375874337
2.766211670829415,0.09961629944236967
2.7144994434898075,0.06151264346043484
2.805641081279811,0.09701401221919537
2.783999650239751,0.1619666752689432
2.6699295820897495,0.14309399670228892
2.6617021135037544,0.12384768186614824
2.6604583510854973,0.20490974770009518
2.685493624126795,0.12723353368427434
2.7753567306972107,0.16880047231331394
2.7137511824719414,0.22431391951294558
2.6311049896981484,0.16979537750595355
2.6581666394798473,0.24066867357414357
2.684879127602851,0.20182182792507336
2.803471022308829,0.10441679493339695
2.692815386432532,0.1356752023986779
2.7711340085698595,0.058338237411725107
2.7721569964340733,0.2496026465019259
2.7672912252007706,0.2451158301378819
2.7045178493436723,0.20992808917824793
2.6608240587491285,0.13892305880290434
2.716022070788041,0.12798800680555034
2.796273443700842,0.12285317017007459
2.7909175235017885,0.1401112153687031
2.7855829323591177,0.15120931888658898
2.768262340972103,0.15847454342007586
2.768185968742872,0.15957910312868856
2.720833292429984,0.1414501566563247
2.790263594392475,0.0711018511940206
2.802687668964143,0.08072199225068376
2.8257363827136963,0.12988058742582975
2.8407263099084084,0.07042956928431582
2.8402974604908344,0.07325711334339274
2.7385429719005634,0.09205513034267877
2.7670516120902326,0.09825237001606357
2.714908235594655,0.15729629242303797
2.6738090234576024,0.14918771162678535
2.6809012405281782,0.12288181842812684
2.716094837913552,0.10872404392062064
2.7574443604610845,0.08122863639642901
2.745980562940412,0.12449045747260835
2.7272715580191575,0.12530749973810607
2.7482983698389205,0.08456373844674292
2.731837527132635,0.14595838368238714
2.804519075457037,0.05187635932007046
2.7236672311513686,0.16356670227003098
2.689633779696461,0.14885966855045246
2.8860783217860604,0.07227272733003766
2.627284810922337,0.28966148072434406
2.5681914706252065,0.2524196584575406
2.6440745773489653,0.17081617115358882
2.6400452480307326,0.22703732846101632
2.6102682923229037,0.2298411573252605
2.652615626984181,0.2694419715585015
2.6779566043291783,0.10383697961654761
2.6932064388434074,0.16620085862632555
2.7426622885991465,0.11756459477072233
2.6321171969310533,0.18489176477626545
2.644524781802244,0.15171894885002335
2.7154425020515225,0.17682578790870418
2.765961571009681,0.10283600152786383
2.750814635062089,0.13238610331521472
2.7812494308072577,0.11115373338993666
2.7377348787119615,0.13390955024849915
2.82108663874716,0.0819726577044169
2.7853269813547317,0.08574225012825278
2.7561724636306795,0.1193903463291633
2.716041370091488,0.17133023645542667
2.720523996465684,0.14391734705632728
2.762227445307139,0.11510463613949959
2.7566153474952597,0.2039386061344967
2.7667304669106194,0.1828065031839733
2.619541338312825,0.11809395074710692
2.895916032766603,0.10492710915272292
2.546772206654764,0.1566849180155177
2.5322515223826882,0.16838764504823614
2.5219794322284965,0.16576627961421572
2.5254216274879115,0.17048752371913822
2.5927470768906673,0.21434137934570396
2.619461905309249,0.21306162155410685
2.661114889896813,0.1942263418147901
2.73174652055841,0.15979872856435978
2.6607407961923224,0.16187533906211268
2.7134666868751456,0.16653605041456798
2.694037539756568,0.1909596764277278
2.617563255095631,0.09569816565955616
2.8147720058116286,0.1390501332007063
2.785171881188032,0.11857835122018037
2.7780818070914375,0.11733381216763687
2.7602543968715167,0.11729791366155896
2.605397411322753,0.16963372462492357
2.6409237547919973,0.18029655941227443
2.7768174421476086,0.10644443274806917
2.6983661961659786,0.11699070212482178
2.689148866216668,0.1719132337574183
2.71634981320069,0.15152088568973374
2.7579154605012075,0.05951581940787233
2.655690518659484,0.12410572987422025
2.6885539099745808,0.1286870734297533
2.675274234368189,0.11289064001537502
2.720122407585083,0.1282570010580161
2.787072020165778,0.07405424322822587
2.732093773998778,0.12523410592342252
2.731911483635081,0.10429445357790434
2.6352966023335833,0.17112623561910073
2.588915468989148,0.20042172124396546
2.641538349816081,0.2351980918047991
2.7134374880382355,0.11700267167976376
2.6876198932376387,0.11793976130748793
2.6501181236887636,0.12687906871843266
2.7423304147024568,0.12285961094365377
2.6913109239307293,0.14070505111215012
2.6901610179277995,0.1648454397175573
2.7386598497764516,0.12664285936357236
2.7490123047537285,0.09834121650871894
2.764076122606742,0.086082203594613
2.748491702835292,0.07286369802992065
2.7684966572363128,0.11468617638493611
2.7656504729278253,0.12503062431570253
2.668594402250143,0.13882954918525503
2.6795140789890906,0.13001720269711547
2.755157049742693,0.10549197944366515
2.7724744280716007,0.12051040270731776
2.7161655141357297,0.1263595570330274
2.74365736934089,0.1250888800554773
2.750381962740336,0.060953692639191835
2.8128191189633807,0.053961881676606746
2.8021819257185308,0.056532192731820766
2.804732608095281,0.05527339833722968
2.7975605517039934,0.04488206335062652
2.832626090929239,0.0723482721131829
2.834947551167555,0.07542125525667433
2.7046031175164558,0.12375603709090216
2.5835226881019757,0.14815911169937915
2.712254714361411,0.16202091352096137
2.711103694701158,0.17030011743958065
2.7347226869370638,0.09779122746191292
2.716068967739413,0.1189070148836048
2.798819914006479,0.08337075806796625
2.664654630635654,0.11724638150642651
2.706619880051189,0.145055711769644
2.68197611612585,0.13463916353998295
2.7114961209338695,0.14182674151049351
2.735194695841202,0.11602880824397606
2.698975545644457,0.10686688172435552
2.6507215228170105,0.17382773098115323
2.6140773230569265,0.15090277586497508
2.7140575295435605,0.2040790615305372
2.59875282613909,0.27539880398565736
2.586422034312832,0.22854013252712674
2.7774612934873275,0.03909764815775337
2.8148369917773177,0.11348175848312153
2.8155960764802845,0.12083219120582663
2.8679733889730143,0.13671193015268016
2.8443491004657537,0.14746351705318564
2.7970442092324417,0.1450728288209117
2.78321254079781,0.11701190812105687
2.7905467654301512,0.13009906433400992
2.6310689831422693,0.14738427696789935
2.6991292236938826,0.23707584186343947
2.653578971269963,0.09714220344680813
2.8318100472729006,0.1406132850728259
2.7876126875381892,0.10077904960388365
2.670674689538042,0.10835593883283245
2.6909617978592655,0.1125355185615098
2.8095546236846856,0.0899043329159589
2.8520245688652452,0.08509002872945497
2.7026481889449285,0.1301149432797459
2.7577502090971278,0.11473410951435473
2.633070087405172,0.2091700251527146
2.6777813489557127,0.2159143592177593
2.652985974485338,0.1324181608410475
2.6461107198740943,0.11464330963598116
2.6716732370799448,0.17935658483114356
2.644390380950974,0.2252617659250032
2.7068407323592685,0.12457023691636748
2.6144151506477744,0.21808498582909747
2.61422898820245,0.19107598348083984
2.6473248166728554,0.19617619561987715
2.621000002883457,0.21075543896030546
2.658877203826312,0.15369814805574827
2.7163941920811,0.1495175857526536
2.834091701126595,0.017083901151339828
2.816866966036821,0.07348522554128953
2.7453623687880557,0.0738122175787832
2.775678872512368,0.06108147918142549
2.7498785082533184,0.06878559370162261
2.8010228386785423,0.09483155754740293
2.641728233167252,0.15401397387579766
2.610614142567833,0.10565365624491749
2.608022632527231,0.10181301458227741
2.64670677369205,0.13088952439922552
2.702705088114715,0.19494487020671009
2.6231954572278946,0.23718313372277072
2.692312335310675,0.25815931911316403
2.683177439804061,0.18146667426826069
2.6594464485495553,0.30019227478113486
2.66132913423267,0.09506201464187582
2.6813101255537406,0.15059213191278395
2.650788142434338,0.2023996701919575
2.830466863736307,0.023172524412153905
2.5776502356852884,0.1909727280708917
2.5846336481927574,0.22874604570907364
2.6129215477443726,0.20646988573627767
2.6967056763202844,0.1981229312582285
2.6703965616955267,0.19698901931396748
2.800661038341115,0.1982116441734326
2.450679563887284,0.1740995146432825
2.4387900342657174,0.17683344010268107
2.494519305556038,0.1873923237190202
2.6766712471189704,0.3358248540073269
2.6450434093066706,0.16883716066496327
2.6643082761775125,0.1937333364741774
2.672801141965757,0.16068583821260146
2.7360127788061877,0.14807283238107188
2.7328815777826945,0.1196699195207576
2.7198909391411537,0.1303173640010829
2.661209146958036,0.15128063778502174
2.787407385207098,0.1705164604620696
2.755735570941847,0.19827679809766857
2.731543307789443,0.22687777791179078
2.6540572388385013,0.27867345674076155
2.6334635172290897,0.2524809982256059
2.567217164595966,0.14819162690965165
2.632012485429259,0.22734032206044444
2.6283720069500602,0.2281799022805748
2.610498351060861,0.13560955380491255
2.777181922750249,0.1422124497682134
2.7051358141210056,0.20280911312747948
2.8186702733643294,0.1512580687701775
2.807472533607331,0.141680526684431
2.643014191038167,0.1831161276485515
2.700793069929961,0.16890351677153453
2.7561354330969507,0.15625048653596102
2.7356330882198177,0.12464598581862149
2.760077233704867,0.11155987687668503
2.8005123118867794,0.17403282760427657
2.5435091506470333,0.1667068964445221
2.546545917874162,0.170371826785393
2.651915230765724,0.15780600504075837
2.7467457954428394,0.08081936543797949
2.8067433515835796,0.16129687432406858
2.664962252488789,0.143995267351
2.69525892806761,0.10593958791370177
2.702856554232564,0.21966641083773222
2.6148971979650546,0.14010961273881822
2.8135126441184437,0.08761373621331786
2.6752476851005214,0.12858805870733492
2.706513775180116,0.17677434532455302
2.700409455256074,0.23578684867536534
2.7267942693359215,0.26374475335119524
2.6253667433878647,0.26465129840451934
2.6264592688148682,0.20926983256826898
2.672768350456377,0.14775147471904787
2.809643009210275,0.07801403639828998
2.818375775289987,0.07914401786661888
2.7634591937383632,0.07981846081897612
2.7573434884026033,0.0831397186503378
2.862624541584302,0.03832213526917157
2.867373880625336,0.033384469616532124
2.8167352870634454,0.07051245867441477
2.8088314474829144,0.05884083436714843
2.8153615148984636,0.058804183323324856
2.8105749460226757,0.034479055696865615
2.8217848852859895,0.03517633394305699
2.839930892982011,0.023290058303191214
2.844655152151286,0.02966906708324342
2.857299261909016,0.04280479691229665
2.763738290723605,0.06561027263501856
2.7566510684764096,0.08111941390334979
2.749959321533382,0.044356419636263654
2.7429870040723596,0.06410179811120723
2.806798228152472,0.10720027971482737
2.719463717973169,0.07043600821807046
2.7286088921176166,0.1412461869648053
2.680969987731709,0.14712204997902206
2.7603658455894613,0.1656207640074834
2.741359623692028,0.15613136706367145
2.6990745614738896,0.06120135174820244
2.759586268795824,0.15765155152043428
2.752756071972809,0.15416223334021836
2.633281437633333,0.08779787387506713
2.6775437950677072,0.1301834701257695
2.5746977861233695,0.26663066126282475
2.6099842626527434,0.2230219450417035
2.6280440791711603,0.21085808848427093
2.6813123351015236,0.20324371502308627
2.662104856171679,0.18438910469629174
2.647230197288386,0.23098726567283256
2.6838324849806217,0.20984112890372295
2.6801534390807,0.2223644454147335
2.6159401981303128,0.21550689733869793
2.6199180777447957,0.20468861731505655
2.6425707076561644,0.2406851283582252
2.628291590820444,0.24020772773932722
2.6313444494120746,0.25492952990075934
2.5856534633737187,0.2675881394398124
2.7016325356794093,0.11439931750651565
2.7989355362636843,0.08994916512714758
2.817577912943577,0.10844165926588109
2.6510459881380086,0.1435351990809752
2.7874896509799596,0.15582453683743208
2.757587381469237,0.11733140452243068
2.7254568386989773,0.15250777104060842
2.6519125753099955,0.17079213912220476
2.6457593511900064,0.17647570255523776
2.6252830960625118,0.2335140711594614
2.5925860257228885,0.20611273586618062
2.643208495346194,0.23909465967452873
2.650255144308591,0.35555184450081767
2.4529141137938812,0.2682923435378229
2.5923428628889034,0.33963758340911715
2.6729863356396066,0.2133786757252746
2.6528869380595284,0.20889415475429465
2.717406910278596,0.11288854063815384
2.7742915105316843,0.09394743401596316
2.503530238504163,0.2837108858100458
2.5600655873548677,0.224000145661629
2.666519374769804,0.2542458112411925
2.559499511009733,0.18482187079409187
2.805380112165321,0.15214512402891864
2.7520993432482515,0.05496134939512209
2.751294441283982,0.12870082442428532
2.6799138519346326,0.19069992522978513
2.7646753180568364,0.17662756937673485
2.5735902903324175,0.13436586552271654
2.739729284829254,0.24203334785725356
2.575564762439292,0.2703109048429226
2.707852537725016,0.1189050833869427
2.6886715020398024,0.10629250768307164
2.5400620299587846,0.24657763927689902
2.5615187514787108,0.2609079337441153
2.6709465102901464,0.21548092146835343
2.5853171934294816,0.22087841394463653
2.7197349573238263,0.20706551998643455
2.717480808262742,0.1534547193970766
2.6944163901758134,0.14947385208099762
2.5430053801894683,0.2895916973855085
2.543032838862513,0.3113895399718255
2.4969133671123696,0.289406176983645
2.6586170856383577,0.250310320396033
2.6250278064409573,0.21223510800935125
2.684150077901151,0.23798941174404015
2.7147714587234626,0.10084380220154167
2.7699557654606517,0.1363576533656067
2.743318244845154,0.11583129199472056
2.793713567265516,0.07771854097365534
2.788439331716895,0.07408501716685645
2.6653064106743782,0.18397593602387213
2.6808044991987248,0.16675683952039988
2.72949453403826,0.1970477718189901
2.584488112121201,0.19447323127792918
2.5799763214224654,0.19229634526286665
2.717817429791645,0.15255192316613875
2.660185545221913,0.15510353834946236
2.704209467208198,0.1485842140739185
2.7428438525037895,0.1331072243504403
2.841840480337053,0.11048408616704741
2.8331742065266003,-0.004321235901091329
2.785541731935783,0.14687658040338036
2.797645421543203,0.1518009175531594
2.7765009243411956,0.11908761829120677
2.709802991589177,0.04851212330707656
2.70822354406862,0.050733773579462564
2.799827627961208,0.17070036252184445
2.624495302828411,0.09417267815262167
2.6746152922843507,0.2190762226962765
2.665278089584203,0.2308156257026819
2.6439661849752816,0.1326595571394909
2.6709658124197344,0.20118800547860125
2.7092545520898357,0.14546553491090172
2.770723459483045,0.12223769601362904
2.816906762730153,0.12723441613580938
2.7776775608780513,0.1081022516092481
2.752505666131358,0.14286965285598158
2.741377345315729,0.15014584175613835
2.680958952136235,0.13966099986849356
2.731025834386249,0.14897262493150445
2.7274269636084374,0.14825462743352294
2.6733228899479777,0.17789170264324652
2.6728863029471803,0.17221074520346338
2.7474815559613197,0.12110486272271971
2.803948045821407,0.08043995752522612
2.761195556044199,0.12491745207603806
2.8091101392730473,0.07084425663074305
2.742142432120922,0.14620715088462058
2.7906476159157707,0.13189753042199887
2.6667843907551023,0.11531909689777196
2.8008393335596726,0.16396504817866134
2.5864991800587096,0.20251588611511812
2.594158203201291,0.1975710431146098
2.740194232436935,0.1778113919095463
2.7556279655743645,0.14740461829924315
2.766199278247748,0.10065806098509335
2.7564054849575172,0.07837350674321532
2.79464900401674,0.10080527752068913
2.788816171554549,0.11642395389663387
2.8687857932549576,0.13064106043731033
2.649247006868815,0.08247543903895588
2.6281442483144715,0.09626685534881736
2.768641179617301,0.12656521251229644
2.7635150657000547,0.09244407827251357
2.7837769089490423,0.18940557032081132
2.7111967463120132,0.10143871870077195
2.691124675830466,0.09340835164527848
2.814471533558622,0.08128875485334913
2.7693820602351624,0.08102957572560616
2.825474492289069,0.03123675778870127
2.8093890669839037,0.0889345043436274
2.5550453765584815,0.2335059695650305
2.5585148697042506,0.23510786626272503
2.560262007199606,0.1956546710290447
2.6586685959498526,0.08021878243233145
2.7354041167416856,0.2597082731438242
2.6823283402164937,0.22024584468392824
2.701441060563522,0.15154927119879844
2.6662107610642574,0.17421919296545682
2.60160649278925,0.2593501634050715
2.6613900153169268,0.26235193272314206
2.6130687461873294,0.2539110352829585
2.5850538255252475,0.22902314671139554
2.8783776859972185,0.02571414421256228
2.8853238121948643,0.06842966704862806
2.723264740644544,0.023548585813022146
2.776165749292709,0.15427085876443544
2.7582615238020507,0.09983011306501642
2.781368098596703,0.13639581437811948
2.6491261712500394,0.15366016398282992
2.7073885188700713,0.1961025707827603
2.7049527322935787,0.1998760086232539
2.67472881676354,0.13746676210419106
2.725048914930228,0.11997837986490806
2.6693004454197786,0.07812653331750057
2.6668818523642615,0.07563428479951273
2.6707238708833896,0.04374396513600779
2.67952779732751,0.14883787468882698
2.648491409230632,0.1694252145912667
2.6005201365693855,0.17979756072537753
2.7449479005938193,0.1543953258830556
2.750732632996249,0.10452341685046737
2.807873591249508,0.09177955484239148
2.7855726048185154,0.12299044324516989
2.8551063730783404,0.11696832988313727
2.655555284676022,0.11669472457211247
2.810396194485647,0.11526170993295291
2.741332985965563,0.08168854868573182
2.7313218711370504,0.19571276658104986
2.8116890196813844,0.004958970108875482
2.9064892169337595,0.07112135325772985
2.9131870905726074,0.024363837912174804
2.9254135583859493,0.03571625749892894
2.9134369331394776,0.0271905167022965
2.692581219395619,0.1784728263662698
2.6686021467534773,0.1820478586991445
2.737719650555852,0.13128017205801726
2.6939008576992958,0.12471823177574955
2.668030587910184,0.23527059052816185
2.6824436494077615,0.2277566549176879
2.6120515137459037,0.1095259849443562
2.73503721970458,0.1565821780254048
2.72281756554546,0.0797621661824971
2.735555078549522,0.11534676193696114
2.8662042148893048,0.03330935014004232
2.7751440055715,0.07684646519447445
2.694619390512549,0.15580391237991031
2.7328915413147716,0.16258508503377903
2.6956252543777133,0.09229196230297962
2.733629970798589,0.11088451742826502
2.6849122886099344,0.1770985610029158
2.649510692663808,0.17170339197209916
2.563054631697645,0.20262681660278162
2.5832539594805053,0.19550046764447795
2.648623164539961,0.23693226769615428
2.72335266509162,0.10860382973966198
2.574854574238662,0.3064023494585809
2.5760404706152698,0.1929508975978386
2.791972948999793,0.20970809173381383
2.7525126330678504,0.1951730196014456
2.801475535715573,0.14519860303606544
2.7603349646351827,0.24110033816410556
2.7573527390529353,0.2451368476966659
2.680756458722674,0.22578552707357358
2.6855674860383627,0.23708750120281838
2.6864572930935635,0.24989060771941007
2.5658787074389147,0.23986340774894652
2.7861285355552137,0.10439784447590235
2.7425747307388013,0.13411975090267741
2.7608080632822967,0.09159962089559108
2.768419987371279,0.09674091617178651
2.629683246639241,0.19745939991016798
2.6531936321858884,0.2295517878301875
2.6058253999210073,0.18223924797208826
2.6308879572076007,0.21918597132139597
2.62035577007044,0.20811699196255015
2.64108998413094,0.2083055793605312
2.581016305949897,0.310340106500169
2.58813170643808,0.18479133261952752
2.5748374854400033,0.17030141622175124
2.618744021704321,0.1801997713267584
2.859882012054457,0.0677612513894441
2.7644057788198135,0.11903244134662826
2.7761262432615292,0.11331837047096745
2.750833284101776,0.07192912463284859
2.7975868573657614,0.05638916157829287
2.6627918502079293,0.18572191078640066
2.6932243725918266,0.1827501774284321
2.6030950801181167,0.19247574904670323
2.652173491127123,0.22264469305001627
2.6569727029138277,0.21396624395391844
2.798539464509436,0.12304412609564991
2.7449604400721985,0.07073439395899493
2.6599347089399914,0.1954647168467741
2.664601083014338,0.15767218275508102
2.6899458542501913,0.1766795530911054
2.664515946670723,0.15067348369683228
2.7156587436758826,0.13339127920056743
2.6722822779225837,0.16353096810271686
2.678905696918273,0.1743580950883613
2.7438172778297814,0.10078151844389857
2.709065460518343,0.09582245596612782
2.7211223202364563,0.09193806793344053
2.6755906610385654,0.1895760161171338
2.6572568518617334,0.14377709792528867
2.7287207234325375,0.15130582908034526
2.6292654173892474,0.2084323942419582
2.676557744070396,0.18714519737392898
2.8317902933474537,0.045511964267820414
2.800449804594241,0.10692125105387684
2.7702036686536538,0.09856049062867792
2.7047258807486925,0.09183412169949086
2.7778792392654874,0.16718201379247177
2.696705961260283,0.17606992412891218
2.5198364824018493,0.2822290233199792
2.583846662092102,0.2884346827517079
2.655138633654203,0.27530239994711375
2.589720407122014,0.1705493667860897
2.619700540142068,0.23793207176270356
2.599570475386805,0.25259746398812605
2.5877717740885684,0.34606436383699996
2.579206765995654,0.37964003204738467
2.577523889859891,0.3495672538282975
2.5387526822455078,0.2706849388081814
2.5498583522738536,0.2546387564785414
2.590994655425392,0.26870531515830626
2.570237707763645,0.30018702816795656
2.6858014512318475,0.20720240942679424
2.6358300334946962,0.15816046186868998
2.647978514022053,0.13369908644066095
2.65926649543934,0.13008420411392776
2.628014435607829,0.1331274231152683
2.801834200709828,0.09976628057291174
2.8336964238753346,0.08339602850557139
2.703737948722563,0.10142922346764324
2.85734670651552,0.08445475303347687
2.8593242792264664,0.08406049201480957
2.849833704136878,0.040508602407240614
2.7738367326265942,0.10902045929174937
2.851511855932626,0.15045049138872657
2.848596141820423,0.15568606874747734
2.8322433432460086,0.1675301798483103
2.7120327194168494,0.20887118471915136
2.6418087051636308,0.16126578982816428
2.6711493776752473,0.16818288722775832
2.6477988959575387,0.15792475173886047
2.6523503473222947,0.17047878843163167
2.6325652745480173,0.1391089485520311
2.7453229391508276,0.1534248415818622
2.7520293133380314,0.0839977560300202
2.7147302396194237,0.16012804360399518
2.688835777982128,0.19654710224095595
2.6019336678304437,0.2458419675528367
2.751855214124283,0.07841688089666021
2.670209703421853,0.10825603499123236
2.7271380202754956,0.13950628279459418
2.738248228176265,0.08385719595294448
2.770542324615943,0.08278298250360412
2.716857318677084,0.14976899846253683
2.5946365204272093,0.19158538976995143
2.731284494551894,0.18613232786592793
2.727535530488557,0.18999665329837456
2.646706548100147,0.1583455097638124
2.723636083848641,0.16424758888407295
2.787852507965109,0.03893043663735876
2.7301358185580904,0.1650310920621039
2.766349669955352,0.17082636666284895
2.7003768263954835,0.16007966005235685
2.6653076297256257,0.11789020940826436
2.830271062214806,0.07271970397440845
2.829490030232582,0.07585389862457327
2.7687156401682134,0.14162705931660946
2.6961158389168296,0.12451322584928151
2.6588503382826247,0.12814609786725925
2.7307992736545095,0.11179204466099221
2.5866722396163273,0.21111745243808894
2.581573202615632,0.23994345411190468
2.6546587042261245,0.21313538980800287
2.6227730913491456,0.2293784094627004
2.611853693085381,0.23805409514490117
2.5872071539126513,0.2629059322989958
2.600893297432451,0.29703631481033027
2.641883542931311,0.34040160360462834
2.6087416412948388,0.34491714476728114
2.606095811512318,0.33849522573621266
2.6192952424943274,0.32238030924859173
2.582237296597115,0.3014241302863052
2.438158370369893,0.2778015899291155
2.6620182365873917,0.3398176532630978
2.6756761561363267,0.3343406417702895
2.5197897394293975,0.19094065088724774
2.7146428721867366,0.2585350708825268
2.7927967071466435,0.1703040612678279
2.8672399605762986,0.1467291733812422
2.7237006688706926,0.08323932315976129
2.737537160907452,0.10753299867684614
2.7996723551747538,0.07493612948884097
2.8003198052167595,0.055242205940176134
2.850172348318896,0.0479326060986419
2.7909876220843075,0.04941142053995533
2.7683593314141914,0.053456767775140995
2.736237018548197,0.21049499207520886
2.6350708759722723,0.1832928829398756
2.7502710254445857,0.07087207485143124
2.6382704453015453,0.10204547512159272
2.739424659584932,0.1264936279983478
2.718147482699082,0.1445886181810691
2.7365714234109992,0.16430061585361527
2.7153745442646917,0.16460047933874578
2.7851285734929694,0.15488885552485626
2.769809369991294,0.15931252987908623
2.7944570277354317,0.15617835806312208
2.7571706360098123,0.15667116309391693
2.7890122009618863,0.15795272002912517
2.8610755296430077,0.08577484735840278
2.7344454680988486,0.11360600049908717
2.7625772358597813,0.10051683234618591
2.6726267704857816,0.11519464035689335
2.6995357322019378,0.15926743482482367
2.7613672839171084,0.07124322920986134
2.815799767715944,0.09366138043870267
2.7994606949758145,0.116669365800229
2.782400396336385,0.08849609765028595
2.7536288844530548,0.11399830472515377
2.823328712059166,0.1322355894338698
2.7136401050895045,0.12890070865804
2.6581467541325923,0.17761998936166534
2.684219994924596,0.18716461107869187
2.790719277116611,0.2175534326638475
2.782082081307822,0.19323069214135846
2.7914211723461326,0.19876321713283035
2.755929406540642,0.17081156079857523
2.678288121370975,0.14556461698743872
2.682757579062956,0.12350349177051444
2.684733887345322,0.11007302223161346
2.738069663555745,0.1537526684509751
2.82144872150083,0.25775177188753934
2.743169641981088,0.24829349756633487
2.6118724309567987,0.23338950887477955
2.6395452226317215,0.23202078294054534
2.6222948329647555,0.2544686323370763
2.6300665890807022,0.17999006345710725
2.672559638419743,0.17504127605904127
2.748020062794622,0.10081312057125025
2.8195468413028997,0.010983871628235968
2.8163755320627013,0.01755838224276305
2.811799370423436,0.043358978294138636
2.7764358596985677,0.10525548007756015
2.7469281396005,0.13915562259318198
2.661166346272475,0.1675415073585826
2.6360180495452283,0.13417513879476078
2.6755880906681413,0.14501487553888634
2.680705078627087,0.18154526404998014
2.723985911121065,0.1915129717969945
2.687617290735367,0.11986027592146511
2.643411122498025,0.20536329507731713
2.6412688011213548,0.2219455677661563
2.7978907662032215,0.08169899358403272
2.848290704444274,0.029470051131676032
2.8129409189177927,0.0700008601944212
2.8029525080429196,0.08816886427163531
2.694639716075197,0.1678960057987538
2.7671317600870062,0.09835199884114453
2.7652433299126193,0.0872562113373256
2.773777054399874,0.11223438667099649
2.7603945659363607,0.09478410423479892
2.7069457607081944,0.10514720489394994
2.839538537873807,0.07540617827945102
2.753711747568172,0.09515728979247345
2.7596637390157226,0.10658498920918869
2.7003168124119665,0.1215696121615728
2.7008696931109313,0.10663112123766937
2.6930232104292817,0.12956771401053607
2.699308431874743,0.15072842341927725
2.6513886098768986,0.15384211860149
2.6517923724595582,0.15282918704108678
2.7225909219120292,0.16541285529600888
2.7244313742440704,0.1615609810705156
2.68411338221443,0.16452564025321792
2.6816776011028636,0.15315888529803204
2.8736321784226684,0.04080183531409589
2.750850331664946,0.07452599656031171
2.840362896000241,0.052647699816432525
2.7318276724719652,0.11196929023248416
2.7179480322549785,0.11201006811833951
2.7972474579410274,0.0828449549651147
2.7434153701542683,0.17936613044683317
2.693077354086492,0.12065843811018415
2.7279007711642937,0.15342837621834507
2.805718973388747,0.12441327519782393
2.6455497702620936,0.11676756655455713
2.660974012051234,0.13409823124097775
2.8008575004299865,0.09122214443492525
2.6372100860175056,0.1553556584949487
2.6097124773096896,0.19060404948088902
2.715995239524422,0.08012751703424678
2.677775236282815,0.1531233912501187
2.6433314631096367,0.18872960630846394
2.6166351796524427,0.16813252044622315
2.582664952924487,0.23840026936384787
2.707198509173278,0.25245156540179725
2.7202963994339626,0.03995084677116637
2.7139983035850896,0.026735168014053814
2.7084904554489015,0.10808453644843326
2.689016844207694,0.20384390031527666
2.6415759211428504,0.1439988725727658
2.6529046004453543,0.1773022118707971
2.6335031245589082,0.2105334283485845
2.6693410127867847,0.14356174164388943
2.6797511995050325,0.1695428427578544
2.7649972173094617,0.11789988471802297
2.5910291363538533,0.26608523675771084
2.5923242180191495,0.2633922545636858
2.633383374472691,0.28714536311444017
2.515657668422043,0.19928104353008622
2.4782269576840514,0.20397710497363383
2.517921329353073,0.248533387234259
2.5413886852489607,0.24247447297650715
2.5526065356265613,0.2593533139403897
2.55754583564926,0.31750790127100154
2.574845774824599,0.28609760519602756
2.6706269569772494,0.2396300720863098
2.6367815596321935,0.22962411351550907
2.720048578348725,0.16257882554947228
2.7870198413747387,0.047506515518868864
2.745586976211452,0.1763363464133688
2.715831878650104,0.07231547703081556
2.7363004006025755,0.17041809210332778
2.726179301771194,0.08111096951799447
2.697992369962881,0.11576057969163232
2.7007327503447853,0.11670172948130396
2.7118909043288566,0.12432340501747156
2.7404069366709884,0.15271625478687315
2.744559454903627,0.1309843390769734
2.788858687882262,0.1338311635589603
2.6711771414137377,0.11408559195918275
2.7865104463990464,0.16436080001252173
2.7638908711920025,0.13669599371229513
2.754910565475115,0.09335153453871815
2.764095545147762,0.08257698148133015
2.7897034161891843,0.1949386648664202
2.7003762351641525,0.21648188535953486
2.6393651044240793,0.057845724646094304
2.6564777282123213,0.2587259865028463
2.707460219818658,0.05517814304516003
2.6982395158912675,0.09611362257165622
2.789990446864419,0.191768223712834
2.8084478365484675,0.1713964137976567
2.7318324099507816,0.11587424099548504
2.7694284113700074,0.1110029845562936
2.7377605372355567,0.0978646846975973
2.7696637237862083,0.13274714004195515
2.7935375834708824,0.14138494746106745
2.752693698619739,0.133237011003966
2.728412423471768,0.1604010679049478
2.714709081224203,0.16042987335908843
2.6729973848392268,0.16610469743143613
2.7859535505452087,0.08189118172386173
2.787245244338463,0.09984737957221489
2.737075503038917,0.06657328315446011
2.7339630244347277,0.06446199627208932
2.791835636330829,0.13805932298384305
2.731613353480473,0.07515541645020331
2.7509247414528675,0.07275968056089878
2.7441337489282485,0.15261844566026522
2.7089997541328596,0.18135843624014922
2.7244323038931375,0.15392653653241387
2.7492613598404883,0.180738195782613
2.7522871002022256,0.18420163152841668
2.636829319228904,0.14538800397360535
2.784555203676758,0.15007225570252697
2.6420574739772698,0.2424314362447736
2.597223766050028,0.2338506514509462
2.6599509616547405,0.18664617976596254
2.666697230080869,0.19968868754357016
2.666272500857924,0.20121028945437996
2.806601587517001,0.06742785685206702
2.7436941334932157,0.08441146977057343
2.82451637106669,0.047615360307825226
2.824864431778045,0.15170045228581905
2.7803653576573564,0.10838129227198391
2.7573165711194023,0.08899149506376176
2.8236737959583413,0.08941148361338093
2.8024017798408902,0.08663703762706239
2.6884025147261497,0.11410448623975915
2.769358105445341,0.07559886561802968
2.793011465779074,0.07671106916475981
2.644193978666547,0.18487843192629272
2.742023121482132,0.1736556339782498
2.7087651969267945,0.13605324871550437
2.686215143093161,0.1679755643587402
2.856089979605704,0.03177784940905977
2.884668248573428,0.0896041140351633
2.73339806004351,0.028494519679296823
2.508565977468226,0.35782681461668564
2.440143875963265,0.3243724682186565
2.4715635743762485,0.32284167846615797
2.4695809002735802,0.3299358999870247
2.5907846584272396,0.21614459017951373
2.6793481563618733,0.17277922140290874
2.6545014648368945,0.172558415022712
2.6115810647931053,0.2547241592043591
2.645826485914836,0.16001811357398066
2.675373580974019,0.09758455620095853
2.712069884875926,0.132831555160455
2.7654518013540934,0.043343437416347365
2.688956971312949,0.22659453404138227
2.6555573122851137,0.09055704696042394
2.71133148135449,0.11951601615242106
2.6862071397013794,0.21805672367453577
2.6768226263456865,0.2657448769407358
2.652789227357584,0.26661026027969786
2.6464764534818164,0.27213466565135624
2.60139726232522,0.16636716799274176
2.680997493681547,0.2326896913726433
2.6863043861830582,0.09460734535174237
2.729610396038256,0.08501606315562735
2.7332843904120474,0.06852311419288361
2.7343220497130734,0.0745357770593775
2.8609095491127627,0.06529253942590854
2.9252312147769297,0.02799252883648588
2.6688542255846994,0.1714357682605257
2.669280328377606,0.17462864022394395
2.6729305905160894,0.15877127434928176
2.792591483858492,0.08383684137348649
2.846546988094,0.05582996018975528
2.8638056916000156,0.07761083076956306
2.8931744549241367,-0.01876789013910289
2.8660275758431357,0.10056297386329317
2.8559424366095003,0.09229394793364327
2.86459234690451,0.09793245509024115
2.6965057764894076,0.24698820390528542
2.6314724232334576,0.11154772254346088
2.641273692041119,0.12635265095591833
2.8199436501450084,0.14435919467639535
2.84714691009546,0.12828546452939765
2.8133530258424746,0.14349495257734207
2.797609074073058,0.1453890183670466
2.5918619240846708,0.22851526785513698
2.6018799244268727,0.2321764308878943
2.6908682797227748,0.13189746833050076
2.6697924829565407,0.11708767967488141
2.6751481896920484,0.12779317584650898
2.700360567307584,0.11599832645692318
2.712734469346678,0.11319300886169184
2.6908595639025656,0.17103054521252387
2.76772399598483,0.0794947213257476
2.647130531448388,0.21357587293825483
2.760640455915414,0.07574723787730996
2.715733447765873,0.14925623241148284
2.650703599471467,0.10930857884742208
2.6874402888261844,0.07097291562587928
2.722577739129661,0.18278834891071394
2.726403322847999,0.1630415016646189
2.751256337243883,0.11722100617905724
2.7227490877146763,0.133430671949377
2.7222249830977288,0.10681139191640417
2.733717615907447,0.08697055963523648
2.72171757427409,0.09243814199635195
2.6838868576296755,0.06495538433636021
2.7129357551710234,0.2460749716762342
2.709438347367511,0.2426409933583327
2.6909109904845043,0.19954489740289527
2.685145353130883,0.20581051847599807
2.6403435931895136,0.16642302348843535
2.661031780484007,0.22504603403084314
2.655967807042017,0.25893495032659564
2.61453527621899,0.12606810338513133
2.6966715376964205,0.059018375113573385
2.70503893769497,0.06251778011787788
2.7484123770861593,0.16518221433052446
2.6476470081313868,0.0998220287734284
2.646472551631903,0.11258757877710217
2.701235855288626,0.15866888270409166
2.693031703468514,0.1338002775681467
2.7160685436943326,0.1284853642149501
2.7524436304471225,0.1575922169487404
2.6692643841623185,0.17797893049762034
2.715405212729529,0.19767113661321578
2.715536100714738,0.20230968030468394
2.6138340923681236,0.24397830340399979
2.5375277576933444,0.24331629672281682
2.5576700137086608,0.22263373973498107
2.8080772723973944,0.09472797835606532
2.6506775900420854,0.15191108856027374
2.6441379627195714,0.11888419220989174
2.6134000552200956,0.1334092920821319
2.492818859720136,0.15767674432772844
2.886354197117011,0.1586874229076665
2.891420084597623,0.16585319969521647
2.894787816931689,0.18400708682113195
2.577689445811402,0.13670173230658406
2.629027785182522,0.15741530147228083
2.7042018733229347,0.17830003214717238
2.77834770005958,0.16539529590233015
2.7551643400131445,0.17128514290196797
2.7657803466743416,0.12792237300392253
2.786196141091716,0.13104253846843675
2.8118176712219345,0.13579854212909753
2.8178740638783775,0.13240381390480802
2.7890440987817118,0.13292165508025489
2.7003230136152134,0.08236431266130641
2.7315969145609347,0.08601905432063528
2.6777401653150474,0.10980060682205463
2.6984649273228536,0.0904255383463536
2.708164828037374,0.10009642970843545
2.6378938828663485,0.07828514139888362
2.75666356155435,0.1271805823697215
2.7381167173182206,0.14780398491679286
2.7413536695273137,0.11894180621125325
2.764890724190881,0.09633438198336362
2.885645576787128,0.026051503377891354
2.831856154343179,0.028900180487992762
2.8516085712079335,0.021463272453703608
2.7043712180608783,0.183050431525932
2.780920439596983,0.1330148772781516
2.751790514553461,0.15060074873509866
2.568667613122147,0.201403840293196
2.570698196394249,0.20859602035056712
2.614499684372428,0.18044820023217317
2.6333960371058525,0.21210310621544518
2.7293854211352087,0.11071907557186912
2.7600679128333256,0.13934283917733412
2.7612651986642684,0.08373626384374416
2.782933370213263,0.13279024287922112
2.771231932622362,0.1085209931199752
2.7469055057636678,0.13793058962623844
2.5276406650603622,0.24695141512380248
2.5297467659190334,0.2922851789994869
2.563740477225891,0.3019889699842904
2.607346385824205,0.16534447932365315
2.626482420035388,0.1974657805783541
2.671107341760589,0.209707911195353
2.729896463651732,0.1772843180224054
2.6618026660167704,0.153299553228609
2.6877462815829256,0.26419484485947003
2.6768432455868756,0.1928104188211544
2.642267208666701,0.15684946124332597
2.630607401866549,0.19787121767639682
2.782131771670537,0.1172772506931335
2.8203569091484284,0.056337815184172864
2.743837711115556,0.08190964530903498
2.7883784088188386,0.10854399268604971
2.6662920898287643,0.17611972744821114
2.7680480438586517,0.09848927436617988
2.846132837824217,0.1000949235691398
2.771826723322289,0.019896992057720907
2.723363311322225,0.1659861328022907
2.6765934537302334,0.1468253309036479
2.726615811328179,0.1514825378744761
2.6851123501126066,0.13740347889935559
2.7659805372494572,0.1020807680798224
2.7435105073023456,0.13604102709788093
2.7544424927207323,0.18638333658735412
2.709211698363536,0.14347047794218912
2.6748261438768095,0.11060318929580643
2.7154195808745816,0.04067225306446429
2.7329106502710143,0.09957603319837388
2.7348022003018397,0.09441912737893064
2.702809962571612,0.10903258334731485
2.711389375163937,0.1224135140592034
2.739504313728371,0.11086817530545315
2.714333544190397,0.1347885234998385
2.6951026511964993,0.11777943959645586
2.7862648113886537,0.12377892573433573
2.7227205424317056,0.13134462304412609
2.7553881917321954,0.1453471264985753
2.753163060908193,0.19215134151907617
2.803771689303443,0.15596275613772226
2.797793085053032,0.03258944045471527
2.612201642113427,0.2612053615010849
2.6179636696929682,0.23425362229544372
2.595403380520603,0.17674837130424675
2.6448354334046216,0.188718486266005
2.643959986330451,0.18357796288642372
2.6146402895398198,0.20791205905353308
2.6212165445254243,0.21238727984706726
2.5511695118190083,0.23587430828375192
2.662241566679849,0.23627067064630813
2.517918258474479,0.24351712536656456
2.5686506225208476,0.24255332188602494
2.5706911358931537,0.20606011667293764
2.585411837777279,0.20157792305806424
2.7448233333109187,0.15215614077485476
2.779546736097881,0.18458086981558308
2.8272681121414847,0.1475087498273622
2.7750451160272473,0.12121820007929723
2.78084241422542,0.11486924347441868
2.7331789348832114,0.06850691526485521
2.683659900288682,0.12832050608322074
2.690124401436944,0.17512564421037669
2.5373300240384413,0.1323470985679903
2.6050690392283333,0.14797257799470828
2.6144954376815863,0.139250772006335
2.7109228776789513,0.0701634212264508
2.8068372811213926,0.17868409642804742
2.6838099279166423,0.17658389318624543
2.700799136388936,0.19259292845267956
2.641069733885728,0.15740018800495947
2.7330843358506502,0.14183118627253438
2.644008942798225,0.20186636937237581
2.6192202212242894,0.15262135380084987
2.619477763665206,0.21072312113811756
2.740244075408348,0.148191852150857
2.756927071929555,0.11699900309343417
2.7663417226644444,0.04196532291814898
2.8694257907593776,0.0896089338257913
2.8531884369154343,0.07893105543707955
2.846284163932004,0.09253434163495775
2.643161072162246,0.12174949184134971
2.6713392110527874,0.099656165503516
2.7071704259809057,0.09586782851805266
2.655048870198591,0.08195731805679489
2.7501054257765456,0.13558786629355998
2.7737474548175363,0.1727534230038471
2.8463626201356917,0.1450616744052348
2.768021800037022,0.08183537122674471
2.777612893716865,0.11070581582047487
2.7680834006389117,0.14696942706712496
2.7953867073920624,0.13977930169970645
2.8037044228775057,0.10942776981207553
2.797079504511765,0.017959755983787407
2.83526807637825,0.15776287523890167
2.784864238030908,0.07899625025791614
2.7786205254831677,0.0752022720898279
2.825534936313963,0.05218049869710327
2.832298368567276,0.047031877273643094
2.8765495537417913,0.018935090652551227
2.8880094872371536,0.10969521079062401
2.7329368736044644,0.11256861951040811
2.7237052440344587,0.12420492721076166
2.708026999281641,0.11305873219142354
2.7941469502638703,0.06683471011894965
2.744985139141707,0.11748676196256215
2.8390467380078004,0.10285181413085046
2.8397599603918042,0.0368781788277905
2.831474589239661,0.05555828736167944
2.8322364014747197,0.054137318295558484
2.8734506254168792,0.03550519561283721
2.8525857416310667,0.03699500631336306
2.810226452658927,0.13407725052485528
2.665208105629598,0.10489223860362552
2.6629706455423414,0.08829054566504485
2.6551757453858715,0.11764341380698176
2.757054194334622,0.1512512261909193
2.769291748225804,0.15628403093866758
2.7664338899393632,0.17230404684422515
2.691656265305285,0.1358507649590602
2.7520368030631404,0.12533914736230353
2.7612453922230253,0.10738555652843666
2.761806974893104,0.08714215399955624
2.77940158044385,0.1112954569129816
2.700745731520345,0.13272689442622423
2.79853464978961,0.12379410350288068
2.775389812482477,0.051792322280914106
2.653724142279475,0.13706389935764873
2.7778770972799323,0.11611950054599762
2.6374525210831417,0.15511978218131092
2.8782628808801753,0.06016658272172609
2.803484084623768,0.0344970105891912
2.778736442551554,0.08799597143898645
2.722695961866174,0.10008225586236992
2.727970772640624,0.14878724089695647
2.7886879728945986,0.16285991298798166
2.7551543314710902,0.18868177724937663
2.7525720352228387,0.18520835600616675
2.7197930041723826,0.24175729753161193
2.724655659308508,0.181202970037575
2.735699435071561,0.18412541076577124
2.7295629067900196,0.18254742437138202
2.7911434783695843,0.09857454443977003
2.704809699355389,0.1484211429130702
2.7335577551217067,0.14426835808612504
2.762024241105666,0.11666344622927573
2.791312171934713,0.107869564077628
2.661048083225061,0.13686845239968895
2.818139855655819,0.09957528861810412
2.780532046667267,0.03707365318394057
2.7887301656418826,0.09737261487932444
2.7745805114162616,0.07304694219394779
2.8241258931884823,0.05852345243321795
2.82255215137442,0.1249048499882841
2.821385047613179,0.1143791197672941
2.6974761197881896,0.10270115098930795
2.6146652071535184,0.17228126954888284
2.618591703541074,0.2613322966841292
2.7084471798521386,0.08960885341607536
2.7280823493251685,0.11150513389102343
2.857616456350827,0.07511024912737906
2.749766355651312,0.11265878185424376
2.7094795750059313,0.12182384278074547
2.6306395405322185,0.1349478458057934
2.627554587089603,0.13435061828910186
2.6594473349082532,0.1497926674147957
2.8736829882938197,0.06216081082032907
2.8419305598053746,0.00749630743333507
2.823877033247644,0.032795686068429704
2.743266463750776,0.04884080370225524
2.7180106974159273,0.055144558708104814
2.8262487670819607,0.1157234757395198
2.7030597856519023,0.11370493076189854
2.694141904048491,0.21675185053650287
2.650763296280613,0.19694492698307467
2.7205363138724454,0.14534704003165658
2.745613848250805,0.14646435739926889
2.7315633645712816,0.13874320514055852
2.745308460531711,0.06175606364362345
2.7800945691951533,0.051011733286111346
2.8353029129378693,0.08382063063658013
2.815583274142547,0.06387609670844027
2.828968870257348,0.16026965075626542
2.7895586083122534,0.14006717222812087
2.737555068496273,0.12611064577756534
2.740945287972635,0.12524700710677836
2.7348749656327533,0.09783642362656565
2.772001644536828,0.07563495554010567
2.788091506019216,0.0750933644919283
2.7456663986925856,0.13616147803904471
2.6662082378208454,0.17468909640644942
2.6697508208939453,0.19163625892291758
2.6772797347182977,0.20509505448934987
2.676444359112015,0.2086685334128689
2.815413249839262,0.1523497360601674
2.724795792441141,0.1897795593515998
2.6805943429632437,0.20775612007203564
2.673162016388753,0.22547722510373436
2.7119860169042393,0.08427730826201202
2.7555260340515133,0.0917990536899445
2.7252403548122532,0.02032003008160756
2.7386421542726267,0.02540225000948223
2.7778874589801146,0.05642898718097153
2.8187746556153748,0.04477734675762239
2.842311445457342,0.09850817762749753
2.77502331953065,0.08555244846129721
2.8384352764127936,0.040392118127885956
2.8738548063635947,0.06400145548466982
2.6768997240643464,0.2662591504233916
2.6425609577484477,0.09883962274660804
2.704195673010981,0.07721445274235293
2.662081014123965,0.258629043225209
2.6694286242465894,0.2502065612471187
2.6582311739367714,0.25426125128542326
2.71094264913318,0.1399595366018352
2.6768260109971678,0.17558504893543384
2.7318968431413624,0.20696781529797567
2.600911884917038,0.2246527621839392
2.651042357720037,0.17114092015061053
2.5770359723808967,0.1998878551045836
2.83694187316742,0.08112910301137707
2.815210845423419,0.10831612854160634
2.5455190313611133,0.2191735664155308
2.8960468699135444,0.0407014450284638
2.6861605990682493,0.18204036566700904
2.7151447986851913,0.12338373768943853
2.6875349249799227,0.1656732662036567
2.6490602754807675,0.16267842942977195
2.660998839519314,0.16107035397277422
2.647848217798071,0.19202197024658027
2.6866860043277674,0.16494630037332633
2.705066101307565,0.17255458603174617
2.709658384195086,0.13040972057934955
2.6904409456432576,0.18620918753069846
2.65725164263918,0.13941808821831606
2.7749413117613453,0.19121972151089692
2.7601873266177304,0.16812076475996185
2.712780706212169,0.0915214742225949
2.7217473089123025,0.17824000731928982
2.686849107975607,0.12354132572525749
2.686846872589496,0.13015830238372963
2.7889782193878694,0.15362761343245693
2.7551768528402967,0.14974203291823038
2.765863428108535,0.17168513097328236
2.766608503580006,0.08918436811004574
2.748207596865504,0.160042792757954
2.6952969563420726,0.1372015764377456
2.571802687702896,0.2225882930549464
2.518076104838981,0.2175135576853286
2.5699277811270207,0.2214692070654651
2.7033348105372355,0.20036188174825756
2.702768717158563,0.20088273647040703
2.712719165599563,0.11321561858051231
2.6913313185796124,0.1420375229445329
2.6911307821832,0.047451706873209
2.739257671355253,0.043169219835202
2.7536910938361205,0.0977999068618054
2.706035370267101,0.15294261101109674
2.758700238148711,0.11352943365645791
2.7771323162506136,0.11561174281001226
2.648928368056442,0.13518633709782824
2.61809029390694,0.11669376646731848
2.622196836948566,0.1453618777681082
2.6327182185673395,0.15797552706342866
2.8014680183647807,0.07038014671378227
2.805535366302727,0.07751683677219784
2.780187320327625,0.12004231698950653
2.6434766387629094,0.13474025071575596
2.5962426588439382,0.1506944282938355
2.6659663196690744,0.20509528303261426
2.610655063298259,0.1810837768846382
2.58299897587252,0.2145976508288095
2.6389699945655014,0.248725717812483
2.6627221355045982,0.26603685498749624
2.6662390714482527,0.26118101918650616
2.729002175219192,0.10927207906772794
2.775787429398506,0.1445078551483494
2.6014173450654554,0.16773252180707934
2.8227072622577603,0.021000184218529408
2.8302657137296228,0.016443852725483488
2.661286468794571,0.2101448984987629
2.7495654256580986,0.10465423283794809
2.7403298155156746,0.10777427395962183
2.7128194174797597,0.10596936339522722
2.7055478826541473,0.13344989336876784
2.720892827879547,0.12822428295404212
2.6592247487959377,0.1787679525771891
2.769750992965878,0.06879700397934589
2.769750992965878,0.06879700397934589
2.723461092507486,0.18305372045827265
2.7122375699175354,0.15472578036973852
2.6139673746213856,0.1873284212290414
2.7603504948638515,0.13364692812576748
2.7850067640758116,0.14765463745698848
2.790679202193564,0.1673520697897276
2.8018726929699196,0.15509811563389864
2.796910155557507,0.15715880505840518
2.7166939652363853,0.17491512202343262
2.604400918535127,0.17385086744981731
2.6873340621846578,0.24393279671887547
2.683591006303711,0.20679930292035967
2.692840375268826,0.2098942972011875
2.714630601003802,0.18899770981795172
2.6366314626206666,0.14930349215382913
2.6263995097106676,0.13535770351424345
2.7213626155866044,0.2069654192611653
2.711911158606679,0.20644226347769065
2.790562273371776,0.1718066117373962
2.6237030233031926,0.16308646735288804
2.633420731851069,0.23300275285971178
2.7158527974517788,0.12718112246585053
2.606712874557844,0.13257270025371853
2.6669452853036986,0.2455905693088401
2.6821317072687028,0.2670616244746837
2.5440289566041576,0.15188349723045474
2.545324008083368,0.16151724270432555
2.6971427786743183,0.266889241215941
2.6859886670209616,0.16959540868045997
2.726860687153387,0.12968813081065828
2.6719043709547163,0.10617751499352931
2.701033271280589,0.10412824809207116
2.698698438710628,0.12965192106789344
2.8205331923699366,0.06669441641943673
2.723818163885879,0.06268280536494046
2.766625733934381,0.09566801992348006
2.7235192458205573,0.1222619683988925
2.696429155805767,0.15618602106810045
2.7130325198318666,0.15609063457293815
2.731193480949512,0.1733924230379151
2.6992731263271876,0.2118933073288656
2.6926071472991655,0.07946687684137788
2.79486245408277,0.1560662471475438
2.765567667187208,0.10235390767601477
2.805741183950918,0.12140713398744196
2.8212539636261655,0.022676144660380284
2.7401186789563354,0.11491990417397267
2.649694641898819,0.12631961114131102
2.6300960277353163,0.127812947381081
2.6189297036376424,0.10494023291268278
2.6189297036376424,0.10494023291268278
2.6282179486216326,0.11330684442074036
2.6401289100344782,0.17383516545733152
2.6362459018885676,0.17183461177493284
2.7516464843074138,0.18336212897697973
2.735421673245795,0.08278406066444713
2.7401877620105384,0.0822890783535246
2.8182099178395066,0.1593832871310557
2.7982733053421422,0.1695472020319645
2.7539789095443603,0.1898777669971171
2.7432033237736992,0.18824855128622722
2.789761302622698,0.1412764035354652
2.6171010660152203,0.14670668954436877
2.7260163375389515,0.19633081845154035
2.718357488607848,0.17174100818519347
2.6405675681220964,0.19812670998779655
2.6343909178279055,0.21388262230485908
2.7005041295908963,0.106945794309909
2.7511756212966083,0.06763051489828789
2.722606875976445,0.07035098381506753
2.6190954943798124,0.17888257977972785
2.7095705976949542,0.20371005553867783
2.764616646353663,0.09343971158465936
2.6894277575627656,0.14162782078073166
2.740398984090524,0.2590069380266714
2.7120688978091594,0.24880779447693685
2.7052654200848156,0.23488779338894844
2.8333114761798677,0.12525259464771094
2.6302866699739456,0.19528805071865424
2.628084847952828,0.2412146604034959
2.72689533163184,0.13141705260130798
2.7420783869982737,0.12065265953953568
2.76807812409948,0.13576864630488594
2.784545825334704,0.13635114061899392
2.8424539990314304,0.1319769889542858
2.816991188104446,0.09936196507341978
2.7142196877681437,0.15408053514859257
2.684995637516676,0.1507100353249221
2.724928814122316,0.10256888199125488
2.6958815116142096,0.1541696371822954
2.703892239756244,0.21008146959680185
2.6981583346355587,0.2056895807167374
2.6543889942206857,0.10458297001855073
2.6547409188677524,0.1264137084590265
2.6352888070874054,0.12211299772355287
2.554090995916415,0.10666408351473719
2.5684315995259728,0.11441634996096982
2.778244272851842,0.24436493138725193
2.8057346297396055,0.20035662445182298
2.7840156210547105,0.11334803259606509
2.7969552166793212,0.051632366735845855
2.793399516863123,0.06504661819739292
2.776810676200318,0.06972037128325961
2.7644991052709664,0.12039550424137113
2.8046714863802356,0.11601009507952151
2.802858868881598,0.13678372378157186
2.7551783084009,0.1495342134832098
2.667041190341272,0.14495093362049744
2.6670379153335215,0.06500526357774233
2.621716539168104,0.2447984223239213
2.633924335929037,0.17642617028537133
2.6697377831591744,0.19013659931838145
2.673339734223654,0.14616176309854204
2.7466660643110132,0.1317809184753615
2.8040103107026395,0.11989216373648569
2.7731121636717697,0.11907775906376127
2.591704576440372,0.19292394547289707
2.60201424353603,0.18930486547550826
2.645718310075904,0.23550086643487564
2.6638481327755685,0.17921425566682456
2.7313740914613867,0.1037392174074307
2.8864657333594574,0.15112392237233735
2.823466810090501,0.04278359533181998
2.7247087710616964,0.07037527385666456
2.666218342285329,0.12945579572763416
2.6794070055908668,0.21732935995840144
2.7626851097505614,0.19436648864281192
2.7562386733976587,0.19090419034034073
2.7400100218282364,0.2217149287432126
2.6936943819416945,0.22265516392427734
2.725103823645529,0.07389504240456936
2.7494142498190794,0.1374849693131655
2.8124855550035126,0.0462177977262444
2.810401828626929,0.0708122321539137
2.7246601889131687,0.08510291580465626
2.690178435465654,0.1733960556118955
2.8397492119128414,0.05386756447253842
2.7169766290019353,0.08496293980638567
2.714532022543973,0.11339266818464837
2.731508444123559,0.12875309894264647
2.834100514136565,0.05801607342011313
2.690459426794581,0.18990556913753928
2.7453349103311218,0.07595611938641066
2.788362851974101,0.0820944558901916
2.7871268353989285,0.03997385289151525
2.7945828608020205,0.06345124549413303
2.7826539587091164,0.05795495016157872
2.814987652676334,0.06105256905055546
2.7296855211802775,0.16821184981192475
2.6275118818671963,0.1481475004731638
2.6218439637972937,0.1298668593566553
2.8821609503345993,0.07405678849405847
2.6831688745006934,0.17252215416834768
2.6390369363714625,0.1494681092296321
2.7292255214706294,0.16188299010972407
2.7206683027991714,0.2673832009294029
2.6556695953493032,0.06554895168667645
2.651062217562881,0.08118221851568667
2.627739614946866,0.11036784703410837
2.6386505202473103,0.13494826272727292
2.773094512261339,0.035727378634676774
2.7239882782430747,0.14612355387254253
2.659509511095633,0.1688360206867967
2.6647284369228625,0.2296250218112011
2.677935717937682,0.2411554831816061
2.594455808065118,0.18555713993566764
2.615289312457879,0.21474584507355532
2.612694701083277,0.23703370514704053
2.667990873179907,0.19752614376523123
2.7000767636669156,0.24171441942255997
2.7276371578958316,0.23556043224129322
2.6984713869973747,0.22363199049444404
2.672175580090401,0.2363736618545598
2.6681181930833535,0.23474218276241246
2.607473914693221,0.14455493125792174
2.630249843634618,0.13679248300783456
2.6712031202071738,0.176070404442287
2.6569374747889998,0.17191951899497068
2.6616088176643324,0.17994334685737842
2.677637839618268,0.12880085585091813
2.62752824679704,0.18483180889083395
2.6498473995683813,0.19780200838350037
2.6507112295520647,0.1670820776734606
2.7786885002616613,0.12017853493355206
2.6894375001566213,0.12158360889460192
2.7891725658275366,0.048258098330637364
2.8752686420632974,0.06386101790697497
2.8045288378832036,0.06596824516193718
2.8025233105671292,0.11107400046026239
2.8380955515029815,0.16448166927776614
2.5777232909721586,0.13767269427712786
2.6916403851718935,0.2523685150844695
2.7087566684191926,0.25962211812131464
2.5611825562986485,0.23741352135288588
2.5554144087543555,0.24275358031551503
2.7903605958542177,0.22014473052373806
2.7343088890996397,0.14219277123404322
2.703440211434057,0.13115512667643292
2.8109660215577086,0.03343644404659434
2.641527479055311,0.08361392289208552
2.690310608074976,0.23582468058662448
2.5340543927975876,0.22534819055672387
2.726153989463153,0.1681955075183346
2.6925522084908824,0.09862971698699914
2.726771622480981,0.10821174150576836
2.73905905126121,0.1287179097226621
2.7172060278935555,0.1010579620323937
2.679275427945991,0.14559123543565677
2.6720118938472557,0.15403617254951882
2.666717857379891,0.1742744956384875
2.6449652929038217,0.11635383912932208
