log_sigma,xi
2.2077092186237035,0.3263349918230066
2.2561635225148273,0.46510327197013696
2.1692296748417754,0.4062025454573111
2.3903765809764446,0.35357585956945
2.3588338178856274,0.38638103945593066
2.4212000539508916,0.2073422855682775
2.418642835469753,0.20544411730458728
2.2890745036372913,0.2937951905358075
2.535378491019075,0.2349643693639427
2.5661186328268153,0.2534493934975676
2.4480808445582185,0.2957382579949605
2.357710491765649,0.30510658230453763
2.507547453100328,0.24834890962795667
2.3474711390906875,0.24365248467935746
2.254881884421447,0.4706488770176419
2.267034739537123,0.4907746737750099
2.61708306967451,0.18056974809167328
2.452176125095111,0.23378324939054906
2.425989123883537,0.27199689198126775
2.3422877896028207,0.329801280650403
2.4662552346096964,0.32003557852091885
2.374295344659598,0.2963634402832564
2.313496916298179,0.33629961882520615
2.4376472827397375,0.360082639891175
2.2995064835684595,0.3756999120132139
2.307073524808664,0.3130881396776357
2.28627079119538,0.2914935374022012
2.30016961395041,0.3026312437416
2.323562722862732,0.28715319735082667
2.3905971929278573,0.3310283705701358
2.3324777581482548,0.377171945976699
2.3852764758358447,0.23746108781099493
2.364015081704897,0.24445141441124557
2.563829187370064,0.17660721308350796
2.543209606386904,0.14482726813892222
2.4152335099664564,0.27105095573103904
2.471211563594564,0.220631190478233
2.598315566901086,0.2049728624636093
2.5517865225050373,0.2725908180912845
2.3216961654587487,0.3163185576862335
2.4182862889432,0.28932396492886736
2.253864577015696,0.27144164930831477
2.316607866616466,0.3043748377435831
2.2805514186968128,0.470238365076382
2.2672537076700023,0.5107313890468634
2.1982113316811187,0.23727725809067593
2.303008008803043,0.30052618264530373
2.324972583946291,0.310193723829413
2.3315409220611425,0.3040387050878277
2.2496959097038727,0.4067453608974675
2.21718588697192,0.3259784607265849
2.347422842202772,0.4455734951941619
2.414910448506658,0.3502525672730645
2.399343148804072,0.43274261786698287
2.1293525889139855,0.37496030650973583
2.3985477901286303,0.3982762163010248
2.4188672323804505,0.3047482347134138
2.222243505564301,0.3602596585481877
2.2948917552232646,0.25979867014104074
2.2859286239472865,0.2528910357486727
2.313802132997379,0.3414868252353137
2.235673807532953,0.39480802515385344
2.260526495977331,0.3319474760328315
2.446470559062588,0.2753822295095366
2.3483605792238933,0.29274758660837424
2.1602110087954647,0.414271630715144
2.236482015324215,0.46942111683592436
2.235895409350104,0.46071225726843734
2.269848108473712,0.5242105094028902
2.1892799203579982,0.5126678581241938
2.266458093906318,0.4286815313487552
2.211048942044869,0.4028576560966847
2.2410457047462113,0.38105143462381
2.4432159932013993,0.28843261399156733
2.408575875271889,0.2751655304628352
2.4737534907181806,0.25830976047108567
2.4206775442217476,0.22855189251241448
2.4835344881425403,0.308283680017336
2.3341617925453066,0.3350860125954532
2.3402543220989873,0.3322945872912706
2.175573248466401,0.3654012156381523
2.2116991400366413,0.3547826561827938
2.201397978417286,0.40585846478660104
2.2526791028576976,0.4084223679079635
2.3812472200926518,0.3648320301140311
2.342495482545786,0.3303801697340212
2.239972306521914,0.4783550550277448
2.1722476787293696,0.29938504568191576
2.221419328584132,0.35663646325134263
2.4037466228293813,0.2571819866931779
2.519718776485043,0.20690772536021323
2.5122256389486193,0.23676449670909172
2.4784176253353998,0.3439891858613456
2.408768570822872,0.4254352414682133
2.236249996546881,0.37760660941415547
2.0385456275690204,0.5227686324876067
2.0607344192305885,0.5034883019412623
2.074471271106151,0.5007994373094266
2.2079530701976418,0.4719929436645433
2.2125984858568173,0.46534763563321413
2.3674013230336217,0.3273809366046867
2.399956811511492,0.2633607426872314
2.4538941673655894,0.3075204426043935
2.561608085066818,0.2065569202094198
2.5428757644172792,0.237187163512506
2.4635391008960013,0.22610165102473484
2.3421116719382797,0.3612015247748584
2.3270630962435326,0.33067990243588524
2.323679157966592,0.35802586983682166
2.4154631018655905,0.3013537910929168
2.153629143651249,0.2551441205683472
2.3069015203666816,0.43543774583507466
2.2467579004882956,0.28253329700843194
2.242482005867539,0.46273482867814003
2.6012398564762096,0.25873232462969165
2.1947268774533537,0.3070856836805084
2.2657591952716287,0.3898484576683548
2.32697516940521,0.41299129729308426
2.2559416351680994,0.3089331062946626
2.460313829521511,0.34336887645498687
2.4568061744913883,0.3399399186329931
2.3975216702317717,0.3515934848647303
2.384333196374024,0.34625172579260377
2.3244394292553956,0.26466646431449425
2.382617075952926,0.31348621350166683
2.255596196220742,0.40036193096230166
2.5600613037610995,0.14550450550927066
2.5600890711191875,0.13961754400541518
2.613384567362643,0.13993825402903448
2.3873599582651917,0.26639154804195264
2.354904837914243,0.26904730107826935
2.3033166237675,0.2809375130445672
2.404306027649203,0.1980446089999449
2.421886760284571,0.22284541271827177
2.2821052500018166,0.3358691140873643
2.416905909549901,0.20728237780503814
2.5573532307999427,0.30041362744225975
2.5545360265843655,0.28453891528356123
2.504162827303529,0.28203210241951454
2.324014849323507,0.19068397753696525
2.3201635580646474,0.2462631797072052
2.3772657140036757,0.25974082893057426
2.37360242522484,0.22780998089578147
2.364911524345649,0.29254210547932086
2.329329839981753,0.31110629342893004
2.456549263543864,0.20745326314929424
2.3088548881389683,0.2428854166229968
2.2812799330609934,0.24472468759917404
2.3032179537120543,0.30567369199665867
2.262924767053626,0.27569501228254006
2.2863003768475347,0.33231700731401986
2.44981008152501,0.27016269977711244
2.27050204594773,0.30519859911471
2.5318113113396414,0.24148628620632434
2.4492512495466467,0.19827717409325177
2.546504290781206,0.24464936956900785
2.5101303746831665,0.2636755710175308
2.5332773936826594,0.3105899331959964
2.382058968135138,0.3697757793628297
2.3519773505547277,0.2695307647366363
2.373519849864596,0.3136083379893512
2.320988262919491,0.3076731111739089
2.296116626477779,0.27310157926310114
2.2610630505720284,0.27333775432225615
2.3274101502127613,0.3534166557965952
2.4207235029834537,0.23290543340544959
2.412979147257658,0.2462687878380606
2.4497182253985006,0.2567446394684842
2.3205708847735522,0.31357609714080503
2.501657911824759,0.20081970696365928
2.3712566725213704,0.29030449030086786
2.359030459906413,0.34577058494522606
2.286686692532139,0.37580275728416873
2.365129876480597,0.326065249041792
2.490948781988052,0.2803129934167564
2.423456158474769,0.1922445245265942
2.5161772053449596,0.18234757522984754
2.4072185601058065,0.2956936766386914
2.373463932421747,0.2501362580813394
2.33958575962102,0.360700681445631
2.3935099665505453,0.40582729669448836
2.461624236076949,0.362216806616057
2.4476629009829156,0.3418320798237038
2.386700198270399,0.3250729734314743
2.3099266360772077,0.33142776971514204
2.2388280808015835,0.34551795879614045
2.198135205610381,0.21589162214664065
2.3567563486467127,0.26717152998962485
2.328075502188793,0.2798564028934401
2.275615946663445,0.21966462619000346
2.251078315881013,0.2374044920265871
2.4837920129338693,0.4046694484374047
2.3842914050281423,0.24700199743161305
2.3789735148309674,0.24079589937658855
2.1844584216410623,0.40937546687402393
2.318355383990017,0.4223407645044938
2.3472989008774046,0.3739536173970241
2.2417684084229603,0.27751279864909134
2.401243277069881,0.22464049228814095
2.4635967445057196,0.25056309186221704
2.4403698003849925,0.26749285004894746
2.445127270142673,0.40252447986346657
2.509276745412629,0.31313660943436766
2.419975260507332,0.31308978957562134
2.3853360317356107,0.22823050869362843
2.4175550310419283,0.2577173384387163
2.364340298037481,0.18607545418027932
2.4331667358683666,0.2509993286358546
2.3336960997222334,0.29832684870762527
2.409827714665177,0.20781962477221863
2.407696149541448,0.16830956069750613
2.3763752227228316,0.3886842494186136
2.4969116380321026,0.22162689705681402
2.4027573645611184,0.25818272397590614
2.2782594887744705,0.37263208484232296
2.3529737874534336,0.2847694096987823
2.4112947463078775,0.3121427176910552
2.302849747591508,0.3556182207709729
2.52833996331213,0.1596347598802049
2.2833245219975495,0.4450850826537206
2.4364652057586746,0.33059221143206097
2.516365728703685,0.1843615784899265
2.487648585411099,0.24905168860435833
2.417122442382028,0.22880946910519423
2.3836007678751403,0.2200102871619703
2.448752888294581,0.25056535047882716
2.382399464741526,0.21076035745031024
2.5930485856712897,0.20799966300958686
2.4063165906010537,0.34461456110852995
2.344738615215912,0.3272208758714358
2.3039518662150913,0.3202581305875297
2.3023360225087193,0.31094802563576446
2.5603668195763283,0.26240225190087485
2.4087576850727035,0.18182675736515977
2.4624948574903205,0.3191027855236964
2.4336829428190447,0.3438320795190473
2.439104333672253,0.343656441820784
2.4953530468030047,0.30751672251278
2.406290570947708,0.3831829337531255
2.2554919413898817,0.3578592358066741
2.4126266627926687,0.24415876460067787
2.4150337861326614,0.1621083880134206
2.4075882889080646,0.3208528673209383
2.227214042796202,0.33968802763908834
2.21287870336881,0.5344075437911164
2.227759426409994,0.48891896251396383
2.0707737334487146,0.32305579440059073
2.096725038072459,0.3700975312271614
2.218195637157055,0.399121163542984
2.1894604981135406,0.28911636153574327
2.266062208068572,0.31173326462538464
2.486170970352779,0.2774644971454942
2.490742981117744,0.20079864435110908
2.3770972782067488,0.3768166773927119
2.489958621220923,0.22607567302152654
2.5192355293548023,0.17996389082476252
2.574611558211034,0.23699316778546214
2.3160893038379617,0.39637685796537697
2.3978854348505823,0.4403163836818694
2.456315943450031,0.47284406113976707
2.4503155801425103,0.46596615057291213
2.2090355247996363,0.44504400552411094
2.386382658010095,0.3613723680668462
2.391972813661406,0.3960815878127366
2.3642126287952046,0.2953216561604692
2.301967692060904,0.3417665712453831
2.364904956753646,0.3559606730147924
2.3026419202609842,0.24889293822301678
2.318704009211995,0.3524434652461938
2.3981205122033704,0.2849541071687374
2.44129083641941,0.28970335678681747
2.2873736959033013,0.3075849068832581
2.4927884999694045,0.2939237571989183
2.3776578447381427,0.26869320328117674
2.336738972914279,0.2955520436593358
2.322428133004994,0.24214553285831864
2.4525081102614332,0.30675461220714123
2.405886024763344,0.27969599974684467
2.303689012684138,0.31234409143716
2.2628590606682777,0.3071853925447589
2.5250574799456986,0.21712243620409338
2.2352888237842787,0.41299583893704134
2.5518562500666473,0.22586460716199536
2.5518562500666473,0.22586460716199536
2.4192057957485895,0.2160613137904535
2.4519225444754427,0.24521546904055488
2.486851579616961,0.31642135755644
2.548103104351876,0.27357674454032715
2.5492112854388695,0.27608267217916355
2.182820008433168,0.3044895983678155
2.308331360077899,0.28033639303534835
2.3505921424754175,0.3326262448979092
2.3394803325833595,0.31611117188569443
2.3889790335747554,0.27573173122775513
2.2657021337839147,0.30949694736306277
2.3673669201522625,0.35791162520292946
2.4589306462307348,0.34038752365294184
2.3760009202023884,0.3734507670965655
2.227425029779555,0.3163438961835387
2.208657983173681,0.3129518964325018
2.3950366062817934,0.35782726478147253
2.222491804866389,0.3567505622273092
2.2823987351380954,0.4160019116421169
2.2813962352710164,0.16709694752963458
2.3342714146140877,0.4950183944012482
2.1226856560735423,0.36006832552850265
2.1763685380586026,0.38355846281569456
2.264829599207694,0.5225676059693303
2.292015597781838,0.3558107605595077
2.288969986281398,0.3741770215622053
2.2917139257047423,0.3718131492898418
2.2892641661678255,0.36236206134339594
2.3046249788569133,0.31714622927912284
2.286614645224048,0.30837142489767744
2.260738696909637,0.3149034320071088
2.2464769495053414,0.31741087387978595
2.4547808179078072,0.33276427526135344
2.315936079759279,0.3025714345339944
2.3091146122839925,0.32276361010544113
2.224698785284692,0.3436122334103092
2.2332741389367814,0.34273483162870844
2.3462442244034354,0.3525887987119507
2.3300543464282732,0.3200042028706685
2.5621171676152787,0.15707647514444817
2.1710693354411017,0.4471545868042289
2.1693819146546582,0.47610822494384086
2.351511733565253,0.3832617785870377
2.325220460340915,0.38292555824896835
2.4659084695514397,0.2802968932661923
2.389712599980215,0.29161538572135776
2.3584984063019467,0.40784606058982453
2.386041844055362,0.2979995904010305
2.279903644799067,0.3950234772395539
2.3483862956149033,0.3795122379128706
2.41174691234537,0.2454040909878662
2.397000804591621,0.26613378433727014
2.24213301652447,0.20532851765965882
2.4049339216856525,0.22392488165808222
2.362754865096947,0.3821539971445044
2.3580080044053564,0.38596760013694814
2.3429296223059177,0.21559013325603768
2.4033668676857967,0.24116291396190823
2.3868925069263844,0.23273098902270384
2.3867483526294184,0.26717255375855914
2.2169959327596676,0.43184336328559064
2.3745661557031275,0.42013837130742615
2.3032407493967213,0.32169901989621186
2.393316901074147,0.19115034815930212
2.294281985442268,0.44356445354764407
2.3598494438362043,0.39220142488058346
2.266304386030349,0.30340245300973134
2.2946442052150866,0.442958519018833
2.2872116721412517,0.4760314215206833
2.3245173689934813,0.5064207739950807
2.3268617179015116,0.5138209538081429
2.289011392177688,0.3142093884480446
2.4888764474491007,0.3646191709071646
2.4347868479898485,0.35053288688087597
2.444066902891466,0.3965871778265144
2.385968949895558,0.309420571972515
2.2103934628190234,0.3316204728905094
2.0996544046141876,0.4969919029119991
2.1687064609981386,0.5114571704242058
2.2723107412889094,0.5141187633154952
2.312637165786371,0.4309699239746127
2.3730516855739543,0.36289606185221746
2.3685344562384825,0.2825083133979702
2.3513326028545287,0.40377144670630855
2.298655025190573,0.41833333047274
2.4792448204743893,0.20740016417735715
2.43993233987889,0.23360189046430382
2.415813106856815,0.26066650459518625
2.4225163877724554,0.20236010897765352
2.3218360737148127,0.4031705605583143
2.5345260720296445,0.26095527642755506
2.5207531207342684,0.21640702357452782
2.2238771550148564,0.2793035395304373
2.2829414530876404,0.2616016697488477
2.387433458327908,0.21647848914603215
2.3372726991699957,0.3236151233396938
2.4196637035122777,0.2252698418488998
2.3484382069672645,0.339935036112388
2.4901554561317805,0.40981787000593817
2.4638268454388754,0.3475025487866061
2.5054378657058605,0.37275794663818185
2.446058400565365,0.2931243638857713
2.457013702481962,0.29713416209878907
2.2135831458527604,0.3424550272828645
2.4199010055007553,0.338372093902109
2.5366159327007787,0.15976912378740457
2.5210926482060354,0.20598568073613535
2.5727680683247875,0.3466413875743184
2.1790880908159007,0.4596861177069647
2.150581333441917,0.46209401090933855
2.196171428723064,0.4779150110237091
2.1264739203847998,0.4773871872800607
2.4603325546815187,0.24629165805150274
2.2653992004695045,0.3527991605787607
2.1758239838847864,0.32058160679470976
2.1891815251718705,0.3211256916669819
2.2363662308982044,0.35263059672119595
2.4082882591578976,0.4159306631077293
2.3674629124356286,0.3240465863839131
2.417486648141215,0.3197429039534543
2.3585534604564797,0.34418467399735697
2.3647850828378187,0.39812546810958005
2.147618613140389,0.38483794352894296
2.208983655362124,0.43361385866407703
2.3813065719148,0.4356895872021754
2.34791863813045,0.31655293252809724
2.300257915874042,0.36739285731359633
2.4977197824142094,0.2200693228239768
2.536655171023736,0.2686232162605322
2.3845197945773835,0.3255152205520307
2.5139288662384223,0.23737146929823114
2.481778914337779,0.2389448585290782
2.4476304228582135,0.1608721808484948
2.5466172687423123,0.28473248819158387
2.290465864978444,0.23445744687877149
2.6362304612762966,0.2377599019191662
2.464034633733763,0.13505063011904891
2.187274999291113,0.4238510110981879
2.179278357418379,0.4288484966331445
2.3594898382511467,0.23926258585934887
2.3992296276148912,0.33857738173106755
2.3012139023121247,0.31782191874190135
2.363119654340621,0.2826156509640511
2.418321721899472,0.3711095494853936
2.420155451518105,0.33597176936583384
2.4620156274636282,0.3254647452792503
2.4455349594893785,0.5052409036654687
2.332773674273482,0.4934754487120997
2.333050263881858,0.46724812301734364
2.284847267550222,0.4349391629423862
2.2692922882455693,0.4565729682643765
2.0923940069106592,0.3557867939264532
2.4540678020804827,0.4281773801456073
2.537090263655563,0.3788598011305839
2.405480889793306,0.3586146942097885
2.2924780296275142,0.30019099431900237
2.3733219861021624,0.28290791309956326
2.1758356722741645,0.23395159010592106
2.250106563804023,0.2507703846129197
2.290991130634694,0.26392223816948157
2.2854507869127945,0.28873205460014806
2.3126322854537658,0.4741374225734156
2.301584310410636,0.38248950453381464
2.328521124859772,0.3479745288057298
2.4109642098311177,0.2500296008336912
2.423727153821819,0.270242717071071
2.2748684587787387,0.25234320535582655
2.4002084151519716,0.42590965606786124
2.050562956812684,0.4396434380125258
2.089811426210984,0.5349671850663155
2.5007924287991963,0.20052905274595725
2.4603848225476916,0.2110625627506143
2.4266639013743285,0.2818607173084767
2.263518936440051,0.3440404167398471
2.4462670909967055,0.2709192664575056
2.352883283413689,0.24017939670882635
2.3710230089802975,0.2130058791344876
2.321949667454477,0.32954177497221315
2.394046251805934,0.28771063705819083
2.381449582499536,0.29649350916119455
2.44979467114798,0.2665511614984332
2.337753449884398,0.2773513088838984
2.348029985995605,0.2340491716584784
2.4128476582743694,0.27092089472721753
2.3287472921514007,0.3552836762921162
2.248344230261445,0.29712366890312614
2.4736042259503925,0.33086496605658955
2.479216587718916,0.2799412108999476
2.3165712723833947,0.2649805367098544
2.3809232869800168,0.43750964568875084
2.405121948475537,0.4539505003246819
2.4769703137147223,0.1787751447934201
2.4719468695279376,0.27937160932261934
2.531591031905816,0.26767970954052117
2.5956482773354357,0.23341430153861736
2.5786183532336313,0.24525331123413174
2.4900935378580265,0.1592912909631421
2.0456729382368763,0.6522127311477061
2.111794616595379,0.6057364115766763
2.1235620858150663,0.6228145209454253
2.1434589670350355,0.5804979529795273
2.5273073529074614,0.0990025679740229
2.3115456568353183,0.30926919098571704
2.631945637777433,0.24294099845859501
2.337561468632038,0.2054457736576338
2.280841467867581,0.18530748924606494
2.4302439053238327,0.2921446580389712
2.3019556344021637,0.3609864856341108
2.3821085476101955,0.33840782840928463
2.3825294124736147,0.3373601840283093
2.3623015493737856,0.32653290992535444
2.404318574688882,0.1957001914384601
2.4666196018976088,0.30483950273329713
2.3501407769324034,0.2845089443538775
2.357948861236025,0.33476875134284334
2.3921623650919748,0.30114219684692817
2.4485243470902396,0.2593432320416442
2.420071217379129,0.26408348339888094
2.387210475501843,0.3260457207543431
2.4030708530264815,0.3058801179586949
2.3058453358001367,0.2446199768069902
2.3427089489049084,0.26168570568756033
2.343502088835162,0.27749842174789846
2.3765096945962005,0.2734784321093015
2.3113787392426723,0.24369111784119582
2.249179294489699,0.25239383773818924
2.3558186844649693,0.45166784901886686
2.1065085879436087,0.5019912347888711
2.3578746133614197,0.4561283341483223
2.3528295346156813,0.4326480987678304
2.3237424136629365,0.2538985421874648
2.3327592374575343,0.28421309250120974
2.423901367888078,0.31608540753388087
2.371775503935821,0.261589488856686
2.465136740622573,0.41681312190346703
2.360066829743729,0.16223115429820242
2.294564575428286,0.5283488232119372
2.2153032471086704,0.31029433481749474
2.2230932965308856,0.33403643120473525
2.641584785926059,0.15894032387749246
2.621024580885063,0.13745189024561683
2.5565975820585614,0.1602950625365587
2.559992622400329,0.17430714973874456
2.3990440993901583,0.23852426044295227
2.5250385104882804,0.2667451386946563
2.358826413115815,0.3008584334560106
2.2905033009822664,0.39406221832277305
2.2892319471176643,0.24542464665251734
2.4472017499418337,0.3071746283397834
2.4583096372257414,0.28460246509245074
2.077596543431443,0.4656544309045436
2.1118700469959952,0.47444954107284043
2.099973167676483,0.3959850988580098
2.1004531025085527,0.5631131273374091
2.141760098913601,0.5511934214057473
2.1259122735834843,0.5341206110572935
2.1518682267524283,0.5539300568313078
2.2271476737587435,0.3258981374045181
2.1894613949058037,0.33590417292560265
2.359263425567771,0.44017127345061535
2.208168362355495,0.45513210885343164
2.2253295058517204,0.4418525170591786
2.2889101760848534,0.3733158939837111
2.31338935032319,0.3233866890039129
2.215574451477569,0.29148197087105293
2.241110975006972,0.35043509848633975
2.3044793590739805,0.35694941891867366
2.415295562119554,0.3679629391331139
2.4667257253298738,0.3193672300403231
2.272404509051474,0.28993323307773927
2.4420759848046902,0.4286144938133943
2.311113473081815,0.20716161946365355
2.40801846390314,0.23869069766623952
2.4437654604581214,0.25009561023035076
2.526765785483983,0.23443816484589353
2.5604801041454275,0.2265939638464732
2.29474526152177,0.3608810266172427
2.3053407426974872,0.3990288131112246
2.3045350106338574,0.3951197824032992
2.3697311163298487,0.35900834169684687
2.400062180027264,0.229807281282403
2.3679568021688744,0.3490007737601614
2.3237453846342286,0.25034695187204276
2.512095237825359,0.3551421485100924
2.4835207660177754,0.3594546383213539
2.370119003536487,0.307389381383902
2.401216106833463,0.28928120720575334
2.5096168396020593,0.4210386744219686
2.3253634815322126,0.4139773664093555
2.29712143504708,0.4454906398530675
2.354849044086883,0.3544822824259626
2.312632479663322,0.3172081579505826
2.445516537170283,0.29261328294333594
2.4622282834693636,0.386570882363823
2.3121585426222264,0.4117781171232253
2.2748479664637045,0.44171208165147396
2.284082139557481,0.4837859553698914
2.5393153982114924,0.17578866383872632
2.329847940605095,0.36814205326696203
2.4677877169008697,0.19770184117694561
2.3592773092071995,0.2275713068305695
2.300457593315307,0.2540018012705369
2.2969116370607,0.24619581120797016
2.371757739630504,0.24918666582373372
2.453057601389912,0.21897209879226598
2.44702382734532,0.2156226439813111
2.361317719893044,0.2583901598615967
2.2601095902480317,0.26604606183180013
2.377025514277042,0.23554368493153643
2.3396396696121293,0.2753806487770239
2.408553266121944,0.2596784608965731
2.4072267313860825,0.2400783481152419
2.4381472181510038,0.27611240341172316
2.4085045407272356,0.32446741449301536
2.2548705372531366,0.3308080408463583
2.507818010335323,0.23785474480761354
2.5084155877887877,0.21971454076638144
2.3455236130054424,0.2799742052438261
2.312392575506046,0.2918914666049907
2.4080466032584456,0.2617745044973407
2.327380851914447,0.18407681439530607
2.5844919284597765,0.31739268596504144
2.4347822563700308,0.11374691040105914
2.5050993741693253,0.16492141840297847
2.5451538360857504,0.2482295214354023
2.278298123473112,0.3475508890016905
2.3790182589354734,0.31449205546542086
2.27199860686924,0.30923286628901475
2.2431831202905395,0.32964635992907576
2.449205248265942,0.31869799890073436
2.212639120525521,0.432383779279353
2.330870427312181,0.5110764187424298
2.1989773212909425,0.4203689933369476
2.138897926111875,0.3407637753107107
2.23149564423582,0.365567870075784
2.4310216698911074,0.25603776880941753
2.294841229480891,0.31983442467142664
2.289612945589804,0.4006792881072148
2.367755351447933,0.2591340839639246
2.297805438077428,0.2670484768491077
2.477426035944628,0.2103759308146341
2.5545201664884045,0.168108144490086
2.590504699773101,0.14140587479026684
2.599826051666394,0.1461678147706192
2.574938420531281,0.1501235934610133
2.419647736960006,0.2286693066183703
2.2787202070282073,0.25676774660033824
2.275538178198415,0.2544789547245778
2.555177323635966,0.3285727177590945
2.3976300556205943,0.16531707642678636
2.536661016578712,0.262287571708826
2.5271259614138333,0.28708090614656995
2.538685309952026,0.2851398373281347
2.330853337249585,0.21306251507446589
2.4486838620086173,0.2539686140153758
2.412922853927362,0.3603995717528075
2.253898587841797,0.257453284337189
2.2865578345120476,0.267306557674169
2.364041056660482,0.19207882654801428
2.3526424645303488,0.248342353396945
2.3082246708449112,0.3896186768835214
2.2518271085415544,0.35696449386263934
2.227845922373548,0.3255148713837237
2.18281614848879,0.29804415331045025
2.1648755574428598,0.2037819969748455
2.4549984538620846,0.39011895702944505
2.358859194051939,0.17844778581992743
2.327500804307558,0.2918581909408717
2.459835312511203,0.2439066373533634
2.4345222065368644,0.18030100684387837
2.498054974757336,0.2857231332042944
2.5465423754407523,0.18860492989387118
2.284773862085018,0.3340225386319845
2.365968719998524,0.19516695725644292
2.306265414564409,0.32969947010510725
2.349919250442088,0.35243602706961485
2.3983972840000605,0.377178045981219
2.430061605365226,0.39112213407173857
2.422641019881352,0.3231189432601842
2.3848533085492556,0.2636177720243309
2.4533569177964667,0.2164979002094333
2.3022011587519486,0.22796423199808344
2.2374713848524936,0.4107958999026519
2.4751679000611078,0.20237537660414853
2.3016215206459507,0.3190700501720986
2.1977334953797456,0.4680656693217881
2.1652710619196918,0.3503815923007683
2.3909029964557056,0.5210301678021028
2.1626758579710246,0.3668165013340032
2.467422281173656,0.26743698869209376
2.4417416576285875,0.2728608314539956
2.4107739130465218,0.3162532490133314
2.224773843309604,0.2384724903360378
2.221253857663016,0.2492898687457103
2.205895123694584,0.32865133994551826
2.435659354708864,0.30178970622783324
2.290307573780699,0.37551945820158916
2.448888820978318,0.2678808250118386
2.3333293302375235,0.2972687868418941
2.3281089069476724,0.2538003625215434
2.3846272298253752,0.3056365023134551
2.329405583955847,0.31774107833215764
2.4182451392804367,0.252699184247588
2.2749444118590887,0.4024516954524412
2.2955990778545075,0.3526937197748503
2.4125653504430455,0.2352334578725979
2.4363833325501045,0.3351131504564969
2.525087383597993,0.32938636672584704
2.452679103753807,0.27760289447673486
2.5270642095544846,0.3924006198286679
2.5176200024468285,0.3547919570088668
2.3601785990589477,0.3165665972184179
2.213282536540666,0.25177968380211696
2.356745055076207,0.2991520144080068
2.2830865739926502,0.4487370728871581
2.4094294000048833,0.18200136488589927
2.3759420328088185,0.2448026605949744
2.4691992500142854,0.49092562623799396
2.7611356738924493,0.19003827373936188
2.1048479482113587,0.5291187396194141
2.444474807782916,0.2853265205987068
2.517953488530151,0.15827899316042757
2.336382757810641,0.3544904289955572
2.5056170570360377,0.16383207120114968
2.515903120135902,0.2826559567356375
2.257293707661761,0.20762181067749266
2.537680843406845,0.19371473683385607
2.5176219348809328,0.2273271241201722
2.238884514314979,0.3164984868171269
2.6229175835714797,0.3279305623300865
2.397455330313644,0.1286010545785024
2.5145663025744773,0.3220829117307699
2.4004533793622183,0.3399091649408393
2.2556959677524473,0.32747586236342363
2.2851865596259744,0.31903381726765334
2.4581196633110203,0.29062078093207044
2.4172277200257613,0.2744204492259383
2.326085337706677,0.3897092047303596
2.1782645421880162,0.3747185903181573
2.2227174975144193,0.3806071048760276
2.4468482608889706,0.22450418829694682
2.4077729937669727,0.26135193567222115
2.384969609444239,0.21073356491228054
2.338193686296254,0.2700813482930381
2.4181209769569936,0.25947468939564683
2.2859221871354487,0.31546058635220076
2.3747029829217374,0.2465596400364077
2.1491416190126174,0.31425032428665767
2.3997637920066457,0.3585506926999385
2.535255844872538,0.2621150728210609
2.26512735168042,0.2909023509129994
2.471354135267833,0.27572960563793636
2.3660163726072456,0.3748031530479186
2.4459733212144354,0.17628581013389494
2.530292642353697,0.271936857667786
2.2467107988512693,0.28889209975943864
2.459308965663245,0.25050890369583473
2.331743045828303,0.2755304170106235
2.474471938348247,0.20919376559370392
2.298192430374679,0.2704451873565048
2.3393986659238593,0.3094178690958912
2.3738816368764932,0.3118980023224241
2.4084432478661553,0.17841081596110087
2.2923511194331607,0.4247795051157859
2.233429278097807,0.45990339884052056
2.403077568842036,0.2908323388513118
2.389948336813086,0.3132122489293004
2.281997244498062,0.35719053546475854
2.224173822836143,0.3889677112542915
2.339804825333464,0.29974132820853827
2.37035738399016,0.2734543074774381
2.3901364009094292,0.2293033436602378
2.4139597349455073,0.2412433668822419
2.372546191486472,0.23038093334381202
2.5397101818732755,0.20171736085348654
2.526706097026032,0.23001908568813545
2.466739609208962,0.2570336059581504
2.2388736656719788,0.32233647297363516
2.598952007048897,0.20900981876286512
2.420679847870904,0.22400615303051474
2.3719333527895987,0.24947947300005466
2.390914932812975,0.24951895053352954
2.581345630315804,0.26075851060880484
2.565826956641202,0.25662558756135573
2.541936849748405,0.16840507913899444
2.4345477634840007,0.19526529064342965
2.4259258797503986,0.2297495426691729
2.6011230042238283,0.29984908799639143
2.556209622246662,0.3035886997914612
2.4652683891624534,0.264716408376589
2.218790997710463,0.3592776656839211
2.218126654555416,0.36233452546950073
2.2534882645240786,0.3408437166721574
2.3426987521660836,0.2644795741104364
2.3576368420970306,0.2549926725609396
2.300545664545211,0.29686431732213076
2.4085189934747384,0.2998350077990941
2.2785589379116447,0.34699055539202595
2.3670513194314737,0.25008359910400835
2.413168091841679,0.23960028117403215
2.537734033297284,0.2389913871241765
2.400839610537999,0.31612939683276114
2.4678227692706227,0.25883610937474727
2.5055741757621695,0.23878426448394086
2.4639700282444816,0.2203123741704475
2.3686944113372004,0.22600756218694024
2.367017981545285,0.21930243076857886
2.3583572277356346,0.18526012429182573
2.3232027860341455,0.3399041819059359
2.4740649965762405,0.16136913813234866
2.5067115937420588,0.32891994273062664
2.319935307937833,0.2393894657178669
2.440786247055015,0.29120367544783765
2.44561140653524,0.31772892861706603
2.362079812197974,0.2387665939422112
2.3080861729008695,0.410238809352325
2.3615059103413665,0.30827263511619385
2.3640824891601486,0.23740117849911413
2.257587751933615,0.29710255131187396
2.296713036504458,0.4237928013012179
2.3848397640505397,0.23558741176196388
2.418341773802977,0.34633677975067273
2.4242538202193797,0.27712090753161234
2.3427153443300033,0.3041025015952542
2.42832974486812,0.2551429725165867
2.3025286212555356,0.3465207999341974
2.3776250555825116,0.270804342486113
2.2904725607268452,0.3052124614801519
2.313129133917435,0.30808973305614845
2.5038017094906033,0.2773813572793283
2.4522790549507594,0.36415318795365226
2.4152771705023732,0.25645138619981206
2.398693441558424,0.3885744810293643
2.405663640437378,0.3952971857037362
2.191462766251695,0.40579930308861917
2.33187696173349,0.26061290351946287
2.283604185078248,0.2316180333890675
2.160948713543514,0.30254223970734095
2.2123272918949755,0.40102598874861856
2.1769925234471925,0.4390135085091433
2.480979990752841,0.2144677378891237
2.588669150631318,0.27398274392748434
2.1379198510303894,0.3738382084980308
2.1150496124735216,0.40360137238450844
2.4403788880181887,0.36690435158584406
2.452136439415646,0.3155169541079926
2.4161573129959186,0.26253839618353075
2.4094493212892254,0.2657604981984249
2.3107569233120695,0.390974192798875
2.423579150463037,0.20686254924569997
2.4126891780372173,0.18536641982961602
2.403115304689641,0.15570750654662083
2.4440054893546685,0.2623251720259353
2.4348861827341333,0.36967582170012186
2.377851313688368,0.3327464235496798
2.4198531735747455,0.1967132034368405
2.359273020134166,0.306439965394321
2.630049179464138,0.14419283608055758
2.533701167964099,0.25782646241763424
2.490787646432324,0.23514402479306645
2.1912660381960096,0.324359174649598
2.2570068420696425,0.2834779608752416
2.283086546734464,0.28337372577194636
2.290759185598146,0.29206087507692363
2.2825393496847575,0.29070921254355103
2.432241179171903,0.3030629537830741
2.4007805146491044,0.28458829246268874
2.4845667832239444,0.26610974115645447
2.21941240916536,0.39716830270094794
2.2277161906912446,0.39493026669442877
2.189532622404343,0.4051922502704504
2.2842353788445986,0.2973455264011796
2.3257333709067733,0.39008329990472007
2.2077122576408654,0.40278381286785664
2.302510932145486,0.3494011971185083
2.230847416952717,0.23367012933361506
2.290307996172299,0.39454384044693347
2.4618710236389547,0.1717028242317407
2.4610249429637023,0.15690067072078895
2.4504342546264244,0.3394902026238607
2.377758014972061,0.3216189605845857
2.406070582822333,0.2669864486957616
2.3548385911025886,0.35127575726972277
2.2759734966384366,0.2679326577724427
2.2790256659920307,0.30711716510370235
2.4254219915097575,0.24627503854785474
2.3319030279040533,0.330407115046191
2.486334418631099,0.2663551178491249
2.360694657342284,0.24415459618781074
2.1767336516519227,0.36275312532941223
2.2132194170772026,0.3437986885350015
2.472671336518345,0.19648153101053437
2.4396839918395963,0.2151142114590141
2.439665353005891,0.19026424804626957
2.3585036519914966,0.3413559473423041
2.506396604970782,0.17161099331438878
2.1724018605469455,0.4818418101507182
2.1658323974193854,0.48758327773029414
2.411605793541413,0.2090958764007927
2.362424818619121,0.31551473595593604
2.189014757784028,0.3548814708325394
2.644482134103342,0.20198081560020736
2.7221233686171202,0.14963617773146728
2.0940230638646886,0.3807972340688671
2.1905878306427358,0.3949959727168529
2.224599830997357,0.3344306582572161
2.3336291394851982,0.4556519912708922
2.4447910938758746,0.31005724271224017
2.436492021001437,0.4219582948047852
2.3338528166342876,0.337320289642464
2.3328407819911297,0.33936737427359387
2.300692889789855,0.1947129675444728
2.6918065563362203,0.31164447387525274
2.689831047620065,0.2012740915543407
2.617840569691118,0.07713878136433625
2.5734193298160224,0.10655106070157115
2.4493106647073843,0.23672993983807755
2.412880980614267,0.18418894095986407
2.4899031402751244,0.2966333133974762
2.562200523405996,0.30032671856170645
2.1774175322283265,0.3318088542738259
2.129721974625835,0.35304238005717564
2.1896216464279243,0.29758697012075275
2.1618882654329648,0.2706582195561806
2.1775064380460316,0.3233726103998908
2.486238884660106,0.29633520953655007
2.448241635418954,0.27754057718960673
2.450394841525434,0.33123123620257683
2.3117203651069063,0.4204028637299581
2.259252361662772,0.26821143278147697
2.4023216700502195,0.2085192698686429
2.3020303283829193,0.41261333248517007
2.312852476410623,0.21957789214781603
2.3171232465204024,0.244160463634332
2.2088483087896087,0.3960060446678679
2.155905704177422,0.41089398451073056
2.3301166410245737,0.5306173403370597
2.321076615553528,0.5419765771791997
2.4325974621158806,0.18076564228507647
2.459882021835695,0.21984432817379884
2.362792651403621,0.24118599199221896
2.442059576315689,0.2779702350284815
2.4702263807588682,0.23110198347189628
2.4219202080474913,0.35559331104129904
2.5472890685918705,0.2613432492919772
2.3529564724380623,0.2163293454919457
2.3781664983377797,0.22300618513426348
2.7693039138434083,0.15294212463628942
2.772363144385028,0.17294409895261448
2.316267920840399,0.20050760194360426
2.3510663130986496,0.2680664693022513
2.4470843645453204,0.37229053599094847
2.3868102449165303,0.15837574427709003
2.331211566732388,0.16135522044544046
2.260414300309008,0.5605941182482621
2.182362187450309,0.3087024367737911
2.393991748411444,0.2953000769560941
2.366516516452182,0.2761932753359311
2.3945486235563522,0.2889753092365425
2.3275984279924744,0.33430960988520575
2.411735676097808,0.2761981746446408
2.445913532937765,0.26647872720007315
2.309989801439479,0.28992718491393255
2.320227537506348,0.30030932998644927
2.3337336806672693,0.5019251922273259
2.129402513677835,0.48920596335394173
2.463395294607681,0.38856567783014206
2.4741616448849126,0.3889463740455405
2.4406468653385995,0.354459407325662
2.4113104111900916,0.24249506401001983
2.395794094596028,0.3297499354802036
2.485952226300195,0.16571754879142325
2.456084769374885,0.2598031564272549
2.381047647746696,0.34964875314075816
2.2841234737824094,0.40473723897588004
2.2734055209690367,0.39267483193788383
2.2267257131257483,0.39112121418694795
2.18895287006856,0.4050005161683834
2.361774024960115,0.28968570775362235
2.3549433255679735,0.289156303931343
2.3191499116927976,0.38250230790146533
2.5255134775726304,0.20183702737808595
2.1316820987947587,0.46915781978765836
2.193661104093087,0.5263269552092189
2.1769331590123593,0.46102249509826476
2.285683301804096,0.5162320191725613
2.0894949701599974,0.5267514151263258
2.144705478944441,0.6106619725636457
2.123144420961274,0.5158171736838846
2.1291341262597947,0.49313895223810716
2.1910988031560805,0.44422826161410034
2.308197622914059,0.4211906515516029
2.0976176784366976,0.3695959745493796
2.61699324060718,0.23815293393809897
2.413552044982209,0.1731815314345225
2.493600007782923,0.22692958509914957
2.450474205133286,0.23679916246616445
2.479786058788737,0.1146294766517131
2.491246281257406,0.23667251364726993
2.2678374542880175,0.3557954692601219
2.2683245276379775,0.36423901479729437
2.1227136617149314,0.37091825593253896
2.171311394029806,0.5158195728747011
2.2135676598362926,0.47753391599311906
2.233195423511002,0.43999950266375054
2.2081043075859434,0.44974713311371306
2.359409263826876,0.37657095663603496
2.3596288260359275,0.37870858390343587
2.4306661596413086,0.41319541102468044
2.1844294547846994,0.2880279907990153
2.2957726233256346,0.3226216139061334
2.511095358104243,0.23976705756293668
2.4357495278455885,0.24259889376343707
2.405840828530506,0.20349611197384934
2.4193139156311703,0.30315644363475713
2.4207656542580387,0.3282149100362359
2.3764486812400327,0.23978831635171877
2.543803821077623,0.26606189348639264
2.5618076877374105,0.26319936045879194
2.604197425359677,0.19901710061119604
2.7125522128174704,0.13954144422493972
2.543136170507112,0.2543779289538968
2.5443925149177464,0.3276499255192845
2.640107812464173,0.2908810896138253
2.2070435487724804,0.3570420344345384
2.1532230518759095,0.3009089201782271
2.4286314896527994,0.2812268362395955
2.340474958322784,0.3175771359347461
2.4099646984363474,0.2857767231761829
2.3969971384552125,0.3006051050467975
2.389249689520625,0.3322189326955786
2.633188573811452,0.1932731380409176
2.6180713497104975,0.19637046242845982
2.624300639480427,0.19058515512984187
2.6105082512663906,0.1865332105773725
2.592451051451363,0.16513235116909364
2.305720265132283,0.33345743668048017
2.3706665501121997,0.35893357149202865
2.372728180128082,0.36108867254080684
2.2811798735690254,0.3318673252280049
2.4815468975720485,0.24754311042380017
2.50709443038796,0.24818167828236157
2.449793393960545,0.25014492304480246
2.3224665077896205,0.3625257816507216
2.3774716367707414,0.3653559719857382
2.470129605106602,0.2734503097186753
2.4672217480874874,0.27437698300804825
2.4704319886818746,0.2738668618621268
2.470250900365411,0.2985543717094899
2.4190327957613555,0.4007726261109654
2.423846582794575,0.3474148292087483
2.449955381426352,0.41276351030778113
2.444997264589535,0.23095369214543232
2.3282574643124043,0.25742192504807304
2.3397832260847533,0.2564243874104802
2.2663216755361177,0.11169905433054671
2.345651869733109,0.14677330701305225
2.4063581638972953,0.44795196396194736
2.349578002809527,0.2257766797407457
2.336434188112481,0.372786803578825
2.376840878568839,0.34550867851118394
2.3816223502960825,0.3656157092295037
2.3019777902190723,0.2958104377724424
2.3251135204392925,0.2718202689220578
2.426410198760967,0.24644891722028536
2.4681999612000056,0.24677977811322285
2.500587834984938,0.2755184548078499
2.4135265073288465,0.20842240749293733
2.2356259490073946,0.27099158494280134
2.1837243319509603,0.2927367308821518
2.190496128389801,0.2965812605823627
2.20587295760326,0.2870344053947761
2.2922910182004306,0.2676087533106047
2.3450537105183322,0.27548108785958936
2.531020863132548,0.20923659190577565
2.609162405188849,0.16408311246803667
2.5679868263324237,0.16329949309997707
2.4732719817019375,0.21449853552239115
2.4207786139760814,0.2742802723768427
2.488357260414529,0.2842925732246657
2.4600278813591268,0.23737984394510608
2.3924354401490775,0.30292651771144635
2.4034661865541502,0.27167295103500066
2.4202098860284442,0.2782876685512467
2.3958228766261365,0.3122993831373069
2.5549950328887974,0.19683548631037714
2.4850514469819474,0.1997891446593525
2.6370813014937236,0.11708275362310357
2.5621469552947542,0.16086528313276285
2.4892972700793923,0.09493341003872739
2.5307645355802544,0.12183023745785582
2.5589867423233765,0.13950089015195596
2.588199006919586,0.245947817572769
2.5951995117623516,0.11837633412071795
2.2597582494600417,0.4160244898379528
2.2818330141845067,0.44324706062117536
2.3001072436952814,0.4569391304179162
2.1670560862315855,0.44718145873857634
2.338640763568873,0.3929873461195753
2.4099755566157683,0.22539132393236627
2.5670090177481018,0.19277074349500728
2.3858897457028,0.16702943996011366
2.388614731061284,0.20067113638031261
2.3528609234801365,0.3092673448305556
2.3352746474161807,0.30761178358831115
2.3175447966128497,0.35616454030132166
2.4731544248456188,0.3264984411935549
2.42857429668594,0.35096041253313365
2.3128348216748793,0.2701693871862064
2.38742245668548,0.3705338705043192
2.4534628838475374,0.399720865700513
2.4633990052803587,0.41087690571362584
2.4184523621309366,0.3135427582000433
2.3815356043821545,0.3742101801434822
2.243908055046791,0.49472258049129647
2.4447192075360173,0.2313329934233074
2.484867912426775,0.23426461771739351
2.2737783456249803,0.3666939034923392
2.4085469712572034,0.4252226678010994
2.2135991444126106,0.4025847785845249
2.3521311700047964,0.4089595145227805
2.368414050499912,0.18047010862258447
2.315390568090622,0.1663977874754061
2.3430177798423064,0.4079736568736012
2.321739022454372,0.4087316639719713
2.4025528036553068,0.22005479299589445
2.414303047189747,0.25327182138533993
2.5056912443902783,0.2328771965104211
2.5136983747751303,0.22962075695616607
2.5117939600704933,0.17615549935672026
2.510875777148126,0.18483596250098216
2.6289278588167804,0.23027558998433587
2.3139314600750818,0.2099233833430404
2.5044389155324054,0.1718939043333113
2.4022339721939834,0.3379172830460942
2.4252926880993124,0.42978059973802246
2.399273528957543,0.4089649085615779
2.208631632746459,0.4473987324353767
2.0824143542024323,0.47635589110300597
2.2882980884092428,0.28046204614366815
2.3203238554357255,0.39265035189791114
2.5196135474866623,0.23003109290394186
2.1629575366003397,0.40643204703834546
2.1661771809862875,0.39406437438284975
2.2015446364325633,0.390086444012078
2.3125372457900792,0.2765039967726355
2.352118932760752,0.30168921907897606
2.315175840385592,0.27423537816939764
2.333035443009739,0.2637425034685274
2.3877318828298923,0.3542860703566812
2.3891295592925736,0.35310226911342474
2.4091381719956106,0.40337665192672595
2.451529645810641,0.43886606788118154
2.380038952131363,0.5032100498877893
2.475433404633211,0.2989553988205093
2.427873465957141,0.33793174404400095
2.3983271392302474,0.2919509281083433
2.2044585276933377,0.40156517664796243
2.1298335327278846,0.3479073783815463
2.200920425175565,0.4667494264148388
2.2663926279874853,0.28696215495456434
2.5107329889366734,0.2582981595647736
2.456871880275113,0.2392745801149293
2.2965858483402206,0.3139531009879368
2.4117086917348938,0.2553143478968775
2.3846413630032237,0.21488319039417408
2.531980583464169,0.2290160337542694
2.494147431360853,0.24403875987804005
2.3898552296975843,0.2556287047799783
2.469254109880599,0.2964072913130097
2.4253573764511405,0.3279257032671487
2.523273362452788,0.3216182961534009
2.431289683708018,0.2838366190852306
2.3675206579792203,0.25729637031676517
2.4845189828433187,0.2160378051968606
2.413217833503501,0.30071262879621025
2.392951830984087,0.3240531195392303
2.3380390684529884,0.3099954721773338
2.3676461544145675,0.3059241540561681
2.4024646227041244,0.2831996154059528
2.434863790920951,0.3553648464121032
2.2515904094402637,0.37407203078487467
2.5054977732355623,0.40775678144464245
2.473535814577954,0.47301511057921625
2.5242592139535027,0.4665918308380948
2.547476444333528,0.3967189202929893
2.3978327619597564,0.39474295793379743
2.2738041362222803,0.23409096779486815
2.533355677072009,0.27619444443451285
2.572908550683442,0.16994300176371416
2.5409116868114485,0.16850187966402025
2.467247492754058,0.2404473011434249
2.2887295046130363,0.32943356488039544
2.386008099788886,0.28035199544510536
2.438079146141242,0.2346189110554901
2.4897459486723914,0.1685954603765803
2.4635424401517176,0.22348500710404284
2.4030175924080672,0.2349322069386655
2.443073396992033,0.2503556737772762
2.4860823319501866,0.25476257956360004
2.320421670682181,0.4069152351755297
2.3635793573879647,0.23460058970311265
2.3117136590598273,0.31222969968169806
2.324526834853414,0.31766024140720156
2.504449069804106,0.15610229144908408
2.350624231632288,0.25470422162046735
2.6447307587683855,0.18193816279631114
2.626173873149261,0.19343712435827096
2.6274916774611903,0.19488325667188433
2.4302162897067032,0.260347139459067
2.355127842133883,0.30039460454713285
2.2844065871753343,0.24656597065205108
2.289885317802939,0.35290009828643826
2.347602100995804,0.3386912762849064
2.4279590594241482,0.2822415213492458
2.4147408777795385,0.24132079579735904
2.397227636148139,0.25954204228041483
2.4088218930692333,0.3753372273191574
2.4666922547285237,0.2970901216116537
2.3648458637221954,0.2897025257544435
2.3439999679602526,0.3035253655803773
2.5266704670076168,0.2388930772468824
2.263032499168042,0.30804514465966204
2.487780796935289,0.29156675083022404
2.35825511223581,0.2177798761692642
2.4193373306848103,0.21967564444518087
2.495736846799506,0.20430671611051446
2.556687430190744,0.2493643422663111
2.3914391898853755,0.2213269164180593
2.2215747479840715,0.41390141916530176
2.506966636782606,0.23197026421979505
2.291017015356634,0.3827062384323843
2.255866741361322,0.3974071531934003
2.357746171349999,0.3340112724654073
2.4176469457772267,0.25780752603704915
2.545692301229256,0.34139723562364954
2.403855144158782,0.2935571103940106
2.376192616925765,0.38153484767027424
2.3603795060483663,0.2476027477614442
2.3519360098834055,0.2930472326712006
2.555989333447594,0.2483927253265605
2.47663538904244,0.2248843858058222
2.457266035471491,0.24618133264720155
2.4552557189759328,0.16925681248075647
2.4148093327771973,0.13271656209052357
2.4140777135238,0.19369547462642803
2.462589526425252,0.1755312157556783
2.4943333703431816,0.2865060538654803
2.4909640251274285,0.2879831712409932
2.5829568227082285,0.24194124093136962
2.583867452503643,0.23141976916106063
2.514608427409344,0.16397304996717155
2.2928333564574035,0.3778616233073625
2.239013470707343,0.3745716814241175
2.50768019500082,0.20603422586341494
2.5399941542994857,0.18411472574049978
2.2115787500474573,0.39447133569626486
2.2997705990299013,0.319292904709018
2.307496670988465,0.34642311241692564
2.3380032452649626,0.32717217105499785
2.3714378971676884,0.30088732058862194
2.3098549106985957,0.20799663761113432
2.540250096292919,0.3062024032028562
2.593599900649865,0.20241363409692337
2.4712173487136617,0.23479844922893187
2.3509537146440995,0.28118013009987897
2.2913299221461423,0.3386919756641234
2.329820063130561,0.2778723917241632
2.4250226110454163,0.23658068397150284
2.3615420048135065,0.24933464221540658
2.397706222544792,0.2822920526175754
2.504037073051394,0.19044303613848354
2.4813924724488077,0.33065663744535095
2.5547164196018586,0.2983499831434619
2.407183843514856,0.14776374406058088
2.2557120812073763,0.2909830505476135
2.407929442660522,0.24240351936871818
2.407652319907237,0.25931738001837873
2.2475553787068048,0.3268301109482376
2.3900493171465262,0.32218121014479045
2.490817346442782,0.16337122922750166
2.292359612025682,0.3126874864505333
2.1730863220088796,0.3656593933646778
2.197072050268563,0.37584491465612085
2.32833737893589,0.40987275228582404
2.3828615716617345,0.33862736351753425
2.377386797046545,0.34006440913550934
2.479939361219991,0.30466376934583667
2.469170492893122,0.2854155452370232
2.400841537901663,0.2569273708343352
2.299583007632446,0.32999106537136674
2.2943035386663255,0.24867843105460738
2.379238429463488,0.170316956001559
2.379238429463488,0.170316956001559
2.62441058322609,0.2780022797117926
2.5613285746630843,0.2680148344256993
2.538950386534855,0.2836869454859266
2.2148337642327633,0.30965405381548095
2.299101320072218,0.4680035008932892
2.4520100913325624,0.12606373965364043
2.435701443399423,0.16288747857378963
2.3879713603586312,0.3225742360645299
2.3025143609909366,0.3106824709945684
2.4709147054605225,0.25059047473060997
2.514856709306179,0.22988954153630925
2.3778149489952725,0.2511424041958595
2.2952279957597157,0.30995381976777037
2.3803872727584916,0.3098190857552732
2.4123360282102557,0.33789252070007086
2.4476649470978438,0.3232952112725956
2.5103568840584716,0.14699727882008098
2.533892947013666,0.3014901970755981
2.5640670711947546,0.2567907051906107
2.3548967699113,0.20513124650341774
2.193957429985154,0.29660233173142475
2.244953911078458,0.3411991467068314
2.1575668931633865,0.3923666119930837
2.6047978576548996,0.2090962959765011
2.6948171559496252,0.2023571548600186
2.357975175690673,0.18970924839710435
2.3915299662825715,0.24179013389437115
2.289818230928222,0.35530505320137723
2.4814998112544346,0.27834077882430736
2.5031771215472363,0.2989244315801498
2.2699110638299835,0.26054172787544694
2.328875471895085,0.4233193896959656
2.3149394948383586,0.41427621646597457
2.3255631731327635,0.41040396878013496
2.180073459441625,0.5257612344872425
2.2217353363495485,0.5983980021224333
2.1093052244981028,0.5235205751474833
2.3338003158377725,0.25248942911440336
2.301477652607558,0.5600873850333251
2.3829258177216794,0.38900727732055124
2.38035369586659,0.3614456248185117
2.4220256780943896,0.2109880737627496
2.6070368803430815,0.19516457381386573
2.224810197129422,0.319849546227128
2.548404290006125,0.259617653025534
2.360493591555342,0.30017048248627787
2.473081939557765,0.326619350043129
2.462702674991798,0.29601055855921793
2.372162782893577,0.3811038751925196
2.400110551353588,0.3946063848125572
2.35102154447648,0.3935620598425862
2.39068505834038,0.4415494251819052
2.292349857092375,0.19622979230274828
2.421857837765254,0.17605937773016186
2.4223251271744135,0.16812837534820974
2.4302816231794786,0.18126217402601508
2.2667586500846224,0.3438521227464714
2.4178257325392885,0.19151932001457425
2.3946577217428557,0.2817834963684459
2.4054697126157594,0.3048665275954101
2.474819656442262,0.19405591396100325
2.4362098683023516,0.2907990356577693
2.2154199027188746,0.3849708999780257
2.2918511618514277,0.33942153627254984
2.3181508582512573,0.2683282573083309
2.3868588471503247,0.3401481491289431
2.434154202905452,0.33947994029472467
2.4665432929594133,0.24544609777418303
2.4429817613414126,0.1630686813565718
2.4321284076142082,0.17389173971068014
2.380864213213445,0.23898032560088323
2.383161598088694,0.23895209680051255
2.3388946837553553,0.23839369112487865
2.5397288492905408,0.18864187894048992
2.4836626406398206,0.24598641160237475
2.356714809995235,0.282895251897425
2.402336220099135,0.2701687005945751
2.2663447783513906,0.3412043078822608
2.153509545093737,0.2678187878032293
2.259686647552902,0.2689876319836538
2.294701741701723,0.2762968263592629
2.270902832295474,0.32269333524969324
2.3507269151699965,0.4403869852122044
2.3355232635928145,0.22674478530308917
2.3156595186476014,0.42426612164572963
2.4025521207922336,0.28341312908461175
2.311748814827784,0.3543984781743007
2.4557115682305497,0.24489375621919193
2.4251461191263872,0.2129579470166289
2.447153794527635,0.41164157272643503
2.1960741982536085,0.36145515754240615
2.255465966905175,0.2880315785060439
2.2351243919829726,0.30301869100059714
2.2588863741543843,0.30816744638573296
2.5536079413586856,0.2685085609754325
2.4891142191898656,0.1969584597811961
2.5545838067595334,0.21121647913141733
2.5095652024214994,0.20875175880257343
2.2930956348114755,0.31807731660018
2.2342251350239066,0.2985376533858378
2.3320057341365623,0.28575414461896315
2.2020747402389853,0.3428838632045343
2.2077540247738896,0.4208900798956411
2.2246308815442046,0.4292866058603957
2.082298344136576,0.2434075270964582
2.100914931438596,0.24056860317620848
2.250318062102239,0.4232500768740874
2.156561940998155,0.31302937252036206
2.586018109525418,0.31064981588569585
2.6553941243472154,0.3207231150520277
2.291045246985132,0.264891697048749
2.317178696653537,0.35767320613513404
2.4525315809528956,0.43152840906672646
2.390304494551308,0.4079531964242768
2.34454852056125,0.3487542129272314
2.311473123209335,0.2646235968966809
2.3475271784428124,0.3051213530027057
2.240811264448138,0.3331218379255816
2.4433491960563085,0.271299328977324
2.3076036716328487,0.34287324228704763
2.4623105228406064,0.20562754847556605
2.449171063186776,0.23940238434743702
2.4429018250979357,0.192286086723191
2.355527281375985,0.3266722029220664
2.5586913081959306,0.24461678610931784
2.50777162191391,0.26665666540533206
2.4355478036771476,0.24663883484234045
2.4522786261461,0.22476964981407657
2.397670829957909,0.2344441456796903
2.28965414212589,0.31971676186076353
2.4137687891394646,0.3629602710842807
2.422192743678484,0.3836971090417578
2.3944777486469926,0.41724939298410213
2.349048815905618,0.3847593376171616
2.2250251518807804,0.5505118036924154
2.438925981834542,0.20549760340843762
2.443569037854967,0.29556097376439433
2.388738091601348,0.3489408793298758
2.546417609020307,0.38999518670131045
2.5578590032634763,0.3933527450350623
2.5627836405357383,0.3875197294474712
2.5550700806898305,0.3767956827660229
2.0338223726841935,0.42813485144274377
2.1419117404536565,0.3837557714687633
2.0474353041145252,0.3642668323692435
2.233044804318038,0.6325911835396117
2.293502443506099,0.5266282255666159
2.3130184033521246,0.2998139077947746
2.548767856508663,0.24799982030650383
2.4033027333591517,0.18232468725130957
2.4138918844075956,0.19517790332208562
2.3458723800697054,0.268737595121856
2.513202973795873,0.19263436749670165
2.3021260107748436,0.32959561839914675
2.2767708464819347,0.24140002372770064
2.3951905158767652,0.2486339064560528
2.2505408393463893,0.24495752229130324
2.369599392736782,0.28679185039127025
2.2596851529679536,0.33318368158335326
2.28918282852118,0.2849296252455247
2.2277001697214924,0.2658395992376433
2.3257279221444453,0.3722447363909316
2.3756827857514873,0.21109351679275037
2.3296694972176852,0.20285410930657444
2.2896964994049283,0.3605036076745841
2.312105616641944,0.30747923435373625
2.361509486370116,0.35413861230061827
2.499781342309665,0.20940020857202662
2.4632278039224706,0.27556245924351463
2.4295999666569377,0.2270134306678958
2.2464783197589204,0.3866183628947596
2.2054604178877866,0.39877844540175034
2.1960776666180064,0.4183932581973869
2.5002653123343834,0.17581238051112583
2.3774820386916233,0.3578689812390561
2.426623327898553,0.23903508237329696
2.416748921343674,0.24311762014199584
2.428780511914692,0.2592003123294759
2.392430249979016,0.2907792432145066
2.4937782144182483,0.15311664568583602
2.1633932199339205,0.27458476700024886
2.5237117301905476,0.32906746548133226
2.5061232439351224,0.31308831905254036
2.360592488233491,0.2667944759855886
2.2936315108341843,0.348952741249833
2.3755710787568196,0.267833424701409
2.3723883113216204,0.23768946357693732
2.3902255655184836,0.23455378355463427
2.341143030109873,0.21184374028660422
2.298031672956109,0.3947032274114565
2.318356964350619,0.28956359524055125
2.3173986107446294,0.2345367120133725
2.38307184717563,0.27452064886095817
2.4026296401986764,0.29616122906573467
2.334746998725346,0.2507014549934415
2.4975912819641684,0.2652801208158454
2.566678819372351,0.22088608127146314
2.160257971965615,0.39161956323155467
2.594772891472511,0.2188509368687028
2.4033504590277994,0.3376671205333975
2.4598756188460844,0.3237206489118856
2.343206740544969,0.25659880018866693
2.3492440739075215,0.31765237506627664
2.292359719361119,0.22936572847545636
2.280219892877494,0.4862923385739872
2.3861141857492854,0.2307701115136667
2.525438471874625,0.26088339677229605
2.498048529822833,0.2103514362601848
2.549090510177876,0.23098246225901278
2.389367831731053,0.22938033546870248
2.274088038714623,0.30873233149136636
2.257556415206318,0.2977505157122473
2.246506009130198,0.4337976181931095
2.3543738362777025,0.36712593926576764
2.3906961438661942,0.2504123911217708
2.3849571848511264,0.2906118194081753
2.4394062456578407,0.20700826555947777
2.3577218037969128,0.30418820149883546
2.349905678407393,0.32216530675557403
2.3649833157852704,0.23315705614772866
2.389202627218758,0.2620132390632519
2.2732779573924105,0.18758757754918087
2.3514334104778887,0.260890088884676
2.26392999632884,0.4293835298579043
2.256504386657574,0.34933415217015595
2.2843767914116877,0.327841718453531
2.372532355347812,0.38911067422319245
2.3069897642938932,0.3087474850138058
2.4393044568907922,0.41884963658922
2.504659878517607,0.2897720339033872
2.3363416027595325,0.3536894601594105
2.3425662451964517,0.35130125397485207
2.491636183659171,0.2853992778158887
2.440070878997591,0.2945076428638586
2.3855501559899555,0.24193724089487992
2.282746897647191,0.3701108067714508
2.2301655447611504,0.3872221449503576
2.584866064322359,0.23556877929684603
2.1912252942585457,0.3062645804437484
2.431773701126548,0.38363396033522945
2.254840738431217,0.30839082630305065
2.4491473211742183,0.32260898681751
2.4256769979216752,0.17753461978869844
2.429416685648248,0.2584770565694486
2.3508542124654364,0.38908024500338934
2.3657189620806602,0.35875885713340944
2.3688067954128647,0.37351473943175084
2.410059445582281,0.29815429975179203
2.3288919608455876,0.40022479406099926
2.471285046885606,0.2439763445521308
2.424498848646702,0.1952068010793228
2.3813845790885257,0.3161900771950424
2.3674619843478486,0.3166933352591113
2.3491613057100027,0.26522149748542945
2.33439487764088,0.3340122189063879
2.434562784842872,0.16699660373551684
2.386287251031272,0.3343630214295182
2.3917234360919966,0.32862446040250953
2.5658206214256003,0.309352094917124
2.4698410421758528,0.29240684319004917
2.412615021372719,0.19085875051115503
2.425594532617054,0.237848962339386
2.2728647342082278,0.356195009167359
2.324106296679814,0.17642364646555478
2.349727060736951,0.29917463981676123
2.4060737092502196,0.23366205698286147
2.4085236080486854,0.24238024447676731
2.365336071956373,0.3519310075780403
2.4112747807101624,0.3578630631149099
2.3325122020855393,0.38112107702295117
2.186640561553671,0.3148812060185449
2.198229260867744,0.33092224023524014
2.3091898887292914,0.4624722980940743
2.2920704836130783,0.21081477510532806
2.291812415840832,0.24658811583984555
2.3742232077191527,0.3671665029813588
2.304593712709376,0.2502904982369737
2.3595589339199767,0.23368911992193359
2.3815178591807205,0.2587406303240612
2.296557525465789,0.3388623594305503
2.2972340785872802,0.33842108812471394
2.4347318504192996,0.20464606630393775
2.5327625139502654,0.32769679094381987
2.6372845426170075,0.33771094406466917
2.551584607160656,0.127618041687987
2.543714363902762,0.14532769814331634
2.59449964268919,0.10534728168390434
2.5927856488784036,0.12511915432145654
2.6115732783273375,0.16849016021073424
2.557521069221619,0.1738559598098591
2.6541714443159488,0.10540531956378314
2.6046812535268233,0.13332311067756594
2.3946331618238905,0.26480012963845073
2.459501847788488,0.20216565207729792
2.4194697476189555,0.28928754130530177
2.341254491728974,0.2587811118654812
2.3046716460104264,0.2975877134734683
2.2632223284386606,0.3502447003297633
2.3088740741456775,0.40180594610330206
2.3068049547519616,0.4171407200046125
2.4150156806177407,0.28266563803450917
2.3877923368937104,0.3361382355187073
2.331805637753689,0.33692788132698615
2.5137564905240337,0.31300155911267313
2.4108200102669737,0.31331942345150915
2.302304090767919,0.32330023661212504
2.2988549145301724,0.2939010289987887
2.4002747210709057,0.36995718460629373
2.31467195083744,0.4542263048473484
2.5128085272878375,0.31530827671106454
2.31709201286788,0.27565438687317584
2.2937005595043143,0.24674623278008057
2.30525785798444,0.20516616448710528
2.347169501002422,0.4402198356512832
2.4366988985938107,0.15027978227960279
2.4384958639931784,0.21962444019657854
2.337934479235996,0.3080367969435662
2.3556518511330027,0.27002750154292404
2.4741751787515347,0.2631090574087528
2.4338583358070327,0.2878228109964484
2.520634114349977,0.23828747219949672
2.5761370879762344,0.34947424630838564
2.5563143584793844,0.31982442838133646
2.4824641765382243,0.10497976818758098
2.5316288682135197,0.32395832161921745
2.463675361147976,0.3930848101443288
2.1842517202866594,0.27749322427878936
2.301148596118534,0.2505006221819258
2.3053645214148624,0.36022624520195096
2.2869519731510906,0.19224231857656385
2.396783764343432,0.4895574159648616
2.3076497907197244,0.17741561550221585
2.2933720787936145,0.17283143707990972
2.3111228552417398,0.17903373472604364
2.3655089436538765,0.1657281083064206
2.3106848666848294,0.16068675710622823
2.3228380467928686,0.1677483030730584
2.3251428671888967,0.21280542368671404
2.353906200417489,0.32614473801833405
2.3895855357589846,0.28318377721447874
2.3480289989795957,0.2524651746076558
2.3982544866257567,0.28494518304132443
2.547667888639747,0.2724062415019282
2.541669658308084,0.25255176758051934
2.391578185900054,0.3469685654091847
2.439504754094988,0.360501777540555
2.445205780767939,0.27996644192264586
2.477191895825843,0.2755182351796108
2.4505083275251147,0.26458997717130145
2.4727495809405675,0.24835042416380565
2.503798024436122,0.2474259806716555
2.4525705111821186,0.21485765937105106
2.2819024912254715,0.21685739415442992
2.342245291886331,0.2341881061021955
2.3449311299234425,0.29561216981515437
2.4868444864416834,0.23743271065375943
2.406332868499763,0.22436758473788487
2.3554441579270136,0.20988755749759408
2.5315833412306987,0.2526973106518481
2.351618150836899,0.2780416088479704
2.2942968465302007,0.27558392474914567
2.2840510150945312,0.25805985653831254
2.3450162862299213,0.20942317576334168
2.3040994854518053,0.19073423472841597
2.478042769985278,0.34878051063088433
2.529043043135427,0.321207767571454
2.544951360461009,0.3821434521997327
2.4459831702113966,0.3109284618083422
2.4326755492274055,0.4109415415894624
2.362041565966893,0.3989267096868584
2.4061981341560217,0.33505401574240745
2.400794476944737,0.34626596638724744
2.4984315590096124,0.35140457064130426
2.502647746266435,0.3610386347088947
2.561037050536015,0.26573036109384796
2.203049571262569,0.2853251192122077
2.5654628034888245,0.27365153944147036
2.5867485539843327,0.3312447370274254
2.5407897817312746,0.33696582860775565
2.566843636352899,0.3350290736910139
2.338504643565108,0.3176891577781161
2.4595848722130826,0.3370456985805218
2.6751469642867107,0.07261547883131861
2.6435795833949434,0.14398308775597665
2.218307905633983,0.39792599974167553
2.4880427404601213,0.2707967217924687
2.3050338001984594,0.28765092493344047
2.2502072054011952,0.3639439393608673
2.4347411156492478,0.4141459000097967
2.2339158870045503,0.38667434972301995
2.152288063351717,0.37062103550002623
2.3543378397603476,0.2780104229456449
2.336593266440434,0.29097675783572674
2.3501468922025333,0.3428561738266949
2.2654302845058742,0.4620322828063861
2.2046341412990698,0.4456648127095894
2.3521016317151653,0.43040813589690347
2.3830682371134606,0.3560166807151127
2.3655894377800775,0.32057403345830005
2.5484081849864855,0.18156931704228949
2.5759438087446154,0.20182229229006976
2.595184961571983,0.24238239699854075
2.536399915169171,0.2585271839528907
2.2627737936052372,0.4161870059007217
2.2654185899847863,0.41803498051573773
2.3410204709261775,0.30304124084985795
2.347595146236784,0.21478322806124361
2.369174727138923,0.24948749963430983
2.2214012308631923,0.2540527513457827
2.2333454529023538,0.25724058442392184
2.365774818770783,0.2975273159002611
2.355113963997142,0.27053791666423027
2.389722065530444,0.25417751272270017
2.400847589229414,0.27769865924992215
2.3514122660525754,0.24170694761292127
2.2914990164577675,0.2403975428958094
2.5037832431758797,0.3407302162737523
2.225765702018771,0.33271018096531135
2.5400325448210666,0.23854201635750585
2.401390688931162,0.21945041644328317
2.477688936769498,0.23844377246171
2.4828145099769157,0.24123148771812944
2.3079774485670614,0.313659651803382
2.2839881022269357,0.27347292335617274
2.2629839959660183,0.42643875016439553
2.3794059348208116,0.4032081672752255
2.1768861862700093,0.42367990086209634
2.2328210901305736,0.39085880468811074
2.406302232128705,0.27338577458439306
2.4130792820340456,0.294650968181312
2.4349412040724414,0.2936373811792538
2.3375099541532185,0.26514927372541996
2.434654960789392,0.22439867488694326
2.4519182980308614,0.2628097844668484
2.406485524225657,0.24047162554948576
2.3355275634358224,0.2520363756791611
2.3732963932414797,0.2742658592165471
2.3477207180416264,0.2776231412193449
2.343158805275814,0.3521639085755359
2.4949694659390347,0.37335158869244905
2.4566097189838225,0.4075932654896278
2.512716624816517,0.4407610618996885
2.262512108857566,0.6594927819924806
2.4433764548624373,0.5267059628568694
2.4112145668288494,0.4320863325544021
2.314621401886608,0.37655276698197376
2.348216954954054,0.354257794080969
2.219042907891347,0.4838175837316754
2.2560669991930538,0.4383731158118542
2.213633048758965,0.38652360484551035
2.19568808199276,0.4312575727654527
2.210317609380341,0.3539844154625551
2.172870023444923,0.3414385198418354
2.4836287719226178,0.2784374217969559
2.3205575634146274,0.35283033024294524
2.536832726541014,0.2881889707410774
2.2968057448153063,0.24368934485906962
2.5758267183596364,0.22190054453689043
2.536225922562896,0.16090458857093648
2.5670256009431602,0.16445377478585593
2.3644698169505993,0.30536627226662866
2.271091287332326,0.37499864297744134
2.263430017373738,0.37798737170535224
2.263902012516258,0.32365722767877814
2.133283867801961,0.49389750473230726
2.108114167170266,0.4925500808024921
2.1053432856455134,0.4802147783458531
2.253466450140316,0.3481635035844635
2.349855017858101,0.4048602518855206
2.4624681479007697,0.21209073562369588
2.4573172501249396,0.25375938784245466
2.5047998138323377,0.274663469743504
2.365887636996212,0.32729797562642354
2.4351082111582127,0.28159102861922425
2.5398335588139536,0.24616295657833157
2.337979500676752,0.33241169677234284
2.3520862004577983,0.36196614219388956
2.3253937716160045,0.25043367474057915
2.4013912002533235,0.36176982310336314
2.362757325293852,0.2823918084792692
2.457018288664074,0.2479975395255032
2.3701493251028554,0.24575796045927534
2.4247339292878634,0.16363880374076237
2.3500840054952548,0.16789465890428978
2.465745284793464,0.22901475825777054
2.463623905979163,0.23264210146064343
2.4036543379728226,0.24170072343280039
2.391241146627239,0.20520654208477868
2.3954679325460466,0.3192019396455099
2.322607022331473,0.38902194632007653
2.350776344757628,0.3873771620519461
2.29466666886232,0.2607816030542229
2.4518318543544964,0.24746529098288877
2.3905196670974944,0.344336707971999
2.2239390885405275,0.4551786790028067
2.515810642875691,0.09549138940809752
2.4825650052013177,0.25823382718281596
2.2985749268621984,0.18245370014261966
2.348487458329718,0.15652187329639702
2.3553376111217745,0.17484115380579876
2.4783058121177195,0.2417768024654152
2.4925500365035362,0.1928634572617757
2.377528498773862,0.30246689495948814
2.3231140157594106,0.23387400362016972
2.344306289453189,0.3488024689981891
2.3624795852926876,0.35106929793379027
2.3724700358541204,0.33677064794168865
2.3104486763652576,0.3090791325815745
2.327909747594035,0.40885479786049334
2.42760120390913,0.18646419526794375
2.3540684928919133,0.12095954364451704
2.3385325160535944,0.5270392444999562
2.147089684497352,0.2886967672564006
2.3970856341076603,0.5080049880050789
2.303339984723292,0.4506531478134597
2.494674692655649,0.40713110833651933
2.486380478955656,0.4041289199343262
2.443843675913943,0.3779109998337722
2.1765577518395536,0.33413471252687116
2.2096404596316654,0.31716334776145877
2.2791074260227,0.4783768361168924
2.2891528531360748,0.5231631718709819
2.313053529827349,0.4460263836438283
2.2951778731551506,0.42876802835736877
2.334445635387996,0.16422294440751325
2.4128801273446627,0.5136106615185189
2.3165081869253235,0.4423422482535747
2.2106268541645315,0.49654793104009864
2.396467172923915,0.4533172981013161
2.4690617888444026,0.47094058934487476
2.258239500830385,0.4379234625772952
2.266302010476454,0.49519451714712437
2.278100834503024,0.3382303909414927
2.46521833972466,0.2446399532181939
2.4502256562993345,0.20022760665277745
2.459470277588483,0.18282237076425653
2.4074276463630992,0.279118861487867
2.267037764491345,0.30609684845411583
2.3483492279986353,0.37886587562072055
2.402205257210077,0.362123167797685
2.3488995346977974,0.49504731955676845
2.3416253531192623,0.4631176063393126
2.281144172357547,0.3377531737020986
2.3168437108439717,0.31058615091729225
2.3378490932468368,0.3074378327771872
2.276805823507391,0.31630273635277945
2.293971538379357,0.3338611859914362
2.3318104401965782,0.32942636239386086
2.32807173623952,0.24771007478014948
2.4775045591021394,0.24691668287381358
2.3699001461122884,0.16634193698598287
2.35038988243106,0.1680278154181874
2.6877953697872767,0.2889027929122247
2.663660609995228,0.2823523255157068
2.714232664509324,0.3229926170312898
2.6341592234770346,0.19888251038641686
2.54416373227483,0.23381494235346087
2.310914380993465,0.34953391425535696
2.352961245055024,0.26285242164522854
2.2419724482968344,0.2352719270398556
2.5373801187483482,0.26094620558228154
2.363934894700727,0.24034186035965602
2.482710405661443,0.26253604604557906
2.275471830637894,0.3666581583600695
2.312518745152513,0.31752352319858795
2.556443881326755,0.43420900913386606
2.385815973345307,0.49123879563610756
2.189706559237463,0.1859830870392517
2.5216783494226287,0.32127900834280704
2.593232636269659,0.24573838365424558
2.5608147530781027,0.23132575159700625
2.249499274120525,0.38047860478059226
2.496159770936495,0.18290519052548862
2.499071214277252,0.2467893572741122
2.291541897052114,0.3452653200512026
2.3121591756588966,0.3305403103132165
2.444454725980511,0.17113738403492318
2.4451766743235854,0.18288875506083638
2.4217622027143806,0.2346543105245513
2.5137539795320216,0.21732625688377608
2.473500464520703,0.20902224821633963
2.566605963170451,0.2414082332995468
2.60364333467976,0.2600143798382528
2.3616957582985183,0.28414067171736523
2.33555459307234,0.2682585724500417
2.485093866929481,0.29871516445772733
2.4927216887648025,0.27825839766055
2.4140816264256384,0.1765250016111957
2.5805779628148344,0.2829641079246453
2.215879614839442,0.2969547707355008
2.2107033939962437,0.29534474995381144
2.397678651899788,0.4021387969346843
2.443330107893307,0.4281809419063872
2.132959995460382,0.3868275395769656
2.2819494596613086,0.3064044190401528
2.3549142117676047,0.23344531025322218
2.353356269515654,0.2689250592720332
2.358433386693323,0.29920827115071813
2.4267806422216216,0.3298293952485833
2.37278321086977,0.3532353171034199
2.274942742120609,0.39601424589353024
2.4933339551396823,0.1720935088899806
2.235887434897103,0.46625664805307754
2.2588223760232498,0.43381428160278396
2.2698648062391515,0.26590507770960214
2.310280638334436,0.36202997921579316
2.1569266814844505,0.46339030690524435
2.311224688804594,0.3937418398290531
2.4262175670189996,0.326540289211378
2.2121053116768565,0.4367476147162565
2.3341852241433365,0.4212875947164105
2.3629689407679066,0.42365873402854565
2.3677431241750244,0.31818669248393
2.3374204188642325,0.2386867694131822
2.3025940472995297,0.22936820215594778
2.592875473951907,0.2418718330175053
2.2762989944535685,0.3246035967990931
2.3393026257984495,0.33890800438467855
2.3852632658312225,0.23173556084841984
2.4458155521951657,0.30105970824034123
2.395198488823201,0.21267421025589886
2.4306383354152112,0.31545518491244934
2.451798268273662,0.30722056342355436
2.4040051488896075,0.3065404499042806
2.427051570412881,0.2874761561001964
2.3911646531557413,0.29480832285845743
2.7081898062863186,0.11638221817466159
2.6319950831770047,0.18847032773164188
2.3794102436887736,0.28689463485377953
2.4412094172822494,0.33199453120305805
2.451697798170878,0.19605275429627245
2.3899975552391033,0.31377940123075027
2.380037629046163,0.45536390196663185
2.317025291925084,0.39299662908576655
2.3799874536367707,0.21694071726815084
2.4635665907311397,0.2552913733915491
2.172966225670263,0.36634574132278686
2.5980225994554296,0.1950208171598076
2.501663843390822,0.18556624817626768
2.221349248433796,0.4641439500775045
2.2673575054426953,0.4426128281735489
2.4602708915584324,0.4890953571449764
2.37415120940414,0.46299285687767083
2.2616260557173447,0.306943680933064
2.453321918505274,0.22873635411963547
2.2087139287042308,0.37314135585326863
2.240886291603909,0.42843372609908154
2.3885283642078483,0.4370965550678699
2.386909325151453,0.4221498093339078
2.379744047955244,0.4179974247413105
2.2551384696982057,0.4024440090901884
2.2510129313577645,0.34763441112752586
2.3480557804315243,0.2570733240228356
2.3395591633322335,0.29850676195045933
2.3054832978893844,0.3587566001632841
2.496930191118453,0.3195679504821344
2.492009060042044,0.3234291948145916
2.541406067708467,0.31651610919643386
2.531395041980304,0.2979214407564415
2.546701081076626,0.3259787157685581
2.5159185408139986,0.3227671186132886
2.467969168285631,0.26746889662633555
2.4112126814904307,0.23429099347812143
2.2910395423306524,0.3514876497812273
2.4331112449684973,0.24706891112753193
2.553729652458839,0.16410456532475862
2.3577388669219133,0.2398172870399154
2.342012781815401,0.40257578702047986
2.3223889271007034,0.3846081022215674
2.2847572279931634,0.2019000059072642
2.2752606374093607,0.17787822244371107
2.3709154509936963,0.26423037080418765
2.312185149901818,0.30220038242855535
2.2840163591742884,0.2238066855949526
2.3566242930861385,0.30135964992950076
2.3471046184796514,0.34405689620368624
2.3280477964103437,0.24341326480076786
2.194922820783637,0.5303129767269067
2.2050245735854213,0.29585901325165154
2.2619826745959433,0.4138469020463857
2.3048912168399665,0.44516627001570075
2.264377665227326,0.4021362870936977
2.424549855547228,0.22482587469353763
2.2462567660911446,0.37402172756763874
2.2804829846882315,0.34862019554146345
2.48312451613859,0.2329254831142294
2.344434111070222,0.3412383892263393
2.454043736000659,0.3414033894416305
2.4075972937043053,0.3529934341353357
2.567811810670141,0.30920707729408076
2.5151107860552093,0.2689782832371536
2.263569593330205,0.37351826413454914
2.286072305099285,0.44937944957746334
2.4887291462740286,0.2820652343957976
2.311592525069667,0.35770167772741734
2.320584823180792,0.2543385218857263
2.5654567352554185,0.2520468806032215
2.2021794170966458,0.3257199126535888
2.207472375246043,0.262398638152285
2.4597611202864633,0.34821227669638977
2.426793647481419,0.3552005409379227
2.557734205616615,0.2682906024844657
2.322305271156601,0.255891054086665
2.5642251879060964,0.3548309442435014
2.220909520809051,0.3672771388551815
2.4218360087644384,0.28566334278142175
2.324251693362435,0.31441302052530173
2.468914338708832,0.23926748515600996
2.516391817292012,0.12916822054305946
2.5056649575573284,0.10026435453137587
2.5594680279385407,0.23797345160410618
2.56202594119161,0.21078941099853707
2.557426217328732,0.2403461895600206
2.3832981201620846,0.25136362408419755
2.4951734648319004,0.40249603766829783
2.293802697883954,0.3464191354477538
2.456968697797768,0.23318379549031937
2.4373544648740664,0.20489828750931138
2.3612173614513723,0.2993365479075277
2.2838266578722064,0.264583826184035
2.2294236850420583,0.32288287392220305
2.5633627880175194,0.23576205142664036
2.3441603294598203,0.29469158474075696
2.4026685051449572,0.2716002132011905
2.3352863671391475,0.31667174233304507
2.4941087119243797,0.3215940452186481
2.32084147384516,0.2962170046338159
2.318336035255812,0.25911738037613347
2.436080215835795,0.24608822302889433
2.420438540659421,0.27162389560939504
2.304910639289385,0.3264999126095947
2.3155743887030256,0.27682551861698534
2.310120343890756,0.30289687862857034
2.3459897680555986,0.2703714705617609
2.44203756817722,0.2821893850397154
2.44701367948797,0.24500158979547884
2.374120855716881,0.3026514244904551
2.299431060034137,0.26953717361372903
2.2948027707354797,0.3623149068570576
2.2368803058564315,0.37840386510579355
2.2640968044590233,0.36644611992465015
2.423430878733863,0.3283456271465932
2.4394132050829613,0.29724566593211127
2.5291389309622576,0.16346660114775294
2.282264280548466,0.4177413744027244
2.2156138733408426,0.2767756762718486
2.5259181723915023,0.33897750723062475
2.475473250556065,0.3799285702894225
2.3265783236976003,0.4463363032321413
2.337580082209983,0.4287760158633977
2.398664163693551,0.29182481841191704
2.2495335874050304,0.27933632671098113
2.403573570601278,0.17167994176636697
2.4115146881933143,0.2273616538681431
2.4458877710896947,0.29636270240416535
2.4331586993375534,0.22010270589944547
2.412179001753091,0.20275473080639522
2.4007316429453893,0.36970369907985257
2.3599734641573784,0.3603333408183435
2.411592950539119,0.1949616466315878
2.403604760025024,0.19383854416283175
2.4992304741316334,0.25298541739622094
2.365580278088109,0.2898457678689504
2.4413865013274156,0.23597464398838755
2.469728206858042,0.22669263852590035
2.4321130777707087,0.2696312659816656
2.4772886428071255,0.2719629317418215
2.150400916545333,0.47034513052975524
2.248993091659116,0.314023300979784
2.209632117171113,0.3223205026994244
2.2180151112596507,0.3209522112616801
2.2994165624131386,0.3811375034798022
2.357063421182489,0.3182056261542815
2.423603792380002,0.3105316902389017
2.5453238270422553,0.1743672598346744
2.4185682844054943,0.21179228161019736
2.4783507126334725,0.2641997943197643
2.3813523058766592,0.36070491146917194
2.313830520994864,0.30620088060717066
2.3210200429746766,0.36706622365754915
2.382558285960089,0.2047075993478365
2.284304811787343,0.42554020013967797
2.282622607642891,0.23467990535933392
2.2689464038582603,0.37684988603788006
2.4766024482950644,0.42856140553310107
2.3901704188591895,0.24166381451369073
2.3900183639123473,0.2138080329374637
2.3849382894989413,0.3425544290007457
2.3018104664015446,0.25897515454517894
2.484292147689635,0.282527215984253
2.4082455578201554,0.32503065395227115
2.458298961478542,0.24676955896573483
2.384434164576284,0.2819223386663289
2.312081603040514,0.35464350636498554
2.326789382343358,0.356782654675107
2.3611978467242114,0.2977151074339611
2.426188216165239,0.3439691134204684
2.4260339234867936,0.3209727700751161
2.540434355287406,0.18192063678050058
2.338752218991489,0.19075032167802003
2.4971914898185217,0.2983156632697275
2.246288879435433,0.34131211886259777
2.340133747139261,0.30464549300808863
2.4010974077549148,0.2553646561536417
2.3581437841236816,0.23398634183265066
2.3225024512068755,0.2946787173609196
2.3525483468224255,0.3534730177843828
2.4049332493850835,0.286915446245998
2.4959343804649055,0.22707542977779663
2.40494465714259,0.26702806056980743
2.3859337470408133,0.26144152260112546
2.417717627738969,0.27645683143439864
2.3360625915222197,0.2825655006761484
2.2442879879239297,0.2338779396109937
2.2263669394982477,0.22650588976163016
2.2037427662570077,0.23378339889266475
2.322427476125822,0.2616363196301884
2.313060308263068,0.2387747366704897
2.327792934384194,0.45872734752979033
2.3295341879692,0.229585919927344
2.4950547287508367,0.26012770123629364
2.5057782324692894,0.2759578557327638
2.452442977778974,0.3450624508042037
2.266707894442387,0.3613499216161566
2.320004110629176,0.3611402383648141
2.271828573774909,0.25936167014066386
2.413208819338078,0.254088921073161
2.495520697023959,0.24499476283727614
2.492423805761171,0.24455181000012233
2.433324877367625,0.3027935484366741
2.179024429355621,0.3072784237862735
2.2002778620348664,0.3209905384535657
2.2006139318462195,0.30803335428376233
2.2112978601652333,0.3119331431010106
2.3407622379966715,0.36690156379650135
2.358460486727462,0.4288091305785532
2.2056801238504717,0.37801265598619926
2.255889048972549,0.5481932275913364
2.246722328035856,0.4745352783478826
2.2541080944550007,0.39755223945306384
2.2953864854833252,0.30501601601015665
2.338588102253185,0.23886848983120082
2.3834745752184894,0.25090939322306494
2.553701139102142,0.1587084479587691
2.5139902493342987,0.11918950796956937
2.58934401031619,0.12431647161152053
2.63156876792161,0.19657077790045446
2.5526930491249673,0.2235383119794783
2.2525597835258355,0.25978211631428627
2.2720652765442724,0.2570462671054632
2.2181088833713885,0.23571118936271496
2.262056947619213,0.35758394193222887
2.2655083071435547,0.3553179984882866
2.293988464127388,0.2914231608759178
2.28140674948148,0.33202911835754617
2.5831786835537294,0.23527338777311793
2.4252383201812306,0.18776190443102772
2.5182130641121945,0.25787900758894644
2.2853694027081994,0.23940335755676645
2.312391254866177,0.32336640424947327
2.3449038536679723,0.28157972976292867
2.379615446865429,0.2637017468089724
2.317042024090336,0.3177144306502957
2.43218410545164,0.26220679065487756
2.3804071650017256,0.24165157755218328
2.290872135521053,0.33830120936647357
2.351141864243074,0.43158449939071586
2.3488886564718063,0.3435848468293187
2.3539533227217064,0.37205583383213675
2.393658844312202,0.30983270692519577
2.4396559714320185,0.24505134589067873
2.429037515923201,0.2927280852847231
2.482865453891883,0.20372847913349196
2.231670574199189,0.4019871438604919
2.294310797756155,0.2991100552525246
2.6514410026244613,0.32019480570661524
2.582036518414153,0.35320732582010506
2.572298296404618,0.3674850528345755
2.5280058723481678,0.3250622547526799
2.5040114025244633,0.29207733874312825
2.32203034953702,0.33220607586923356
2.296557678114569,0.27293111498457406
2.428931871562983,0.3290212221180056
2.6048502816109433,0.18780897702105828
2.5966311603177537,0.20276533936393668
2.2556111437074895,0.3565474551490501
2.419652846168228,0.27883133744427674
2.4727039876863657,0.2083358569149916
2.521428164130187,0.2587741940576035
2.4330275154533014,0.2384572254347455
2.5198988839615164,0.3374918027345416
2.4644738958901784,0.2824425831429101
2.4423689176506005,0.22844999050772916
2.414074185752798,0.24677626548441706
2.341867618064486,0.31121425557368243
2.4417450940374144,0.23689029961723837
2.2821848063202577,0.34521787408798915
2.3516389507311857,0.34070514496724197
2.2772039985731616,0.3048882783787258
2.321171196687602,0.22612035958441898
2.3284670602376694,0.20437959355281324
2.338486775771999,0.29601601767022995
2.3807778624337503,0.30119412715712746
2.409403675752253,0.28859581244722127
2.4439766200479993,0.27180117609373305
2.425772939598327,0.27561694895133876
2.3458328050194535,0.2728435038835959
2.2639765701041674,0.4257650538567261
2.408511920760488,0.1739067480883184
2.4050685640191762,0.17124798190337584
2.4040675438210695,0.14948722350993215
2.570366601285677,0.26759198650976557
2.3234746235945787,0.2660310613396976
2.2240560346583003,0.2465220097053286
2.3155821697985335,0.3156569314235592
2.4061604734554525,0.27006719995891276
2.408011917652853,0.2836330561626735
2.307410094725307,0.31764844629183875
2.3522633059457894,0.238011804060522
2.347166004508513,0.3534240649340451
2.619974770063764,0.27154888367025726
2.501617459795569,0.27144194379895076
2.5386296626735496,0.26197501056852324
2.3868912843245886,0.22260137595481516
2.229047535666047,0.4330076211074308
2.277146391968597,0.28403059323109286
2.213564009964002,0.37267884539964913
2.449939090546308,0.24769296971642932
2.5351457087797664,0.36002859199619097
2.502069084061721,0.33268515028975904
2.5169324515280103,0.3802150151273946
2.42726745587402,0.21681590781625537
2.3979519977524775,0.17846859785686
2.414550035458158,0.23600167937788868
2.4828330114399098,0.4410411919827624
2.200672222385887,0.22463430361598782
2.3035286925651652,0.32950528562263703
2.3660196904187636,0.2676863950764305
2.468635501262337,0.3235745215731172
2.2168065082540753,0.2713144431938138
2.409923146975391,0.38158096555047244
2.4241697622124008,0.40332128175268267
2.3494749976789753,0.2111102866321211
2.3889733884227224,0.2739571581544697
2.2320072241177984,0.20206000723365825
2.1899003775116332,0.3934108240417529
2.1007332571159116,0.33949878953265944
2.221146525407299,0.24317089987334964
2.366768120188671,0.35637158864636787
2.3700905946862387,0.3583026412820488
2.3588744387865552,0.3572186543360203
2.417221106485831,0.34125260010465275
2.5092281861772503,0.35907027815664283
2.336968523232457,0.3682213531478587
2.3227877493050806,0.3702200359202888
2.3172791704632787,0.3451136535804968
2.467270974358829,0.2369948421399712
2.195371308187711,0.4158093606989054
2.2671861505520723,0.4305574033704864
2.3927756161701756,0.20525164381417135
2.369534556767882,0.18428771408938394
2.138597833819338,0.44730191713345757
2.2439475156201416,0.3574672118974967
2.228967984390016,0.3103896072405912
2.26190002209203,0.37594761411222416
2.3260775749826776,0.3970618500668667
2.25834678171342,0.4215565394457012
2.1467463236960453,0.41289726765826
2.2318429717454515,0.31474793683188546
2.570307314546736,0.23617593699058329
2.3469488567608146,0.2455236847392269
2.3316170391075275,0.2511189625782742
2.264749599850342,0.29749209271139704
2.2653499596096336,0.32438985868168846
2.328112423047862,0.27522209573412987
2.4374429016174752,0.2868806370404467
2.471787715564119,0.24662564614118723
2.4648955226849303,0.26495200744544695
2.2212758977119065,0.23997020622405904
2.5773747888613756,0.3131210191941927
2.2165523615101073,0.2527407140118117
2.1882230179377773,0.3398358448612056
2.3421626266013162,0.49190900435507756
2.148052913547135,0.48125433033483167
2.557841518591983,0.1424591001765895
2.562608641783484,0.17177346991447232
2.4987889429516827,0.26628801345448283
2.444561740600951,0.34626859533766413
2.2797532711348136,0.3712448800544006
2.531038725830043,0.15996082833729824
2.3806875450867224,0.19900116457034306
2.4692114833012164,0.23344105485153094
2.3794731425735933,0.2619820604015349
2.3595767567145636,0.25040019366986005
2.3326112972733566,0.20559564646278114
2.317156891854827,0.20956311082970222
2.6005241355006565,0.2816771992783125
2.579461789704485,0.26343452739595036
2.5885425054638334,0.2529247671344305
2.3833026274664624,0.2116328239761139
2.389675675351999,0.29429550649584185
2.357885463320876,0.2764774545125531
2.3191042038374183,0.334786841804534
2.349168027522184,0.28864360265436106
2.403028927190426,0.36165003149477776
2.4146403453297354,0.1968230455922254
2.25532738761919,0.45451941917558797
2.2300442439057235,0.2658911117505998
2.409783201230545,0.23067885890999304
2.2911906493309213,0.41740150949694443
2.363025939340327,0.35695479083178006
2.2360208933049797,0.3850333313331118
2.4389349635279554,0.26347077224044196
2.394015198089795,0.29485171098205215
2.4651759693293807,0.21821212736706547
2.250257570144662,0.4003120230633827
2.3303437356908376,0.3720304503849611
2.356947555011041,0.3226004989350494
2.3745156538048664,0.3748913202975266
2.237084426524268,0.3945203364936005
2.430213409888094,0.39105288160373075
2.377267422875063,0.2676862493908574
2.4030055980215876,0.29737920452497774
2.3820809399494447,0.2253709994835067
2.462180674266185,0.2634921101308867
2.4486568966554647,0.37360037631222015
2.4384337572796984,0.3698764488951846
2.281375466786743,0.3834928939653415
2.355605622816738,0.33985809471942674
2.3328379146235103,0.29152702211667836
2.358621346162427,0.22420041167364238
2.2160302620869516,0.4046653592145173
2.297991174583292,0.3943117047095534
2.273975865117587,0.3335256040174712
2.280447761674592,0.33960887020765274
2.2586415862111573,0.28770777356758637
2.4959829326590772,0.2605063340775607
2.533002186980764,0.178318725496417
2.5077073964488092,0.2278019722493437
2.3192407762466423,0.2774204034020075
2.401616692988939,0.25133583355836425
2.3309842451614853,0.2695736944918029
2.3261034864473613,0.27812644103439293
2.26383518896338,0.35499218879194755
2.301956434847437,0.27956716084540006
2.322988341294487,0.3880310199083823
2.19760830021416,0.37105659376992894
2.357151283600082,0.2155302344820221
2.365559637143468,0.3759146227616869
2.4825400976707632,0.2863973958412937
2.3831979759151967,0.28715024494507924
2.5309641262604927,0.34925367800296536
2.505022367501668,0.3506931544210794
2.3795626173627173,0.43968030086217774
2.360161061311789,0.17030343612458496
2.4051612106985485,0.4219543627812889
2.4287354338509153,0.38136319545791564
2.379994486764431,0.32931898434794166
2.371681191005724,0.3333251072678334
2.2944598397275664,0.294001607184267
2.308665072950606,0.29059156334709957
2.3284386279076092,0.2966757891571101
2.52631086186475,0.14288640187142124
2.6314392850311785,0.13524803686082348
2.4320924299492295,0.3078364140696134
2.5156380379854277,0.1674820200502037
2.570886341546369,0.14664052159636606
2.502270447902407,0.18425468491516175
2.3369331735066643,0.324614817584243
2.611502442750157,0.16990674926012594
2.639443207272884,0.1740775011382275
2.4780307187525183,0.21520007738908684
2.3423966629198247,0.3203449212236792
2.5090376393575267,0.27652480528946105
2.229607561296497,0.29303966901177814
2.297315955788523,0.2656840220837044
2.500501695127178,0.18264259436428576
2.370104996550658,0.20828565124394013
2.372881181189238,0.3312405806261023
2.262845553101568,0.3158524377055327
2.4642246487709594,0.2921678510122881
2.3147392650837677,0.31569050953931477
2.2858746845405173,0.2547434671283414
2.334645400298964,0.3973452318468547
2.3234671904912028,0.4456958318730205
2.3885578257732605,0.3779895646269146
2.171636941487427,0.36872371207683874
2.275891848471577,0.44717760960000075
2.1345162513962275,0.4095538638438681
2.2149053900467206,0.4822246402563582
2.222842256860227,0.44940159236255095
2.372862164256872,0.14474942878659006
2.490595615683538,0.24138630022655788
2.202851872440198,0.41679217124833956
2.5131165992634696,0.24902777483059552
2.1943142413139323,0.3430809543735098
2.372426388424108,0.43143477735282093
2.1888295615264446,0.2522541315652856
2.4212238983605707,0.24059305407224846
2.458486820094647,0.24973445319544144
2.4210744920767078,0.40864791991294563
2.4234667166404993,0.4531718256511835
2.459680301484648,0.26490971613297964
2.485353277201954,0.3699121730495428
2.4781462110259955,0.33169388207140177
2.4834084543552275,0.3341390937055345
2.4544436135139773,0.30542749354174975
2.5265242893618236,0.13097991771557624
2.5276346319131204,0.1307675470762513
2.5464615092106753,0.20504046187028674
2.669668184076354,0.17616770841186538
2.2978827892317817,0.2846714507788006
2.2965552892020926,0.3824194683436975
2.2435537779648063,0.4698273106954794
2.247361775788209,0.3007830131267581
2.2427702478046756,0.3151351105562895
2.242820409413453,0.3441354481037027
2.3694563139197293,0.29848778614443244
2.401473737106119,0.2881079515563629
2.3781941555649326,0.33129100422760893
2.6484010176813757,0.10806271164340428
2.641691437120169,0.11193653664107264
2.6841247420751526,0.11741028473669926
2.4254401801604373,0.2333168254675751
2.354449043752376,0.2667105041528894
2.383867176634997,0.2701648957742216
2.4157176165186582,0.2917334281647319
2.42251742312116,0.3008540748283456
2.3917692568674807,0.2921080510575173
2.398714035988404,0.2677137585703417
2.4524143716839957,0.34448005350869493
2.408429070480109,0.3322171459760747
2.353797289230822,0.37763779022960436
2.2076174989688955,0.6246325044087132
2.1561309783394105,0.4276366722756739
2.232440894587957,0.3987734336917813
2.198204385550708,0.3687375098011709
2.3987938386947536,0.30180709545577805
2.565106446493885,0.3240852183065382
2.600730469308428,0.2595587538248855
2.4171854653216567,0.16498670519767664
2.3829070094942892,0.4051731623499617
2.330854723433575,0.38569596751066304
2.2865304606738137,0.329654677733896
2.413925884970448,0.23521099134508508
2.351548894185058,0.32568580971158323
2.49150907639523,0.3082435454124362
2.4118219409071813,0.31285233283978203
2.4149787804033824,0.2730594368316121
2.532036641367335,0.2291128547087903
2.275999869224343,0.254301800631377
2.238930394631405,0.24203018116443697
2.2331794527983364,0.2579377395516519
2.3849276807764777,0.3857558603995638
2.219450662499952,0.36133728885101146
2.2612173763875396,0.24451326443763435
2.56859256582436,0.3080333436943578
2.4252706817752427,0.1508796640137165
2.6201129034809667,0.269178865415463
2.4302695616135215,0.20363792120726956
2.341225714344047,0.24003100798918822
2.2666052774241123,0.41951867510007895
2.2649207571060703,0.451084368632154
2.4581395391467353,0.38459990551181167
2.3495095758310627,0.3757811599185776
2.408002158922256,0.2811070492822954
2.607999385759069,0.24209431203373608
2.5677741642358307,0.2589774881944735
2.5403953473213643,0.2639646203198049
2.577217731515989,0.2540424624658394
2.5569136577008624,0.22267447144778946
2.418424423275445,0.28491887559289875
2.2843025243191035,0.3717431202022969
2.2781218764677535,0.35055778978033286
2.284917824696944,0.3746720878371287
2.276452460131484,0.4074586056371617
2.3040037553265766,0.3675526911371576
2.342563536428527,0.3030940464572285
2.419819445227282,0.2609372967716107
2.288378351137637,0.3704308427509784
2.359851992978916,0.29679018784759587
2.4878534560904635,0.23064141065173194
2.4436626036357905,0.23692477492454747
2.325164122503173,0.2725557734388613
2.440809547309967,0.2708780514074357
2.4007913732537496,0.2531271374448985
2.4989284561556153,0.20244283697950047
2.4199742643241384,0.19221581667244464
2.382816560922903,0.25114472813901995
2.327744040720544,0.34204160481918866
2.4313839958014536,0.2375259523418794
2.482369292792284,0.2621524233277128
2.2596619907577873,0.28066411372435374
2.3964744767517443,0.2182972889415919
2.4388571300830155,0.18267114832683468
2.390280359598129,0.3274095101233509
2.6367989091419886,0.36786017883471006
2.5535644248235476,0.3456311185456577
2.5639604256629394,0.3181574552924466
2.436988537568589,0.30610923827630127
2.5186634241614105,0.3325232073965806
2.3071105210945606,0.30119740018813884
2.3117306769497783,0.29972407628616793
2.2444152368941306,0.32027211322570825
2.2527095911932538,0.3298626514107755
2.3540390295932188,0.4136176475018284
2.3393056084625057,0.4089411522175297
2.5097677419384574,0.2198658222865422
2.293003116780455,0.4043865555415169
2.4424111270618156,0.4003685539936258
2.3660845439030416,0.4997340835943556
2.308189504050739,0.389602599753506
2.30560285813934,0.3925149421727542
2.520106071178162,0.22623264244547525
2.460883375183097,0.2639337491959504
2.4244062739836885,0.348477791715203
2.424941883413509,0.2160989537920995
2.2988781947702535,0.37755124098066656
2.3861088244893054,0.3472271323761291
2.2466777690009425,0.39552133187558886
2.1563461201522967,0.44906252991355605
2.3246651569928685,0.3989275465217713
2.46510366420257,0.19589261481253575
2.342744650408365,0.217139309546078
2.219339838545933,0.5106508185512558
2.275779650451693,0.40401018506600445
2.405704863967243,0.28448688276088985
2.418592125024621,0.28602035938084946
2.370442463540987,0.2706483756873172
2.341530480706595,0.26243113380532945
2.400316161215486,0.23235374694430516
2.332316616248502,0.36241956245018314
2.464352370333249,0.24463394937401967
2.4258246771632077,0.21437578941742044
2.4719785385341537,0.21941641386936306
2.5631887792403782,0.172403689803728
2.5226558879065073,0.22933357132622267
2.397328396848975,0.26798632847614573
2.2767356300179933,0.3225501308827812
2.358831913462695,0.30914841782177566
2.2631130605471186,0.23469248742168833
2.3036320941213084,0.2753989411935219
2.4449970317935232,0.23993268620230943
2.45151857614926,0.21626681271381645
2.256313873110204,0.4650516736813606
2.2023192428298883,0.3584010779890904
2.2751763910110774,0.3472468518190144
2.4203902363451553,0.27531705386730654
2.275727002111609,0.24671088425211404
2.249494459632154,0.3873798711716883
2.365038260250374,0.32317641200169434
2.356566176715874,0.3146748153649019
2.4891445648266313,0.238740555657826
2.1254301186239304,0.4482896355934708
2.070945369375815,0.4539387794124365
2.0727418439102814,0.47961814295422606
2.145710207267091,0.4697929407636709
2.2088564835715183,0.505337923302312
2.3893332231150888,0.5520549578998685
2.3792773830093603,0.5125367716344412
2.428298885310275,0.46668571960227145
2.2999736620280973,0.4390423648753822
2.410485566799203,0.260319150052842
2.3024523726358614,0.30566277072603487
2.417285987906681,0.2675197196925351
2.4390287576531966,0.2849049540872768
2.184143012097964,0.4078852647202855
2.4021923956546227,0.22583131324904612
2.262908442453234,0.43562442613466956
2.311027593960911,0.46596345871164796
2.3814697176228354,0.18636134876460753
2.4938068324029703,0.2115478015925572
2.3403597060914976,0.34225230684848706
2.4210147624032174,0.2373572163699565
2.46926050625229,0.24995876318549107
2.3877367561235596,0.22690460708056354
2.3371477640135883,0.26398928904384106
2.419121731579696,0.31353714772081925
2.1976560604415574,0.3609887628036299
2.3440071340173145,0.38434508646305204
2.2251495318751413,0.34938269976084896
2.308898489200833,0.2694128619205804
2.4656192367365377,0.29424044134120814
2.198918272801453,0.3351108284871601
2.3883735174594705,0.39977159034119525
2.2484271251710175,0.2635601352941605
2.252315233349485,0.2752954458482449
2.265906624351964,0.4278762999668297
2.2528088905069668,0.4320230432749141
2.265822797409731,0.43232765070219475
2.377071002608237,0.4238186456209502
2.2969786793611577,0.20846663124334006
2.221383144864011,0.20646894315394795
2.375308135134747,0.2254036839062671
2.2727312955626067,0.2736555717417039
2.2771978522873946,0.3701076144492851
2.3569265294196122,0.36216283431774066
2.341906996767487,0.3738263120907476
2.2749584269065357,0.46103130546479637
2.2641017350434542,0.4566825260700204
2.368009002244593,0.2500528300082565
2.3464541677042376,0.2960815557051537
2.312744892446718,0.2567005445382295
2.2967060976441527,0.40580878793240405
2.2236394594194993,0.367545866121059
2.3680843007670886,0.339766459084045
2.483011904275044,0.3631991008509148
2.5680388545119266,0.27410806712802477
2.5754207970830807,0.2671241589249357
2.569788058417034,0.21311701523576465
2.3242152161650496,0.32262528363916604
2.548749474593536,0.16769412018424007
2.4832269544652465,0.19868425516352886
2.5542125569407568,0.22430731287222452
2.325189633926087,0.2773280090913521
2.452365722969791,0.29553158512713584
2.2456097363967613,0.28844143445713194
2.311104175695511,0.3210881421372148
2.3271512429099843,0.35209917978054434
2.4020982521716747,0.4024484937920008
2.1726944366830705,0.3842384672838884
2.1536789040664415,0.45324660653567067
2.188783980198586,0.36232261930145787
2.5436974970458657,0.2235183241698693
2.4114419713253863,0.2692440442587241
2.312465687673336,0.35056406517885835
2.2967287667080303,0.3477449585069791
2.319572732789348,0.27436493063775136
2.451552545959549,0.29233928552187083
2.363734000305308,0.3752857753696277
2.301058243857864,0.3733023258538341
2.41156811236304,0.33743595032371165
2.381033942993397,0.40949690750592216
2.452120056025321,0.20659962036796498
2.2917428859306663,0.32964737426444257
2.427326755183363,0.25385135839041606
2.3791846524665976,0.2819027620845627
2.4281413341013325,0.22670006167925807
2.3316256029081113,0.38304181843165475
2.35678584119656,0.3641948481683572
2.309662336214785,0.33875308299660234
2.2013196712840126,0.4008383485789804
2.251018283036464,0.32313674890475635
2.1682635009051903,0.32532531610837895
2.176951109363626,0.3185419521148365
2.3827343294811922,0.39611997787672953
2.261830003393683,0.31739274040497023
2.440185708694573,0.25994493211067465
2.2410129920295283,0.32225720969834176
2.5112209364987117,0.3702607310925301
2.4705440167921457,0.42289436333830954
2.525027773353059,0.393387785372796
2.4876508245536275,0.33254116164778524
2.5057443246112756,0.36610004427905607
2.424508752133808,0.24956916284710345
2.371811319291416,0.2522167915105408
2.2710045742129736,0.2809283698326888
2.401444949582693,0.17245980782884754
2.555362852143286,0.29330164186868174
2.416326339703112,0.3903515754219244
2.3705807869416575,0.29855724895922686
2.4605925095801107,0.23121865291155888
2.498192667768378,0.2082562971635441
2.233881579454252,0.4503243346544028
2.315638816761227,0.19356928079172325
2.371675008567104,0.28258494646787513
2.496170905326703,0.2689272209291382
2.2598778639806425,0.30619336771881267
2.3746748647891662,0.4662247300668535
2.5422566728626803,0.27751632688535177
2.3067865731837993,0.3233544466457371
2.4373379849583485,0.33147275229784007
2.4100419807372098,0.23386382725075558
2.4357642956942356,0.24986227158587643
2.393340913557575,0.25860312515906936
2.265948204919838,0.35243381088424935
2.430301104031199,0.287355997887765
2.4212382440722813,0.30524034669914574
2.2524795960779347,0.3785548765715236
2.5100830720492286,0.2355820940389096
2.3809535901953263,0.3293337951517513
2.398317330628311,0.348284193220781
2.5609414840372207,0.2907487886500073
2.6153694503650255,0.25173363042564734
2.5511999171859148,0.2698827818478422
2.4865771215481995,0.24922293638912638
2.5053055856660666,0.21217508842240848
2.240420781913224,0.3795470985526823
2.322110674844506,0.37611055567869783
2.2492691725256573,0.4880987715997825
2.1128239238144673,0.37299110043284683
2.2348655055517552,0.3344800723807597
2.358294764395136,0.3259166439139159
2.3979660224007335,0.23787781412847459
2.4362747797447737,0.17279884386248764
2.4664479253731515,0.1823062198369796
2.448909338684297,0.13302947526554462
2.4942095557576853,0.16505365006413147
2.5164122221760468,0.19953540700122205
2.4975579152892653,0.16836332335385118
2.268606208967254,0.40765841362023025
2.2672823765873313,0.28946695906513426
2.3501214039794784,0.2673648542648397
2.4105047059510576,0.32839735132342723
2.4485262471747493,0.288389350247424
2.413465065406162,0.23177887728875907
2.4836374633272196,0.18838615417516064
2.305719495083961,0.3338789457571216
2.2431213729196138,0.3813379055061542
2.2120538966333463,0.41987160752218494
2.2885223811679105,0.4131658190198212
2.2132037400895026,0.4035803747987105
2.258065084215084,0.36949940225960815
2.1975733468993743,0.4473055146783884
2.346864093449299,0.35578603727413216
2.284462346897146,0.2511810806508731
2.407255974847998,0.20478978366647668
2.3574462558981697,0.16144372145873795
2.3479322947825563,0.16954865835598862
2.257099312073179,0.4995445530816317
2.3703255193974946,0.46404385895387473
2.4575665195626515,0.2714492363131528
2.4771747974582934,0.22337311736066112
2.3211092254028536,0.3729718188317732
2.2642750230262116,0.35932687154258064
2.3325749595947727,0.23712100057685098
2.3894691968165955,0.23573098410258503
2.4715387642705213,0.26362868276869506
2.473377428624196,0.21187227542789458
2.4077011154803074,0.2668918528270992
2.3783616888956085,0.16953382983499188
2.597133929383841,0.3110277335863635
2.438658997564333,0.322920018954265
2.460950226745458,0.3048326964149838
2.415778427322711,0.29047376415686454
2.4382862867848565,0.2637723870854804
2.4370933657361435,0.31686877189739393
2.4546035999728293,0.40016630918170226
2.3133155143004553,0.3640224183063053
2.3728451327369946,0.20570014095372408
2.3484969676976375,0.21757810958499446
2.2727154091640704,0.186081810637681
2.3433910597521765,0.22409332102672236
2.2731540995509323,0.2705015113535788
2.484666689116122,0.3468895218089927
2.52359803212927,0.358347134947783
2.2949891352120817,0.37719810500641177
2.2586115448341597,0.36050624155227134
2.3302166027163307,0.3041144439681569
2.2689086032467602,0.3690265739129121
2.428487217726345,0.19046444964513623
2.324821256273116,0.31202861215102984
2.2962423556583555,0.34204798437618433
2.5030000318500063,0.21854584144157257
2.3907529948426522,0.2790412744975019
2.4591530554211163,0.21509708852416481
2.4222718199147533,0.16843380783176543
2.6068076623612977,0.2162699683693054
2.3492588836147767,0.2740568600798956
2.395145416764526,0.2986528092397436
2.3812425560871575,0.33182589179577426
2.334466763724749,0.3809936595971556
2.2900374782546735,0.32406457696027574
2.5514075667766485,0.35855921971130994
2.5354430328369597,0.3174827155250446
2.421390702250172,0.23244384820535668
2.445412239957293,0.1896996697221179
2.4594561720651726,0.12889173076153898
2.3601379644605305,0.38697667631965116
2.3614520528788794,0.37739818662236174
2.3048803734987335,0.40290377008043454
2.3010415964607787,0.36857648711054203
2.430952894831859,0.40153751409078675
2.3260419381302104,0.25870803163647316
2.449199665141575,0.21858616645895398
2.343488603688107,0.3511576031087941
2.3439614832237856,0.3503848892755826
2.3557633292263698,0.17298050954311578
2.3752571238587636,0.43152333813063365
2.367969910759805,0.32647814790284896
2.3711461083432983,0.26685773085026315
2.4622238804135006,0.2561458978822559
2.4537007188906768,0.2188587762886712
2.4368174442861066,0.3051015105033159
2.434748299199424,0.3022039504366998
2.319761655797995,0.2570798398259031
2.344085556016087,0.2560029842040061
2.332130103964298,0.19177268771918377
2.300993438920166,0.2001296360878918
2.493966193619081,0.2021016772814033
2.2906321139506254,0.37137810755097844
2.423246692367453,0.2874461217163832
2.3893027547139076,0.30272347011662004
2.3707492015857423,0.30318373563911183
2.4078499808718554,0.2901454246622453
2.4140821120333844,0.3147874266054554
2.476054391711849,0.38045379710156274
2.416382171642582,0.32965963683793587
2.4253220184593838,0.3310816284483464
2.4072768534915623,0.3042561387558375
2.4268162800202244,0.3162903351761771
2.2552852955806477,0.41971123202718696
2.2618710920948653,0.41646550695101003
2.2468155646809382,0.4215825803448158
2.2160051146174875,0.29360211234266226
2.2193572592599695,0.4429403440911842
2.2150522206760255,0.4279080288907153
2.3887020875893796,0.37595998653307316
2.3982816218114404,0.39053696356298284
2.40579525174611,0.34995987110935184
2.3161418533270353,0.36392963717999666
2.2750643181484382,0.30136115511969774
2.4036787879340182,0.3612172294076389
2.4790469072338714,0.3898966560965855
2.4766829590617845,0.3969385405381308
2.466524092979308,0.2924761978285771
2.3955324235383704,0.23076567675170415
2.2809622586267384,0.3217105151599833
2.056832940842859,0.4049077881561615
2.5393927031844212,0.28553743408418025
2.268802586072452,0.31963785959840857
2.3014531807849865,0.33581339020264245
2.448141761763812,0.25785814172883026
2.2371171676308776,0.3748408386784285
2.193905833588023,0.3558794083271819
2.21497942845584,0.3490728755492022
2.2258497325596194,0.35798717894470106
2.2930072723950157,0.38537168778560227
2.258069677601823,0.41378874030929047
2.2988663083503766,0.2283600937989471
2.6222304303745747,0.17812232526839206
2.559965678993079,0.13881333677680696
2.5308437996666333,0.15285842398452257
2.5667625846699282,0.1019636474912236
2.5605272791034563,0.1032734957270783
2.5656004236144705,0.1022037336328618
2.5656004236144705,0.1022037336328618
2.5456400659659764,0.09566861417715648
2.5456400659659764,0.09566861417715648
2.5548097702179366,0.0787994204932098
2.501483362904845,0.15488182969355654
2.5410463732159045,0.20998205638519732
2.440133635140744,0.20759616529861402
2.481493345370554,0.28109728342358464
2.24215262674247,0.2763796834878028
2.249201674849777,0.2792023705928833
2.3390830265165405,0.3799127460307855
2.6201122114369526,0.20079883005733792
2.622387173211231,0.17653792839580154
2.1835876306264126,0.35788557203621096
2.3689862557181605,0.3388189132830513
2.231348453658507,0.3726854419518264
2.30118468046507,0.3301537499267046
2.4020856043005234,0.2739958117710575
2.320624968597327,0.33209478926872915
2.444479230913004,0.4315839305277171
2.42126951286204,0.4015357583768512
2.4249956618683206,0.4057152358815297
2.3641352721187565,0.4759732621925683
2.4174698044144893,0.43187071936553684
2.3907686929605747,0.39717240093764633
2.310510505659979,0.21534405468939316
2.396915685228842,0.24928035976277677
2.40543764633316,0.29023962962171124
2.186385315856859,0.29702726214120456
2.288823490829537,0.3042331004221926
2.3541023503124783,0.2239738581027942
2.3954428160679644,0.22588760288243603
2.483516308808955,0.3169501196258668
2.373233573508026,0.18520552424371414
2.384113277663942,0.19754270766302953
2.380816947230715,0.33420746606704455
2.3255011068293503,0.3862186667779006
2.3775566655294216,0.23543794936934384
2.3161043135064143,0.257540456439486
2.390531510812811,0.19105913324362234
2.378057876530558,0.2270060642937461
2.3591311423145815,0.3083454626238698
2.3717717679388377,0.38556659624597867
2.467941295287867,0.28010163268962496
2.429609522681623,0.2685359104560198
2.4568469628673992,0.2520467079802754
2.499532072511236,0.2641772896549698
2.4039434053636066,0.28882961909267635
2.2373005648644217,0.31500092950786435
2.2764250120458893,0.31600575418714344
2.260651294694623,0.2701514535032293
2.251183704880557,0.2593326070490887
2.308253768392234,0.4464722957648945
2.4090268380312607,0.3753319150135131
2.422977986333243,0.34554443060189405
2.379864296784534,0.32788540892874724
2.3802714693610274,0.24858326832991381
2.363829451242867,0.3214057243408422
2.407581589789591,0.32955471717556206
2.446337962292086,0.33204305950960905
2.3026723187442912,0.3293411851577615
2.372941580943839,0.34708274694046
2.4821896362231115,0.1472981907628441
2.396219364079369,0.23233076948688147
2.460681959451719,0.19576650000183815
2.5175071676739535,0.28789283368251556
2.515284819791962,0.30392479553422747
2.3186900101731807,0.2808273190581234
2.290321477041886,0.28396687507941476
2.534024372967224,0.20052719174586348
2.614967812109015,0.19915764173886585
2.377063731015643,0.22380568184657923
2.475125099711873,0.24908470880384395
2.3631772796915915,0.30556993304432895
2.2488497464500763,0.3305345306931654
2.396348573958917,0.42808544864934156
2.525935605746317,0.27706403439789123
2.3884783656614506,0.29983173552854414
2.3796907266966794,0.29409759956997866
2.3229956910464056,0.3132364133906858
2.4035618184568754,0.26584472939053916
2.4354901555973365,0.25604502850364974
2.330946195351624,0.32987031606390266
2.384410125842221,0.26560122060742214
2.3602715715419182,0.3116728889630643
2.4142277908152603,0.3166590944258635
2.446046870681869,0.315248627739346
2.4864791547897807,0.338878057665317
2.564330963330465,0.34887106388792155
2.6258326721203065,0.32596608212643047
2.742210533800481,0.09350434263547526
2.7098040031447868,0.08556115154983644
2.70059033268209,0.09793130236227915
2.687718644950492,0.11153085929598698
2.6792415587233736,0.11717350325525985
2.47374803108784,0.357075584184401
2.499863728158877,0.38227877542863337
2.3648512387431473,0.33777639419030087
2.3245557246933313,0.24739892119355306
2.287536397489748,0.41285602564493074
2.342733721628379,0.2444963293538504
2.366494796610061,0.26089200576377347
2.3143049262770115,0.2104055241521579
2.303260728930799,0.3366928701665068
2.3186285961164175,0.3695395720505187
2.3346399385081287,0.3685548699536218
2.3881248891378117,0.3249542989668178
2.43212660695086,0.20124035499711318
2.3127975561159304,0.33810075392504724
2.2918437784559917,0.34682433944001057
2.2699218284482803,0.3715270820326343
2.2830216666453187,0.3442333091433839
2.4827505349334658,0.21739390837590886
2.297484291300609,0.33923889060829937
2.4392717114779434,0.3046324736930057
2.3212553945566623,0.3222816210146564
2.4459072680168665,0.2749588304691825
2.1111499887550442,0.3976808869896791
2.5686674403346634,0.22524049375207808
2.516230737988154,0.13460752039935184
2.2840141650316697,0.38494523794509616
2.3805615912772873,0.3496601493633106
2.478516230987886,0.3605842020978179
2.27672201251277,0.35032850110042457
2.288169197945323,0.3105734848944421
2.2508635818697575,0.3199353457441879
2.2055942337946113,0.2618324695068148
2.2224308293178283,0.22822959929541456
2.3898454241274174,0.19870316858047127
2.555306035016197,0.2949385345942687
2.356441998083228,0.2602459400971848
2.260774603113548,0.2995357377993979
2.4088231565488276,0.1807560108123131
2.2665951721343234,0.2994810944397207
2.292307841884536,0.36026893376830493
2.491083208513605,0.3165347600413642
2.463038966667391,0.34878332642636584
2.516889079125596,0.33904191559089975
2.2070582699670513,0.3022509509840871
2.2347685449391292,0.3010175603761848
2.261145669558636,0.3246113480906166
2.2647807510427036,0.3649500663106592
2.3393592864190698,0.29741493884918496
2.416961722949204,0.2361429160321553
2.298663549855865,0.29337209439276396
2.2880871430045344,0.27970231035142396
2.512036178788844,0.24943317525581069
2.394874554948979,0.2371972063413908
2.4998457800486893,0.21531857021353243
2.153816617374323,0.4699099319708574
2.1415477700010954,0.4466698670875264
2.432030723946647,0.25345101608683035
2.3355868761901304,0.31807113658858016
2.3917365053208877,0.2887274645083024
2.2996879265960226,0.19021535886814697
2.3972981633643213,0.34135128546509425
2.4591144832803136,0.25443838102028216
2.3878382862731935,0.34724766533088613
2.284562685599809,0.29805493760154456
2.5050565924391277,0.32464963808695685
2.2789981347703967,0.4454738923604358
2.3459147722144045,0.2644675282443526
2.3175814435252686,0.2890480134433427
2.332113316746187,0.3123646663021794
2.225336792260926,0.3879323915582258
2.2627461748155167,0.42679454615055884
2.2752558204630295,0.40257664064051923
2.402237802526041,0.33052860943993295
2.3486483828254086,0.3346121938384547
2.2586547711159124,0.3922282630964324
2.2555391351780196,0.3931202779424701
2.415069860672552,0.29499819116698994
2.3531723671390266,0.3277019691443964
2.2566100825703814,0.38349356294623926
2.272677502024353,0.3696364929584637
2.314359431127455,0.4293984191421709
2.4126581824966133,0.41413599063327283
2.3781852069873515,0.4805766235309184
2.3622506436957957,0.18396299126128626
2.3830813613424997,0.18787419544137715
2.384886305548893,0.1756059220411579
2.420388998064291,0.18859605228233342
2.4892652069385095,0.2535209550490049
2.3691405155357232,0.27941005941048613
2.44300234085806,0.25735817459410965
2.2592143055367475,0.37481191441382633
2.2696410693846167,0.2154356643987969
2.2432817891077685,0.2206567113775314
2.257355792980358,0.2916319597661785
2.448291891717277,0.2341709765804295
2.448748912027711,0.21962223036583078
2.452535551638144,0.20256362066889086
2.5152648756816443,0.18733121505291073
2.5175981086992234,0.2090846953022538
2.465525864777547,0.2237578507235056
2.224266306910105,0.42448898456037537
2.321405256088211,0.2596190396818193
2.264829091569866,0.3990985474602305
2.1737034145260994,0.442103867895256
2.625811446484123,0.15655772247131058
2.6269710973117535,0.15217745447297154
2.3376985615329753,0.28672559890819116
2.2842169201114992,0.323279625705253
2.3193887498021293,0.3973084203085068
2.3888495162051724,0.4037007723122379
2.366662645184668,0.3718895104989315
2.4053965589808906,0.30735041290806353
2.439393807559572,0.2737417665732956
2.454582998488128,0.368399869678743
2.4228928365056404,0.35910550376762623
2.5845227814102127,0.23288678532323018
2.3498412834822666,0.23641737679277836
2.41417226617513,0.2816325909351624
2.3387376805007376,0.27784769056867226
2.3578343233455112,0.3088487539262881
2.1805231653531987,0.20583509692576987
2.15829927463811,0.20449676770417194
2.236585908989362,0.31892244195799074
2.1951710628361045,0.3061933630010256
2.3035830642202804,0.294046016378293
2.4963697363780604,0.25404952499256056
2.492487211818793,0.2004384550750904
2.3931390018313636,0.15322510660835342
2.419494670215557,0.37013702388479647
2.41478792170417,0.35631018201228776
2.2594838543760063,0.30874513127380293
2.1777553891839676,0.3861629207230495
2.2536417879296993,0.412220521491385
2.2506568508737197,0.3667948183806518
2.160171148104153,0.35662323507111177
2.431996131018617,0.1938354117158199
2.26802393881619,0.2812467742704478
2.4151283596687003,0.2553761801276917
2.1862753246511346,0.4885213223771752
2.5360043169840787,0.38230751909758764
2.3390877214793435,0.3425643687967919
2.4789718729568024,0.18762787328664918
2.478236840775094,0.18033640927871372
2.377129695334684,0.23859996120080282
2.326684831816875,0.21362485407498166
2.4302993295613726,0.35560569375249595
2.315773133598745,0.3291337804274281
2.3608192385327995,0.39795254639538324
2.354471861416481,0.24457999257278196
2.4117919561237087,0.2531689168640773
2.347122641430446,0.19699351906386453
2.3998713929860265,0.37589928264271966
2.2649037112157235,0.35121705468976716
2.5725779695146,0.2974020162811242
2.575152587665428,0.2996543674336809
2.5963198001176013,0.290111498886133
2.2522134832255505,0.3467452779906871
2.283890595241548,0.3532058431382685
2.285695899490665,0.3706144752708943
2.2637378391746505,0.4061736856018332
2.3845379159871767,0.29670235275027
2.2239128674925897,0.3248135567322294
2.315853719833,0.3178244528359238
2.4677364849196497,0.28928451083151924
2.265797833866471,0.3661595144854383
2.362982239500437,0.2813556475553644
2.360719252488275,0.23123811189593801
2.401512514017802,0.33369339641311657
2.453462462546256,0.17503708426939876
2.430893371916997,0.29023948360374874
2.3949465875142826,0.36422092412829016
2.3929623678287246,0.3591566055144745
2.433068938317769,0.3089193838683209
2.337275606225468,0.31565301986571853
2.496833442608612,0.29108089158585443
2.1909013243941433,0.3490930833043673
2.2252462566887665,0.43638151330107117
2.2049115310195972,0.4758763268968612
2.2982223864896603,0.30359633612619336
2.362431404317676,0.2593006963665602
2.2533258042511175,0.16646497888216127
2.381087173372043,0.2718792519662281
2.352555875522866,0.30470370192052854
2.372141979625377,0.2514264342998539
2.399567961810004,0.26162805039667475
2.397560234637063,0.27320126028792696
2.353249788094649,0.28921749228053645
2.428661173774254,0.25422590963978653
2.4263211857940745,0.2864337803817982
2.321774299187702,0.18168583930708918
2.3276528600708843,0.2707425813106034
2.423732036227764,0.25917624264805506
2.429760606107934,0.2991008463520015
2.2164167580325,0.3415471106565838
2.307774519930421,0.47019027772371164
2.545045280965653,0.23734300152952803
2.5320361471274966,0.2571587476386171
2.4683776502534562,0.2458628233246417
2.453943834299777,0.323023706903357
2.4045905823701554,0.3056305337455967
2.3758205259115996,0.3257507957032257
2.336308501569569,0.36728026313209705
2.227977897122208,0.3539602727165339
2.388789848489119,0.29281863449277795
2.4418541275218844,0.3172277781482793
2.387796744116573,0.23239070332372122
2.225989770779219,0.3116358961961608
2.2354212369454247,0.4214911642564496
2.2498508517747915,0.40655444247173866
2.50682274293105,0.189763064589094
2.298103006795459,0.20455491077512736
2.4490702790919823,0.2674335307736392
2.3703783188393484,0.2509887697329051
2.3814339406620184,0.23539797818708816
2.40748352114839,0.22719442461944084
2.5167207463567602,0.22436754896022107
2.5009096106969144,0.22222492216326153
2.4853470031239357,0.29170521389863485
2.448188326108574,0.3215264167971715
2.4752691788980044,0.24145074592949387
2.455503141225857,0.3747544134938472
2.5502075754286677,0.35874810880701197
2.674733520165597,0.3021663380240277
2.682797762768471,0.3103843194158215
2.6239412918653455,0.29518010300591324
2.6525474772060798,0.31285121562332513
2.3181146039365514,0.1930146092356286
2.515945350847349,0.3676101560799139
2.562686149543701,0.39828059636867325
2.571288844886771,0.40730681923030065
2.554565203368953,0.40504802570574255
2.3913862682215123,0.17392214569960696
2.3071784870113743,0.1687792819166533
2.3943738052268873,0.22266843710302478
2.4519365624391907,0.35967870796825846
2.321431451185546,0.2721991839844598
2.4233367490717317,0.21573012296464145
2.421530126531192,0.2423191859131455
2.457947003739298,0.23698686602975333
2.237676516776119,0.3060032690643933
2.2968121180836936,0.3082407535478487
2.563131373533749,0.2005943971764037
2.5474606552432153,0.1618996422302224
2.468388843896497,0.2251579644014877
2.1961692598384306,0.4316316367634719
2.2697765817671693,0.41823016614908326
2.302797425434799,0.4641069753205874
2.3578223056899943,0.2065826246596502
2.3567181895323137,0.1978045052765561
2.388720352019297,0.3578473152022211
2.435061990429261,0.3228222638160652
2.2533540589430734,0.474767817434515
2.647720424720843,0.11032283149982967
2.6730505793779664,0.18727524648567276
2.7111246952015966,0.2012670427956359
2.6588773595039807,0.17886079288502993
2.672141717864807,0.1769697211012613
2.625494831031061,0.23940900885902705
2.412247443995748,0.201790317109155
2.376389736816186,0.16938112135536376
2.463724347829554,0.22193730991881333
2.4869466898430397,0.2587462974685284
2.488526659942962,0.271174253036645
2.243604804421292,0.29584385969535953
2.3127651778453577,0.26801132005841366
2.2692309884216257,0.30200622556589696
2.3068422745860606,0.31323326605550667
2.4517055700151977,0.21322692799920692
2.2804681626194263,0.33076061233819154
2.2675403910850864,0.3318889565365494
2.3095249923846457,0.23269753596690018
2.39191922704696,0.2243988394669788
2.3676860646604974,0.19991012520895862
2.4960243202893477,0.2349872306926364
2.407665581456594,0.2072321266403821
2.3811274225412884,0.20107657701685727
2.3776645635628384,0.23908022200621562
2.5714306812263708,0.23001144199556883
2.527606402206236,0.26162874235646555
2.3948104765479554,0.3593968319268666
2.381645464866092,0.38494085719411086
2.5084398087595043,0.29376756762486517
2.4442200800542793,0.2851785363429188
2.1407555982116504,0.23889723022442325
2.2272080031184296,0.2747691763136431
2.1930481653478306,0.26919237199242346
2.2481304740137995,0.38479348656363893
2.3562232703605748,0.32123220195294133
2.3191454808007284,0.2825880124068935
2.3954309592276215,0.24466458553389084
2.2994198875118568,0.3730744689221597
2.2912262642970522,0.33483812298365734
2.3929948552028373,0.3592846514010549
2.331798317531699,0.3087602764592336
2.3462432788063015,0.31453790840919454
2.392439737393669,0.21636077070190746
2.3761431533069937,0.1994352112769502
2.3746308300047576,0.20056308523690491
2.50556810376396,0.28832330417349133
2.418782706224652,0.17522009523361295
2.5420036058721274,0.32984765134413585
2.324241669622885,0.3449183855817429
2.4243762987722572,0.20909689565355044
2.3759516296477585,0.1757082932287759
2.423609360208298,0.22397390776762444
2.555093011144506,0.23088361143699315
2.5449237325405325,0.2349350006168218
2.621507215479236,0.3170961619707047
2.1749357773916698,0.2519221255026287
2.3322812282177305,0.27436284390339166
2.4157899275677153,0.2928266036172395
2.4919965881858728,0.13391422113998674
2.5559463075508657,0.18434965136756895
2.5762648348678434,0.2430100751773239
2.645298160757603,0.20442247741498595
2.6152143869655,0.21921818537132542
2.3652716192800205,0.2761877337438335
2.436611073070728,0.31034979514421956
2.4894353579117072,0.22890575231658838
2.406577050880743,0.2556623686875569
2.3845933772355505,0.3812819597321186
2.1902228335719154,0.3931952875698801
2.43594304193489,0.5765627994217886
2.4532300528114583,0.48189915688805535
2.2176086979681804,0.4428777413603239
2.4812895556273844,0.18252147973547136
2.28985161294779,0.38489370135212025
2.427643814261404,0.23868115664208814
2.460824584597947,0.23374712250953697
2.4018801084132897,0.23336547042308484
2.4215070567192942,0.2714456798671349
2.4189210426156924,0.32442843776555924
2.364974237703312,0.29768142768658923
2.3328286587131264,0.24882891707839663
2.370996536583427,0.30639563502283496
2.4270120744378483,0.285699893742265
2.303336204552074,0.3024899040782706
2.3675400519389767,0.3593550348136654
2.2708230322868315,0.3087749359629759
2.6770829596153836,0.13100940069537567
2.2055250735171565,0.45254932293843736
2.18917212491906,0.3359038061685324
2.314964946007562,0.4022903787682687
2.2794331480398493,0.3322479074286254
2.3865026287044935,0.3281633143825611
2.2841880869956923,0.2956616866792345
2.3735849573269756,0.383811646962816
2.3983228357558244,0.3102752405612131
2.362332596465501,0.2764416367412884
2.2501577926905054,0.21411301790464557
2.2112180247284656,0.3521101053257324
2.3630895157944654,0.30102878497827557
2.4864105265287724,0.24817692023612972
2.3960843464517,0.19539184782129326
2.331183230555849,0.27484962960485104
2.4107893545342414,0.30637339886913106
2.4542652162434657,0.2694021600561125
2.4123622425782663,0.2888894756222769
2.3660616580039924,0.3088724526959392
2.3403192175009027,0.34190614087798493
2.3216404445673815,0.3071567485593914
2.3893810027056666,0.3505583804984236
2.2096454832100156,0.4349497720662885
2.251079836184956,0.4341844936625185
2.094276439010881,0.40832181270120366
2.3346477106129337,0.2750533709896686
2.274795033757074,0.3488995241770653
2.3274295339272206,0.31027561229853673
2.5318511602517764,0.24879074264191667
2.3457731007382976,0.24551128942097533
2.391847765588154,0.3083561474623808
2.4534500610345016,0.3405563046313051
2.349013326424936,0.365925290167217
2.465123778801843,0.2536259186701362
2.374175770900618,0.25045284129989276
2.3375087581937675,0.33817819322499465
2.306400821613257,0.32327856955845186
2.456510553147202,0.28359171640706704
2.461285827881709,0.23636534730510614
2.4423517041408607,0.19216427332170402
2.444714262002652,0.15960545499420775
2.395598156320229,0.2046924883404441
2.3563771249946446,0.30173541501095363
2.418783404205069,0.5085634939142443
2.390725316370676,0.4915223182003118
2.3881794743677953,0.4939941692044691
2.3882187810936997,0.49225696960877763
2.3422763091340464,0.39747925679798357
2.240922864494186,0.31290033470472034
2.2786452429829898,0.3065813995284942
2.353352003241336,0.40224218609697154
2.2638638442930303,0.3629391524397551
2.389724275454108,0.37563035572399867
2.390986990289373,0.2608418848082591
2.2841023995679555,0.2944372916012876
2.4867387680183852,0.24154630010960812
2.529491744318371,0.21902712182982345
2.5568963614435196,0.2053003044501685
2.559465187735522,0.1956040358609373
2.3629871049384357,0.2575907591109638
2.3952309779192635,0.2647244716084891
2.49323845435166,0.28540977800951456
2.3962792827944575,0.17932950656444346
2.337648676408907,0.40984837506702765
2.382995104701497,0.24580047649488299
2.3164047527649454,0.22356236803174495
2.412391831804883,0.2609067622519627
2.451895735227336,0.2502534886809114
2.3553723980859367,0.3286000665783979
2.3549356127021484,0.35117455501103256
2.374033435496266,0.3071763844715892
2.292793437185517,0.3691175945758602
2.387554552777438,0.3193045386172046
2.3344169388157217,0.22566415502342674
2.3287727659457373,0.32859427783757933
2.5040801845527954,0.22403017700997166
2.4537225315797575,0.28220386633356864
2.393542865820618,0.30637523164632113
2.509796990825523,0.1809963941705726
2.532596362484641,0.188424601430474
2.5121574987593296,0.2039174072710439
2.5008631896254387,0.2096830692653949
2.528328650693054,0.19824713277794623
2.3729992676189586,0.14475961137184032
2.336940375340918,0.24044774206546063
2.412265777097528,0.21928444314721401
2.285028794883683,0.24071764759257738
2.2566019659823318,0.3782327965274004
2.440582714604661,0.4309501042987887
2.439601416367722,0.4430981576164282
2.3464668518572656,0.40041479352562304
2.32948247904151,0.22601481936285175
2.357628396166327,0.27642265861651344
2.327247306350081,0.1832638183659716
2.237420814388401,0.2985020446073263
2.1235929661975756,0.2935497198540654
2.1262568623396003,0.2829839793961029
2.144113413566272,0.28267814334838254
2.1718090704940876,0.2862533748284164
2.6422094289999674,0.2682363394107486
2.6313282746397704,0.2739927856821822
2.5778409307073566,0.20027873336359175
2.2575034280429755,0.3247201257320165
2.2373133356429937,0.313444157425702
2.260504205174435,0.3207557871806132
2.418099421151368,0.38857384048617105
2.1030247646490676,0.4467748672270781
2.145961301957633,0.44430629534460714
2.463125856420606,0.37646409566824596
2.37026632629878,0.22548673895146865
2.496554833265154,0.20491335060704297
2.3475260668095603,0.3624069135229651
2.309030507327791,0.339430965786008
2.302503776458682,0.3393644126310284
2.2937489998599325,0.33404405876438653
2.3571089147876783,0.28069942949357857
2.2683671738611726,0.32501788668016235
2.266846412528021,0.3213796929539408
2.3011754344530795,0.3778345429977647
2.353538239987437,0.2886293559433661
2.1588279254112575,0.4368346115252472
2.2690811820486196,0.42541347175797356
2.370918854646188,0.21364633042444775
2.3537890347561725,0.19518427925364534
2.3579964593024387,0.21934747805344076
2.2115381246333174,0.5174546312301007
2.089314603317281,0.389544821479904
2.056000562472791,0.4198737902527071
2.4396369963053006,0.481514321924195
2.1893386986486205,0.3118652807561513
2.1933487168108887,0.5458464889005621
2.3754546609174043,0.23049060699128252
2.3443912129421363,0.23239342138960514
2.2866157832557197,0.27198032192550464
2.3468965250500595,0.4598738514642694
2.332335078905987,0.4991026706131188
2.014763394097924,0.37437101408980755
2.0899267757174984,0.41612080611401553
2.2922568894217923,0.5372846438630123
2.2565007969354482,0.33876228696278193
2.5023771626582643,0.19917462796423605
2.4682213943961986,0.26470140175101337
2.3477249581198136,0.22153933639559578
2.5041617377896026,0.258214412352885
2.3853586546462795,0.2269797912293306
2.5065958396447527,0.3188859404270807
2.3349782751081096,0.4707400926564266
2.3044495435334604,0.38506866132842055
2.3543416436938616,0.18905872813410135
2.3036834320864803,0.3104586758961638
2.385491876185193,0.29953194084537377
2.313938662869133,0.2964976742551032
2.402281447923105,0.27179071364847435
2.3460514563804002,0.38469413419669424
2.5120854434862108,0.16945359381251798
2.5995828263882794,0.19884267171709322
2.5253306575448655,0.17928708647613312
2.5271872466171565,0.18869043017601894
2.524535662552949,0.24890199737027696
2.3630066748821648,0.23375256402768263
2.5019673350035365,0.2666675082197049
2.3470281412124954,0.2863828435005971
2.3925158041465737,0.29879726024320785
2.3769635799570588,0.2860100030123075
2.507653932661157,0.25002760725281503
2.5210231825210343,0.22064743808822534
2.330337613071156,0.26715873364571396
2.354386399817558,0.2578380917399347
2.5334466735973464,0.18433775056075172
2.5964573784070595,0.13369849457792168
2.6198357462715403,0.18911259571458736
2.6230178701281406,0.19314926499005397
2.351363651939988,0.2827489543442305
2.2007505950589574,0.3990670909584925
2.462572509485023,0.2441849412010782
2.3184099695251708,0.3468792115676804
2.369955399915646,0.2754843953461795
2.3204607692387675,0.30054610134512755
2.4372951817438633,0.2890757127512548
2.4481796853687827,0.24981160226368684
2.3944840403026952,0.24408919565273698
2.290985508101184,0.2838081652999665
2.332361391697603,0.2328665795580295
2.3550915440042526,0.2208000591650585
2.4502138592238754,0.34334410614652083
2.4241334974339113,0.255312039592516
2.4064552426830064,0.25402692781749214
2.360400075438135,0.3786913325837586
2.432165343063268,0.2318708013782591
2.4332176914778856,0.17814553573851113
2.4073058941248466,0.3517286072229933
2.342092902470097,0.4629358149125888
2.306095818300968,0.23394432669257653
2.509280633751469,0.2943004852830323
2.538171428339798,0.29384216765314625
2.5125400306667984,0.25771007547843416
2.474428026001921,0.26258661276898915
2.339690822870613,0.19257477343257792
2.478781229641647,0.3106548476468017
2.228998647122366,0.3072309476085208
2.4385441121986227,0.289875670933142
2.3971670836721164,0.2750753326165853
2.5048680197653237,0.14734998772334906
2.4850138182300077,0.13833410717348846
2.3778122766972998,0.34786843809335993
2.2981596313142285,0.25555345229990073
2.5264866881218717,0.2664680059561637
2.423366564301663,0.30035248519128593
2.351775965772969,0.3350361715504524
2.3758384557021364,0.34169975219183324
2.3200426304191195,0.4669005424638403
2.163865092434167,0.32059782473608484
2.454194844946286,0.2561602294431937
2.294003352322834,0.28862041762252355
2.3122971527295126,0.2996849668051496
2.216270619794508,0.3106467586788283
2.3417386361506995,0.374477199248936
2.2551921700744186,0.26446756623527423
2.37252274725992,0.43967388700466326
2.2028440247136754,0.3848281216795155
2.18345625692063,0.39375721053241225
2.235299232549393,0.43451039686690135
2.335724044357294,0.33072951313300325
2.2707067843577318,0.3299232176981517
2.3039239555361557,0.26822640180553303
2.379567400270179,0.30085775754678457
2.296885071480283,0.2856497089533108
2.248089994210081,0.4349522391578081
2.268345764275835,0.38066540091610906
2.256866623655519,0.375711268028147
2.270436843971206,0.33698825743086186
2.2625495249648506,0.3466506525867867
2.2729027106422257,0.3294536396112573
2.2629709147259245,0.3931455882071597
2.402851021661537,0.28185561258996644
2.3035265569536723,0.3114300100795766
2.446788653612382,0.30270940060998863
2.3611640702844694,0.28338992381216227
2.4264212401688496,0.224735082025046
2.465408386886897,0.26176009477467926
2.3936897041278042,0.16066855256270623
2.4199163321064474,0.1103837120576182
2.41019276295575,0.24206121270704753
2.4192826426211926,0.2787838500489563
2.432938382320825,0.26970424281330113
2.2768346993903115,0.38178932879699595
2.2712218521504792,0.3946019026340931
2.3673338092400997,0.3080718548769594
2.317757881277894,0.3275151779967169
2.4795614585194587,0.43985258488086215
2.3199470305015493,0.2603906032036211
2.425651897858353,0.22232712049632927
2.2659522021071097,0.2348673453794119
2.1735033048703283,0.42481123859855113
2.217212287775341,0.39439538732942864
2.207955858266841,0.3682842579808889
2.2365204702909387,0.3402766452755026
2.171067636334807,0.2934721439958548
2.2738727870466784,0.295027620265587
2.3556358498385457,0.3090697277378767
2.2795287627687384,0.45674166146604406
2.245941156850411,0.49382937872164967
2.158881171516264,0.6050012703075546
2.3882442471628953,0.5288367003701018
2.1303642872839994,0.2508630345703867
2.5258546204537424,0.4627173135302752
2.4843309490291223,0.41237123538286735
2.5608673397611494,0.408840618476252
2.540959253806645,0.4092336085734471
2.1869089114036298,0.39940038003359857
2.4252769174823516,0.3248173709098896
2.4320020287010986,0.358567820848481
2.271076628593535,0.2765774831197097
2.450809292133874,0.3389017339372947
2.4013312598026295,0.2885768718533361
2.204333217638066,0.3336491885658243
2.2380590773545506,0.36175995204491085
2.5106591079113065,0.26768842912600005
2.382590209856857,0.2797508084098205
2.4615293806750733,0.19322550692344048
2.543121784300782,0.17959098679769567
2.5167262556142207,0.19914747140577324
2.2460561090926148,0.45879153355046853
2.082504653825538,0.41488746693096007
2.3626240204883304,0.3922261174878994
2.3728468450096907,0.440803489305772
2.2742893525728607,0.3440112530882029
2.316785122646789,0.32819466383797274
2.360002149176031,0.32835408603218924
2.3706956161521062,0.34489118022542264
2.4828898579803655,0.17017633202149224
2.412827227488822,0.34568954894155707
2.446207779490835,0.3693252102880661
2.507464194541492,0.35694999712146985
2.4321524913372605,0.19842069491725928
2.5499761165956345,0.23367510026604538
2.563347667695225,0.32016106679042494
2.557120085002511,0.3732926186750281
2.4065440500767856,0.3289265514874499
2.3251623127097947,0.32571380686586626
2.437398154210608,0.19331296946296284
2.3666899573422944,0.24792224534343144
2.315710953741076,0.2658823523344249
2.3305948477810015,0.40182211600701945
2.1378693899774763,0.4889855094714138
2.147739889543569,0.4605701086804373
2.2166585814128528,0.4448964661723473
2.4552572023028154,0.38148007002668155
2.43479546710547,0.3798024970330615
2.4727439661022013,0.2322833161668092
2.4577683143346785,0.25177942507459833
2.3242892097818246,0.22827477123611098
2.392878841595809,0.3081528728480644
2.3313266961509913,0.28629650830491804
2.3092156804785517,0.31527326453388416
2.429093551709509,0.27326703706436917
2.357954407180018,0.2860759519338386
2.3729123442371827,0.2596356012175746
2.632247630919039,0.23202085415735701
2.262615630995598,0.26804776631829524
2.2316370344623464,0.29810387978959507
2.535568580242977,0.2718574145974074
2.408208861941722,0.2616556519343224
2.3225265416387875,0.26132028652153244
2.434067755740186,0.22571947357965388
2.386197619096176,0.20759224383922836
2.5067100592289955,0.31188514128763295
2.571209880285886,0.2795527130305558
2.423090652656527,0.15464321242572582
2.4170211037020533,0.22013286867003437
2.432987561957648,0.21617467712026137
2.4925666902061057,0.2094108131238654
2.464545993029585,0.4369998848475038
2.476220719563754,0.3658978426516612
2.456132433291893,0.3691091004669673
2.384266497708152,0.24084962754789632
2.2982223578911483,0.31579730773397074
2.2187484425949098,0.283240699503515
2.268951374839016,0.26746697264409885
2.2551024523653855,0.26782834846391324
2.405423518898217,0.36389298863406183
2.2135175726461074,0.4318124782365174
2.416650391633933,0.27517158369475153
2.4335642419536208,0.3612401752511436
2.3096606706667284,0.30079687759232954
2.403522882452279,0.19817526451599132
2.347915383014315,0.3076674853675006
2.4729775513663705,0.17926455651719464
2.3500364089284944,0.293081689001101
2.429214688256613,0.3015032309345899
2.2412446744217536,0.28956240343616935
2.399073848915788,0.3629853232634735
2.630910987592626,0.2615735693770428
2.1905568562352777,0.2871127287225651
2.5080235120195717,0.25792775007327473
2.4265524497113815,0.36465871202559624
2.3138043890735718,0.2569400029452313
2.37383519181989,0.26986413180082414
2.196126123883017,0.3836986821808598
2.5132937025694915,0.2783854651676465
2.4226990325850544,0.18370261613765945
2.5557820789640244,0.24891148436857335
2.4182847445139806,0.19958170034631117
2.389547596634308,0.35453613135406287
2.584597325046899,0.15626808671183712
2.617491110685175,0.15748186565832506
2.59928163621754,0.18623000709248533
2.31381482330762,0.2792227095110402
2.3661752726338023,0.2461342908874793
2.3689109567002418,0.23905914054665034
2.467273107409435,0.27151535601174925
2.461718972486431,0.2694626474878265
2.2498013143512408,0.25338288949611093
2.2626430900708843,0.2733455979779708
2.345317440400598,0.408952274111351
2.2913079065833832,0.27895990458099196
2.2920899441145663,0.2917436143031782
2.403314826396534,0.31736582883344105
2.440534499660489,0.23360200024332695
2.391701801708024,0.28187105865217743
2.4094214198591026,0.35162665480577876
2.529590507029447,0.3286236535324365
2.2605658964705886,0.3043814904548652
2.3762358645460453,0.30647794587467
2.285759195628799,0.4396003886650331
2.2323905241308064,0.3314325072715794
2.4611857848113825,0.23780866681330828
2.2988031253613226,0.29775609242470635
2.391327351091804,0.2007803190790859
2.5607362934820066,0.2618180001187313
2.2106879636801926,0.28532868269414813
2.5580169481695267,0.3772151290375607
2.0517054043461513,0.34540466928702945
2.1158062549965866,0.33559872209000186
2.107902174685823,0.45993665860536154
2.168790392066064,0.4245551375336989
2.2780883008763726,0.39987554874348735
2.2638266686659816,0.4095204042091688
2.2634517624920445,0.40714233618687057
2.345306746665367,0.22813905527549616
2.4365282129569765,0.22681620007852518
2.5504215235726315,0.22249736716291732
2.3209669549406002,0.34443716253498946
2.317345103493364,0.35983535768152014
2.3297365964378756,0.4093104501709213
2.219300497717927,0.44816263929506905
2.5201090496357335,0.4450177412958484
2.378034525143319,0.32461350731058375
2.415829080746005,0.21969005791168708
2.3419011733616215,0.33726855579678977
2.4969477160045574,0.20501166863270648
2.4130543823235895,0.19708440226729945
2.4153463119049254,0.2847632895613741
2.442442661086501,0.32987434404905025
2.4054090692178214,0.34450779954387395
2.2712412551288335,0.3225664281628995
2.4175041586278208,0.2822386528347469
2.4255373395803095,0.35563104559005365
2.2488573238034197,0.32086442427067907
2.371042450380954,0.32986632502920077
2.4021027410536644,0.2600728229619427
2.2731342446989706,0.2773729741122302
2.2523590559042637,0.2864201214178823
2.351418698886652,0.41611347112709807
2.292841695035265,0.2684199995419123
2.3243831141898386,0.3304140074035279
2.5566821245860156,0.29306503808657725
2.5948163421710655,0.21553655644147293
2.5956700663430987,0.2143995417693129
2.3539965120941466,0.26422532053183
2.3458370850918633,0.28424721900711736
2.3330001120328667,0.2548112409592283
2.3608968395542327,0.2200451468464328
2.1998411280840924,0.3270572331346585
2.2448049519587836,0.4736242136580394
2.253544317129145,0.48903775894618734
2.300967346592359,0.4180352790813407
2.2828451210765905,0.39415600296259445
2.510246676817152,0.2616691580595363
2.408085391727964,0.2236238826907712
2.3788512273466886,0.2685107566061386
2.216715957139079,0.3280669410304238
2.2822228803676325,0.2919245316931954
2.3109499860011455,0.3598497315110713
2.343843436065018,0.33571461764894894
2.1781921759712355,0.3309618790255303
2.3164331770240185,0.3997502377005383
2.415745669059653,0.25922482837134714
2.388325494934784,0.2755751612384632
2.334022949804153,0.2532041621670951
2.3360897274416383,0.20600138927015912
2.4604835278592048,0.23868877766800356
2.4341535161022136,0.4193592829710195
2.4095474410756395,0.47337363762673224
2.3639643045804624,0.4737993068544757
2.250215404328878,0.44696376159482626
2.255576807125804,0.4246761283159663
2.239859835790305,0.37941623978377564
2.154449702447781,0.36896073675424046
2.2340073319054636,0.31257800627261356
2.484755298945491,0.26406735985510305
2.184709296908318,0.19607731914257634
2.2454542960615664,0.23675871010225266
2.327082327736252,0.27879902640363685
2.3529325046546368,0.21101540276491187
2.3916102775388013,0.2111079284826778
2.3386286039518276,0.28410251331722436
2.387487933473428,0.3780394623883334
2.3704873748633375,0.20534497091452175
2.357342379946675,0.2621140605048999
2.4338068484874795,0.33643470899429223
2.4698158054363843,0.26071531603020204
2.28781127019099,0.2135877970727528
2.331913618676873,0.31452071713135676
2.4206641304444307,0.3396997340987155
2.2406515480086853,0.2788603141700067
2.3244565968284987,0.3734049707038564
2.4144191947292177,0.27482488062808996
2.2927303200478564,0.29226600401119296
2.2897830797294896,0.2607698824117263
2.468827871563388,0.3041279024449179
2.3385629157718366,0.27090637578985877
2.22961553853472,0.19993010850107898
2.3073734751446695,0.2870188409693446
2.598204174514964,0.2543775737764932
2.4647702275945016,0.21711116934723212
2.2860258416874104,0.34629677028866523
2.362172271674364,0.34818244466171955
2.317714172465002,0.38791406225777675
2.3144178637380652,0.28002735365706866
2.3331101956447333,0.33388020791171014
2.3315929469698715,0.3644657106646394
2.331092346052702,0.3474018090187363
2.2243420570886823,0.35299000195855623
2.1838927832116215,0.5358077228355038
2.3720567136533637,0.3025442675220188
2.482218473106155,0.28022856507087757
2.426416566479497,0.221838055127192
2.282696673585631,0.37946508073914836
2.2847191045910273,0.334274643655741
2.3445656795737175,0.34600324635639645
2.2873301858140973,0.35410326906762574
2.268722517826553,0.36593920494200305
2.301406624181982,0.27149454565839726
2.469620757020759,0.24838469266185856
2.3616551683639684,0.3030105519992835
2.343677950993323,0.256304265827847
2.4013095666339823,0.28708108625660617
2.3531702319082197,0.32944800768682925
2.3847330960231177,0.28352845248469766
2.2761250346338073,0.3313648490572608
2.2789162466954833,0.3285600532451204
2.317940805939852,0.269345037759284
2.2894229504517045,0.28873542416380127
2.3645877269032956,0.25700678595273185
2.4243748236049734,0.3075329983803699
2.319043610161949,0.2583449755190954
2.308822623650617,0.24141795993577245
2.3010741263584,0.20748150601262047
2.512566726293166,0.316220696999565
2.374653062362565,0.3091705298184903
2.3142290139035144,0.3656012938456598
2.357488794227763,0.38243070603745033
2.2635031419265883,0.3008091142356344
2.5219874709928076,0.21535298544807116
2.4132879592541676,0.2079621286771784
2.4209253331598997,0.36197940053737265
2.470782714558956,0.38669322391227595
2.3860587284156316,0.351812794473816
2.3595741381853745,0.2701775443339367
2.2006935191678756,0.30141630484258586
2.211175572071196,0.3021583281056324
2.3086767027072765,0.3682329365540797
2.4703260130390072,0.24890373818852463
2.2498032517007034,0.32744524043764545
2.3041758738574596,0.3216691953942452
2.327888038469124,0.323246342477708
2.365737246202893,0.40454373999512044
2.387182017098673,0.16643929940679028
2.387623657543912,0.17411697529738604
2.388308882811554,0.17724658723826017
2.595785127312206,0.21373157076066285
2.613165037702468,0.210923746990046
2.3887875344774834,0.19921448091301117
2.3321425868850603,0.41135545594411715
2.2900926309698484,0.4410787755328141
2.2535600690680355,0.28361105197215997
2.207952326242485,0.4148185222851009
2.2412361576682804,0.4624864051533884
2.225043704897111,0.46355449036527696
2.2109602120627687,0.3717447487780214
2.209479538961444,0.3750505842687444
2.280001883036918,0.30815830876067574
2.254784650549451,0.37781670563416414
2.278288941342499,0.3663212534152165
2.4209090568607983,0.29176539328771284
2.2658041646091114,0.2588199737933817
2.4094791980117294,0.29521290413751516
2.444415476034293,0.3126204230224354
2.4339954458922586,0.2921630795566106
2.4277012318873488,0.2597229946095071
2.4478834144591097,0.29633977558435703
2.415003601613467,0.2539883931164667
2.539916337601993,0.2095777135528139
2.4069353866270613,0.21087340274409774
2.423294820164386,0.37269253016291537
2.2661935139688425,0.25619546155864104
2.493420751424405,0.30837264160273126
2.467857982059969,0.27936066402654425
2.331702739118134,0.2553596502740901
2.4028156998886163,0.22838348462392014
2.34523815680407,0.40970338767299913
2.358632248893727,0.28112546682450174
2.307080673262991,0.33923222943204073
2.3035314405043414,0.31253319455565515
2.4842878579856054,0.24684287129763632
2.4055335342892623,0.20427746552847623
2.388255926583517,0.18632721631058408
2.534061995379353,0.3364435887869179
2.3532543048525163,0.3975296095364359
2.213400142837255,0.22082051494579086
2.3354185786297843,0.243321741362085
2.35905902186651,0.30987285258787084
2.4442676326805333,0.258246110157733
2.305305204720824,0.21721880234387156
2.458303050536001,0.3118767298434793
2.4881615697262767,0.16003576168433392
2.486307412106805,0.16476360356640243
2.480746697750308,0.20405288336358174
2.5542466258691534,0.2647083530671504
2.6078176658800576,0.2406830404235836
2.43499154899277,0.21197778860807162
2.414678859925092,0.17955789914596165
2.4023949089401126,0.21102979537476638
2.406341182273302,0.30133289115393697
2.484317441544844,0.20032979397246742
2.308939658763832,0.34553574567320056
2.3560583442990546,0.2229483859597603
2.3716070702637424,0.21042659164180366
2.53265525064273,0.1913892299887942
2.3573681646587192,0.33029547321492203
2.3676909929613776,0.24993326129804283
2.379075822867158,0.349008873367673
2.297964114634087,0.28740912157996473
2.4894757415245947,0.22782957105094367
2.3493947606316943,0.2873176067057338
2.3961267873450356,0.2408405849781181
2.4102393139992677,0.41387248146687533
2.4453425047019905,0.4175725306537348
2.3222237338274967,0.3554983148847649
2.473440422318942,0.22595304671486394
2.501536460186879,0.2770944940887894
2.6150831397209795,0.2741540148753403
2.5892444604774,0.19557488978265378
2.3107764645049267,0.342375645675184
2.322030096395754,0.3333218475344139
2.4320561216871206,0.27148386208644454
2.4322437551545173,0.2295689583731928
2.2647852983063474,0.37570916310666586
2.5349793003885637,0.18678994929690262
2.5529846106213734,0.18783607693705823
2.548522824076105,0.1611902486324667
2.501072317008725,0.23418298080067323
2.4813079857722196,0.27712456857504014
2.258865980560955,0.3113957744404818
2.189383129529452,0.29948048506061076
2.2249740747806954,0.48402295932734696
2.4343705757225127,0.43986088895214404
2.4422507049711033,0.4463895318941786
2.3817349058526536,0.41760257539519663
2.2606324248405567,0.20842131880695508
2.276453445539764,0.2176652564488704
2.2758387171602723,0.19658146844772614
2.3446516933825894,0.2218209975892014
2.3332398275254604,0.25100105492178626
2.414259950808604,0.25540135978438533
2.416143659307411,0.24583147707303643
2.3865765049605754,0.29032984772341036
2.23314792713231,0.38710193115694236
2.3948963499969405,0.46363401336370924
2.4206034616241445,0.4424990656785389
2.4363169606062436,0.43013750138765566
2.4795578475660633,0.27287146604594736
2.525234701543996,0.1870774875827952
2.284499646182442,0.2772985916928698
2.3686380042287336,0.28892553277220595
2.3592297093543184,0.271315790916084
2.341858732097499,0.3039952730717304
2.299115455444182,0.3854564156215724
2.314679545008655,0.2973276650799692
2.374672553144777,0.30685324503797623
2.328817526996785,0.32070769211775796
2.4282944836445863,0.24813970214552444
2.4714611966603663,0.2633247854360413
2.4502578684471263,0.29924105926731137
2.228622334768123,0.4446078472776394
2.1257833938262416,0.46751402828694494
2.446568724009092,0.39281995869306907
2.178576830927669,0.388241604368806
2.153445479222312,0.42003583635952757
2.1809895444187353,0.47737557084348536
2.2268438945911293,0.22815002760252473
2.1827699942129226,0.2650163772884317
2.3064539996185216,0.26664625926750907
2.2776905470431266,0.2517242092091686
2.239646695108927,0.30076672414292377
2.488722920436961,0.17501937243806745
2.5034279594932785,0.1727011529057543
2.6034061306516776,0.18874877273080673
2.154964394161242,0.3855179450758455
2.0416871470842772,0.41154579431882077
2.2604475729194755,0.4304767728085398
2.3429321717714693,0.3826298801296415
2.2630629215681246,0.3108808344325559
2.5372243729619486,0.24371456858660176
2.466256664117312,0.24924276913975577
2.108119989541845,0.39826550752124906
2.0795357603691236,0.4356590536772283
2.3574546590716396,0.31847134705898844
2.497130084367518,0.3144580049483639
2.4764266325253486,0.2980073386280936
2.5353125867536783,0.14276625832752235
2.14931238195613,0.471726541975505
2.1538155504031775,0.5615718362871728
2.1755963368330473,0.5358655090715522
2.495265106060702,0.2352307416037483
2.4592859599241645,0.26204569809424966
2.456319849878672,0.2620956276337909
2.4188518226748283,0.24664217610420572
2.4188333974970235,0.24561483256469432
2.194628376416804,0.3729171324413898
2.3176613858082074,0.3854686780122412
2.409389517602285,0.1590320975341511
2.42170701645214,0.1668009859860415
2.43735178924007,0.15157217375723087
2.4344422041136213,0.16181073405477056
2.3051270921721607,0.40238203878256135
2.569040874184681,0.3169044708181403
2.2640544511630805,0.215503751415014
2.2348634953356736,0.22323611876567492
2.2429147846146593,0.21296790679491268
2.2385194727894753,0.21413721743649003
2.313812080900582,0.2180293719119801
2.3739536066801623,0.23269990764413456
2.3781261507704667,0.2160348295745231
2.4033663228297932,0.3577167433453738
2.3892869177474343,0.4018541331490508
2.388888087103172,0.30361210034713915
2.378298953368684,0.29736849188755854
2.42883077004838,0.26990484166409257
2.336905297591605,0.2818152667950311
2.3428216757391485,0.35758804170467845
2.349116096207807,0.3505859543656458
2.395782193028102,0.3527106535298681
2.3889763985012995,0.31827330739834114
2.2906959525088446,0.34003706702139735
2.3432329001779606,0.49910066918439744
2.34254531965035,0.46306643850142365
2.4219408845284898,0.42530336533010654
2.518082675839297,0.28563794752263777
2.512710216610766,0.28341667874389787
2.258096301660764,0.2878835782312027
2.1775997033462446,0.24402175096355483
2.18151697470145,0.2897906383495292
2.1810407178015123,0.28703049545403786
2.511212499393447,0.35714967245153734
2.45154574939147,0.3773983123327606
2.3610753652985967,0.2419178732660204
2.5740287131546062,0.20078335869958555
2.5526837891867844,0.28345810907003305
2.4018527897717608,0.20491669470718563
2.387026675947049,0.236377462959441
2.4706040945413377,0.24484293840803661
2.419519677423206,0.2916095831517633
2.3825628921501454,0.31710608172014615
2.4429316233033167,0.22858989359396775
2.4242444622593253,0.13321876490466122
2.3792453695875984,0.16308777726903373
2.4397889197917566,0.18648584667889612
2.4494874529417507,0.2086911461901689
2.320447356815567,0.35434454575824353
2.3334939201921006,0.27549237113386904
2.205551432125295,0.40720660676786985
2.383955603107975,0.3322189857884699
2.3531594041602775,0.39600060161679607
2.32352067376715,0.1532248432807253
2.377657072661023,0.1655902335537347
2.2399240364465407,0.3552033915882776
2.271244879448975,0.35022854249276086
2.4418088839067282,0.30417950683472295
2.3619410012683586,0.2067810406258698
