log_sigma,mu,xi
3.6439354200858034,88.71325902210208,0.13011160342299952
3.5523687654095193,104.58999069106375,0.1030420253398051
3.5873415459597,102.00561551873581,-0.00983687689676015
3.501228138746547,95.7122877989545,0.2685343805656679
3.6554046618669664,103.35589532137696,0.04546084245020261
3.478093506812846,93.56857271624939,0.12425088882683398
3.445054298073715,89.98389751508155,0.14937601575798504
3.831025906695186,100.60726664161393,0.21177000606820995
3.7387317452873785,102.12233431242788,-0.07620722086588647
3.469981954459288,91.8958117408929,0.3292635893487164
3.9988318932035893,112.04705632330372,0.02098462716386921
3.131900079550399,78.58589535946736,0.2628015445299296
3.3137514267736954,80.81978770440196,0.325439035437877
3.5636698018203656,99.15416417832007,0.0949150623661561
3.5767936393785162,103.75560484839552,0.0484096225558344
3.4836703881640676,85.55378254037596,0.17900409162455905
3.603792154151405,98.31651507962016,0.2704522208374092
3.645405248892631,90.45892315175607,0.34515469723017106
3.5426026947599194,113.60826977374067,-0.052777812614815775
3.5481534124101617,105.68725505336,0.04538534885937569
3.268668615838252,80.4913421778698,0.2068795428223574
3.535589251099066,90.38168254815704,0.21245242887294327
3.6559746299929525,116.82237542464807,-0.04630893033265368
3.6367634169039977,106.80135273337683,0.022601795031623188
3.768020518506051,106.07219831654804,-0.07888850022403229
3.411629589242423,86.7147460079026,0.2867166311118215
3.636227077233524,104.7776577122397,0.12410679042063717
3.667926349496403,99.0151292850047,0.11537518717575028
3.5030813810851287,89.01572939751276,0.16367369244701016
3.72351970711205,96.33845756704488,0.014106155122419799
3.6374273961456836,95.24938012003962,0.16044183348561464
3.7263488936152758,110.44842499575483,0.09027397556904716
3.885522018513583,111.24354909096462,0.03687375629050021
3.8017901382324824,112.72861470979961,-0.11767878492880293
3.776819964467541,113.12194185199222,-0.0033049510047969857
3.9825016908130864,99.22380266797737,-0.13588590881375023
3.959484909809947,102.6549635238683,-0.1480578240162537
3.831849844537654,118.61883731338568,0.1859711974632368
3.631498328695225,101.80029246888007,-0.06975946278670699
3.6670525700133285,88.37453138311118,0.2704072603257153
3.472832039100927,104.88268131128757,0.04881737537401237
3.569573699295216,108.14832766295476,0.12228658719168561
3.420725564078195,106.15660135434965,0.03989736352259748
3.3538807939995214,99.19976564565297,0.07988821171293309
3.7318307083049036,96.21919710706422,0.21148332093274774
3.2616809127744943,79.55493381137234,0.21621468008500563
3.353518877104457,91.94994673436831,0.16537063014707262
3.753772659830735,105.82008374796608,0.020324968806836537
3.6216489314205953,100.48534353727213,0.2366444004758453
3.5436430785864004,86.78337305786908,0.06757567184216813
3.6266144851985653,95.78723696002788,0.29566716482057687
3.4791955908559054,86.9433185266505,0.34074187860181443
3.607411870154876,91.34060078219284,0.27848008399588886
3.66366955966843,85.07305753411,0.20824126146081134
3.754819967097318,93.71258821816019,0.2295129291551975
3.6591951835299836,113.9801212671692,0.14449678945451783
3.4682937349507648,70.4613883410711,0.30516243978234225
3.339884278874353,88.95024378423686,0.2078336847596785
3.922181622776161,99.4514326286935,0.24531144338331848
3.6156989226307608,101.44357621184494,0.2187244425234145
3.834902723066813,81.3367070234532,0.09732956364807234
3.7626585999356483,69.08501226948358,0.03089313784820998
3.752030447804749,70.38255272743625,0.04724924308722899
3.638344329763192,68.13165749912466,0.15257925981449816
3.276590899925729,81.711416230076,0.35317615185884993
3.571861178276511,83.75963198990723,0.3060292754857526
3.570221307015616,83.69443409163559,0.3242530627618768
3.923932572740952,121.53944347840006,0.1555503037064313
3.305065572277394,84.12581872558249,0.16518914778931074
3.976606145280803,80.7084622936717,0.04914219524373122
3.9722251145736514,81.94526683026767,0.011848403073937731
3.6884632308069176,103.05457801727788,0.03464809084574078
3.8999342905446124,103.18307265478391,0.10907822760230246
3.86616107327345,92.12100443599473,-0.02136333627378633
3.5342998537339048,101.41686683364512,0.23605864757687622
3.532768653128916,79.85272746823853,0.16581331522098147
3.7572236362774674,97.74413655729161,0.06178881557630997
3.7808578155667725,111.07813881115102,0.011001110521936048
3.5132934764998227,97.59011172931075,0.12389375817813825
3.79994241628537,102.89407261231372,0.01762479006944259
3.5034655134371717,106.30703030473066,0.10523614190412618
3.8317220798935683,95.67367653440148,0.13111001708573908
3.471787374731485,79.46756239752901,0.14981348350748144
3.4840371093861124,93.92922806028834,0.1490193538480775
3.666870571122385,108.92562710246993,0.03772672341311567
3.823439937597393,110.15862706541496,0.09187199740307964
3.492530692294731,98.54232790290449,0.0954658299420886
3.5386792459271996,95.99650712737379,0.11598435605950426
3.1544898689995415,84.7768663710858,0.1735576623954042
3.1844019635022103,87.14682479499315,0.12781739507670317
3.808407460017223,96.7298019037505,0.49128300543679376
3.2432554127786695,85.87995972307418,0.08690716713634107
3.175185546691937,86.60929716871225,0.15916788313822985
3.229021324238957,79.69963301033734,0.15832740747867222
3.6361792666122423,103.18489868457117,-0.010888786957019218
3.616966111529751,115.8407799443272,0.12934631362805166
3.5657290750497794,106.32991663374426,0.12021609815492658
3.611787828542547,99.25429562482528,0.01621398937707593
3.6005878294974156,97.6005330888799,0.13928365663957779
3.5731833593857005,97.66337420586882,0.18451204414292807
3.6735329406694044,95.84830930964179,0.26917313824976696
3.5709621979654873,82.48969313068936,0.3683462643866161
3.49429993357512,83.57576704563013,0.44773612714007127
3.480121323826331,79.79513848399759,0.47463429324896
3.3460147970196585,79.73438432528502,0.5751148805554053
3.668948285323212,87.39516419134522,0.14744349234516535
3.3564058173440166,108.34022755858089,0.011431557040170601
3.3453956547324926,109.70314008958158,0.01612381514360157
3.4692852277436317,95.1276503987494,-0.00416693350331111
3.4279807065800667,91.17961439039743,-0.04384361341854171
3.4947603382693817,107.44384149103263,0.07267844799569001
3.479000368454451,97.07009089525175,0.12779071472808692
3.4974293327199866,103.29053754597633,0.22851465054378395
3.5408333298276893,106.94507812479793,0.09641140155148731
3.7333778860218096,95.93311481348397,0.15303914509731598
3.4557328421204505,98.7357304282335,0.15900484313365904
3.5982071950834422,88.21194758159446,0.17568204740977
3.4173775303305263,90.66762595934277,0.16559065943842563
3.3176580662265365,83.85698387155497,0.24995255966159188
3.832533719417907,109.65803358279197,0.20563927148566805
3.9048368165014646,106.93550431081505,0.4119962120747406
3.292244880778936,81.02100684645988,0.08706151265665255
3.5865004421913302,72.0683864066512,0.6551558735409784
3.6482385879796033,87.60291886852525,-0.11539310957845035
3.9447037709010453,109.37839014112838,0.37878212139398
3.9490496390580336,99.688807017991,0.32247427959802105
3.8382339814893602,111.97823353662338,0.32578845666701517
3.8434121797853997,101.81683302312884,0.0018823977137268925
3.5866364278314196,118.69854348749973,-0.025878273065632673
3.7786662020344406,102.87809489148128,0.01052978724493954
3.6624903821013484,100.63957513240238,0.03961568473455162
3.5271822667969244,109.12650487677544,-0.08092568827677935
3.9297647107674116,103.86058496504141,0.20857686002028467
3.6855509170513363,109.26367467965812,-0.06554603862110693
3.419841914773719,80.09219024690353,0.3917919194473037
3.7633031550862865,91.47337530652217,-0.02268121022443225
3.43211047976284,112.1886523196129,0.08670015138738761
3.440375731614204,111.65743449482157,0.08118161694513679
3.7283114131068107,81.90993817932022,0.1517958270013278
3.733531842697517,84.96446262914385,-0.025871439568841404
3.8133878705197897,72.23735807385665,0.13368342773070754
3.4370545546255085,102.90679854826413,0.16793374377788717
3.4817608379748046,100.24156076888843,0.2055494619803506
3.6313022260033714,110.43468542995284,0.12526466507922351
3.8150298059764696,103.49234644419657,-0.08392142334839679
3.5666175584415525,93.77516825252876,0.347816009731078
3.2732577457899743,80.51660982739902,0.10355851202346326
3.3365714442118555,81.7604695583074,0.10783053466770381
3.860406505462557,117.55111909028865,0.25381609082646506
3.834299097865122,108.03389264637585,0.15684095676860188
3.6297879428494464,107.99498153409219,0.09479157743579758
3.9950908235634346,73.90290457151556,0.16808779805433297
3.710721969030431,79.73038400085356,0.15125313891132577
3.5266481010875004,88.40179743007285,0.08003902122514985
3.707578117457217,117.62488768770781,0.06083640773715511
4.092665110661175,96.26830501786368,0.13192776821157387
3.8945241358486036,95.8342122312693,0.0490363404079355
3.6574283200522917,113.62301891957075,0.13504953030707004
3.6761450061470335,88.85457313339903,0.1113735382354437
3.8008154839172787,81.68860690662056,0.027182521002868727
3.8960375989987557,82.03933012331731,0.05110572113277131
3.7968117913941573,63.524361409366435,0.08762838261666349
3.742354653859604,65.79774829857709,0.07901202797735782
3.74405130554325,99.02413072689481,0.08719698191219213
3.5404714111401874,95.36921178226055,0.17542365599830953
3.6329720053022583,100.15434532341473,0.11574760155676132
3.670953109809047,92.33067632632826,0.25999498036867436
3.5469596716396343,99.75815888771379,0.1398444578567296
3.515194409285808,118.39140920306858,-0.07704091241370024
3.5024575844066663,116.36451738962991,0.053924995447985805
3.548860582334794,86.59564426073696,0.028859213532843563
4.050660602479422,96.28199693865902,0.47580766558219756
3.144009393891704,64.05515654599564,0.29504623590523577
3.1098227308406265,62.62110545438347,0.2671487496109682
3.3212933073911377,64.1103001290956,0.30214682898599626
3.783548254398231,62.897288997001155,0.19394348427305477
3.4933239346865674,91.01605968964363,0.2634750175059962
3.632738399889001,104.23388139318389,0.04971464518327386
3.7793570033116395,106.8839369806285,0.18068678903749263
3.799279244519262,98.40175976617537,0.14932817907958487
4.049203913566834,95.66661483322406,0.2847693071293081
3.8190328531049156,108.62571291882587,0.4751687199101214
3.9278736076541163,101.3284168455456,0.4027370364466191
3.335056551131808,66.29670232301997,0.11566537821918604
3.3888754832318924,77.41162598343573,0.16262833312508304
3.3734804214099188,84.5543752186649,0.18180172442076953
3.7560281982331003,101.06725139486845,0.22785902220934015
3.702636886063448,105.83162702196861,0.2725658924564781
3.7817989437701542,96.428862682422,0.3187518194253061
3.558125016712219,98.83861398418901,0.07678571547009273
3.5859643299615582,99.12335327077368,0.16300616549973598
3.613209669252161,99.79824703352182,0.19772802484060994
3.604499666080606,91.3618333864543,0.11062030836443076
3.6772944767053426,105.48278623467938,0.11092999677312136
3.685265550857397,103.96735031794871,0.1621400053102696
3.4160027453188055,103.22441205267545,-0.0413639516528378
3.44914989038304,111.33185077920922,-0.013895015334906563
3.640907655221211,110.18726808911096,0.0242109657160142
3.452887056049327,87.99195069542307,0.22519043635958017
3.408446264175507,87.89905427616792,0.18474659606585403
3.4110412850411813,92.72291858468458,0.1687209141525676
3.969793946939897,113.38625340424608,0.0003269972488261453
3.351949982765661,73.43400361525954,0.19061476839244318
3.5256675349140236,104.81952882512617,0.12580105118544296
3.73186635367366,77.15488294455027,0.1023268899311756
3.5041846605673284,93.27934200206953,0.11482553463445133
3.8912960871040867,118.59920677275508,0.10579740740616568
3.561065287867871,90.00392711014429,0.31780712427206775
3.630589489783907,109.02399284853824,-0.06926348335419895
3.6728548244143364,108.27637898940571,-0.048242328782292655
3.50651405653624,100.38669843079867,-0.05404271406587684
3.687817965946064,105.82544938294956,0.10562749246980707
3.4577523640119137,91.58690699344378,0.2319048418412932
3.230540404803881,86.10725589007475,0.13213830036331292
3.500283904418064,103.88147988902402,0.19201469601985352
3.53865037760578,107.62551039495655,0.16616919309605688
3.397640021214983,88.10526148035463,0.03794590877912776
3.6135198637604478,84.97084031809577,0.13964257051626297
3.9160302380374525,87.37387452277765,0.38798115092796515
4.069126423806722,94.91499726937852,0.2798320735126377
4.161155030777346,93.61016913960823,0.19712378345458198
4.270815899897695,94.92783057152113,0.21381256772874196
4.201685570450635,99.09809890700377,0.23470424055107872
3.5964937460639668,94.68800544489632,-0.03929914857913025
4.090980899011653,129.75412964922543,0.1641820843436458
4.209406945101883,134.32223496234437,0.22979598872405016
3.8469617212307075,108.68674747052795,-0.15462608330268202
3.6958583889285914,103.53894311148923,0.26727761471743017
3.6260434163824535,94.0291278183637,0.32233627607963233
3.6326045031616507,87.91286264483955,0.3292041349500009
3.602087174289901,85.983437438039,0.32278371557015334
3.754197670775734,102.84533373021435,0.26208884732761073
3.2541733770589514,71.48635634627993,0.42856797141867253
3.47537342762519,80.81938653586626,0.42831342823562535
3.4122809404905547,81.95869958485957,0.5606149696268008
3.302039186917969,69.27765798192142,0.509863688926758
3.4118564270312297,77.17174161298486,0.34283349888155856
3.40757484590205,98.81542455250859,0.05796278551484558
3.3495513971405604,90.92086016502495,0.05977049762470649
3.324913063034707,81.11754271992287,0.05753832140629747
3.323742418070419,88.21047454981576,0.21364792869501514
3.8971214364417315,97.22507692654008,0.3116622248131247
4.078445731686817,101.44752984784073,0.02151130976629446
3.659324379431429,117.49460695721639,-0.027546170335563565
3.7216327249534897,120.26268874350293,0.02053051959283815
3.790663516649887,103.95284040857092,0.22408292407919453
3.7149466602418535,103.89775862181216,0.1911350134897537
3.3589726169392238,84.4868988369861,0.2989978728741875
3.3504335177486455,88.05228656801968,0.3053915082832472
3.792159163982542,89.94757142770402,0.09939065566744339
3.5695700656484504,89.68781733013512,0.12303550390893356
3.571131693838692,87.12785161661765,0.07398164356625786
3.939633383468566,102.00451192717757,0.10677283491057918
3.754056301203214,117.92045487603153,-0.017231350782713074
3.4825642442407747,108.04362682908021,0.10116032555751096
3.4487225626096065,83.7651300168273,0.08785706959688251
3.425382036262619,104.23212817176815,0.11648353965234261
3.9910609699838684,112.02718675794222,-0.019825128066383826
3.196088660488785,74.74566598749603,0.2993540672826654
4.044455708453795,120.52925002658263,0.16359867290628394
4.243005649346892,128.28477074225515,0.1277763384727826
3.3325912783550544,94.88166282678068,0.11170712404312741
3.7284244976362007,80.62555180151973,0.3364378543342155
3.8318621606697336,105.86344719937212,0.4839410567380504
3.7893068324283234,97.22110174869891,0.47179358370354985
3.658946581041454,92.67695471474651,0.5312346260771795
3.5755527277307713,86.80853373896807,0.3535169878976001
3.8506634378077447,93.51069390863586,0.34626308675486595
3.829547571624534,93.90182559627821,0.3269181495925543
3.6669596076580326,118.11586780646809,0.09265782330259292
3.952890972188282,87.07579981320364,0.1335815831530939
3.841134808022874,79.80920115170821,-0.0044094894856321655
3.48100674928676,81.93266852461959,0.08904090374810046
3.665536607197649,115.74130195815749,0.12226062757375254
4.018267758394513,117.28759570399826,-0.04367253079572275
3.7180789306549378,93.48843722839639,0.0013665536272078032
3.2115808786552096,77.45729997154682,0.3895487696935231
3.301831225712685,76.47292040197958,0.3402984531293792
3.480377845796126,82.24291781341446,0.27839479814944035
3.5172091797280705,97.73806622248803,0.290142024174002
3.7860566885034044,92.63226123500904,0.28944390276287674
3.759348402147008,90.94172716677787,0.30973272218496417
3.731797655613046,70.51884482587712,0.06277065545499992
3.8837581131509378,83.99563224102391,-0.05959418034211489
3.7339748341066956,97.00935811000421,-0.017006094858957238
3.7513711196925987,101.60859243146805,0.16780461147177045
3.5529522757856333,107.29878760392373,0.2086726097240951
3.4732943522150888,84.0882394580533,0.07316379323785262
3.551916284376223,93.34592787252357,0.45049156536133106
3.6034909027697704,94.37581533509957,0.4569274880465612
3.590653010138438,81.15148996212986,0.25544660563328764
3.7137407948625154,88.06155699685316,0.022590756473230847
3.522069465577545,89.6880125817174,-0.03142045298993686
3.5686820820695626,82.97934132072622,0.10293121647446536
4.083077971793893,85.30809120393975,0.23321745048621467
3.648120346025018,103.41353021493083,0.21001744556224744
3.7740806322826628,93.55784264511279,0.3479126436773755
3.5481965586718265,102.87764022117749,0.023883907514736277
3.6158880489129106,90.3310121564087,0.16862890824021107
3.4122573845251254,80.92863953811523,0.10302227737736129
3.4027262065757524,79.66713345763266,0.19759237092616433
3.3082208724877034,100.33510752885658,0.0577054599076666
3.494768860380582,76.27002759971907,0.25796886488350423
3.8695267888302403,103.03180201153027,-0.00516973123741151
3.7084488631706694,93.6839849283875,0.009006987297896174
3.7048051003526,82.33611704867553,0.10652963516357071
3.566067073135645,111.00238984859297,0.1605823967745089
3.5839228908158187,107.1625575092002,0.16384403411805415
3.4697528178393955,82.63812978394525,0.2319161715403721
3.62864202517037,116.55352187055077,0.005960797277777026
3.763462319798607,106.49730562479964,0.00025360411908547504
3.550021589135566,101.41490735782884,0.12969482046818617
3.7500797691166636,102.69380417086697,-0.008171684940791717
3.6976165955552243,115.32338223988508,-0.0743420903855012
3.5366416822696998,83.59290315093708,0.2421811263167852
3.395937784799796,99.42672756105435,0.0891986635583566
3.7003929740577877,88.94463281484973,0.2993416050831206
3.7036440071113637,86.40015686182461,0.4801437867902849
3.703292285966548,97.16906264411793,0.532357108668859
3.9175648148955355,90.82454976261747,0.33860887841534604
3.4055143622229127,97.62456180920078,-0.010348692921317492
3.396304161909605,100.24327264911423,0.07718516432410069
3.5737473397834267,87.7076193465979,0.1967730774256191
3.74703960361069,102.1857321763119,0.20280817788571223
3.481556913592159,84.00532066156431,0.17384829568773805
3.4195023657056094,97.5958666709754,0.13269307917967585
3.7138087994585423,103.189348456963,0.1214054583899798
3.795607770020445,103.51915804959552,0.13093160623034983
3.7161191948492722,98.91353241062039,0.24291540321484562
3.7961114019108506,91.94672195492994,0.4001511231042819
3.844887530608291,100.57470673250464,0.47105860681898
4.022403252721428,111.30188347220587,0.058973447407040636
3.8925758665677126,99.22472880195595,0.14516121710364302
4.066245114023863,87.09296129434405,0.2416384102252634
3.640564104428989,120.55399735078848,0.07214867004894955
3.812602191372395,94.68963615533372,-0.05110571028720307
3.6225228786715014,86.31203251006822,0.07737011334365092
3.7754050525756675,87.5381958056836,0.06997333655485065
3.793953447879293,88.79322104060557,0.12345791872237899
3.9408128952700774,94.52240781767516,0.10647501787873659
3.9502600171074187,91.05921472284255,0.21154559600033862
3.5791062089093573,74.68826027714448,0.20123322850020145
3.6743323140684034,106.21694365932883,0.018427947415368406
3.4858031187448257,81.83855451541373,0.3456171488820497
3.4000845490993608,84.8993797977545,0.3638897204388074
3.575839916798587,95.25346959008967,0.07609397708738405
3.6034819793837363,91.6827106111373,0.10671733108282538
3.6314719380244367,89.67369040295337,0.09555199310574623
3.4495245443907057,96.27661171297599,0.24374571172405204
3.882004775712231,93.54386676969527,-0.08102396646938531
3.6676795795866792,93.3744696514388,-0.03311182638359559
3.6605422932037324,103.04425944808122,0.36757640940326036
3.8726629955946867,87.87269448764916,0.18419943398602992
3.81509410401335,99.21881834989296,0.24371961715549043
3.595803378380316,95.70731118771475,0.0672849440461271
3.5247041807458315,99.66746802552431,0.1671149351300052
3.6261892610217203,92.66362701484509,0.10635763735308222
3.630200103781003,96.57702504374424,0.14144680872464535
3.65606608974922,96.40329334815308,0.2415645504504492
3.6621825637751986,104.49860781227942,0.03707458928173814
3.6961613188087314,100.6096074874352,0.028795588687569824
3.8797976421858755,106.88227335325946,0.13785400625629285
3.678291954013774,82.62639534094623,0.28221183104761816
3.345024251803538,89.62733044091651,0.08927630990986994
3.2979113256208956,85.71965754140784,0.1688269227242862
3.6578975446944626,83.50122546512424,0.2547238728992948
3.6348670282269344,117.19927095334066,0.012336511478751753
3.6068881482141455,90.98150994561755,0.021182021311412044
3.8351605258215034,114.02322443267832,0.0905726491369366
3.5097553283100087,92.17528013473971,0.022314525212368673
3.6228393146300752,85.42077281686431,0.16238418410199942
3.547158486388924,75.52975994508049,0.37502985439337233
3.7168622099213424,105.7300289207676,0.29943234346236053
3.617013158020909,98.24772351572652,0.29986347280393766
3.504623198404006,96.39810039540136,0.04953909923812564
4.104396995606015,95.31682700286363,0.03847478572006794
3.970461994817182,92.35146231403081,0.2410928189402036
3.769301431273303,104.25688274349154,0.2942979877801488
3.709788879259597,99.20493675081822,0.33173395747327583
3.4551994507318753,87.70827714518659,0.16100782520708756
3.287717671265096,93.24438292700417,0.18286078881201542
3.699357228421338,93.33660416093208,0.20364983748834053
3.7341403946740694,105.30989019041346,0.23362236723023158
3.7870173067871304,81.27156656719238,0.3341949050515133
3.302694853578731,84.29301197187785,0.10605010980067224
3.433685695019999,91.1984340650576,0.10949858914873736
3.6610702505615516,94.56041734633088,0.2293328457090762
3.4088770854232435,93.92841480153281,0.15699848367169097
3.689307892761882,93.37483101888971,0.21817051438739135
3.699776025276691,88.01694659558257,0.2679448832627097
3.6711208543041636,110.45269747294324,0.006665477482695656
3.518554209376773,89.3999946430116,0.15289602889886275
3.540451223077022,119.46374630913007,-0.03308551963363012
3.6491684333177457,101.63770609164524,0.19652481228899693
3.715484309592106,100.99357022078193,0.22029711893432125
4.019620645036287,101.30292169251767,-0.00409628167623402
4.173484317977245,107.98503920134401,-0.11431195319527353
3.9447261962802838,102.00016539463167,0.14392950563945708
3.4571222954385883,84.41421398205031,0.11552045003977543
3.555170475822041,98.6572963403086,0.24927336805403216
3.563787120337311,94.35007070849018,0.15403686510329626
3.6785008155080323,99.64021537949675,0.08952848560429215
3.5763497645521514,106.46900227802918,-0.06423937867343589
3.9754926396451595,110.09614354254936,0.00819961524220168
4.054417669662089,70.2552944391105,0.32569506678277
4.003025711435322,72.03413851061318,0.34387960524714806
3.887140078440441,68.27860188487597,0.24737614924722745
3.7377257049786365,74.9872713301634,-0.017174577263727276
3.8424399443091044,96.01203719906044,0.11021509673099568
3.848981800959514,99.426494957645,0.021132515671846444
3.7374666267648595,105.61252009436647,0.013994105412724866
3.7939705192015163,89.66159741890515,-0.0053213099983398645
3.8359761264844296,90.75462494377244,-0.010311293693132353
3.896569558524174,76.47824947302016,0.05546515884685709
3.761091301340387,88.05678956762247,-0.06713539721217655
3.5927414251947494,92.6756196086683,-0.03136098803809241
3.695250002931536,121.12391668318291,-0.01331251338543274
3.443041359141307,78.45664716630054,0.36799027134771267
3.432408948343247,82.42658579969239,0.38710816105604057
3.763882987664702,104.49634600743555,-0.0355754178922968
3.5425615587534307,111.2496867865233,0.166973145954703
3.75816705289374,80.76679076798676,0.13337441164350777
3.5269976192172665,67.40608764384753,0.3338208085401202
3.773908867054031,74.38607416919491,0.16896226838141823
3.4703402414521154,89.53186993733566,0.1638156981156535
3.7786218819198467,117.69489489512061,-0.046108088734044775
3.569800122051372,91.41638702146652,0.38657921197131223
3.643321302890501,83.35534052885318,0.3156300836516466
3.6407515087703586,84.96864204464198,0.2560396280489503
3.824626401611403,95.59210101482837,-0.11677406537283808
4.024992561613645,94.32686076402209,0.028669604293218246
3.4395008677032224,110.40349730949768,0.10101551241559566
3.48352733353173,83.69482951123071,0.10184281135181845
3.374017258857595,81.66946763790176,0.1266324696327633
3.482010102944544,101.28129576061072,0.20071342432052836
3.5086534451072016,99.77270414032127,0.14625607434503995
3.477243596412563,102.18130095008296,0.1779796455678543
3.3651413134574586,85.20800040088852,0.06165488989363328
3.617514206508949,104.47551828735956,0.2676366903840458
3.7069647271530357,94.45761995014699,0.08231059564606645
3.278118312724214,96.66922690409838,0.11276410445109933
3.6549961648926885,92.49271394449792,0.07942412141496194
3.692684604229241,92.74998108618423,0.13538474515727023
4.134081151558972,67.10158486872018,-0.020456021280456545
4.032081576164143,66.65520056803027,0.005352713589406695
4.00308779391846,63.462683293960545,0.060965363507105
3.9462767393120446,81.82817524406907,-0.052458724043237516
4.142811802542764,108.68700173389198,0.28361022628094934
3.7457924269635914,107.7699837953046,0.2638611507819768
3.8336250204794737,104.21062497575284,0.28448617738374865
3.8293365056205344,108.55393786205659,0.2474728076287142
3.8596207428331963,107.25460789356032,0.13397522624425157
3.5957426328627244,103.68647871104835,0.16161878795576554
3.535994730774899,98.83090718784047,0.21744376371162533
3.839657640037816,99.7474303421876,0.10172196299141317
3.6457997194988563,91.48292287207789,0.057729364125534796
3.5715708275521756,102.05512961890878,0.05094449524610538
3.570246094099947,116.52181648288895,-0.007688867048702327
3.424513635436083,101.5203572424839,0.0158607987186654
3.3334554202562723,104.05403388651489,-0.0688561257677911
3.9094073901433033,114.44431601533014,0.1300195837662087
3.586512064462273,108.25620206643426,0.1234196438693051
3.6918173454122067,107.68259453526744,0.06054294637105015
3.7011802157068803,109.57098373355218,0.016566211723587052
3.7835335518264865,103.44643601570733,0.1656455872213215
3.504327018928985,63.15749792061209,0.365823721892943
3.4570907102176367,99.1456351029973,0.2596777307322266
3.959148702828824,93.15627967357086,-0.16674189941764217
3.636819700134512,99.91033513878821,0.24979587708254017
3.6054705013153696,102.86305125415507,0.279124782195616
3.6401148069950873,104.25653424312378,0.15035675438306698
3.422344918804663,101.42172924052583,-0.0827317316142136
3.509606760666369,104.59702109415748,0.16315002416859897
4.03544953026655,94.6340706844221,-0.023910586781856327
3.1461669507666046,89.4499161559094,0.27993627737026827
3.3037910204811336,60.05703979619088,0.20477690917118846
2.885744097803919,65.0091218844353,0.38063477824660663
2.8317208698315603,59.0910532621931,0.4361186202830631
3.188665633059206,72.70298046643647,0.3472912888315893
3.5182781644594923,90.29664499257255,0.19185319492800945
3.6489519736341416,82.14932548914665,0.1379538024637094
3.5410841750184088,78.26142017614565,0.23004592837073756
3.799951009073663,109.81920224679017,-0.058315553597492444
3.7810093753030594,110.07282408299851,0.1366148089142435
3.6153776072724146,86.66917273556014,0.1052003182437904
3.418398721037922,93.55942640709007,0.15605447299644254
3.7869618482046783,91.97436327517843,-0.07123327707642856
3.9255340457728445,76.6268209975464,0.043461824285387675
3.768790130090042,66.03402627018724,-0.005133635712159811
3.570102124321518,76.1613755621275,-0.0015935937454528472
3.6610554214327027,123.94597051666993,0.13541965075944734
3.7239394702539106,72.7033533776509,0.06944189559652819
3.4430986393728737,103.49116456435081,0.20250685109990424
3.976842995041027,105.24898523108735,0.003465164262496247
4.161742962488258,144.71481265857105,-0.055235570663498955
3.1215021783097967,62.91724842124619,0.41600772145959825
2.989920330140749,71.26334544822562,0.4362925267246671
3.7972670928010395,78.75078631659632,0.5765667723952733
3.860377757601242,88.81882762870401,0.22898164547874073
3.623208786031796,113.98485696277673,-0.008051355175914416
3.644850862573141,112.82039733689604,-0.02363516610543567
3.63520165191964,113.29938955629392,-0.03822645251746645
3.4424325192770504,74.64650906686117,0.1418616094513456
3.857705997459292,108.78740055617143,0.46467433251930135
3.363705401430627,102.82627410705601,0.022039846591297225
3.319279069015715,109.24341324108667,0.014865984826811304
3.7178816946478954,92.1661331726969,0.06684398501006329
3.756122176486198,89.85110242656408,0.04648416188946311
3.6225977322925123,81.15869746705563,0.34177162749712203
3.758222367361134,103.14072202842175,0.1158380360717396
3.611244437970463,99.68180348542522,0.19725193471045407
3.5040059992217616,72.47979824864368,0.09232603885037517
3.590931865368803,124.93761969045968,0.05667311319343883
3.4629471009457715,80.65914668335778,-0.012117191249521056
3.503337284605837,87.44127590999067,0.04674219474295785
3.460063602107235,82.66221694757114,-0.0030418007501382184
3.398551561271156,94.00299892180604,0.2763384439273183
3.375074453750935,87.53758699101851,0.23725413104281515
3.475811573606428,84.29449723032634,0.1919332335012971
3.7636263854341667,107.83291665701559,-0.049956928128970346
3.7639658331337387,110.78769625558456,-0.028923505688917356
3.7864555417436447,93.19522905638593,0.03991824683762592
3.590091924376259,98.39914927738599,0.11607525366184307
3.48368084236583,92.44154791901445,0.2624393652608675
3.475775298769102,85.2791136351561,0.36769939964349524
3.719263267741001,96.40510552380782,0.18596089875172794
3.6866335388870217,109.81470465353505,0.13323661381583551
3.750484370646508,86.86135607588156,0.3752159796405066
3.902039896584401,105.84071832116535,0.2337146336706925
3.589722931311292,108.99017516514346,0.3440032216873427
3.810084358815628,87.15626824213318,0.05781594766091769
3.7628593176720564,90.53534596692968,0.12687390305357094
3.8822485156309803,106.98921006244606,0.17229012906796368
3.810216092428499,122.39163199147814,-0.14774064222535707
3.806516198384779,124.98823880744756,-0.1502832259028272
3.72558516512077,88.77820185050322,0.2565299337940591
3.5190437374701617,90.96702675581946,0.08484650280267443
3.58647813056826,90.51280044043794,0.020103803836110344
3.6919691244283164,103.46238863583423,0.025754148487253957
3.5055692344946743,89.68005966028262,0.18371224649285361
3.8716466617362064,100.44907864044912,0.19600504177587832
3.6078192349885025,101.555705520933,0.183367668309724
3.7931153235246704,91.72965522503226,0.23882950399594044
3.4625394942401257,90.51172674908392,0.07176901052122832
3.401332244389272,106.87848285947767,0.01834155510416256
3.372240699409281,110.41085255164568,0.05251137895231665
3.7823969695288984,78.79575410979105,0.08190562576040418
3.788375067948016,78.55288830664246,0.07141472087599506
3.7584528154117582,81.94173346991249,0.022709549437449194
3.504744309282807,91.86265275966512,0.24597755174246996
3.181159643073767,74.69152462335046,0.24780422674059135
3.63955754806867,103.94503459776895,0.1396224811613021
3.6958631871362577,103.30461476601916,0.027113995672622782
3.5790851936434778,98.33575210133037,0.2180673612287641
3.4852107883866372,84.56973607279971,0.3347944959653589
3.7625791259377475,79.35768992929772,0.25038059448120603
3.3491096817775547,81.57160975611804,0.3920650761010647
3.516790309943032,94.85714330048276,0.24532765033385598
3.782633426193299,101.99637969227508,0.10379935629553447
3.6180356871021058,88.14862640185495,0.28445229526158006
3.6394404993477942,86.91058297537987,0.4146318737499316
3.853188596385829,80.25598074851978,0.22601016220120573
3.38016069519469,95.74200205259729,0.2836086833654028
3.717294594732153,82.03672835931441,-0.041920505374407266
3.818605649003327,102.93778456685702,0.05030798475625674
3.4577711718751023,83.37294844698187,0.08210845066183854
3.829767663141014,107.5476496858372,0.3592353597220565
3.8351982742583908,105.7609304984509,0.32228239170120465
3.8992408555051186,112.3223797990847,0.2825976012917151
3.832884113022819,98.41571509208694,0.2131082013487906
3.612318644592923,101.05584694891711,0.2246446136481066
3.5154717333989765,84.70084254879347,0.16988477220941212
3.715106163323403,88.93957335845546,0.21801150546971232
3.560649484386684,108.73710642715974,0.1416942697559616
3.5867686639460525,98.93166739039219,0.020375237053353992
3.61873733952545,95.64929823895677,0.2213125688665229
3.412288475026673,101.16137545961116,0.062253988387902776
3.6108557148476765,85.73387825873007,0.28169294241234943
3.5102319597551865,94.06153917319973,0.2734528586976731
3.697805832945321,95.0104197792712,0.14942956666082968
3.637044123203106,95.37054329398684,0.045993678255931716
3.603448008927704,100.94663934184197,0.22907299010191567
3.6348260138809856,100.90141424091304,0.00037600383887173577
3.628251038092253,100.35029975756775,-0.015338414494306427
3.4267034799250613,115.18313042324296,-0.04965017991396255
3.4263593493435165,109.91286573603809,-0.026120332958818354
3.5909641439794395,91.85579303290648,0.2094129477469346
3.4475374861866506,95.76077886878328,0.11892861671417324
3.5892917195069063,83.16305361610637,0.2695971390102799
3.63993338622882,110.9207313135412,-0.039178371045555695
3.943110487385186,113.31043830190168,0.2550083674310138
3.6274478811632416,77.27769328668688,0.09639451438200872
3.7183665116579974,76.34225053209599,0.15898944044212976
3.6939505766826115,87.17779006673004,0.006630828088713601
3.5720723290365233,81.93140411847226,0.3572026257657633
3.7177328371863,90.08306456640659,0.2317439930828789
3.974237395517984,95.89326511316625,0.1429480799400468
3.6957611628385876,102.31698995970467,-0.0643755539035021
3.73341474538031,101.17146400519047,0.039566624820973006
3.7208932181701235,87.9504670542866,0.3621353186942074
3.535196205884307,89.00253551086034,-0.029320492673482437
3.7192500552586294,94.8532086915678,0.10572720734648702
3.5679225452307453,79.14571551532296,0.1300680541740782
3.54706408671915,81.71034427413424,0.1890808556391051
3.2550894415811955,95.29977654222765,0.14328582044892538
3.5270044073236946,74.37739735687907,0.3404548876757374
3.5869971738976343,75.82469048839349,0.37261211093647156
3.448402432927479,108.50039693211582,0.017233086590248938
3.3499755185441145,111.93314212065529,0.034464244511927984
3.3413546536042773,110.4686152809979,0.04284601362381776
3.4817339881586338,100.7349478024099,-0.020940020557281086
3.469214178758523,102.41009097812386,0.016946162213431204
3.797986236817129,99.46378170879765,0.09923538748105339
3.3202106713135486,93.29688485290778,0.10309268365644152
3.372722143176174,94.77544725009773,0.05370338633586135
3.8029578442781813,106.49243988844692,0.28001889010899794
3.842780319119748,98.60637181504141,0.16507288805480005
3.7476469909205843,94.19441431802464,0.280561471517495
3.868285783598972,121.53568091404753,0.07065729359575319
3.579434886649951,94.20036240334633,0.027594703493449127
3.3080734474633737,89.7686629444111,0.055973309819280524
4.029909559690157,107.0084095546283,0.07637121988785686
3.9461979196976102,109.5479865620484,0.05372265418431794
3.8501109642496987,75.51514923230262,0.304757999524325
3.650409967387752,91.76381263602575,0.32178451021892707
3.4911494680122455,91.36895689542334,0.1692061549827271
3.4762667949349733,85.66763616382407,0.08917523613885833
3.7411986839869793,72.38230084367746,0.2932067737309844
3.6447420246940867,120.44575773921396,0.08689691525811712
3.7728979492087,74.9191987510017,0.054863551291743376
3.6273854585588805,91.92614747909222,0.009633278903030968
3.695232453987677,93.43749554505594,0.12041337178922058
3.6565062781282522,91.71441476779472,0.1514788694395442
3.8592980801032777,77.3114691477247,0.3876313637529936
3.854391393754496,79.20249173266077,0.40047819212673924
3.5095487053786583,75.84238841089528,0.2846293900401978
3.7726755765087385,111.05798648163142,-0.006205270473900725
3.8816080498970638,112.4843020340435,0.30394340266181435
3.6258522056064493,93.0263994698617,-0.04054694652712714
3.677766682356552,90.96637239261833,0.03527592531207374
3.657796130016478,79.90569020323528,0.090883984226973
3.624980671614181,81.22081211244833,0.0633100362377193
3.8326653566843234,100.80076014361426,0.10224388798331178
3.8128938436637347,87.71325434092464,0.11306469209458478
3.8543955753272647,89.23462145049469,0.09255883268323814
3.7783697330474193,87.46465321727766,0.14657184420098587
3.7255939575835426,100.67021054770971,0.19992484665334934
3.402767464356264,93.3629534019211,0.11627245118284878
3.751748531229593,113.05361950099461,-0.006910594333063123
3.7176268446737275,117.38710388620734,0.00647136912027481
4.079845121043346,101.3002791160221,-0.11072966714000955
3.4824050473563064,66.51682493022976,0.16077092949923447
3.812918702355678,71.87526789345839,0.1712734160771651
3.8239944695283663,104.91837261699362,0.1299374223681835
3.8944436085687313,107.2657242556324,0.15864720696724402
4.025187451030399,110.29362748417485,0.20724149242471834
3.842643076191497,98.28956462616225,0.24300927553750654
3.9921309510897527,103.91194965286253,0.6006152693962286
4.169007492578252,101.8930570323095,0.5522561414319123
3.6617766583897366,91.10007350074994,0.4431700765417591
3.7437491641624483,94.60258596501198,0.3255943207622944
3.7355947643317533,87.81777189273382,0.2960529782927034
3.7360624081230567,79.20012327362686,0.179709259326992
3.708033712469528,96.82743961704449,0.22678953084210038
3.557646103446183,95.972819250456,0.2600900012175674
3.5657099596730366,100.74603899051444,0.04059986419466464
3.7375339086116406,101.20030845851754,0.11862948216507843
3.698489548353147,108.87510744491348,0.15148648196670614
3.682242781647505,104.833035744165,0.11990893708783436
3.4838053378399745,109.6809703701878,0.09336878979146747
3.774615897979741,93.12031913236704,0.11374647559541566
3.4129446127728875,98.93537099363178,0.15911658292487424
3.4482975031863266,96.18930962109826,0.05911359715133967
3.469004877648545,97.37907365067811,0.17593637821344013
3.5622844482420346,94.97673380899761,0.058163404319798356
3.4783225406797937,87.13456078321468,0.06523637110452343
3.970969676062534,95.99948085181546,0.062293024158744194
3.8883446925734897,90.31197184367339,0.04031360188369776
3.8971071559097537,92.18486093626618,0.06589689587453926
3.8843516073482185,92.63890447973672,0.06422552220106612
3.835766034508928,101.17035352151818,0.14002486611981507
3.7031092046691474,122.3120196014775,-0.022555869771706684
3.5532072087741193,87.32225220748074,0.23778008664015385
3.6491173435810507,98.9460342101791,0.15855867887509772
3.6115720999835657,97.75597366260644,0.12339174795417543
3.428480159308553,85.81206644659918,0.04411284796295221
3.4957496691563663,88.2743128633261,0.020623861817454302
3.646659793466904,95.2005951455233,0.32705625638587055
4.075403480929121,99.47583455864851,0.06509741840245045
3.175454490029812,100.13944817808988,0.053376498926506595
3.6366996433670122,106.09267959019624,-0.014894213956567431
3.170047310219109,89.63946214402887,0.1659183880680649
3.1842881400338547,93.86257937700113,0.20733460878932494
3.222849550025882,90.43249122216052,0.16216888911032487
3.4172965715074137,84.41999201240763,0.1648478319935362
4.108507671799857,103.17025613523151,-0.05880662712593589
3.970134997113436,90.87353722893522,-0.022756079747368107
3.6491660038258775,120.82946779937713,0.019478093403920062
3.8189853086626266,95.62338013912444,0.21459737104450619
3.9017051009672077,89.01765869369837,0.1567004751098866
4.0217341845064976,89.81766630518375,0.17483772329983063
3.3230409758677633,104.61234451951064,0.13483425116466607
3.680079869444934,81.21877177645783,0.21998509415605128
3.7100347486508487,89.37317983451761,0.1551210509759561
3.5305099430621945,93.0740212216538,0.17686037983159988
3.549910917978905,85.59229460772688,0.1692213726326828
3.7172017487272266,86.97503394114045,0.10684572727018488
3.640794712213105,88.64428800589444,0.18008886481365427
3.3388111583297606,89.13087217447683,0.3372044779377581
3.352221310168747,84.78489073951954,0.2686239812060243
3.117662205261656,77.09345747020069,0.1554348982065382
3.9408124214144684,89.40009662701085,0.3875187040947653
3.948350654608811,67.77445602349682,0.5137997998142004
3.6505272623577256,75.40424430206103,-0.1057507905432297
3.650514750652024,89.53692921677872,0.01864433527818998
3.512957931954653,98.04844909780753,0.06144227959212372
3.8573547955497,112.1690014065282,0.07851214932055686
3.7960140168000542,96.47601719803437,-0.03431363828655173
3.6348466864864095,118.18597597400046,-0.040325379972647186
3.4736413518855525,95.12067472706524,0.2011177971370171
3.935175264541379,73.6649584522732,-0.01877394576671984
3.7967015284970187,96.41968832923845,0.06024283031324778
3.517286550586162,91.38961682927489,0.09988739080840149
3.422897690891119,102.3860569228605,0.18137513885441517
3.619729174502285,91.46222463764337,0.01437981840656642
3.574157518148571,117.43118084830687,0.06266170594612738
3.560808462125071,75.83194789169914,0.43831025267901674
3.2223415617628812,81.38827829993323,0.1623850733735728
3.344740670136709,94.19672605188548,0.1484814474052569
3.4175889014767358,87.69938377454599,0.16844965109665264
3.961717885607177,65.39209236254807,0.0750955068861684
3.721038680206254,75.93156406803914,0.22520798847957169
3.7032320723547043,64.56174372307564,0.24008829363999612
3.6044534880732253,70.21100676696747,0.20500068619561598
3.685817080558494,104.26759806369361,0.3156424140556687
3.850036720475681,83.92297132543307,0.45940139361639803
3.771314235402064,94.11195404339826,0.0877469401993775
3.854661260136477,99.75832033792294,0.05659749428357438
3.674096610567631,95.9452111501555,0.08435491458674435
3.749701307627301,109.41873823677273,0.19839931071073064
3.8016192422673334,94.3977198885289,0.31074447915621395
3.7175740856234047,82.31893142984313,0.1581899907951648
3.7309779602239863,85.45426419339209,0.1676789525317373
3.770511081446679,81.89874362375605,0.1817335168008829
3.9168938272201714,88.46170775182706,0.23964115897967397
3.744470737431549,105.23923889553396,-0.09667699424978192
3.6739151945966007,127.49965100318025,-0.07096123423832046
3.616599455694844,113.85259592433798,0.007381485171474584
3.563484372486793,110.27151598415159,-0.06118060714750023
3.963664438162805,102.57254468885792,0.1395366208340952
3.322849556904562,91.60327254488948,0.17354089875498385
3.3309478401878927,92.92296440870369,0.2872060111919795
3.4768731275885205,89.32065402850444,0.2872022770818967
3.682600812245436,94.01443074102012,0.2547156818058139
3.425272874058254,100.52863644773501,0.07239382829328321
3.5352736339168516,105.30290583486288,-0.033033574719310496
3.4890612736986,107.0459955867171,-0.10636996868238592
3.790964655153667,84.50648420488719,0.6526453917902295
3.71445284341632,78.94930106137465,0.5868393615751983
3.955856072050909,96.24868829686011,0.4167843103187117
3.7476590306930166,89.49115073619308,0.09893980589293404
3.8754957780413,110.28068874129158,-0.007426199095994833
3.4179944132807436,90.36866385366152,0.24329709139054384
3.6630148694028075,89.5797447409271,0.2682526895530535
3.6776254056225977,93.29273849755866,0.36536836371325704
3.632931249965028,90.59824095238746,0.21885791493204743
3.637490238685094,82.56536229005111,0.21705950856154627
3.664114777217684,85.69540727363028,0.19024690216209458
3.6420235019777096,89.51414885217518,0.18028648874700418
3.5985629813054762,89.37965979902515,0.3479934387720152
3.489387822707466,98.85215819515427,0.1161264800323263
3.5907580181790872,86.94989075880098,0.2453181935852282
3.406086850069534,91.3687950999784,0.30764111151575735
3.6603297814961078,85.30640507893794,0.2214518646403696
3.636146700360392,96.32896321862714,0.23242390731947005
3.6756132427735215,93.77934384807119,0.07656880154610446
3.4358541154836693,101.23206461366732,0.145529774838465
3.668865744572256,95.86350786911244,0.14708073680715017
3.577858702621195,101.18337790495234,0.13227753614821214
3.3921736080314906,98.46129934351006,0.09824977989823946
3.5062548948261023,113.9777108289735,0.10090102542256871
3.527911196039486,95.82443833836628,0.13843672422062311
3.6693182481466593,104.49368935420665,0.2200095333447045
3.603259576190462,101.87362682684602,0.1623694593784934
3.3634566515979962,71.5556403464806,0.18426993273179218
3.4825817488300417,73.87740672858479,0.1303808913921922
3.6241305079882946,92.25982429456228,0.2392232595778441
3.5585109190900424,82.3743664821946,0.41487217259903864
3.733376042386767,85.38406153173914,0.07280572119735285
3.5626185358386007,107.95704608076404,0.08959269229452922
3.5459151532894735,108.38867675740477,0.0914066274725561
3.4121549936603595,95.4651657202123,0.1298438829634953
3.624463248975754,93.90189372144026,0.13128982185936786
3.6864678011051586,85.70598627229761,0.1449058583971629
3.914309888711298,88.8083720643028,0.05642614990022394
3.710036346134701,92.59422134971324,-0.007122550764602858
3.721048747253122,101.19478094627067,-0.04897620081859031
3.4864101619060555,98.23961086566213,0.25826850176841215
3.6089579993478766,100.09760600327564,0.06562051490964606
3.7076845397479157,99.67777188400471,0.04735533148188079
3.7446600718355296,107.14298936044013,0.0965231349592348
3.6017149229131453,120.26306822739465,0.03355672315898523
3.940235426316241,89.33421977264965,0.002586848228528958
3.981595010051919,91.84346902550558,0.10049743053004741
3.16481134777741,82.62348275923843,0.15474046041166356
3.7493214998105913,94.76240786068307,0.3034739405481589
3.543875120801606,94.54081040678656,0.01982899380642985
3.345195618062484,101.53726212871432,0.10009586151779515
3.637703629198785,95.77154904575679,0.2268013847203979
3.6660334798699816,87.73135569817853,0.3958153102484428
3.634292389804501,84.91092400181954,0.33493323154215904
3.6312961738784812,87.62684499600836,0.3080827651989629
3.6955766738667855,87.17401079632091,0.2790100047206167
3.6611142759963933,87.15981259301839,0.20815040438235966
3.6539491027916835,95.61509875427332,-0.06560865298263069
3.6268218137837778,94.16627271500964,-0.046492710121963196
3.7218177873990492,81.43072394002651,0.21018815662526724
3.7646389418598187,83.9225952138955,0.06412218738042408
3.7946111174515496,83.33323937360163,0.10503637977740288
3.8422608060251435,89.30153911181081,-0.10770506147239774
3.91130472903809,90.63785234942678,0.11442481550936646
3.873363672783623,85.08869652084424,0.06447567703282078
3.929026964375637,91.56148668531787,0.05379497131556346
3.826561589444443,90.57352625231631,0.04801002197448916
3.7689589177152407,86.323757578867,0.05511875452604451
3.6706434662454095,73.78798236947564,0.2080307972920007
3.427810778089,65.33064112194023,0.26424374650543464
3.6482688896745885,96.40703456717651,0.2928011216402019
3.500224903303153,90.05762674818659,0.051185787312066036
3.647200220320679,101.59810008662461,0.0631900228947933
3.7986005073286355,101.6676800488093,0.1364684381688665
3.426824532947805,100.42006996888261,0.07488677156141582
3.5167291170494277,100.33042752998593,0.16468966509545638
3.5009411343424874,103.13283904664614,0.1623890020607972
3.5926536192922867,101.91187428489074,0.08785818249261526
3.5107357963758377,103.12847430012876,0.22377492599390308
3.8938213736913907,97.39583388339481,0.04085153089378995
3.792253891124086,117.46192012868127,0.11850390605537536
3.8870302311930733,111.28571185006507,0.08316284154687735
3.8759933668599373,117.1991740878387,0.10423149262699381
4.110858291294523,113.02143602959516,-0.07125639668842144
3.3223255817522688,79.98344476453562,0.13226956326144756
3.271621613870597,88.83017883476533,0.10551431241174931
3.6147754464927533,97.39032157826641,0.09628221815279504
3.6018694829427327,95.86168846337395,0.32210935443081784
3.555502457610733,79.85978091603712,0.13854835064735033
3.685159797671679,101.80816248029642,0.06907783611793061
3.6176951522129803,96.31643935498411,0.3372301096662715
3.53420555899706,101.70281487247935,0.33183379490233406
3.414832453375382,78.44842172262487,0.25006097214220296
3.501362017601435,107.21775653084073,-0.0030149934204318726
3.766555329555071,100.20774332172476,0.10795060558364127
3.641423094608371,97.23685322964515,0.11950294980935756
3.693533578618469,89.88570773355065,0.19107812180294287
3.661022009298029,104.59019027763222,0.24329623258036123
3.577005740701434,102.52670488071,0.25103472142558314
3.6519089551958297,99.76415698386957,-0.02596374889927869
3.6141739562269892,106.15265266139325,0.2588906677944025
3.328874667183323,66.46902010031347,0.3075734512299551
3.7913077653084866,88.94492466208973,0.19771801498332445
3.644980893065935,102.04806989884493,0.08854783272035183
3.898582798382015,94.32904998058227,0.2050805746973381
3.5463689035799355,104.21177788345021,0.3001819310225867
3.7457926347527906,93.05952432751094,0.1990811670808414
4.073201758178465,110.84821320902263,0.04104914415682429
3.6437120039091644,121.69371459899644,-0.07842170990204263
3.8210074059931944,112.10965185011905,0.03842946574653072
3.5259085775288597,92.23162695069617,0.2376624127359968
3.68941500610658,94.36995082090947,0.05818126958192258
3.753154652517607,101.49563946122589,0.06188322097549102
3.589393498252131,108.13520828309511,0.16231052082815303
3.6669985339859834,100.72956013237008,0.06493009659448046
3.538881478217201,94.21563868671011,0.1443482845024501
3.288299507899337,97.00939366483725,0.006633572227490918
3.5143393517644306,94.09718136036926,0.12171581202331352
3.7826132567913757,107.51121773132148,0.027910652439329477
3.803548071844913,110.90230338564614,0.06310514171319508
3.9850665465480617,103.34987630150397,0.26463526258856435
3.872818066657907,121.87007403380257,0.22371221530472374
3.7438169363761236,122.3306103586427,0.18118809187902402
3.752232880474112,93.29353404035304,-0.1503503080854178
3.763309832137287,93.800478021575,-0.0997559242361696
3.750484043129277,99.81808137429161,-0.08594978435343835
3.540534185561267,102.8254929047663,0.28913724344300107
3.5512681928472856,96.24745105716408,0.2158905626652622
3.888213088522331,108.063797999743,0.1650411813072733
3.538904681255402,105.02824888885038,0.11564529360896957
3.5918926250776897,104.84565699083186,0.059372933267425425
3.359018619539662,102.37165333578952,0.012090114446336652
3.3252566584180956,90.73725844412087,0.16736981621924046
3.3804484343406167,84.88430197663902,0.3313789983488322
3.720690159109529,101.14472014831047,-0.040451033560633086
3.7123374604018373,117.27163306872433,0.005582238798426076
4.008698940295342,107.64664603664522,-0.15958013449818712
4.067015692923166,111.5275006415382,-0.010411346294747097
3.9996356029261007,112.4281066504489,0.010576552294690806
3.9129230066217304,121.04102447451987,0.05886675061323155
3.5674338447535368,115.96780975923097,0.06721766787446788
3.7200015198060434,85.43018423733035,0.11718074231986138
3.6129772552744814,75.6843360702995,0.180664271379564
3.6430818561560114,78.77732134759694,0.04607388299555588
3.653342531028663,93.76069266587919,0.0608904806588343
3.5507666614248214,109.75269097346464,0.12018802569332392
3.4522705795268553,92.14990628025376,0.17503426627742014
3.55366124527347,92.23691810425488,0.12508770000462183
3.7412417859159985,113.79898829940727,0.06731260607142042
3.786180478294968,102.02608093436552,-0.08932023489536987
3.9520721415541527,81.13035336771937,0.0049237098669318346
3.9477965369928696,97.83066160924704,-0.05746616917046865
4.0081378363464895,95.53290669134144,-0.1228870876547111
3.913988867897683,94.54567570237532,-0.0894237989759019
3.6599588758885493,100.8533113595773,0.14391885935603507
3.992710824150037,121.34200166332641,0.09898468732432462
3.8913140299252484,108.99143889792046,-0.13427972757922452
3.659954730620846,110.6441520843722,0.09070069086713367
3.7902321582573366,87.33836121417704,0.16065834276503593
3.8245596782629634,102.49312678646234,-0.09877834071148263
3.5924285114319443,119.40739873068442,0.04036698577910912
3.838737382958111,120.62125948015579,0.03081493373742598
3.839100262305056,120.19498125078437,0.01741049621470955
4.240998885349629,97.64604574514595,0.10386873058862021
4.100195626912177,95.50980708130803,0.12103015498542213
4.087693561377598,96.55137155369418,0.14636458162022403
3.407171265080725,92.98596185315374,0.09843259861306673
3.6046386728890156,99.34034516184258,0.27554133634886374
3.581189604328328,84.4335762368122,0.3445791428941378
3.565438051288508,84.1277894186671,0.3314983969901399
3.777955714446051,111.75289831246515,0.11556549813581711
3.5829775873366274,86.65431350668418,0.11126781934013288
3.6527355260860617,83.97861184802271,0.15164449575480898
3.689244790229521,86.71445843166705,0.08450910371299973
3.667710407671698,83.53666661006241,0.18932938109777817
3.487316436543416,80.15394186182718,0.05240721729720105
3.3927959062738156,93.0983443567689,0.1608062085386054
3.90238677625642,108.57077140121372,0.03428235308413427
3.2944506510671663,96.90696275819077,0.16681822600244087
3.802981865678296,108.22989391909647,0.05499304543345462
3.3187271158247333,71.90425480662984,0.4335991083773641
3.3741458572424916,74.78868859134501,0.6589953244210286
3.327389122960637,81.09801933898291,0.16773279615508585
3.3545520855372457,74.60474555414801,0.4743699125957107
2.9443498119550924,70.3103682270344,0.4881727001742883
3.235752708426297,57.210978364601594,0.3656243994277965
3.4277170422433425,75.99465053390249,0.41778521673206537
3.40192451555552,84.53864580633683,0.3863130875031585
3.5216171643520555,63.93640874963704,0.3873590551971187
3.6064619587176767,100.85420113641221,0.3294255632744438
3.617157994876046,100.095503911248,0.3633589205146958
3.8586078648196724,111.3197728853495,-0.14419265470018744
3.7629512503539138,115.721196606774,-0.004521357476201941
3.500369679690911,92.39826640593044,0.17992238840281313
3.453416452216016,87.31228292890765,0.20764780093856278
3.273966218651023,80.20207041612679,0.16722430023292958
3.496891618198662,94.41285384513405,0.0747847153653586
3.8762820713636312,100.11223232526574,0.2045015142854065
3.882434994764176,109.04724319638467,0.23116718971973343
3.7451694060486607,98.53282785176779,-0.0035877552544101004
3.635723761892533,93.10712876545418,0.3435922045599215
4.03776462346664,107.39425725251816,0.376109582264379
4.082315973848296,81.60397969913205,0.1320851942992971
4.121704304160219,82.33381755913938,0.2003714988665389
3.5371846329842924,73.47264871777358,-0.03706868529474769
3.5355887459529054,73.09922595403972,-0.040817840107673
3.5385456675851743,71.17635339106226,-0.0541748615053876
3.9415510726524583,99.60502818844436,0.1852656132399541
3.6994396325610373,98.80319113913541,0.14772603541759316
3.6567244240579453,85.17344129498281,0.11721117445193693
3.7129540805371075,78.2822423371578,0.08134447848047349
3.6630232376515663,82.88188620470221,0.16450170691211838
3.6480931415903752,93.79118732539077,0.1686688063295122
3.843647402613692,92.16085680333522,0.020622293607407288
3.5472848109528172,103.09857421514938,-0.05656028967596946
3.7049146071886927,87.21191735630096,0.2719848295806793
3.796770621980309,66.94661256309658,0.27535552060857266
3.769767134969899,92.38643332200245,0.08534235106903254
3.8071131670318925,95.90367194620829,0.10792630027469857
3.693125583470712,107.70374126076462,0.029437573519021324
3.5028456291624224,111.0606394623425,-0.038859512970186944
3.755367374246006,101.3022367183094,-0.0030115440306246423
3.597591191204582,105.85890790670423,0.1671965496504911
3.5846869763454006,102.87977515009361,-0.058865311869310356
3.8589956541932553,92.0040104082124,0.08953144844249727
3.7585804453810154,81.92500349825647,0.15290647874946686
3.6527369948361526,83.11738330232139,0.06185897573320164
3.6317235038687277,91.73734063207542,0.16612405090782173
3.6053129608265255,99.22233021992623,0.12484675977303489
3.5441046066436326,96.4348604045377,0.19552201814709638
3.799008394697679,87.73099087867908,0.20386259243928453
3.6172872567140084,67.67465215659638,0.37387509581799366
3.674378729515698,94.6027448267382,0.3240877475228709
3.7457155259095156,86.71606157562265,0.11287173838275827
3.6050797606576954,99.84448079996618,0.012027228169630767
3.8575499913290754,103.05940355753152,0.13177830925132406
3.539274758265199,110.72296178411085,0.0846049964914764
3.7599501398864668,87.55152269435247,0.08817054880110803
3.839556813671615,85.21655938255277,0.0835557838331111
3.6452627323129336,96.52728965015584,0.0755735156714479
3.53479417481253,98.57069682718632,0.20349764380369964
3.089347628363904,81.77987831513298,0.1414244525622827
3.6482134755668465,91.42053655314263,0.08253149491173338
3.713146993639654,110.34561106343978,-0.022074558937327057
3.489523296042194,94.37676093623088,0.21387521817953747
3.666937271476699,108.2684417131465,-0.039112637029435515
3.5836116360897377,104.78838434118796,0.12769562749546223
3.6229135035618087,101.21860881841867,0.21349007825699096
3.7422190094972496,97.14089691962239,-0.0065141271471584
3.728729450344974,81.80034320606698,0.2013986401629959
3.6938845846094166,92.99970804043637,0.30098085323462864
3.7109224512957297,88.20311351954366,0.2362272664489536
3.6480129612769976,83.31469741538247,0.14468895336747115
3.3577387879028593,78.0614911572748,0.38841537368374085
3.4120386284408752,76.72488520455296,0.41780343125775166
3.3421271812118563,82.12559592763185,0.4445197950015602
3.6980260017341138,120.9863854964644,-0.1107233406023935
3.8832707655461793,103.9326216936506,0.080532865659627
3.8374640246616827,102.69446756621694,0.08597196445953754
3.9382542662360853,100.15993967197564,-0.07884056966295461
3.932576280611615,104.50667566581274,0.06637749299292121
3.726230786908375,106.94012740795128,0.1313781099801235
3.255420720945546,82.49299910810895,0.1391792156287627
3.22406913240085,83.67497078555313,0.1519114174007947
3.6452682411410824,103.51511106228246,0.12253547054400689
3.6556308077910544,76.01432358988346,0.13560830732926932
3.624346676826757,115.25879308670225,0.05233264488714364
3.5921189097683537,114.69241192558596,0.10305492713358738
3.7927929440072243,109.06017032030698,0.1699353015573036
3.812595773160325,110.54960151539127,0.15129725643694852
3.573526548443087,88.44088812174488,0.23398276682680827
3.456294647364836,99.79746208006954,0.07114256872996354
3.97224288117432,111.22355657504542,0.06620498088620198
3.64965472677537,82.71539583842073,0.05267822610214417
3.4616906208533864,73.55792224379641,0.3426163443737824
3.4198641640367113,75.22184416158957,0.3891376575791434
3.4727410381178996,106.06939186878333,0.008308386147447848
3.475504266850259,108.03265725418001,0.0036967495542061754
3.524599354491723,93.8533859263063,0.0948281744446847
3.7592220557167844,111.99723231618765,0.17652241970263322
3.512742745375928,86.32413374523493,0.1257161737121303
3.5810260594584915,97.8986700729521,0.2388948351256001
3.6005440058779214,96.32447919095803,0.11986760015733464
3.538302037857678,118.59323313152916,-0.08856212667542569
3.658124359511841,112.39777852946789,0.03748598383534043
3.5771095745864154,80.18554286614183,0.335895042807952
3.4731550702294607,84.77707345985968,0.2655136988242992
3.841279338555334,82.32760235375657,0.08728341120377575
3.7615424386587875,87.21244150222597,-0.01604705543771475
3.7256351880661844,97.33539068823173,0.09885292720830675
3.596865690895713,102.70986886855057,0.05511343838869635
3.4067497191467453,65.70730360212785,0.38826745000586665
3.4746616226671967,64.12916965900837,0.4388557051056845
3.4544483279672202,67.90635652159838,0.4372102936048699
3.449953354005562,112.27787162623052,-0.014234436219773902
4.062898540227158,110.79893284912576,0.04248853435766938
3.704613134190656,133.6429363575954,-0.17995363435421105
3.842500694242541,105.90239417596776,0.12945970460862555
3.9059388830861863,88.21431578280597,-0.010159778842523736
3.8967313649747086,91.59083162870628,-0.11233458427888443
3.9678225881047333,93.0550944273291,-0.09899752026955169
4.0422761709109825,88.37791232757756,0.019952931500895093
3.3856216637556384,93.09809154952534,0.07360014524829925
3.4587685300728,98.0644157762519,0.15045337529892458
3.5416176183415025,83.93067942744185,0.02846702581077648
3.546961273316301,128.83598002846333,-0.021294607479900893
3.561005077956643,122.72489849202252,-0.07156260496525677
3.4310889943330345,87.01254666375681,0.1841382903931602
3.7612332113317937,103.7950809597729,0.0789975180974458
3.876653458870391,87.75454288670332,-0.02229784636698858
3.7178835536526567,83.91807429321317,0.04230926579818606
3.6425383281462427,110.05374976583289,0.19671912608395486
3.4822457793215436,90.36007704736944,0.038987823514813134
3.72419742797928,89.0647213861539,0.03223275315915032
3.758167228942269,88.6108019661381,0.14653768828042033
3.4491801447674395,77.01920045163959,0.07629418309755506
3.577839447426505,90.82317651581266,0.20969475906713403
3.623942485501966,85.94374736264497,0.04142991383734279
3.5368007118176235,89.1266503877436,-0.10128829069227868
3.5881997113065736,86.47732824140303,-0.013936014477288294
3.573700022370089,113.26747327021094,-0.012788175185082132
3.5863247897944563,106.41694420933918,-0.04752637276609529
3.523104845954804,85.8983822192622,0.11390630336625399
3.3561712510488015,91.40102462558475,0.16780288088694065
3.4800376170917726,84.38911155149036,0.18897433034345198
3.541675185057804,107.23097084196937,0.16782326922986152
3.5020265225098277,79.90828471967706,0.051504899649156936
3.784870168588048,92.99604658789424,0.1548973971293776
3.7869069053961577,105.83028863527389,0.2231760521844741
3.82790991181863,107.03768380414067,0.24556833901167438
3.8244139149915255,110.10325587439037,0.2214964139683377
3.8260359623944415,118.50747783728696,0.3081653675766626
3.817935040464808,95.05868600470502,0.2834875028257054
3.686005162289358,89.94258744241088,0.47477590332270797
4.004688866063245,94.19200390254372,0.4857158760682482
3.67376340881174,84.17242464042327,0.24728485961353353
3.2319357168118614,84.88386757304356,0.2957113123889667
3.8496052364812616,93.56990591086347,0.3107135818505985
3.9280151702441812,110.22695318673942,0.07666437446698879
3.4398906843785477,87.16634125309608,0.15349103831056557
3.2802235501215207,97.17703953017008,0.02761181516274263
3.906586867079086,106.10223868279343,0.06619220915330205
3.924534877718917,99.47808386979514,-0.04292031892827036
3.535014966630936,101.7341971889665,0.18998239751492377
3.324532752873734,82.08580477483744,0.1101746118289308
3.792927068422827,94.96188416001668,0.07692350874616505
3.778515554334117,99.34185402523737,0.043559084564006784
3.6742047830974784,107.60239907281348,0.07529368229566459
3.6126111779446255,107.4924547055887,-0.021007102583638828
3.5444306134895815,108.23314541816278,-0.034807986696711334
3.5072348320727755,121.70337877161302,-0.03079640837121689
3.795592249177641,70.42472072338057,0.26451995610419593
3.674064267230877,69.31244976353722,0.026511190129854496
3.760041128384727,81.35842811768171,0.12685814855882385
3.646562073360343,90.60974984161452,0.08908643773264
3.650379569506013,106.95441139130607,0.14560155273830358
3.5781323511855168,89.13376016551884,0.21466066161518493
3.682320100725026,99.8683897394435,0.15362574173422935
3.8500926772192394,78.99405718432676,0.05608744704229643
4.155984302050317,74.91378700006105,-0.0044295158995714375
4.168079443662662,80.12824562655693,-0.0005146074864428773
3.5511926243393606,89.32853119362213,-0.025602115105610498
3.5364961459926403,92.35232162390906,0.016410009076698137
3.4209449245466885,80.83546280054975,0.09465689215434088
3.45916812264727,103.40526752681967,0.1496321761124619
3.828266252819498,92.13331793156112,0.0045044236825285905
3.341251761536126,93.32836769595717,0.13847455271411324
3.537746029021219,92.93327649174034,0.10470917294874475
3.954358109013363,76.70942878122808,-0.006026309990048938
3.9249943874178257,80.45608491987403,0.0827453983656238
3.92164759340941,75.50469508263382,0.15588204631505975
3.9238395771927985,81.90021304252956,-0.07015815961638444
3.7179680919443236,70.06023229768331,0.07145274008003068
3.708672772154365,69.46730626516553,0.04002932922900283
3.6362522849669103,93.94128707048495,0.04864705476290442
3.7165479205382588,87.12092566657789,0.10211379087422902
3.7240363477532763,86.03314096078752,0.11089425166963034
3.6187857943582746,92.60478885323087,0.22056671066591016
3.484430186998347,79.98702489720154,0.0812062449577877
3.557628660479213,79.15400234407107,0.10101047334396783
3.5647823524383067,96.33470301384203,0.3037433072270382
3.4968974960216634,88.37430102923402,0.06796359302188111
3.4941973918302476,87.18973650881462,0.05776911476282261
3.488024856243083,92.1197465517308,0.08578184081066477
3.8354810186050585,114.42107701352477,0.06307167671213196
3.7084245870272348,101.5329610408441,0.052447405613582465
3.5029072388136155,98.50617219173628,0.20871446157283804
3.423290080748949,101.53931459342049,-0.001071728033444501
3.811807305809799,105.44142577839385,0.16715211372000896
3.9115870706692353,102.90035468294658,-0.04399348003950702
3.355220562291185,113.59376826824312,-0.006754259045962178
3.562455136825643,110.5159677338201,-0.03959194165978443
3.8101328041062446,101.86229990308006,0.23395780527744114
4.079133955561452,103.7992354615958,0.11640405372642952
3.8293440279925477,105.9598710323159,0.05772559792469593
3.6189621502111793,102.46510244740848,0.24050593456222247
3.5308151841188953,86.86302843236544,0.08610147030804333
3.680872442079086,87.40380954507933,0.22357797100931093
3.774729571151393,95.48591526519864,0.35422095031794437
3.8771526111840693,104.72799427458509,0.32687386493624926
3.8698034716546195,116.84325084336555,0.26758428165444886
3.634856028429089,77.02446308139345,0.35293910673352835
3.55349838774751,113.25235231434124,-0.019245399089931503
3.7538806346015763,102.80205142687966,-0.01064572758877028
3.8478131710590975,90.80920021240826,0.10698352435529455
3.7409391381797445,69.62704421319275,0.27506938359253974
4.031308403103161,68.15899605934217,0.44430461485220435
3.609990374318827,112.4914341303924,0.04014429592369868
3.773330800510384,90.48454784112813,0.24790426955521078
3.7218002958228156,94.08137527154544,0.02211248807098294
3.597888080547751,89.71567846757726,0.11175314061029663
3.7248478892329286,105.81051683257347,0.13450924906233616
3.7146670511355833,107.81708820739792,0.20051060864480919
3.3921015991197865,109.61460762440747,0.023065024307167795
3.600013896170256,102.42372226774903,0.0399357748012241
3.670872132248672,96.62375410889355,0.12751527094421583
4.1183860013160265,147.72997362624216,-0.25317044490167717
4.203848884481582,89.53731116076894,-0.12985318983935717
3.7610729220233754,115.7344837661425,0.07069663005269557
3.710266750840896,103.8120636861998,0.1761401164351697
3.544916539250835,77.08274333280322,0.382645101752187
3.4785189036831135,78.1702147883242,0.472162841742945
3.3660403337901315,73.43000709512474,0.47968044625840306
3.7415791170374164,70.93344538901034,0.43212209120207395
3.5974378589492177,68.19818944950991,0.3425489266674911
4.03664460103021,68.30023428769296,0.25045904532176144
4.173019695154047,60.95176632663133,0.2511062252834263
3.73487469060727,44.70207872716702,0.123406015156505
3.8904512134865414,62.720293836678415,0.24031273388301447
3.476146589989652,96.55082896010342,0.19033876279718348
3.4953094889176213,96.48263885298455,0.18640436077414366
3.4570205523246074,93.39109239488481,0.1711720507928783
3.469432200727913,88.50854587220617,0.17405194817835934
3.4626703985720373,113.44443039193523,-0.0013666073225177013
3.7211641544799283,79.95319668774728,0.27180342988566714
3.8861111563950543,98.9399849957772,-0.0854416134620085
3.6574304222788965,105.41544713921397,0.1246409307223639
3.6195911410102433,101.38427286247492,0.14969033368542936
3.2598421222803893,76.73294548563976,0.3593248045756277
3.3730509869720384,75.890252316209,0.13140170932178416
3.016439273030173,75.41792025834752,0.24014126199083755
2.985359873752759,74.61342121470256,0.20059275586656225
4.059464062293837,128.09799769572723,0.2707953884758483
3.9190738244228283,101.54947155607657,0.24680035169427278
3.6201857809269886,110.42484626759595,0.02843682056740763
3.5405162367980845,115.89823184008631,-0.02847427894091955
3.4642741425038355,109.92715461399547,0.026967292496250517
3.529720695008229,81.93392982873844,0.18774618717283925
3.3302961323437974,88.55110913989517,0.30907608282403143
3.959370763422206,94.67195523427792,0.1912298013257603
3.925944899262578,88.6099434199504,0.1610289505155094
3.4914576859737045,86.40213698276196,0.06018623207746088
3.615766265697507,86.20265490864189,0.38478535115573603
3.353221550896022,94.21793586440705,0.046228271679977145
3.28625796004205,92.51153444787458,0.15782234561823766
3.553305122750007,90.98735027963508,0.0921626081348414
3.5853373816512866,94.43376573381971,0.12699849658681767
3.5931895450025992,90.91567154383435,0.08818019313583406
3.3392467513249673,99.55633820023532,0.09329054447786692
3.382118348221645,91.97154123452273,0.0705548119473702
3.361445155975882,85.93301735967829,0.03305240458925815
3.7020060109548414,100.2444161273054,0.0857435566085225
3.818462636201105,107.92428854848049,0.08907014808310063
3.7689419288635775,103.45800748074392,0.08056563417408602
3.5362431963739707,90.09115110477777,0.24109070267923985
3.482092356081116,84.78817237323155,0.2229069616205563
3.4146317707596254,88.37455291260723,0.36913166520430507
3.9277660717277727,111.37967095528064,-0.09302449794867987
3.2981714807879206,76.35268412113099,0.239586090566047
3.528375664126242,77.69897361447323,0.5317879034024122
3.4428424488015814,86.07710274262794,0.36054605100533704
3.901295130684019,125.61728753527083,0.07633421453303602
3.762359750190445,102.48131511552688,-0.03762738772722231
3.891173218038537,100.58115241124115,-0.1431593425640479
3.9240729366912945,98.37644455242679,-0.031674457572811864
3.5936997964161783,84.67982694435608,0.2204124199128919
3.595476973792181,83.38802589916034,0.10618233861104709
3.6320022639455267,113.16857632439091,0.04400877204567482
3.375134216755127,99.52218054500885,-0.01692105650758211
4.0132353564806795,122.94420403133817,0.06783415318541584
3.5115674705692976,94.11040544130306,0.035934532916712544
3.5712368075926593,100.64250067492418,0.04595556597817061
3.60713037975007,102.8980522034345,0.1626194737095896
3.744809321372799,104.42151049076665,0.13168832571075495
3.6200774722389863,101.3754517658379,0.13803425256483706
3.6728023468523356,93.27431672976698,0.17721507938092396
3.7195948187438077,96.1572393997873,0.2293480850407918
3.5004266284921175,102.31242630506344,0.16291288161932949
3.6633749539056795,90.2867641489502,0.033998841816131
3.675368075975857,102.91406158887125,0.019637679840531854
3.571577777116184,95.11628139462184,0.1809512193282489
3.6102677441227566,104.54589030837354,0.039432415881149506
3.642661028511329,96.41091821175687,0.15642380504695214
3.3467960461481843,95.88060377270567,0.108661002438589
3.323665159028821,97.5687795911965,0.12251369579617356
3.9076080713256864,103.9821080950409,0.1022909921265323
3.9402768799442707,103.2236373363347,0.1285898311734756
3.7505562242295167,107.94752353888312,0.2351341845976523
3.80774856264454,105.38845060253323,0.1606951938539504
4.0864063205828485,96.7337197244436,-0.1363524308404808
3.985986899432143,112.60944147607486,-0.12015617357718364
3.5636662948151767,93.9515792345326,0.2568121220462572
3.6552205372994977,109.5639201320043,-0.036053555302837846
3.549516067977985,95.17575917716614,0.1711498673988546
3.5314234056480616,96.63530910780099,0.1798464329574922
3.341879979465131,95.91422250955011,0.019203376069731215
3.7289491373111128,89.26508627807793,0.23572596750008876
3.7077912004925295,98.15690281596459,0.302960580318352
3.4688675711112,90.29713135221601,0.06692136316109049
3.515207181618014,103.77303120120001,0.16020594338652847
3.3676244308335708,91.25249970819821,0.077381903305537
3.6707186186527907,90.65528135140603,0.12421028655224305
3.805793061230624,108.60988193865275,0.28746891983614475
3.8543554347288116,100.60265179402953,0.12239797665132293
3.6399004389733265,98.21939686211307,0.13017249119474275
3.4428191617351525,91.03010674494793,0.35008781838117636
3.7681029375390525,83.0680038465279,-0.005444059518854518
3.4353010126178414,97.77866954031865,0.20477645081822235
3.5594778376930725,96.10566080816395,-0.05658547200683839
3.6567555729588213,116.53503205058446,-0.016708985394687546
4.0271087987753855,111.11775972839258,0.08339575620586889
4.054130006220848,107.67478986614451,0.08281556483679905
3.8172399442097933,110.80057627063069,0.2937918925395894
3.753674314212385,95.51059907641762,0.4014359457425279
3.758460946319226,108.01686203028429,0.23036193185337758
3.7245873629976787,107.80700426339578,0.16995515123121735
3.786446103449767,111.93862537760918,0.13089129325631435
3.7594549434142985,118.42127658023917,-0.013097347837217348
3.778346593804606,111.01792436413872,-0.06507765422965961
3.5104879989067457,77.91119191504927,0.334821285774057
3.496274738889227,105.37352001489299,0.007884314251191411
3.398128731248371,95.22159355349216,0.08836160815285762
3.677760397438791,88.21470124863352,0.2831405109210377
3.5254927335993775,94.67889918823083,0.231295725082841
3.468529777209439,95.92344172766774,0.21090365141404785
3.790892649516291,90.13089834077252,0.046511935250658394
3.7360138033042603,92.71699752737128,0.059844994475577236
3.7059485108735535,96.56228284579733,0.05458854369707634
3.580599716744791,96.15560764994278,0.16730891906908602
3.5650595948216224,92.03866194103522,0.06868715551129106
3.5988360617588944,97.98809752560227,0.16759805363336205
3.768310016080313,88.6556675650165,0.14527266253153007
3.6534956132027996,101.78940611662001,0.21893681104994997
3.7727868042151176,103.752468484146,0.2344265313863364
3.4727595493672028,82.64979688051658,0.06616524555354421
3.6261191206128536,98.20651789131425,0.3641117621226033
3.6416603474923215,96.8424815758168,0.3381800136360364
3.659505231576364,90.50322947648593,0.29182345245161506
3.6408948924770095,93.16314111134503,0.34198587540120806
3.673491886409672,92.37715091760342,0.41364938359017644
3.707269979849021,110.33738073297121,-0.0817177336814358
3.888464211381296,97.54286864051873,0.1343689940082548
3.666257556978929,83.65389282038012,0.28928885952017724
3.7700015155925204,105.14936045954475,0.1777113321175727
3.87341905341299,123.84921727432624,0.13534451942713976
3.9115736609481107,127.43548901675922,0.1460765029490795
3.831100742550794,97.90466533681591,0.013846396610473407
3.7036221397820817,92.59771082716736,0.06534053832168726
3.6707079407362406,107.22539774402598,0.1462367891664434
3.3004379624942115,84.14054872773833,0.16673584876932526
3.3138374585383445,95.02207003623643,0.09939942784525417
3.7673672348157496,94.20809763963561,0.29461497881684523
3.5755654526995535,92.78901402598828,0.04472923824962574
3.7285683047660294,88.75014313422315,0.2656648123619847
3.9058724693416753,95.34736285163036,0.31648364245135685
3.8929296361296366,100.5663540937279,0.4638661611588179
3.6258312832781194,100.15553437439732,0.05933333120945437
3.6977329379538877,107.55082317267139,-0.07667272432305465
3.578720781675132,99.89095349166345,0.20553470305881447
3.456184966088568,91.50401540392483,0.1888614832899404
3.9373352924491374,108.89744533144686,-0.07843495847557512
3.738200467765868,100.96549630105805,0.1788928971437026
3.829734316457224,96.87505420508579,-0.031952016967567325
3.7815309857227657,116.8012692512484,-0.03217315818264225
3.682516349192743,95.97270658356696,0.22400343273331147
3.511748436771798,87.22878267353836,0.37415597517325716
3.4789417419575765,88.26046576395771,0.3713185238867794
3.265033073376613,81.90372678040075,0.23553351288872107
3.397478614216495,74.95498278718235,0.5412777557361774
3.7127753893897752,61.57480233740727,0.24468308787139373
3.426733442058741,97.93244257248695,0.29653218835611933
3.37524698570029,73.01722493869583,0.1257498962778002
3.851397313109715,104.07974478084708,0.3272605326991082
3.9069092708628115,85.51512782078373,0.2465331848332809
3.8037037717853943,101.21328624093995,0.1243847970629001
3.7394809114642267,105.86094732794055,0.44067049361596417
4.1306757370678975,111.8743586457534,-0.057300501404876795
3.583476699162013,86.85544335282592,-0.009178959975705383
3.621140280364861,89.22007074188089,-0.06749944672596438
3.6706698281939842,96.17789601696451,0.10187011411754676
3.767512517100754,119.6686498145545,0.016126286980670937
3.786117178295249,103.57928042995911,-0.007695711827142278
3.7575247950767294,117.00851909664372,0.11672632771056224
3.551316138888103,77.72683620752778,0.11596961420632994
3.5665715783768617,92.43319711789046,0.008432731755858139
3.8724809769915147,85.49320795293349,-0.007749079425006798
3.676528398856699,96.47416260459039,-0.04279437989494939
3.6437209678532745,82.79796767545201,0.1649222329698823
3.53778122774558,70.93209298325931,0.11817796503253034
3.740353493658972,76.01956493309203,0.003292666597353746
3.4289639496550746,103.07092756801495,0.2683105222733274
3.4247039883734125,101.25398129733955,0.2660152148244689
3.634961949672302,93.40306809954187,0.2245353577624773
3.7272050130237866,108.86461266710418,-0.0802529536741747
3.8260618651351495,111.44911506575122,0.003393448354716277
3.7321080157876656,83.05852520764151,0.08301671877148002
3.8524265756861524,94.13924933983755,0.1767791812148043
3.6475409415145146,125.13114980447682,0.03565051447298622
3.6009116938618635,65.82909509208673,0.29761548359948514
3.5214071054984264,109.54848666819848,0.1151720698948947
3.5302306261307894,111.57603390486948,0.13905904011514963
3.589152865126439,101.20723154901408,0.21118839643308376
3.5768375758317346,96.0185493962067,0.16644723808630824
3.6137863144613953,102.39039237582065,0.07733230159125822
3.8979290618637794,107.65619941648659,0.02298591219202406
3.9320763917867723,116.05949764320337,0.11157984293133788
3.453541225548971,101.95725103709884,0.16502326951162527
3.459798865814099,96.67507480365067,0.2228020356078303
3.742672559250988,98.04281290320016,0.0071898775896237135
3.807034490889652,93.2023079641414,0.04907719003769782
3.6473357075429913,90.36692255489848,-0.08009073780351074
3.8097314337127246,101.16269757245256,-0.02288983958068862
3.829173553227299,95.7028531986378,0.021459762369417545
3.5722509635744517,94.82817864602647,-0.02532847982835924
3.622288253870727,95.92901908268112,0.3175534155514586
3.6540085003264178,99.98781538799743,0.3372666715335725
3.5180313728423767,88.39597727821523,-0.002087807898897355
3.6399426121630105,79.09901303728329,0.05474704784297989
3.6500081714246946,70.43779528814974,0.07515234746232996
4.041992985442639,100.16578880951192,0.18749083440968392
3.4595610808306705,83.69018155902577,0.09793808990693655
3.5454736134421396,84.92970200300277,-0.026654471671890993
3.891833379746288,87.38944284565987,0.22009832727282708
3.3805498902203173,77.31434694714949,0.09054228683415666
3.4975417419966237,83.905176186242,0.10205920458042388
3.832655827418351,104.01961446813053,0.07279681838799057
3.196539110715658,82.79691062693962,0.32290482128609366
3.2575594525713782,73.02293801941795,0.36250057671016217
3.2437390034027924,85.58858972627046,0.08823514624806142
3.40859480371819,94.79513851562527,0.16101365126617243
3.5886943326858933,99.7545634863662,0.24452817507249155
3.6819365266102295,103.43713457926054,-0.0672177747625766
3.6496691836280353,81.03809565872098,0.2739471467411295
3.238110929595781,88.54415749378039,0.24372951411883728
3.5606329962793173,92.85908822233878,-0.011476767919901385
3.5412253182062194,105.83269641119209,-0.024439622783414848
3.9043715379646837,99.11241358219823,0.24144929547897837
3.8989605775563887,89.10331951749359,0.16790011283104073
3.817849654328229,89.61367080308345,0.12643189687479597
3.7114152790879245,90.64260399613116,0.13497524436985667
3.7419678564646763,98.82931623614994,0.1228841956887416
3.8253081277867307,113.4800729051381,0.1355824771225616
4.009108545034279,117.84547850325866,0.29140194817634907
3.274273684192117,72.36601323379806,0.17332190007700002
3.463761843455065,101.0744790492664,0.23394127949552818
3.5510090687802016,96.14522603671874,0.2581151216046316
3.4474541921310755,83.60613526742173,0.335369114004797
3.671951699297206,101.2651423204856,0.14772139180598734
3.52944441231583,96.24216823068721,0.12375554058324525
3.595181190162022,80.21797585597892,0.4161693770194138
3.6299034338412164,98.57845729345057,0.11597665226180083
3.581931205271748,99.66401340878504,0.07532213584340507
3.4520561037026947,93.97093924724966,-0.007653260960990432
3.4110108346333434,101.2909934948418,0.07787572073739388
3.85479398418566,114.9100820635309,-0.05484686824308858
3.695360901135694,87.84061463625349,0.11457535957394173
3.679870453057529,116.25390504454441,0.09088288543194449
3.7359205850630843,98.90036425163753,-0.04345017962356029
3.5174060982610627,109.16989349999754,0.10208650809349237
3.5060859090659546,88.93795771129572,0.09498251598949578
3.325900182453694,92.34855344712233,0.13620243138532112
3.1520505902003833,95.41573196133061,0.17662255617825792
3.6517092695542397,83.8250615681743,0.024722340649700573
3.790094863260912,100.657827665053,0.13332182214144409
3.5400042283656004,82.43700529380322,0.269524447697312
3.615538811507377,101.86392907916508,0.12592321764371484
3.554931855197642,95.7152088786821,0.06234894074934975
3.7574027440543754,110.50956730395725,0.12056170787431036
3.7466561889052734,120.23547479589516,0.12920238924518268
3.862824940379911,96.82477699966225,0.15503369052090485
3.619238857515646,115.28852208879141,-0.025828988128968087
3.516372057497563,74.8017387112608,0.1225946238419493
3.4701627363599874,84.73270212991525,0.17727809123876803
3.492301312963352,82.76030666358595,0.18599044261590045
3.554874426810315,85.8488674203574,0.16002976852430972
3.754928444359977,81.51999868637776,0.11276206496527177
3.4177712801010403,96.2828911864128,0.09829935238915637
3.5625027088920693,99.07947221520489,0.10195767055701502
3.762413047936724,80.03413348861507,0.025412982842532527
3.6160280638719846,86.2056054102913,0.019857570459767226
3.2998011308941666,101.51710280503711,0.042818792419167515
3.721427022357199,101.60741556101362,-0.018094852828597654
3.6131389461104284,77.261645607162,0.28092641491190345
4.060219983022493,104.5174560578033,0.2897413614968058
3.394737059953342,87.59251822440524,0.1212450258025918
3.824846752085464,80.90320024695433,0.22295205694355058
3.7134243499199497,81.57790928897714,0.08778868602217434
3.844062046176022,102.2436054888776,0.20545268504134812
3.830566514575069,96.00490147016372,0.1549048885003181
4.063270854846956,110.89079305682648,0.18685067882764084
3.8255053588622174,116.16077032216853,0.23830652358303778
3.9884427002476404,101.25211294116734,-0.04621505788706992
3.9841148913650364,98.24012620532197,0.08573400285533378
3.7172134902632505,79.67718611486477,0.25670618252920274
3.7644980733857736,81.7816054796239,0.09387595167276366
3.681730468551875,85.943204214888,0.0825966397924153
3.457355172560248,97.21838018817236,0.07969852945021526
3.848843790176293,100.40270041335467,0.09141994157784189
3.6522855102865117,107.08312524103431,0.08941408958852816
3.7049152265301686,97.66894584206962,0.05112165276069035
3.674761771466235,101.37841620410968,0.055176121871640456
3.6842960865791405,107.91506241418799,0.15495132284660892
3.527209378943418,96.19363787697765,-0.001493010952845504
3.8722407239299894,77.38270837788136,0.33875618616738157
3.7929273013210176,83.09470119401624,0.04441378682806808
3.572106807165595,75.28242036699727,-0.0904017260651976
3.572106807165595,75.28242036699727,-0.0904017260651976
3.6779187509815015,87.1430912281165,0.06660439536226878
3.704472547556596,87.93124033752261,0.09381845476729396
3.742365738379305,95.1153050330565,0.06851664064108835
3.5098236872157544,114.81719139744015,-0.01828478562665243
3.571541412054192,96.63903686160958,-0.01316206137139961
3.8714890087029916,109.44262095129169,0.11946438713644887
3.6348814354592753,102.1463033519772,0.20568020807626597
3.619996015732726,91.6403223243911,0.4985588239851939
3.482909853807843,95.8778688775933,-0.047356367373161595
4.111657469633858,102.192818993009,0.2675310698380727
3.2159578198423,78.0671035755449,0.3854336048403018
2.982545291373101,69.77361796051242,0.41482326774796113
3.609029704053661,81.43858571251212,0.2631724220700346
3.5126239452818475,78.092848452641,0.14218429454080322
3.3940548343558232,100.70761810556215,0.20512561244940253
3.451150743967237,100.3384693760055,0.1884789669412737
3.4897018419666765,97.94294631176031,0.16595232016857436
3.7192877091170913,116.53787876183847,0.0530144408296462
3.32178782222669,67.44388113197617,0.16066459655581655
3.4407197390581707,88.38807921122732,0.38141115704276357
3.6736145823453774,90.74511072242996,0.130689322311535
3.7589630518557327,92.83166953112162,0.2119236594443029
3.6815102718366717,88.18527243987458,0.11464544578933426
3.9134018579424996,91.38882306241487,0.0013084181772708274
3.793387600271789,78.92719084761809,0.14301803643956595
3.6849374808230313,86.89470867255748,0.04285144549911266
3.616388927065037,83.31552992544165,0.12475343641835229
3.674373506430557,88.57611781863692,0.05819280295208556
3.6288311605753516,79.95573098189153,0.19955503305981362
3.6334969246125115,104.35411782158504,0.32944305741118973
3.7019298899806663,88.32477339168351,0.04657820288730105
3.7404009741218394,120.54670260611444,0.055540233886555504
3.782273987371928,117.72787787902674,0.0690147004990546
3.676953864795568,91.88267033574256,-0.06980771316382677
3.94668867251166,115.01962540039369,0.14869393560877886
3.524175531975922,99.4300888623186,-0.021378591926398918
3.530242220597212,99.01782970924961,-0.021216569333099296
3.5213863585252403,103.62924160572973,0.02867090619102103
3.532867685584661,106.43947806138316,0.045362301497792745
3.6423040437469814,90.34648743232655,0.25522068179031104
3.6892884068638487,102.07405958746196,0.29524725908370225
3.420467699104967,87.81844927395832,0.09195037906730161
3.2741052208519066,82.36776608838375,0.08837396510613729
3.8513044282817464,94.78746178014467,0.1743283340594438
3.646569334209798,85.217175299294,0.07906689057536416
3.8377134965782744,91.34871165401013,-0.005707872578180488
3.545632072216078,94.20753200762469,0.23954891569785686
3.761495222349728,101.5193736175769,0.11556024866078725
3.7951239176028206,100.12742451747539,0.12148630287348355
3.7627912319492283,119.88122316092732,0.1432719220299751
3.5819166348060065,99.73177322746398,0.10369429302887898
3.5425814229773174,95.67704146848438,0.05648415147826538
3.412413167214888,94.08662574367713,0.1951306248041081
3.3527913442646238,95.36070711033182,0.17777980550867853
3.3550001646628353,81.23588609071487,0.03033285557426999
3.327906500830295,85.8674799826245,0.0073563885913092725
3.727348065970512,95.55276561817504,0.37971088632827876
3.8877684553041023,99.55625963381281,0.30514715817202903
3.6891664788536143,96.7718776244741,0.3404826264891112
3.3794119262952855,80.81221676428599,0.17362307981776479
3.429697690897382,83.76591499298435,0.17415971449049805
3.6876852192162977,99.28553613393501,0.2837806648607515
3.508990224389677,99.14251340833799,0.2019576530578016
3.4141254228979467,83.45916384736815,0.1167073002458516
3.2244228365893566,93.35019478327283,0.29009320845137404
3.5498377614170584,86.55289920630524,0.17529582824437903
3.6054069588821553,82.02716996503447,0.1075798055065762
3.5633205908062506,93.97392857767261,0.3435550818809915
3.507203085526007,92.46305791344916,0.03431995106797829
3.767191086092233,95.12780961150433,0.2799913509649925
3.559827948312352,88.20018326253647,0.2523144175999783
3.678886790467927,96.71553943571647,0.1143980512048952
3.4107361507550724,96.17302478954248,0.01541638219228734
3.496777095011522,81.41164326170772,0.195317946236694
3.387757960997806,87.34580537902946,0.24930253798947655
3.3591330849679117,78.46350947707036,0.07536426862361591
4.075953445285857,92.9093721741543,0.12989011666169997
4.013405461762718,82.26750410884338,-0.02593745369993706
3.8497049707602495,83.4229762226676,-0.06772958245695584
3.7643188863009773,71.57174238702922,0.04401783857569316
3.677121284617896,66.29038884724608,0.1786581746494996
3.5652841033541134,63.51406521582446,0.2581338027977764
3.6544239545666284,121.20117801413886,0.09161897116110518
3.6408334600345498,77.19322630703978,0.07387438810136959
3.7831204750923733,104.32393761067145,0.04373893211306063
3.6833299049475885,121.73298062487235,0.046227509970583405
3.759039561339172,86.63659015886337,0.06887715031761249
3.1994372468858296,88.18678894799105,0.15772697804647237
3.099780876212716,87.64287803788987,0.15276894653032255
3.282450239834427,84.56725569274086,0.24467556127995863
3.9172451687109597,67.01615566476764,0.17939999227942605
3.6537914323151646,48.379960638826,0.33236898322330194
3.3545021435336815,56.67978078582246,0.40579994595257646
4.091810728160511,115.19065719223772,-0.11466857498161706
3.457971901522761,102.43347947968005,0.08443739955556456
3.6198170136208137,102.7470939922796,0.02149031012408387
3.727086641096606,89.36833503587013,0.10622468801891129
3.7664434357713508,60.015540390994325,0.13423413385994604
3.528326160468799,102.97109810601998,0.3696975494221959
3.5602045116330148,77.55342080998749,0.13612198126513067
3.4259106971522364,108.24401834741836,0.08179960529904788
3.5656537572378957,95.98981090079515,-0.016173217239534913
3.7407309668040662,113.76853581569252,0.12369554972283141
3.8466531060813516,110.31312526993827,0.04232442219135502
3.639236471856341,112.15263937960626,0.058121589171159366
3.6286735754557333,113.3103472645345,0.07460302210386847
4.030319747811337,118.16493260443504,-0.18043277335831048
4.083381792366376,111.57851868325584,-0.18859075896256738
4.021994433237498,109.82811313516619,-0.12756589100656554
3.4631502992381957,69.75346083145797,0.22428428003737644
3.8433131248459853,97.92998686353009,0.13128666821723273
3.9039942978721216,94.01286851436251,-0.14642168288083313
3.9025427341228967,93.97389577402384,-0.1577482853174332
3.885731085570848,92.23081412774444,-0.16190482936302414
3.8430126683257093,83.20923040107479,0.06639492158720775
3.957221078170423,73.65321629189434,-0.06289751501967897
3.4125016350017807,83.54438995593662,0.03154302139350455
3.5666218863135226,82.64546377976285,0.09598088766953121
3.600869635168869,87.43975873717832,0.1348288222954998
3.7779899981972984,83.41276153134315,0.1108792083436744
3.8629473198199142,84.34985948834158,0.17028131143895192
3.8355935093054505,108.76720424291301,0.23713452347286587
3.737319107653903,105.68279547733235,0.06436986824334003
3.608783639729878,115.6947950032897,0.031151385848741886
3.8043838599883135,95.97366293374684,0.04332102017826415
3.982861437099585,76.30261806553334,0.18876058580353705
3.9011071514093243,78.91832956063531,0.05580944446409267
3.8377832858041434,89.24332969095292,0.26308458996791323
3.3977634954061897,80.49207343744949,0.2261524210917894
3.7930276348956227,120.01599515958881,0.1383629397156885
4.006464134154987,121.22477947522573,0.16233619785454081
3.85883551332805,90.00273365786367,0.4910234963192921
3.890245428183548,98.96501564177011,0.35249926777829504
3.6919687550401794,104.88796783789827,0.2821980164792004
3.8088238232010236,95.57562860343731,0.2689060590506329
3.753663275364413,105.68161436755847,0.2566965579209212
3.628438526624492,95.52091816708203,0.18530260153750067
3.5241496822174097,85.32982014257699,0.10061683626008568
3.5502577160410715,86.07574920778724,0.1966133728812389
3.8686993450198823,121.71064089184867,0.06988439765071267
3.3122470225370297,79.56677358747748,0.15806280189539026
3.303605444784764,77.55211112249148,0.11293095692612946
3.421285463275218,76.0962113401156,0.2229699233408689
3.3669626539608286,79.69901998858668,0.2471478143122713
3.3914368584515193,85.50347156844292,0.28472673646894264
3.6347199600435935,93.35584123627675,0.3274687118003037
3.6855589665143955,85.21919310084351,0.32431593761137184
3.7070412100049865,71.6658810628612,0.4303051468660247
3.4828271169245375,93.44094360937142,0.44473988801793607
3.4828271169245375,93.44094360937142,0.44473988801793607
3.4326171092278424,75.14830856298862,0.22223352678524483
3.4255146321554184,79.19931445811001,0.3895147670559434
3.759818713435686,104.94637740148531,0.09474222708832357
3.852501217385279,65.61792873103599,-0.010494475953833599
3.929287061802932,77.60449568272702,-0.05955550251762173
3.9173841737002717,75.52391779284183,0.004523717159102592
3.9145864498644847,76.07597711304149,0.01062582862732572
3.903789221033308,52.69019957030703,0.13862649841637803
3.73609370096457,75.5281125965541,0.05643446264294439
3.708315185159591,94.32626642730736,0.1488504870892863
3.6659084111367304,94.41258146446158,0.11077293275441766
3.990518040589033,123.96791479219276,0.1759292227437519
3.5495780666669416,98.19437997652857,-0.07420533055606869
3.4238369323681153,112.21834936092583,-0.05686229946202358
3.3406269636687624,113.3429053118606,-0.02191018062736295
3.577889603804374,82.30004341758769,0.15211223669089005
3.6668885239091957,97.04958861625542,0.08242782207370662
3.696610205361018,101.08989129024346,0.07332504164051712
3.663565652547106,75.96783924872784,0.08563401938317011
3.6099812936854057,81.4627320012137,0.22497248537465556
3.549035859266852,82.34287463065364,0.20510279195724224
3.522876930906063,112.11189167444417,-0.006557375996606069
3.477938796146266,117.09779948083997,0.01642862412798538
3.4775533469248785,111.76974239448896,-0.040494042821658596
3.685049924048687,101.39919766937636,0.07032198344968726
3.252285359943482,85.62236612763887,0.2111599558839482
3.8326528286735413,96.90457609337072,0.23356622977454825
3.7139237819722983,114.08264415524606,-0.010022134625324334
3.6669903032862505,112.0930972068327,-0.0656607416074407
3.824703563864258,91.69864104820232,0.024507224246973273
3.474771255877891,84.20976056223004,0.22978445075922085
3.657599252045164,101.55155175640058,0.1619526002819348
3.448030460688118,87.86776489019698,0.22058644802055313
3.5964780406872086,95.96613740898931,0.017403360748554253
3.9641222193880914,77.79649135089396,0.0017180860424384971
3.7668127350724414,83.78631522891949,-0.03962927762765935
3.797002128395583,89.22070214319943,0.12368775947804138
3.5943047816363904,91.20635552727813,0.44859031224405305
3.6922596368085485,88.22267148841769,0.4781789521323902
3.8511711335226666,93.49901282095963,0.39783018965516226
3.379005580891137,86.25295402516649,-0.04340650421042881
3.4896742935402227,97.08852073259509,0.07326657087323563
3.5607128597370346,95.25771831709898,0.045951644479765685
3.494098163014227,97.94462992126473,0.02847089117464102
3.3845523395575148,89.09453559223968,0.142192930101051
3.512310106761668,86.57295497195386,0.3426152595015216
3.5977822320949584,99.02429447370137,0.009282554986617685
4.15932213440514,118.54080221228257,-0.07547560292926395
3.237049157045693,90.31202675993929,0.17602733612405683
3.8576279140989986,117.09336410067807,0.10626901757111216
3.728932096866751,96.35356430350295,0.09016227674373908
3.5611695928964746,99.25135428889584,0.13851524343052507
3.6328482975992857,95.87059760501933,0.15358270733428844
3.6527437281019988,95.30860042928427,0.12366679610090206
3.7045642572700963,110.47603110594027,-0.02581783874369254
3.3772941023991105,82.7022135275253,0.33060049232182387
3.741684110326365,90.8019497171667,0.3326125564865513
3.607644912510041,96.77871169056344,0.3982926321115994
3.8877612092485534,83.73183313961454,0.41834840255999645
3.6724214902788277,87.61916934866932,0.3386262386605058
3.5765380852562285,100.53772257884596,0.14002857144922518
3.4373806376873235,95.08002723872622,0.2221913748449392
3.701274590463653,98.43289083202906,0.0001212294356276932
3.632867617868026,96.44061511734364,0.13903549205854543
3.581833301603299,88.3291777389323,0.24006566526174244
3.612162427312025,82.72027908406832,0.21758298621358207
3.5234430620618085,93.08366759998599,0.27032509352537976
3.577225901843561,94.71249845747494,0.034075284056498435
3.4314022880805983,106.04277925950983,0.07764924132108941
3.7632531522652224,95.49277583669493,0.07763378724945283
3.631726874149278,85.2681535601996,0.20043701436307954
3.650167521335266,104.25649147314527,0.18539652462514947
3.6931893826174043,89.87545730369241,0.20953829257139486
3.415176286226069,85.72032730801955,0.1805213416255335
3.4997977338545545,105.83089316689629,0.14019533882871144
3.5215273576908004,99.70490219119067,0.09415337137895499
3.4443259931936234,84.07966748257624,0.3891572484833004
3.581345846189484,90.34000645846506,0.2628773285201841
4.004410365523563,103.70454981586867,0.20463757218528636
3.724504719291664,123.38293314203447,0.08844189945553735
3.7264003762610227,113.47777908626111,0.1160793900801363
3.7928458173354747,109.33734176740315,0.10255734771466145
3.897348728113531,102.38482516222828,0.23680838448204997
3.8304941028948734,106.38293600040038,0.19226342469813887
3.4874399364113984,99.7022843318329,0.03815321972918208
3.3949097577068406,80.60352934472749,0.208480238648252
3.249032572461053,88.2842843542801,0.09802628720720542
3.5847150980086617,78.85420270542913,0.17411572710122525
3.9555168868479074,94.41064135109039,0.1000612840006952
3.9036225981451045,111.63931532673394,0.17871134537976055
3.8149360735514715,118.14559413535707,0.22173205710044339
3.719331739985314,95.90684554015596,0.27076927326528866
3.595720730747103,90.20993918339832,0.1862843162458199
3.6174499906757975,64.31061412544945,0.04527405858441193
4.264806642297172,73.12182353684408,0.1711983933585179
4.1111481468266176,77.30137957307788,0.18520743759137162
3.7408953964013545,64.06684948452938,0.10575394006838623
3.8598265525594226,60.60383958069401,0.11568424418809567
3.8220476233499063,60.434883340687186,0.27606867397489276
3.901215755385885,99.3926026961294,0.27143753371326845
3.8849120350412805,99.77245216646108,0.2621983715047118
4.057884715400168,118.19444846429391,0.5105434776759
3.742365056487216,100.52439302676568,-0.01164970845262084
3.7331570437998227,102.1441126499669,0.0027225381300192953
3.885330506242923,122.70461985554334,0.10154319781660857
3.837648902822612,115.56691624122027,0.050173628564663585
3.847448602457236,101.82568877579997,0.013619853109434992
3.5379762418544494,101.40091132654082,0.08995731079095436
3.8446894427451834,93.26038344516503,0.2018345875937388
3.8469982634440383,99.43648852535728,0.24302773107673453
3.8907218009571247,110.56118176251917,0.2780438592820541
3.8978342243194657,108.52477150742371,0.27327295176387484
3.937902178955149,112.78857802347505,0.27962498201605823
3.7215267586891105,90.92159474282549,0.4259128112327815
3.696981919069926,112.69043136055322,-0.04790526605718945
3.8676087109153676,125.7070637381407,-0.09190000248949423
3.5275285257811517,95.59051666004464,0.116352531153078
3.81073306449582,94.938979703934,0.050534738308874824
3.479771597826478,102.36392127317231,0.2681233019752231
3.447664674776825,101.70646369483703,0.169711892270613
3.5639681183453558,86.88106325271971,0.3287571507735704
3.9311021890342306,101.28755779999808,0.12228200177049003
3.313209528827023,86.28795113219621,0.028538414933228833
3.6086423672788768,110.0180375026679,0.11498172076699878
3.495275415670867,90.30478188439999,0.03404200902917558
3.774269466148262,109.20378006142049,0.16427622682781748
3.769340972199607,104.53675390071598,0.1458355458866946
3.4633390830580204,99.64876009723879,0.053363846349515
3.4309313001365696,113.12185786065683,0.06387295612069302
3.893759442640215,105.23008196678482,-0.10665890443293154
3.699899956115698,97.06033222776419,0.29481685345765646
3.4460231784172226,92.03419659285522,0.30329732237222085
3.857777390373394,70.5133218758796,-0.0017788177733960937
3.871561626821497,58.61060486422691,0.16741750977569395
3.6833436843025305,115.52190158983315,0.06390433391556674
3.533381388728683,100.81906653379397,-0.017230624721193754
4.029270584417659,84.43029687825205,0.1517056033066195
3.9502213977365983,83.46685958455052,0.1669000770200746
3.9604696873158995,93.17943736755143,0.04529674452805366
3.848342422718125,107.88487737235877,0.37386227821070755
3.9447419770700725,112.49165002411247,0.2906762258819679
3.6253480471127575,100.11801082654847,0.07935659707634841
3.493988254945419,96.60382060426845,0.22789641838828315
3.362041661927178,72.5470305747594,0.2305231255668177
3.840879397570861,109.2501432196392,0.356158816684252
3.916065612460361,113.50052534748914,0.2326641078120061
3.7869849303274044,96.89087234708005,0.34645807762408126
3.576067348555401,87.55851679502383,0.07409361079402893
3.471715852827273,78.17584269447725,0.18800773686345398
3.707257694709891,86.64563452623756,0.13068125299047026
3.292129320747434,86.3608971727671,0.3199798558760006
3.4904658003983977,89.73932028229892,0.3183726707481148
3.675867739967498,83.51603777325187,0.09983758376514326
3.6730877932513226,93.09116438729843,0.3244279012899073
3.3537779504451053,77.32756586437115,0.33017127675677643
3.5277538477762174,101.31679845798153,0.18826757001129593
3.687075122122607,92.01065575361332,0.2645539209406512
3.3751699059619296,94.73953368790535,0.12437647929921992
3.970862519252172,114.52628508159077,-0.002813332081947887
4.037405438982157,108.96487727124759,-0.02273514400174852
3.474620589140256,79.93942549283338,0.09748574371217789
3.945238825076846,84.91379226246103,0.20672407205902102
3.6205536845657798,107.90114466698991,0.15025864549231327
3.6381998629458074,101.99909883558536,0.04440804664453606
3.6177528791228277,99.52170328451514,0.07931833834162257
3.5415514988870758,83.84744477247982,0.24807178332319527
3.515813067874066,105.99568127038066,0.04260219210984734
3.546638236579721,106.67234485673896,0.08369754650540198
3.7846486843899436,97.15253819716104,0.15900406582706988
3.4299113609988314,81.56063792943758,0.23000351460035026
3.5662073891281114,97.53341549777787,0.23860631900764495
3.56718797933528,97.33233885589881,0.21677420443170492
3.673445546280631,92.09895669061805,-0.06842914537186996
3.9251857838309365,125.63880300627731,0.24731731584412855
3.963380921338829,129.320670481472,0.2509600797030558
3.7851659327959086,89.31222572542367,0.19368113292003364
4.069083007013922,84.50991169990037,0.17701748940781412
3.956365984755937,80.04410077360137,-0.017497323280440655
3.746661125467728,65.83620768840893,0.16205967646890318
4.102543861311365,82.81044339872477,-0.10724033261585611
3.969911768983061,88.97752660444806,-0.10340128824009186
3.7300766850391143,94.11809731668593,0.21012551328914864
3.645223036272499,100.54153561347853,0.14736009342092432
3.7419407474257107,102.79535918485162,0.1334256783974473
3.3510828620896764,83.38638193671402,0.17267042429251891
3.428752889144361,84.44215525110171,0.30309351350121466
3.6659193615784655,110.59689248776753,-0.018085705805393534
3.9622890567105498,119.91896315733882,0.14362522066899114
3.6110975880784872,99.04521924230943,-0.05625779362358288
3.7403311752050414,99.0806534011292,0.28856968269138644
3.71235913780384,89.86295516567185,0.4002387222522937
3.6247538859282313,94.20266539516194,0.40154135501604954
3.718463740197215,99.98067714998045,0.23851248641335096
3.7598689636266185,93.72010388909665,0.14235313436492364
3.9052494294905618,109.32498114190935,-0.016227770771170606
3.60049827034548,92.56217311820163,0.13187237082155662
3.567233040976977,92.35918883434094,0.1567468804793738
3.870271634549038,118.11396707413721,0.07756149912677365
3.498199833004587,80.19521390198943,0.16268836882912363
3.7109570639981597,113.52015009201226,-0.03747329203158714
3.72978320770705,83.09014182714283,0.159916587664535
3.853544252893842,69.35123875320132,0.4373225406716112
3.7309647162979216,80.07681747196506,0.30908550235023846
3.648421600806347,85.25973894790896,0.18794820926162548
3.6162192355808367,84.17047687524828,0.05076246828643977
3.6299567174929366,87.20688254592099,0.07768851241026609
3.722321442728229,84.10998700783522,0.06521819358660062
3.5094900538127844,98.24828711406843,0.10635582512210279
3.654160978157063,108.21327248366437,-0.015681489584333984
3.701699510250788,80.90844417951557,0.17561642197121455
3.2515476985473835,78.90243358606844,0.12643651205661613
3.639559414998995,97.580296944044,0.1584310595420771
4.013197960192737,115.89552040695672,-0.0020865080689396235
3.6608613589951298,103.06469669189812,0.18389012093761684
3.570586991106436,96.77125614208119,0.03452016654134144
3.4324120801752107,72.26840814689385,0.3628660424359017
3.993961904782599,101.3502720790582,0.25574881973119573
3.95179986426582,115.97217892299263,0.3700593985194174
3.6433771704272933,86.46000209193639,0.2971563003877054
3.533639866692923,91.62628032802941,0.2307123474079251
3.2331662458310135,89.9936654518962,0.14818116734744788
3.2099401246555916,92.20172806741817,0.16021733407189706
4.049298647227664,83.9543157317571,0.12579565664426623
3.596652376778499,94.56952430040215,0.04210724661978001
3.677419295276868,92.3909392381088,0.05274054857167178
3.6489521408857124,103.87193556128851,0.014414854959967045
3.806151745425702,89.73348248287674,0.0085518885608106
3.7351361554258733,114.41478045941604,0.03689129851826199
3.557118282056849,91.63266483039568,0.05732939049842907
3.5436901439810997,114.95922368730044,-0.021441348787559635
3.6158043415449397,111.50933165827232,-0.004768656273395588
3.5302424715473495,83.44070611428221,0.29496441203193513
3.601888269948378,88.93595688503862,0.23348204232829914
3.3134524892952317,87.94531959238967,0.07409664182635732
3.606163740656793,82.69136525301442,0.26684284981572165
3.7927348412543638,98.78355873254591,-0.052719939404993824
3.720808759375135,117.7517143982631,0.09701160694784594
3.737583809001657,87.63190214627659,0.08281023991269762
3.7184646343540093,85.4526708324458,0.08662267169569077
3.660780473323258,78.73459596182903,0.08186209672940799
3.6811855963866322,79.88483960662587,0.2251422605774961
3.3446711481806846,91.03051658704815,0.22292447588735043
3.7607166896146165,90.92589056538272,0.14599694331793575
3.350451009026272,94.09278930800278,0.23243221930855282
3.3878752318633105,92.15514700356482,0.24687528961470032
3.3669100156091867,96.20005409815315,0.24461574331782182
4.230636058742475,115.88327289464456,-0.12215379362675743
4.2455015779009955,112.2452396478566,-0.12955247468993386
4.224951867952039,111.84100855730533,-0.07527157375602357
3.2403941063007062,86.78600963382006,0.3967289199154004
3.2627220215321775,86.41308969960606,0.37712593261689287
3.3191929176602213,80.8928797677992,0.3525063777927382
3.9601733912399006,101.45661384980204,0.30514155636749285
3.583809240749647,87.80813452122823,0.5428969418216587
3.9217259624181438,82.55248295572973,0.5304260928810558
4.004915285835243,81.98470861248957,0.574171479882849
3.8284233093876834,81.77530402171135,0.44082025367491356
3.6759529957457135,77.12298099348436,0.1355204225372855
3.6602565466417567,79.5114836371887,0.18404784345458466
3.6302433810565584,80.64097445939777,0.27765545906408723
3.3415893560778835,79.94502671899409,0.5498189377936493
3.3325420185345123,81.32774301192597,0.5634014047419349
3.4326320402393473,71.90542137546092,0.3665862154773173
3.3390571727968386,69.6444731438095,0.3194802994836102
3.675289218620453,86.22769533361654,0.2416014869687799
3.464438619059651,102.94372162934796,0.036188381677029556
3.57441983343893,102.3099910308258,0.006875367594128039
3.6250435599118402,92.29615264548089,0.2390944335464852
3.485767944367856,87.87587850417012,0.2730156354863863
3.5424936366417827,93.57811203076307,0.25587255021427574
3.805933988889235,106.94136109134224,-0.11684036119288427
3.7711946735685586,104.83541622333746,0.3126247496236462
3.6796964767499873,99.65731818351226,0.3888655496895819
3.5533431021033945,78.06888319033337,-0.04748056565616277
3.5776055770250514,69.0123035072713,0.16567639099022508
3.631751059957058,67.36248848862823,0.310901057194243
3.5739501134973333,110.40339470395497,0.2070281031383788
3.7010117019646036,85.55295973603597,-0.08513730387907312
3.7010117019646036,85.55295973603597,-0.08513730387907312
3.75621377287525,95.64311404171883,0.012770862803563227
3.851394977193513,78.78801632307507,0.11326446371173564
3.611450862542205,74.54431921667728,0.2627338590747423
3.7958548191548442,70.71864454434612,0.07735206032387412
3.8270294334241153,71.66652023044115,0.057935264327891825
3.746794841642216,66.98299450393611,0.09485145288809468
4.0181060765191425,115.58111269667167,-0.13145243742331025
3.7091876643678834,109.36255153221309,-0.09487519078937523
3.533604761815344,100.21646244330196,0.2458925964667607
3.5722482815288283,88.27034200458758,0.054307043667167106
3.933187853622178,81.57969186900405,0.13838506917099164
3.9519488368687408,81.76305293393078,0.19771800006216309
3.4430417924853582,85.12386578977248,0.16326122061362172
3.5204302968348453,94.63710683986336,0.2505429351644572
3.837235591513262,88.35177054019115,0.35741874969005744
3.8518601679339115,94.83484105422936,0.30718827809343713
3.6157710804591794,108.52669974582136,0.1127007179759328
3.6953990979962015,118.87983111188713,-0.01730842093851222
3.764751150027319,75.98657764283922,0.15907527489836498
3.4616509266209006,73.12272814328306,0.33854949274634777
3.354784915637387,83.87011952882935,0.2893796893135986
3.778744192520436,107.18737872921515,0.1240335612585362
3.786884946360475,128.37116916600175,0.06630220095747237
4.056931836850376,95.48575474757361,-0.10044943771496521
3.86646844937296,97.40258643755338,-0.026697293970162406
3.6415885668466426,104.1172744530076,0.10572029268848633
3.6974994741256633,82.40637342875044,0.10685280607197999
3.9451439250765756,75.02060904711512,0.2812590437440863
3.8138117680884007,94.31398564944134,0.22219311704864994
3.8729960296662,85.1589855920526,0.21383353051826248
3.793397271546467,91.81465932514952,0.11819624979384216
3.778947993624632,89.82743790210615,0.09095123637445562
3.8357407680767754,88.3343866015774,0.17694756562911473
3.5251417063902526,101.65581340078741,0.23619134102272002
3.564900491949193,94.01847537269096,0.10706477050809557
3.3185748286918355,89.90037291880434,0.14699450595199404
3.6263794476010456,77.10276081939016,0.2922986326880198
3.259112118908874,96.68205831473867,0.08994003968272477
3.6244282296176493,99.47445557611827,0.25326651483274903
3.507231969759959,96.26862940476038,0.16637274956581846
3.3038372821779407,88.55021693843769,0.18831523234760245
3.887100005243474,114.15232789467248,0.04466700913004624
3.9228818987709393,108.59600644131923,0.0915661791632954
3.4369313521886142,97.54315856962498,0.10996296721199335
3.7474029911134443,109.51141414487748,0.16246132309373637
3.6810926200140544,101.30460020179781,0.06087919863802065
3.5817193311258073,90.78931986179957,-0.03681950466945949
3.6807901187203473,126.70822532665949,-0.014906977844153037
3.461934838081737,92.34445228680447,0.019007532196700327
3.745936653579515,106.53372646293931,0.17707035747197164
3.546437814494238,85.75847377324807,0.40554754662077575
3.6073364345684467,95.04272714806771,0.37376154520377985
3.7369090167410155,68.20966309828304,-0.0005300331623799868
4.010040699259455,80.93939263470773,0.0482562145488646
4.0543615391434304,80.55787589719405,-0.10628325578265141
3.5841806594256114,124.8505521465451,0.0864937708909244
3.5126187513900984,76.60815681180335,0.021332283727143745
3.609007302700656,79.14487083017667,0.16187822861086507
3.42574188392934,66.46247799496614,0.22829505136165557
3.8260393377476043,126.43903491754264,0.17347150364653308
3.780412003352905,116.28303737201401,0.12449047703940062
3.716481406625704,77.47995260346293,0.01406193368127588
3.6355840468970113,66.66788225598184,0.13262114493639104
3.477170288437977,90.36310851926793,0.3928933853600095
3.7745145933462836,92.97450694784386,0.17958086441946639
3.650305465545446,95.9308146525942,0.40592771013041384
3.620082248017811,94.79252440808354,0.06855969746301217
3.5494338347269894,93.28882234034951,0.1827937018608466
3.6508686999920754,97.92356051544978,0.0884533675470376
3.685118900604584,94.5344572941359,0.1179778131388785
3.511427858474327,97.05753311025198,0.2669740835092899
3.5869847211479087,101.91159356419365,0.13269743961718666
3.828852430793245,89.1226649428243,0.009940741676843034
3.6493843817915144,70.08407576327157,0.11011298595848147
3.5630225801786977,71.48116838284515,0.03452759843405443
3.868450021175212,95.62779368824494,0.21711766349296197
3.9337165771513036,100.3202603977222,0.24375939995662635
4.0361637357096285,105.87411274663461,0.249726300470613
3.681585312019157,84.30225290055789,0.11676188111246996
3.8002213492311783,92.58858491793612,0.021370362061574368
3.806983825803504,87.2802584418869,0.044283560939767264
3.7585512252926474,106.35638667594134,0.3278649112316659
3.644503920054675,97.49047139362234,0.33387900402008985
3.9251967586624246,117.82831614002859,0.19844198834039692
3.5095650465778814,87.9781756837559,0.24590145217254736
3.6941846348962146,97.98001722687569,-0.03882094835400468
3.57443983878707,82.61749554092903,0.08323857381764128
3.5008317396975377,92.78807916638091,0.17094730660920368
3.509173257305609,95.25468806368792,0.17326399262502756
3.6187339390933193,95.43675257969166,0.02448520834693995
3.5344597841809393,109.71701494086142,-0.04808113819051583
3.496893710660796,92.99656193566246,0.14288244159578883
3.777513759552762,104.80545408422405,-0.0054287348434353
3.499449630773414,79.36100719548566,0.2529415533511399
3.4157173427965586,86.69315269667516,0.23439383447685952
3.459470771063521,77.28750253153929,0.06451929030100197
3.407023004413775,81.58110942301393,0.16203757419648138
3.6807504667274564,91.16172212374505,0.09246640924353286
3.570139865979846,95.50584289207379,0.0616550987894375
3.502387252574973,99.3181395586483,0.12043101802425449
3.391587895099842,81.86259790467584,0.24681457587571098
3.7655224259169704,119.68864452880915,0.006139312275624628
3.7668498476203345,120.35091058391002,-0.004032302535028755
3.7778094870563956,88.53796601384086,0.11052636929665713
3.8224568280019535,84.56820640318931,-0.014516000339071276
3.836389488163797,96.00337670904307,-0.035765529192354525
3.808351452447422,93.7637165877354,0.07449275131202662
4.027779577323939,94.3241548465641,0.09952306490982081
3.727904363755926,127.00236538794587,-0.06913528668687273
3.8391348270166983,104.35627636855875,-0.08617705245782468
3.50432611300227,85.74717080649759,0.25753801360172146
3.2774705294366493,84.18718327215699,0.29784620514571947
3.771682263974354,86.2116699576053,0.18993447313483172
3.795368063663739,91.42712660745941,0.2538435836042083
3.5630648661641744,78.7976256673207,0.27373822243026286
3.5496503166513493,98.43572575656137,0.033648995258509576
3.6237094141299533,111.51949011562137,0.008881429277968079
3.725164109668664,84.3154709881338,0.16672301074720525
3.7102101874702624,75.9577956821638,0.24811006932707907
3.6914791163836917,76.94624341860523,0.31722169703931075
3.7446484916230576,126.78722932320194,0.18770293977783112
3.883733253233532,124.4350189421976,0.16536892640836862
3.8570853875443163,105.91267660727594,0.046002599131840315
3.45877754136386,86.7542034587139,0.10755163948956437
3.9210094689535873,127.70956724285425,0.12160561671704945
3.830644438126958,111.38003340594803,0.10539899604418407
3.896776954575521,129.89243366002387,0.019721286886450848
3.8618961426055014,128.55153824911164,0.043850633248924104
3.9397644182775986,127.71573286947063,-0.0008257327282591928
3.9078898827319986,125.4475866013787,0.021735456325904075
3.1803544784974735,77.0141639861375,0.3907188494217575
3.5191618502755087,94.51515081207168,0.0536459354362893
3.7384117737284783,77.60302666802194,0.342226038527365
4.021947218299478,73.38078513573383,0.18750085830171678
4.055345239382112,53.101716239477675,-0.0965383796098414
3.79625137646439,61.34270264170821,0.17651974397311893
3.575733546125799,104.8787343179928,0.049491106568978364
3.945949393721942,111.16880740983446,0.07976508365187067
3.5418963728229063,98.09817795463368,0.12212413637037434
4.095883761406106,101.9394310401216,0.06793733723693533
3.839410375112351,110.40529251485496,0.1756974686972589
3.6530834831536922,103.63382265859212,-0.027421278645668238
3.674070128902314,98.25027612160531,0.009567044905061349
3.711364424712195,107.2415284083991,-0.08411321146490519
3.7708334119786913,107.26756584688984,-0.03326856040294125
3.915313960147132,125.98195176425871,0.2197588609227393
3.5765115446034463,79.34051670994864,0.320020098477144
3.6241994855561623,79.14585345837503,0.37258642962692956
3.811078770210092,129.00118335081322,-0.0343462844625775
3.638962528378953,90.18943405577478,0.03142449982365145
3.561280042790054,105.87947560384703,0.09745411341923067
3.4934985867525445,95.79190410441865,0.013823147694540525
3.49414712464253,101.15454201241567,0.05239483195392307
3.565863123666768,102.05905798931332,0.027458667653735103
3.61725304870065,87.62112648238106,0.2508239573486244
3.684628617181856,93.07327871485316,0.3091122379036273
4.138665654896116,93.46722446330865,-0.13924643455869098
3.2770758535379545,97.51338742490883,0.09384449852725647
3.3240251179445877,98.4386783890538,0.08117779903417799
3.9225956168729685,82.6872478152382,0.1930915717910475
3.9486240449112056,94.57684660512503,0.20714665703358193
3.4242273794540496,91.46313817371708,0.212071928006873
3.412366471414924,92.4103442906336,0.24212510479006702
4.015140402774306,121.77036359772423,-0.10244589066533354
3.8805149174573756,116.81679996762058,-0.016069686610965386
3.834444905935347,102.01892242031948,-0.04801965327674307
3.769269737497142,96.7620346095732,0.06937000216394276
3.9319425304952604,111.3476804587868,0.2455682470520788
3.639367081907596,95.73242196455696,0.2825673885454973
3.6139731067120167,101.75570354497762,0.2965107101639954
3.814451184743845,92.94318797740806,0.2719349140029494
3.6409817070326227,108.22026634709175,0.13866493125402893
3.5401657794748798,94.25289928424729,0.19289315628647183
3.7390654403627335,94.97678917091513,0.04356680643743782
3.5402505818449956,115.80962030971772,-0.024789902315463835
3.580868739361468,89.83205549761081,0.1026737969569271
3.4528093685149237,80.17622875285956,0.2512906697813583
3.844992666690295,115.72435908115418,0.24964315715344132
3.575863534308474,68.30003802801141,0.010026772764754497
4.164678947031761,79.11837112859618,0.09555253582752254
3.7349850014019235,88.04642903548523,0.19217499013307418
3.922154481153302,84.16352351576994,0.03210841013035386
3.4356911487056427,87.72948450791596,0.027517932712932538
3.5782934263204482,95.25626907177914,0.27821766540617787
3.6196209767733274,100.62137184814267,0.057864057673299954
3.7096495527797315,106.49439060870945,0.09132626370256106
3.5638730438020088,104.36831622266808,0.10798191705761537
3.5462442967206838,102.78556987300657,0.03697157862702746
3.545731475035072,99.46425344053516,-0.014246931730481908
3.6200621324014963,95.8750996056324,0.1860719291928641
3.753450137067507,106.73275299945496,0.3080593869436986
3.5936489244611245,81.13620777950486,0.41742774496622365
3.587586964062997,77.92325106642419,0.3945216631941053
3.5257082943896854,85.31647691445289,0.1927258071451719
3.7154697741603537,79.39405127526048,0.17915982044916667
3.4235767167602966,82.31759312055016,0.01393792744921295
3.496013383753044,77.27098122087695,0.04450648564548498
3.448085331819093,105.08824357341643,0.2182545502548919
3.5114513978407005,95.7807409969163,0.1664626069426529
4.017668605663671,94.84821109014405,-0.04159350534686591
3.9024262609353597,91.62295065148982,-0.18185687984434099
3.9193938421509413,89.96865364144625,-0.14620052074412385
4.1218322378012076,89.04111961506956,-0.15479317329498302
3.6562195289849644,111.46740123724976,0.12428511820314785
3.6665961254383452,101.25312635544257,0.29308428803715375
3.4111271250908386,94.3679688484336,0.09515855281138792
3.5261368088800467,99.28562419133657,0.08134737884290565
3.4030031500856937,101.21829755106533,0.0561349968728047
3.4282052576353172,103.57492882768709,0.12099927097599594
3.6103658924136073,76.96021934220958,0.3455972219508526
3.6454885697663544,72.3783653885766,0.36976792964263894
3.7359706202892458,73.68785704574236,0.5010052808758283
3.7745031801177054,76.84345362182759,0.4621109557470583
3.6002354724908026,94.17446879971234,0.5242335883911086
3.7115401228282305,124.96981164877258,0.11004945787858521
3.9279756887374186,85.34596727877066,0.05050742712758657
3.461225056203584,84.6618966146061,0.024536305139149003
3.5145190244247777,80.6716444835841,0.0818855344995586
3.5770082627167143,85.96004207419308,-0.005225762895252859
3.483565466161426,106.19142166509083,-0.030282014509387563
3.514252698570511,88.79053869546256,0.1801156574370377
3.6646831791357584,87.2273534815475,0.13908217404302453
3.6266839172839433,98.12648055661623,0.19518288422144167
3.667180910988795,100.85238598892465,0.2859738831420387
3.8061016916657873,108.05501173376689,0.15995199193294232
3.8628628615680394,93.7786520629747,-0.03812091413847665
3.856675712539915,98.314313692802,0.01449536542301745
3.7136519222373927,84.63802602179254,0.21456154906986472
3.7254023748676945,92.52239913890453,0.1743321332734356
3.445025503426096,88.36517937614595,0.14782705308890257
3.1491098170408582,71.46581353550782,0.22820336946794995
4.303489964592289,115.0482000474126,-0.1204978118190415
3.4144989974164286,84.62613180265176,0.1312973214896651
3.5998600241472363,91.25474102066569,0.282058099179126
3.612294380030302,87.75742358532592,0.2698334335891436
3.666097427660134,91.94752088134663,0.3144257226420775
3.624569852159885,83.39957340911897,0.3611093377213241
3.5617616516424677,90.21693069785627,0.08707163834689101
3.470924524711251,94.94358086984751,0.241427821501846
3.9524693223539495,104.82269836505073,-0.08731056140751511
3.612250654346095,112.88116894933009,0.07101529339458632
3.493523526438123,106.21513765903255,-0.07293356469981713
3.567432454877423,100.1382831640145,-0.04181765217775796
3.608602029528066,99.44117748271513,-0.024414119802957907
3.6427869801230077,103.12021103648404,0.037205105903329067
3.508989974903007,91.61619547949599,0.11118675730577521
3.443280742667661,95.8289005297627,0.2428706197669591
3.6580983588157188,97.66289168384361,0.3528657889354253
3.631289871039264,99.49578800508048,0.3141652961601908
3.5856580090871573,94.5871073969205,0.18960897741217125
3.5916699709365254,97.81568020927676,0.22412892305918536
3.557390715939296,99.98819927430938,0.16916436536265606
3.7824782146580196,94.36057707125815,0.09833597027782442
3.629045867231219,89.05039647003566,0.062023151137684106
3.766005471687185,88.53240193622007,-0.004987589938608853
3.6661226885568294,85.61200219150169,0.040389521208793445
3.5308101260365814,97.25838697828878,0.19119224841885987
3.51595843622176,100.7174094995921,0.21954392421112254
3.6291788591481478,88.87300569829087,0.2645608214699436
3.3686676212227895,87.05897020698937,0.05157761594651472
3.808770481434701,112.16790004021556,0.3136372892487551
3.9271522382529143,102.64450603961649,0.31353136116264246
3.562780099756776,95.52808940332436,0.18003404606457715
3.6804645267956353,88.47947099440684,0.2278313204408015
3.66042667019814,107.18830109393694,0.04556551688177037
3.5021298239531715,94.80128789902858,0.19333796978094447
3.418290426993427,98.49415285481238,0.18549101379246546
3.534985424457474,97.02639738321857,0.18629012910741666
3.6456274745235246,104.95392421209196,-0.03182368164430757
3.61131030943746,110.08080453706854,-0.013659591307643904
3.614560148887154,86.65611335084051,0.3097931035808952
3.6777811985109548,97.94556771360452,0.10552419187419451
3.5372828077558642,103.67039472784877,0.09637014893166129
3.7448754356745506,60.479542258129996,0.24292576368248767
3.584183893142008,61.205382817927884,0.010078328475011286
3.953378089308586,87.69804698231245,0.12265573828409186
3.752330906193783,90.97414365335581,0.13641792491500865
3.6402257427214346,106.29741248382264,-0.03887013466870992
4.096932215807838,107.07824863862511,-0.019752474624988324
3.47205621975461,95.07571170657464,0.36228089317590667
3.5886615589469453,90.86687547220612,0.26706710982790716
3.722813129782011,84.14391821142704,-0.0037038608519919533
3.6475813034288276,90.99428250876062,-0.044710719335801806
3.7565483729784335,105.18047402315682,0.1739315068051659
3.7750678363104972,108.72032585330373,-0.018096200917186313
3.558273147695424,107.3388140139167,-0.03346950928006892
3.5093459818798975,105.37784964238004,-0.09491051933138653
3.415781656022351,120.70202985088383,-0.037135139710968774
3.8871087374535453,73.14548599967183,0.3218486466550419
4.101561342113852,80.63920011619949,0.16356532951791303
3.466860870946206,74.98007558783178,0.026150235799700026
3.339990964504572,88.97239170080044,0.38906138344083885
3.494046279145778,59.81967104267493,0.36616482363918135
3.8208120864816144,83.27286697670007,0.2586983662685848
3.617715456503177,103.36208011798088,0.35570901745546385
3.684552267298571,71.82371207647252,0.2653860671400768
3.866266423732111,69.22250712765648,-0.007508401090150983
3.7009683644340092,63.130520134633315,0.2883659886891615
3.6615944988665623,69.6155818422176,0.3649841511053829
3.6275556473854795,67.09754240953127,0.4105666844889768
3.69732276086964,111.04727349300826,0.10576643283798763
3.8202039142581694,99.64569769750933,0.0981024284982826
4.0256693393915555,79.15506702994848,0.047342667648952196
3.6884345480575575,100.7563373836888,0.13028099392632592
3.8001543126877007,107.97602165170561,0.3253096604884297
3.877955250060741,98.42532474083782,0.18759778729721185
3.5799819443172365,95.77883986983592,0.3043139061024093
3.5213766750052624,91.92016021868794,0.06506698050428193
3.855464408016334,102.41225623139051,0.04401238801276036
3.7465617076271314,119.30963355100792,0.0389667219882505
3.5528792039843724,87.46108683364568,0.2847939786736374
3.3731413787089295,88.2150773890099,0.2674788032988511
3.734278670356609,99.30362658036425,0.10451140975134422
3.3957170043461105,96.58010608988712,0.14918853782814134
3.5495278601270885,92.08151796642491,0.06753924854740276
3.6814022556386328,110.63685402577688,0.1059295115812666
3.601749275318776,109.87656615838686,0.08321508528601337
3.5940820399919824,88.1996835438619,0.1842700617652164
3.3550364332885256,90.80202140131814,0.14393670105724213
3.7076319101371022,101.05490133543769,0.22704852424749136
3.658495823939369,112.7702120159775,-0.12394622686776599
3.6581329225009407,112.73871537959569,-0.16552180874408237
3.8798642896557785,110.75696663807815,0.0008367185793854173
3.932190834850508,114.84081734976075,0.06205637320178284
3.289861855931933,89.37178601941199,0.19263448783393217
3.446866336072483,78.74288897320746,0.1757318878276384
3.6204350940202175,88.63760738736926,0.2933260929296846
3.1830465668980255,80.8178517212906,0.25172920975491736
3.3120390727569027,73.32538169162045,0.2765630669746596
3.9557005202678837,123.3975114204923,0.1968786413638487
3.9328441382548647,120.22382975716245,0.201226466096885
3.72598626307145,88.4132537657145,0.15347431605762818
3.6101467886287075,110.06029708534858,0.13936835624886282
3.6502840938420777,105.60701751711629,0.19464427635773
3.505591559753378,89.58480143778063,0.11556589897557425
3.3799828750196275,83.00679462842918,0.3933555512259018
3.606360870334057,87.75021803333642,0.1736057155376559
3.956493654379438,95.67434824152865,0.10469291301751552
3.7375898323451517,76.6890919390557,0.13104312287260725
3.848248692650334,71.75174442054416,0.13039319790726614
3.8624559281034876,82.19440019461895,-0.010538900386056262
3.8039572618924087,71.81257777578173,0.11988004238025675
3.9492449615223344,67.29481948089865,0.06411735221524922
3.9709709692441666,96.3813546292592,-0.06143830305985284
3.483152731744689,120.2845977769027,0.04598628392182149
3.468472247594757,95.57988344390589,-0.0004874106025637667
3.793741912551421,112.59462092895329,0.11256503930320619
3.787113913175643,107.8104984087746,0.10543798453909271
3.4087081983570195,100.35402415608816,-0.05246576946792354
3.420002268874348,105.81684375801208,-0.02971567411037967
3.733155705423397,103.35659147553275,0.028613037904823592
3.7365764172589992,109.88392010695293,0.10468039130184507
3.782179505785942,109.63460074094509,0.06192650263514726
3.7684997668108493,113.75002365820261,0.019337671920816125
3.8015352508987448,82.8117064785747,0.17817448844610345
3.7960139903377494,77.37129903874025,0.10897908699130329
3.707873089124127,71.38215504923568,0.040274219107192116
3.9609230371145907,117.80564924665462,0.07047199524450513
3.74961900375627,115.56674650437841,0.0504281720986963
3.422622058212428,82.63989377755675,0.2989278078787358
3.729534619192211,98.15565753570787,0.04995034543940064
3.627251718895365,100.14012583911315,0.08625835691884959
3.729216649240156,105.11064203350047,0.07510296097539784
3.656250786673028,110.33705641175354,0.08720582925332629
3.5870080906062722,83.59617903295893,0.22658356001978153
3.6078887826506074,98.74303263371972,0.1492562686813818
3.9462970527660852,96.17978201707744,0.10584658154518621
3.970977695169561,97.25522377988202,0.09037879276651059
3.386509709526589,86.78784814664073,0.1272431342412172
3.321676436860398,96.68787568882391,0.10746108602182802
3.6317845407894347,76.84524428276217,0.3508484823555257
3.6329881024200916,125.82755412049708,-0.10551172247486465
3.6396539369604133,113.24078086391343,-0.1088361637928748
3.6396539369604133,113.24078086391343,-0.1088361637928748
3.487018984491682,120.9404006608019,0.004420211605811176
3.9947231946126305,80.13438840912734,0.11622203127946515
4.086923117231303,83.17202330098611,0.04209902357678789
4.0209522160816435,87.97168469707,0.2038978504422355
3.8416137428991326,102.50780296278124,0.2804110189424982
3.90070587725147,120.3429829248925,0.1657009215825873
3.919457753321284,121.46241110823988,0.16912968508183707
3.4464775554457208,82.37411994661136,0.13920822244245054
3.5958887068688195,87.70098196289034,0.14171213647636346
3.693064457176257,98.29696559856164,-0.014547436499532832
3.7118985702380343,87.59544815625559,-0.037290870762504355
3.6912572749309494,89.22444367591268,-0.052121964872640945
3.4969072898553635,106.01190286437891,0.2608460853666362
3.7802238696889985,86.4769422242031,-0.07123601251091517
3.6290642858244744,94.32716473389542,0.07025579637624046
3.663982931013543,88.54553894367476,0.2115135242212644
3.4857518424307767,104.09604454934433,0.015217493962050693
3.6777387200709617,100.16573130878207,0.17412509230944623
3.848910529300093,99.41815893053541,-0.11133632596729222
3.6208867406362835,98.67849510443294,0.1045318696069498
3.6067350410833408,96.1705277061003,-0.007532433414839789
3.5875120438350496,99.08943466461912,0.1845604377533514
3.612493725360891,103.45099159963476,0.19662069264802715
3.9616747759023716,102.81346543338734,0.15127379721850348
3.832272357635293,106.54470036696259,0.15313687826219868
3.9133969578487737,106.18546691188192,0.14455415188169
3.9881189266671715,104.98092767996715,0.11010488220548247
3.363211139300507,106.87154404959247,0.03273391512496131
3.5943415201894475,94.69072898031416,-0.020305480490292727
3.3964463459273273,91.30459221503385,0.12337082292539858
3.4342104270330114,94.63093833314564,0.13581895771696412
3.482000607433562,88.16305931267397,0.10344015896254535
3.851302083171318,116.19181378516961,0.10245551084661032
3.2452546211657487,66.62043429322972,0.3075012214779617
3.0987647141301293,65.20571047432827,0.55238515018695
3.7037145571834054,111.95184820918767,-0.03467381033260221
3.1881035363436947,67.40221033472477,0.19480943257910982
3.1513771337263634,68.42152204761548,0.14848815813639873
3.072617259922777,63.89691105818968,0.16479801949133238
3.0675934925160586,61.01585289038846,0.17873632452478752
3.253844085919805,68.31481250431553,0.2551619529855616
3.3287616696569837,74.34810923608734,0.24673427788621063
4.0280687418173,104.10243162776858,-0.003293189998750936
3.908023512982637,96.06043173849318,0.01676653549135315
3.8669008328631116,106.03508679029785,0.2005386482926452
3.5784125587458178,90.67383436260452,-0.0372758124108825
3.6814144846718784,81.54418913222109,0.2723188927521816
3.6035868561294624,109.4045009416744,0.11849757399081641
3.7402733249543103,94.53472771294882,0.18996819537002424
3.446275298213215,94.98634659749712,0.08663048782080526
3.681436336922302,86.56547567764858,0.21342516697949923
3.4533390157557675,88.48849147399544,0.12066008721823172
3.5582654042591155,111.52619873071211,0.10160951705224262
3.6620419864569493,103.46943790375472,0.30310731373012006
3.771000628577653,88.42358449765196,0.2975457711700082
3.167894133024844,85.93238803631318,0.2023206990633494
3.214837534991459,89.68114945368633,0.23257759623948612
3.909744720802379,106.21324229047863,0.09031093733315107
3.6484074615105326,81.9788967420659,0.04803293905245747
3.5548102253381586,107.00723716099105,0.10881530173029319
3.6003896300725162,107.2679375668487,0.061304497346987244
3.5984176234756626,104.34503232792186,0.053624166837326785
3.633237022722742,103.3230478736201,0.019818559075980735
3.6615375722674264,101.4898997305948,0.10381347351430308
3.2319746759646826,81.06394970469503,0.27944337647528317
3.1642942800602984,85.59889670527846,0.19271280437604796
4.232596361730091,116.36884572940279,0.19549456577036387
3.2499504837110136,78.07582201077061,0.3723114959022879
3.694514168295103,110.62726480885576,0.03592540661804276
3.7048949110281852,89.33547066943878,0.18976674363847107
3.504315152834548,93.52568429391582,0.03789414092527163
3.9065888299816525,113.84888968683713,0.14660411135518006
3.617446963003008,93.56191295880531,-0.024675028488478228
3.6410598250430493,97.61811005525823,0.05131762240565483
3.6628477586588195,102.4231795279092,0.03487406610908479
3.6073781911459752,93.15089043839491,0.15365868964653648
3.6084844897959445,102.32447234038214,0.0420778783059115
3.5028924392861076,105.56583765805188,0.031401828114846986
3.5273662699497317,98.98524446865731,-0.02623084362748934
3.5031494771146243,108.69824139295676,0.2068735008496084
3.693976968413245,96.55442162580042,0.11306244876237169
3.6807666252530393,95.15522973700996,0.14323724666410675
3.5411489923884565,114.69173783145837,-0.006264961464948731
3.5402874700261067,69.37507963584251,0.5032776234649375
3.482565730521139,74.48958757847144,0.5613931923993761
3.7364147652374284,65.77348948089183,0.6060322493001511
3.5590664005229233,64.6641369069161,0.21786260492769688
3.7558132740399617,59.35120136028624,0.20490832233099723
3.967048284882665,60.364018034959116,0.15229624581994006
3.754700020805288,85.990544102292,0.018335238152813776
3.64638814382897,99.59406901937815,0.015592920075984298
3.624837069162019,92.01538203162396,-0.027911644104182287
3.773869022280862,80.11651316286793,0.17205878236176386
3.411657410186191,103.33589285957228,0.19050111066566022
3.436249197474399,68.81417206955476,0.1764132462368812
3.6640061624012605,90.42296333640104,0.21034035062149897
3.6649356449372474,87.91079271301763,0.25560650016290576
3.4312470196773557,103.89636313418973,0.09929927805512312
3.7386111307884136,69.90270669477344,0.13894407871927947
3.8247329883619146,64.99997072275531,0.0763420107536841
3.8405457686120923,61.811967897960145,0.03989793591772399
3.809582771427892,55.46583020621831,0.22348550740843276
3.782217602783849,122.63991359794822,-0.15123291696189511
3.6176864501195323,100.86503116380317,0.15814335613265507
3.4412828028091442,97.18568313940936,0.17099432356582234
3.468463070905219,102.25571424246833,0.10083733557590044
3.539313877872287,98.39143282809879,0.22508417183025362
3.6653691462220577,109.69374470507233,0.11059226226114528
3.56066188919911,97.13342972395316,0.14163017993901053
3.6516431211925657,82.81945374153173,0.34300165555923456
3.579949890130853,85.58926026320172,0.44137767372880343
3.8702090710714487,78.13857948501287,0.3394675332185707
3.968274221929863,71.40837587306443,0.2127487511416483
3.339385955120982,94.7634647193815,0.08530676242433538
3.518960551813622,91.7769373715291,0.13996259178845313
3.48408300172513,103.93483808286418,0.04036325064629585
3.8635658208462442,88.20205514013388,0.10361247217452045
3.947454676129615,117.41681894523214,-0.12191543932010372
3.4938729911161617,95.50997698491572,0.138707068314361
3.7553811743901906,98.79672188844107,0.2832474923932212
3.6772360513784728,99.93782972436058,0.3422574895136352
3.71021297000109,94.94105246742687,0.17067645710527185
3.4134969637903603,80.95856044576584,0.17468375173420533
3.8634655726050036,117.20467085887537,0.009355307110890563
3.7578857020370253,100.19377668193809,0.28206517837246076
3.6024256163118427,106.3398450394349,-0.07081331613115101
3.423622241947524,107.94476231273264,0.16497753634034582
3.6451807935208125,84.05029558581475,-0.001085193536217826
4.061051953427919,93.24111315625063,0.09375958108938236
3.9669365553039713,121.74652742169195,0.15139562302699705
3.9840399374891255,108.63098813735708,0.0766040469987338
3.698913998709012,106.6063861969161,0.154264318299686
3.4939496097048157,92.65266617121615,0.1285955239987944
3.9451842175332525,105.58595440476257,-0.07471266542684737
3.634848671407712,77.18480293918341,0.1794744851790372
3.652198502040133,111.54264541146388,0.09238154716501576
3.739316495976086,88.30965827825793,0.00500119879487837
3.2346866484568886,86.7251091347436,0.14379209658569803
3.7581956551259053,80.95809774285298,0.2054374878208992
3.665269640558541,81.52627382217098,0.18137625087374074
3.76049955051018,103.73025863081152,0.21074649432692982
3.6003885649741707,97.84890847149796,0.02620853568846923
3.8206768766104644,104.28848850771945,0.2625350711778626
3.7582804900651965,98.93030109437615,-0.0010654741459185549
3.736170801417498,82.66127931709244,0.11995671837900741
3.634197147500288,73.68676750407116,0.11992302427599061
3.6024025989633532,69.9381832085347,0.17567624871897772
3.997374604633455,83.21140842114438,-0.08666574796775255
3.608546014579202,121.12593986857306,0.21128317214671272
3.7540795538694334,101.86175145668811,0.0076478903902089754
3.3825301532462384,74.12329070085833,0.4278732949468674
3.80833731427828,118.84588269673492,-0.07250647749821451
3.9913995167185896,105.61328618923116,0.076728228442304
4.020670709647953,85.67301897928597,-0.05127906913714078
4.046140958163637,91.93260291349792,-0.21282741115730763
4.046140958163637,91.93260291349792,-0.21282741115730763
4.165325421485202,90.51395541353,0.06140199212418288
3.9033072199210928,99.77306695478379,-0.1530559651152766
3.761702704511656,123.91864801744039,-0.02531542122371136
3.8271823621786925,100.42097101132983,0.15283054697692255
3.547216114771963,88.60135663486079,0.11670608145582395
3.706344383804852,90.65758485628164,0.25958063654178487
3.6298656424430433,79.15815155581315,0.5428946933871783
3.7981343171204918,65.76835581944601,0.39655484764888593
3.99999464533285,125.99681042041959,0.3945942726392647
4.038978787507082,121.99328854776935,0.3613162949745073
3.9464395042051255,112.69026666185106,0.35700062483219186
3.553831036900701,95.12980721532554,-0.09215656383931224
3.8588787282097807,105.11974731356452,0.24533886799968088
3.7231439941016906,98.77010903259637,0.18627987402040566
3.6494326724513013,119.90370928762862,0.2397535113867218
3.867227270665515,81.57409767672807,0.2354620361627666
3.767212824940836,69.24231232229107,0.20379469705400538
3.5791842038136545,70.4514582269506,0.16581565328076242
3.7093640395046488,106.23682533690652,0.05002492915397438
3.567796603320153,107.25506431359916,0.08363707437125655
3.670642166455669,100.6539358788338,0.0003827638119571727
3.7797681036541646,119.71552779353524,0.07223557741695125
3.509660817936788,73.32151746750145,0.2293940904160884
3.661041710283043,81.29132489579484,0.18521894784227716
3.5844571396756963,110.58016622929169,0.12067325722515068
3.8213606213062294,101.76326035347829,0.13966379378950394
3.6418595822797837,94.921250152526,0.01203498812394391
3.7563849312961066,93.61962744739697,0.0016747578440317711
3.7893079991411027,107.84053192835273,0.16880993670196132
3.881147120701649,107.00851065018011,0.15824413950607544
3.9269554332698955,99.50765482990248,0.1350234566865723
3.6895806213787465,93.71423830104594,0.04972498690425823
3.4020382044660558,105.5755721949935,0.09074754131053404
3.4073665636115367,102.77920969267677,0.015311242877321716
3.7739598456099652,97.98788874430777,0.0745150762276243
3.4829009978288545,105.77035674002789,0.19338537127600466
3.421811820859128,88.09856889147378,0.157402490015238
4.04531424500273,80.09098644479928,-0.023258864957578482
4.085030913060436,76.50923630099409,0.3398256856339744
4.11786677207686,87.8398168672897,0.21917522405572462
3.7232637126151276,132.1247910256845,-0.09294817491213879
3.8022528272396325,90.52565100871664,0.2161837233199155
3.542658925281366,83.45636311013686,0.19452531708734683
4.125108641124903,115.9421032504911,0.1778181183271543
3.986249222114933,99.29251548344405,0.2811439966039211
3.9645804381200156,102.0151222244386,0.1870840456435209
3.7993096983556938,91.02928767906766,0.300526982141511
3.5668712479811364,117.39941153435203,-0.12882927570113822
3.6298659419698027,111.35819076637807,-0.06595380192753468
3.6499289826122086,110.90460756827258,-0.024838327601218534
3.442563245095593,117.48815511208163,0.00289726369094153
3.563340235564494,105.67992440892013,-0.05293925169028008
3.501401867684875,124.45173541199476,-0.04149256875024362
3.7430278901646616,117.33761522241258,-0.027617426940166914
3.7340604542924902,101.26894851738845,-0.012292257567938928
3.455164383598097,83.36432498670153,0.14226780833016897
3.4556924274086764,93.73640971889242,0.09102404057922173
3.7772195315296777,103.847219290217,0.05674186120349627
3.8799024056023925,118.95588830939985,0.18804914100645642
3.868166388679632,110.03696480244683,0.10996152043816283
3.554526030796328,94.26289075223801,0.2134419649358973
3.6369316392461184,90.3554982894951,0.00200391907576551
3.713262196798387,90.54466489281596,0.13741717263789985
3.6962740967493786,91.8895165604906,0.17196012568392388
3.6939873384872617,97.81308465303606,0.19484234541052556
3.965225329022823,106.0324201276604,0.212633755559259
3.6878906716989124,91.72292060249413,0.16002978884026586
3.5607318540737065,100.98052864227132,0.07140960026531863
3.297743438484438,84.53710113242721,0.2528121724760839
3.647443983908432,101.48923243762802,0.16610966238667466
3.681127101559176,85.74605451905757,0.1797071360445233
3.750272124934967,98.5556400665247,0.044763922173113646
3.732371083714734,94.16888086904983,0.14504794147238087
3.67103927209255,102.91953979416239,0.19896480046232476
3.7160386719195175,113.84953951926138,0.19086772733973448
3.9952272196549985,95.80493565276885,0.058328844085196056
3.7076287103647316,111.89408206705959,-0.02499775613173881
3.5449673774852117,92.12956950385491,0.20541549441392137
3.673291417648935,109.21647996049597,-0.015219023006873977
3.5336282516055713,78.81179602751904,0.16436695334694637
3.56392255888784,80.3685013796295,0.11042991158981152
3.6208880813155733,87.21538399185278,0.1466594019009008
3.617135550231285,88.87948960407037,0.24251506270373227
3.707104837909361,94.89960628055542,0.24272623014622932
3.3760352450649966,98.5684186913653,0.031487640219938974
3.7950970615197517,86.22534852936252,0.17479515035488602
3.7515133683940673,93.02595973558618,0.4029844812306332
3.7003198788185916,104.44385701795763,0.2034316053520467
3.747145519653543,104.6874445267173,-0.024073945849855335
3.5655434879050456,92.36501021246391,0.2231294169317291
3.531214510285979,85.4827964043897,0.16496037175845543
3.539075675230478,90.45774557243598,0.17881021948378648
3.461449963514513,93.11853988277856,-0.005504339228250158
3.5496366925566942,95.61268345286635,0.11262908909412973
3.4937568795436014,99.05101166418527,0.04200052824871099
3.5965968993871966,80.45422409884064,0.5016993313929382
3.6710869999714566,84.96965531057276,0.4154966843460292
3.6941240320798996,83.1507089515744,0.4222531316457193
3.1498674583508572,86.74151160006706,0.20265396152841741
3.3782042876495755,73.06487836850664,0.1600489549388289
3.65461941252358,62.76515212206795,0.16619068862837563
3.820847086992689,95.24204558583642,-0.050490263975319825
3.6016794269981833,113.3047065948214,-0.005337869773706146
3.7502914983045312,115.04819519431199,-0.00892869707535755
3.5461431051920638,99.79684619569812,0.08381754477783285
3.4973945495956493,120.36447642554376,0.09301904880568175
3.6256027860259556,84.16478698235856,-0.01415256427647323
3.437679114218381,105.76014923240986,-0.019037121287506526
3.4834190408192116,95.54591954287363,0.10362250479694558
3.725011580264132,101.7807534879182,0.1302572243062373
3.693119609066083,105.39142464659636,0.006290599685277251
3.4708103078616475,88.84208349976956,0.20509809740078858
3.759533031079648,119.6837915336828,-0.00015273241910471576
3.6134807744304585,111.61841203118898,-0.03334289713035433
3.500405061810581,99.95254853312285,0.07940799015349438
3.3790389118084225,95.42634064510118,0.05730271281666387
3.4583338503346646,92.71799587971763,0.08851209545306464
3.6602840875470948,103.28667873098644,0.0680778484460596
3.547250680308185,110.88715632370291,0.09768473703678297
3.547250680308185,110.88715632370291,0.09768473703678297
3.5215015401838254,111.75325603449231,0.1218316878027944
3.559182064484359,110.59968089004505,0.12587995349051456
3.620835455291907,105.8833459807037,0.18343979937335092
3.864117458713159,92.21408638775641,-0.015043619508094947
3.8737873980503794,88.49549627688171,-0.0625825697269981
3.600939414501718,103.73212231190905,0.16770478072311384
3.5598596274985126,94.85747675216703,0.1451989931047419
3.5430395271181943,98.79918646689569,0.1768214394558885
3.6491682701234702,108.25339276854443,0.07671694872500624
3.666330333023644,105.02585028880353,0.253160484436675
3.82992848449991,101.25690367527649,0.0408567914333579
3.632310839269616,114.5726117640083,0.14034195693004678
3.4895163455527225,90.73111558473406,0.24284773014847783
3.6629617591234767,78.87010329134932,-0.0012414614620537504
3.2528458363886448,87.37449876565302,0.23862086066711086
3.8115519675420906,89.44564896225287,0.3031367141646566
3.654072270728987,110.23675390977351,0.11162588554802487
3.7082612659173284,118.18115393672556,0.11466999229390311
3.6495607580508196,98.21577175850692,0.17213094756210612
3.6430519661114156,85.96527077333117,0.1367248407515028
3.6064779231426756,91.24559974479502,0.22584731605650268
3.622054390973627,96.82499932368914,0.25842449358196296
3.295980587488104,80.49486583696616,0.20639547918786438
3.5294548395729173,86.46177091314938,0.40421157535513996
3.6388634366977874,81.22106498646203,0.48390132309867506
3.5149662718101835,113.54922206725269,0.05884353883399309
3.5954457334314402,105.39173131545583,0.09615038672025991
3.607130188135365,106.71803818491937,0.13099003888048083
3.4581466567931174,78.32857281548236,0.1487141393243911
3.3570582013181376,83.2182718966902,0.33778697549760406
3.4394766699119734,79.1079008904183,0.3152881025079807
3.4703185124437637,90.09481872829627,0.2456846671754487
3.729588665032098,93.6896419478614,0.07836659887455746
3.9118061257287082,86.17817232687429,0.03039838580741214
3.941956385884394,81.63733350235242,0.004840569689205789
3.583465220468289,100.93776346863329,0.3012449248898502
4.044881908204504,81.34532571835622,0.14068510056462494
3.897682673295897,78.02089820042487,0.15030196191319722
3.4917624539804666,90.6098194959368,0.05603905393373133
3.4856238221520566,106.56236938911117,0.023291441191636435
3.807263126491936,74.36709316051765,0.12775009348418762
3.654140962504046,78.63005793141983,0.11556996721419874
3.695149349524785,106.8504619555414,0.07375466787187197
3.8220419161648413,91.50410078157907,0.39459252673792766
3.428974295982449,99.69252383076466,0.06107668621322333
3.6087256587741274,100.73604609103506,0.13435349970052124
3.5666127200622215,103.75608199687801,0.05127368576679907
3.8606121982230936,88.80107931220623,0.18921110919629877
3.692273128168214,111.86295611179398,0.10956718832581662
3.546382173471097,89.49491943310558,0.15704783605143863
3.724531182859475,120.86823913056796,-0.04335098601120267
3.661483106102757,107.50732535592236,0.07572433975497057
3.661378106194199,90.16781479611129,0.1201735236204715
3.700121233786567,94.82711828702203,0.2141090139210868
3.4576076879216675,89.80775118956822,0.2878677968265566
3.431942638155439,93.3535882934494,0.20866082728549168
3.452863971965012,94.00684253213144,0.1405047321831097
3.5752952690029964,103.64554308500584,0.13784681982945482
3.5576311228487403,83.32531763711408,0.09253196263419468
3.477181364982554,108.23472479064148,0.11394919315908775
3.6835821424241404,108.34778916697978,0.05536391479441263
3.8076427048595662,88.6581956229772,0.002913873248304924
3.5905558128148103,93.86341151695075,0.10549154169918441
4.005281059319703,93.7574626872979,0.12943682036790002
3.1481276521295096,88.75315888682091,0.15175631754247046
3.2695611342356763,88.0124108604924,0.12976915120938806
3.797544751122681,87.4985774382935,0.34336738927807
3.3684078705981695,97.18510582707636,0.1345486612585551
3.310165196609515,81.55915975874088,0.17206612178562897
3.7000361490707117,113.2298332643895,0.08826338747391332
3.4770832542740013,86.64352878897398,0.19009231993139336
3.758026693221671,100.45532883125787,0.2737596409802187
3.770504094312105,89.00593479107926,0.339610267806557
3.7475959941975114,93.71216117469665,0.3860048415582789
3.563076975471857,101.5222832738387,0.22512812582887254
4.124857773975154,114.7126215857925,-0.10371958537466688
3.896906004059518,80.63909391051901,-0.027184811036549135
3.6976253700946375,97.39510654149989,0.005575881234198846
3.5159024014746874,92.52319464373488,0.2673431579477825
3.6536354709291157,92.68124730428767,0.24617524163706905
3.495939063641717,79.84037772611582,0.19899826634237858
3.8470066640308462,87.31637949077002,0.10182399683483859
3.5061067606791227,105.13456015196367,0.2021635593307152
3.574025049006119,97.71088795383497,0.2151267731928096
3.7411248391887915,104.55873920409007,0.032815951587756576
3.6170793877945386,109.10417537375884,0.027743558058779583
3.49528965262726,112.00855168717516,0.02299594135046411
3.532344462288464,106.33018793130856,0.10532662691502884
3.5861008166137647,95.61945921485345,0.06464825365099358
3.6635357576287206,105.44548658616624,-0.06210178819861616
3.832588003348735,106.86492497633365,0.3084676387127293
3.7341844610625174,107.60985198600639,0.08471018941452112
3.863569418396449,89.24600629147184,0.17355508392800398
3.922524500169805,98.50529974851167,0.2804312389628187
3.3420905128740537,97.40540149221714,0.14026999385841385
3.683659201692921,89.68952188882211,0.19436949336593623
3.6675905101037167,99.74575752775316,0.1935266161264124
3.4507910636477903,79.91739188740905,0.1272712251805114
3.5658534633202286,70.31692525922347,0.12692294768761356
3.6861468790025684,65.05594243521432,0.04269908157031459
3.80844679845885,104.15624412040576,0.10544129535342661
3.294369744579256,91.08331919050987,0.13500599969335217
3.354175116367936,70.88335830229332,0.6014869944598492
3.2704885503132117,69.27202903951225,0.625745497762174
3.724247575134864,78.3663877539429,0.7006896642302232
3.679203616425755,74.84376450730764,0.7718951983247564
3.3429794772710433,74.99365304891904,0.551102837778125
3.658372623235779,116.06035394147771,-0.009605250962305292
3.6372616153519233,99.25634760991032,0.1510402171928913
3.6443809582973996,95.45437982943767,0.05775579469851878
3.888612632340461,85.22392051351078,0.04766290248177469
3.754832381318432,92.91208746515927,-0.013114422391533749
3.814205181359426,92.6293574409514,0.06886259640707718
3.9565480017430765,70.10893628908279,0.07629831322112612
2.9793773194658644,74.98976110254043,0.4358552813294374
3.1398765871874694,66.96197922804267,0.4308347661644419
3.395722771176323,86.5297159800255,0.24281004451825677
3.426289669400156,87.65574808094782,0.20676637316044624
3.3832859616098467,98.34968816697898,0.09987966793051116
3.6850506158684553,104.47892614847818,0.22290434619409424
3.683283808605377,103.3411476414758,0.3730627160311525
3.749804996638351,102.30302335433493,0.24704268108442734
3.8117669299970887,101.11554748986431,0.20306670132789023
3.6077011414467335,98.69445250795819,0.17475774543754513
3.5613819686243424,97.26972838890332,0.08564063707274108
3.7494742002656185,102.39697360454304,0.16861869932978998
3.6975103456449663,108.38991459564379,-0.1032391355119967
3.7945687381194815,100.42670288540846,0.23826347699112452
3.7507103966916797,105.62642746550522,0.15102521883759468
3.9055201165202553,114.6284777958455,0.05382841192462746
3.7929585019835415,101.26472498937683,0.3070758309960818
3.482049338869203,90.63546554409984,0.20139677597728917
3.4687487798166394,90.88907814781093,0.21755473833710068
3.7657655149073794,107.48699860131443,0.14909249952017412
3.700721634611574,116.83627022954639,0.19934454500320145
3.7071384617366268,119.84030816413326,0.22497853968866274
3.7848641476312967,78.29347519938797,0.2672303364768676
3.626890664665102,78.03803942490633,0.2757441052859497
3.66950719385144,80.53919923497197,0.0461816842030521
3.5417636026767156,92.86936428122365,0.16736977165787842
3.4430318042203862,92.26853228125144,0.2716863028045384
3.8548193217112017,100.9393795468351,0.08084122909154032
3.667319313264917,107.28754749516895,-0.10144858662577064
3.6508045032690246,82.65940339841549,0.3065786679413321
3.4313592578472942,89.29364838554244,0.2980226584830004
3.6314163749103137,107.46776437556976,0.08306886356046334
3.6135657303113753,86.67467491352383,0.19238891290274301
3.59087483131064,78.56816053810378,0.11536349963956151
3.856080910447514,88.43592614703336,0.07737635032470984
3.937942069395749,87.69482501701711,0.03407616155132422
3.745842725903368,85.76160601448291,-0.10037386871201286
3.720124295911034,84.84753108626171,-0.11524408235731068
3.742762568641006,79.83511447192394,0.30219822112171274
3.5809455376806167,82.45231339850196,0.5175407512690678
3.653065349712057,92.9140895635128,0.43969871505704655
3.6264578195551995,81.24308088253997,0.29052253165940917
3.5827399512596663,117.4697536302539,-0.018760655024870985
3.6229340166811137,107.66293841856204,-0.04079018431852408
3.6375545031918666,89.20998065670197,0.0795803657570792
3.597291904956527,113.14018893292648,0.03129725849201931
3.3977424351816783,78.12886636194027,0.2967959546621723
3.6073107929135975,88.33951448777006,-0.05941055305912762
3.747060000585722,112.73595657793298,0.19844329169637479
3.9883242230338234,98.99134563297451,0.03442161909097126
4.022432890124901,103.1459596797314,-0.021752538657163454
3.3913339759919823,99.15548575648155,0.15806280422244298
3.405737413081312,91.53727733903409,0.18524687315182164
3.58671383530706,97.45106182890174,0.09071481806827715
3.534530309957447,86.13931447698415,0.21353972244769107
3.5183838306972173,86.4254329100155,0.39815504732764206
3.5589032565923002,86.19550369806801,0.5000814196034052
3.5578307368020847,107.0096268891076,0.007664307358709455
3.763919039114325,96.38765058537541,0.37744046452697194
3.6530083152802217,93.88593992618378,0.36910519308490775
3.325097739216861,88.78248838196603,0.18923795557950865
3.5070825719104173,90.75516628737803,0.12377821102190517
3.662715599966882,86.89701077642431,0.1673339039585471
3.706256781361949,100.06518613948617,0.02355430565699367
3.9155866059266,106.63480351150238,-0.05386699428321221
3.8521382638142785,112.73175146286673,-0.048382387402787
3.9032684338286368,100.05780837519904,-0.045893403430497026
3.7977581552984083,121.81743004795584,0.04925211898312314
3.69886771539978,105.8483131989001,0.0633309010540472
3.664788767379764,111.01149872565406,-0.009599322212550358
3.6737252222305323,102.5752562919278,-0.037740778803787754
3.797393739883872,104.0250691164555,-0.05360085237107486
3.5028533989670962,106.70818350608047,0.1530331265398002
3.6031203562573277,90.24364835530059,0.06612147740713845
3.692982143922979,96.85852047320819,0.09471356963906112
3.807222308221196,90.2919594121607,0.17822055629265873
3.8395911800420492,108.62691436645491,0.10009110159539049
3.8663312476456806,99.71304209499708,0.0790299758606347
3.916564935653135,93.0113045309748,-0.04301548172750301
3.9134349922345852,97.88219878100459,0.025676961536409863
3.4214893620957203,81.28613280873712,0.22090608916770743
3.3815431141245855,94.56133761892676,0.06674702903572721
3.3521439629656435,100.34158083648234,0.001113166044354272
3.656990277353704,102.38668273069442,-0.03295555590445619
3.7578769788846658,105.37953801459258,-0.07320785316272269
3.751396554436334,105.14920384101424,-0.03316855615861643
3.6000720280609873,109.35002826167288,0.05060172517844026
3.728401115710178,110.48143678920141,0.011253851568767043
3.9412594824232645,101.76109779411456,-0.03944695240259591
4.145765217700257,119.06538839294298,0.09973171217651408
3.5531553456415548,50.54394140908484,0.06737675102188126
3.733815415483268,51.65950765329995,0.25982834166463525
4.095511515570089,49.39610489855779,-0.00779055744892671
4.381177322465876,66.52517987935427,-0.14691066672421063
4.448851918670708,71.75639393821264,-0.03539226625983879
4.049137646543448,58.27486696665626,0.21186428161909704
4.15522233195914,60.48490681470075,0.23565371763812176
4.421559567983368,71.08503683833526,-0.2299587841950629
4.285221427114998,80.4639999130397,-0.15077835187811903
4.211405299964967,84.81348297815047,-0.04556261048118943
4.29160425308204,81.65695036145665,-0.06712344019160063
3.7610190137986703,74.86825583367661,0.04950437852920464
3.691709976688349,75.93335102501723,0.02112003515693269
3.708559097949131,75.70702328619888,0.08381598600382066
3.8926609464218496,90.67174908757892,0.005495594639278478
3.6327675619175053,131.95926695002285,-0.019050765760417566
3.813582529891525,117.86023305322728,0.0015920173490944632
3.6989896177098123,104.12645924647781,-0.0555364250498257
3.768883666002298,94.97342780968526,0.00695521371639503
3.7256944501399487,89.28364278977331,0.06959583590471223
3.565373930539542,87.40870475126943,0.07492521576545838
3.6368764557945705,100.9064978521422,0.19851425061452793
3.6718294125647986,84.78443682026715,0.43071368090138556
3.4471304395955906,76.96479131973776,0.3893074739425945
3.6033405915963486,87.59089885039269,0.2664393561570108
3.5709130516354395,95.43401808453481,-0.013871285564479518
3.628935391176311,96.79387223654615,-0.0010036294716308884
3.686543039160132,117.97995201285767,0.019612080392706226
3.382465437628291,84.28866777133895,0.2173881364984924
3.6251845202349227,101.39419696418597,0.19696165422364018
3.5071844427603405,87.11703015527222,0.22550300531668466
3.340962606624064,79.88778662864445,0.34710401662445534
3.810274225795763,121.4927606641719,-0.04092879375045126
3.8039284976816,128.01366366907243,-0.04700676465151528
3.740674637374571,128.03365914712575,-0.011348134506448889
3.2954156054741057,79.50183961941394,0.27966568186554674
3.383536105730143,77.42949853159367,0.4256989022635952
3.391196341672293,78.92133937567871,0.4343933976504907
3.3363274132151366,88.28988978448938,0.13634275025846535
3.6623545412944414,103.40872709574225,0.15223045927030188
3.7065347933816244,97.0826362837482,0.16656908864765
3.791338537190616,128.71326230565717,0.18688460570446322
3.7162598736208685,101.81104893873186,0.06890834693643921
3.8321612019349045,104.35409271436782,0.08282999360595793
3.5205185881668797,100.28142229405393,0.12648962290702204
3.530370897362729,84.83119077304063,0.21866782001587634
3.504831941844613,103.06133406659265,0.10813596711570886
3.473626631359996,95.1443658317827,0.08956498103660937
3.707058477783969,116.71817971142865,-0.008535675720178456
3.6725417108692264,107.86198676549162,-0.008610800597449196
3.7478476734262265,103.73211686502825,0.13972780616325212
3.776375505768232,110.59583485766623,0.07158437624130357
3.8278161791173657,105.74709827711284,0.10122886491454196
3.450266081665152,96.69519994971031,0.18480764069356176
3.5398493370295325,94.11676383368534,0.0760963298147018
3.5573865232490887,96.29326483057694,0.07135973141797743
3.2634554846010095,80.27893888493755,0.33089024465365696
3.452334195585713,88.42121015058211,0.11631003394835983
3.3668365661770494,103.31305816373265,0.16815810139566156
3.7176744028220794,87.35902820393567,0.1047865777650835
3.699367208888263,123.76829525364882,0.06283192604049977
3.5856474092228887,88.82881916007274,0.04524972075482477
3.4877594096355446,100.56376306870517,0.21041176625934396
3.7350448441883644,94.00813092922783,0.16220736758340273
3.7301679350911274,87.77165219675501,0.022787611010291774
3.7072236702813752,88.9836879963954,0.09728404445675579
3.704630995576186,85.99054067332686,0.16793379508332681
3.347178317658944,89.53334976921231,0.18250733171711325
3.2506004419082095,82.78849624954218,0.21785234570274273
3.282922509954138,80.61208689026284,0.25317527137678675
3.315344415459833,72.30979479031039,0.09551905984840857
3.7000107097934825,106.06154156200435,0.2898683416387863
3.8482766480344353,100.24702032417946,0.17942690608719014
3.990642899815839,110.0314250674955,0.03207421051044538
3.8653414752888997,94.17652082092336,0.07729086135529
3.520124879593812,101.1617586393508,0.06940835292051739
3.183445169177414,81.64916357826344,0.08592757109153874
3.0567137012364762,73.73485085427238,0.411533563828719
3.5427510644430074,70.57403681264593,0.5472291031308061
3.5109505292680003,84.48726050747902,0.4099376052169699
3.418722331056868,83.63567324752857,0.16058100955664456
3.446000758567552,80.33733389019889,0.12469772818342424
4.371750957667539,93.70568209029545,-0.17177580261826675
3.847975795304161,100.96848056297753,-0.0478239378102321
3.4953970801466707,78.79921945986874,0.17689374813788572
4.017161240176995,62.38857053327981,0.09722008653139273
4.01663005144807,62.33241820350244,0.08690233558250204
3.7606160285705372,66.10977588924548,0.051429802828684014
3.625606953039799,72.06662282942871,-0.004451238290004869
3.507440973108992,86.17525088323984,0.11616134379788427
3.8726783380184737,96.49093479942042,0.11756262543909378
3.6875095312524695,108.66005016871514,0.30828121718879875
3.7920962376227147,101.20448067627174,0.23173876437663632
3.354568389642087,88.43957358014795,0.13160677395509085
3.271273275127596,94.20467402640853,0.1923581750783354
3.245220623300246,91.34531812131499,0.17278714327786684
3.6770835482228006,70.86220392365404,0.14755328383661676
3.820255457746357,72.69481618223125,0.15413501937086016
3.543259404420829,75.74957821124595,0.255533768926752
3.3366313012611184,93.1347211728111,0.023832215305017054
3.699205886650813,102.34596401343173,-0.041821739752476675
3.874248701704873,121.49721275514004,0.09564724204820943
3.632301136802291,90.59913140913804,0.19834736271857908
3.5465797354646815,99.09921362145569,0.11171057531202559
3.3941164664167585,90.04942786383135,0.17247752139951233
3.5525009342776075,88.46688379538904,0.36378591657872256
3.3197081222632203,76.01042307727089,0.2682229964017967
3.769475250918648,75.0028906427535,0.2259597039004902
3.7783286874999993,80.86148109174093,0.1600457334628472
3.6721938684160476,114.96628348654815,0.10444578824954448
4.067049931481123,122.20006209071866,0.13050218382150847
3.4345659028622846,92.46791967650982,0.0442566315431986
3.5004417488936497,91.05746130672263,0.12435208272707832
3.761374676485636,105.50987199092603,0.19457419732111375
3.7720444673177305,95.5095026391178,0.13918284522176452
3.869405621461292,78.25882054955379,0.10199228107728277
3.988452549576226,85.72655495317296,-0.04284867523534692
3.6325362218652533,79.69953433795472,0.3366482664066465
3.549109906438466,87.65825130544737,0.42679027578773165
3.749421416795898,91.70511841961176,0.3559965537451437
3.622626248141157,72.26948269752661,0.300454697509459
3.6417780836767872,71.80428436988808,0.2812571972400554
3.626189182419012,112.72775572576077,-0.048829373747623875
3.461918291258319,86.4834328303882,0.26530255343140585
3.464138794131831,98.47635683995624,0.22182305747102873
3.5494240249684017,92.54385050905753,-0.0323727489988324
3.483143625197835,96.41087313703467,-0.022098151506191786
3.870662752737721,97.95637723208836,0.18964224549118264
3.4662371276121986,92.4465458662592,0.2060249020025818
3.444520442292132,88.19080281291082,0.20911932303000838
3.5087824179475207,94.07414456912537,0.1765246023899685
3.520386691822708,86.18233882518642,0.2340865483229016
3.630008537033337,91.00584847288084,0.2725432003033327
3.5501878100196014,92.59341484289982,0.33343159327954613
3.4710267115729727,87.0231439226094,0.20148231007715448
3.909201323869232,109.72259750481824,0.09944942348141786
3.992504180600888,98.90380349501547,0.24308378997229232
3.9982996870529806,95.21120865441263,0.2449220116319954
3.6220769998153517,96.5566085132817,0.2997582216204117
3.5754997937226154,97.98893299420374,0.32428839571886375
3.769136139573319,93.92596608856815,0.18579809138111197
3.639447240114184,100.81429739221348,0.06515082295529556
3.584746451133258,100.96928441237262,0.21489788186497882
3.82175201027654,73.3751036642895,-0.03160329890710041
3.764495084654714,75.83588605680971,-0.02360827230885395
3.6410521412214587,83.58786973437155,0.03906778749202894
4.034321007758378,56.05777772334701,0.05700288269791577
4.324238440750501,40.99000469591784,0.15470350546206868
4.102969538924572,40.93158518967552,0.16242830587519855
3.7279630787863627,103.70608327756113,-0.1667693487592329
3.741802425099749,98.46128327108484,0.016766200761453867
3.690622591429266,88.3348660660529,0.05152888065031825
3.756695581058701,108.83106808142465,0.28375267857203934
3.814571839540902,100.29435876989827,0.01810578013391936
3.8177336786072797,128.80354706737543,-0.09901577079746744
4.1895886428858935,125.18107771694379,-0.0669806800522033
4.126896758251531,121.57986488104099,-0.07235059028325673
3.937695303237516,113.17480743283586,0.050611120957939654
3.3036472178854606,92.91622779770745,0.1791503939009909
3.3851815953283144,86.15866016680717,0.009967876180183445
3.335635106383239,88.4324656849292,-0.022128310722411903
4.250331765010673,108.25552637487753,0.19263349950322511
3.6978652728722787,97.62881223150046,0.1319356578958733
3.7100210460733978,92.27126537402535,0.013740063140540753
3.7339473973248594,88.56656111170886,0.2829832166827837
3.7656836551504065,72.07847740952472,0.10623241273809508
3.7317854136592827,72.67016338524614,0.09799221739770454
3.6542951623160604,98.85943766533066,0.12758359627715177
3.598964938104894,99.39667090696693,0.09266419208626739
3.5371407164345663,99.66450922173003,0.05396319060995677
3.4807512411420043,93.95507179634033,0.1590061843003717
3.4738051178622884,91.47859345568446,0.16222535835488547
3.4853911131793565,91.62539294909661,0.16888827206835685
3.701198878986623,96.71389534295395,0.0004779143235809467
3.5710404803589015,108.39773423146463,0.11220080549092615
3.5385817047819046,84.85752692611642,0.013102981696381263
3.51567788207485,99.38542346011236,0.21073801194209899
3.5609412974682018,93.14978740332658,0.16959935041762395
3.8182640674681974,98.05460219295892,0.0035207711075901545
3.60759861404056,95.37607595924088,0.22938813436479707
3.532165960127187,101.75780801178108,0.06504106904237328
3.4353066227332305,99.53905383085166,0.03570815396992908
3.5801363275922,111.54276890052724,0.02831651485676294
3.74336835102334,101.409038449712,0.17856655406410582
3.548837128652917,103.79864563652801,-0.03561308943797577
3.7139464956116153,93.24861068494168,0.13785334415632947
3.8732706610304697,103.45745318755758,0.312394633239104
3.8585567157230893,71.46589093579168,0.04053887405823135
3.8865947376775245,71.75338225407317,0.042391824671885
3.782767699342261,78.50659552160137,0.1032543745573965
3.750650242468517,81.97183816362282,-0.005042271149968189
3.7974129788494655,107.48034303321103,0.1627804418914335
3.4667476871643377,94.58837224347158,0.04697630737446597
3.495313354095383,86.47563685337299,0.2523155388569823
3.4482649355702453,84.48561502498525,0.32976976337516445
3.6021091693818366,95.870480139623,0.13496528704095243
3.975607227326911,103.96958454732058,-0.16918557479924287
3.871092693253771,100.67357570816782,-0.07772800479747757
3.919491511979443,94.9060027721026,0.040434849747474536
3.835712416641165,102.392511495476,-0.11990662055894094
3.912361742272593,115.13582589061504,0.012998941979873302
3.6785187107253905,93.28351274213325,0.00876374461718498
3.652212412953312,95.26765017675554,0.024772121780706678
3.6148327085527368,111.89129166497557,0.10877477175569555
3.6215222914745153,105.3639686212762,0.11489945241154359
3.4267125701911976,90.3915678315633,0.09065729757258988
3.5407337772486898,100.38916921853215,0.13456264484975208
3.570378257055117,99.8228675587747,0.008083724283903176
3.9236976489011566,117.06383755070418,0.0864756756271727
3.780995605240882,108.01913512743047,-0.09317240235338033
3.710254335340582,110.13573901833254,0.011228765449125006
4.00175729521598,109.27536001735619,0.3318008794029026
4.1359478801584935,133.57681232484182,0.1496783820618943
4.1449829050307585,118.37748354123626,0.21659111280464102
3.8929832281926857,115.21401639848146,0.06964639950900411
3.8600359208943393,111.33646339468699,0.09054237862929256
3.941813922958805,110.16636844566088,0.30506873635467147
3.557187210961182,94.04259173506908,0.20098217653045058
3.4896145760960464,82.85435781549783,0.2687869769247798
3.5081127620126167,78.46800036934668,0.306750754071408
3.468599746343947,82.44420682720961,0.3895559949738131
3.7138370500047047,94.71525864483684,0.2490082020083369
3.7429067710720596,111.57883589182457,0.19945859397885676
3.5951848515373097,101.29692619065622,0.1692523458458544
3.486853476971256,99.26615575118726,0.14039470680445443
3.48976961697126,101.32093587317526,0.08427402722900908
3.74847281611491,99.45377265886248,0.06152244428589576
3.7223582386255196,76.80841401679729,0.2330841740934286
3.4111281098447033,74.50746770155203,0.25377500259421176
4.02796164144582,104.45839545480757,-0.11915901699416205
4.17518003277752,105.89422048297223,0.03686841628966126
4.095463603553442,137.31597229861828,0.15141067820373647
3.7540540740706985,95.14605097498142,-0.09617497163228567
3.5976898524270644,110.1232592140058,0.08906918604827976
3.510524774321901,101.18991380102185,0.07325373851592017
3.5517250555888458,96.90539160887981,0.09382961451741988
3.777534244176065,112.71652357094949,-0.010571939408309989
3.4754706427659667,82.18126185324813,0.40402382546440674
3.3931181589004042,81.22681463826727,0.3435095215129581
3.5096795955090396,74.693110280583,0.35980320328199844
3.657106852896988,76.6265859151864,0.2336825987420073
3.7713420323446774,133.5809817150506,0.04343309838896469
3.7700572911117436,134.5891839198436,0.044236000978419565
3.698956115449629,89.51402657111004,-0.07039136326596414
3.5196257281417123,89.79298055243913,0.35150089824043296
3.764916066913523,100.42259499113028,0.10917525993669035
3.4944424030966843,85.18698196961311,0.27912172232112314
3.5711554074756267,69.49711017870159,0.18630693114353244
3.4935307551438153,67.21452932326274,0.048253233984289684
3.322268291957002,82.85835178790252,0.19549535383462424
3.2759179393470657,79.41740417894862,0.17399313051212403
3.7146149138526687,93.19190364870936,0.41305913959676477
3.742562717437529,97.90450512000267,0.29146630408600516
3.676004344312788,101.04129000537111,0.16135736480945792
3.6133978231760695,100.62912885059892,0.3248043133764586
3.6574455883332786,78.62406251729814,0.38540793116409133
3.7508970399455146,78.07133044274066,0.5565325749801386
3.5878158284944837,88.55244050181197,0.6332983056935728
3.5316601897458932,70.66319394995992,0.13647939672767592
3.3028383024241936,89.03419035335978,0.040286681617364595
3.274553740933248,91.58486673608992,0.3018723873997921
3.8777111886664137,76.0717180732213,0.2810429330771609
3.5361050653214927,105.84806900322992,-0.08629552143817451
3.522033260464658,107.03827296022878,-0.1147492984676879
3.61652369713586,120.55207559559358,0.1482261864526406
3.61652369713586,120.55207559559358,0.1482261864526406
3.7602002251685502,108.59476204715577,0.10099096539360726
3.421460288063981,94.92395027569009,0.0910850835717974
3.4954653325313374,97.2356733903322,0.15138795821355355
3.6108984283566703,105.3886504339,0.009529653954078178
3.675267452136566,100.80606456991725,0.09310074464785828
3.6518626084442496,102.60998121743009,0.2675886758517939
3.7154740709142726,92.01970621434843,0.10192419589840075
3.8005875386040606,95.54257914870186,-0.02914096518180537
3.9205981505642744,105.91076731470717,0.18466808056350856
3.5427557825522493,96.27144892662804,0.029281440695673816
3.538624392272155,112.60521488574798,0.04874675754945259
3.954534584611737,89.3321849044764,0.34467066150418796
3.4360443141547306,107.62951030380682,0.06694941276893478
3.6908003904785462,113.4675551901495,-0.03519136565949229
3.568512963931327,88.51319194372334,0.2546027187178388
3.577354834914502,76.14545355910924,0.170770743534984
3.545058087558409,110.96402425083943,0.15568106567228027
3.664055254045242,84.33413644987823,0.018637078097105988
3.599865859417771,83.18297169802518,0.08656374025788482
3.4405776960390946,87.01532754457804,0.18372489843762815
3.7909704816310192,114.46878099918227,0.08075385042220391
3.569452182547123,97.27368110667362,-0.032504976818148505
3.5530695967454924,114.79948285175466,0.027941201668564265
3.9104342162043877,100.14751306748367,-0.01890162523077096
3.3469215715583873,98.68362132403998,0.16337424153048574
3.789781753922655,78.13438428736008,0.2145035956414199
3.946217944454512,82.30523159123943,0.136682649690154
3.5376359946559317,106.56786733294894,-0.08115685886566526
3.4857004780785146,103.35914419026938,-0.07065648111857638
3.513564311966602,105.19541357981292,0.13021996769045424
3.7351719496259745,100.6009645780586,0.05931921409378218
3.8063927464677962,96.48538133316755,-0.017910027084902497
3.578127371602305,79.22077552167299,0.18142137945156678
3.5273775973189663,82.91315517645097,0.021553624928698105
4.025040778580311,109.39696187213198,0.28584878284271836
3.8414442373465945,117.84210286850201,0.14252645351667192
3.7443430954638206,111.27130116114074,0.11117706489600036
3.3702888644476263,91.12774188322277,0.21571499569049185
3.922971018295283,105.08419058367562,0.015785079411552126
3.5494470019206377,95.17126552150705,0.2528001048374529
3.7670565393747046,104.24140602598564,-0.03721912473920182
3.5599488678139997,113.09665136634459,0.11059719722850973
3.6646399993608942,94.93176566622243,-0.052618267497194976
3.784051083478373,103.99602760759271,0.18372579266082822
3.854588239164591,100.40545631681651,0.2460724178316897
3.8541687282298924,98.4067531284209,0.35016283764424416
3.772189947138781,107.1011196441745,0.19357665265456808
3.7713438206936494,91.67597266261821,0.08718835850758401
3.7399426751832974,85.0912838240311,0.171838428937547
3.7074842691351884,94.92172434353347,0.2275871703041486
3.560329149481348,100.99079050692707,0.290767766123245
3.7210922232206083,97.48265911171457,0.24808465748963462
3.880319293350081,115.8248429432848,0.1063463453003712
3.2907451315121126,84.53597606366846,0.3458368675322661
3.6821355378391614,100.53432630991949,0.051926782720077905
3.5299260403629575,106.66587920404555,0.12505910087315442
3.3855401440009887,85.71531966935879,0.06312800680192149
3.5876402038708437,89.49653620671491,0.05118693497755378
3.5992942786759294,101.0528024954705,0.12202167504049101
3.574303434014466,103.12330020867155,0.059199990639041356
3.806181084126499,114.513784987472,-0.06375160980222898
3.705928092788714,111.03281241448093,-0.10533046649573946
3.8049639505595447,94.08229866020069,0.1671382450323843
3.746320709885248,81.23093552584703,-0.05434554603303434
3.7935028069271284,70.68157513999411,0.12386272067716338
3.8820729237552656,71.33309373801772,0.21496961612423948
3.815279026004422,80.30180061862526,0.20409214062358005
3.7606170789007543,73.75126456811094,0.059689742603800625
3.578849566335818,85.52353237882383,0.09225741943025033
3.574236796373512,86.74165290155166,0.10349564954327967
3.6829381542163055,85.70145082575868,0.2474948281798917
3.4880295256367564,100.38060731305413,0.07269128119893722
3.424542806275452,105.19948073090671,-0.024616123310970094
3.656822712528448,102.02570566852803,0.06618321219752654
3.407545272374323,101.28988449662334,0.03680679275890953
3.380022579007125,93.38453051024045,0.1009406104063899
3.4576539401047603,106.151681313336,-0.0003112934402248047
3.4207250803771596,114.05516281685163,0.07358861430380946
3.469786099963375,112.53138085161181,0.04146886249964681
3.423555120335652,97.25051748034032,-0.05187569940371941
4.3030203153324935,119.94438220593138,0.47614929891789226
3.523388710036168,101.13438565423897,0.0966441468822625
3.3200778423601456,88.03065206567058,0.16396334638559387
3.1725371849227457,76.05383812707086,0.16204912202708463
3.745875504430134,112.0052881463615,0.15199955839947135
3.709811749236847,117.76654086731646,0.1891558853367266
3.7588229245430544,92.1441074521209,0.1747878257088884
3.569015899929827,92.86009325520295,0.36027254039941475
3.5155836564776397,96.06679288670773,0.1717078054130043
3.64070182609578,103.5421258103008,0.08936437198978382
3.680369914436042,103.49727717029951,0.18753991003725845
3.682803740165575,88.2610711321698,0.29864204968422403
3.681099526644228,85.26463275429244,0.10541482023194286
3.605436581558136,76.40750522551329,0.08787600964969802
3.6571236647740712,92.51631964979255,0.1859993160048821
3.747358242385071,94.84308970286762,0.049734148261489614
3.6973181399979835,86.06229536304099,-0.00029174927713994186
3.514818351073262,101.49942065943375,0.3064128060098813
3.7147819946990213,88.929470805378,0.27087064424913543
3.6449837256103637,105.81374858191097,-0.025275839412252442
3.668813503882708,110.81291542447667,-0.022187860678500176
3.4347274752787427,88.45284730930796,0.43362600009632335
3.9554570716329858,101.1513297050383,0.13808657750320796
4.021929009230613,101.5637303243971,0.19011412496709976
3.3652494135442335,86.60582494398916,0.22138068110378964
3.50801721187075,98.82455556239836,0.15531243547246948
3.5360755427455004,91.88936302403357,0.0019973760385952996
4.174875425339042,112.39628958583319,0.13752575404496287
4.204329797236785,112.18729983166433,0.15145310276283902
3.3271539815386553,90.06219091936933,0.2160317713703635
3.5363121786773375,89.25290006552902,0.10688081046568663
3.5632975163592344,100.65722522780867,0.17388363660951203
3.6149757332055366,91.37203067329023,0.11263813786827628
3.767670724300717,102.82368397920074,-0.041888980973333975
3.714814166716828,103.49741139599546,0.011127277600660243
3.514177721033566,113.1590769049966,-0.00249124014485083
3.5203150376519305,112.44995038541016,-0.03194352264458011
3.4971854299475766,109.06755437145046,0.14016020965312376
3.389000102824598,99.43729760095029,0.002331817694296944
3.678021500302377,97.72911519454586,0.41866927066264487
3.61464034258219,89.66707322764665,0.21053326086829413
3.8652373895804493,121.01163733881434,-0.08002943249043452
3.4440028965120097,88.07724619257571,0.27207375220884844
3.5631098071555147,77.69549847813155,0.25766800225816006
3.7053789564384942,93.43039808504072,0.10927059372593223
3.4957996109262193,108.47588175195808,0.020299980361789854
3.5216985314197813,96.55112617610726,0.08228512902376998
3.7363626899920117,93.82995031676043,0.1935747665228718
3.3686777589044046,72.29649725798429,0.14553324583612837
3.3113075653153046,79.38407901685953,0.21071766919653986
3.50619807232685,109.13815634070079,-0.008455445515323526
3.5327281439501266,115.52310796548585,-0.0062541865623055685
3.466689643129099,96.40225174359311,0.006240017691332923
3.431978952227479,104.0914839242939,0.06763691703860131
3.5097793613876944,98.37868499158597,0.12954213528046343
3.6519250900138025,108.02625857165238,0.09609186412326436
3.532105200150146,94.09787224319837,0.06006470765986862
3.7925768216439195,111.21261405427397,0.16604146426636962
3.8273182541100375,114.46529186686793,0.23093095489210932
3.797556492882243,118.41139513254764,0.2905571754056927
3.7805478166595927,111.38493452686237,0.25907949899023064
4.165581262717627,116.20951996525636,0.061555582570766
3.7602260807709,103.12711101945962,-0.00540839091039572
3.7671790803366227,88.9085739057905,0.2814303016876923
3.585596146245745,109.85868498179595,-0.07815343379663747
3.8480257886661597,120.04798535454356,0.0709846291647161
3.839793211934443,117.53554876976978,-0.09535438433866542
3.9006360986613218,120.57542997628222,-0.1238791390695646
3.8698269585717684,122.04446154845176,-0.11102570835105866
3.90135296412308,122.66859319349652,-0.14903223247311012
3.840731631519268,106.76082814970812,0.08553404709009163
4.032533480519262,117.43946804911702,0.03950541962132547
3.5818016708832454,101.51323441809276,0.15061129234747098
3.472017974387306,88.92305602055175,0.2400204991971622
3.768511753683638,108.35465386547901,0.14549022209758464
3.6862133155976387,99.8625646610207,0.19824112041957104
3.5252314657010504,92.60529954101649,0.06427092428667039
3.882546265602819,93.86374471715008,0.10102773995262439
3.8066442411205443,110.12333444419667,0.4514233577112181
3.902130573436884,77.50589317203666,0.3612288663539735
3.8494429349803645,109.17558105859979,-0.09726943265571253
4.051672383186032,106.465118328757,0.16707169942894853
3.396240535586239,102.8658511524163,0.0065874548840363315
3.6775785389651023,82.24829205767566,0.24051830153310041
3.680285842609957,105.61856763838344,0.32602773311441613
3.643012455781084,105.78563016025132,0.17721148754537305
3.7645348617085594,103.58167716647284,-0.030818652866394486
3.7320788800657585,122.82428226384799,-0.02570519338991959
3.7512060973100385,118.19347026727536,0.020808499365764534
3.765282481038938,102.83008047030086,0.004081423300185885
3.3801857441987693,96.66035557230671,0.22164466151323586
3.6580472202723064,98.14757209007574,0.1260253224148368
3.488482519570063,89.0031792323882,0.16791580377525067
3.5339749467029464,93.3627834865995,0.17430359929013753
3.6343195908976793,107.38620696610222,0.1107942067115132
3.7637216021875677,101.21293005178954,0.22832730014359653
3.57308888016743,92.98390907863403,0.24669285183801276
3.710995778856557,110.56693767480505,0.11446167660871522
3.2461528444521743,88.7006970236686,0.06787627671567342
4.212059675739046,110.54884827758157,0.008904298029889752
4.079301599732087,155.17343086238196,0.01588701910671517
4.127951689797542,139.54987979232277,0.03710920224467628
4.251874484740297,122.36561704466843,0.1843367474732632
4.010425570656384,124.38346347750824,0.2630712121693928
4.084293654043529,110.38722554729289,0.26632254846965653
3.083098783415339,75.19901851860723,0.3026874325428697
3.6421001218310987,86.39823060866269,0.44411825762574425
3.8462466526008914,77.88139450343769,0.2088524091765121
3.6721969429287573,82.67615758280365,0.22842860400968246
3.9391330056932703,83.63816908509101,0.15311421269082273
3.758481536318821,78.00858261728777,0.05938559413705244
3.880898107475542,81.9801746668737,0.06355300240259167
3.8633388601170555,74.13602828559954,0.12457056630584194
3.861883340734821,78.75291042951865,0.14300722579905692
3.790225012802181,113.62475677239449,-0.06098927125835489
3.7142087179836354,59.70436899092085,0.25911463505735294
3.7240871283369885,58.34960575865981,0.24336287170383902
3.407385402073923,62.876507804298775,0.43522531025090816
3.413627007680113,67.96848923222207,0.3511922488153094
3.6387426321961978,77.46660431454156,0.443748019502502
3.7526126534235345,108.99325655767763,-0.038995296925256204
3.723399448640775,100.47754731008128,0.05370917910993517
3.7087808459225524,108.11497546921204,-0.04537437900829042
3.726310819595731,106.464713116029,-0.05687067938930964
3.488313979147017,99.09769393839862,0.22519625759702755
3.5113650261179106,98.06057973226942,0.2170530233809955
3.5852295603098328,93.82177203154004,0.15926485433581078
3.544758695116106,89.19208629052596,0.19679087256042596
3.3402044909100135,87.88840881365947,0.2927958957225479
3.5891982523877712,91.09005292694145,0.12777067001072484
3.8444000722718683,120.17963905019701,0.1300894874055319
3.893970747725237,114.36366840041605,0.01035061046115101
3.6194124413432602,106.6729731269705,0.19502662467898485
3.7126781530567055,96.84248995071266,0.15736308967328982
3.8122190997705063,91.9152466418379,0.15523074287636662
3.9667274667019496,116.27076217136769,0.23722443213863903
3.6788283399278416,94.33911046250216,0.047889908253307176
3.716331563328815,85.48254605227902,0.11662084217687835
3.633973091431394,95.49579031718419,0.1742139603937464
3.526784748215777,101.10333562488604,0.00913012292834561
3.479763941184954,101.54523009931238,-0.03667509566463731
3.540194848487472,103.25252576604947,0.048145900054722086
3.800969358268747,105.76222039265812,0.019534303993027954
3.882975042358003,123.16331542497451,0.08543674918845034
3.5611688101767514,86.8439100054236,0.19099138860760967
3.5294164053300765,76.42588614140163,0.16084452346750666
3.4705645769180973,95.72647395127804,0.06259516649823922
3.475506207905601,83.23569032851698,0.22666951410204716
3.3550524737601153,96.19460056197391,0.15548216150067595
3.833921986844144,96.84485662670573,0.23262020008912543
3.7027703304751993,95.00381099365296,0.3043064903932129
3.69177107396483,93.83783432461024,-0.027767967643153205
3.7812724722616857,109.09605895708918,0.2869943137967313
3.776193725898873,100.83296945026584,0.03452164221169103
3.626903697495024,107.46086326911103,0.08078469560339104
3.544331307314633,115.74276542898879,0.0838270663791218
3.7199289511923985,86.99351350489115,0.20267061501602043
3.7803302778475913,90.66047798498738,0.19341624768241794
3.798626260239383,90.39999991385562,0.19570122305258936
3.8228508101492076,142.55099766867647,-0.024348646134017396
3.8422110521609554,116.83708415020163,-0.08660049712142188
3.7596646983513833,91.93598114140809,0.09086363558213364
3.4582867517388705,104.13627764042121,0.009813106348632257
3.5469542454549274,108.45734446907848,0.057591236017796164
3.5838574309390334,103.05404693776774,0.032444719164106066
3.5587354618622165,82.00816828703081,0.20952634970744946
4.019485187398271,126.04563582723212,-0.007692202115955699
4.05996907095833,102.43185692208823,0.43892623375239903
3.267011752632206,81.44828338176399,0.1585838455373952
4.356378951233141,115.93120945207313,0.10364740810137461
3.4121825299785886,93.8289029037461,0.008535438185269886
3.581954045312153,85.22613904448295,-0.006161095498139234
3.771627654684337,119.84414995694091,0.051847576185401756
3.986081157036086,103.53895369510448,-0.15688856192937015
3.412625774581159,86.99619119047145,0.32195297924981103
3.783757344754657,120.91480602602122,0.12476855426854222
3.716438814126606,107.40599863359111,0.060034611386575204
3.6736252276896484,103.00358310657715,0.03609976356654542
3.8808334185759303,101.7215335023387,0.17482190870962866
3.937842674206492,103.95006557527059,0.15683762893537986
3.873422357839474,100.8731755100171,0.15195673644080854
3.7157178256420917,100.64121808131574,0.14755320517481665
3.561927618118465,79.96186956384454,0.2149456883527502
3.5591215213887413,85.41799922820194,0.1615739456385101
3.913959170879161,93.65769950741779,0.1403052248229193
3.41772164352355,118.81232536901693,0.1211401737876846
4.153065204632119,70.64826179036588,0.39624029310631426
4.147926672338254,73.10751602705093,0.36581169408620967
3.6498003249827526,86.64490657962745,0.5444380034274733
3.9245783854899234,105.49568102030153,0.34986732987956687
3.7160757476522877,98.46372119949646,0.25771842702249675
3.6517414959882157,87.24563034379794,0.002728867739639505
3.6136504842201886,105.87634279972238,0.1653923973281911
3.6583071279519963,91.16303876392435,0.15562877308480103
3.6665367368771333,100.3071057829295,0.04938970913806668
3.654925626269962,96.56263649831452,0.11385836489278824
3.629164102040853,105.13081744462406,0.014252752082807504
3.704615791833388,99.92701513021278,0.2119701793050247
4.101436537708769,69.21782998017123,0.21427319462568326
3.9491756866282164,98.72601433654941,-0.02943861477969614
3.7923601751632825,100.97137448933132,0.04207267760797118
3.451175330672471,90.2909409241486,0.10838723993938178
3.494827410600914,104.61370979612911,0.12110592790404247
3.6799535977016173,112.04185611043148,-0.11119212290522366
3.5020244751350678,94.48171441694217,0.17856624527313178
3.4653558331031666,88.47211791698626,0.15571017742675097
3.6769161191266546,103.22567441041627,0.1387501896386897
3.8432454850492834,75.18809238799398,0.03131912073118887
3.6850911942705724,86.44757490517576,0.15635066370561618
3.5901722597790284,106.76839345698009,0.22020047616878455
3.5547046261356683,110.52532374933413,0.217491443993053
3.5888820465832976,68.70365566528153,0.045086972325793145
3.591185142771025,65.6766469911542,0.060426537496916684
3.8359234332188454,87.59624113375358,0.27858682885404484
3.4498418954641497,108.94490596624436,0.004527104012632416
3.6823100321024724,82.7794550091969,0.401125591863
3.6405444208266466,89.47521386897662,0.43412533202379033
3.671171699163555,97.32985148479007,0.40045160898107407
3.8505103682813764,102.5077606111346,0.3033266083129608
3.664006612757251,105.85969507335608,0.03985025082562486
3.59702620980863,98.66497926287964,0.1865184599087502
3.5249115354468556,88.66148928005067,0.24658798529383777
3.72143067753536,112.96589110953202,0.00791221208929326
3.8380845125102874,92.52938372773964,0.4847603089977336
3.623400099853722,89.34732212463769,0.34105210835092914
3.620307107988738,91.56915676144814,0.2595537083715239
3.9588616885848413,81.99432666646857,0.16932505057203692
3.971294976725514,96.43404199853767,0.2287946074987376
3.6821982642805646,108.41274349639728,0.22315740506581946
3.6784893601140127,81.65522350936871,0.23854351273731342
3.901518664431409,107.34197451001786,0.013890808410260505
3.9360333031860097,107.96749813617498,-0.010671830239114652
3.7815676815752344,101.55357166083839,0.06216685785573016
3.7594298575913263,103.17469264115176,-0.06898127006920039
3.589539817016571,81.26684073992149,0.37918045431686487
3.777518115499802,83.26179488595173,0.27371764487256073
3.6509869141690383,120.32976359335015,0.019147857066592597
3.847835725097981,85.77434170153018,0.24702387033386647
3.402020465396428,83.35455997313143,0.052957276360569516
3.4792705542799083,109.15939448165395,0.08505472833247434
3.6631494308444434,81.99097771091735,0.21924857576982038
3.8460421035926977,77.00824520599087,0.17150041027195337
3.8960222739927928,77.74072991621065,0.15712703679566978
3.905032241405196,77.68336042494464,0.06090837360751353
3.80716213622639,89.38414619689325,0.12538720214606267
3.916473947699394,83.41589262876255,0.12150795877773338
3.8738016703549563,83.18843897831296,0.18801735811891188
3.726035927602286,115.4810861925484,0.0864554287602736
3.5173361426691625,94.02508239685083,0.3191178637903546
3.804607938647522,115.6402773380748,0.1566128094357319
3.714790174990221,91.39774487896352,0.2039686814154372
3.7954092017436127,101.37432481494756,-0.0548778303793371
3.529557206701909,92.92558400194837,0.25453469952631974
3.9238943323097155,109.30415933930286,-0.01127348644202503
3.5251600898239395,96.63748632259968,0.12177605272536346
3.548086900741885,94.57810998992416,0.2092106991024854
3.6626798871734754,99.99705493326428,0.07978553916916337
3.5811048967195562,89.21058299412284,0.2563254950802174
3.5987349699979774,82.93321378030707,0.24156204726439137
3.589902542738316,94.40528317233532,0.03704212636475642
3.5978247273867163,114.95890449762366,0.007795069549220859
3.6987211109139073,118.20339843488055,-0.02305157290780355
3.6650569254778045,120.78215783256861,-0.013182031130244697
3.776966187135071,80.18944283037165,-0.021503853156265344
3.643568102556554,83.0887005842985,0.04692083482446161
3.4412661969444525,92.04265012634251,0.09123804342066368
3.7967238520348627,117.93576447789846,0.11814210641564689
3.911729206569606,100.40941667914275,0.10022133800174307
3.7650041670194083,112.94485226476453,-0.06188121457411032
3.6787146872332963,120.2505379258966,0.020436405666320233
3.8247524377918443,85.49693355270246,0.20288575194018452
3.687430224752465,96.5458061235048,0.2448954945259321
3.6381986836598683,97.33889769110598,0.27090673294173906
3.868960878253363,102.7447254647002,-0.12326121953586901
3.4638376387330814,101.32664728908684,0.1549200309144067
3.3872480473857776,94.72300838971844,0.048391607304276274
3.6086489813929457,110.34930887873128,-0.01907766639078536
3.712952153829095,85.36809524622902,0.0009057680037415039
3.5748434655096517,100.88274929238807,0.2033935146129494
3.642861682843944,101.88765240254435,0.21736761167836002
3.553108287063274,106.79877158667908,0.23601256851666705
3.8309898412701076,89.73830080701956,-0.028198428396520002
3.8597156248177544,103.42278523797157,0.06699256943982929
3.4632472695390235,79.6364739271714,0.15016341283267215
3.3872483072829,67.56850471014639,0.2848618383256812
3.4595772036844115,95.79797684201681,0.4192788878543343
3.471423554457974,92.91549139224414,0.40081343387146484
4.085442797393169,109.07672320200945,-0.04642735265171148
3.9708704343871637,109.02869083344221,0.24037287422998305
3.889929805500882,116.34238718670511,-0.019046465530273064
3.533656276684874,101.12186908820067,0.10091321041089002
3.6306135482153623,105.19347433096269,0.06628576839567497
3.69978943824611,108.47619184231698,0.24280980400025765
3.725086876376253,90.47493685442967,0.2721396393872509
3.755827956616401,80.94917624854112,0.11500240450885632
3.838655831447935,84.43189192945574,-0.05002640528312764
3.820401157303195,80.42202198484682,-0.07518222444649697
3.672634843164907,99.01908044954001,-0.01696993357133224
3.711579803779901,101.93617768342573,0.15673414872917343
3.7075468988806812,100.61898233838879,0.15340250507548275
3.7801655777390426,106.55043023388498,-0.01552358704722072
3.7498516780273534,106.58745504040033,0.07216492239147998
3.756790248361159,112.56982915665138,-0.05966160111538197
3.627111146629759,99.78987186846373,0.19937420246816132
3.620124217809646,97.77762316353466,0.15592826596183235
3.6515450783382177,90.52193690464122,0.12852354701434937
3.5351508161770995,92.6290928214472,0.1845655261780897
3.9637252541423473,108.55353752247143,0.18455471735757553
3.8911324795355013,111.02179942870985,0.2702950237283746
3.9221971454288855,113.76941697492083,0.2784920535626533
3.9792792168451716,119.7210842461908,0.2008465755431213
3.534250689852126,91.65534470002581,-0.03150486247663942
3.716455841113373,82.83607155865074,0.35348761216870594
3.581170118751961,93.66459670086543,0.4651227927138413
3.4139486198583513,90.61815518953799,0.06849539980848465
3.472570973262094,98.5187557600869,0.08673168684947995
3.749100084396466,102.32618943300922,0.030766528281484636
3.738366225589739,123.11549348176766,0.17849815114721956
3.7364793834319365,91.42542774261247,-0.055743144837658784
3.7324974749225275,102.20932878339,-0.029132219261225115
3.5746557176826976,104.91698520960439,0.024338035815041906
3.671733521741532,88.00115923404641,0.2157864261095512
3.590478428733277,92.44085208857604,0.2564900141431667
3.499734397167239,94.61572053482324,0.13056590617604805
3.4461137497202623,93.25385976344599,0.1515686836684157
3.6254495504321738,86.40469158222888,0.09425785298740595
3.737140021479361,90.23641600724318,0.08448731396597142
3.7609898791849994,84.10446887713985,0.07992384983581158
3.74305271056672,104.89714312022411,0.06817043793137327
3.487308934797421,90.60652663891456,0.14661455055018993
3.6389595635858427,82.79793192368344,0.2036948608896624
3.5786213149176493,99.58753150173918,0.21932310857278378
4.186365157318515,125.9599383104959,-0.17358046158036103
3.4053346049631714,61.82268972066174,0.2921390446652708
3.523258970794007,95.00804643388118,0.15917985791931233
3.600305351437539,93.96907180329244,0.12598096249042268
3.5261702912150468,97.9588884753235,0.18175060853299513
3.6158899762985612,115.92419506066963,-0.005937900432988582
3.915577971329075,90.27061903754823,0.11834218467551534
3.5038464447317454,70.80423041912249,0.026502969273422154
3.5648245204058755,67.3384627088741,0.052799947347676617
3.5023529213073945,103.27818572790541,0.3718108384505741
3.727903830747727,67.66284112770845,0.352385597134264
3.794094301782422,79.29311736114158,-0.06411044780143275
3.782718140249371,80.35347809716524,-0.07420489192338256
4.187309987784114,88.1022452102007,0.05700871746438499
4.300101547324032,74.40512662061396,0.26085392948417063
3.601409114444857,78.1955947740894,0.3318740887457603
3.6010166082630253,79.59797215646829,0.1979182496218873
3.6969533701570576,84.10445227297734,0.4603504452107602
3.6490767443268077,77.67786759086906,0.46153637791121654
3.6359839869001824,87.92303875377878,0.28652617468391367
3.59783742817897,105.62417464362305,0.08667190318966694
3.5509054136192284,109.31658933164275,-0.054801401031836026
3.504668725688098,106.11424174080388,0.05736580638239083
3.8809589960789967,96.17794813751684,0.11456695220899524
4.113566859561236,97.3170708603328,0.1211621891252178
4.2131683963050675,100.12861655514843,0.15746111835952153
4.103148608166887,108.37659580111882,0.30648220195825976
4.038982948214473,107.26199500697824,0.2938209196235357
3.6695039010854376,80.31273848506073,0.1316477457032614
3.8297620842256457,82.94207776561676,0.11538985847822578
3.8738851047671825,68.15385385516305,0.27284227325013466
3.8010375852955987,82.49322550748461,0.04555889959409086
3.7698005410573012,78.72590895631048,0.1250903742964132
3.993102034929139,92.05365014082645,0.1923627842785441
3.7867719858287963,113.24455272334953,0.2582029550029901
3.7110172530847447,102.95453867305258,0.3078434655235242
3.6728468513068573,74.24866875980562,0.2865869970704944
3.606081998363405,78.6984776674888,0.14601520874456347
3.5422992340678765,76.1273283438945,0.20896852116212872
3.9080605818629115,93.6065122129716,0.21194888538598583
3.7476885025058118,116.10211633241185,-0.12347750465745602
3.8593306658898108,122.04405443576277,-0.025625134841841115
3.7983553636028606,119.18144514564722,-0.06981289424561653
3.783073287768696,93.61697362701265,0.07983615493869277
3.5450206687998764,105.65769737052952,0.10921427391123953
3.7353908859069933,115.36294583072377,-0.01743377938727012
4.164870041534058,111.57141835004003,-0.19074010726986412
3.1907679089500127,67.59867732483153,0.3493074339890377
3.5468847454281787,83.99056304115312,0.6857178262290587
3.517249444632302,85.62872871501061,0.6543426638805375
3.640177597102361,80.53157610445145,0.3951092862921954
3.808101826780703,83.53492687951433,0.013326731794372087
3.8019474694673696,79.46811127328432,0.019574771795908462
3.675437685449291,68.8028361142172,0.11048190004026368
4.093643721422108,73.49376654819793,-0.014691845132317293
4.052576401961021,72.87998854435548,0.006225557878870156
3.932754514657042,64.78855832170036,0.12080899114908933
3.5590075012876388,111.1663554602429,0.1581031768830538
3.746175478271247,94.52022713241807,0.0228092687653569
3.7817738724938703,118.13812086845437,-0.03304810465607842
3.7259181710114,92.21570122003864,0.27145067268063744
3.917288642908731,117.7653513996522,0.2913595721609012
3.8752462166648507,125.21277576954907,0.13935361279154018
3.61569888999748,100.02524541651576,0.16469639615436785
3.3569672932023624,95.3586738375496,0.1395019327000982
4.350828322184811,123.49287205994183,0.13654043087958323
4.292315505490875,123.79403707453366,0.11673495530052311
3.547922406272786,93.7198885081317,0.2885192862500241
3.9126690763214467,97.72821784205314,0.15838961302718083
3.5062115166900947,92.75963029378613,0.026801699034950797
3.5419977277763963,94.2715071166177,0.11480161058625424
3.8774413727040997,94.3190984191819,0.054767761539494905
3.7737688835183056,87.87257599353936,0.10832264893937812
4.0351394330145816,100.30080182409874,0.10475181636171527
3.7731159080715577,124.07459233207447,0.007241092366106995
3.6155310769746425,104.11525582770196,0.0662817831861084
3.7159765138473553,88.49001003655536,0.2760743334350896
3.667773675240541,99.6029793230189,0.1435686894523501
3.508744625134519,89.76169720355767,0.2694560463136807
3.287049566516345,84.29694955662664,0.14876884451223144
3.3115295803504727,95.16602396475267,0.22150718123353974
3.749397057183159,102.35503994027725,0.0002132543476262131
3.8956475610387638,103.4444743912805,0.05503057716989105
3.9174342794659434,111.7153213800369,0.07718214908165155
3.526347920116567,81.60005480006244,0.15577715888142937
3.3737242778103465,90.634104988588,0.23274327606751635
3.5708183650556826,92.61817314753571,0.11349320329624948
3.5404386136370705,85.91398144349668,0.14119448362806725
3.6231811613407117,102.76361893089529,0.1314217925647615
3.4646756693000516,100.19731180999062,0.12422962846544774
3.5996405897579633,100.99988422688251,0.2676509102124902
3.5970862404180557,102.33986734541224,-0.007240452739409873
3.608064167715478,88.82208757809924,0.16802634979308145
3.666667923791961,105.68834573400325,0.13394238653356144
3.743570595110628,101.88280635757123,0.14699572815935608
3.4723711431126496,89.91044380583423,0.29145904402060857
3.5437418129286025,86.4981598096306,0.35580029601083785
3.6846912697001737,95.6829279162719,0.2795858429429692
3.2927339391443575,88.33004085465913,0.09557173023347075
3.3182000036882715,92.65588094314239,-0.000660587745660287
3.5749016892886636,80.25694201593925,0.08975320160329024
3.563495285575796,79.47635908358832,0.030859697110976532
3.781675171935636,113.54706502906116,0.11554519727671522
3.753977937914193,108.73286032076872,0.11986599804320529
3.523914496618994,98.18806098940767,0.00914538036117564
3.6761087012617497,97.05691757925894,-0.008740864302311207
3.588071540793878,103.8382107255256,0.019498977187596137
3.664585893624937,103.35404100588788,0.18657418083157076
3.5821979529394485,98.8935990393345,0.115342112335647
3.567709280312536,98.39220164131082,0.11250814135998255
3.484049281726287,87.47096789105257,0.04439814250514366
3.565991478266354,90.11293042646629,0.39585579892438383
3.697479531667782,92.97949849446154,0.4122146247446001
3.776976594284945,97.75956396371359,0.28352335748094804
3.672588815160758,103.89509725960531,0.12962070548332202
3.6477140681179807,112.87070553813963,0.16409834642454774
3.6769058671955035,102.88063650835628,0.14657574873743406
3.4126755501880424,88.87193262784193,0.06755952821075097
3.484255485763152,91.49916082854138,0.03611574250259852
3.945942050816869,107.93795875331256,0.08414471376944642
3.6071380612139126,99.210423360946,0.19340389927449914
3.774330802095357,104.8072779537435,0.16389591836386846
3.6731240951423993,89.25892798037677,0.27617411029079936
3.3532937131669533,95.91842578886538,0.0862851467622883
3.5447149052285485,92.59211155834491,-0.019683597444429587
3.892345644980591,94.72543278583929,0.1489984438533934
3.8595283174743105,94.5855655377031,0.13739353353484046
3.5183932238811786,104.26775165327186,0.21015638368569164
3.513972930744234,105.00561865942456,0.21653169515748366
3.5511947811973954,102.41134406459226,0.22170991681601626
3.470371206340631,101.93138005982753,0.17912091406420408
3.8742199590859228,101.85144547931874,-0.00418668473692492
3.911347253696554,97.7041101036001,0.14616084535912163
3.8146887815866197,101.15303668763781,0.45337951782132485
3.88916634281623,106.0810783744906,0.2936882541655354
3.660521011044957,102.44427204742698,0.11080821024049121
3.4585255009956017,89.00738422188554,0.20529840340392025
3.7815752395163305,100.2651968356313,0.1986707412821178
3.9353938415292444,110.87338865882836,-0.05976030521555071
3.9143449151996013,105.96370600786021,0.0665303337395115
3.350605703056115,96.76726132818835,0.23221255808655292
3.5939879900066685,62.55173770931537,0.25745667131591404
3.4882655087405303,63.13614876001087,0.23007230492582084
3.8716669114275044,85.26824134611911,0.14348210093233665
3.682976295350852,95.76664471151715,0.3227796606111208
3.8747037000772875,106.47584615657951,0.2731498924129031
3.894238705740782,121.11218630550115,0.11492104022658303
3.375862627661634,84.07312789773216,0.1716365691077133
3.225508928136033,77.29573650542731,0.2584915189256862
3.7210729057715013,91.759853312697,0.14229382174201924
3.817151698331624,93.30347316660838,-0.062321787712980824
3.8412014956660685,72.77214681991171,0.2779848278960997
3.668950531077302,124.17335429335432,0.14936983605843338
3.936251827089931,91.37584000929527,0.15068486420436739
3.621187610470931,108.506668799525,0.2460601459341669
3.845531705052461,87.72475090139183,-0.014276645157784276
4.015881048461471,97.48897032621468,0.08847763633931095
3.414173289596303,79.65360066080812,0.11616307605547306
3.3804446233325427,77.54071412811543,0.09003150311232859
3.325747582578016,86.58686065196088,0.1424468078931277
3.409514562360383,96.9459954372334,0.16059181653391047
3.712656562057396,84.46156287376017,0.20071891323821092
3.4053371606661478,82.61642108168238,0.10161127054732326
3.4845646206559646,88.9152508033606,0.19081005192260633
3.450013224857393,91.90670519502078,0.268007009202762
3.41502486693868,86.75232207532605,0.4850645831174201
3.4729334129636675,82.40642356618264,0.4757911923330194
3.626256306155575,120.40801299327492,-0.04344399529675123
3.84334380874491,87.87675129439957,0.17294933836251786
3.830065045758799,100.92112804842598,0.18815475338682053
3.561138355592654,93.97891948060641,0.05028666087804555
3.4423918089030243,100.42029183162454,0.08898816719323116
3.650380955066605,96.14447419268099,0.1589607870903928
3.469059468246278,90.37428710158574,0.21482239793126773
3.791192916391753,104.93482957632733,0.022410169182299416
3.915392386097857,97.61344913302443,0.008356827263261106
3.49419517549402,94.74904384176264,0.17138071258528736
3.5206011420648435,97.69612451278255,0.05675282029065567
3.2082926510029464,80.43182832367613,0.1780199405080787
3.3295914099086867,90.27721599636008,0.23649606417748376
4.0551723819979975,109.28699606367343,-0.011560451214484024
3.84727160886382,107.80364842442675,0.07987536239997903
3.5015510883640215,102.39293421142173,0.05662900525078448
3.453899874755667,88.77391724595492,0.16368887755556305
3.3670513437329235,103.57892394963143,0.08282108649772352
3.698318300012394,83.38263103220989,0.26987604950161137
3.5188279357229746,76.517540397971,0.38066674965888775
4.140487816800923,104.08506911848627,0.07314116595267459
3.754861307853104,83.35816900430628,0.038570469721232604
3.5349006472185134,95.97898226789762,-0.0005028763607126263
3.287680175550128,96.88527141784206,0.14609649755320378
3.237349296055621,95.26253034068445,0.1564786874459073
3.4285073928989815,79.73028303684114,0.15721784267781264
3.9202317857425317,95.12046783434987,0.06303170807776207
3.6081597800139575,95.57848563775892,0.026010070255604215
3.5983438646675134,93.7256749767113,0.08370344449706373
3.6925231843410056,97.95356681162973,0.23570530894974595
3.3900436543434287,85.91179897019443,0.2592902194523778
3.618150193800348,75.23951580499994,0.3060792869441109
3.5395995233663133,99.41678227038314,0.32933315711500494
3.5583543684343506,91.18739054509241,0.3384479436092601
3.5895379410048567,95.60797651174138,0.4247862815884295
3.574648747912858,79.70634853812852,0.3494529607888157
3.674390611026905,105.38865160499144,-0.026212664074882014
3.5398980330678023,109.2770894295386,0.06698734129053155
3.5236324331415756,100.07047832348357,0.11308980687927335
3.615440103172806,92.84186189839947,0.28878944886280544
3.63336023615016,101.02834967447937,0.011188540607309925
4.108908438392653,66.49033309461404,-0.045761213338749634
4.141667459720905,68.69004404020923,0.02273113997346465
3.780123051343913,63.3686718032363,-0.022198926626897354
4.1619674110201705,68.98277809479714,0.28117268066920265
3.1503433178309295,80.35177598420468,0.28619323781660905
3.3420880158430313,75.62039097862873,0.2988752920422372
3.21220156031515,81.57939522715137,0.2775787756185289
3.7684577917978648,77.21857773355755,0.35590136626949526
3.8298287580589077,106.63332557119384,-0.08704628425177409
3.4130422856659135,89.6866884041332,0.31717575477793114
3.534701101954263,76.53164788441413,0.40001035518397293
4.006509924805294,131.3524826876631,0.14062717206685063
4.017690364029402,127.51438167270017,-0.11211387272613318
4.208050377621446,94.61514403884132,-0.23607750416178636
3.440668818014453,57.63154629155247,0.23799096778132914
3.396988538143425,63.30754652515955,0.3689004198692381
3.7436727704028048,121.06823282688134,0.14445794540605822
3.681839132614277,118.58545103648352,0.15755779564095437
3.705384391476861,82.01381685104427,0.041224248307249446
3.6807760077332525,90.80419227316595,0.04928423246770874
3.6434908717942087,81.87452663909913,0.19882184568020086
3.6737787506661723,92.44484233455242,0.06922037900503125
3.858788500455594,70.83028900788413,0.003676868239780844
3.9507014540653644,75.46552275415793,-0.020302904091499926
3.7153540523231166,122.5046696568673,-0.062114347277581985
3.6857983130817624,119.4230521389363,0.00671636825090707
3.5420649490372726,88.71638024431138,0.2142340555943998
3.269801121378625,80.58542536586472,0.17728053579918934
3.4841076159493016,81.64937303629145,0.08475217382617278
3.458777372473957,80.82185273230591,0.06931120548036902
3.51937543466539,81.81636188191568,0.07463862919723024
3.413585328925763,93.03503136313374,0.09539443218898389
3.7422173615774406,88.78360398733763,0.17962273053063246
3.7888617744899227,107.0950068189802,0.3335272536980114
3.6104678324412585,88.38591834303618,0.3359336120635316
3.720514961302458,102.84927497201109,0.3156479213580324
3.640437512443024,100.78201387186814,0.38495558784824263
3.6231745757309533,93.54082958470583,0.3287103297299421
3.609790734239952,93.76894928110407,0.3250604343009503
3.5917955654602,95.97467498218717,0.35045548720411074
3.383500595165019,98.95169632973726,0.02903481448142102
3.587835719643943,92.90138705955883,0.21292140134567486
3.4964234847780102,107.89543510028365,-0.03331563077482458
3.6794095062813788,105.09304896168513,0.0004294199200716294
3.3943016134807995,74.05698419598372,0.2816711824689647
3.1717446046582687,71.0908708833245,0.2682755401008644
3.7587444999814688,111.54935087911642,0.15831499934842821
3.7514343362743436,113.49173160211221,0.15508700916271773
3.6699679609398097,108.69840220440288,0.15275416300149375
3.6610387301618017,101.41414665483525,0.1291264099265453
3.5789288418883585,94.9439689147955,-0.0077813691631483765
3.9032813115182305,89.59291676904046,0.12539666086900222
4.024997968449813,107.54732141661003,-0.012583739615925852
3.2917572848242993,95.95305250026897,0.12101677585469522
3.6611218496949585,81.15886081755833,0.3621830714988145
3.43218704868335,88.19831212830525,0.1832353994743978
3.662768352429923,96.8394156803262,0.24942333364066793
3.840500141194938,117.41890348220976,-0.10360088349947778
3.398654844737405,97.05825444798556,0.13035038299019733
3.320881860099905,79.41518090495104,0.23887867404631735
3.395829460911737,77.56479686822597,0.09943665098193778
3.430960344996131,74.45868222504443,0.06405359719165486
3.606951847962777,81.08179484066069,0.21848641029707275
3.4497977661066224,86.91743648193011,0.39721142489553035
3.344429257985847,76.312121679481,0.29309205605062033
3.623314954006893,60.3399930524658,0.351233123842602
3.559014396992066,59.92184224153468,0.30048204619183405
3.595565515948121,57.45762044500898,0.35161643847542634
4.124867844172331,68.7811544490978,-0.04117947883508924
4.132996629678838,63.70427535643582,0.031752870060634035
3.65180529689677,94.29965234980283,0.008732279784746211
3.6669862310755215,93.54642478921477,-0.00018234363383245382
3.6106784297588805,99.0818453564473,-0.00263920297471389
3.6143835074026494,100.15128189614711,0.008536999703550685
3.520686058276863,127.62934942614399,-0.04097303171754479
3.643171945825303,113.0369193804579,-0.08719206401926996
3.604753030651553,107.93143381948849,0.08663000916017188
3.670613862972344,94.66269275523226,0.1747125425777202
3.6778770524712843,91.40212701981365,0.156785294332614
3.4571746542533632,88.55082843786923,0.3827596546810327
3.4257437940224653,88.30279939465623,0.327391940214108
3.466236090279952,84.82861608292507,0.35382052067179165
3.445875391888176,97.48663095320714,0.034758249105326613
3.4460229904498365,93.95373693120588,0.19517436199088606
3.610818011441915,78.83041905014306,0.11382737352732614
3.6258280893762946,82.66235661629615,0.12120861696565756
3.7201964252369626,105.77011108426646,0.3052586520924155
3.782495965318847,98.30046668786429,0.3068044566977044
3.7549050139765536,93.87348490358494,0.33009196761347465
3.7113968974847413,103.19551563384657,0.2229696773385037
3.591526489018891,98.36647039068859,0.01317452496890367
3.6630505224539816,102.41938114560384,0.24884318541697623
3.7117234491555875,105.02831240417646,0.2931163628721453
3.5749235277137283,101.6310091351246,0.22167657559430454
3.624823350989869,102.14782766325996,-0.0352351925498802
3.8255337483338563,95.05798512273364,0.1766118394749002
3.7629209808365673,98.35353741820359,0.3800268597767314
3.7367781295358,66.60913742091056,0.05981216230444922
3.7589467355282467,124.07667973954541,0.28400911446602517
3.6898511571614514,72.92303030347404,0.1920925773920305
3.7962082250520095,77.71921585075884,0.2519219884667487
3.6025110042012836,79.24858538493089,0.39058651499301367
3.6943555569786155,76.6686531444103,0.2074528244432435
3.8741377485039643,122.38967848978905,-0.06425910912463466
3.9392374085898787,94.4738961734432,-0.03264967054546544
3.837952964193019,75.07926738863115,0.09261115071969118
3.9065006121341592,74.48248650260552,-0.029913204293051686
3.884622603409969,73.59320986594616,-0.12299755277806014
3.8392581491899764,73.8932465993373,-0.03191031830180763
3.644037005965455,85.4864792097868,0.5112989404097307
3.6462239269282897,91.30530190055859,0.1346958547691983
3.562091157673568,85.60481170755435,0.15325427977134923
3.737740371320025,104.28115116306796,-0.06133577190123283
3.6579739216655347,91.36187662264226,0.26074116667038516
3.5478797186165107,92.88216225702728,0.15089761473220298
3.671752195453737,98.49197028576639,0.030270004782348613
3.72563580111663,106.28935906079973,0.20706124539636345
3.6834292463997618,101.10647664367877,0.2977467806178357
3.6571118720554634,90.32105832405557,0.05266127844003984
3.7753026192215597,86.88921060133056,0.20408941191418659
3.9459863030687305,92.93127126131068,0.24927196550698538
3.8395868588410496,79.69001116886658,0.0670507338501481
3.7091961235178528,79.28572896209056,0.023175688747415202
3.4899135197916094,87.99835615707578,0.3105808448695153
3.533060754025539,81.93077514406866,0.4093981546440803
3.8485725343069954,101.6286866016843,-0.07661318255239008
3.4032027316016795,89.99713419041885,0.38674963382248845
3.4032027316016795,89.99713419041885,0.38674963382248845
3.7633959290061134,92.73632280478564,-0.01369740852560803
3.6768770003988998,81.87568688126315,0.05681683477657362
3.699513662424858,88.80510509704527,0.052730738489239475
3.6289124999725724,89.96907763045215,0.15107283156724743
3.3709960238767405,88.9940351143737,0.11669367713345073
3.6782278606192547,108.90759447795656,0.08597313209637328
3.7544562248585303,106.93878228760725,0.10001295480781576
3.759777409661366,103.48981088160711,0.17114582440369328
3.595026729394558,104.71038489443401,-0.017031658121095583
3.639066823538281,98.05525484352195,-0.12428708493374431
3.4907563178560337,86.6705913054652,0.4910380177125726
3.8111324677900833,96.34524377676262,0.27085582271507025
3.6213539382664575,103.00505330244319,-0.07353320430714587
3.8649634914247843,98.20952561024424,0.16854441975748485
3.506879196430658,87.79295723934563,0.014764879219889868
3.23831626416119,84.02003042541212,0.2529676380063216
3.721014029765382,96.04726650956555,0.13924866619087506
3.7828195038404666,96.02555687569935,0.3189441080992078
3.665404610325747,114.43806748594642,0.23864483437881073
3.714763831110492,109.45261454863716,0.21746879718199125
3.5877846916968137,100.34587498888139,0.2573726762490206
3.683552094650051,87.045620698708,0.1989760311643746
3.6958976174611964,93.62485408220945,0.04801805217011559
3.9379883686013013,87.3756838278451,-0.02994813252024482
3.8987904227126284,121.55618429470266,0.15670028589812177
3.9149043722652634,115.38209384305543,0.09229191861569312
3.1822306405471665,78.9674281371523,0.26451789978825824
3.077973616756122,87.07699957029163,0.15701133027560626
4.206439307101891,118.0742388208024,0.07231664536795976
4.1978569596640485,118.96032462631825,0.09411825002227868
3.564361184268278,81.16822521864398,0.014967628197425063
3.5324162102847874,81.21132933611995,-0.009605907649153839
3.5513858685780395,86.2309707086023,-0.004734689154777472
3.7467610055011242,68.41021518460869,0.14472499492642843
3.3897411328870453,92.19038494503225,0.2669442436230799
3.314263116356388,69.87528500523914,0.3555301567403979
3.7147449920812283,118.5576828099836,0.024447984847717888
3.6533559289822732,98.39456739547109,0.0034200740752809646
3.4489312397186236,92.4768923582589,0.2275759897579763
3.939927464428296,99.34149038344087,0.3236432351198294
3.7497265506554336,103.79650322111964,0.3689768708876019
3.8136347040081042,99.17401207284243,0.4475936492184167
3.9922246336491867,107.16532228506767,0.24415217314452134
4.026939020046247,122.90060679926081,0.2993015303040438
3.89219289720404,104.19616143713027,0.3943263412477049
3.9276598133951186,97.9589938979957,0.5645271537780452
4.032149957840994,112.30535515196478,0.42679660997515706
3.9811143339950306,110.74401876156243,0.41500352175413086
4.190585240039107,112.55538492391432,0.6229668800892061
4.277587200759668,109.21736279927008,0.5677166330146243
3.8699334910025147,124.32946987567448,0.14075661785210178
3.8353267063462133,97.58750555430035,-0.1159865103407891
4.183577247641752,89.12061434660014,0.06283052673915061
4.113623183994933,85.30248770603785,0.09381609044956091
4.039366440428307,92.10830667529903,-0.0036445110591236444
3.510493900477483,99.51511364029449,-0.020943895486318646
3.7436790106858373,97.59704250552198,0.06778713650829551
3.9142782243027616,85.66151270309709,0.26627567330383206
3.677752946284461,104.36038504006144,0.04038630502649
3.6574482413075735,113.67040408456594,0.07870249340299401
3.84829293958024,88.15612317419418,0.13752139875557132
3.973124723070659,81.00610987442803,0.11310444350760766
4.07718507912249,72.2940170464835,0.01897762246567242
3.8504763996366154,90.76584853289924,0.18658082903136483
3.4026643819925546,89.18754709537555,0.04006799836440967
4.008773950097523,122.6055702669377,0.26199259505438127
3.948290617407375,121.20584776696228,0.3018660463075841
3.8373940521380736,97.63188677594434,0.045349223773488434
3.4610893431760705,95.36403538107703,0.31115553546529945
3.885547090023209,119.76831494348028,0.0762162432972368
3.7205333160014233,105.53657528066603,0.05610437888977319
3.2710138910183346,93.59557924033122,0.05763651807713455
3.4087675146032526,111.79471374300385,0.04248670418460775
3.4196595984361955,107.7045308748102,0.09181127921128017
3.2874608113867323,93.18541009911634,0.05672593994804906
3.6118444736314492,92.73320684081637,0.23265552176775184
3.5333080733672464,103.89553788689075,0.12159307448789403
3.4365658209860412,99.03065690614821,0.16860280476121078
3.786040673531032,89.70203767177311,0.151510521979411
3.585901912595686,89.41024616880847,0.006514965585063901
3.9021589075903163,121.77416332432458,0.1760968857590768
3.9605075852970186,120.1499924751264,0.22127087060590786
3.937658079409559,135.51911095593576,0.1493300364670498
3.6834527478356827,77.74441650445095,0.007925312209050146
3.676313651670491,94.09432983518819,0.08321066795093693
3.698008105152393,96.68787790365961,0.08935690235240695
3.600683355614042,99.23543055304346,0.2669566385360605
3.124269752978498,80.67476088103376,0.045154472984751455
3.820719062425609,73.1673016173148,0.4737385353390646
3.8113585721095045,73.16195688037698,0.4746595774636344
3.2326819480393514,93.32130989511184,0.1565072371725998
3.2787589822650136,92.9207985149094,0.14125245055707897
3.1576800533994023,96.8475138011478,0.14753593512253563
3.369180237653975,85.85468267402095,0.09311749316193173
3.886471865931559,102.63304878618305,0.25193399444136516
4.047601290869216,93.1713833707991,0.2120870402101859
3.6350303704376583,80.64449301137542,0.2904618106970919
3.457752525522116,96.94785831337538,0.14179980131061531
3.5780696641567356,91.83485684529153,0.1995977534133624
3.5963934977268597,108.86703850184082,0.02525455934836896
3.7072497218283518,96.19535263098167,0.23203308703566022
3.499696139839632,105.88961285785226,0.1772618045557678
3.7548964563648,97.53646450690204,0.19619117808992492
3.781326287996054,103.5814801701836,0.21024930689198215
3.52716684801168,98.57342996193667,0.022084940186796527
3.5134899346968087,95.1534817098813,0.18426983683918974
3.5211703075272887,90.98503399691724,0.1867467581989912
3.442745078775611,89.21864986270712,0.16367329577933054
3.568138874455347,93.87756088505967,0.11026449099823615
3.6624949542846323,98.1564556172083,-0.0008573916150006007
3.5412695207045073,101.4964817653464,-0.05947057243610114
3.747312831709829,97.79780107772281,0.1335910874637245
3.490736845336597,92.6485057575623,0.06657197329206985
3.293154779974124,96.93918992966866,0.03372229937651905
3.2370201966887713,97.52484530182346,0.11720983765144974
3.563867435230618,89.519107982644,0.18344494521370028
3.3628647612875184,94.81116809845358,0.132073812975925
3.5623558436916345,97.99637397103689,0.08362724661028088
3.589861113825438,107.06995777029759,0.24911438697441238
3.535585480490614,91.42898675591631,0.238648142080015
3.518074465254244,92.71520128794982,0.1871176277811919
3.467780442223911,101.05429104628634,0.22188081347904554
3.5144159812086535,101.72948188811719,0.2098090311748406
3.5202744997879853,100.3258404613731,0.23082318761825105
3.65261505211488,91.00226046398853,0.21649598701091913
3.495438602955562,105.47049143830633,0.05731600721190477
3.534862113374466,104.20914865001849,-0.061839529571286155
3.444628296880045,108.53051579760353,-0.029162337166102337
3.906145521813505,79.47679943675165,0.24316163169103616
3.3219221854532064,90.99699418210953,0.1171457311196275
3.7314164011574227,95.33245567550283,0.3037366681068875
3.71215995365375,94.66800630908845,0.1567744349872556
3.444501613317897,101.23746866450736,-0.020932285401457574
3.4186576242192186,85.18359284314535,0.2575205223459862
3.724471169482515,109.9913849757387,0.07274983698829117
3.90099038447663,101.66058606826452,-0.05913430133258604
3.889424595397727,92.0873807243271,-0.022805055999290738
3.77214465964242,70.3302131916365,0.10948468942287506
3.6537590070683343,78.38558769655066,0.1405659783137688
3.8568065184392433,89.60517405539375,0.06577681671453249
3.8738231267052634,101.0597045846411,0.17690998236079392
3.674107192918374,97.99791188060766,0.1150306100972491
3.4766644144651986,100.62063663981664,0.1436755027877812
3.465347894768904,86.88429929307343,0.1431714514353159
3.573217212445003,80.3761116860278,0.35397867273170175
3.5192889641580183,100.66630581917245,0.0737520973949949
3.5281115864156005,98.43813789345808,0.04660085491594344
3.6775442680333073,82.06066871373622,0.13967894834380135
3.833420926040769,93.60629300867419,0.11163791964435253
3.5102760072032746,109.39825247913105,0.0052467410952453
3.4983857855440097,78.50853438112135,0.3479602808385306
3.760577805204081,97.3502918116157,0.1523002501120838
3.3896093195216377,87.01446295834461,0.2964237661765117
3.5540665713438377,80.93308294148488,0.47621637476064244
3.612413177392319,90.5734651743814,0.4872135416018884
3.363990677528359,92.32384172294296,0.09743501190699137
3.186294710460957,102.94691919890346,0.03558026070954258
3.818520651522657,100.50766540163367,0.022786634432020825
3.7913685616203727,96.56076923469855,0.024884351500372184
3.707517013762746,98.33479731384156,0.3779903778303054
3.9317261769912903,93.66060863914787,0.3868473574611058
3.326017416849291,84.24071690462111,0.28601534386047195
4.089449366324284,119.78898451888487,-0.16545912132857724
4.063119304678058,137.38168428086524,-0.03113081827743292
4.080170994199854,120.82849262876088,-0.20975044844212815
3.8478519967872353,116.8975194904135,-0.05317212303683691
3.882258463705656,115.12035320141754,0.04933499187553511
3.4840083671721533,95.33934860274105,0.16460294588937371
3.4358057853384794,100.33551622117864,0.18758605869635386
3.4004821541624355,99.06847488783937,0.09404171145795186
3.437066195319755,80.63484201175955,0.2650038206249916
3.642965541756415,119.77252996255672,-0.07627530533404696
3.8880556018433805,91.6387633190738,0.2325385312160315
3.933025746914578,108.0402312194446,0.34477551782232146
3.851478967137937,101.52029786970796,0.08627680404068058
3.781560712357528,100.32576147659739,0.11323880338185645
3.741424581728948,91.87231199602184,-0.02149959556464578
3.698729429620718,95.78045414079459,-0.014354556359216872
3.769726171728076,92.57360468669673,0.23573515295056016
3.864300888693875,109.77729219676019,0.3816361506217817
3.925061772889833,97.16104255726081,0.35802113397873303
3.823480203795572,111.21437217238032,0.28306405039432553
3.747176723645186,92.48516763152361,0.12480541599472486
3.6175123265889657,104.92228969742402,-0.024684964439226936
3.8266165225647546,95.98166362619324,0.08426447447259769
3.862927197725596,100.51449351707527,0.1503199220944449
3.678551708026675,109.40546698954019,-0.03996711948935731
3.8246563010694468,104.45933233791806,-0.03350889743569202
3.657145456033431,97.6449430029894,0.2081859265252145
3.61519664810914,98.59708010983385,0.10859032539104377
3.706009386441277,100.20513618180706,0.24125081490962388
3.6352934399489105,95.8905104623483,0.1354114204676947
3.6427778551706815,102.51578351193561,0.1874735412929234
3.5593997248377236,95.99247589896453,0.13666954626791494
3.509216303506675,99.89194100398298,0.10166373584166571
3.3323036572015834,90.49829010181676,0.1487590698094249
3.5470040729194685,92.73762268547974,0.22775403072093497
3.656638313370652,109.83897008357874,-0.015944403407258233
3.6398299251229504,95.38932191622803,0.08250741384864992
3.628226545865936,87.68418549481817,0.44505594843715757
3.4977047425360213,86.85085786119215,0.5573986001444359
3.666256407273791,91.63782226437999,0.552641885571506
3.65213535078373,85.74892962743365,0.323336829182593
3.938032079360934,64.6988237023763,-0.07058236672371937
3.756767156709518,67.70780452701636,0.0768340931560831
3.9643317608392543,91.00104962876182,-0.05182447876613034
3.931418101774388,96.6121570185415,-0.029634915361861462
3.72589990582403,93.22461612033841,0.11299406988110675
3.7225596473482474,108.90090354134658,0.22769492267353408
3.953411038839367,97.14388258227356,0.34245549150831034
3.2230787285556666,79.97463375951929,0.1326691237040941
3.1953136094391827,78.69155567443114,0.2360107006746431
3.7153146119588594,102.21671775785595,0.02222967904509274
3.5696133988446013,92.27742468080714,0.25692643102654983
3.5302120612169428,80.10294921115373,0.15693963516352158
3.670162568406837,112.16209054088654,0.17533061305056272
3.6832473401871053,99.929806838114,0.1181411617956289
3.764572450992101,105.12598463099035,0.10070783001513207
3.4116365164720723,89.2384039129926,0.12658875190510901
3.2614943330358046,82.98816543250015,0.017687697394423458
3.4015404960158473,102.73138921383847,0.2027863796143853
3.5041750611172735,99.6540598534576,0.23164987550547655
3.375713260985461,98.32032637015213,0.2736536706911057
3.6536404313948667,88.05138480331921,0.14635916307535282
3.5761257261717225,81.28938485058806,0.14571820701279994
3.443919232271964,104.7304302540809,0.15906928617378255
3.4714599674428763,102.96196303891588,0.12028279637380741
3.4498275210785,81.81401696539315,0.3006050456414042
3.318529509874169,96.96047688851387,0.04280096477787454
