LE,gammaE
3.6387556254328777,0.5210173747053232
3.864133459808823,0.5571339268677012
4.081953887103994,0.48937519339827196
3.7147867291856564,0.547059364180657
3.912295127416876,0.5194459614515134
4.036984550637818,0.5071022744865206
3.873195683719859,0.539739618197056
4.143232728213182,0.49085317080656043
3.871453159460689,0.5248669358668501
3.938530293900371,0.5164358370724859
3.9331416853795855,0.49771277462114033
4.251143295980262,0.46281276281830647
4.344137662509654,0.4437133212485235
4.226044212620844,0.5381787581195365
3.660492087202992,0.5115275484508903
4.232628631699687,0.51750720864237
3.824513189401649,0.5017710429163152
4.014848170755861,0.5410115811914555
4.019370499783139,0.5449420668638089
3.743073305166239,0.5293678323100572
4.050544834638053,0.49823020861766887
3.7041496292593084,0.5172947131705233
3.970111097754251,0.48445942082640314
3.8472361302829006,0.48760892596764005
3.7689798415291413,0.56258385229587
3.575763366153437,0.5706146464201118
3.60971207736599,0.5725839435722295
3.938715020072493,0.5612441144975979
3.8989333492344644,0.481529529524583
4.107080207412144,0.49524352079085554
3.8758902765750456,0.5296640069501517
4.015050588533972,0.4975140609661254
3.8381391372801725,0.4854005391052298
3.8721892588729587,0.4924962817501518
3.8073611564418877,0.48108868959406426
3.916577454898785,0.4912792231244554
3.9399677623664493,0.4994916030415506
4.090791638224433,0.5297175192895363
3.6937267380461205,0.5210243624212416
3.7489103861048827,0.5424643748549254
3.683738666221979,0.5458995766478801
4.022065490456188,0.5510809803969806
4.1334719579143675,0.5468274647886024
4.049203392751239,0.49536121828166363
3.6502042891641713,0.5138895004516841
4.041212119322231,0.5577440570175508
3.9476644147821816,0.5507810779823124
4.095976013578445,0.5362088925639164
3.7854489303555234,0.5302058449828182
4.011088450761008,0.5201252085058042
3.5963572020359336,0.5230719072251455
3.9033610426270795,0.57907819733646
3.632673176185572,0.5245969135793924
3.9808623918434334,0.516029373239503
3.794215515974862,0.494532404435333
3.8245883606498685,0.5090289802482093
4.045618922677097,0.5246255638834645
3.9374812600625653,0.5004995682784019
3.7899331484927155,0.5564187696461314
3.822625408376315,0.5407756385501981
4.067964155101316,0.4757129420184995
3.814325201900058,0.5504708660731701
3.6990722600592405,0.45353630704347003
4.487551717303224,0.5097501104248289
4.613953462127515,0.517753332289573
3.7570460393225913,0.4917428990449029
3.746187235033286,0.48343804040436567
3.6361986573506866,0.4876195277201117
3.6361986573506866,0.4876195277201117
3.4458852782910876,0.48299293167606305
4.105319460727268,0.5083988581796803
3.8910259568575394,0.49441842508760897
3.870016151328084,0.5167276181843781
3.85346608093079,0.49420619731956383
4.266253130752374,0.48736505324937124
3.9448523126650232,0.4986821310337898
3.887576800572559,0.5555453680096587
4.104758436788331,0.5439045432779983
3.749304558489695,0.5444145844538373
3.7944517738795835,0.5366436929712854
3.755196430597174,0.5374604712360784
3.6523362632305267,0.5336704024182404
4.044736396634853,0.5484156580177341
4.0725658552178485,0.5629046583413441
3.524829303782776,0.4768040257544996
4.627742876626165,0.5213215499577022
3.667834577947839,0.5089311383773685
3.557599056730602,0.5087627627194529
4.00648415616041,0.5284446549548557
4.040429663814217,0.4792138783765111
4.083121550768381,0.5316893499965675
3.926985179510556,0.48533424743031756
4.163230874366932,0.4705202257765428
4.318302220280935,0.46849518181357624
3.9396188247109083,0.5113838923523879
4.039732066124255,0.5125980179108572
3.8036710716869533,0.5302860025493576
3.8187685379411906,0.5399235039486822
3.5823327411614887,0.5172215792236368
4.419857528074372,0.5104691651453127
4.363313722887745,0.5085404439473726
3.926817942148821,0.49523298425726225
4.247388304880335,0.5034611225733187
4.220125103995752,0.5417035625653057
3.917681471519305,0.49051934387685714
4.186283054615013,0.5280712114006019
4.182610602141889,0.5020423550717533
4.238757816173868,0.5056505042984666
4.076050773034094,0.4797007206513642
3.9161821249396622,0.49156784813638166
3.800525874027197,0.5003347750053894
3.5390051907966917,0.46439363327907673
3.9302315063514195,0.538861776633777
3.8793670067059316,0.5036055120770623
3.930005038872501,0.5241101009641354
3.503449259729031,0.5335465357176693
3.3448422081566105,0.5230231123952706
3.4540171209212023,0.5151673080477507
4.0950741092278635,0.49763810819489257
3.970973187453437,0.5164888278796406
4.231572700257222,0.4967491805390314
4.246487097364697,0.519637125054206
4.189892291492744,0.4825341400444682
4.0709416956698625,0.5176904174109157
3.839103708210701,0.5126354341459448
3.839461597456242,0.49749260233636133
3.73841705467632,0.5013216641214489
3.5679841350715154,0.5333918448103426
3.99486532049664,0.4992277102198604
4.121094642001668,0.5287992592066802
3.795172388304701,0.507168449838993
4.122759652038858,0.516143282308931
4.1535492281546,0.5212483712347445
4.279684662430325,0.5281410288519153
3.767396089736257,0.5152698980290497
4.016546949770959,0.5140517253739617
3.8123629424932393,0.4865421405361563
3.807779717132517,0.4834663214701739
4.5664974031501755,0.5030127818421855
4.37994921956219,0.4525433021581375
4.445802716755166,0.5081808976138781
3.565324794758068,0.5642462737797336
3.6720552244991778,0.47184362005174113
3.6720447384015054,0.5225606088777857
4.035040125563789,0.5297665727158059
3.893110403656068,0.5006684154764302
4.137868465473358,0.5120603877811144
3.7305701538217226,0.5188923983312941
4.04827753983314,0.5019739506778825
3.847779834520658,0.5159451642096169
4.100097110020667,0.5172437894848841
4.015898966342073,0.49031833971491867
3.7393758012794693,0.5570507680330944
3.75599563212711,0.5277524737855049
3.974869208181911,0.5492223828854028
3.95410838970447,0.5474473139562097
3.9919190415425727,0.5546092038026854
3.617387724176143,0.5034630517137123
3.7390748104561067,0.5098563678788484
3.7591758411340845,0.4999008381805757
3.6688368376498204,0.5126796127447801
3.9778710298319773,0.5458651564854997
3.91129914271098,0.48398316564197313
4.3544646369908815,0.521066347660355
4.155627600498465,0.4653487401541752
4.323253596444552,0.5495710741416233
3.9165102604062962,0.5468740921994488
3.678672062430247,0.5412022329625737
3.627089965421288,0.5039006081179259
4.312466653611101,0.4762926588349419
4.38190296976002,0.47761857546813213
3.471307811744367,0.5408882481064596
3.471307811744367,0.5408882481064596
3.471307811744367,0.5408882481064596
4.19879582708551,0.5273291365085496
4.1496541883677525,0.5063212991430611
4.168860981019796,0.47464643981924715
4.060825345253059,0.5202093482602993
4.033657162959824,0.5165252695845095
3.7524905616695063,0.5320686377071807
3.9616817384928216,0.49847908607410296
3.8787098972041383,0.508363156397476
4.207098869617931,0.48988167714342684
4.215359825108376,0.4870664970704549
3.7444946183978667,0.5330116098789485
3.9072707298389173,0.5264524529501885
3.8851254305333938,0.52000948379719
4.085822825541136,0.5057158969221465
4.377700662625779,0.5055334422943082
4.146859595521037,0.48785834752472235
3.806133007080837,0.49789667383142316
4.372776483037836,0.54128969827373
3.7289081047398684,0.4933975021616594
4.095102381136166,0.5168451030310511
3.7695184787718445,0.4929012765640016
3.988944928879674,0.5459267122770337
3.880632987448615,0.4683908813697425
4.075720592500922,0.49545091366353333
4.33509982423822,0.5296164683295186
3.537876010882749,0.4890188708152319
3.8132878920837836,0.5092745402429152
4.1410523437439055,0.48189334499575043
3.921233815553029,0.5608559892238038
3.826980064625413,0.4876609667411069
4.099042392024271,0.5419473580071579
3.8167290915769856,0.508654076452699
4.006899916467592,0.5244093502472134
4.006899916467592,0.5244093502472134
3.7939732276465494,0.5007665552648302
4.509568860316057,0.5094622235885109
4.45759339038677,0.5148784695065171
4.300130765175791,0.5055240354096749
3.5923392134951495,0.5043079439227683
3.7792336998959626,0.4955112592957747
3.5729311455733614,0.5332175266836414
4.234036342997802,0.518403392455929
3.9440467088451587,0.511242583977667
4.093336162919406,0.5084818819518211
4.347622111399242,0.4444749045849476
4.224047845808708,0.45005353796566233
4.493682022697345,0.5072591952767638
4.281328309940119,0.5128396451060717
4.449617057096827,0.47176939040699584
4.413672372206955,0.5008271568594617
3.948503428522725,0.49213003588568743
3.7105438937288917,0.5729423918937433
3.706628920013016,0.5441630438242997
4.020244179877671,0.49965889031297755
3.7096461793604947,0.5376911653968719
3.6865417544346566,0.5028722594398816
4.024762371453653,0.5523434622898993
3.9895697793529346,0.5095952619763764
3.6478924565653403,0.5452414342738023
3.7432236518922823,0.5392282973718986
4.294748285041147,0.4986354665973615
4.001874061322643,0.49632191776053647
3.9930008478387737,0.5414034546492186
3.744398940618445,0.5142849338403622
3.8451527101641108,0.49959545016281715
3.8502544105248044,0.5330604986924635
4.120372025901604,0.5004331448036338
4.002537603127317,0.47715293529483005
3.871064490899879,0.4632181399762747
3.8338439234144164,0.5068282267303135
4.182855406898691,0.5118875419572358
4.003906224741868,0.529352042956803
3.8108083515695292,0.5381753062701847
3.8115598869893295,0.5466878060494073
3.2183959330301826,0.5358688522574541
4.1383142615895485,0.4690887322151751
4.048368492160186,0.5146555074910906
3.7612691851876985,0.5344690001513952
3.898232961962414,0.4706684215246504
3.8893838559653378,0.5768666088995218
3.9167032253742464,0.4685203118745574
4.182863103209163,0.5091949541636208
3.9150725231929107,0.4893619463423656
4.031954994088784,0.5087735520681496
3.8047713818363005,0.5374129034833417
3.7831450319649385,0.5338632476180076
4.106747056213193,0.5542949370425759
4.20840650156056,0.5126330391099743
3.893746349616684,0.5011093927661401
4.021121252766497,0.5243734219982771
4.413175737209775,0.5051695488438231
3.589641747826265,0.5214936791338697
4.5377497162519305,0.5119169488829637
4.781560660020794,0.5180776164938532
3.8794517948220832,0.5191149561913964
3.918465510675595,0.4869156951397682
3.9995657808410305,0.5404190971695118
3.7677785018600827,0.5107940106152177
3.74952028252604,0.5170383816526215
4.548751104773138,0.5375818651321161
3.3174301057075017,0.5064516617519639
3.4036977230669567,0.5036916684066286
3.573074590335685,0.5123753472847377
3.9811106347255945,0.5027893434434979
3.687374123372296,0.5192013025012727
3.775667531168865,0.5205949423069747
3.9697958709055317,0.49702515859046514
3.7427856837481204,0.491062539063263
4.0582995027862765,0.5212206464874349
3.861189724800871,0.5180096839917847
4.189303447700055,0.5018128270301253
4.254540758368725,0.5041618447748362
3.7343676349194093,0.5535050303504362
3.9747432890875407,0.5092182317975961
4.001204683233293,0.518565449821634
4.235819848433417,0.5144173798619697
4.050514486788039,0.48593098335068424
3.8776703205383574,0.4725530331785211
3.9733441732249006,0.4449102120713901
4.027940355333281,0.5045332500288722
3.6008070177414138,0.5315957568325296
3.6529020225016677,0.5351685694852275
3.631178153424368,0.5027664407727496
3.5472745180314686,0.5088129031971624
4.031514110026524,0.5492450073523322
4.05169196908825,0.551350535265896
3.882398539444566,0.5043985938272325
4.130859235647448,0.5169132572851236
3.9380321232073405,0.5340947337120038
3.776939860381358,0.5050133461370336
4.1362450154219905,0.5289501521045175
3.6677788399495777,0.5191301666789494
3.9601677045007118,0.5106183964509348
4.050754966034651,0.512855912608519
4.175006698415269,0.5092451479502652
3.845541380721756,0.5283466367831879
3.591860280512833,0.5094992614508482
3.5736985212858334,0.5294300083765354
4.150901368936695,0.5671768638219528
4.108974410270847,0.46281908672446237
3.9789316958122347,0.4957450428944699
4.139389657854188,0.48875866305836135
4.115834694899919,0.5511709422778941
4.112375146226028,0.5436502513244948
3.8930455015255205,0.4988121121898937
4.0835076929983245,0.5007148973877789
3.9754046350771817,0.5107353786823048
3.9320921940309255,0.5180562196972741
3.8495864223789393,0.5286100486990284
3.905901232520039,0.5399758187291626
3.6143052694808544,0.5207063318314169
4.9146960551143515,0.5094411955414566
3.8962271914100146,0.460250731628036
3.7615047948550306,0.48797043223887193
3.8071220801221064,0.4988672236783339
4.0574409367997095,0.47901138655361347
4.086527047744772,0.5093437483143304
3.997726228403454,0.571347125264829
4.076678753890735,0.5343399599752472
3.822584262017103,0.5216375733538281
4.375860743364926,0.5021757498675556
4.421928146227851,0.4956103594290243
4.421928146227851,0.4956103594290243
4.147796486533491,0.5120430248354637
4.003014913714877,0.4961822308833456
3.969604902575776,0.4994321077345628
4.00524154874587,0.516829949344588
3.9086746553387304,0.5124196010934671
3.717341555961198,0.5997013043200954
4.4167972096261305,0.48524308182059156
4.436007883897515,0.4763979401269282
4.159399382411336,0.5302361856900878
4.303085158711723,0.4949351538407438
3.748616464722916,0.5226297220536753
3.6616417383725732,0.5401994613482048
4.09494933007031,0.5540792329628661
4.222541454180999,0.5094444191042549
3.934093156400474,0.5319642285476819
3.7514767048760245,0.5119008610088477
4.027736567486625,0.5059619285681667
4.014193815159068,0.5252494256197483
4.018065712151185,0.523687951179935
3.5110107173962346,0.5282395824369889
4.293870289483906,0.53265720842332
3.525571814103835,0.5593273149091407
4.236027012583248,0.4882595486742064
3.8085277679973957,0.5284307615212956
3.783205120984806,0.557382934688691
4.284856731159781,0.4515263433411077
4.271589128387739,0.5216689159116897
3.9518310440840243,0.5279467332251627
3.8818169703761605,0.514516232010993
3.948973215875362,0.49227298986079226
3.882517102584737,0.4994335733068638
3.830828207516859,0.6035858043102511
3.3804522799932406,0.5265050076011268
4.113842284989103,0.5623620297907169
4.118057337532466,0.5581243861944554
3.9400214440573476,0.484039541879112
3.807592237316748,0.5342256589341353
3.8576152033213966,0.5156472517966686
3.9420833170846783,0.5367259057080217
3.826690976651846,0.5125879454819894
3.794132433792942,0.5129342844466626
4.402585913774906,0.48519921818496675
4.309402743110631,0.48749072242794145
3.701955829139812,0.5177374238748795
4.123852914938219,0.5286064674802314
3.8277002522108794,0.49810431763490215
3.7719056811254457,0.518988292290705
3.7013165257522402,0.5316147996276896
3.725811933542638,0.5303252271830946
3.9426657137553573,0.5287181102081782
4.035315098238537,0.49618728586459737
3.535817874647877,0.5137915693338313
3.6478236471976255,0.5231015024221045
4.077748605234894,0.4864984399008708
4.09032167560893,0.5026490320908389
3.996009378410307,0.530628146823576
3.907547590172788,0.5512737170273975
3.9018852796815313,0.54664564473398
3.510620368950752,0.519418242440999
4.494646659621819,0.5087957285042062
4.19410137942545,0.49674824671467616
3.8417383717977795,0.49035518708542464
4.664808606782596,0.48710851100048036
4.182746385184702,0.5197959319723545
3.9119547921906586,0.5263358731312304
4.027778878283212,0.5089832217179149
3.9038526760293153,0.539364079594628
4.02441714247873,0.4926109999287986
4.145337314185912,0.5080689552431022
4.156089554597934,0.4938011835664016
4.343168493667092,0.49518332695704553
3.640177310480202,0.5342064252695431
3.8118473799201573,0.5660523961960542
3.631615971271716,0.5856950607863689
3.977994310768297,0.5395695586497893
3.5850922102414673,0.5332074875685414
3.5850922102414673,0.5332074875685414
3.622083664287189,0.5370880782424459
3.701350493898766,0.532051927195805
4.179411811714278,0.4983452451414521
4.159887276836545,0.48332598912710045
3.7826308062092395,0.5406269412004792
3.8774575199128143,0.5417557604713543
3.49059314147001,0.4987106024894663
3.509149320843092,0.5688323812079141
3.49625771165937,0.5059233323388452
4.104809801453172,0.5189089605402256
3.939374297542998,0.500768591971754
3.9462424835285415,0.5270249248110435
3.7701206783633645,0.5303768236016351
3.704421341641336,0.49891418646472685
4.0907443548853655,0.4701208739935905
4.564055215203872,0.4951693075579016
4.497411588696693,0.4993553130540257
4.082380256989118,0.48148623846425315
4.062678296388312,0.50726847147917
3.677884639836213,0.5170795536289015
4.201607462236589,0.5013075146335457
3.9550874331643335,0.507348929804284
3.7822929800588447,0.5380378481584627
3.7716677577569,0.5253541249850736
4.162666988628614,0.5285766217369734
4.162666988628614,0.5285766217369734
4.162666988628614,0.5285766217369734
3.9671786956992228,0.48149820535218646
3.921969652548089,0.5557804165796592
3.7833062191800684,0.4704246401544745
3.8849943451472475,0.5427782740605163
4.298898552836063,0.4653609644448664
4.222015929987755,0.471207481941404
4.6067519777159305,0.48082800062525355
4.1244150563472335,0.49596796806358123
3.9467517345473713,0.5364971649106806
3.9466843259982336,0.49198304058541176
4.046436387020926,0.5306605206593652
4.0577391622078105,0.482991906259834
4.003987914732035,0.5352794174988995
3.9021822089224667,0.48820556791830405
4.104462090354815,0.520485874153561
4.64194412523183,0.4853652482469364
4.687878646233104,0.49222776322551554
4.44455505835942,0.5036200618497264
3.6201028817198377,0.517058983276407
3.9392389871264752,0.5749089127514095
3.9661750592445633,0.5220518779951203
3.8689122373188636,0.5185224428848034
3.8468254101840644,0.5126368517068861
4.268917189782213,0.4947435169482529
4.356448154045905,0.4829732463334356
4.211192751859371,0.48074283536781875
3.8463976751777116,0.5675173668909305
3.556195548715878,0.5322326439352952
3.7868294406611946,0.5181551672945528
4.295733466630707,0.5583497388704862
4.191542949819715,0.5594180084689979
4.139423797560532,0.5588951709691694
4.121670657582985,0.5561192569723359
3.652726563848524,0.45787474949697277
3.8636557532506535,0.5091031840973851
4.144493646983127,0.5265853730326258
3.736989963602989,0.49882175082607744
3.964557084400644,0.5383361029549809
4.193653250771911,0.5133896068016874
4.469849635517227,0.511223374699291
4.618529626588057,0.5066880205292319
4.45048268148442,0.4940032068090661
4.158190882330099,0.46954300685527
4.26961649788816,0.4829396868980458
4.435023360646435,0.47868671357216613
4.033280127621306,0.5087974325753191
3.7687639121715995,0.50436962138447
4.029537411348613,0.5119352797174758
4.083430426791929,0.5022457079468391
3.9321336679010077,0.5092260349449356
4.088926189915522,0.47300151329687284
4.594322618183577,0.49050885832423935
4.274529126247207,0.5102770274595781
4.326608867621096,0.5060910157310825
5.122837136319833,0.4561554330472899
4.972952529723046,0.44839664006481567
4.840385945090156,0.5104919796259675
3.935993735278967,0.5027647056380469
4.125758586280914,0.5174235701419916
4.2201306092760245,0.5180114969212722
4.125170357534445,0.47234367768635843
4.190221771687541,0.5561170236362517
3.9519102139586533,0.4525474274483438
3.9983047395248126,0.44895241796241747
3.8595219336594897,0.5645036472247155
3.883400414701004,0.4815538719920125
3.7780735772126195,0.4771090964674979
4.021076305441351,0.5676903891862378
3.9350143147608447,0.48116905996121967
4.147384425795903,0.5016828607063367
3.9880028234744227,0.5019536831733094
4.060057352687422,0.5176185422174419
3.69609811502076,0.5007237765437513
3.7709422901482648,0.5254638853629812
4.113880490810788,0.5027392100783389
3.7531149577888705,0.5395010845079549
3.9576760224932315,0.533877700576864
3.8772034016263914,0.5074247371320647
4.0121191869468165,0.5129218089456111
3.8875834179054864,0.5239651767763059
3.9453022478622874,0.4937435176482103
4.079252105906686,0.535527122289406
3.7051168022971677,0.539587684101544
4.00134383408929,0.5016898839581678
3.866283899624232,0.5472820088566737
3.9464665943878354,0.5604200587862321
4.177921599995371,0.524784768240151
3.8042511834484105,0.4975950505193063
4.144464974000268,0.5214982189130477
3.8293470178349427,0.49663875602295704
4.101199506051878,0.4679027547263125
4.233761927973308,0.5025587998527862
4.2632966480541405,0.48530624662556165
4.177040239683204,0.5415017248567314
4.555220384609155,0.4646605627862371
4.1314563241070745,0.4978280451116401
4.1314563241070745,0.4978280451116401
3.681757161091996,0.5319600166554879
4.162693864361511,0.5116349609676564
4.292415295037903,0.5517248356206647
3.690213513340056,0.5301623961360733
4.422131029589865,0.502856642136312
4.250969457770745,0.48585031240159837
4.286378493792015,0.5244452059204718
4.006658778133912,0.5273907278369823
3.922520277131771,0.5017338647295351
4.160504057939957,0.5119630547398863
4.219076156785368,0.5247296205773652
3.820912605911512,0.5132969795009461
4.630095560657862,0.5223389489396052
3.4277123164026286,0.49839307717851344
3.4344366297393045,0.5033619071473721
3.766449294927131,0.5389461447781106
3.989832541899939,0.5071369057235077
4.01685689510736,0.534022719691796
3.8159118514961556,0.5140376044464509
3.8775890357269684,0.5128743980481836
3.6983095250713838,0.5167788226689113
4.006301043999089,0.5043724269210162
3.8886307930026422,0.5203905938575182
3.9642337032331803,0.5308425195597865
4.02872164344634,0.5101131610794734
4.02872164344634,0.5101131610794734
4.02872164344634,0.5101131610794734
3.9607179475915664,0.46925818776323286
4.337211891982612,0.47849324425190015
3.634406592254497,0.5380970729823392
3.494415164250158,0.5456991050218467
3.5356906076558943,0.5134239396502684
3.5811717791778204,0.5181282768565119
3.7471015635155243,0.5240668570369145
3.7267010410987726,0.5398171919834392
3.926193715809466,0.5484148685156861
4.051573616266433,0.4738291082199395
3.816172725752387,0.49825313730617393
3.5420274718406444,0.5336984415004613
4.197296363687378,0.4931635762363618
3.9404487801280643,0.5178893634296897
4.181577839372504,0.5158940400397246
3.9313567632479645,0.5306616731424665
4.023731036611215,0.4836588064197527
3.848655682429096,0.543430311276895
3.93611449897738,0.5085221648480692
3.909415838537419,0.5254539358058851
3.917947897740665,0.5105944779642213
4.003206301899139,0.5216202835017545
4.079022796192387,0.49454431209292526
4.627978635661633,0.4998118834186874
4.687743876365259,0.4997418084269629
3.5091136134967917,0.5335564522743509
3.387509254368227,0.5440987666690129
3.387509254368227,0.5440987666690129
3.9431554354377543,0.5443538066494882
4.206142546129429,0.4901615405123571
3.984045762919784,0.47935943203167214
3.608523455975251,0.5325830395605908
3.8809819496417135,0.5338648021226866
4.034203230423306,0.5011091144630386
3.8129349341927434,0.4735387926555998
4.14584266951178,0.49422781261008747
3.9802167167668125,0.508741009089182
3.8139443511108984,0.5103555917744906
3.9958035924856152,0.5298758907482277
3.938329059315918,0.5016796554009983
4.203149747341693,0.4924598548230476
4.257099197416191,0.49153087612945223
3.844144192436017,0.5241533247171458
3.841919219953152,0.5188014330331362
4.043212268559418,0.5126456722725332
3.7555885495948176,0.49138140331137425
3.946153257176598,0.504230701193485
3.919826749698117,0.5347749316502586
3.831287620392085,0.4953952059319723
3.9694653595271165,0.5075365584361238
4.162190633590604,0.5332258125724451
3.991887279754339,0.5772810704739206
3.84577280992852,0.46257079013374214
3.7709687164252212,0.5379843484429041
4.109450336089712,0.5279188983517532
3.811196786617415,0.495585474230947
4.281114025863291,0.5171345635575704
4.101686741217675,0.5055050370721568
3.8825566605644912,0.4514727725095794
3.9707467593846566,0.46089425260506484
3.9752647895036657,0.5636833066556616
3.2002883524441588,0.5017645233004306
3.4358766464000614,0.506193480841567
4.572011608669191,0.5204280303783316
3.834698105403898,0.5144876209013624
3.957257992821187,0.5065457408365643
3.9566338139718393,0.5161761089058943
4.218562515962142,0.5309334590416613
4.5049438665218835,0.5068459365095022
4.316752654003987,0.5032726047992858
3.9868129757778754,0.5023684970190627
4.06243741003173,0.5260536835769064
4.038784041643542,0.510874046475962
3.8756699692780865,0.5038234820490796
3.8275456814880595,0.48874492673094433
3.995145158866668,0.4904203776691248
4.035572037773102,0.48348597529240184
4.3137855870297726,0.48732795230085507
4.2514143189919995,0.4845155410236342
4.1217920163326065,0.4718649995480937
3.9773127997025517,0.507612722698923
3.6543958128091996,0.544033640747159
3.671553943485306,0.5436547513216012
3.7912219367578217,0.5110340599136454
4.174205532001705,0.5220701620097685
4.015604822045628,0.5385252596065906
3.755396675971049,0.5234055314501088
3.728480712291196,0.5295159406718636
4.007541359616805,0.529332979489378
3.74071642272111,0.5379761124037683
3.4049654920287087,0.5381019258139644
4.144107726422313,0.46804780453291994
4.224718619691389,0.45000804383132514
3.8777209584019534,0.5377675387665269
4.010776256950674,0.490514901483954
4.076165551102537,0.4805713913527459
4.39019869060199,0.512416158607957
4.301704937277784,0.5114036188121448
4.0821215422079336,0.47731135656337775
4.168860834394913,0.4953209034146507
4.194122966137683,0.5352294798006293
4.180550581570949,0.5155950396714669
3.967744867446464,0.5384737968714861
4.155142652340811,0.4983816064193333
3.832151373119945,0.5246662661324167
3.9598588192173256,0.5260941779396647
3.954953657222986,0.5244275108614125
3.794012101582649,0.4909038150216033
4.070022573810254,0.5077486115164104
3.7489102070570413,0.5209632419125777
3.761612528771738,0.5336095601701518
3.740901258690682,0.5351109759691826
3.819583162463239,0.5097962974567996
3.6910080474415827,0.5247075046859758
3.61398026690227,0.492339015100729
3.968499808455712,0.5045423778489587
4.000422106239787,0.5237083140838007
4.1695555029418525,0.5373109801256915
3.9567829927542553,0.5807189775053476
3.92545065302616,0.5586787200641622
3.8074456512175243,0.47611700997211354
3.946924495594646,0.48063500086593736
3.986434022848746,0.4681495329675357
3.897488280707264,0.5042236617929904
3.897488280707264,0.5042236617929904
3.8024561610153573,0.5445850790546204
3.924170369091837,0.48843612040236695
3.924170369091837,0.48843612040236695
4.265665713672495,0.5516578162763823
4.056641261029715,0.5124272965434252
3.7636050043078457,0.5613076782782904
4.187085631636547,0.4665291667423652
4.227271713211721,0.48670317531497476
4.123557666517583,0.5283714365540196
3.957158035352889,0.4805224828055997
3.9350501906990774,0.5485721999128028
3.9350501906990774,0.5485721999128028
4.399870957066653,0.5251667410272916
3.656710068405916,0.5070792378143932
4.094383088530459,0.5510100017303154
4.185504250408363,0.556529585273593
4.185504250408363,0.556529585273593
4.133354767582803,0.4875837900743274
3.7549497271831123,0.5232418618151639
4.1773229449147244,0.5326047115893405
4.299997802278276,0.5472866176050267
4.1779161768641195,0.5489497140983147
4.234013029240942,0.5593903949675312
4.227015817560259,0.5486968832753302
3.5654101543973034,0.4999909004569482
4.3985486703533025,0.5272255083746851
3.9280540445583183,0.48201364401549496
4.101779565083522,0.5318267157564979
4.000806738110467,0.5040755689559578
3.9812086241210203,0.515984876481174
4.062469760656318,0.5033282988924026
3.916558221469603,0.5205571849927932
3.9840489028464994,0.5151446717001709
3.6878971128789284,0.5231426198707623
4.181515493227118,0.512239083301744
3.7776433274623167,0.5153051105340894
3.6896112219016666,0.5287255509322073
3.6332176021808684,0.5310177194485635
3.8788855069565362,0.5065671888416341
4.2061004921896,0.5290524564861181
3.9978214288296994,0.49651897671871303
3.729385514378621,0.5616383783549027
3.837922599363308,0.5215750474722353
3.8324718101265076,0.5413800121316626
3.899863718571405,0.5140643784366843
3.962633568628488,0.5240330062220341
3.8119481103011106,0.5256770959636848
3.809771343985101,0.4849702690164286
4.240563219679001,0.48700159187133674
4.291725329218754,0.4793413353416974
3.7215351418883884,0.534742379554739
4.0762672546321435,0.5188208336578815
3.803777927140953,0.5163969420524269
3.7183009055961387,0.5338609204306387
3.875242349179689,0.5569947476388196
4.092887712028311,0.472790928394711
4.281721010102093,0.47124740585813946
4.363081755349788,0.47042427365224726
3.5398297133941212,0.550750766510982
4.353163264419492,0.5248284168116295
4.392254381216901,0.48091461742645025
4.003915696198609,0.5111469335074558
3.943266890172265,0.5157380317899424
4.1305929206888905,0.5683300829176227
3.6870707047501425,0.5180561453174377
3.6447395077402214,0.5158154744283003
4.5489609559772335,0.539898030133067
3.2737593153591438,0.5082946747106041
3.9929094763995057,0.47912615728594266
4.072131251963712,0.49814413557124193
3.873151326108451,0.5602839738834209
3.6879828738893883,0.5487947944534332
3.827277272779554,0.519122831257071
4.092910343216878,0.5285549836839223
3.726305183476914,0.5106450417537705
4.076386528469636,0.4947403899517501
3.792388199304259,0.5241039532139393
4.017959149801992,0.5230645995688525
3.7549908399223373,0.5218680258067637
4.545600751046066,0.5169165497537365
3.8960850283965294,0.5131421281055577
3.9880507111275376,0.5016539049775718
4.241223941710546,0.4901741085291594
4.210614646948406,0.48554169732341945
4.009478767549973,0.4773333337822669
3.91966488074633,0.4688515973041657
3.891657514640458,0.576702897254663
4.108084919495944,0.5214117219332555
3.8799165018805737,0.5287494398792483
4.125683631762774,0.5453023778215487
4.134339584761761,0.5279439623564846
3.824274900668939,0.492898141233867
4.196931103174407,0.554863107396885
3.632631891326778,0.48849363689601705
3.590211570931661,0.47817837997803375
3.9208597416598954,0.48422351074213793
4.100190111572106,0.4858060497147334
3.9412558994490934,0.5239886309276602
3.8285428322892505,0.5201613919622916
3.842567502945919,0.4591654203605315
3.8950359378370467,0.5502162099653961
3.873128318355869,0.5415847317134614
4.255803110063394,0.5088970593384274
3.821099219731184,0.4957576996235424
4.499506721513298,0.498231327966565
4.5013461152683965,0.5201866961486087
3.721849226542172,0.480725116819138
4.537922824906615,0.5029929496761667
4.341382615476519,0.4995913547624557
4.402708997465632,0.4934664468090611
4.028541892136038,0.5024827741759881
3.809809134034978,0.5384585049543521
4.106611349593902,0.4973162219520385
3.7991253134940535,0.5147373177021961
3.7286376147894464,0.516184921496325
3.709906086245221,0.5201794298139142
3.9955440647837115,0.5288299870475979
4.018112643576407,0.5362587610359174
3.9097408121967128,0.5359393509434064
3.857409760488686,0.5102587481959072
3.8585663903280594,0.5108449034495361
3.8465291494791076,0.5211868200124736
3.7942110744704074,0.5435700209457
3.910128929227968,0.5172238971553433
4.031447862092914,0.5080901929702627
3.4814951970434405,0.5237871928998284
3.7783917165428886,0.515105438500414
3.961222651452859,0.512339385386527
4.030099254906193,0.5061141167523798
3.772323096743999,0.5441886542410653
3.772688468620685,0.5416489444597868
4.024488558224776,0.5020679275378462
3.9308883128816046,0.5205670225606384
4.1480682893974405,0.4928697480310173
3.5277067376172058,0.5364106706671892
3.4653268775569535,0.5459551701060047
3.9198706386487974,0.4889789275348835
4.232713877302141,0.5096340449418258
4.331183560078416,0.5355718354879895
3.53273324920164,0.50506039055483
3.7619713448535927,0.5613688932091805
4.336916591824481,0.4491693831843034
4.309703272059199,0.4994056801646904
4.228562182162733,0.516980691043879
4.254982289558375,0.5003873068691077
3.9119755890609125,0.4966538430481237
3.9294223053149957,0.4878805815858519
3.8153054519502385,0.5212381918537796
4.076099255131039,0.5163732362941696
3.7214285304513304,0.4800474105803908
3.5794220936872008,0.4703814169759378
3.847776407737448,0.5632459834180745
3.9321780484881876,0.5196319569118001
4.21257647835252,0.5243564529915162
4.0073311207578675,0.5088622238685022
3.90983460872321,0.5241502774390296
3.805023846336921,0.498764575954641
4.0051192387294865,0.5577309369421299
3.996066303575964,0.4884870313744467
3.697823074510059,0.5288711279221954
4.403457572078074,0.4884274455848955
3.6736037428863533,0.5306976745763679
3.911791191721828,0.5527623236263847
4.191380909997425,0.4556617526949056
3.973671342787638,0.4967566632696702
4.078838140601626,0.48532536212751765
4.2063689499688435,0.505507637604011
3.701073764768231,0.5211611077671554
3.68486169771322,0.46519322350878406
4.239495196617243,0.4592273786636905
4.145903532143482,0.4917070738399821
4.299935851233982,0.5106007143630492
4.509440367016781,0.47547094262618234
4.203585349929343,0.5195844076188348
4.09775608780129,0.5174069554347986
3.9208753733026773,0.5044387336127907
3.7722947353800134,0.5415713939148356
3.7366596671721273,0.5500896463957213
3.8537308334771088,0.6129487892313178
3.683098650915236,0.5846794492554567
3.8683153755943076,0.5255902916460417
4.37984375187876,0.49678804414429706
3.640205026216812,0.5294316892920212
3.8662119077087924,0.5262806476191617
3.8938177702455024,0.5280878860182042
3.8980919755644092,0.5298376922838306
3.9117713792275897,0.477300207816379
4.441416462872026,0.506436147339902
3.887191056417578,0.48858614580548954
4.306195835312631,0.5544596493182973
4.246869024584669,0.510193864808817
4.018898902584287,0.48033489602124313
4.123711742401106,0.5287590208259163
3.6583582620478765,0.5289054911453426
3.608095830352148,0.5292262941856781
4.261342082297156,0.5130667008835534
4.375370355106083,0.5204632685101271
4.142559326141198,0.523029044817596
3.8153418621698716,0.5135003223141378
3.8153418621698716,0.5135003223141378
4.07928834623395,0.536476247626953
4.023932915659443,0.5139665344691764
4.123781807976116,0.4755632053304598
4.322811175112102,0.5126899600763128
3.7950681188024196,0.5220727603431102
3.7385451539830776,0.49920983759822685
3.9144014828510008,0.548670070804137
3.8736534941863883,0.5508554661656835
3.6985724550971266,0.5066311392401496
4.016784976124483,0.5076572089654934
4.0163754571079195,0.5390646045490389
4.260634039444875,0.4983255815330614
3.780717993105687,0.5546787817506411
3.6185636731179187,0.5215977372503444
3.715379119842993,0.5094146223552698
3.9726050174171608,0.5410551900025284
3.8919565332040538,0.4965301527693074
4.2499922963256545,0.4845876521363742
3.8843950927546147,0.49302160085195285
3.9212135783263284,0.5245183392627158
4.105778174861403,0.5049867447662947
4.1432754127809135,0.5160240451397365
4.252473279294229,0.48373474721672965
3.90856142623684,0.49742231044472174
4.01663515607532,0.482765378718582
4.040580001772393,0.5586606492022864
3.6532891547911603,0.5374471824586324
4.062657017239959,0.534035064868868
4.03455741555288,0.5110972307776726
4.089905497591216,0.5354167792470497
4.018779472957887,0.4930070994058463
4.076183966091201,0.5123629109293287
4.076183966091201,0.5123629109293287
3.8710629643578214,0.5019999063626274
4.22903032922557,0.5070923022592123
3.759352607280595,0.4782957305508494
3.991851389087168,0.514050013034132
4.009536186603851,0.5087072074535758
4.08216149975119,0.4921947236947426
3.8854599114566235,0.5299417760686254
3.856959044367075,0.5164867424201848
3.768943129528228,0.5309541888450893
3.915657265294834,0.5171638397257093
3.9576568749274585,0.5150679910617012
3.9222059319249634,0.5235400075739144
4.0758204546530035,0.5141196182228203
3.888004982378349,0.5161857413236944
3.682521572055877,0.5120638769388101
3.592737035507407,0.5181329404729094
4.14029848139843,0.5377751156454695
3.5955353013754023,0.5224885759678047
3.815745753967521,0.5507508939164014
4.3893451039634925,0.4795644341431636
3.693674589415678,0.5480263973445251
3.646464961943104,0.5511356218751877
3.6503588517209558,0.5741709446629119
3.6797423101812505,0.5250813655600324
4.021992824426569,0.46794692044883757
4.0198853049802326,0.5375600257216457
4.038209061955969,0.5277900053904339
3.7687176011207497,0.5146694425285573
3.7874268846655776,0.5273284006773755
4.019604207667382,0.5067595857126735
4.019604207667382,0.5067595857126735
3.8291844201812504,0.4911801239248444
4.315760920125945,0.5116467019669176
4.484329756993602,0.5124022947208657
3.967628673438289,0.5047059644055162
4.12721342383269,0.47791484033488096
3.9259770838639443,0.5502307063366003
3.7979060725253064,0.5349439276954436
3.854355080044882,0.5178587961102284
4.155378322725844,0.5154548697990063
4.0152459299399945,0.5712898996401969
4.050906829274743,0.5031556864700233
3.929063394439383,0.521275634469767
4.052694922646667,0.48939266737143466
4.3086489259797,0.4931829716522316
4.290185756783824,0.49889403972937624
4.0685921251852015,0.5126328013468593
3.982803013666474,0.502070084367583
3.8431084658161248,0.49166977060496025
3.5957151454564307,0.525491040854877
3.8627357101764095,0.564167244498939
3.9878852210197144,0.530222205271718
3.7134088399634733,0.5222591270574851
3.8581650877013187,0.5326870411768792
3.865683835504809,0.5278178135893296
3.960555523035291,0.5159140965474751
4.219262136283572,0.4825255063829199
3.7662527719680043,0.5524169489042249
4.127819735215644,0.4859541334062087
3.9262678785443867,0.517053193524795
4.068254625994298,0.5191413274608493
3.8829006337562615,0.4807826934725169
4.048736041054282,0.4675254519092002
4.003155735051282,0.5269751290387091
4.189568270837518,0.529548745381153
3.5758574669983325,0.521090451278028
4.149549865800906,0.5233659276156931
4.083160511765464,0.523780955216633
3.909347628711113,0.47134978487271967
4.674052361558534,0.49842860829428864
4.255411311706055,0.4786242561491259
4.227193111726882,0.5037093011088383
3.926735754986306,0.5163548738972048
3.926735754986306,0.5163548738972048
3.912458550783147,0.49250040662850725
4.01676365387442,0.49629414848320513
3.995689441810131,0.5152854704156933
3.9499513538301687,0.5200268652330201
3.9944613230359427,0.5072852819192604
3.9944613230359427,0.5072852819192604
3.9944613230359427,0.5072852819192604
3.8782949000451685,0.5174715040364319
3.929380980516858,0.5286659564865811
3.9784297779120776,0.47752964363929457
3.956145321242115,0.46574010721666187
3.7827829995863547,0.4967755927251467
4.027720883884793,0.5197856596333162
4.066794155359626,0.5209371366237717
3.9879256795869176,0.5489589770618664
4.126517876982103,0.4956274424476397
3.9405576528248427,0.4868393280369401
3.9146603379939156,0.5047537250109443
4.2824796608116475,0.48479903722500106
3.7809030704363,0.5300304003732907
3.7988056397719987,0.5313499015501522
4.0752626068013935,0.5023452957292809
4.2720961227633785,0.4741661959148489
4.307343878438143,0.4623562585717408
3.8621157953492906,0.5481379673254403
3.673864481350709,0.5585513836581233
4.438687046660152,0.4829768873692821
4.295439784572834,0.4903495280725241
4.288133562829688,0.5024141740742252
3.962255721396632,0.5212897226741919
3.88858929054678,0.5573474739638566
3.531552021227856,0.523956975113316
3.9359938722856187,0.5038017617009184
4.311484219895986,0.5106301876653899
4.050999314559641,0.5026434657707071
3.7719363996325184,0.5224663180758684
3.617418846614583,0.44530058588081195
4.5942413469512005,0.555988833690735
3.242309914225021,0.5209667321245135
3.2628943211085737,0.528308553153423
3.8739046976465104,0.5661141257027247
3.9787859501705616,0.5544146566657121
3.7307206140732543,0.5354769574583644
3.847427833305143,0.5040709344055678
4.124464250757615,0.4970882257214701
4.320734522911102,0.4909299272508658
3.503213401286655,0.5632517941090968
3.503213401286655,0.5632517941090968
3.3749369486797955,0.5629576884522782
3.4752586246190633,0.5579201852363064
4.720340458619313,0.47844012782109435
4.654506946186632,0.47908458000339715
4.314694104514557,0.5073161956905164
3.854607424960999,0.5029859834531586
3.854625520626763,0.502456263259937
3.8274811195596112,0.49454572885217285
4.04316627711969,0.5373593552737491
3.81110406943927,0.4914818363523987
4.014734546570048,0.5493564750630322
4.0150248521483105,0.5463204009908672
4.018123223429045,0.5369749916228611
3.6931582495622273,0.5049513719392192
4.2206300117891375,0.5152438984662622
4.203377821027752,0.5286386848196083
3.7517899728154456,0.5515892598380534
4.385697813449594,0.5308749986625408
3.7869230496370894,0.45775534604325036
3.7389972098857065,0.45588317869945444
3.7501708934960476,0.44480791383641016
4.2151259132532655,0.4416160164369015
4.395797625004106,0.4512968816117706
4.349874685824168,0.5202126808757953
4.309661665600591,0.5203965199382287
4.262433594584196,0.5243877546788895
4.215661356578493,0.5156359904939135
4.072764846001091,0.5100789298893406
3.794574404171874,0.5358041653100698
4.237614375387488,0.5209210418066686
3.8110263987466344,0.5330334547871044
3.5195993752037382,0.5306764282107622
3.5195993752037382,0.5306764282107622
3.848666389157456,0.5283580541764602
4.373848248674653,0.5164619501268463
4.119402529871647,0.4815879266379701
3.49350733587014,0.529840556342436
3.6792619654391907,0.5049313405571898
3.948374426111401,0.5170284922833598
4.095939307359826,0.5196031960780971
3.875443431977817,0.49768421983476546
3.887946156311962,0.5070135383327564
3.9205088523816363,0.4724467945029757
4.147914331223512,0.5041855566875088
4.041195606543202,0.5050953731874965
3.7361676028956445,0.5052391139718787
4.1003834748984325,0.555808579080612
4.168196580202345,0.44214829326017835
4.705727698319087,0.5069910301699896
4.0775839798755005,0.4964248261324199
4.0666893351745905,0.5084427178157244
3.6736774208639207,0.5851181909006726
3.6903426833139727,0.5784042128477288
3.9792197569480847,0.4882060369210693
3.988798799770639,0.4904343774130192
3.8283077490477395,0.5199438095560774
3.932499153121014,0.5501983845254006
4.2974783458106485,0.4920552987804672
3.763892410421889,0.5287957610411661
4.045073689394106,0.5197645469633172
3.7725133672023237,0.523915592941323
4.124169224341314,0.511856763085814
3.9285959345241714,0.5181935202490491
4.081511879061395,0.5054543913842663
3.9819812535025148,0.5224969347869097
3.9031266196229506,0.5008997659992895
4.184351455672523,0.5116148665032544
4.014538474211242,0.5208012312871507
4.004133982741883,0.5012289084376258
3.924807566391612,0.5209448716305122
4.2771754695405635,0.5231094058877612
3.8662005137552007,0.4887681105388853
3.836332015161724,0.4907727979474697
3.8194359223138,0.5215166532975279
3.941678669359516,0.529010135380019
3.5330113884603636,0.508929145732278
3.482889627039277,0.4958117099874382
3.5784452163532428,0.47505313318288517
3.542346146381289,0.4670520747634852
3.835529091540792,0.5279866618203752
3.8184467393988735,0.5560640050139166
4.076497211004549,0.5159458760817552
4.297057452903741,0.5306874987448379
3.4809263792940914,0.5204001183052062
4.1932457448225895,0.5040909036384035
3.873150775862846,0.49585683830959004
3.8418083493630104,0.48990632252840427
3.9108576671616677,0.5456444328680861
4.034272050180075,0.5099628448357018
3.8620149805553887,0.5121477582071001
3.869789999337498,0.5384774029030378
3.9430156827194263,0.498868899073832
4.042842774810184,0.47619271883593683
3.857427324775312,0.5493154672097805
3.6829228539464007,0.4897851521380666
3.7592356082672755,0.5508533010702709
3.760505231265806,0.5308016386954613
3.6841466722203955,0.5245288630075876
4.309578186285015,0.5020317972570789
4.096326211294316,0.5075756042646351
4.011491795536615,0.5070109152861134
3.65566012744982,0.5293867898908319
4.415421735301631,0.4932071865350369
4.638331407122708,0.4682882574568709
3.7029980653936327,0.4872198436552786
3.959684765830003,0.5079228341320967
4.051347807063943,0.5158083333630529
3.7974552212428145,0.5088755079611355
3.828261504771082,0.5250722526253138
3.9598151915452777,0.5124714575139149
3.9244720000620057,0.46982153119508485
3.9636636081301395,0.5532711595489109
3.9893399676941708,0.483796208468094
4.301505436027989,0.5055131266775653
3.6947076737363185,0.523236108434706
4.016652544853746,0.5665828332674265
3.803364820894482,0.4981431080617097
4.21035813550438,0.4855512950975773
3.7841402026125626,0.5286669397530317
4.003545138069332,0.5223322969929927
3.821938495408364,0.503698890942008
3.9461652481791236,0.5476741674671707
3.6800284912584247,0.5048778344228073
3.617224358122565,0.50528341836689
3.826164623236393,0.5507597110411729
4.655623473108856,0.5012730372136109
4.068699309207628,0.5355458297260984
4.209089111480651,0.4644690450205989
4.169056819446747,0.4760658281580451
3.851008953543974,0.5279009877846099
4.04822123376957,0.5042213779994587
3.9143577981543025,0.5236786938223396
4.119814461679621,0.517342662300327
3.7556027680852466,0.4846716429072335
3.7937040401365625,0.5376914895054594
3.7550893937533325,0.47595866809155035
3.988796764584094,0.5125791192162832
3.9146341065079584,0.5196796948212071
3.9849527533898876,0.5148765143179522
3.7200701255283652,0.48233208469068933
4.285748622795352,0.5244336340547807
3.7501902003170344,0.5094139535006156
3.8037234203046157,0.5102998151652587
4.267484057241807,0.5083832749153901
4.150941908888135,0.533082685547717
3.976966116993161,0.4802620278085065
3.976966116993161,0.4802620278085065
4.140411430843171,0.4871134951522258
3.646506869773013,0.5513383200180597
3.702746867009041,0.536296642330604
4.017056622569515,0.5689290108873963
4.061433186105589,0.5169056925634496
3.96632979351667,0.5566522300024294
3.651780217869975,0.5194722840490865
3.651780217869975,0.5194722840490865
4.534739117139781,0.5165827132228143
4.066033257957418,0.4908480325432774
3.936310849974921,0.5242675125195775
3.9097285551529866,0.5160014128434431
4.1092761636793105,0.5020044404976161
4.044439286806466,0.5095517319585884
4.360701120030451,0.5454341865067286
3.679717284069207,0.4703667231695419
3.729286910259365,0.4712227154341333
3.7685624042981303,0.48314025644180975
4.044198355056914,0.4940141480212798
4.044198355056914,0.4940141480212798
3.925076734166083,0.570842869335586
3.585511982123197,0.5106959572562998
4.275697655228679,0.5586060072420006
4.175162748046845,0.5334105790571291
4.02942200964047,0.5373486682528115
3.847124982935979,0.4984969900855265
3.663535576909647,0.47926429301587337
3.968900644255251,0.5130708120205779
3.8836816974035546,0.46700136291912603
4.132667870128205,0.5549173329370406
4.265753458253875,0.5683126444386105
4.223295801241099,0.5425672715801232
4.3346542034803734,0.5404525411595854
4.190258465330895,0.5397679529876481
4.190258465330895,0.5397679529876481
4.137541916865456,0.5289288152993492
3.9210524760359666,0.5228376520186274
3.675394818038163,0.535066308610417
3.568921415592418,0.5125731396778469
3.6733900061502363,0.5051536904422002
4.245285877068058,0.5275224667072129
4.2002367004734324,0.5210446216580074
4.093672957751051,0.4868321494797194
3.5100153161908385,0.5457388312640579
3.996023586186878,0.5102190401741363
4.021015802505157,0.4987385588213833
3.666513134103111,0.5455892232760106
3.8162330212474553,0.5142388821075407
3.8707007323874496,0.5331988577689503
3.7734744485790825,0.5262642245937421
4.016871525317159,0.5433930071643435
3.7458719350229117,0.5104579319608832
4.1669080509190595,0.5132056868865162
4.108940891335673,0.491582940499088
3.690070755075607,0.5294251623409714
4.014311481666534,0.5318630694492931
3.606894620380555,0.49910099935377106
3.76009260471752,0.5315941028756056
3.758552770140328,0.5294517599327804
3.740026591433342,0.5271400739252745
4.306376037436231,0.5418265128159979
4.2162437799045795,0.4817173301270543
4.138840579415194,0.5250482365615791
4.02200737240543,0.48405826335142704
4.011691501770829,0.4923298324283666
4.305676000025432,0.5052072086596543
4.264519497642023,0.47728856061715674
4.052414154546371,0.4958817930376025
3.7996057872978115,0.5294301441633146
4.056490921024233,0.513446270016286
3.8203229464329818,0.5258883893591862
3.898104128347901,0.5212275228612858
4.17706224693039,0.48461465710522494
3.852498111940036,0.5234629162552022
4.177919346064182,0.5105560996842092
4.151231240998655,0.49167463393286465
3.9946321488435106,0.5193445847372014
3.9989736363505823,0.5037865049446086
4.105752953700439,0.502247916181835
4.03180182258369,0.5461215987478855
3.9357531356122895,0.5881628923368682
3.8102691790881034,0.4767048878344572
3.6773270950603325,0.4994421233793128
4.2690650411136835,0.46145893888956324
3.760831628075927,0.5331090235106839
3.712391819528058,0.523159633192127
4.063357627678744,0.48063034492147044
4.234464333900127,0.4921964540522599
3.9959604628777528,0.49942995798565165
4.270390070293755,0.5018551920934463
3.804215636947668,0.5174182880529358
4.287019205167926,0.4989147599149414
3.850105630311266,0.4908244426358008
3.802317792014365,0.5574372425156179
4.3727712329565716,0.5109316884449938
4.1632612335332375,0.4847724607387509
4.448965396602704,0.47123173109159744
4.069104673700272,0.49891470484093164
4.1822480258428785,0.5001341090136204
4.280141231530123,0.504431297272721
4.068362531932473,0.517961489573386
4.41571132980231,0.4868037789162583
3.6384253687595356,0.53649949081365
3.9807441117681184,0.5262055396447166
4.062844354266922,0.4947037950051898
4.640920562384849,0.5003655870940238
4.628930689526325,0.5092413644650456
4.557370365286281,0.5311186609477331
3.4978319553353,0.4761136449664416
3.516824118714993,0.4631343190580759
3.9161437366242793,0.5681626480214532
3.768725565984145,0.481831341481361
3.708370032770406,0.48039568063440374
4.0626484686855,0.5516758561554688
4.086792259929352,0.5563112510840856
4.083024242498153,0.5487191740473681
4.081496844287549,0.5466664167037618
3.8358363765019563,0.5200433284912573
3.9690100053227164,0.5294024008364667
3.8609517216472824,0.5148973336014486
4.0916457939738615,0.5154693068570292
4.083916218512514,0.5446735126823588
4.069111675779054,0.5268950970575387
3.806556890912491,0.492379040643574
3.790049696267361,0.4893821243069549
4.02882498522023,0.5471785693714297
4.102855023848593,0.49600891527339924
3.918691057950534,0.5065751218587008
4.119946325548189,0.5206614263350563
4.177774845061861,0.48745079396986235
3.706264868442931,0.5070893845011212
3.732648779760821,0.5345545038869585
3.7946932540014564,0.5222721919991657
3.596100697757245,0.49316061800122507
4.025944781115336,0.5054148992428023
3.900262921489495,0.5278926395964122
4.1746865734712975,0.5209996567664811
3.7147236757990845,0.48289568921041087
3.96464422980083,0.5326988010995135
3.843784090854227,0.5771683597430454
4.250229927700767,0.50329810724508
4.21583949872668,0.49980847970681724
3.9445283590443467,0.5524042328759039
3.9968306820756747,0.5019794013445107
4.617159509732995,0.48198274027386817
3.702654894451644,0.5188745317936093
3.591019071680379,0.4993271721205762
4.000681747558243,0.534286647888446
3.8619887871599925,0.5622217108537648
3.9388360946802004,0.49242001378102795
3.845159595219008,0.5363005739138311
3.897078637570885,0.5175124041320971
3.8342920628612625,0.5406783894503666
4.176959635036295,0.5440395105164241
3.832583209434429,0.5009052766288158
3.6102253139473968,0.5180094691508306
4.007738624760034,0.47667833780112534
3.867017420213455,0.5100416173319564
3.8409646992230995,0.5186221024839477
3.869559771195,0.5066161371351914
4.174645512022011,0.5405654376220699
3.6180268060866503,0.5070962397704667
3.771735974179476,0.4855888505052103
4.212928864474549,0.5388325207175138
4.204561386147919,0.4680317952079225
4.41822481031173,0.474063933508616
3.7551385955212964,0.5352239058374095
4.265656770924243,0.5419132938430762
4.081191628514431,0.5351905342837444
3.9321229600901466,0.5517046675421887
3.774542172845649,0.49883190636309105
3.993306398444718,0.5361938101900465
3.8668509865229663,0.5485351352409314
3.824760474789957,0.5529205195128637
3.7401890860096154,0.5333925361052095
3.6769816725024937,0.5307405195669672
4.612715869996093,0.4811075879721037
4.336416682039727,0.44397236436704457
4.01797535551568,0.5525750673553425
3.901694835313462,0.47127579201471287
4.168063003612022,0.5567083463513777
4.0336691625543395,0.48878297075946725
3.989734150307458,0.5066641714268667
3.7746851137387587,0.5482230849819485
3.8113536468993643,0.5392571089806412
3.6561382185838394,0.5118445557894391
3.960236654117392,0.5173423125301434
3.756728765580746,0.542408533168676
3.7135708159242973,0.5493939047635045
3.7458343773572547,0.5387417065706214
3.8032508939278724,0.48504311047411136
3.8476011793890468,0.4814325531794592
3.923578274824849,0.4915732163207885
3.6930478767053554,0.5458379209559906
3.6774736585505616,0.5496355688668588
3.630715260338172,0.5016156769056218
3.632161277934734,0.5672798980253365
3.528057866347261,0.4653493190197815
3.9343310774200613,0.5046970126952915
3.9265408175314915,0.5072360344571311
3.9662633139203427,0.49217964336491365
4.0703044154423775,0.5071365765185972
3.708415184730452,0.49967192813537603
4.009411655519362,0.5030274113283119
4.008375435072245,0.5322978861681398
4.006470548654199,0.5329434284670223
4.182220573119547,0.48950376773211207
4.0792097333947,0.5116833633322467
3.9197471780375004,0.5062841762260933
3.869401131223422,0.5134685746711671
3.938648052825819,0.4830330894225262
4.206981725029524,0.5439048512317449
3.5611242674310715,0.5050945742285946
3.5611242674310715,0.5050945742285946
3.6463220144691904,0.49419171275984686
3.9865242408635426,0.5283157589825191
3.9843990703132435,0.5089429908017058
3.889842935108985,0.5124844406940792
4.2631648547669725,0.4997372189234691
4.0034878017330255,0.503319859469732
4.080970460846484,0.522655065576861
3.9501880811156136,0.4866429451892668
3.956032761852476,0.5388651337059204
4.144643480210544,0.5147710153157696
3.527606598332582,0.5570040834664798
4.282105435013127,0.49632293403822875
4.239641975370634,0.5235608464946189
3.9890374228471925,0.5219352918347567
3.768842745695403,0.5230790378514797
4.1081698418996675,0.5151693600210379
3.8040829901500013,0.520640463896998
4.046332863374307,0.5657872021494903
3.624615001863225,0.5657392591586589
3.7294742089766366,0.5521432282542365
3.4929086572695627,0.5223546008563066
3.411087180054706,0.5282433465574695
4.62354303181231,0.46283332664961774
4.555257041407012,0.45955259959689365
4.17531623554007,0.5065406112465358
3.887815682946068,0.4959553096636142
3.856685214203944,0.49401559627637726
3.9311036678038733,0.5128941226611469
4.293307017144269,0.5044395171440853
4.054730900946394,0.5164863208534195
3.8209432609053726,0.5075222276799665
4.0708156271148495,0.5326988314189058
4.05098468872613,0.49593538244984653
4.011853018368494,0.5285400178045128
3.8940390136538046,0.5130484769548601
3.9361087898111355,0.5666244610012776
4.330295930052821,0.48800470587193684
4.266922018584243,0.48999318277289133
3.6463403148094122,0.5350395327734273
3.6916759012770886,0.5283773385656477
4.440133748835217,0.5136917742456215
4.5752519842123345,0.5249025587645282
4.354032009740159,0.4819582049703273
3.9658121534336863,0.48889551226689326
3.9664189178693436,0.4879291100746314
3.933904879341542,0.5388100266888058
3.737078629273193,0.5433321341589563
3.643037409626321,0.5456425029425024
3.6730677034241435,0.5358253395694195
3.6829751896227747,0.5264960793361764
4.078596648916324,0.5363651305934675
3.937761515660765,0.5198024732512289
3.9145145127790446,0.5482027102897776
3.6371257728558133,0.5351388939619154
3.828754408541165,0.5095444318867143
4.020642328241197,0.5179772419256564
3.68441500066632,0.485400455640591
3.7292148291611626,0.49751480249475055
4.01433812908953,0.5150090737055231
3.9878361724880054,0.5431830854429365
3.576702518260443,0.534060880483816
4.731585753784173,0.4638524206648165
4.813994269671919,0.5050301400287179
4.588813578374603,0.496072862506694
3.456316026772659,0.5298171208362312
3.9048435085272963,0.5624568433437082
4.289586604178341,0.4730225741848058
4.01413146918386,0.5016127060682266
3.8552221385032586,0.536862860007515
4.024939693831674,0.4895202971524152
4.32850485036413,0.4932944321066003
4.061005190743863,0.4672922751602337
4.079723448436787,0.44679421335247516
4.042105342635992,0.4407532848306587
4.152953426725686,0.5639470322044836
3.7125979304443146,0.5179645201322215
3.770960849380842,0.5198478985636081
3.898573145342693,0.5096005675423432
4.011983991860379,0.5170760865866739
4.205073815306485,0.5483755955368874
3.753034743542077,0.519165179070961
4.386786685173868,0.5404868901978543
3.407864327015515,0.5018150762942925
3.6372390274060837,0.479512506000185
4.12488502719135,0.5165209590236917
3.922544623587754,0.4673920062632183
3.8312809764922853,0.5298491220189764
4.142002103718215,0.5067938550271993
3.7988273432687687,0.4778940456471651
4.172480594954608,0.5294425215511204
3.688178281950487,0.5072035340101705
3.954869830419507,0.5315167546434594
3.7727997203179293,0.5208965967889394
3.79355516980465,0.5504101625527941
3.722198308960715,0.5014117505896576
3.8962988382689323,0.5278127867734511
3.989338385746719,0.5140348555500238
3.989338385746719,0.5140348555500238
3.943405871259721,0.5189135115175718
4.042981391413467,0.5088368639319621
3.875878537838385,0.49306490482221293
3.8725622025720554,0.5006001820969511
3.3528740235185186,0.4723449956566699
4.004222780635569,0.5423051010395756
4.0422673027544915,0.5566684266853635
3.769777532523543,0.49196821143656516
4.307124087798481,0.5087904532372948
4.1156999834311465,0.5257301332250521
3.9590578066513715,0.546798334636419
4.063070093470592,0.5470854044271032
4.201692816442666,0.47793027627438284
4.570329790691409,0.460520434364382
3.750063104214405,0.5341574186438817
4.138642054367988,0.5035158183883675
4.071730167497461,0.5360329655469257
3.6403564719704105,0.5255746679549177
4.226511854184778,0.479541765062397
4.053756033403603,0.5444110262842212
3.7051333838922638,0.5079138301646956
4.154845304443781,0.5284526023167871
4.2964858932609165,0.5395857570644056
3.5353715519250484,0.503746008690093
3.5208371902693836,0.5093228229075031
3.629533545890192,0.5394749012474088
4.307847940946123,0.4885200197875629
4.23223103712768,0.4805726729126566
4.098119815306216,0.5156309433882937
4.098119815306216,0.5156309433882937
4.189632661560203,0.4950970764526137
4.015420679814164,0.5057352033629491
3.6621191087616847,0.5408702953224189
3.925086457157842,0.5078579265461122
3.84678764877371,0.5405406519418977
3.9451091213705682,0.5344985957115856
4.2291823811713565,0.49419326761811233
4.05927777742062,0.49616759769681257
4.104045677718325,0.5104230379850847
3.915155643803468,0.5221694116952865
3.8481106086528007,0.4948227894715242
3.7149497155691686,0.4673296228855271
3.6019677829504047,0.4612291930814289
3.648803362108855,0.4787875589643772
4.158271045962105,0.5131042900684513
3.8931808260098135,0.5230049985283244
4.001877463128531,0.5354999605753236
3.990320495395514,0.4956699862246834
3.882511574813375,0.5365817319861305
3.829291086372297,0.4995507135082407
4.011200533305797,0.5463694494830235
4.313726096785441,0.509446457008741
3.7482558302277598,0.5117691673991631
3.71734298172099,0.5127272837230799
4.166431758055981,0.521276363796964
3.7379604891798635,0.5417865454827975
4.203266634666152,0.5418848323789632
3.9127291831791253,0.531217026712417
4.022602766311654,0.49409588368197654
4.115522424547457,0.5277696347047776
3.601946972597479,0.5147316257780418
3.7640701687846296,0.5539953451333947
3.837614643539806,0.5888875990475677
3.4962028740944895,0.5087593198553234
3.9864777915401572,0.4997635248836756
4.12240801658228,0.50799729904297
3.75844385030447,0.5109358546496784
4.0357688752564345,0.5083581416649782
4.001189195921707,0.5382036369600784
4.355102164682016,0.48533776850536825
4.239789114850391,0.4750877026440717
3.8695708190822407,0.48735920870042815
4.050994413754901,0.5424516419221278
3.770838876428015,0.5223024778815131
4.238458666679127,0.5146551665023816
3.850934395348594,0.5577123512479251
3.760348722480239,0.5183849793975039
3.8770229269891505,0.522600288558963
3.7803602571128194,0.4915195212675851
3.6606652862857954,0.5524191018396356
4.0368672921406645,0.5592414192244212
4.056117867935816,0.5006588175433907
3.9274191084288526,0.5259410083892494
3.9849580922212815,0.4594738138863174
3.9272885548481478,0.4547275197188692
3.9208315954086914,0.45986709234681467
3.5418293024106027,0.5423538336458895
3.7759624262636216,0.5553830007404666
4.3769178221219205,0.48928137143898615
3.7663196032071546,0.5128954824927232
3.8454215115011134,0.5168353026282968
4.020028717958207,0.5261495250886878
3.765064569617039,0.522336619829524
3.7409145144620095,0.5216187115576788
3.680240186288801,0.5001552826423331
3.6908113040479664,0.5032168837480938
4.372399419841879,0.4995094400446679
3.760203424188723,0.48501705730447775
3.894879597451621,0.5015612028196171
4.0699583929481005,0.517081135989758
3.7703579616993066,0.5236060168648178
3.573810671838913,0.4846038368072017
3.791978565586222,0.4931569653801582
4.070766382714468,0.5423734281344842
4.021342682334089,0.5156751399050764
3.73133127543273,0.540362579996834
3.7159694086283888,0.538416080669986
3.5713323065773106,0.5313092204338405
3.349355218275323,0.4862769587264021
3.5441336883785453,0.4731331313466006
3.5842384528789886,0.47127637086033475
3.813168736211899,0.46351344125149924
3.9630831721175266,0.555212862479422
3.7772852157084427,0.5376096396244062
3.7824885031220195,0.5187598693635461
4.185067067320117,0.49831352094472653
3.8923133801254264,0.5209599097303081
4.305006406804438,0.5416038382734124
4.127447237698801,0.5544973549409631
3.9317320149270887,0.48405925545120576
3.450181133817475,0.5076848621298357
4.310924660283807,0.481397681879174
3.7509461299078213,0.5167147515757624
3.997325894228477,0.533561148970736
3.926305860725081,0.5009601304031279
3.9486893507868097,0.5033999206946417
4.13084238009646,0.515110661278079
4.66839309799152,0.5041511327660674
4.402134767929099,0.5105725876546294
3.770322658680712,0.4998451494285151
4.006052409585921,0.5151941058765777
3.8304716634844196,0.5142190317216906
4.356148122919345,0.5041029292822252
4.380948484118946,0.5019315766477612
4.326713572439895,0.5143447849892692
4.093076789642806,0.4840126451633831
4.02965393737676,0.5019760135721529
4.067557224454339,0.49317445731184945
4.005877350777018,0.5073261794244361
4.321758208978882,0.508335348838869
3.9483757696135027,0.5272419492467797
3.955779448013797,0.4993347507999522
4.021638323735263,0.4893424595075715
3.904885978762472,0.525131621451804
4.061300844499215,0.49502795258685744
3.644642816082233,0.5344052672842038
3.6996607926927734,0.5486034607587871
3.6036082585435216,0.5539700959465264
4.108966781617813,0.5306273329679702
4.2719472069991875,0.49552649475436966
3.59575169350878,0.5499561304623695
3.6001201706277772,0.4669845152800108
3.6615441707058576,0.5595729367424669
3.7482849672033347,0.5587080533310158
4.04791194588497,0.4807590569311717
3.661844341013149,0.475035491250312
3.8608755685627796,0.5263430769922134
3.993662041878652,0.4820750235646906
3.898212277981514,0.5486456442146735
3.7682119780267143,0.5101604332034849
3.993912176639735,0.5640622923090962
4.13757430637065,0.5342198738972764
3.6855885171683083,0.5112544254868727
3.871722722345051,0.5447085993153489
3.6567835551867955,0.5072292179725616
4.230420769396874,0.5315087210933046
4.324518434478163,0.4824413133167618
4.067257471087939,0.5120171662720258
3.7931873611585933,0.5388845619177581
4.25557908931427,0.4690646882494943
4.217366749945958,0.5090676970538397
4.191017764116302,0.5068778450961138
3.6200466606216595,0.4982779566980014
4.24756938572722,0.5404120807798551
3.9704123191934544,0.4744473392361356
4.068994508929819,0.47967009682629563
4.016290937434332,0.5255862949580313
3.9591570910646925,0.5021616263769435
4.135836209737534,0.5176146024700291
3.9694646358430536,0.5039317731875468
3.7649732570213743,0.5108121925051388
4.054000274184659,0.5133885156838557
3.768182976044949,0.5291293969934969
3.5255199748423256,0.527741953489463
3.456730772024263,0.5200262980411579
4.117828036030999,0.502372366129529
3.9505611223527164,0.5303402910085431
4.223034963780357,0.48047083256477585
4.106934872616808,0.484541402715065
3.714219892614675,0.564600168445934
3.6668003116535743,0.5815800627538553
3.6026221190323646,0.5880225892161735
3.571853081511436,0.5392018989826488
4.00769431006358,0.5364342895624281
3.721198723371517,0.4969654990632363
3.784812815384335,0.4977975443621445
3.7125037059444925,0.5046547005926345
3.7726096702000986,0.5615590567421432
3.8700704778953923,0.5609508108096126
3.8700704778953923,0.5609508108096126
3.5171289999962787,0.5018766330016011
3.9056131568649586,0.554569684392636
3.874004572433923,0.5011318150791936
3.8801673986268117,0.5254383897267588
3.8418521243800843,0.5249653664122004
4.282969451588981,0.503965735916339
4.080997079900869,0.5326087668565567
4.016577884854613,0.5137909533933875
4.146931758913932,0.5087819791994025
3.7953748358060495,0.48987950070604064
4.46693061748137,0.5099378645019677
4.023664319838925,0.5267971240666396
3.8209760094186036,0.5123200458801287
4.155951614034321,0.5029000482734293
3.646890446380139,0.5482212822366158
3.843631180698251,0.5210809266967464
3.9752292865669143,0.5197349981858688
3.9752292865669143,0.5197349981858688
3.8532050165918244,0.5517616944172986
3.733884555332035,0.52242562060435
3.6613554602855163,0.5264594946086241
4.154022547507317,0.5004789557661383
3.642646527127395,0.5246788275008043
4.097046157233942,0.5302273542217834
3.8960721996442778,0.4752799202632683
4.089696981910959,0.4292735513456115
4.201304776839259,0.45384126322751916
3.775940240103869,0.4796601887997711
3.767651642943397,0.5439246962537194
4.180445650334259,0.5109826900452162
4.271240591186512,0.543781529761361
4.151881411264241,0.5174426104522786
3.9440091908201964,0.5252497650231941
3.7968388618829594,0.48786269149999706
3.9176939946261595,0.505528855508539
4.132893087079038,0.4901729582929735
4.067051365644652,0.5063727282024431
3.851815730980726,0.5121911863250624
4.218476184922607,0.5098246448710964
3.7971283046658773,0.4941387363899131
4.296015939651864,0.5050171342448042
4.056049657473639,0.4737738668705948
3.6497895255317525,0.5073243440506916
3.623492889303352,0.5361881275019807
4.085074064322088,0.5227643925005028
3.880094955390035,0.5134847243217947
4.08076495884011,0.5211193410044896
3.6387449549494186,0.5141166960748803
3.7431785152759693,0.5349600438069835
4.145813482034507,0.4900739829126899
3.5654097516956664,0.5658163770961271
3.731287695968087,0.5489138004138066
4.3581547993626515,0.5257779760734177
3.9045186122542543,0.5220719193906223
3.852150967757484,0.5001857553673554
4.1664273972525505,0.5221840941074497
4.0491260742984565,0.46521510243068875
3.954700438262916,0.5401410084408593
3.954700438262916,0.5401410084408593
3.8957013035768906,0.4904957732356106
3.823172085541007,0.5204995848385082
3.709541909112104,0.5241530425684688
4.284394858197663,0.5107447369052763
3.882831660696541,0.49569345718839375
4.082891446201736,0.4950630043887305
4.119444557763506,0.4999199619571895
4.318977704506721,0.4786055756888089
3.8179892213623576,0.4806908992870366
4.001684956457413,0.5477863604154539
4.227941291515962,0.4566119030975491
4.090633073386725,0.46777810560107075
3.680979950304776,0.5907258125122171
3.655042742200475,0.5991496332232075
3.741307658935615,0.4905174433141655
3.586583318704146,0.5050994852054059
3.7063656633104975,0.5087093868658757
3.997652521217362,0.5074794439540928
3.997652521217362,0.5074794439540928
3.997652521217362,0.5074794439540928
3.932196458842394,0.5408119066569007
3.9643305204356554,0.5136829249513373
4.029385218542909,0.49237805334474055
3.956903934391048,0.5008526575973655
4.026562758563672,0.5187182765196945
4.168800038568045,0.4853295427056003
3.8931782639821444,0.5076394772025373
3.9825812248459793,0.5296515503933177
3.4697534022523784,0.5130266047238984
3.955395051296974,0.5041211658130379
3.9747887233391834,0.5273264637348027
3.716402420106403,0.4966142592058999
3.644510535803293,0.5480368640522046
4.095543570623514,0.5385504902653894
3.71245274402677,0.5294230365014464
4.353460654093753,0.4927329615437547
3.718021523944999,0.5273303075245996
3.662254454243607,0.528696935027861
3.9476171951405967,0.5624831415448538
4.0436440566235925,0.468140373615954
4.256981941546513,0.5274849944674241
3.7091176127030288,0.484204972252223
3.9659124707733824,0.4927057633529173
3.992168436071007,0.5072300277129761
3.992168436071007,0.5072300277129761
4.0375520745237345,0.5121228247052532
3.8684772660313826,0.5247053035966458
3.901711797660699,0.5249815606145818
4.011436907077537,0.5064185005430316
4.336922619096207,0.5052279394912675
4.060744592805332,0.5279689235489003
3.9342995471151405,0.5002486355867504
3.7722037589052215,0.5053362724945301
3.896462846623103,0.5168305048722662
4.114029412058772,0.53761737495926
4.18508901844371,0.5367131235762815
3.5707016135018237,0.5100924467181912
4.23594858115439,0.5036789263608721
4.045696679118706,0.5147463711875913
4.1071653203167315,0.5521632329883424
3.574679207299764,0.5469944217480269
4.118602097104686,0.5006757898739991
3.7607932919672638,0.4806379358095094
4.042127466945909,0.497308504642492
3.7308296852105496,0.4956872453620454
3.594137556354766,0.5122327672974312
4.08052980581846,0.5354442639221395
3.7335027517554984,0.506769759143745
4.003029232175094,0.5409467886136109
3.9751004576040403,0.5194328179779468
3.977351308589503,0.5421102576269807
3.987874890976104,0.4880191765659752
3.870516534594268,0.45749893827180993
3.8494959432174594,0.46509625190987963
3.805672965717429,0.47403983624442625
4.084135548901716,0.5004690717527407
3.59999695450966,0.5482309436638216
4.237557779577648,0.4917370026681851
4.200423618185844,0.5003999335878234
3.9236799386269072,0.49721676666965786
3.921967529067629,0.4944614107854724
3.6855191617314547,0.48251533373130845
3.620848741448415,0.48871183879160324
4.429075815894545,0.5238687957704237
3.866535315388016,0.4857885068484603
4.318589256585985,0.4582287453295238
3.8512832279112468,0.5193992916217975
3.980622486918896,0.4878736672133378
3.9600500442214415,0.538483099113192
3.940312642216315,0.5495593124001479
3.664278960791143,0.5248852485877383
4.01357513917757,0.53814964769074
3.917424134682134,0.4949122064682114
4.084037532931047,0.5238158169515631
3.8358409115341483,0.513150218628322
3.985404974478563,0.5109624382248431
4.212486356032039,0.4964638705285502
4.149185636344895,0.49812407113270857
4.261890482898119,0.47764113747152215
3.7774027730131494,0.5317802509201709
3.9573002589531314,0.5061595640877823
3.8125211255017812,0.4933355830604581
3.9029004735543174,0.5712120545663333
4.0638069351199215,0.448494028947504
3.83669214925032,0.512583450491766
4.001187170725924,0.527947409694825
3.768235545562359,0.5042361129239666
3.9935029508502935,0.5255932559556132
3.9935029508502935,0.5255932559556132
3.9879578749026767,0.5576883169983641
4.018022973377714,0.49350507468890603
4.000047356660581,0.49660251050771237
4.028592721987286,0.5210340350115215
3.891618042580243,0.5132466729439852
4.125624073277454,0.5194724856816071
3.7259357563983055,0.48383715879963324
3.729773307279891,0.4918679604111533
4.031146140651479,0.528732614442827
4.273630627130061,0.49588197057376304
3.844625274182061,0.4944776554220763
3.8062569386128615,0.48507399065089785
3.627845119935739,0.5093835940561021
3.5993064822162886,0.5071768289186249
3.852320636929103,0.5418560999782438
3.9951046128700534,0.4831975882358706
3.8342628365278233,0.4867939544208034
3.415377544421405,0.5283203936203783
4.0078081123123015,0.5377492240123302
3.6831769684300464,0.5128755167732143
3.6653081951259927,0.5203957425646046
4.1039090402439,0.5225623286934039
4.275591480332969,0.5205513180397754
3.918762070871182,0.5373079969936689
3.828688936529158,0.48770446770007136
3.7664150008940767,0.4780160913975615
4.102497456321546,0.5050999412666594
3.926588512580569,0.48142244372334697
4.178720828111017,0.5507159577827091
4.188543028862521,0.47795577908139275
3.994450250281596,0.50435781829037
4.284665158059268,0.4863723747479381
3.8609244726768233,0.4973375610287371
3.6448159739652186,0.5240337309159563
3.963456111053893,0.5059538552881556
3.732830546665359,0.49597192620948183
4.042934567104621,0.5287537634045129
4.018044862436982,0.49131649947633205
4.048068956338651,0.5850377070780345
3.9050029616273907,0.4435510206329877
3.909742784946732,0.5537864337124212
3.957244302422515,0.5054023699517807
3.983102914310276,0.4865256162243797
3.840789445071525,0.5302029321552125
4.353026976451651,0.5199581983191086
4.38685870918665,0.522007227523776
4.317582915272165,0.5199547083521784
3.9326712641438415,0.5509263654927505
3.7721138732867217,0.5332219369100059
3.8144720865872355,0.5359422664846841
3.3678644113055074,0.5333979403901828
3.9799870994641195,0.5120632030404632
3.8130074784516226,0.51588623215469
3.7566238291278005,0.511955731556005
3.6038012935181496,0.5483007219768572
3.588826781479023,0.5479610610278189
3.8083479366143305,0.48662596099125194
4.210933874348856,0.5554732342506098
4.194292599638936,0.556534521956471
3.4960273140104254,0.49428264030455404
4.3501485845779895,0.5434253782530652
4.158574064230434,0.4652365103931239
3.9373643083645686,0.5492904280950721
3.6004761221296775,0.5181453166876593
4.166122273421567,0.5336347410250004
3.8905978015522935,0.5170461849506366
4.100601755806737,0.5037768143719867
4.261399685637801,0.522428198813974
4.363700214171768,0.5199411559648991
4.228971776509807,0.5230992337397501
3.7533592619286824,0.5433623255737541
3.784946263925296,0.5841406547452862
3.5735628101381374,0.5503505049686467
4.460069119738193,0.5021291118498002
3.7296290380898434,0.5228808530587598
3.934536237895043,0.5534703485594265
3.467383647264033,0.44917405455094517
3.9258638542724764,0.534221911588742
3.9549550189095863,0.5053130817118334
3.768931286227903,0.5276530670299403
3.8620843329361687,0.5179592834279091
3.8048563659218617,0.5036807107604543
3.9680538892157937,0.511012058963384
3.9796895293588896,0.5426160686446173
3.79827017136454,0.48572981338002774
4.112365431310506,0.5199803166695769
4.072749248880954,0.5155816970482519
3.930315145993453,0.5063152072427021
4.166522410496513,0.490746681894074
4.122571171898574,0.49288316305755536
3.728960638322098,0.5144008359173888
4.187648712940777,0.5187612752031605
4.005377786473362,0.4975493171600703
4.234824838091205,0.5296419452873637
3.596187837738356,0.5143180673329775
3.7707375005957653,0.5761228827092294
3.9078331081180804,0.559972161152862
4.188146367484706,0.488090316342994
3.8828222824349172,0.5102187721805037
3.7302312317177213,0.5855066400150204
3.584789720108411,0.5578776011872979
3.6539919580252413,0.5536661266459281
3.7823703363164403,0.5656881063000079
3.803876808566733,0.5127919578380057
3.619878455094459,0.48617701659059204
3.8899230144566577,0.5381324768150321
3.7816531151616783,0.5098513983162767
4.114058450654569,0.4933531036111998
3.932919390442538,0.5232143888992009
4.347592087686763,0.4750279057879111
4.248762510886489,0.5175621026134853
3.670318275227633,0.5185003249712994
4.320090534892835,0.4793432696073797
3.836673813206291,0.5340996377337259
4.20651233820834,0.5061650888580123
3.8063700087844694,0.48997157298945754
4.487542898834013,0.5074277631658873
4.149866200092757,0.5080965367202143
4.089423254419722,0.521143134209112
4.046406948335736,0.5128522993722859
3.947880785856352,0.5385402209695741
4.225751768656316,0.47133282988752345
4.492627359101966,0.49769177992069474
3.575398401394418,0.5401522151680302
3.548805002571197,0.5372639134043966
3.9835716174656968,0.5327085604566285
4.330365613995997,0.5078201292233515
4.017503208144561,0.5208807449235197
4.136935788870308,0.4957727283296173
3.7581831866090725,0.49163009062427926
4.010361647047654,0.5163856698408636
3.8514641302692327,0.5193071890745524
4.060570039033488,0.5261597922015956
3.9009303838191967,0.5095542093017627
4.051164330502134,0.49370194866062567
4.1656024609370235,0.4828951708688577
3.9819615236000674,0.490204338183503
3.9814518080908767,0.5319075581460796
4.032412357390507,0.4996465874336581
3.9247901516794093,0.5366873277990123
3.9294980484725275,0.5272006863112335
3.9294980484725275,0.5272006863112335
4.15739295746656,0.4929443798249478
3.994434892893634,0.5100222448178724
3.994434892893634,0.5100222448178724
3.8218620449517386,0.5297164245638724
3.645215120808037,0.513905589208
4.326100467743489,0.5189297776594748
4.087129610216438,0.5198175436859365
4.087129610216438,0.5198175436859365
3.8170841014582373,0.5268970693522684
3.8998604623942192,0.49511293515471044
3.9883032053603062,0.524902627214465
4.044723256081301,0.5011964678557863
4.3445352190424975,0.4851266453145566
4.272410502507719,0.4879935289865774
3.8365864475083424,0.5219455956350342
4.08966064640204,0.5154516432244401
3.8891149475209406,0.5144423053121612
4.311019302370257,0.5066453190849142
4.434862815444426,0.5017762541631549
3.7137785539567023,0.5122550583818498
4.315383159780563,0.48085806288368216
4.5835520907667835,0.5105683299567291
4.132334283474696,0.5113855448779772
4.034487543548895,0.5546036462615426
4.005367169245701,0.520153106530527
4.001579588736995,0.5496191927412435
3.707724415153956,0.5097418386957389
3.6548230887010056,0.5069194750677134
3.6548230887010056,0.5069194750677134
4.1453875295143225,0.45868153788068894
4.256016262968048,0.5414274123874642
4.004082378685153,0.49187709741297336
4.062533390675454,0.529055270119732
4.028322119289234,0.4873802757365078
3.782792228160725,0.5148480918571519
3.761417636144358,0.47326024640019904
3.973212556326638,0.48918967067765473
3.8988278130886727,0.4928729833685065
3.842989032730519,0.5701608454199898
4.010452152898253,0.5294979072461922
3.566040833389935,0.5489164617792207
3.9457665617736,0.5480888818507902
3.9049652094625706,0.4947029954741235
3.604085747206592,0.5091379898523319
3.9676447866356965,0.524691824830142
3.996056813377946,0.5067210916653265
3.510294787182807,0.4867186908457634
4.812457691267353,0.5050549804176204
4.500039682254707,0.5029004231295543
4.6673146830969365,0.5410159103541237
3.9192995899471064,0.5116786157202325
4.065316442091287,0.5172531379104884
4.04565325102561,0.4993624980967147
3.736863928609333,0.5227049386799236
3.870531572588172,0.5422982053159445
4.278829293834922,0.47087922181171116
4.100540569711687,0.504810598010518
3.783295186433091,0.522198176236538
3.805275983128517,0.5465734945245809
4.086851092524732,0.48724410251423556
3.7783095094782464,0.5413094113824081
3.6709522154923904,0.5040867095358629
3.8258456506562144,0.5408513324108021
3.9403666434417626,0.5061174364442314
3.932446209487379,0.5213875733038122
4.079764389095507,0.49770739930912583
3.8892492075369143,0.5345623494035182
3.814834351518418,0.5302797324671713
4.111663245635843,0.4990887063727978
4.0894570598700195,0.4940579060952156
3.958243170008512,0.5393690648424802
3.9596985521542343,0.49684164859332025
4.090594907168752,0.47077884527876995
4.192661920902663,0.49361616655633034
4.214538617337022,0.5035759870032043
3.462328966845177,0.5314041706905339
4.5634735273172815,0.49643677538145214
3.732841068860914,0.48874272689928017
3.9917799997375942,0.5197978729337126
4.1837819440956965,0.5056805604996305
3.7899185614655115,0.5161945757162943
4.045128591929095,0.5225643931064298
4.011240220600568,0.5167096684056204
3.9086245922583664,0.5226859473778346
3.718946150386664,0.4782493133828045
3.7070119360830294,0.48744165746198514
4.091906548880464,0.5035775833864817
3.893930851099711,0.5065648806250296
3.855055395283261,0.521326407324217
4.254379570888997,0.4922422066594534
4.000844602737632,0.49993633729292314
3.7614842531813575,0.5273076373922398
4.175550818306469,0.5177202175844792
3.691818822743074,0.5568788395086364
3.967055305560271,0.5053141787316565
4.336393082828803,0.47583720021481446
4.134715468850222,0.5102366440060111
3.6306399020452105,0.518777384671513
4.3244757709782515,0.5528032547190523
4.247396807135708,0.5379722804674673
4.197714034613962,0.5398657557135839
4.526641181840252,0.512670895352332
4.421226501038472,0.5148167109773186
3.9762984573665,0.4825558821965749
3.9336556770427378,0.5160757921082484
3.9336556770427378,0.5160757921082484
3.938843652587781,0.5027145014437501
4.2689376778602925,0.5198524124550015
3.783733018751994,0.5238947663319402
3.8697444028912678,0.5091648911580915
4.032783853692573,0.5131139869644468
4.032783853692573,0.5131139869644468
3.859633609698011,0.5420843976593166
4.048241822780198,0.4656694222827866
3.8441608891731343,0.5097034500232234
4.011693287679759,0.5324919614962432
3.8847571651750386,0.5120436350640415
3.8847571651750386,0.5120436350640415
3.995575151720755,0.47139643944094317
4.059708091324482,0.5454590964233359
3.793476880971479,0.5156194058174128
3.901971566607695,0.5412059442800702
4.0667398411232565,0.49076999130618354
3.827669864541989,0.5442578308070029
3.971084731766942,0.4792767326210248
4.262693093411328,0.5129966211938894
3.991760753312275,0.49497963780247284
4.258025012888873,0.5159982015361696
3.8364587375733485,0.5448122009444987
3.9814328288565677,0.5249103211569487
3.791159713879927,0.5130348376755687
3.7837764818351487,0.5762884198626969
4.049213103731642,0.5601746154860157
4.015926766455609,0.5639256729627062
3.8601596000642813,0.48807774047921376
3.8366936718316635,0.4805389616695165
3.4829348714555004,0.5594800447511643
3.6217724337494253,0.5420176205133143
3.8902373418233553,0.5025021706835234
4.0133349229693955,0.5396632272069012
4.115486264845064,0.556370134384063
4.094167688568397,0.5424698277642612
3.8553049638101626,0.4896156834682839
3.662997522400551,0.48024840712683875
4.361806402297015,0.5200571003995235
4.311371350461978,0.5164739683244727
3.559634473861789,0.4503436702828036
3.7593210864380784,0.46776241496547594
4.031793509054229,0.5169298372239557
4.422755445293265,0.48095720197529124
3.8814520756407442,0.5510017979750716
3.8926719051858085,0.5438422872134862
4.003873120372082,0.4889095762985214
4.044554014991852,0.5291990829822418
3.592273992097426,0.4901875151197746
4.4784286302086045,0.5081129958809758
3.481804062875554,0.5083138070035905
4.334985620958344,0.47512285140933835
3.4923781643936476,0.49899916005798467
3.845171387172327,0.5002755952263921
3.845171387172327,0.5002755952263921
4.054130786841517,0.5186389455840218
3.8503671505127377,0.540981508010916
4.013249743411242,0.5331066733164529
3.9698612267535385,0.4710231188353093
3.6011375164461903,0.539504212603966
3.4792685968291304,0.5203121452508537
3.608443310658837,0.5252099474309112
3.666052231106722,0.52141031619475
3.69241146001091,0.5225288521316329
4.202412890533569,0.5257375386872019
3.8873322498501808,0.4893357567959861
4.081255025744018,0.505636497298729
3.907686024505171,0.5182891057108275
3.966443748106447,0.5481579001577346
4.019576944195325,0.5250986042136865
3.873696938809155,0.5100616578942562
3.899386340091306,0.5136756862638723
4.086318777191749,0.5406110959565397
3.9330818471782165,0.48155913683466994
4.537876263973239,0.5377828600749799
4.132416027265425,0.5743427793080575
4.132416027265425,0.5743427793080575
3.7114657800369586,0.5055408888092341
4.092417862934304,0.5419162153057719
4.044937255107101,0.5404555417570215
4.072155036157261,0.5325471510823049
3.137534588041071,0.5124956716715795
3.3938769779989544,0.5084683109952651
3.5328406326839836,0.4951596997519734
4.006794299268419,0.5819313285892697
3.741649176573844,0.4736698395596675
3.773282259536271,0.5271613909164603
3.773282259536271,0.5271613909164603
3.7515259390618194,0.5459636124258224
4.132098387953224,0.5477216899224675
3.637418672162522,0.5310586113812887
4.255381540474608,0.5057205875684876
3.7428975172448853,0.48988179493384715
3.8903083795681113,0.4932984336154661
3.8850944394874274,0.5071890584574305
3.97382579682333,0.47289947663214155
3.769145621500176,0.5417635022856703
3.7826686072416402,0.49451649848843
3.776465028324401,0.5588224049610576
3.9255587133636283,0.5112987213399932
4.04440062878064,0.48843902274345713
4.47094551224912,0.5603094020418058
3.512436068013416,0.5194936631571538
3.6799278717255857,0.561996263049265
3.8900277531746803,0.48942594915781373
3.7535161438184144,0.5411047598180759
4.366638612536207,0.5043253771028018
3.8042872896363216,0.5185817560285915
3.7048763841310133,0.5468909755209551
3.8047025796190312,0.5365932203109257
4.143839125769752,0.4927960155769297
3.9002431489323475,0.4963320711687919
3.810311574530268,0.502680743552974
4.211863922442153,0.4905610900434097
3.646236994760623,0.573356649257194
4.1911531695652435,0.5027818410693462
3.8006592767508196,0.5267322636565015
3.8006592767508196,0.5267322636565015
3.6498202106591604,0.5247166475708375
3.807380015239206,0.5404485865969358
3.836028109102485,0.5440464733382786
4.259778534325844,0.5213387364630067
3.9529880785815394,0.47918179427448204
4.0939106089599,0.4847095736038806
3.7506146083792173,0.5294632420678699
4.140942042181222,0.5143951120352863
4.109421501263628,0.5127033057017047
4.058714837497052,0.5239731922950697
3.749181910625543,0.5124362946532133
4.043490886737224,0.525015359208044
4.025442591709216,0.5064787826764797
4.025442591709216,0.5064787826764797
3.817945852998362,0.5273938197462967
3.8948766076681287,0.4870708710626379
3.5966667527127627,0.5378337848985042
3.860079442582072,0.5790532991485338
3.860079442582072,0.5790532991485338
3.718521844985794,0.6142260689606676
3.8892710964667505,0.4531675337636119
4.35967130160945,0.5412108635653731
3.566517998752821,0.4593835584210966
3.633189566075723,0.47856319030885386
4.1649313308674785,0.49334753800991504
3.7650877349753826,0.4962821760828641
3.96767025614287,0.5483784232273997
4.157857480365248,0.48309432828253673
4.015855330473479,0.5063506966007669
3.838048341418564,0.5148993448099102
3.838048341418564,0.5148993448099102
4.059977236167028,0.5037403247173975
4.0851070115084775,0.521172032113134
3.7197749546014776,0.5100078447668952
4.147276029459284,0.5018536525856503
3.973251159584253,0.5174892089332594
3.5600985602275683,0.5583796864277552
3.57253040851643,0.5862452586183888
4.094391392812954,0.44864582284658067
3.902484361133856,0.49400833474130607
3.762333296362642,0.4967811128470561
4.320745253624309,0.4916544923199778
4.045103781376907,0.5360531383303448
4.053398551270206,0.4674440835726753
3.839031161101461,0.5489858065380088
3.7792531149950386,0.5158895760057325
4.112873238666075,0.5391902185980937
4.112873238666075,0.5391902185980937
3.64773493546588,0.5619713055979966
4.262655390674104,0.4819957101947788
3.9562893455741315,0.5426891196971341
3.63563220242263,0.5144543438836969
3.5554623447282863,0.4998274880865614
3.977031757471586,0.4858888460899558
3.630895519572885,0.5702210963708088
4.185196136908695,0.5133974329531391
4.05663775064017,0.5400741269604188
4.039863229668452,0.5487731014865825
4.039863229668452,0.5487731014865825
3.8614594341551585,0.49435569609936547
4.11670060783527,0.5186016843175892
4.044166681519819,0.5539582220506962
4.094233093199365,0.5269910025039951
3.7101048128102905,0.5230662660337461
4.006412844731172,0.4846784054247119
4.009695931213949,0.48718218395893603
3.735631693035067,0.5426970043256455
4.111073531760328,0.5348015779114096
3.987223357576665,0.5263233471909593
4.111843474762541,0.5288092061433994
3.9974033791275936,0.5046127565471323
3.8589518150860407,0.5493776059645078
4.018763607486792,0.5680575752619125
3.9391622371540005,0.49971022590368624
3.8670660239586736,0.5358361740328845
3.8384664271420186,0.5139809080066872
3.7617032524844456,0.5119996836532656
4.246736482113006,0.5147271591438662
4.246736482113006,0.5147271591438662
4.474516862442437,0.47756145063058697
3.9422284801076057,0.473619244822517
3.8643191858115755,0.5598689827667197
3.8643191858115755,0.5598689827667197
3.7877284228325885,0.5467902802885102
4.1323703705955825,0.49184840410963393
3.817739922710704,0.5416204997102495
3.980991913626084,0.4901695379751914
4.195791441832614,0.5347976943389859
4.195791441832614,0.5347976943389859
4.029982711522667,0.49632512055460837
3.937184223615465,0.5295133497970477
4.072906814219283,0.4805308972132154
3.6692726621641722,0.5869097513125306
3.941831861433935,0.46516488318016697
3.903376352956358,0.5305112785189132
3.9347314868163124,0.5221052427814725
4.188618769444027,0.48597960875961727
4.119689471230609,0.49487612032936784
3.9049840517049894,0.507106105411864
3.855405816999991,0.5012428463367877
3.966302446004164,0.49947089964618246
3.7911174883268766,0.514222907460873
4.172014930094509,0.5142382886696044
3.824837177541863,0.5134625568456473
4.090322164632998,0.4953683159253772
3.946587177025227,0.5319852548720182
3.996370144347929,0.5031017281443542
3.7843658550353414,0.49107046960536416
3.849244348394773,0.5417962306375065
4.0648172815162384,0.5037331570620357
4.038799177088447,0.5074470123695429
3.813419323700642,0.5263133313786589
3.820552046998461,0.5680213527353313
4.054095819259666,0.4990577561519308
3.7117649363529113,0.5108568693518774
4.1987147892926355,0.4940999088202882
4.193671720411952,0.4998142296951374
3.9965035286457518,0.5183429047452022
4.091506288608462,0.49430847841237346
3.512390759260741,0.5697618588057165
4.379780615628235,0.4621746152493629
3.6399564307712016,0.5655859983161634
4.31900819203013,0.47734003660988616
3.953029049158636,0.5166105990155639
4.059236909342144,0.5609917296972778
3.766135951115754,0.5312052925554037
3.6452454704980735,0.5357706969852872
4.491474963334557,0.48276871052184805
3.72985774482339,0.5426726243047422
4.240917176280482,0.5248054637622144
3.7353296128974716,0.5321996209946412
3.755951419271384,0.5052517649476029
4.19766230434995,0.5458245332886295
4.457450610340423,0.5211721707251746
3.459211337378115,0.49955522234439254
3.668743229676254,0.5351383037201444
3.668743229676254,0.5351383037201444
4.240828756809324,0.4995555690102868
3.749623165662316,0.5312007464219567
3.9396911875157716,0.507286241637192
3.899182417915584,0.5149360800462108
3.899182417915584,0.5149360800462108
4.036141389097878,0.49146291248585566
4.235967691933924,0.47759141778566916
3.8242897711909145,0.501307611807231
4.309977687676142,0.5125807316966302
3.6892687939728086,0.5138016854404045
3.9652857638725765,0.49540413722270343
3.8649374473698406,0.5215731321793848
4.470368092621851,0.4954517062648391
3.761529244788567,0.4962955058261199
4.1677759084041615,0.5261076502633788
4.011843874141749,0.521134856904374
3.917341221657851,0.5689163534165319
4.07666707600509,0.46249949578267074
4.227450198691929,0.512370289516412
3.9877536949816075,0.4501434319089669
4.030129552804826,0.45903083776413856
3.922104161534002,0.4454124019318039
4.200674115839226,0.5622909852987462
3.6515571232624104,0.5435642180719308
3.801183957260415,0.48482655787679857
3.4981681306633448,0.5272853211680337
4.064267088353102,0.492092542237429
4.196521844870907,0.5063564295133962
4.033954064966942,0.4847296968857879
3.689809558625239,0.5318854559461054
4.249528715873334,0.5060731651591758
3.9167388421215774,0.5212721851101175
4.217692283425525,0.5290762537123278
4.362921511683633,0.5406853262411754
3.8637746881097024,0.4673792798673224
4.154310984295853,0.45803027608474345
4.398356549015164,0.48679388136639806
4.034875329545221,0.5163141181732009
4.241884766146624,0.49201915993646606
3.838897824791382,0.5312339183597785
3.8397814128502734,0.49465005203030465
4.269499186907842,0.4999730468011991
3.8550501311846244,0.5188974732371582
4.212446000985965,0.5014983907124934
3.78597014656015,0.4883669391939029
3.6567409433913745,0.5745425070621909
3.8665974307026625,0.4911905143828535
3.9719408947425214,0.49381096448261985
3.9392343517459287,0.49214494887846894
4.042056521428,0.5302786608895816
4.252357189746709,0.5566807474909932
3.9601127200920567,0.48467519595897396
4.307676121476506,0.4946190737689562
3.9798252029246775,0.4694189702058988
3.835024207719275,0.5309194859124541
3.68590787849944,0.4876129675795036
4.067615716480368,0.5093065362237628
3.924922292984962,0.53849340530713
3.73802244134672,0.513989563078076
3.803004573245141,0.5572671797688549
3.7423386508228376,0.5596157821956766
4.2359481143102,0.47581149479527346
3.7659969811669467,0.5562714163493931
3.77540620029849,0.5387268278559716
4.148394653029767,0.5126492021894901
3.8207403718520374,0.5377670449401858
4.080824646534987,0.49236202851792904
3.9745190860167816,0.5065329703076519
3.9745190860167816,0.5065329703076519
3.9407486490868022,0.5229632118160457
3.7956534375638684,0.5148055154478742
4.205146863681187,0.5028898032786497
3.7254223351617006,0.5360551917288621
4.272739821714999,0.4989429569851351
3.732547320266213,0.5129831600706818
4.000330825811232,0.5099735544337624
3.756212419461223,0.49814841682346733
3.8045382322326136,0.5418238896870344
4.139723832861202,0.5195054417285703
4.139723832861202,0.5195054417285703
4.069047774361384,0.47568307889654515
3.8078893824304036,0.5446121467816349
3.7516991889723332,0.5244670504776272
4.223719280766221,0.5081448568627679
3.899985489983423,0.5378437575800605
3.827314981073078,0.5337501175639969
4.140962385916813,0.4949155067878497
3.9442617653632306,0.4904416421685343
3.9922971424392903,0.4937594148112928
4.303008443107257,0.5329283275632108
4.001827868563142,0.5158139451739556
3.807362033299111,0.5231404873835485
4.068142872650783,0.4979263780151885
3.5691743654767945,0.5046812770589376
4.1896317672089305,0.49826679409073693
4.175527995575802,0.49663632669162494
4.014497317405673,0.5438343904028661
4.219000303723325,0.4675546476784238
3.9194214876265177,0.4959575724411403
4.40545574392271,0.5005238202219832
3.3925562460602814,0.5383035846214766
4.6423980285210105,0.49712743670248044
4.656973117251186,0.5203728100684112
3.58751137444547,0.5164355778383032
3.711832808773453,0.5169816434876708
3.5517698705699505,0.5040953858400926
3.495236581650691,0.4894520624676549
3.795443902218963,0.5792636421287772
3.5678940661829226,0.48347747161232146
3.900247352697924,0.49348596937603945
3.8478017449311603,0.47806587675318535
3.8974887005905163,0.5045443461263586
4.263167365616337,0.5186467031946704
4.361482945051758,0.5081335150700276
3.883877332390378,0.52896547383099
4.083675546018497,0.49421389238648833
3.5618814562143224,0.5476094570286112
3.8814597203303434,0.5216240669936324
4.181496139239522,0.4974197914985024
4.181496139239522,0.4974197914985024
4.078871819553126,0.5151570101099009
4.0863800301874385,0.5072082153929194
3.8170044840928754,0.5296127261734624
3.8174172046808517,0.5036635575698997
3.8503174494143595,0.5209838988223044
4.074434136736345,0.5174656798451668
3.858760619917312,0.4987762205322623
3.4414612736010963,0.5286918607512135
3.617517526769003,0.5188446024367803
3.882154184662068,0.521107432743091
4.012511639824887,0.5071530913980047
3.4677462622350363,0.4814744889241186
4.278279969679238,0.49716905024284214
3.593350499110129,0.5210584870769429
4.18972800966888,0.5100726704827884
4.252693453198315,0.47242274074375046
3.9934413946576925,0.5405725450952967
4.106665250459806,0.5077582735072884
3.7565500686211353,0.530764751106203
4.069565466224141,0.5235749547088117
4.311326522350914,0.4769553665403692
4.405561249953908,0.5032965779236102
4.257259622977958,0.500826258500237
4.379190459962147,0.49805344558028486
4.157008400721435,0.5519934688626811
4.414314581056863,0.5084469669863898
4.676958852554011,0.5224164583789692
3.7490295546728243,0.5244622570124909
3.9147852310383637,0.50835151102024
3.99026443142906,0.5136652234562242
3.99026443142906,0.5136652234562242
3.6653269428302737,0.5313270378534144
3.91391181744279,0.5666983940705066
3.91391181744279,0.5666983940705066
3.988472446195494,0.4648094860930667
3.998340850497512,0.48116166228491647
3.3804849163567057,0.5387341202172975
4.62333530093741,0.4837115273655307
3.6157432014812794,0.5266131526045843
3.438935737634369,0.5210066577840997
4.0408543819911955,0.4969959289761105
3.885850026190398,0.4966085457994987
4.183219193029596,0.5221280335157644
4.183219193029596,0.5221280335157644
3.730620660504915,0.5219991093700092
4.115444751005976,0.4738115624878896
3.927726833591611,0.5043717291108032
4.05660826789484,0.5187692828374058
3.7478046665519917,0.552499983093273
4.239711059745841,0.5142844828269726
4.397508665351707,0.481862697247498
4.370963835361325,0.490160435696095
3.545016709361033,0.5306506682241189
3.817872537830689,0.5441034720824114
4.340061198473355,0.5025989048608702
4.083911541921937,0.5297417601280148
3.430170195079785,0.5126643047405764
3.5258631448929028,0.5249308390372923
4.150668677324622,0.5393981337171024
3.8490103995637694,0.5022207224189318
3.8490103995637694,0.5022207224189318
3.8490103995637694,0.5022207224189318
3.556952566418532,0.4732646580074946
4.1454922584734675,0.5114770222389697
3.8549464970949834,0.5245031090517183
4.2950780699431865,0.47413553515477147
4.120878325809401,0.4938931360642347
3.8047118473375545,0.5456984156249501
3.8010409318561464,0.5405227829967961
3.706699280435867,0.5287273913368227
3.762333136409145,0.5002421366434288
4.2975601763806415,0.5013161532111574
3.9278567158688547,0.473057747404396
3.946816715256989,0.4749770795638998
4.418668299244503,0.5127586990874569
3.97341319943784,0.4799930321210703
3.8092711763944807,0.5282928516994438
4.068477737477071,0.495647245892196
3.709195555955567,0.5275961434560923
3.9986911910976177,0.48553524638244916
3.952448875068776,0.548388927475532
3.8362669958761577,0.4803534010345495
4.169678648710637,0.515448268561202
3.7408179132183426,0.4669767483842977
3.951727879136373,0.5134758400479414
3.9213881510078203,0.5389404552489858
4.075052632352734,0.4893896009845607
4.130660216448043,0.5184534470013027
3.8220002827972355,0.4819869250241929
3.8679985224396587,0.4948961509097593
3.88258144068739,0.48909799988754415
3.8750661967896924,0.5231050883070826
4.064508904876362,0.503397714739845
4.200742370164833,0.514341802123724
4.200742370164833,0.514341802123724
3.8453051977244326,0.5057008926181313
4.029912852729112,0.5038990688293966
4.010807322616126,0.4859484157815533
3.796345098398334,0.5320458851417945
4.0047755366018345,0.559686321731877
3.966196992626019,0.49269778188117513
4.123585099348061,0.4540620272424504
4.009401607802328,0.4709976588401867
4.124611492340505,0.5409029943642292
4.499048138377068,0.5048922273556647
3.486732663764354,0.5165931249645608
3.6685401073802284,0.5578101878325037
4.1010468204694055,0.47983396033473963
3.9631198997756982,0.4560525727832641
3.64248366193385,0.4834847409502133
3.7764213730444927,0.5305450165556236
4.296602194319118,0.4568096294740023
4.090074233039868,0.5121072345814848
3.736787172310725,0.48289062665534943
3.7476497311450516,0.4879860027768937
3.8046098987454644,0.4989525841069125
4.232325341910088,0.48575593276860074
3.918200619228063,0.46645498798829105
3.7956150295710067,0.5047806157396009
4.283298741033657,0.4425170751038675
3.717133587526547,0.5910570862281306
3.6796456201838166,0.5870245763976228
3.828712434293409,0.5208764513395803
3.940967085681162,0.5385503223654455
3.764624719633522,0.515880228131805
4.019016046922199,0.45886917769959545
3.9653592961990185,0.4473529561110401
3.8968551082058798,0.46895311776532866
3.928516105673874,0.554476488262738
3.8794988387693397,0.5683147406332169
3.8794988387693397,0.5683147406332169
3.9338401032175194,0.46542778745014785
3.8829444715370007,0.5522703997172188
3.9472004205598457,0.5163065950421469
3.8992236160597784,0.5223427925930564
4.063408545504791,0.5325408096681025
3.806613459461505,0.538497024759391
4.100892285961638,0.5069026755146089
3.8134152988425303,0.49761087901573353
4.470831300112802,0.49547839577986275
4.229919132468534,0.5101696256762792
3.7182372735377056,0.5647446050041603
3.759977177710313,0.5159213818105582
3.6281333665299313,0.5184431179672161
4.073285037951264,0.5330565163047216
4.074638320362636,0.483655260219723
3.9254416858000845,0.49979555379076135
4.0249068467430344,0.5253828880483656
4.680425059834168,0.45462409266013404
4.190662356247747,0.49260346287214174
3.7468985767955725,0.5569643425751545
3.9793016826252208,0.44874100444957565
4.368200300007879,0.5327389563544052
3.642651911788826,0.47806401598661413
4.396673696283327,0.4672382864697248
4.1403209810531285,0.5056807248043325
3.6148701908464504,0.49702961739007767
3.649222226717937,0.5407144800496223
3.731285000549789,0.5331349174867478
3.6129337279128007,0.5296163402426738
3.7851516238567307,0.5108966654297423
3.87217526068481,0.5047837841532321
3.6162945271955254,0.5374233354441913
3.9479341629851787,0.5021391351538852
3.916691803984538,0.5367707194887303
3.852695516017601,0.5476366429424424
3.882585190320142,0.5657156589551559
4.327345776539022,0.48543486275488557
3.839938725138266,0.5460800738890013
3.9615290010477175,0.4936693060090541
4.25729899307161,0.5003468025730448
3.6900089093113233,0.5375473886704628
4.600165064362325,0.4905853878928458
3.9060038113329614,0.5305989684080864
4.208421830173466,0.5143159083462489
3.8724261122558663,0.499426980666785
4.248512593562885,0.4829985699185506
3.8260144454127967,0.4874724678073551
3.797091148147828,0.48752585336172094
3.8151409127709774,0.5291709072911762
3.6837893677777642,0.577643034645649
3.607184019979477,0.5723197286642784
4.240795648586792,0.5142093471709437
4.1681293198040645,0.5196814623854874
3.893966312760801,0.5224868917660316
3.893966312760801,0.5224868917660316
3.893966312760801,0.5224868917660316
4.123956499487255,0.49027742800072505
4.183258753481827,0.48597568499559973
4.068754224287111,0.5369267365968889
3.7808463931309086,0.4726602479539583
3.633695546633708,0.5855395944666266
3.778273888351729,0.6007225210048683
3.8202250189367843,0.5813878980753489
4.032082279496254,0.46461597127147775
3.9603310629284105,0.5521427489793617
3.9603310629284105,0.5521427489793617
3.990853198344929,0.4955832651493344
3.677172530981,0.4794116668139393
4.23429456604275,0.537819843952991
4.322682335756475,0.5103625066281451
4.322682335756475,0.5103625066281451
3.765121645325864,0.5133203318742844
3.742984908751085,0.4948508134777613
3.671014392458407,0.47523981393152886
3.761220997506482,0.5041731198335657
3.972537081862208,0.4778246334667417
3.5480081510913495,0.5216194531696098
4.055974749793266,0.5342523031785542
3.778653547447602,0.4997719463512948
3.610698916645888,0.5797896037256869
4.194483037948975,0.48341797109414314
4.25901909992904,0.4824182344138983
4.011742441847614,0.49003737167244393
3.8826500737005496,0.5113764289637239
4.155134145378775,0.48962747005713814
3.739349917209888,0.5429027130575411
4.243463362039769,0.511977527824834
3.945924479698499,0.5306545478910746
4.1853723900953055,0.5179381631700273
3.5991674487734606,0.5092001065431548
4.228515520481951,0.5112087915215143
4.271902797003569,0.5022903559782533
4.160719607291213,0.48856657643613494
3.987416725696544,0.4824227673844233
3.987416725696544,0.4824227673844233
3.748519236384623,0.5104340007221043
4.431363116407924,0.4793141259093965
4.3261073422638425,0.546363362178278
4.461122971377595,0.5519119776006188
4.20898002301254,0.5365566197075282
3.7184669774651575,0.5234616141251404
3.5679189986081328,0.48362604209595583
3.900007278235918,0.5375927541858243
3.991887366920363,0.48006297971869727
3.602848691085118,0.5718715010646166
3.553506264618483,0.5735191897071282
4.518045577705199,0.4818451146524655
3.694771513927687,0.5213718535494939
4.206990361434042,0.5189054739130553
4.216051771040264,0.47493503791393227
4.154703851052614,0.48868767267612256
3.674101833468629,0.5133196756316599
4.037495191994905,0.5025580879374093
4.1332260013991515,0.5209901450110099
4.1332260013991515,0.5209901450110099
3.8470122909232547,0.4949083798470009
3.82571630844804,0.5173446728346757
4.161993165449321,0.5285649240545112
3.605816107476041,0.5034126296974007
3.4994962651970027,0.5060935086078028
3.4994962651970027,0.5060935086078028
3.644953361773311,0.48976542495950165
4.228882833954678,0.49340353777115603
3.855542025999097,0.4878506443034123
4.0180997981491755,0.5124029573682413
3.78021723553987,0.5235890946246919
4.204895904206669,0.49271234233811984
3.82988682471432,0.5177249634948439
3.9376946113577422,0.5124907045304612
4.309702446685188,0.5054569003432664
3.7559750085436856,0.5005311967780509
3.857630328667616,0.5459617607131273
3.8545860188628716,0.5144941725077529
4.111682738576079,0.4995713676644303
3.9206743651269256,0.5175754955507718
4.127985501357645,0.4928942400075613
3.863870799656834,0.4914007040846771
3.957680541321158,0.5310754525898728
4.2381067067930625,0.4696410568620757
3.526364076966769,0.5265188618489959
3.602857600234547,0.5193204346947138
3.6727496972235247,0.5301222365894895
3.8313540556971417,0.5030799652663506
3.700670018521374,0.4936475362454422
3.408390845733198,0.5005671506816186
4.347401752769469,0.5502798262208344
4.028708242243604,0.5166950604019294
3.896389539588466,0.5198697078087922
3.775725037718147,0.5263382863315749
4.102493168805432,0.5104573178247975
3.7637475373747553,0.5218958952009745
3.6897586870957166,0.5243662441904441
3.551504103230586,0.5248562507200276
3.6981170216574446,0.5189187268246114
4.349687452593198,0.5282054149336662
4.393712062559461,0.537388865637743
4.138867365250495,0.49385737653368467
3.6229555634243207,0.5060873460487321
4.024092322545709,0.5424300194450485
4.031617929991877,0.5143330840453194
3.794435181808856,0.5291291147898988
4.305360722449297,0.48432120411927554
3.779163907710472,0.4830284345207747
4.121507922515219,0.5428790854971707
4.202080911357685,0.5760817963494155
3.990207929340425,0.5081605040913282
3.826350697945793,0.5156810416062672
4.006771899272793,0.5239403211413897
3.7990496277324066,0.5538949922238167
3.8674815677452568,0.5368027492264389
3.8064540725033895,0.5070051533918324
3.9231089192489366,0.48042318415874063
4.153613998830134,0.5037233455771291
3.770926086363269,0.5378147588319558
4.4872110394317,0.46410049945654536
3.5114853596314815,0.5942744096190461
4.2452086731683325,0.47656726947575273
4.412985263266855,0.4884755226195406
3.5758971971875546,0.5829040819897024
4.419757943405632,0.45997673350381274
3.5666793020566345,0.5109440618324804
3.6543639241759656,0.5483593501235073
3.6035063270668366,0.5199430006382102
3.9491969118451546,0.5143364713770742
3.552687749582654,0.5135858464002103
3.7290588954799473,0.518216837541334
4.036260165356756,0.5177224726609492
4.230349739080291,0.492828905330761
3.704523654502439,0.5476708052149296
3.9938409459597795,0.51433094240329
4.250326482004073,0.5030316669482362
4.219989888375787,0.5070101171119361
3.940051310053902,0.5281801449934093
4.061188160578637,0.47379512114379113
4.407891316486962,0.5340638304093466
3.9634300261119075,0.5285347525547315
4.029844192481939,0.5005257045886742
4.0420448315577575,0.5243102108176383
3.917823371168423,0.5317133979649133
3.8732867815387486,0.5155354706050292
3.722116799197096,0.506437408791737
4.0083994333247635,0.5233115340288029
3.9963485142740214,0.49945462061702256
3.5770404438602315,0.5101932962043605
4.479530842742514,0.5009450681173939
3.887213380066486,0.53262773923612
3.8695735711099783,0.5438043733357262
3.8693102081059516,0.53641123970055
3.9309374909846726,0.48715958504104057
4.149920254136781,0.4909869486413281
4.03857573730223,0.49559312080786116
3.745456578288928,0.5004976090936066
3.6969721817992287,0.4841190042762986
3.880311587782049,0.5166887454923796
4.089002125958656,0.5178162917442863
3.916506671310391,0.5365938040597394
4.059419902211342,0.49369751902187775
3.8318224959145746,0.5084757881441511
3.927264127515536,0.4869019708108705
3.810467970239095,0.5450221932230652
4.133031471900688,0.5001827419304977
3.7622730989635387,0.551806819039638
4.182816934498727,0.4862602145445351
3.6407861030814344,0.5418532180976066
3.5266310966352115,0.5509053171524272
3.3705490491306813,0.5479405391317702
4.465530717861425,0.5220643063510854
3.7674819985978734,0.49239385515859374
4.318764280622929,0.5068209978538605
3.6371402807690845,0.46403508717488334
3.5274252467392313,0.44677163396823594
4.4247297410621576,0.537088521882524
4.386655388882993,0.5304907207377219
4.125410218531189,0.5129310235574187
3.938872829992755,0.5430451772139623
3.7620934927106084,0.5155988173129467
4.012923954476499,0.5448774255260224
3.491454313491985,0.5341496571539474
4.127907063817161,0.4791687280374883
4.328727859648654,0.48582436862646894
3.973594892158215,0.4553905754125825
4.332967535489836,0.5010405629325947
4.569021965898858,0.4978312648931814
4.329824209117514,0.48776692772585445
4.046518697723428,0.5148872665869425
3.868809629215621,0.4998723136089318
3.9369160155606533,0.48328859358091475
3.9369160155606533,0.48328859358091475
4.128851011823561,0.452371034207972
3.6009794454046373,0.5858066093139845
3.8143758406730948,0.48607297969124047
3.6502672191626533,0.48366257507136023
3.712535234661893,0.4944509637584208
3.846864744818944,0.5010903893594492
4.261327486507816,0.503884244574735
3.5454100101900683,0.5072252046915096
4.219977952396187,0.5337570784305562
3.6804874259071236,0.44082036889819415
3.7310926200561965,0.4616995588154374
3.8354246496255833,0.46871006052337466
3.9136899946973385,0.4600752034613476
3.997165793264361,0.4564442225200392
4.236746572465442,0.46949934182404046
4.211752647105838,0.48153895969789084
4.201055772091609,0.5201475233351632
4.271961740649844,0.4971600128609792
4.01954116495353,0.5057453666168696
4.3460761187000285,0.47857586474064545
3.9250470024546975,0.5377843802302499
4.057845177652335,0.474743229805108
3.922570566660529,0.5465989278316409
3.7622316794818143,0.5506810859343313
3.8014592668355123,0.5345953369666975
3.931698279330429,0.4880304264964608
3.9031635203822086,0.4749234065039026
3.9964262017145114,0.47953532013575895
4.03362265613076,0.4704472433335544
4.178171067215725,0.5087811902809382
3.8752968148467364,0.5117147412193079
3.8180828201869894,0.4858497837137491
3.9758204441101395,0.5102180084829506
4.064652512151888,0.5045082152855214
3.766414050871369,0.5685517486067178
3.8362586774971494,0.5493155596091318
3.9728189660809003,0.5299143454310461
3.601264318265679,0.4729627976045623
4.41633602597713,0.5128710001188029
3.86756414490565,0.5123312904126824
4.1620601518102225,0.5347924124314883
4.1620601518102225,0.5347924124314883
4.009470470891049,0.49593043527329433
4.398843070892242,0.5639685447807891
4.080000714523017,0.5296633004978937
3.8635356028557344,0.5077149737439196
4.432904962655959,0.46588312754878214
4.344888951336716,0.47560924238456925
3.839104392652297,0.4987432128763218
3.913692190263305,0.4625452816615282
3.373708792945954,0.44697267763231935
3.508108951575059,0.4824459670732893
3.941348320065858,0.5178494020806859
3.9132632604162074,0.5050445988013943
3.944298179310491,0.5219998364099023
3.963101808080565,0.5194988160052773
4.206674432023695,0.5667506343209865
3.6000802579054825,0.5292734911542861
4.110534449937016,0.48678990790165505
3.7240568121130395,0.5387761666701978
3.8342969999845544,0.5616928885596307
3.959801071176372,0.5796730043362193
4.202404457922815,0.5267260505078372
3.9800252109849517,0.5251333528094434
3.9800252109849517,0.5251333528094434
3.7794166749120186,0.45592643077742034
3.802529129937925,0.541054692217501
4.048251239153161,0.5192472620955135
3.673220532096661,0.5442744614174797
4.276507545515293,0.49579562913859937
3.7215611915375457,0.5355922821110022
3.9953233531056593,0.5443815419032135
4.011274910585345,0.5637925638179087
4.146618576113562,0.4866619664526239
3.94423021944426,0.5072608784209162
3.94423021944426,0.5072608784209162
4.02053434591867,0.47289521868852347
4.463418212156332,0.5339201312200329
3.576218507901694,0.5286759597070487
3.749266325755531,0.45495375038528607
4.074760917782596,0.5624526642095913
3.718663071412889,0.47831015157958495
4.305681646797041,0.5429567835175877
3.9050853495313262,0.5342667248464711
3.782351261014123,0.5221230625699012
4.0995777111864875,0.5149758630468354
4.0995777111864875,0.5149758630468354
3.7244628173103074,0.49856319065763754
4.081097440547629,0.5025532978164599
3.91341148986817,0.5337819128552016
3.986257670509222,0.47455608971953417
3.97621433746877,0.49138470441766396
3.9895701246146054,0.5518293437468489
3.9176619396969765,0.4945639698852093
3.8713384351019107,0.5198391582345389
4.132500571576816,0.5231288536846214
3.6726564142480003,0.5205446759239116
4.0505550654536755,0.5422825187949665
3.951513533774822,0.5032255854194191
3.6722307191875814,0.5201709408582511
4.069726312755645,0.5065428599410274
3.7765754689216324,0.5104269383251008
3.9932052693014906,0.532415401933664
3.9932052693014906,0.532415401933664
3.9508711283392075,0.5026028608979021
4.155958567588927,0.4929385692783213
4.139813025488665,0.5321055958759136
4.218485832063208,0.4884623740947366
3.860236511852202,0.49981367008359423
3.919498220573485,0.5265778552233793
3.920962516038738,0.5057861684392906
3.709306345119094,0.5411851987473496
3.6754464553651918,0.52959235617273
4.132229054025072,0.5312159897209947
4.081581671831022,0.5517770500704825
4.051524880671021,0.5069692685183387
3.9770008751688373,0.5050561854926755
4.086574852752135,0.5114340373877321
3.9838081311903917,0.5160358861833828
3.9838081311903917,0.5160358861833828
3.946131640945384,0.5077780798071566
3.9977412284027225,0.49041687873807266
4.2902243368978,0.49815744270804674
3.7071177187542097,0.5461115263777818
4.2080705401667435,0.49691468962020363
4.129449680249733,0.5385396539866706
3.929296152240296,0.4905025009140001
3.747306235347649,0.47862825955225957
3.8275792691968986,0.4864559834015684
3.5228824299143566,0.5127993492794
3.4767504933411195,0.5200006297171966
3.589175764184547,0.5168002239687421
3.517172684698717,0.5288257663603089
4.182181976272898,0.5036377317613832
4.311700463771545,0.536307199645323
4.3773872067868576,0.5430246409365731
3.6579413990463423,0.5505150182314029
3.965698281485436,0.5773356557940127
3.9063448878202873,0.6032286847319954
3.7010115204421132,0.5608479501512088
4.104560848098187,0.4741933783045221
4.430161912117253,0.47348198229676886
4.435275453250132,0.49378471362838605
4.579025133471453,0.5097693351137762
3.507572080607196,0.46610662863347035
4.350892284264575,0.5259950074449912
3.958618115751737,0.5486231537922297
3.94626439030499,0.5296047477278824
3.467890667311704,0.5893979611898539
3.863746484571727,0.47052727758283447
4.033329057930645,0.49222903049894656
3.7437410959944057,0.5211973934973608
4.037514347527356,0.5257590723723502
3.774327586322139,0.4961499827653383
3.9858283953998312,0.5320426319452637
3.8101168318231107,0.5032416974381169
3.800831362586372,0.5736386186126776
3.915614673759292,0.4881827613089596
4.272860392695879,0.49274016452870284
3.706811205020661,0.5344040330453972
3.913081258522474,0.5036517852768287
4.098783769025525,0.504138576497605
3.877124109547416,0.507106622158491
4.112002266451099,0.5148444844351766
4.207156914262321,0.5121581875419793
4.230736249989736,0.48460892913932563
4.0532380128074355,0.5130334854219005
3.924321278623341,0.49559836526000706
4.201917340787981,0.5326674774686773
3.9844563501238732,0.494053637750299
3.9864565002110974,0.4904530493820843
4.242764025835341,0.5404939172014747
3.4298853942518255,0.48658888224868196
4.1547672000763765,0.5147589865152041
3.890940360782736,0.5188064250889567
3.957090888164078,0.49909384150357317
3.7707039611668045,0.5017278175218833
4.292750559963455,0.5178481730994192
4.4664522608821375,0.4826296368593657
4.380613487495481,0.5087461262615498
3.8361712770338032,0.5301266406866351
4.068751891714747,0.4699908148745186
4.061550378927856,0.4649567927937857
4.4022700249679,0.5530874886022394
4.0936895081564,0.488388895253144
4.1326381322376164,0.511634865957476
4.193951229604839,0.4889584245821564
3.849599456496458,0.4886983840191749
4.062811413927155,0.4955131403238334
4.137836765767926,0.5627848824870013
3.9686199820172114,0.5171268897342016
3.865181786451377,0.5262448028240372
4.11409983621742,0.5042014336900174
3.8577164545912495,0.4612608852282035
3.61143304358288,0.4581010104771881
4.704269316281242,0.5092588787448226
4.601809320175509,0.5146560617217512
3.865301127982654,0.5376349284870224
4.0466200243556925,0.5191407785178901
3.8403471069815662,0.5355928352384307
3.7426917013741767,0.5383233749474248
4.151810468064754,0.46907521417356174
4.096989594258362,0.4771563048378049
4.251250019611766,0.5041430568022344
4.047173929317993,0.49516293457000676
4.310527294836755,0.5064424634258409
4.421339114101967,0.5146437407964786
3.8013239445411555,0.4896099427970379
3.6289708572444597,0.5592883354086841
3.7711532346683176,0.5553222721515785
4.234060666207825,0.5532466370899874
4.3135137190347805,0.5567711803088825
4.1153427663363455,0.5387301185121176
4.044766681387391,0.5332864998228714
3.7452114308372817,0.5037121724616749
3.8894628792749066,0.48391415713887764
3.9897863277634933,0.5449930381890197
3.9990696935201906,0.4884931691267004
3.9615625485043,0.5353612212038056
3.752311316287225,0.5045579218908458
3.77338957017327,0.5341216000613618
3.9545210488920626,0.523013272943309
3.978695685703278,0.5060084409011668
4.284178664052164,0.4891785967958747
3.751321350269171,0.5439562912046573
4.004832216154311,0.49996374218943374
3.9377103818835044,0.5212802792750255
3.8701901012511892,0.5085063890843587
4.212045675437651,0.5159885295185317
3.682411442964606,0.5628676781509865
3.5810178686786656,0.5755926262162042
3.517229405521757,0.5739453967222112
3.7933469034867695,0.499633047838573
3.665553391385784,0.513185234437355
4.038270944134684,0.5088345649069698
3.978330765413704,0.5358511358774527
3.565133022190268,0.5329816480703644
3.4951074680017418,0.5415563418077075
4.113561591743298,0.5458366097349159
4.350759085703221,0.48932527640838763
4.0683333827663315,0.5112630387440429
3.8322469113313637,0.5029118900728796
3.422536094783138,0.5579020948459549
3.5347877646525556,0.5492742254556928
3.453321998164504,0.522192316647539
3.8661866136966054,0.4773691523003595
4.070658648189703,0.5198055752808135
4.0918595792430965,0.5101151050991188
3.9410910602963765,0.5085038023776685
4.269202404796928,0.48277627319094035
4.0543919174300065,0.5152040229139903
4.261431949199159,0.4833758286980962
4.2599454102304035,0.5134314896302103
3.8728911697029655,0.4897644311176148
4.050257652425332,0.4963267707802328
4.0772773911276845,0.5135339897801116
3.7290841859073645,0.49421587542412937
3.689489918566424,0.5070851999305367
3.922496873165597,0.4947249076268946
4.242032718565798,0.5074295104744143
4.280403474615166,0.5132128163426322
3.374561577541126,0.49244065786964347
3.5225873856688605,0.49731904792508275
4.191629223755155,0.5089747260234085
4.0916439452612305,0.5005797911337253
3.807000482485665,0.5612711047878459
4.0423367995268755,0.5413760112402026
3.644284521290579,0.491862457247775
3.837622815683162,0.5074352711099833
3.5640588768515022,0.48536959561022713
3.8793828815105083,0.45686168902077656
4.0666767158353565,0.5008859861572121
4.149491713962332,0.5070983938495747
4.136736290454828,0.4848276917554427
4.064877961155046,0.4749039495711615
3.8082686426993795,0.5318541232191023
3.9844586309777474,0.522475802500996
3.784808028902632,0.5326330035666541
3.866637401578681,0.5462686703923314
3.749421987300435,0.506097585472762
3.5388660584083023,0.4663343972408058
4.27279930394658,0.5267825277486178
4.02172008329444,0.509223329194734
3.9261231723240346,0.5067068056539399
4.119357049694529,0.4978912487342072
4.238991015681009,0.49760430797048005
4.163121519931809,0.5298790955416509
3.849203790548092,0.495547505531057
3.863270921987039,0.49000691133822005
3.854048093661578,0.5011829334522836
4.094279585902816,0.49733895051641475
4.24434714440628,0.49313959739163576
4.080396390288811,0.4844825931703087
4.263181982305569,0.5122471186016955
4.305764517035015,0.5100769880096448
3.8226799974788097,0.545664607397966
3.706754544379502,0.5303277953433541
4.077275401232929,0.4942619589376504
3.944451444189914,0.5212686220047132
3.9478284475908194,0.5148380280522535
3.8096864441646243,0.5578231997369313
4.330345897811327,0.5073178456289021
5.120583497858715,0.44556933410177735
3.766489991161172,0.5115740207212263
4.089327871170794,0.5624994712143166
4.044458064743413,0.4855703822724074
4.080959069777307,0.5157151052297233
3.709580342436446,0.535169435260449
4.093114711555753,0.5155379831186009
3.8915903784304535,0.5086532951290406
4.0773598244151215,0.4908499219010316
3.8268554440427285,0.5284712138601573
3.960526242122805,0.5064616853893075
3.7849183275485587,0.5000372628107166
4.277147652002715,0.4762651689175368
4.099600914096296,0.5029648650188341
3.898356316898493,0.5316047865325375
4.256278986162012,0.48269011648056337
4.0056072132859075,0.509746458088455
3.9633525464478088,0.5262103439498553
3.81034607001238,0.5130689324400699
4.055389531104209,0.5155571215241965
3.846521893136236,0.46421172106413894
4.05217334991253,0.4738756123709979
3.682491383217499,0.6085501350250179
3.6955826146013107,0.5881022840908359
4.146541120459464,0.4657058841674713
4.198789987348001,0.47535260962037146
3.9595953017668517,0.4658587568891593
4.652418147688822,0.50789144581454
4.183467038475153,0.5190906315255701
4.140008655676562,0.5047527460148699
4.012894765959348,0.49617621847780397
3.796951810963649,0.5026110301928723
3.683919450981775,0.5294289481111265
3.728082328672463,0.5084767902595665
3.948083192979377,0.4967625426401709
4.353429836124936,0.49647009715216683
3.7485077539283744,0.5248807607591337
3.9490583175744938,0.5014844375276449
4.000538512290998,0.514711415005622
3.916288895874555,0.5200711357183896
4.028768295381196,0.49369904857662456
4.033790823337605,0.4913431838036391
4.021232790585771,0.49073033644773806
4.00141319948272,0.4867316882879419
3.9090742294439065,0.5129011216805223
3.8211456384962124,0.5186951262537064
4.038027295849715,0.496917139241874
4.259193795301831,0.4789784496475925
4.2721974416521595,0.47460238184381776
4.335264789606729,0.47637236015217505
4.196163596472011,0.5286386719866769
3.671536567452945,0.5072812804975466
3.80359004180745,0.525588570371286
4.171772598279112,0.5574576151080257
3.7406773259224453,0.5383509496504739
3.986364284306032,0.49319159421149655
4.190888800765491,0.4956451387011103
4.379925316776108,0.49967317514181525
4.450285627689007,0.4996654988777671
3.9800357955281265,0.47180509422466244
3.7967230932381697,0.47978359355876676
4.0352933687434005,0.5608886163143593
3.7112913162428054,0.5402751636175518
4.034579861576956,0.5197354397533617
3.645460642724774,0.5477115622099991
3.998620405780127,0.5143673747271328
4.316378408991274,0.4983296147443308
4.005652687469513,0.48514290545605343
4.171613066156963,0.49927010632271845
3.8034296420286755,0.5202820290148247
4.086894546603634,0.5001813465300318
4.00335959858597,0.4743921525719414
3.7754722638571834,0.49432130962126164
4.067788531240195,0.517956242789669
4.362583418377759,0.5020599354683064
4.304934313450737,0.5027133962068454
3.7310490364917186,0.5246095342474146
3.9053198293690077,0.5070954850048646
3.9720014961073966,0.5339042745565402
3.682484411417448,0.5167518246132844
3.7042450283385073,0.5134172677795699
3.874989271464239,0.5232981520825534
3.8311933405340675,0.49205863285679274
3.828365901132087,0.49715274704355944
3.913274765160172,0.5356883660976682
3.7175612391555517,0.5298734184141692
3.892002201666562,0.5288676808785684
3.9956898329688073,0.49486354410545125
3.9855781170654865,0.4870187264189825
3.883053077935094,0.5162264623012338
3.882061296892477,0.5186415217354298
3.8916533236428323,0.4740475405383214
4.0854304366663845,0.5801976356444928
3.571649570078745,0.4912620989631626
3.6244603559981714,0.502985837632776
3.638459928082261,0.504166572847514
3.5017864054617847,0.49934189592362677
4.045966508595866,0.5409105079392718
3.6374219367811462,0.5140162015550359
3.9115723601429746,0.5398354445479293
4.443146991751208,0.5287051680117995
3.9822106417767427,0.4673785523697857
4.134466620465212,0.5107654267172362
3.8025657140588707,0.49892293684901173
3.749382889697099,0.542542959015686
3.9301219735409254,0.5517758239688988
3.880357298844213,0.5426384066306906
3.753328946979789,0.5150968537062519
3.7004434108895548,0.5172996063279185
3.9950336268569613,0.5223807273031452
4.046563427260821,0.49865438336224144
4.383157605007903,0.5013357844623682
4.246218103677955,0.4555120545679784
3.7112344711322676,0.5423751394334497
3.9959457587616605,0.5140272163186036
3.9959457587616605,0.5140272163186036
3.8940547528881435,0.4986760154840843
4.124060044926349,0.5268022356552041
4.058460091061527,0.5497051992898364
4.11090615962788,0.4594820423334097
4.001371374540137,0.5507750882959026
4.118110185697326,0.5098568612222567
4.0359547396681625,0.543708914249324
4.117179591584677,0.5481139639402607
4.257058719283562,0.5541589635530882
3.679299718304732,0.510905202929643
3.5653848369560697,0.550360548866718
3.664111613341727,0.5193090592336812
3.986243056725626,0.5278107962435354
3.918012140526969,0.5437606630150514
3.92360070888661,0.5598118821662894
3.6337969151353686,0.5108884621400561
4.1884431286423744,0.5319422337098217
4.257187881149128,0.5084776528760783
4.145508264367794,0.4745215605135823
4.2508045440611495,0.47809916567408794
4.121882363779588,0.5248798210365464
3.9547186819505833,0.49786538229535193
3.858925744258601,0.522541025272791
3.9301561048042575,0.528830749889613
3.8690392102380002,0.5576908321853721
3.9231635491462993,0.49626022670592146
4.036381370641408,0.5065337227171645
3.823407690062017,0.5363171573049527
3.8844266640618206,0.48730920649158194
4.3251108333399815,0.5196024792582705
3.455398158953118,0.48375149848655724
3.365601604881121,0.4699355561838544
3.4609697333979748,0.48506260980902066
3.576677665152049,0.5365027856060466
3.5462145461060843,0.5452106027346565
3.8313235455656853,0.5032289819816049
4.026636226929083,0.5078633754817263
3.9631134497731506,0.5226995028166962
3.8256821383469393,0.4976161339704059
4.291443604455774,0.48294432592491554
3.779376120741428,0.5420631554017186
3.926878334782615,0.5136870863479194
3.7807276506505936,0.49949930652665325
4.528375093975878,0.5227261069733015
3.805497233010832,0.5616756418313765
4.531677621291669,0.4983152154450681
4.262045049833299,0.4477618649991376
4.3334268010461185,0.4444336720290996
4.4068251290900005,0.519109239989162
4.094317004222965,0.4565759672186432
4.132805908330499,0.4747594004863603
4.521324147255351,0.5089897905843959
3.9499238668282968,0.54653275124985
4.024447536810761,0.5114155143628764
3.9165061063854134,0.5128094126452087
3.963354587742554,0.5202323524923125
4.124727118873092,0.5108657052636804
3.7765520827558006,0.561523130954183
3.762004432838847,0.5593610327602135
3.9395945269501986,0.45613104261966114
3.7764417428382515,0.48562799128182327
4.028531083675157,0.5404851632809204
3.5689616524728067,0.5626509712271213
3.4861255309023083,0.5695134533748898
3.8989205856970606,0.5080256148665617
4.042252111965852,0.5279675682072621
4.092847767070026,0.5267790857446091
4.051665280320188,0.5219281236122997
3.7155560542252704,0.5358077202102289
3.7202270827431967,0.5513993234461002
3.9124787176155253,0.551765202577199
4.034021270854455,0.5020780019172667
3.906215917891169,0.54137666870349
3.7678039332762823,0.5247965607300963
4.282696034649133,0.5007086301939541
4.1350200541665405,0.5106939674369442
3.859225390373701,0.5067963345549311
4.424525879938319,0.49588011220591754
4.536628807806364,0.46261621131399194
4.514998896495674,0.446942817119921
3.784141672091945,0.5607815690642671
3.535586147503285,0.5436120357715024
3.7035421410795846,0.4619727782674946
3.9017475931134835,0.49742717494887495
3.713393938634505,0.5607253163703881
3.74866495005397,0.5878818634482805
3.7316915099454966,0.5738537920247158
3.59833505112823,0.501080873108323
4.049944808491572,0.48669251897983734
3.862394200259905,0.5040071556632506
4.268590061318365,0.5086760534169432
4.279871134492123,0.5053844767137318
3.9533598279645514,0.49673840736960656
4.036763782314051,0.48407841845660793
3.9129956072011693,0.5237347757475613
3.9835623416268673,0.48604600228863304
4.360291338837429,0.4676442599522535
4.394447878394122,0.4641143646998869
3.4915061427973297,0.5145954638641981
4.238664324230627,0.5488344348908046
4.335647855990328,0.5133517106619303
4.243313346005937,0.5073493233928138
3.860554614200816,0.5172319697981862
3.929545811651562,0.48441802448552573
4.104039134197154,0.48558915048507845
3.6496416271237715,0.5454802792921125
4.1200639752437,0.5055740753283573
4.049134589646769,0.4869196327839316
4.150994503464744,0.49072608100797427
3.7687942618003865,0.5155686362742077
4.124624688211541,0.5054105756714813
3.838295629209495,0.5237839200163082
3.884078263278326,0.4823750540335513
4.117579453685868,0.5003364065220511
4.611968516802121,0.5011277874874632
4.676894002256442,0.4244435113097777
3.8141989583890754,0.49977149860076264
4.096950633324933,0.5224840002481016
3.8343500637294117,0.5700697368243084
3.8343500637294117,0.5700697368243084
3.7415470629985363,0.5494721977574932
3.42217452741618,0.5436323214950217
4.0793602775285045,0.5788995917562066
3.5925506455920337,0.5807825517097069
3.6477283495004866,0.5626409249543334
3.9822925578900312,0.5062605333601652
3.732400688122938,0.5198342747489215
3.6379468284067964,0.48078903137507134
3.8286590096106283,0.4855359659677171
3.8340767388921426,0.5155273123024124
4.108861764610708,0.5245991978513348
3.84575444735482,0.5029550973673109
4.022827257837535,0.5766749898706824
4.07721734575845,0.5804562148010869
3.6321147450335305,0.46802514059266415
4.241989366241711,0.503929014978474
4.1837203128080445,0.49615390882186916
4.122183395940553,0.5124155973901204
3.9883407387976253,0.48378155180998944
3.954979744321823,0.5547690933748336
3.7021610966559266,0.4452244368667681
4.002622789950547,0.4863949107042209
4.178083398090706,0.45535641193881293
4.266684608004798,0.44856306320230077
4.280006299623091,0.4660941364063301
3.5975111790017675,0.5597607264944487
3.591766255005087,0.5628229642585388
3.9553288883990008,0.5413182432511471
3.753211658430342,0.5233021964336081
3.800527886737051,0.5150683589946923
3.6667662019182434,0.542528888217677
3.7154475274293577,0.562884544973442
4.137567917965665,0.4563771151375654
4.154584014208878,0.46135892976025344
3.3547815222237864,0.5595362855726665
4.0859341031456715,0.5471363100361049
4.0859341031456715,0.5471363100361049
3.999222423675357,0.4927729432226138
3.8304125334627344,0.542401460619554
3.9075297633109507,0.5055937515013558
3.7119744602161293,0.5263987958515033
3.8006124070984635,0.5377578197531327
4.145136689593306,0.49872726635289377
3.9904423852803363,0.4977623644550456
4.362080800830326,0.4891338633585847
3.8834374665352764,0.4850842375266927
3.452676401546173,0.516573278260147
4.289821338426815,0.5319390885302397
4.207997084491766,0.525910700495473
4.141641470887028,0.5192184588180696
4.00536181750775,0.5046491906999292
3.817794493651983,0.5152781318623838
3.6908417161545697,0.4910649502501695
3.7614822892760924,0.5126529404996485
4.048381626389595,0.5339576564595199
3.7809920872924407,0.5097597686751332
3.7661800509561925,0.5582913544904068
4.243378846770944,0.5076973683175892
3.8171332844053536,0.4929165863306499
3.548114268395609,0.5469525513171151
3.504350523417874,0.5244437210726727
4.136175192844292,0.552334116165073
3.6981060314987197,0.551961075738337
3.8567903812335356,0.5031613287310994
3.7721758716255116,0.5376280844151642
4.327137283851051,0.48243161749490654
3.733694823715166,0.5944860724813317
3.688194664450627,0.6042100122650973
3.695973086307006,0.5473572143379675
3.638196668333519,0.5507689563707022
4.131368075548478,0.5465052446699048
4.048071514068884,0.51170978962572
3.986140348764283,0.5184517621458288
3.9868599159241005,0.508870147502263
3.6712796630699844,0.5191026295430453
4.093734410361499,0.5263243284202515
3.727864173619476,0.5155177852959459
4.167338836378985,0.4910225646362706
4.51761565084058,0.5450530499980307
3.680968776543505,0.5403195412561428
3.775987493338101,0.5039171609593721
3.8905504782519795,0.5303076992808206
3.8099803967747006,0.5142726319331684
3.7789073428207467,0.5043874901933348
4.035343663039455,0.48931159455033213
3.6346669559653026,0.5323432329329902
3.769706534857415,0.5184626141892367
3.6538545749119313,0.5526443222684583
4.284866196722138,0.5036601406051721
4.192540691544159,0.48098520858631977
4.190583262394146,0.5118584032117413
4.243445758036532,0.5332041046404835
4.243445758036532,0.5332041046404835
4.153130397748357,0.46786024593932035
3.7749077180980617,0.4863674198686112
4.779505001481412,0.489665736253351
4.163084232244958,0.5432127509654939
3.8289849619854603,0.5395393923272852
3.6522730305452353,0.5047082209618724
3.7314159062251138,0.5075467970790997
4.118729025599067,0.5522424076320614
3.873784095085688,0.47671813258944895
4.263303987146227,0.5024154652504943
4.216112123408669,0.4998565704460037
4.198662888916447,0.4936228190524013
3.851636231946213,0.535309945779927
3.787748660026364,0.535213587001955
4.132046761373688,0.5045607757129056
4.401790420759931,0.4765218154156953
3.629498180091615,0.5621633143372021
3.845087908635309,0.5046703031469559
3.741047442261233,0.5159040465917288
4.001049014631202,0.53632788181709
3.8271026670306707,0.49997759280092213
4.162941585151803,0.5108104982216788
3.7469434353802624,0.5196947627816283
3.6860182814988787,0.5230339246147416
4.296552837957322,0.5591171564656837
3.510362687915925,0.49129741370353636
4.3363513655668395,0.5155605306343073
3.771740833028668,0.4751082735816408
3.7655037580637,0.48234973568878337
3.5935119305266174,0.5379655981599281
4.135936736865806,0.5244406750318982
3.6817743169716475,0.5124093079331844
4.1901853627342005,0.5156265579231532
3.9213210709803086,0.5217436550155159
4.329182912175139,0.5162798499179572
4.039395251289803,0.5470553797514042
3.8917210222297163,0.48562200779503295
3.6987208389965835,0.4846144247554196
3.9607143294631775,0.5095527420315332
4.215323066028444,0.5353920249620714
3.789154699814586,0.5613473744178805
4.030849412476824,0.5266708675164584
3.8464340137747195,0.5512309580796602
3.714172520964729,0.5224764208114716
3.6988201377206447,0.5153403827846462
4.377272448499628,0.5079682134417487
4.085754269597289,0.5301380124643238
3.609359577141507,0.5387296545355249
4.090841095771229,0.5099873106848014
3.8798756754073818,0.5203163032651276
4.123896991548773,0.5491207749080653
3.839160758270998,0.5504099632294389
3.955557974681582,0.4955648982488901
3.943912920788744,0.5285173271792984
3.8391039414518917,0.5390945674304864
4.117471256925598,0.5460582050550978
3.732493281452798,0.5332393403050428
3.9134823923584974,0.5215859258310379
4.095969557942661,0.5224672040600955
4.131709051344606,0.51493064407921
4.16907709660868,0.5204032047549472
4.434540564163857,0.47184808726544475
3.859304473387972,0.4648791244296603
3.885368228863298,0.5609463553651699
3.8623376650405516,0.5501724694328901
4.051897595663252,0.5265597697818487
4.233629034238378,0.5155441524758096
4.072847731656966,0.47594466052767603
4.166317354255294,0.4925996906001994
4.133753489069311,0.49533279367008
4.266414063715901,0.4802550943134494
3.967056972558145,0.4870637132338954
3.7883260816088375,0.5347258542628368
3.92393294148824,0.5413279643848011
3.923637713965931,0.5410699540340881
4.086431781928718,0.5471646520192098
4.007965891125131,0.4939307703902865
4.3231133461126205,0.5015485979526577
3.5473251901566347,0.496710644228052
3.5741734245008563,0.5072132149983927
4.079406806481103,0.5566802567780509
4.08398114525652,0.48414253604015295
4.223074187010252,0.49276855325218705
3.786317339221113,0.5255453826310723
4.131999585342387,0.5465052581892114
4.243018502120983,0.5510709494803738
3.87661564993828,0.4925746805393765
3.7342579304770958,0.518146426601872
3.788602602874619,0.5424816603484235
3.6965628417282734,0.5292477481739936
3.7628331382029807,0.4969705420346466
4.121477286974903,0.5427986095157183
3.6522063241936644,0.510462020925594
4.178727909511218,0.5262543128192142
4.178727909511218,0.5262543128192142
3.768391703210855,0.5127289656093189
3.5755021971051346,0.5477206154798837
3.793062645605174,0.5243787468809338
3.9674224503810342,0.5024799752167716
3.9269051888255757,0.5056061980380421
4.2565847912626635,0.48176833818047615
4.5360106907377125,0.47806114030643493
4.72459078913603,0.4957985524354253
4.320151155208068,0.48625845844390825
4.659969926703045,0.49801808498503536
3.6854868422108895,0.5009619393601326
4.038380397955198,0.5058694625755326
4.034819861586045,0.5157713210826651
3.917273111505976,0.5111884951543171
3.649660279119839,0.5474672629065084
4.0401619306033805,0.5563111314711798
3.9772302113298545,0.4977823498597309
3.8017826588332575,0.5013822593419325
3.6594808564126273,0.5010830769694374
4.134345109000047,0.5508171116457365
3.855935184493085,0.48625776277628197
3.9911076541320236,0.48752898280168083
3.8564867081448773,0.5280905825275518
4.214019968466996,0.5094121307558435
4.214019968466996,0.5094121307558435
4.1369262847783865,0.4849137981376312
4.223858152267864,0.5099094589869403
4.378922054051253,0.4605979566476147
3.7899706988925703,0.5571143034701511
3.7339323515594685,0.495420551957435
3.7230256512095607,0.4937823235807875
3.61903387345016,0.5304535907549067
3.5553914451538464,0.5283555248758117
3.5715373442746374,0.530623772682421
4.065041244151094,0.5331639371336396
4.122210760630729,0.5284639892910356
4.008696503728176,0.5136323007279826
4.363370693657357,0.4926344680660066
4.214352564720721,0.4776802628407778
3.6383965941377903,0.5465076599610893
3.954262651718575,0.5278955755394101
4.278532595049704,0.4868695792789234
4.0293789195526895,0.5081941503372065
3.642248031937129,0.5095537134420342
4.067811297033598,0.5453642129286772
3.8789895764469553,0.5091288977515066
4.058743926616505,0.4731750362161593
4.273192541891792,0.5022977756636958
3.879471788156862,0.5166882778699415
4.120466819675228,0.5108788825523765
3.7540798318855333,0.4877026224825126
3.7949553205218938,0.4969488771749368
3.8292333671830123,0.5071247787663598
4.411115155323315,0.5435158347539029
3.6834328005107966,0.49316265275576954
3.6352151599397176,0.48342736488371507
3.578664128273217,0.48300009837478
3.9584579427226436,0.48301120011032606
4.275231053396872,0.5204434099466263
4.28713237613764,0.5114282167833195
4.158970785019586,0.48742953528384064
4.066426645583223,0.48910211526619657
4.458823507245042,0.48992583507459186
4.447235141762461,0.4705703979477402
4.228523262656846,0.5187687796037911
3.7703164372453273,0.5204442732962592
4.071192526045446,0.5058171003468219
4.422240503358474,0.4930907227690499
4.3516820453277045,0.47238836144004326
3.707492632895021,0.5348115218290475
4.065939610471465,0.5138051377255874
3.7390854129499047,0.5014760727389908
3.619529745305081,0.46344762849676474
4.30686863219517,0.48316504351560496
4.342260868040229,0.4756884493958139
4.2629639848216465,0.48169178175537425
4.220143130633982,0.48904873933974036
4.1830912940864104,0.4971420405709577
4.0096799483723125,0.545490112735276
4.00154173290591,0.5384627000100437
3.9465846348085583,0.5387897139465824
3.5861522954375564,0.5153031955964332
4.181988288667744,0.5236303651795142
4.117340040936679,0.48305785268072865
3.792369403714521,0.5464360880877456
4.034368518070211,0.5038041744194459
4.034368518070211,0.5038041744194459
4.281969978421155,0.5277597380600122
4.422016413061974,0.5216121006679256
4.077511009813462,0.49216538779744207
4.089887322009822,0.4966342513906937
4.256336129587943,0.5054997428432902
3.846791194974013,0.4980812410991614
3.793009044883197,0.4940183399648908
3.9082398045121245,0.5181992257736013
3.9918254156300823,0.5218669497563306
4.347949236584138,0.5395934767275233
4.28767490806795,0.5002264378182582
4.088737147632086,0.494505148341143
3.762859309181271,0.5678591797480108
3.5145313226843102,0.5622410179130728
4.298634451085798,0.5108138703192988
3.82745734068002,0.5528084779609999
4.310231473414175,0.5000642385422295
4.172786541981521,0.520006129131325
4.073104639022865,0.5124686521372848
3.842842063639231,0.49769059344795463
3.990600024102979,0.526895171861432
3.7301113496884843,0.5212553812114038
3.743661844794258,0.5165534785421464
3.7364275262206954,0.5174852558288578
3.8111440406295407,0.5333254384574662
3.7721980397371233,0.5080935174306037
4.145458465525944,0.5276149062533808
3.8680792824470607,0.5013405682855582
3.675511066028019,0.5677754487891595
3.8452834731712513,0.49535484999435914
3.6865779562814533,0.5562851409623654
3.8336241408628355,0.502647449348725
4.066993716358662,0.537824841011065
3.858951732651922,0.49167536765281145
4.287728011320409,0.5166866635406753
4.0388027422185635,0.4943640244876449
3.853812400429199,0.5104359608698051
3.971677460227089,0.5278132835232637
3.956572840806336,0.4972010805009822
4.018218971243213,0.5602589807530455
4.018218971243213,0.5602589807530455
3.6686065522097633,0.507211796851971
3.5853128008623374,0.5254368485960209
3.556863840482408,0.5290296215478183
3.593934012314911,0.5235473180337961
4.125308695703977,0.5372437539665089
3.635726115758227,0.5218955815536668
3.6805248326951365,0.5237818138027884
3.9582527115306303,0.535314295747456
3.6766890445859777,0.5151569197709676
3.955390972766281,0.5607466844493252
3.846542167023369,0.48127096793796387
3.5471092506316935,0.5322512267647479
4.429068915636601,0.5603373562945502
3.9124699025095144,0.4885883904440462
4.1631070260832335,0.5329082283167534
3.8685821306562675,0.5085199352298304
3.9378283121383193,0.5406926800908397
3.980909454925662,0.47990701350171944
4.032147647446608,0.4829050701219565
4.2470729301778,0.5038402122441769
3.77266258472956,0.5394546797021753
3.662049423101445,0.5122064607199948
4.003696082402206,0.5431331631365474
4.044041800380309,0.5039894843612426
3.8116577027914516,0.5318534345712481
3.9323375219895613,0.471405174119876
4.893456935886391,0.5020684564867258
4.228178982324721,0.4471799658529398
4.047204297495106,0.48469892507823464
4.362618133827833,0.52299656386562
3.7443945690593043,0.47334995337600944
4.304257412066613,0.5101272880698681
4.051976323616959,0.5270568391741824
3.811834043499709,0.5040195592193457
3.7896222203923857,0.5753473016904813
3.7456031468455895,0.5580365058907207
4.1619523689857205,0.571081294266711
4.050840063552942,0.5468013265375776
3.7114941073724212,0.48132172694171355
3.8845459310221893,0.5483758040547406
3.76650519593102,0.5114519604659503
4.1687054646972195,0.5415018249325706
3.614428981576685,0.5364920157868066
4.104473095325591,0.5288745253519935
4.38454701467466,0.4653371184343062
4.182318032303335,0.5055662290398497
3.7410811424732935,0.5015587205934599
4.005116576757687,0.5519981327124347
4.344023787959186,0.5212033805962035
3.968940673836938,0.4652423625894843
4.134373869118705,0.5013628081743056
4.401708255423962,0.47394575457323257
3.8182121351071285,0.5363746231792237
3.6833207693090233,0.5230528525790148
3.708716666884696,0.5091144689625523
3.6148470039503637,0.49800206245987927
3.3504641410782687,0.5150561196841248
4.957618713964769,0.45903408331475654
3.663297036588392,0.515963003459888
4.186616864179989,0.5559981317038583
3.700333936463413,0.5149453430182118
4.45309031196155,0.5151937618731208
4.0691037727053585,0.4576507022117499
4.057344538405486,0.46908328900482615
3.9388287115473433,0.5019927845309174
3.922536719797527,0.5250962898121151
4.065287744134238,0.506077369625565
4.436464176566814,0.4752660576022351
4.033218234197799,0.4549604770978192
4.024322881643195,0.4528359565102681
3.7735859783147165,0.5478830305533815
4.251793467852296,0.4918148200894178
4.4055094803558275,0.5198396535585592
4.22923579688502,0.5019070391581171
4.113024974783238,0.5295682657778363
3.7592150437853307,0.524785989393371
4.255823611772632,0.5119860757385545
3.740473782904119,0.5636679312476076
3.958593226966653,0.5387920193820896
3.7922878534748983,0.5206350154915174
4.040241825731988,0.5205020871449133
3.977502750786728,0.579925753945365
3.676504625131902,0.4803939136713045
3.6693010118912235,0.470555020117109
3.611796073067767,0.4998215988954608
4.111656434353437,0.5546574936867895
4.0244592239500525,0.46018525056688275
4.087167813833392,0.458159763597598
3.8899261972191352,0.4770943008889116
4.19768480512726,0.5304869019786573
3.8002159062473138,0.5633230235869562
3.94383365770376,0.5596795800070754
3.798302270150172,0.5588721377266146
4.080953109264717,0.4691385618046394
4.176558444108808,0.5310876564198623
4.222176797253124,0.5080976535367935
4.162912441516761,0.549323411342654
4.0557243317876726,0.4804558473441365
3.885319274456528,0.5380321063140641
4.170858099870712,0.5518783397560993
4.221771622185122,0.5392283571656521
3.8256069917069926,0.4852207055475251
3.9968201611024807,0.48289921662877244
4.261112385878635,0.4807867583533604
4.026879013783727,0.463780742425963
4.2008562525006345,0.5222168779206178
3.9631021449076766,0.48981199020578425
3.9293535417273935,0.4858009889420687
3.908775828378298,0.49123458866428754
4.279621542044357,0.5187098313102751
3.5832280582663216,0.5293030590098359
3.7352635137098598,0.49193069247886745
3.686580344138079,0.4836489873563831
3.9415562849710164,0.49274719425867314
4.113151444102266,0.511680285737005
4.0482436206123475,0.48944756180499654
4.11960500396997,0.5174534577412395
3.947773241588064,0.4956783112476698
4.059482914289338,0.5373441423901106
4.08418687405023,0.5091272395960621
3.9461855067039044,0.5091675316893177
4.069870787241191,0.5183795495547543
3.8115568086730165,0.5443194238050757
4.03611686656359,0.5538445515552683
3.983575691879552,0.5662096957951561
3.983575691879552,0.5662096957951561
3.9980869874573526,0.4685233924534445
3.8674253133536283,0.45538390481320107
3.663416952379839,0.4471123460354527
4.0387606502844635,0.4718834995270609
3.828785542182312,0.45146056162941034
3.5942054998386888,0.5162867911469039
3.6494992335993977,0.4992749735271506
4.153400481391199,0.5110712194949226
3.786502963056701,0.5434501818877387
3.9468385192718736,0.5190793510694599
3.527180112248675,0.5003110947260262
3.7932668695303358,0.5395581225570386
3.7932668695303358,0.5395581225570386
3.9168855062621883,0.5034920211709412
3.7975659256051255,0.5280197094298765
4.017132747247708,0.4793852223021416
3.945992568191507,0.4962964277914958
4.014112518365289,0.5036585941686769
3.784772565734378,0.5162816704355184
3.8912927095458327,0.52231887743996
3.86176657563234,0.5334782423328556
4.574740614949728,0.457807035951385
3.5285349095249914,0.5302408565312282
4.0631043758272885,0.47102370957835377
4.214547696512311,0.5080208929727845
4.241400614911661,0.5131322646549141
4.074648355760393,0.5086837348792381
3.798651879733295,0.5098014366175458
4.146780931841169,0.5244425281235047
3.814292032448182,0.5073634345253585
4.045224639281677,0.5071420980911714
4.140055716708944,0.5395462071327068
3.7424041841032163,0.48961704339102996
4.315658684636466,0.5396771629284656
3.942585419320246,0.5306077774087143
3.994836234094985,0.5070884965686747
3.994836234094985,0.5070884965686747
3.9832080318554675,0.5194136371091109
3.8806202559976466,0.5314778291954937
4.072824014303258,0.4925577419719267
3.8297417121636035,0.5312950450602791
4.062873852086259,0.5105517111201525
3.9959079100674706,0.5500911227816331
3.6588940635887117,0.5382767976548405
3.697159318148766,0.5299784320360894
3.7479287098601484,0.4931899097951005
3.5471413999767254,0.5323952178713971
3.489498999474959,0.5277187909928193
4.000965129148278,0.5067253103179554
4.26913666083069,0.4946871114350022
4.18184025383983,0.5269583253348613
4.186012527209559,0.5291706984379595
3.636185918241726,0.5128179299704116
3.911452494640617,0.5325588797151106
3.7652588489264023,0.5150679978964393
3.8670736654218043,0.5358990198072521
3.7978001262880485,0.5244225951552454
4.271699240618376,0.4995506983860911
4.114636710609916,0.49316633151875433
4.29619285911551,0.5256609301777482
3.895646931672585,0.533934356517874
4.075294065276595,0.48663090463209235
4.044072805698796,0.5357941044112728
3.68663603891486,0.4958084755334887
3.8289755633762534,0.5626458817620338
3.6853184520494233,0.534914725006947
3.6853184520494233,0.534914725006947
3.9315221030845686,0.5506243084860838
3.9315221030845686,0.5506243084860838
3.9295085954930213,0.5464845803484887
3.8831809721347086,0.5525937348455507
3.829662705933421,0.5279311111665642
3.9505125996033232,0.5144350852206513
4.035921684542054,0.5043103746502717
4.150899108251761,0.509449188474043
4.086008502879263,0.5116254494639358
4.17526087524446,0.545662777598506
4.016519113863409,0.5574142001802617
4.020895728437547,0.5696752989476078
3.723682344555912,0.5128672385138995
4.199252656460205,0.5177334430220472
4.087404844092628,0.49794574980467426
3.8361386480782516,0.5020672719866319
4.208238544098057,0.48607124709073873
4.189971143070004,0.4931657821043076
4.234793672547124,0.4883385439344529
3.8898716797747412,0.5690995108345777
3.7103830422932456,0.507955486820554
3.7920251102417524,0.4824128739998247
4.209443059644346,0.43343172577487993
4.009234925881235,0.506024392289978
3.5938009200228125,0.5483483650561926
4.160156908030196,0.5337857877747743
3.7639587135857044,0.5333386657541249
4.001961900638363,0.5070899343231737
4.123084437745123,0.5306912565102516
4.166068795649459,0.5219340466533665
3.904205684022345,0.5272135983551361
4.071819648416398,0.4844638196404224
4.030841992860175,0.48606923013284303
3.9180894304435543,0.5282289523305547
3.828821675295023,0.4981961614251601
4.1672494683948464,0.5059433230054257
3.7957801518335588,0.528455712784797
3.8452396056473854,0.4933148564524832
3.8544792623624655,0.5244461289214442
4.088808445492778,0.5109562541953228
4.088857433683404,0.5458330603868037
3.9540160226390313,0.5237019628031793
3.9083305886255952,0.5032170961393654
4.059963819424785,0.523840854272912
3.7802445722528493,0.5204262850465519
4.4555544814218475,0.5065270335140767
4.096154971077064,0.5083120411748503
3.750645278788659,0.53462338659629
4.112418070555009,0.5096335489196582
3.9987105434167947,0.49655790857982884
3.957864671247156,0.526330325525517
3.9890609060959217,0.5095577196351414
3.6894125552152905,0.5087256556032744
3.7904405704126782,0.5052085188306035
3.8881864250297915,0.5049000655090538
4.253724428897564,0.5010500240049356
3.8013560482441755,0.45543034675457666
3.615352439228104,0.49733046875898895
4.4748285107464465,0.5138950914051064
4.403174913115808,0.5111221294612484
3.974359063761635,0.49254683856279813
4.018813505607187,0.5286167874176013
4.070763588725534,0.5352297838999666
3.779032151893907,0.5108049043689535
3.3874225470381645,0.5301091960384005
3.9065488675926723,0.543648406002757
4.501410411639683,0.4477471378748407
4.031742811832073,0.48216177958962314
4.0774071205686955,0.4363108854465031
4.229784143282549,0.4514539143334502
4.377885578205142,0.45410930969065566
4.120503871409207,0.47043232577583755
3.9272478010040848,0.5338881399420145
3.9136677234807533,0.5370240268324945
3.7775889495969786,0.5240060505165707
4.182923605781418,0.4943390549447552
4.177832056830417,0.48768356112090283
4.195355582791468,0.5057163286074028
4.042036418344386,0.53305769651971
