LE,gammaE,LElev
4.816646389233818,0.47720618939031995,1244.2826782043471
4.9468559205422435,0.4936299076434139,1370.5700107462253
4.891625775710236,0.4709586157130347,1281.8732006021828
5.229889771774068,0.47526854385839146,1221.9667537484186
5.031283669407772,0.44753365118783345,1290.5223873029693
4.854176870560902,0.5059188075961178,1641.1558944168303
4.961957620157872,0.4967493131191592,1547.854540052625
4.785831017541175,0.5225802817232468,1188.379775645119
4.939047834805835,0.4944497143804562,1131.1545361036015
5.11115395734492,0.47515513650085767,1199.5021894692636
5.512570608525465,0.48343886856157525,1318.9826453461724
5.481816532596882,0.46649553063219723,1254.6555597430274
5.146963838480771,0.48162014898400435,1266.2830733381693
4.992547406780709,0.5001332878682941,1145.8725997143592
4.912516724502012,0.4770871199624388,1337.4607666649179
5.07952808749036,0.4836910053716775,1417.8103069978479
5.2025974400650234,0.4993518602801371,1064.2483626511087
5.221617326427146,0.5033596230798538,1080.1298536548659
5.225995856002989,0.48566258059022155,984.0546774445272
5.421087523465559,0.4858488637142638,991.3726002988515
5.373232724264453,0.5280833534314697,991.977329984824
5.373355937034569,0.5213837904786155,1030.6860989414015
5.514919598407725,0.5259295451345737,1130.8083526695145
4.848633657066426,0.4790531719812135,1118.0930726153406
5.097520049100645,0.47450984950330216,1004.2858744892808
4.8390879149341055,0.48232052709293183,1032.6681767016728
5.410777384429396,0.5012015676317687,1058.8349669256427
5.1798937874992435,0.5109264765448452,899.7038059201135
5.1274628829368885,0.48931563935775096,933.3632018094091
5.0900761335727145,0.4779239875623661,1002.5527331034274
4.884847475967064,0.45194786162462386,1911.8187201143876
4.824009813657028,0.4977313896193109,1154.6888975743614
4.792204503002331,0.5242146282726229,1188.1841496953798
5.027281168485691,0.4911768144866219,1128.1774917209407
5.351709651175095,0.49627670755417597,1260.5596561476482
4.891191822774499,0.5271560397041795,1297.5628157421747
5.374125452871163,0.4749706899236556,1085.4832065239987
5.293789999687355,0.47454698675778706,1091.1723337406725
4.8882879348715385,0.48934079608975345,1306.7501814444433
4.612603243211907,0.48914149947247176,1063.952958836011
5.678188416282067,0.45312863138100645,1230.0025458665812
5.509798597732566,0.4564044731868849,1129.266392266118
4.844919233396745,0.521546705081547,1053.9342990550542
5.0120063450305885,0.48944944783626404,1210.6966463379777
5.004842858695387,0.49384113447426226,1175.6774650962884
5.13110316490398,0.5064322956146929,857.1648636880172
5.346470698360468,0.4900342437110079,1156.1305752837484
5.010945354890715,0.4953353318599468,1212.3021837606127
5.003883405665327,0.45789797251296244,1103.6300665168653
4.9679300121652314,0.5005592860386371,1519.611656665053
4.681787997765031,0.4839806482173432,1182.415861170885
4.711740152467069,0.5097092126239702,1283.3112301453555
4.8057759567295,0.527944327989297,1425.5802508829352
4.742178006967338,0.43506521225212286,1760.6467272248565
4.766059640115789,0.4782139510619112,1516.5316536270036
4.915961319065149,0.4838073530234347,1433.7863221551231
4.883784030434651,0.4852391917017482,1439.115940440981
5.363419800969973,0.4665430470718692,1018.5599327610868
5.399937503266468,0.4816778432973591,1087.0250263148691
4.934501129108682,0.500858176497231,1025.9978822323967
5.0866910912345995,0.4947437891169637,1120.477167695172
5.430241208172716,0.5077645113819024,892.0462124580117
5.121315167150236,0.5140682631069831,1031.2727163071659
5.318406069048089,0.5257041265348461,915.6748244447306
5.289197898406086,0.4896138039987371,1001.6631097857652
6.124454064068315,0.44743214536786646,1103.320099391523
5.83930309392321,0.4580954874636408,940.6886988462242
5.182165448298471,0.48140053211912476,1317.4667545885627
4.964481255359879,0.5015247816801807,1423.5730946033266
4.970464306802784,0.4919163993198944,989.2918611903796
4.926832316553309,0.4698217271110744,1171.39153886677
5.46267317543398,0.49138246496468485,1150.4806685171854
5.157923502657582,0.4401040149003662,1268.8313244034234
4.59600593772175,0.5405582729388381,1272.5092777406846
4.800280000868728,0.5216651533308051,1203.4123925002466
5.2356549919733615,0.49158941285147806,930.6958020567414
4.6138550913183005,0.5168864322428984,1370.0989805932898
5.4635043800482,0.4919974929542366,1140.776826710574
4.673192338606574,0.4948287913792162,1217.756751646567
4.742611298180289,0.523331412954188,1141.5210159353787
4.881525964458397,0.5273809729806435,1175.834935231686
5.084686662931631,0.4783968199933993,1034.7585093217808
5.3008079144022915,0.5130399603347299,1093.9852921917252
4.663560474885795,0.4361132164390476,1288.8895043891994
4.942026283219707,0.5242137787546033,1150.2998801665763
4.645084886691687,0.4596933494149369,1321.9250729766993
5.4599872443700415,0.4455457983947146,1446.179583565676
4.567430505369027,0.5225811738808449,1202.4037376737786
5.20572721392603,0.4666757612450718,1270.456970699257
5.484766020932588,0.4916434394394036,1012.8740342637286
5.442714057390825,0.4737352147281856,1159.7363523697895
5.452283185741784,0.4664621908123323,1122.875349626518
5.053429862120006,0.4823139983145893,1005.2344895072272
4.876062894520531,0.49793677909531975,993.8864403723962
4.976870192226053,0.46429824942673126,1163.7731995540457
4.906449504423219,0.49695111219712235,995.6971986036431
5.271285269877964,0.5153108292939664,1033.7897233661827
4.75536117930797,0.4703709273102336,1397.8769856195242
4.75420570567676,0.4977238235672012,1117.6423455507481
4.678513656682534,0.503952744213322,1467.9784250582748
4.9872868151586465,0.5164645273021321,1569.8341045582592
4.382612402189193,0.43219931953876783,1834.022750191301
5.102247272864479,0.4596021527951422,1509.9226357662208
4.9702357762578115,0.41886693948825593,1456.2444465399535
5.657650614699597,0.47038809112223773,1019.1103675364267
5.6397979725082035,0.46764502431746413,1137.56804764468
4.650100001353122,0.5200838329726717,1143.8488628441305
5.228045554524507,0.4479955280138806,1347.365340987692
5.135376512559241,0.49814619122207615,1008.1505524455647
5.065516910719162,0.48171837726648725,1140.6373148148252
5.037097029175356,0.49493560708737894,1191.7586866059078
5.003377857385737,0.4813581435821226,1259.4773451163082
4.993783056805532,0.47896633434651836,1321.5138851423806
5.085511820798801,0.500038550875105,1110.7807948368973
5.066416608410645,0.5101703139215211,1000.5097516974497
4.961258725766107,0.47045230756602646,1220.5347881835778
5.531213086205819,0.46558747837532,1464.390882679209
5.030236039290676,0.4553785000117387,1091.8210201312781
4.880483195102455,0.4811099555675141,1129.232521279172
5.08930207065839,0.4788350726455297,1182.1874413982225
5.113501606519849,0.494740160689778,1129.1941986241384
5.273230011122185,0.4966114017290654,1136.2665140235704
5.278085675272026,0.46688570037340427,1098.0296004153236
4.710305376334033,0.5018348681749593,1200.854752453868
5.119140727476383,0.49133731564946265,1006.1984224031668
4.969126597154759,0.5043258160044296,1255.0839291144732
4.894431241065183,0.5079367471839852,1130.4582168578106
4.688914101902519,0.475079407681244,1099.5514339961119
5.473772179117372,0.4809501521670493,1139.869213050247
5.192517545145137,0.49856412641759895,1093.3508037084782
4.793115367016525,0.5032381879934852,962.6713242121883
4.714746033374327,0.5046829292062477,1130.6812386463675
5.070874980635237,0.4957522046219615,1158.6624339062225
4.84629196510654,0.4846873392991336,1148.3627917659956
4.861932360403168,0.48823477516871944,1146.0125606684203
5.7270727639655,0.4491425386113974,1464.3973854789558
4.409510860789421,0.5142588173087008,1272.5492792838038
4.637471126857667,0.5122776674793855,1366.36672572041
4.9970780408664,0.5099607455265129,1515.6408493604545
4.971072588925955,0.5057474268948782,1465.0542664845784
5.005909731645747,0.4885801004087838,1147.7151165977934
5.088703828664422,0.4871544580245697,984.2421717582198
5.006541698062606,0.5005563367255256,1376.2924061432825
5.236277972732657,0.48772017318813693,1009.3172810121575
5.128417378625185,0.5009109754342116,1128.0471229508635
4.984719641733191,0.507248997006502,1015.2332997731514
5.177409280280548,0.4786674861810178,1201.1625282851908
5.1636090401872385,0.48749509712702643,1329.7800844944354
4.35904032045676,0.5037730956449125,1307.5043470883525
5.62763205317388,0.5072179464901612,906.5692578724733
5.513059154458412,0.5099426875116002,983.3198533838579
4.826120031312597,0.46792724851530215,1505.3032078175954
4.842554385015405,0.45314865143948013,1411.5249484633568
4.876258204897649,0.4673778939850672,1601.1093681007335
5.761551298443713,0.4588719719029272,913.806862829998
4.979820003668236,0.457513901862758,1627.6672657798908
5.093372353937081,0.4866854380080344,1209.5514528624567
5.054098246604399,0.47704060025538453,1101.0864538809203
4.829399693668238,0.4902019463855761,1132.53221314121
4.885808505860479,0.49112632665661426,1090.5554872397008
5.175093350848335,0.49601465668627864,1100.8169016059373
5.237266191474188,0.4934685891015826,1043.0642273720582
5.308718398442409,0.507703809331427,862.7490601035926
5.102821594295845,0.4993038168693878,1085.8564663609247
5.245712553512177,0.4651600103052551,1163.6908609838772
5.270425243674639,0.46399722214280403,1113.0951893429758
5.1672072723845766,0.49382637269079627,1199.731338256612
4.949304858040297,0.49633350184410663,1121.0996874947318
4.942964889841505,0.45338345229477556,1313.9679542100314
4.902961002981103,0.5021934712181243,1123.5433391785105
5.17305143724221,0.48955870523166783,1084.0690353628072
4.981071668044179,0.4900930267923791,1215.739857890937
4.80260874840373,0.4654615818334862,1267.9201470404082
5.342634942767131,0.5010395890859792,898.0557255857364
5.066249705481765,0.493858087139098,1133.090995265733
5.033445018908906,0.5024214367281015,1012.3231332273773
4.86897674555687,0.49755965030117205,971.0665781832248
4.878008116781434,0.47922693914597436,850.8556759948216
5.332632960198337,0.470305416662835,942.8945401548149
5.244262121567961,0.48595735080944713,1019.7492223677374
5.163716887299804,0.4699205718723969,1345.7282777073906
5.273017075845349,0.4812267750306504,1148.6567254436115
5.102862400883974,0.47869372034814317,1009.8420009542868
4.935729515575069,0.4778844666415078,1641.7923528811386
5.023748671917877,0.44105763654761565,1619.7075763805922
5.232389296286637,0.48785560826218477,1069.358202459105
4.846685260662766,0.4874051502910785,1283.200486369105
4.998118477319989,0.49143883968125407,1059.5167767168011
5.013526217208759,0.5087738608806783,1337.4748590069805
4.60489429877738,0.5132733352193587,1208.6090182288256
5.589713177014416,0.47767026020815534,1112.0641231889635
5.449638867712158,0.47596337607786904,1026.3955586015163
5.478401720484222,0.48270338951872566,1008.1918947394951
5.123995656704665,0.487311220485555,999.9485813787244
4.575786459439895,0.4971074586337817,1131.1520066940668
5.336266932250235,0.5138609545990735,1029.0102297181202
4.798979189120393,0.503181895955648,1025.506872815016
4.976793429457406,0.45481807577635774,1237.580305943917
4.977236989801828,0.4874207939032129,1236.1464075853517
5.133852439661135,0.4911517629912309,1251.6765485845774
5.0657081031601034,0.49381599721738834,1543.8156756404326
5.0281443038451,0.4797774862095896,1651.8649737505332
4.910099334118573,0.4735640837513449,1443.283677958536
5.046039574020718,0.4948545018690313,1030.1565725819496
4.7178701246057475,0.49172123237900256,1249.3881449810026
5.401609248077195,0.4775443540694885,1138.6481019320893
5.116998756517061,0.48971372450495204,1535.973327362553
4.754511645674464,0.4705740239314631,1122.7046240214156
4.852098771551401,0.4921950784803335,1315.696776510766
4.8994708739940975,0.4705483029278344,1318.7603800048105
5.121469802865931,0.4970614669415441,1174.860177606628
4.535218902140776,0.4840989710250513,1455.9502364718066
5.419511608172688,0.45366586678493653,1370.0553987543421
5.383372480452207,0.4682394600883114,1275.0177504937378
5.383372480452207,0.4682394600883114,1275.0177504937378
5.165067839408205,0.46171544269540676,1400.820343095805
5.154572001636465,0.4917489787951789,959.2149453170202
4.769299174181227,0.49476522991820887,1321.379691458748
5.2244208849205895,0.4714338300859992,1072.593762786782
5.317192999422703,0.5094138147628898,1094.0658297048867
4.867087163528735,0.5131218502697362,978.6437102126453
4.990967097631098,0.48375700509946684,1415.1639583204567
4.9593129021878175,0.48838816137776586,1307.763900704716
5.151237973203491,0.481233917882162,1007.5352590173485
5.266401587590593,0.48618394865326375,1195.2181501933512
4.671556938951658,0.5007728189197701,1149.473534417018
4.606221754290351,0.5000485523335602,1141.6866784967124
4.880392268859595,0.5010284897256589,1254.787851207779
5.276596998809708,0.4815592542149324,1132.2411026115158
5.2559645059368165,0.48535513510313744,1191.0387182309871
4.770220068074817,0.48689792633676826,1229.811977916962
4.982765873971063,0.5043515565757534,984.3411132940199
5.06932294550567,0.48693573431925397,1112.682517701354
5.243322478290934,0.5225531994881548,952.2769347503862
4.7626643718200175,0.45409149611944194,1390.1571671528195
4.9492726080060825,0.49638089390024354,890.9408481658871
4.968688080915318,0.4977003173205585,916.2970138291051
4.61179455107429,0.48771375325853544,1000.7438603281859
4.689580632051967,0.5184010385043061,1170.0601675962932
4.934791602275673,0.5099769450414079,1376.960658386734
4.697929404283122,0.5245161298566111,1281.3991096307498
4.321329985762594,0.4996822571481887,1340.5297900185317
4.8464130931611855,0.4913997473511889,1156.5893895286881
4.8247333048071495,0.4870780311089126,1156.1847468813992
4.9241396992702855,0.49791163897357743,1279.7807633823904
5.1117269758823385,0.5003327253828149,997.3125201784222
5.190038720642485,0.5062608504333302,1034.4417855855077
5.05550691207737,0.4611435156693815,1293.5190759359184
4.959861248157389,0.4920106283178855,981.1582141455535
5.708791370651616,0.498177000547166,1051.8250536103426
4.7001910923825045,0.4461688602034767,1312.9713931043807
4.738533811509392,0.4643012869577402,1273.5672120788843
5.001736609665217,0.4624117754292311,1148.8645818409852
4.997367979384288,0.45955800196598384,1173.2266601870872
5.4692726882141445,0.48212464213777056,1002.2889129210762
5.2942791748008196,0.46406621553453514,1213.7731778220314
5.405438471590185,0.475012172882973,1092.1581196989262
5.047015822235453,0.4905660230610204,1328.7760897036126
5.257737613771024,0.4807851990258282,986.4332295434608
4.787354607624201,0.5031077687815674,1140.9741635469275
4.928205533822829,0.5024276808178447,1182.913606939788
5.118366640047967,0.46922997180900966,1221.368797704864
5.161827223713292,0.5254386667074593,859.0552607108499
4.367414035952986,0.48889446858559393,1172.7250402292464
5.189308333144496,0.4799654085708265,1272.2001706370402
5.0598344693576855,0.5059485215070062,1256.1118970894954
5.199904265058813,0.4721722158060456,1148.620251929297
5.14694124792649,0.47720626157672563,1200.4232469705225
5.00221314387011,0.5075740030929209,1163.6817521666112
4.948130975599295,0.49084800878856494,1064.5322229811875
5.083626033641655,0.5197345428120624,1115.3960766282444
4.739847299734571,0.47872807898443803,1079.6206423307128
5.100314103295277,0.4890309310557829,1122.9525628083577
4.90647829535969,0.4877688260486685,1079.7303386353958
5.809826390849759,0.45497152010788544,1152.9606412126338
5.648245948601884,0.44596556998737835,1132.797779948308
5.085270070156043,0.4824438781119199,1228.7157807598683
5.0013235132355565,0.46948580908926796,1190.5414822985872
5.032750615503219,0.4815909586748924,1027.3205004587994
5.231067312215937,0.48718286081403794,1070.4917244197566
5.117925664192018,0.4829576097993376,1025.1117484071578
4.724798822884221,0.5022645733823576,1096.4735150108081
5.296725963047148,0.4627479778957938,1267.7792499830389
4.550025795936358,0.5009183508916588,1390.13644039104
4.408127783211108,0.477250935544915,1680.064800462217
4.968466350520164,0.5199182093003071,1092.1523109186153
4.761469628373443,0.5142225542058643,884.9606145071532
5.461668529068277,0.46881224218705364,1360.041009510608
4.830978169587049,0.46008559683380484,1305.1410199791062
4.835275254067041,0.4643804923485859,1346.8633294772706
5.024696673644437,0.46300714492941675,1652.528585215966
5.235406709085171,0.46541439119275885,1591.5218057780633
4.843618442069638,0.46629115363616436,1293.751471100213
5.415421820115096,0.5046917490506935,999.1887704184156
4.95037102830969,0.5573237177125506,767.4441952047947
5.136921045024232,0.5476775835250882,790.818292555599
5.107670533219849,0.544557640067946,917.7074730897655
5.2884163761150305,0.5163236772179282,738.0122520173337
5.2884163761150305,0.5163236772179282,738.0122520173337
5.592653325832069,0.49789536490674213,779.8725159572224
5.3795949190868155,0.464768626269744,1397.1145530274034
5.347288090824509,0.46731516975282195,1197.974294380385
5.22443365085336,0.48475323857073693,1288.7367133673215
5.331414262901531,0.47510528231844756,1103.8978703794573
5.000044041828822,0.5190773638885451,1083.2611530402874
4.578182654290432,0.5166685778526593,1117.4329684489219
4.642436888474523,0.4903105423831223,1007.3463005880341
5.0620346389384725,0.4629782830155838,1514.0286907873929
5.0800297235104015,0.521117435600474,1230.4144255412698
4.87161839652688,0.5234424303823431,1198.369186406689
4.757723660113255,0.5134632470163404,1045.0841197041857
5.149472940606988,0.4894178729126874,938.8732652331347
4.809980970809709,0.49696098168096525,1390.8928733166374
5.345036654541244,0.44333214337737625,1069.3524948543547
4.857265668729107,0.5200285027388785,1469.9462700720194
4.451428767289943,0.5382152832411979,1055.6899537659378
4.685794619295058,0.5414415849898412,1099.5943109078512
4.7900216515723955,0.5215141804739408,1197.7919490233667
4.924721307808986,0.48743533802669065,1096.5316417235588
4.844005320236196,0.5055554049844913,1318.1483461393361
4.663741274392998,0.47799431770170453,1194.4231446954566
4.828952850465751,0.4767536307294445,1117.0607897453137
4.776525029794862,0.5171810927622197,1422.2814726321747
5.1546147119267625,0.49344811677350364,908.732361290456
4.873629374160155,0.47721413370557736,1537.7119456575506
4.875053716885423,0.47566880401901285,1715.769843143703
5.221592576883268,0.4913492636117556,1033.32319432825
5.246259194147587,0.4963537144476841,1254.1774583586614
5.096060581317847,0.48483195593915507,1354.926812686342
4.607653487198063,0.5077032960629191,1121.9364174368736
4.773467072248796,0.49280779483521087,1425.4151200013328
5.440639079598222,0.4852983123407167,1037.926818243366
5.16206623971746,0.45995359553594317,1154.1581279619272
5.222976120986755,0.4987589198882887,1123.8684251664006
4.997415911475837,0.49691284987144024,1084.9073322184136
5.024837459376937,0.49009301733418786,1247.6703105498327
5.709742831098738,0.43903207463997246,981.5303403623553
5.810572207127889,0.450810197908226,1135.3226094943655
4.891701899597602,0.49769180871921526,1346.1829723822684
5.000080819877415,0.4434170747778903,1688.8552517494613
4.95540744435062,0.47953522608223303,1244.6367522691248
5.095047099466104,0.49521553947921876,1149.0187497448285
4.962285299899453,0.5064955889109909,1243.4191881461106
4.793448518037863,0.49402907022214765,1064.5546050052562
4.655572439995168,0.5043139899697656,1136.2181017571204
5.095197729679766,0.4925107096771397,1231.85393875685
4.944979478229227,0.5035491239222445,1067.584591182142
5.004105970094018,0.49266456311141865,1189.1463356644306
5.148079341057931,0.4941319826972566,1132.5990614505047
5.055030045557804,0.4876592801758391,1208.5379463640795
5.228640005204718,0.48636970640979593,1057.9682400484146
5.397032711280335,0.49025542570724406,1270.2112001095873
4.9731454063133205,0.519134691714135,882.7538155353177
4.841885555277621,0.5139466176934628,855.0666515269181
5.083437676630671,0.488316916886249,1181.632753221357
5.134715913666216,0.49184866453926057,1158.7556570957556
5.11326060873165,0.48720825367279186,961.3007507035743
5.289793504830138,0.45246747032631446,1460.7498127236506
4.7040372247320885,0.4934484683504804,1136.1921354387334
4.8330850572794075,0.5234511812581608,1116.2361378407031
4.744614695428414,0.49220826048628696,1275.725654704288
5.053620094051308,0.4633418705167318,1460.487613045364
4.786897460387683,0.509122153367291,1111.0585857261103
4.9183328933243065,0.5040829079623881,1243.4359390662614
4.865616732086186,0.4864529688720159,1245.561351461313
4.876566659910378,0.508072788564318,1312.2014888024703
5.332475427421608,0.4837394613027561,1252.2777431702
5.061890427888817,0.47784185999885137,1005.6733425785526
4.942714866548717,0.46946844002329824,1335.4618384768453
4.883717370781221,0.4942419117202618,1382.5354283841743
5.0010659680125515,0.49961543182905427,1267.447204288964
4.98644662816607,0.4800403262462833,1169.057351258687
4.917142180045697,0.4964647418879827,1250.282806797464
4.8603029527036865,0.4715355671711736,1295.9945069458327
4.816259223616521,0.4734997968470194,1372.7580337491493
4.8311899576611665,0.5134737916794402,1155.8763476855283
5.218399918294281,0.4680765660065541,1304.817585228435
5.004438189970951,0.4906835650965826,1056.8115922331936
4.838841317815967,0.5040842877226283,1243.8964437787986
4.9695839512956805,0.48195653486541684,941.8759809243084
4.7917600893171075,0.4679202358025366,1174.9045569229652
5.104745236135168,0.48927677769290595,1210.8898132488312
4.833151078995775,0.48721814183915807,1047.0352088800717
4.948553588024149,0.4570609093662326,976.0227868739123
5.056918196623927,0.5104656859945721,1041.2427908116279
5.215437361299395,0.47744018665178106,1325.8774827680197
5.081550151612725,0.5012329120772558,1160.7587090442703
5.089573970487365,0.46994842833823447,1085.947468369362
5.010266805986651,0.477911642266373,1450.1497511752784
5.427822892093584,0.49106013044178887,1096.4558071405816
5.3574587252591925,0.5045577812209306,943.4109390704082
4.840744286621349,0.4728821254476087,1258.963086790897
5.351918565883575,0.4747425894278711,1286.1337005444723
5.079644400353612,0.46359307134935995,1182.5804161704652
4.584067361065757,0.48275865493368536,1211.0362085597567
4.9913670951266615,0.47359162028871377,1249.0751427695373
4.984265755831696,0.47543404376726195,1079.1410222603574
5.004210605794467,0.4968078724008951,1010.7414162200519
5.34475873876066,0.4603419689105163,1378.081019531286
5.374887052993238,0.47921641814524213,955.1065197724329
4.656812008326778,0.491614873335023,1527.0067081918835
5.471574987655496,0.45810503428148774,1221.3156078440584
4.538040115209324,0.498110122353157,1373.3181038943142
4.668997889770559,0.4902588347373869,1316.6575198775708
4.795131575578573,0.47048780743970564,1361.100434542311
4.771365914591146,0.5189095504963233,1258.071767161844
5.521063479953918,0.47775260812135967,1173.9689158141719
4.674892826892488,0.5145327053239787,1231.02131836179
5.562101764260814,0.4727878693348268,1100.2315882292091
5.209620729429051,0.4869964079561934,1000.6172508342579
4.825205030850097,0.48013305604343554,1413.1345790317127
5.1263187132185095,0.4758885162746655,985.5849487890899
5.105275569860748,0.4930311804310877,1229.3970499177917
5.34139223018758,0.4793277474871827,1139.2832479446076
5.404835983429724,0.4979758307410377,955.6091519893125
5.350043746526266,0.5010039147198967,935.9438103169418
5.017148967541255,0.5055109702683773,1046.0869570519617
5.412252829760687,0.4804735499184338,1216.0197823148746
4.761074630062056,0.5086956316560317,1211.6234649323628
5.140060716227638,0.46918944903664056,1206.8937094958203
5.299323852456821,0.47728858337284724,1494.8449110795943
4.542883655685188,0.48368011281146245,1161.8892463113748
5.183902623940606,0.5046619634646454,1378.5266593960846
5.266174923157704,0.4529307537721683,1013.3591516527364
5.359443767483555,0.5207928639601854,1174.331042214837
4.783108663188935,0.5102696127079144,837.7938816911146
5.159044681345654,0.4410137502360094,1393.6299824928992
5.392975827126227,0.45979694180753927,1320.0016405781137
5.377835992542154,0.45906932273725065,1306.525106748513
5.072758595226774,0.45886383451075,1361.4898517287322
4.841847066487146,0.5245845846479844,1091.9330075520045
4.861188068517001,0.5230583022310709,1096.9411486563197
5.259834465883856,0.4765044128611851,1352.855498376846
5.139509165726146,0.48728698787694613,969.7648899315661
4.924370137285531,0.4932635395640622,1480.9549524975662
5.48611724877185,0.5015013892645215,1090.0913513651838
5.109943271487681,0.4458817437325154,1337.2481311910906
5.261370009042299,0.47323538441273444,1381.616111278399
5.11987186719888,0.4732809358068679,1037.5631263359405
4.93685011866365,0.4939774903363581,1240.6827842265257
5.015385156821191,0.5069280561404564,1058.7797876275017
4.958384185580827,0.48194927658193426,1350.771853306348
4.4850339267437125,0.49989283114333327,1222.161839127405
4.280784658983413,0.515438052789246,1440.3619860111662
4.556213675089852,0.5209166274425765,1345.7096745995332
5.64431533082939,0.48649671633797215,1028.9229526184065
4.592293553792111,0.5073905091720466,1144.941964565801
4.889645970409749,0.48825675019387527,1096.3055996315563
5.287472217167106,0.48510203775511623,1131.45950106312
4.874964114747762,0.47863582251072995,1042.436587592776
5.120060056215751,0.4900451627058655,1089.193269648797
4.950452184645804,0.49646255226809255,1103.1679758904572
5.271700081960807,0.48361040289666424,1060.5508859357162
5.275957138015953,0.5070478341609747,1088.6426899837531
5.057275023770415,0.48341624688954876,1194.162221693286
5.30866871216617,0.5024332941081686,1275.3081118611524
5.203139041146339,0.47933732572510157,938.3912799040555
4.948410019898793,0.48234823018203987,1594.320790246147
4.740354104253594,0.47724872506002425,1321.3019534728976
5.010463827240742,0.531586925057669,940.450170050472
5.181904396572839,0.4706624062624653,1115.4359472541614
5.014467606412269,0.4920619054629013,1126.9740706098837
4.696680313609678,0.47818418058813983,1443.066884183659
4.572108742320716,0.48470898372264476,1376.2479558818588
4.4931182816350015,0.49763522618946315,1370.0217318678567
5.002841611160043,0.45736833283544925,1862.150254860974
4.546029617935812,0.44349407529650553,1906.108761311017
5.19944993149735,0.4779746950635541,1345.2296404303365
4.9859601503619375,0.5064720806616352,1162.3095283866098
5.058579425312315,0.4657986092808329,1314.057627886887
5.277739406631904,0.4828441169256607,1277.9878245591367
5.4764084767677925,0.46943001439660953,1105.5507783459816
5.081898636670053,0.4695522811932744,1119.9532221589632
4.971050501750157,0.4921910448280705,1274.1912038053808
4.846282354982593,0.4807260970995658,1188.8429254501582
5.0475982584623855,0.48325175851425506,1072.6465206756561
5.030149173072287,0.47342009082830006,1131.10478925251
4.961893376540511,0.4837833024233865,1224.603367828129
4.8161660775031425,0.4775139690370353,1156.0529635561124
5.061944045369759,0.47451375325561834,1304.056312886521
4.769030146187409,0.5013287115626021,1393.2245799570414
5.018365932293272,0.4945650774512911,1321.284493876453
5.430768371492037,0.5208452506971428,713.0358686101733
5.521929739696902,0.5207503603550847,869.9509395380677
5.448421045919819,0.5162925733657554,890.5552476503645
5.303511471897905,0.5195304976052041,1009.3747834871536
4.6578747257825155,0.5301095479662765,1001.3752550510083
4.621232094766647,0.5312166438557901,997.8787585175501
5.320897353122855,0.4609360293709659,1042.2283742318618
4.908156008801604,0.4838940828523054,1582.5198295723822
4.925752099258707,0.46972965051914517,1271.9195359264252
4.912792696588979,0.46941649181583894,1195.1039597949543
5.042350200577075,0.5082549006508132,1223.1141795500685
4.926847433802322,0.4808046475947948,1144.1130320492045
5.084995672556533,0.4947527605368624,1230.304111885755
5.2919877541063105,0.4739306694347158,1262.9680345823238
4.66640893260402,0.4995123634237125,1305.3786451593808
5.454702995829495,0.46627759712901923,1148.4058544607299
4.768225460068359,0.5229834516433267,1055.5172420342683
4.87139275065062,0.518050249937538,1063.4493689061708
5.398487322253082,0.4891599636983021,1171.9267371690687
5.036965504488566,0.4722191998923054,1198.079639364165
4.706622871686529,0.49247659024850154,1360.5205080627995
4.48180756039954,0.5056528407533744,1270.6996537223947
5.644031950629859,0.48889932364610844,931.4536748384614
5.766978875150166,0.5089975533201154,912.9081948425971
5.6826615314126725,0.504033393629205,897.4394256607255
5.12816195689783,0.5207495374612291,875.8134464462037
4.886959990674992,0.5147811349558868,820.5762548756624
4.757817537679529,0.46908558825739594,1476.9935793339423
5.122816137805877,0.4556033779032921,1469.3109792838843
5.035936485366392,0.4911935081434126,982.182825501592
5.2615916713527735,0.4591832853922164,1188.038322248631
5.2209613814203,0.4727734524621426,1312.9403145701715
5.1824785062758005,0.4870483980507204,1721.8925324855636
4.581814852956725,0.4813940899931323,1263.95561208639
5.3239838503671155,0.4806359808903963,1345.097220477182
5.175805454513224,0.487031965233535,1452.4035077353988
4.656930104769411,0.4845638625452581,990.3290846603381
5.401800855405497,0.48088295795576846,1524.850819544543
5.249808286363273,0.48086309435197355,1462.9168162987066
4.86330701148169,0.49964758601866605,1391.6019052178535
4.971221560567015,0.46551938190438924,1274.63690913018
5.262970850184797,0.504859213647435,880.4892671160677
4.462666454924678,0.4987686866385686,1608.8211772629447
5.457431539622372,0.4615859901541502,916.4690106878937
4.982110153546949,0.4539787855833962,2080.07567129354
5.275140680358919,0.4769249340436842,892.5005407264653
5.232276156485161,0.48157665700710683,1103.6850298283448
4.73204915719877,0.4708416320631055,1385.8117435422696
5.013256521917703,0.5481205135272992,848.9204808429238
5.245713583556784,0.4914505126531671,961.6812448266264
4.671109995736471,0.5242073484914878,1051.1712575174163
5.184270119240173,0.4902063743010751,984.1973258069603
5.273767765972653,0.46057048387361244,1322.9449633658419
5.022512974444518,0.4773678927948436,1228.976398024739
4.807545576994513,0.48623708958515405,1055.431705400326
5.268978295853674,0.49803251714783475,1126.0259777019735
4.892828011347867,0.46683834056596557,1155.1268310329383
5.302694273914584,0.477169048805974,1291.147126181374
5.021179640600913,0.513092838098898,1419.290612716011
4.98423247252948,0.4922874678300477,1136.1062619399477
4.791017696309796,0.5244911079125364,972.7789258706171
4.9335578208952535,0.5144732542706877,1201.1043096947897
5.34128069076284,0.477970099132582,1273.893111851593
4.678460941086767,0.4792326154710231,1171.0092220727968
5.159102318928331,0.4990605135439855,1087.2728777217849
4.960258229111241,0.49660376455891503,958.1116686120967
4.876725105413313,0.48025185903966505,1123.9807418136245
4.458173634240571,0.5295629383714109,1231.385981459388
4.510967857103084,0.5186873260887035,1109.4886265288176
4.543123215516458,0.533200904288049,1122.753140743273
5.551171788532476,0.483011654963519,1112.399667562842
5.13265037495177,0.4866194431485174,1021.0145700553069
5.130273644586566,0.5071443618376409,1178.8601773137548
5.138665606949233,0.48040831009685264,1080.2628770085405
4.648334645052051,0.5200162127365642,1143.6110894113424
5.32398610040594,0.4655049820590296,1017.0647921265349
5.249395798243216,0.4744480723354185,1194.6253845839974
5.24475146388283,0.4694325372889355,1094.7547472541512
4.988641296725488,0.4821815550691046,1424.103804192613
4.993611810158741,0.47482692206324917,1073.1097188061428
4.817089267832114,0.48802470153968136,1120.4797234656426
5.063743020233263,0.47788925608943417,1068.2134952224737
4.973005925299091,0.5102043930492243,1259.490090299846
5.004203682625679,0.48619954963815565,1036.1320245642728
5.07035523472372,0.47303938248387445,1081.175454460757
5.1532268965665615,0.486832724426482,874.7132075305461
5.2159542151746425,0.48953267710303644,1328.11644918076
5.093502149486764,0.4685886774060623,1100.933288144275
5.225853444178909,0.46038014728048055,1217.825393367068
4.99239895997296,0.48430478163406165,1075.0500939763758
4.974998317405655,0.49272880755273935,1110.204502157091
5.1964918268956435,0.4693687854792585,1233.4030519666087
5.174967569016301,0.49386003576493825,1079.246292233211
4.91400315186291,0.4850980912730131,1254.3067569962056
5.0816288823286495,0.5089552209348637,896.7503130777973
4.8696947166785165,0.466710256037744,1690.097455890633
4.769921087227821,0.47166073811414616,1336.4543117161968
4.951010473171845,0.4809724061052967,1550.6665628172104
4.806422322955359,0.47509901796123255,1676.4752235443316
4.671927536559973,0.5020533076811312,1181.409882885166
4.74134899444448,0.4806181773798741,960.0560611433349
5.3831300945424,0.4870821395163877,1180.3336961131733
4.519224718814863,0.5217608656772391,974.4228230749973
5.204266336302889,0.4857908839808879,966.8282315886754
5.238926614289107,0.5089022102016895,994.4519239742506
4.8816443190133185,0.4843871771045534,1418.2435510977969
4.846304340667989,0.48931920997967054,1170.8597742000986
5.263272041185515,0.4945947899597917,1037.9498002215025
5.1482658983138565,0.4778862890881092,1134.634894820702
5.294184687216684,0.4826605606553651,963.0971474642433
5.255103058007827,0.4920795172135394,1062.2395607270341
4.831022422611165,0.5066143516473972,1171.4728730941194
5.028242967334774,0.514697630278474,1297.5236829072865
4.829342632514534,0.5160207164712959,944.6672483978788
5.022799988464297,0.5157158360103051,1071.2072721883521
5.626201788290308,0.46739834683688103,1052.7796397333482
5.4964206821511645,0.4663919416935434,1116.144252037327
5.277517810269893,0.4811010573285074,1096.9328442537387
5.709864188249921,0.47758033110724135,894.0882657028967
5.382225298410181,0.4622462920889028,1315.4037157093899
5.216164906986748,0.4727673308398457,1010.8890137042205
5.37591776841081,0.46836976645439016,995.0155559321743
5.137519252250192,0.4955425193309943,1119.850481164578
5.332120477253618,0.46092216767234584,1465.618741993046
5.384922167658291,0.4317415784424295,1267.3046664737185
5.33616523109464,0.4319919890935357,1085.761714989151
5.881033958401174,0.4613906428431765,1106.4667610737067
4.486691680962927,0.5352830484749598,1155.1310556492049
4.666778825200647,0.5274920161384047,1226.9626775739075
5.4872245843716465,0.4494939451358335,1140.3736792505267
5.164516897706754,0.48781113234799633,1154.5387680024603
4.878567334993842,0.49196157764636095,1482.9786227525574
4.954498229832792,0.5080735497717074,1043.5585912799345
5.168452076672459,0.5243379927262505,862.2146450732032
4.8906746742895795,0.5030144658839673,964.8934410955176
5.0277073082229915,0.5251791451954968,966.9653781851437
5.161352056144435,0.4658526587961269,1192.2530170980558
5.395006418580828,0.47871215178732474,1012.6189480627025
5.308126438296355,0.48597171561222724,1161.4974842903473
4.929886980849839,0.5072574343880749,1253.3934559998213
5.137227782543632,0.5048531824193317,1101.6936991185453
5.168198631918266,0.49883528562503726,1273.283908063302
5.149845704751144,0.4904336188780031,1167.2570488015544
4.648090960573444,0.5162424974673453,1033.8890583073005
5.213713941899607,0.4872311032287943,1267.9893835835012
5.3186914570909085,0.4861197418495782,1185.9328418005796
5.228072060459311,0.463436380628257,1155.6232010088665
4.89192787566855,0.5001473533904301,1307.6695926991154
5.2669633162906315,0.46767878475308955,1173.6850965634871
4.720562759555466,0.5103159049039618,1134.2812260429298
5.187740295573823,0.4629516385776735,1216.0122692341342
5.215983667011659,0.5351594961312702,995.1859384423913
4.995929932145388,0.45923746909315827,1512.5293109485453
4.8014685354352356,0.4919429322062932,1318.454547014078
5.488101900268997,0.4671594572504783,1354.5430633462643
4.73970335110426,0.5253105017396927,958.4888025957562
5.303289175694844,0.5194019127721944,1007.6947999363837
5.529657235533434,0.4816993240130901,889.0243866715499
4.753250794646661,0.5089593342930983,1209.3873215035078
5.179075414355283,0.4750970379422262,925.4453806572201
5.186940995722684,0.4632815975613223,1151.108316905543
4.926797504979843,0.46601317812064674,1448.686316143348
5.208274020956902,0.4895204790763445,1008.5524242057661
5.008280715696155,0.49408218058233494,1105.069878887101
5.102356967064061,0.47696652486434254,1350.7014597186096
5.14116795209345,0.48076222853072836,1455.8820579028697
5.0877352911396985,0.47481346680873904,1163.5016655735049
5.163731424890425,0.48033499905732424,1188.7385876057222
4.9863314063774915,0.5126972256694398,1101.1092755170575
4.988265778669368,0.522484809716945,1000.7549900081274
5.128445015727415,0.5068207864645975,1215.5197162837985
4.46527762524973,0.5119387975088605,935.0360699490263
4.543385373822308,0.5234359399123858,968.0909253006499
4.787087691193972,0.5064674189786751,1260.6128799510507
5.228158406644803,0.4744513762238023,1021.2411561224794
4.820571557385345,0.4897947476515994,1060.3589883405098
5.148986706229523,0.479183686788672,1107.7705514488173
5.417082931322373,0.4725696912244884,1155.395635517109
4.901334956790472,0.5073857441953096,1063.37908762225
4.6943878002612385,0.48851660660523505,1434.4371621488692
5.358354900670453,0.4768224035028423,909.5903059361735
5.435604914324172,0.4925372943697758,1316.7085776874778
4.900539423234797,0.5082891860183532,1509.0382043957895
4.352397510202056,0.5137139136845914,1502.9277713187416
5.003207352671505,0.4871851946673855,1441.3885441152293
4.923736232596443,0.46048769753832264,1231.8996167862792
4.836778954682854,0.4545744937023049,1240.2654536672778
5.001930315428794,0.46558647998379166,1283.5874248196021
5.201056168835174,0.4985331496781925,1095.072659111021
5.393178252436028,0.48559123836719664,972.2221183360376
4.727442111137562,0.4869967429141502,1329.0007449994794
5.114151379010609,0.4924009780805763,1033.8130275943274
5.207448066498567,0.5007966160399577,960.2892877150219
4.781123990824777,0.5013232318631757,1302.5101477100811
4.405463474147308,0.5250206566897586,1205.7694237874684
4.992708283957977,0.47950992884542215,1127.4299735243592
5.113456965847521,0.5103057439014933,1048.341704989049
5.114757509857532,0.4808076952490162,1427.467238767918
5.0488637142349635,0.45246833981296125,1269.5785766254055
4.763981407702532,0.5167230260052733,1070.2952042309068
5.287643479940304,0.4861102546907822,1139.5791516958943
5.304297530930681,0.4843577305314525,964.4201258577606
4.861894239575621,0.4867556796379216,1496.8021561725654
4.801735955566283,0.4853360986491674,1273.8681090218772
4.960573921937922,0.47844435617953057,1144.3148397814896
5.186386365906356,0.5069224436624628,1249.2686444026438
4.526949458640993,0.5086525863950305,1679.9142004233822
4.6171674900607735,0.4867547932465348,1462.5716415437378
4.786901092718572,0.4957579791985959,1569.5977432386533
5.321400328083546,0.4992686811382904,975.3322815284447
5.396095343457906,0.4901760584317788,888.2047478919139
5.6912204458115525,0.4769042515796498,1147.5715592112447
4.607123709811842,0.47661054736080033,1453.5370658096908
4.585680473794443,0.4871138753737595,1692.2953107872622
5.136624739231348,0.4646503128149544,1215.0975653816392
5.469551850065807,0.4921991607324281,1041.1459871620395
5.109855615122616,0.49641870092121376,993.5108798241098
5.2270996005197405,0.4893785048484607,1157.2765500087085
5.0411428007546695,0.5126345434058089,1057.835384545741
4.9913982692852095,0.5013873950497686,959.8711462432899
4.772160564765499,0.5019783065349105,932.2370089503332
4.990158674035926,0.4779233833570911,1216.373686633373
5.4517496043402645,0.4951454290555717,1091.6618626534384
5.264238031238551,0.4692465223963778,1040.560034857097
5.138105611593749,0.48625333415771943,1253.486088861968
4.873764357174211,0.47313873049444316,1211.192199166284
4.939963733583545,0.49501080167183165,1020.538088269747
4.6895925589283545,0.48147723808678494,1133.8517274942228
4.834398930942071,0.4987385097371019,1609.071320481706
5.3978333334681645,0.4711684550399332,1005.6864499054554
5.7223444663837215,0.4790568456186604,1012.6769560317488
5.187024893817396,0.47199525704304945,1080.912219465048
5.201862795470634,0.5005786655764566,1032.0037225860694
5.05376949319669,0.4686325690297332,1325.1612591134447
5.032691476323679,0.5075035289159201,1289.4995117341864
4.812434181698162,0.48225965283105693,1204.0939099678837
4.612718228461217,0.5015177466019903,1296.3326869675716
4.623479507637668,0.500166408485307,1415.8500393601603
4.482709525555136,0.49758581074287295,1321.6096320043623
4.909567143499745,0.4752474384384487,1437.7060493764823
5.683632820043163,0.4708407014034834,956.2672310984947
4.4415466462627515,0.5013679963168702,1416.6178059538993
5.59130940037966,0.46843312422422406,1226.9482370740416
5.7439764184868265,0.4866469858964487,1238.8536470195277
5.0424685531806945,0.5044569226630949,1069.5330469784833
5.112456234644907,0.49094018197979705,1179.2454294013005
5.807413355045488,0.4842571776775335,1205.984392238321
5.742118800790231,0.48163485245710524,1057.126436022508
4.661087978775899,0.5071616722279418,1020.9268686255591
5.062733452396139,0.4616747612645627,1393.0505201841297
5.206494362348228,0.48376514627496797,1353.7038372645231
5.109490612122771,0.5112006131628888,1083.0145549558797
5.018999150616723,0.49193003223067894,1322.6525537494515
4.927321455592134,0.4583433856600324,1546.1467472087552
4.749615847550148,0.4977398375076273,1082.0043650636371
4.996924619188671,0.5220193739180556,1251.1220173196257
4.745397140411206,0.46730571765603174,1224.5264406671613
5.126386494918147,0.5091804636157117,1241.2260872942459
4.958683465314037,0.5014863248816147,1039.319150564859
4.895547922833193,0.5117322932494985,1223.4120716777163
5.126615924704436,0.432763404268704,1259.3525498854053
4.981441057833594,0.49733311119244017,1562.0280063562382
5.289093096280929,0.48866088032555643,1211.3041298548205
4.917974316304128,0.5086007761112312,954.0593166535881
4.864649171501902,0.4594752432222904,1296.9399109249925
5.458588263568554,0.49133379656363213,1198.1574968155123
4.74685530874592,0.4802757658187691,1433.1747301907537
4.711604058242946,0.4713291784796697,1125.2260458106618
5.430422699562404,0.48292665550981473,1204.173767686503
5.178358601103574,0.4834633066778034,1227.445672561357
4.958234746692133,0.4993513289736341,1218.8893773740856
5.230340840954055,0.4803680271732128,1226.284952651414
5.344626765474917,0.4886596006591113,1264.874808350458
5.228794937288836,0.49831167997546794,1009.6511502702672
4.866943006876531,0.48943332881191565,1260.5410352743136
5.369993421601167,0.47916069983037946,1206.9671164835174
5.06162290586808,0.5202374136971422,1267.320770972955
4.631619574927897,0.4866510591583138,996.7324845341162
4.64988003365706,0.5029345294387834,1286.838430274656
5.178819914696978,0.4754413906670541,1221.6016598349047
4.583960489166325,0.4956751570781673,1197.1958717651382
4.759792380629888,0.5153822524280132,1100.0123055855543
4.682749535137134,0.5166950480635014,1095.5553940524403
4.72362776078099,0.4759858225022254,1396.417988077613
4.872562984892334,0.4905359619575934,1505.6958498736064
4.900996503925023,0.4948214003954543,1362.2676536222418
4.539289580669405,0.5027968326297259,1432.2435420944703
5.414962762594974,0.5103970509628364,905.2259584164425
5.238818734130321,0.48726009267336,846.1216889702749
5.359064303410128,0.5090211751137916,1074.8048055710678
5.112021782298801,0.515628484822703,816.0967763501808
5.259255363965434,0.5192473407139016,802.847548292008
5.028433733965976,0.5036618198793993,1114.7082030680938
4.831015182410079,0.5198740116689751,1074.5193827418684
4.791692895504098,0.5099481804975613,1169.4971743547028
5.183225289745776,0.5117140766612829,975.7470919364441
4.970389593152971,0.48792724860507364,1019.5665305289587
4.488563096386545,0.45266214911888586,1768.8179735081749
5.139810571080197,0.5005581037915298,1676.3977585875468
4.9561161660824045,0.5120755119112971,1401.1010706558168
5.0430983707103945,0.4434732386537982,1355.2368058653533
5.113734231964075,0.4603408852760486,1258.8824508900152
5.2602641797157865,0.4727879806209153,1383.1209834452504
4.927228352103405,0.5189966660614973,1178.8070130503963
4.920443909350883,0.47922083556754547,1168.0289537026895
5.433345134806845,0.5023359091983975,945.7697123541145
5.136300001847751,0.4668993513942244,1195.7828045857045
5.150689518441759,0.49464492807338845,1089.298227125506
4.749004816756572,0.5053563950785872,1145.9803426217452
5.081827334743474,0.49486219230000333,1201.939208029077
5.0283876335398405,0.5073458752999527,1176.7589736712323
5.188006911983727,0.49490917463028045,1257.0718478249676
5.08516829855135,0.4957434968149766,1217.493963897266
5.1338480349226066,0.49714103486398725,1168.7142955808567
5.174247496329958,0.4824849685447633,1388.1943573771496
4.434595793174315,0.5147556296303722,1093.3054076490764
5.505858401458847,0.4697801078302583,1129.4986730840947
5.711857616008616,0.48533013269009656,1154.6606283249746
4.684297802858347,0.4918477635903661,1090.6850928079994
5.153061486584634,0.49246706561935233,1255.373108208658
4.86656580874538,0.4374102896909236,1470.5473756183098
4.701723846661392,0.453127499994812,1406.5774529789624
4.63697248349145,0.45184186452168174,1383.907591519982
5.225975145419339,0.4860294352593511,1036.9608105086875
5.36126916665762,0.4490562940191048,1263.1625950205405
4.763780571955948,0.5186899753472197,1252.8259933041488
5.359475846935945,0.4740414265589302,1225.0994446087848
4.789499279267885,0.5049192840127403,1163.5301401054253
5.407955748792635,0.48402108567138524,1037.146241066596
5.385560711900141,0.47667744848363375,1084.1329817097194
5.7129207796662325,0.4757603997183155,1123.101318949136
4.6321068525439735,0.5147217660121994,1430.3325573361299
4.728136377087736,0.5063928722603764,1254.567596608384
4.871800507835904,0.5033717259271488,1220.1407370902123
5.04491031159117,0.4722019667836779,1098.6603999063911
4.710793292751363,0.49187109877193924,1154.0262765114312
4.4112396097882725,0.48990353457272573,1405.4682502649293
4.683348208701153,0.5107946178562452,1575.9614326345456
4.675466867261889,0.5331841839734822,1629.9887343558148
4.632550197010175,0.5340595679466107,1561.6255507549427
4.776569809251429,0.4878477729203584,1435.0309735918393
5.064495342658666,0.4966492932387152,1089.348342589334
4.963895008665428,0.501829097921689,1108.0705680373753
5.039623242306264,0.5205090080432067,1288.433863484881
4.849640810753415,0.5328909281109913,1317.709128982398
5.030419455969325,0.47568549861582243,875.9197316718097
4.756332789150252,0.49602800339433756,1312.4121979339754
4.93712042200174,0.47649054842864746,1220.7685541790563
4.936905928677443,0.4877511792362611,1344.2588354585075
5.080292035372936,0.4526133718199412,1474.551838711939
5.172249348639866,0.5404968107264368,883.7207539698591
5.201273426558761,0.5290617505957665,927.026249994875
5.2160053506674915,0.46312975821096497,1336.1838235408488
5.287801936962512,0.48562224939579784,912.802966229854
5.357540560981917,0.48908228280222205,900.1345298840872
4.962676024885392,0.47200080711111786,1075.2353399971892
4.818010442937369,0.4844168785676796,1063.7685792598782
5.2608238307909145,0.4880199000775485,861.5762428917235
4.601661112617853,0.4674990078433181,1548.7787777090475
4.913770228405325,0.47643242408553227,1357.7065425069184
5.435270623129473,0.4679765996115356,1115.7340404965544
5.177782153204187,0.49237800110048235,1292.8944268722705
5.0190037221597015,0.4826723177464508,1211.3800411077439
4.991832214249668,0.49399504261551314,1147.1461988228757
5.243138623028616,0.506565592254002,1088.8357032525114
5.162703858631657,0.4941168872486742,1289.0456819290469
4.871173955834989,0.5039796795709678,1193.2979726022747
5.303231655679381,0.5069192877815845,1070.1504785382124
4.9320216085564,0.48642177241902085,1270.0360647420207
5.044513850105763,0.47022557538828236,1182.0124704265968
4.935808871362688,0.4878791102767103,972.0283724529929
4.844878435499232,0.5039140794190462,1156.440631437541
5.054918673859899,0.4835692021229657,1199.629293847557
5.069738307168093,0.4947876262831904,1180.2410482593314
5.013053549796493,0.4890032679040173,1255.772209456387
5.080036640767811,0.4691236368635822,1222.3380438448964
5.178653905788996,0.4875021648501932,1336.2371459727497
4.847758668819517,0.481391593603966,1160.3410992635386
5.420754950313952,0.4783735389570197,956.6585933041764
5.045460396419216,0.4906422318462015,1309.7622972853328
5.27830156388272,0.47555975779734905,1148.261794655567
4.981726534225382,0.47993075407221086,1414.3298803002622
5.154272916421288,0.4935850136619824,961.4466010513053
4.952100126888594,0.5044204457653594,1230.6988948145026
5.099477543297243,0.49727534813750074,1152.1756172407845
4.993254909817913,0.5051915707106998,1029.9789980184657
5.14200784627961,0.5064472818145037,1211.6256871037544
4.925717605163685,0.5087422495573746,1194.487062936266
4.485660162323721,0.4980300244966886,1191.2416738813538
5.3364261863743625,0.46273848865535017,1027.6410531977442
4.736671893702031,0.4729481262629697,1885.759403168395
5.4665611219636725,0.5223934744524821,930.746014293284
4.46329102639244,0.4644745155647035,2086.992346191977
4.535892592168651,0.4690244987164422,2468.7342917861865
4.655237223756638,0.4594399650461821,1923.2831137389915
5.364668983044419,0.4659076345670572,1188.2275363575727
5.120683040944332,0.4832072111469553,1213.7301467628602
5.174775276090321,0.4739665927406207,1137.0067307240436
4.8903182282434186,0.5373260592233337,1029.8125514834196
5.092853938802383,0.47674491103791306,1122.4396931133017
4.8072844390987495,0.5039949236220602,1011.2394850996803
4.69645148843491,0.4785939002511049,1366.8614549657557
4.747442649573485,0.4821186957435774,1222.0904123463608
4.7785663485266845,0.4827587272619492,1289.0741767751263
4.852845210657911,0.4976241262175425,1082.3249061371812
5.452395432180296,0.4462012002505782,1317.1085018403353
5.5189397863583824,0.47010790883360204,1333.9682275422967
5.157890968861558,0.48671545894409757,887.4109909671043
4.660226451804498,0.492046962397056,1168.2754252627394
5.012543019729393,0.48435823475218326,1536.335559301698
4.611219533047505,0.4712334404895403,1437.0200753845809
4.89478930013004,0.5215925781613756,1360.9633229293427
5.204279369832303,0.47547930789939497,1244.3001023231066
5.28322272787358,0.483862587985535,1211.4997746209626
4.634985422017134,0.4619644372059952,1558.3954775911245
4.6796852124180575,0.46440094889962674,1635.8327794360391
4.733867154608505,0.4659836615632859,1549.9653390132742
4.892820119744122,0.4810796167995378,1375.1768322562762
4.683159508889918,0.48919200528995055,1846.9442198837578
4.6621433927310765,0.4623443621526326,1275.540993880263
4.777460057936564,0.475972115923265,1353.7942178845462
4.991941263101974,0.49430036676883526,1225.3263618168635
4.5708887631113875,0.5009713311534403,1108.2093776535228
5.079317756490744,0.49143723569991443,1177.6232899686547
4.6227473615595,0.4845700636142461,1349.059061010458
4.948133259696213,0.5189878268719245,1131.024491239503
4.876029321145652,0.4974604728813011,1077.6532176631774
4.824676885384324,0.4803158486743066,1243.4668278696884
4.669656726525111,0.4775320895445676,1352.4444158312676
5.071494878560741,0.4522582662655348,1074.4930861773955
4.634643250497867,0.4925836556887773,1003.9867081605746
4.877304389292532,0.4951532663073048,1449.9699744270283
4.835748079147834,0.4780340617632535,1238.1737328443064
4.719643180820367,0.4989568464682181,1548.4644564265484
4.626980391802131,0.4807493431987557,1426.7321726980676
4.766237412115366,0.48435620859803497,1541.2759011601895
5.133316342031918,0.4735036377085756,1273.5820566742068
4.896185101618913,0.4957415962669258,1074.1016280451604
5.1829860325375785,0.5005070406788715,932.1319276335046
5.045219337627671,0.5073988014180137,1055.104098436479
4.580052803979592,0.49020875326098323,1283.014852140288
5.405085750059795,0.5093973238931533,1050.539477471058
4.919728094782787,0.46894244369914156,1129.3587082715683
4.977024357466426,0.4765308647071116,992.2575582477077
4.967726703655395,0.4755053403835217,1069.2800411885635
5.120769780265291,0.4989903599940618,980.2229179475687
5.444532758842989,0.4736022809192278,1570.5784325322663
5.000088820095944,0.4652950627700996,969.0714010775245
5.13743831918389,0.5230003935722193,1350.240688921694
5.103779984920583,0.5252452468746105,1276.1015424716654
4.979710084472522,0.4950103824366835,1115.2906859281254
4.8975359276942765,0.5339645369435981,973.6994709885553
5.320969181553013,0.4459205856204374,1407.6446714538465
4.9316494749970925,0.5241031890164665,936.4907080789576
5.037412340131087,0.4707348615687002,1449.1396727929816
4.747082411307539,0.4938944127813873,1304.7579080855219
5.1650542334299185,0.48080423432430147,1175.8216838397161
4.7716992830076235,0.47283160276928227,1531.0565928725866
4.8568841057627825,0.47961100590442096,1486.0192299590628
5.258949380511783,0.4755031696165082,1103.833866528581
4.944813308996088,0.472579719383762,1012.4898294189651
4.7604440306055995,0.4776357318654611,1066.7742130394745
5.131691171431029,0.5030347069359723,1234.0149269481446
5.020434599445421,0.5128221607628162,1124.522901621596
5.108925903899022,0.4881061203276529,1018.3555887474585
4.769164893199418,0.4716403886153168,1152.370645384149
5.025169917493826,0.48372656810668013,1149.4614767239664
5.327290960056196,0.48233942965144383,1054.5515837583819
5.115161520883912,0.47913029435492066,1089.287557175457
5.079117189803906,0.4978715430500757,955.028593911154
4.954624072689319,0.491354681269073,1076.5275073023977
4.971886192982608,0.48841623868864115,1103.7965473498684
4.781803273319759,0.4767939410730017,1418.2995190681404
5.2356899312812475,0.46358175105302823,1337.9158610574195
5.385575492204841,0.4724983470537388,1337.5245356379683
5.009226051346213,0.453926302689749,1329.1286828444581
4.937865585629008,0.46139780229619715,1222.1776852938738
4.612074469367124,0.4483184323599441,1596.203435219507
4.967710736570499,0.49187470432697133,1281.5542185063848
4.763546109658874,0.4894065483268139,1403.819724072199
4.71499869832542,0.5033007888685577,1086.8932813989313
5.047464705495963,0.5136871709960333,1229.657650671642
4.839525643411621,0.5042593064936658,1130.5202614746854
5.19672376212883,0.477256799321577,1161.8702886523524
5.06311001458982,0.48523897947504874,1241.0453835755907
5.279159793427701,0.4607056980584773,1102.6390057746396
4.762868820417217,0.5138650951404848,1064.8660846714033
4.993417664153513,0.47523961506834916,1469.9868744772295
5.0593763907391125,0.48026767081804556,1228.701852966136
5.399446332520909,0.47540160549780375,1062.8674768378805
5.173808492896372,0.47545012045426094,934.8695255445705
5.227957926484233,0.469020397454903,1821.2991129322065
5.249455980712339,0.46470358488215174,1961.9268624237222
4.744130305114935,0.46451208295581525,1730.0717382608286
4.763610847834923,0.4611832523830757,1637.6327856417417
4.884420583483689,0.482333967934247,1552.306276801533
5.240694712781527,0.5056969788817044,1040.3673437794696
4.838087784901386,0.5015023220091188,948.8298965928448
5.433056541654232,0.48747885075806774,1154.531225987719
5.135856459088674,0.48843303909077784,1211.6210441599837
5.478680380282442,0.4962659507437381,1117.194357639482
5.269341238080207,0.48951031490509217,1055.8194585974875
5.172494362069737,0.4729598652016943,1268.3726275662639
4.774804572710641,0.46551704467554555,1325.6610767737004
4.989354715194562,0.4722753565402032,1456.0173523640544
4.6704165694704125,0.46804339334956135,1473.999010345301
4.7797414027487,0.44869888149537224,1808.9318499269755
5.037520068788324,0.47204625611821066,1666.8336273160985
5.033513469513398,0.45771739464394146,1360.970268111568
5.115386830808797,0.4711413924445316,1347.1783129008663
4.775974939973108,0.45406613995204653,1382.151243331972
4.827608189333631,0.5402267998510812,996.7306182506862
4.739355907310373,0.525996941733138,1010.334060619464
4.9877235302380045,0.5152250527305152,1076.2310198446112
4.824123505409967,0.5395253245971295,946.507375044131
4.931957233568593,0.4676000796141218,1319.916374239679
4.832612704339009,0.4541444571456349,1437.0831737394033
5.670231186951193,0.5215897676862165,733.9676780934277
4.949744230895185,0.4606259641084861,1256.5347534278899
5.021604928929215,0.5055910717911697,1159.3732845195639
5.2044599159244465,0.48839049389965083,1144.4147602276526
4.91951296781628,0.48961898811292703,1504.9902506522187
4.421122852244346,0.5135793013189571,1282.8263317914123
4.449369495470952,0.4940580178901896,1387.9584018536013
4.879390896644313,0.4743901705313254,1320.3618011568046
5.2559735299725805,0.5112395111875152,915.959679326814
4.735458318085311,0.5345857144409092,1188.8957164240574
5.016164937157785,0.4713398753727534,1133.2184513543834
5.119230540718682,0.48466767222009255,1292.1141584145273
4.684219643556667,0.4847105551520812,1191.7685466177104
5.1633281050008994,0.46286475843938496,1024.7446793551526
4.993936322073806,0.45791217943967827,1094.8666467428152
5.434700179282592,0.45720597803619917,1178.8904094732125
5.381500007375473,0.4544257612996968,1073.6756638684187
5.628451377023926,0.4494188125472031,1209.32504895075
4.760963006681089,0.5420994196544247,1196.3665978391932
4.965079760679328,0.4624682915313912,1313.6675122940167
4.98651804619034,0.5291576618254541,921.7397622419696
5.2118190359479755,0.4811145323725289,1122.8200340112526
5.119078293002377,0.5037079520875898,1120.3607174408219
4.701175696899419,0.49700428824313686,1389.9621207560467
5.037754779453313,0.4890272429808518,1034.315861582614
5.297822486076534,0.48811306938272614,1238.4440341360194
5.343676149937566,0.4795068706218894,1212.1835988594742
4.442568695179336,0.4936955101234422,1344.6199417833714
4.334270879965866,0.4866990054701756,1502.1599526642417
5.326406627093522,0.506546778322811,1044.7895706358338
5.44805040700273,0.5118986986979204,1025.2209009988678
5.266094580346035,0.49414938044130136,938.1450338363109
4.706034406948978,0.48870616450080057,1441.8835115403901
5.242245281418607,0.45062835720653693,1506.8619344669505
5.198193243990872,0.4489724864454026,1466.6345543559573
5.030209018171255,0.542431835376335,885.9883762242166
4.581470249267028,0.5301703570398922,1168.195607459272
5.43713172536477,0.4654068608357353,866.0220998566998
4.584423285804986,0.5185100561114215,1679.5774583382145
4.724056090592005,0.49534810438975235,1536.7405654560232
5.359184044064127,0.4794145187738048,937.1405452635602
4.567393706817064,0.5310728829842384,1165.8730248148809
5.320887291886141,0.5315555252400254,922.6243536500126
5.315643396147963,0.5224307725332505,963.5600876521324
5.151435919369508,0.5186740046107949,938.9157651012193
5.118323237667698,0.4758062115696364,1458.5142717140989
5.2230161922288945,0.5141153653055429,1029.1206957830273
5.132432754818363,0.47421006311905706,1076.9920178613886
5.429320471127045,0.5016335232756818,1002.0514665317625
5.235043615036661,0.4922725020434975,928.0278392967015
4.934653410491524,0.4774356369818855,1353.2559490796389
4.876079930328486,0.47708620860950857,1292.853272990333
5.043856194315513,0.4952661892487326,1168.0502448717612
4.707338562864658,0.5291904463319228,1054.4485409868532
4.643414932304924,0.5153568313384194,1127.9639579889451
5.249723597529864,0.4933416853038003,1238.83562184038
5.259810067502039,0.46820457356301115,1202.8362578448177
5.176509552780931,0.46703112143555553,1327.125993836736
5.208034930877216,0.509398250957428,893.9388196278373
5.1533725398348,0.4988630239095709,1044.2630319623559
5.059240666124484,0.5090866851005872,1170.1265487270996
5.033375940854216,0.5113230128012104,1165.3705632612782
5.124538421049645,0.47472623797076224,1085.546234113312
5.3841611153476805,0.4604761713178165,1233.7245014318453
5.861492271169833,0.4561369967674777,1076.0169817289132
4.821606886457895,0.46916125849935786,1458.5503597312877
4.782590646725771,0.5081483943759306,1293.4352732131097
4.476953032542522,0.5004264134202294,1225.719372297814
4.524205451227572,0.5221623534341395,1233.4913232569918
5.151654467046167,0.48450127082748595,929.7844721084572
5.152561609913408,0.5239663784472769,1039.6363820522406
5.153981649657383,0.5190348934699891,1013.8074671446786
4.849487467742125,0.46387469675873944,1354.6964507088499
4.860809580112455,0.5198663710045938,1249.978018318034
5.468683857318941,0.4796119668858699,1163.2776222488824
4.935200471860791,0.4668958479363936,1239.2847780427044
4.8443857417093525,0.4892246558527205,1081.581057943214
5.037348589704794,0.4770743800802695,1312.169817590539
5.131059891185742,0.49875958986128005,1228.2671044895972
5.09187840934426,0.4856845240327986,1302.608684950016
5.178086647111298,0.4590816611531327,1445.8968839391655
5.280116442262218,0.50583085849768,1332.802163778179
5.333988300205108,0.5102559125999419,1368.1035149313177
4.930828704323168,0.505766693212683,1281.8911224990425
5.489540983874381,0.4860577676864435,1225.4136586572638
5.289628696075767,0.5116416108012862,977.1701450513358
5.025581248224042,0.47358838760044336,1096.0870066054886
5.149595616865473,0.4664321871238494,1080.5377998664012
4.9452379681150465,0.4740839321028169,1609.4101785504092
5.025320244176482,0.500917135087397,1033.2476057570682
5.0290727975261635,0.48901640341368324,1251.9435649107245
4.966036975961554,0.49126206907606124,1234.9601143874768
5.245439215572862,0.4317574325645399,1385.0462039760885
5.426206307151906,0.49730600179810186,1542.628079526535
5.563076456701661,0.49197293551009724,1425.735833599951
4.6953506642695855,0.4807726526999237,1297.5123487602123
5.503077566385817,0.49537873860457937,1008.2592054003094
4.542370249110873,0.5358944646223297,1067.6965209079688
4.820765335772186,0.4895506066765461,1164.3128993403163
5.164478622326111,0.501860738511855,1042.4332300984895
5.230436332981202,0.4803946723092444,894.8917718740087
4.839482697357159,0.5121506281092097,1323.7279877258643
5.219325884250873,0.5037677425486995,1180.0717913267276
5.343416201634942,0.4479818598862139,1080.8231629795546
5.134041696423698,0.4442915448279652,1021.5411989305184
5.2196023584880455,0.4674708234364738,1181.5352204838528
4.6821743977609405,0.49698980831629974,1350.7703467157983
4.600527763454767,0.487122201422036,1470.074499509717
4.980742024619969,0.5025620605746991,1089.0082818660162
4.935157425292366,0.4874546359176405,1065.758830682132
4.894817560387956,0.5094154537771169,964.863381260057
5.082523051950525,0.455166595767736,1549.591600260075
5.050042395551576,0.5264834174922458,910.2312030223283
4.952961172961054,0.5200637373389271,975.7761292286096
5.241848228851982,0.45042782232715045,1444.1704672130986
5.091043304191578,0.45404397116770717,1409.8365012444103
5.503020561884041,0.48386503268628195,989.4482628716715
5.334925948988579,0.48622124020475055,1003.2467584274968
4.7412951612595675,0.4980154663313831,1284.1127066724048
4.944216913257327,0.47553447172094976,1439.8674190408437
4.9924067112504344,0.4766066359007399,1280.2309793458533
4.953913932880659,0.4765864537399905,1336.2875906261052
4.970448932861166,0.4852756323262169,1101.9585420288893
5.276835902964002,0.4659276580641776,1356.1248952867436
5.291882742771762,0.4591968371531663,930.9220756005888
5.53341513323653,0.4827123642212124,1162.5348322660116
4.355861035215211,0.484873328927464,1420.3628556631731
5.862501649857226,0.4844638523270683,1086.5120433044465
4.660224858507037,0.4794148465841957,1305.4849680562118
4.794395262711936,0.440473149066663,1362.742811136352
5.11589324012255,0.502863036702819,1133.7817032345042
4.597553735525015,0.49719074986898243,1293.4406026056165
5.146137409006488,0.5088406330320934,1061.734558924257
4.862997367546149,0.480525332658665,1495.9276659339293
4.7143264938853635,0.47152937101890424,1929.4874385276812
4.459048647908446,0.47604228614870464,1645.4796299117404
5.428967503547365,0.4794187323379305,1157.5011416678485
4.851065928357449,0.5223630996060383,1093.2826317063877
4.866964474406698,0.5204513952511959,1051.855011356092
5.108708442136791,0.4981766569126678,1047.4875156456496
4.80692490983857,0.5064572927032517,1174.3068164771014
4.9402455909789325,0.5112813176939918,1067.849091123022
4.949178822258693,0.45803149859382725,1608.700258984954
5.034324705967854,0.47608721455609687,1489.4659478205865
4.890179853959127,0.45880512795662315,1531.7067141958298
4.818726670397481,0.4485892842603136,1576.0039378795957
5.073377264047364,0.4771684182294551,1327.0136821230565
5.220904536303212,0.4645534278303379,1398.979222067836
4.549780434408976,0.5369537934906724,1028.7732219348397
5.368062857123081,0.43220169572970474,1257.9833289876253
5.701914496077311,0.4507693183772148,1403.929897995184
4.5175820760923155,0.5235296697751376,1250.8147691550428
4.534106703551986,0.5119901976928444,1255.5363590826446
5.267459014520597,0.4769820155671955,1420.781650785529
5.083385787787157,0.49221582099536304,1525.6785295645032
5.0606769046747395,0.48094546899075347,1532.9071108396565
4.436954666352752,0.5035651621019758,1323.9282211377254
4.729768487529305,0.47526301154936657,1378.416767640154
5.280743858913899,0.47776977279837773,1283.0109999698896
4.630820621937312,0.5455258897170496,898.1759837935831
4.6474666446869755,0.5197597968934501,1280.395246686251
4.796016770953206,0.5315916162665485,1298.0779190368935
4.648228527397199,0.516458039151397,1278.886005629835
4.791136088834001,0.5107110058284015,1215.9287935900898
5.407538407767256,0.45120407733323087,966.831833671979
5.550739833062353,0.4816687628035216,970.4173889123493
4.978641898499452,0.48914536529780456,1231.1115933925269
5.241701427355461,0.48749548085994393,1010.9128469263162
5.7060310632090365,0.4593189106630982,1232.792463743659
5.007605772610766,0.49589773853360775,964.370007904095
4.861232966551596,0.4822489284385789,1252.0995145736456
5.170229450400071,0.4990319341897682,1093.0186107051004
5.022712484097069,0.49297776030776375,1288.991861029254
5.034778516250738,0.4672024746039176,1279.4739587457334
4.929357602567089,0.5052608446363469,1238.551788759181
5.417581613558261,0.46081137849855197,1338.394969204537
4.563058924994897,0.4573932642284265,1825.4525642975925
4.631884772153084,0.45648956896368814,1701.5289261227013
4.655227149576329,0.46102646468588876,1585.3599000036174
4.448460243878858,0.4543479613127895,1445.510383678441
4.648234785511896,0.45953886992928383,1428.5592640888115
5.512675715709081,0.45129864930276115,1172.931009710779
5.319098923884154,0.432391387284609,1660.860953692124
5.350275039452767,0.4396327208768506,1585.2099889189515
5.835283533381103,0.43093280448602483,1255.7997851299056
5.200767796484785,0.4409649190587812,1503.1281604699316
5.521598414110524,0.43242749929920643,1587.8954125210792
5.231677188465394,0.46805854266836044,1421.492833071808
4.942499663490486,0.4980106523595967,1062.5699036032208
4.944399919751784,0.47672401366707345,1120.4659566071355
4.798708883684449,0.49073823728242105,1460.9084440680833
5.041596541298203,0.48566340397845076,967.176502209329
5.224859380603107,0.5307104545304397,1147.9048329283482
5.052141754862549,0.4875984352887977,833.5518783769074
4.701743917111544,0.4998282508926184,1450.0155197874567
4.749026312719049,0.5013786398549318,999.5452057664031
4.814342273282788,0.4963634144314047,1031.0855662978847
4.924996297465822,0.48399981798693803,1215.5900564186177
5.442774327547478,0.4906544198923549,943.0203579809913
5.2770786698159995,0.46751383663564844,1157.0253371034144
4.704945425998035,0.5008221882881786,1420.5231365047937
5.45955422753315,0.5033275404235158,955.2172109019381
4.640004864623219,0.5163865612689685,1049.6684355991213
5.413503617547471,0.4763498755487031,1281.9854775234126
5.552779988000441,0.4660107901384783,1264.3532697122969
5.1522090758096155,0.4430999114454764,1074.8258548262088
4.789531777516306,0.5261322358919364,1436.4815002766957
5.781730135950937,0.47347783347521694,1210.7048989052453
5.6065750080385435,0.4594851525315616,1078.2903853991459
5.277126350387979,0.4545721923516865,1133.8592152450017
4.82176282441091,0.5119780369352025,1369.275184639042
4.771359328621077,0.48486953186651477,1035.9883820633095
4.994734240653371,0.47172625349065234,1096.3807722206182
5.202263431692121,0.4818609056842402,1077.0593078458846
5.161226283352013,0.48807279972226003,1110.2659039557682
5.218697652809061,0.499374513420572,1258.8568160279974
5.190740585007338,0.48304409405305426,1166.9697126550318
4.764208858666038,0.48635583586751563,1198.1631815187434
5.014560280998779,0.4525522516935851,1341.825683179396
4.892494404228385,0.5140102748593876,979.2996882013017
4.634756120575147,0.496592275531987,1619.0437147442974
5.361884659969347,0.4846324356067368,947.4328692141022
5.372243742540503,0.48517321219309195,972.6166545330236
5.76479482449332,0.48804522371617726,1038.3158202884988
5.536450030596374,0.4841152448504949,693.6958715404293
5.418214117151059,0.48892524558468237,760.0189732189687
5.418214117151059,0.48892524558468237,760.0189732189687
5.61309392261901,0.48234385642218885,1028.3048598034034
4.870228803349393,0.5057500724514127,1030.7028960712842
5.002995299898579,0.5124960706011912,1002.0803615618856
5.289627093824252,0.47766064958117205,1131.8721939312495
4.9691720268895425,0.4639585580224699,1150.0621866713898
5.144972514967234,0.461683395559212,1134.2116536308315
5.223784119363231,0.4672526545865569,1231.6535942041241
5.264109017397852,0.46551079631103276,1201.2290065220166
5.446592491718931,0.46017090508082326,1166.1766894978125
5.453419471427053,0.4684368323106115,1210.5077973819807
5.371597914223141,0.43375202270552393,1229.3523710311733
5.041348887150989,0.4815146412216055,1178.6638684681743
4.969898030827121,0.4890107383609462,1273.1521204542616
4.778926587239139,0.48722252561955703,1331.7811913870237
5.250200583200479,0.47255218225992707,1191.1216930434173
5.12186431618953,0.46880068443760814,1248.076167989214
5.3221253015006065,0.4596833906442647,1319.3040954139435
5.468825735918388,0.4348351757133366,1053.5559564022028
4.873106381198781,0.5152542648172638,1323.528436190011
4.9787913254376255,0.5152296607039502,1301.127203083506
5.061621217696142,0.4846009355417624,1104.6040381155647
5.061621217696142,0.4846009355417624,1104.6040381155647
5.4812596356054115,0.49222711522279705,1140.947718303518
5.38095883990464,0.49514692419234135,1098.7394675976586
5.1460067815307795,0.45528329832511266,1135.215047114214
5.254869933443254,0.5159370300932772,1023.3212744819006
4.660923445297782,0.4801002972555214,1403.5597019606694
5.64092731323323,0.45986047173110656,1161.7545174580052
5.5623700916784715,0.4530338135852352,1166.6616481096544
4.725294859212676,0.49697164424244983,1423.5097040564563
4.648777852727997,0.5056262700418328,1238.801841719347
4.954000534789928,0.48789887246964964,1255.1644671573354
4.77826881608417,0.5177048661546104,1102.3171372037266
5.401008277811539,0.4707001662617644,1215.8931961583257
4.882856178068729,0.5267722575410823,1185.5615065554705
4.665741005126581,0.4719064659761129,1376.5020468261114
4.888289079645451,0.4863164988556094,1463.624476274659
4.868241596747455,0.5020392981196204,1071.2868759150563
5.062250416032651,0.5154381189923464,1283.6061762620636
4.851772963632036,0.4650554511930248,1391.5051337101922
5.149875690821625,0.4734377711934125,1367.4781046430728
5.062096402363763,0.488674739142874,1068.7894126155632
5.078719557128069,0.4730627805731539,1283.0701529811643
5.170062812947045,0.46405153786453096,1149.9725430152612
4.915678921843275,0.5119813899723138,1177.2436496614466
4.882455461498164,0.5289388419852209,881.721033898064
5.256878965452872,0.5352809764827947,899.6237019428748
4.574516451191176,0.49447463324491814,1386.5804840957353
4.535229125761233,0.49254949386899466,1288.8778992876898
5.309704550743863,0.4773458792143774,1322.859767285503
4.518987871682054,0.4931942306110377,1118.8847518535688
4.921558264001273,0.5168277286001735,1116.1196402602402
5.150792310774207,0.460246341775012,1376.493210823653
5.190035439002367,0.4620196886679557,1345.942956936933
5.44342317642877,0.4586068295509555,1157.3223415309506
4.75818668158392,0.498188462283271,1365.388657533784
5.08705576335459,0.4758463305830366,1134.6973374814918
4.858912734721934,0.5034714053094588,1291.6981891502694
5.005447403853444,0.489165816530721,1073.091530455637
4.9616951109682255,0.4760852834365489,1053.1255204274191
5.514541237117523,0.47252202999151205,1182.3354185686858
4.8017676184861,0.4888671354935258,1048.9548579653258
4.65122322921601,0.4796638159803181,1454.3915804846738
4.923577012889494,0.4801258983202904,1303.1218870960508
5.167929950647845,0.5252341070465916,1259.5556777290135
4.746911387639284,0.4605938981100533,1340.7623692394561
4.933934254750215,0.4792552425061618,1430.6616042644623
5.002764842693104,0.4977460339667802,1300.6328130886754
4.77951346391089,0.46864303926680656,1448.0382943368195
4.935619576065085,0.48382412864479885,1513.6577217578479
4.661709839285176,0.5024707247296093,1141.42979613126
5.341221192492671,0.49022453225749263,1207.20325897891
5.396997437063396,0.48325901346795586,1089.7451279988336
4.944537505748572,0.5072966887071544,1637.3918594290726
4.72647432226226,0.4476721218925601,1663.6178220472939
5.0697848136547625,0.4729619750243186,1056.284567987471
4.920748904122178,0.49646619697083977,958.3469042562061
5.078299952943792,0.521905342949828,1124.7145674903688
4.644946459730737,0.4827161491511797,1450.6600721264272
5.053551353816243,0.46830099906741846,1425.0330762414715
5.212488905938955,0.43118023766883995,1392.577001547793
4.662326189496351,0.4951930519305503,1394.0586291154507
5.132895096655091,0.5043520623511498,972.0758392894129
5.102029569238091,0.5030576219614024,1049.1573208087682
5.062621784023991,0.4775639593013965,1423.737629731334
4.8774701016384,0.4590108227048519,1224.7783589198596
4.927235250615697,0.4871842481735009,1381.0966819211021
5.102560659599834,0.5002974600055797,1296.4988840000058
4.866970200172891,0.46746081943230783,1240.7448531708606
4.5873478337500835,0.4911478175614185,1208.3486351555412
4.622447863070506,0.4938652179820908,1184.9135170257457
4.948178968431439,0.5171540272585767,914.6370263988592
5.0147815904620865,0.5349551456417543,870.3397848216059
5.30232311457427,0.4730955520240343,1043.180046551599
4.7193522357049495,0.4974450308679583,1415.7728761319727
4.552088448685611,0.529384917508878,1387.228032052731
5.820678429737244,0.44704527373153574,1083.1461419891662
5.5491103888713145,0.455701567893705,1111.6123813435233
4.96238107076627,0.5146467511627772,1262.4688541459484
5.212735058713096,0.5106495439514998,973.5850276930879
5.1771595049425185,0.4949500470877451,1044.838557208284
5.528343012418716,0.5145564601553146,878.3694198445462
5.066807669663727,0.47633587842740577,1090.6418756707478
5.507462082712725,0.49048763153027203,953.0394852341897
4.93751088534746,0.47886764840870577,1260.3627010300152
4.857154877431699,0.49695305005933044,1318.0867603924582
4.952148258244551,0.47283042785424034,1414.0616770865302
4.8314595904935045,0.4708268085456311,1565.5225406852494
5.0697349168625205,0.5032894289784476,1169.702296480064
4.863468681886898,0.5038467625217005,1016.8243302686398
5.337575161648485,0.43498569741031246,1521.9269044531575
4.874300879465968,0.5060308773638904,956.6118834787729
5.36166899792528,0.4906211992655836,1194.2624678023149
5.284628076567541,0.49998294142629846,1233.9623063271488
5.093182791922694,0.4996337984053476,1157.2562154455056
4.871414990342801,0.5091791155045577,1186.7135745390972
4.939581208399066,0.467899234201917,1376.3224262263439
5.185653695062997,0.4757231573448275,1342.4082710296202
5.066880026095984,0.5134267663664921,1022.4114298987572
4.934866801744629,0.4676683900155881,1121.9599826908839
4.733921962439957,0.4686994098427251,1264.08758442714
5.496300416795864,0.4867717203084707,1189.7196131161784
5.032670909619692,0.48048711173200304,1033.0121288543376
5.244604403701338,0.47160947040887785,1072.8263187207383
5.08354061974794,0.4816801587967075,1391.1071710088902
5.00637351601444,0.47690565832049525,1460.9981760452263
4.780617546104572,0.4704672783872923,1484.218109208303
4.982545287608209,0.48990429771645216,999.4662171842942
5.117209863305083,0.4872813378625753,1048.9125997631513
4.835925282136975,0.49248198698754764,1136.5778813246109
4.89315750619387,0.5068641065243482,1257.2481844326385
4.820291663785552,0.46456807742201867,1030.7714573543
4.854578939270948,0.46465058155991734,1027.725615740043
5.090763074334402,0.47918209576207393,1469.3629357530408
5.219261289904722,0.49167192337059784,1475.3655489021228
5.218780721940612,0.4734974250733431,1383.8653778137075
5.216515928475208,0.47898066249660876,1317.7679443399588
4.852248387350376,0.48671055059985935,997.4209972532321
4.975025729151476,0.5052416691767926,1240.2713546391908
4.748929618231787,0.4818942085721511,998.2481837184973
5.164749563893635,0.4902167904773162,1080.497545123721
5.656064129435499,0.4381225127496309,1026.9151086344189
5.878771619575343,0.47039208935033594,1080.339151137835
5.370806080896805,0.4992768944377641,1182.5589572476226
4.958609790365962,0.4971045953008604,823.0537673284974
4.863463314296185,0.4486341885533931,1524.515653749911
4.944697037319895,0.4818718373138722,1648.8842591890107
4.856319728170647,0.4737138115900959,1494.4278811493941
4.668708458013547,0.4905105242278518,1378.9226213913191
5.146334676319218,0.5133672734863561,1139.3755426674145
5.284384570809643,0.5061823839747479,1174.4078997959446
4.881117852298649,0.4609345109051011,1623.3402668380913
4.527623379877322,0.5011721108814657,1560.9718775297379
4.820526380026493,0.49426679604829366,1542.6864191961758
4.894713118956839,0.48726781447227374,1427.9346476026583
5.312116681532797,0.46646922497267385,1229.4749467551876
5.07283055585731,0.46018290075870116,975.6348723335695
5.424558270342945,0.501626448789944,954.5100331828414
5.397375449247641,0.5043190101378021,892.2446687087789
4.89076498443026,0.5178941660972954,990.9352985053558
5.054029629768147,0.5168433070054711,973.5853676601907
5.198498211987194,0.4679107370156103,1307.4143368746177
5.2407340413020345,0.46852296611478506,1170.954023933008
4.887036917702526,0.49090589665269296,1397.6418220223743
5.372059065547091,0.47773626087101445,1009.763966023328
4.795604790067016,0.5051842978317825,1074.9236804636034
5.083924796239344,0.5162184798167175,986.1699544877532
5.287342329018158,0.48475051026683424,1005.4738618722296
5.083866430514013,0.48967602989633174,1064.5881575975416
5.158373181010608,0.4868994641814195,1012.67172406973
5.573574980477857,0.46865244916948356,1045.5429143897056
4.456073610922811,0.5046803634188607,1486.6060904724166
5.029501756031592,0.5073234590782135,988.92208970282
4.962307503273752,0.4748708609283016,1498.9706614223865
5.26541325980484,0.5102717836211079,975.297106826583
4.967471476729406,0.5387009308478212,867.6126291433899
5.059264889914393,0.48573185054320717,1235.0011629204982
4.991547940209577,0.4942483237950782,1070.7976031612604
5.031476303158176,0.5121990248784326,1158.6264766959755
5.158210411092307,0.4918784940783682,1450.8073839734325
4.885376976277548,0.4751491759422217,1541.693333177149
5.171917214552422,0.4850226524836853,1340.2433622545348
5.362856125239184,0.4902424256720018,973.221568095857
4.901139299357479,0.4814320860081923,978.4614776520574
4.8265229396186005,0.4821791778490964,1138.8757055015735
4.910528325406847,0.47068879076552217,1379.2620829785772
5.6504567081573445,0.472202218757584,1124.2478748282335
4.611211217086699,0.5133718169693738,1239.061873023147
5.430459307182641,0.49311564384778556,946.0835088255325
4.963280361240441,0.4800917599207492,1165.6861465647548
4.9084564847548355,0.4762880336270895,1315.1956495493598
5.164102398480168,0.4801267991314521,1258.7645159699944
5.596112286082327,0.4758129088321138,1159.0103639044264
5.173878611933188,0.4743449257523694,1131.070161261359
4.945421794961037,0.5054348062658887,1061.301449410924
5.1761566317351715,0.48931703632136503,1092.4931435174092
5.124775072443956,0.5105129484888649,1176.4042412745089
5.349616706294737,0.48563852983592004,1233.356663559476
4.914376799973368,0.5008116999885854,1234.1431387988523
5.0668914866343195,0.5073833482866467,1315.7226034517535
5.122936812703708,0.49298738521477986,1332.5949556434837
5.256676383859856,0.46873053749241617,1484.7251047273244
5.077122557290782,0.47068470316504585,1490.5354599360123
4.321975011319136,0.4664282321085736,1271.8913923466284
4.964425884414653,0.4797999362623933,1718.6459126013967
5.033899900381289,0.4667765459238424,952.994565275173
5.1600950581606035,0.4724739133276085,956.0977324273448
5.130464436398031,0.4652608401318322,1615.4079087216405
4.614591475498267,0.4814865398790375,1229.2181868540745
4.69741882072796,0.5063040354826296,1313.7666380909093
5.050593479200202,0.4588809378446685,1459.564581383445
4.859264132655283,0.4539913313658531,1505.5584077858725
5.309516841935774,0.47182002731060024,1281.6705507949343
4.809934113811815,0.5067369498232567,983.8574737732415
5.812263001768829,0.4597095547017498,1175.7986128012049
5.622164265309849,0.45850633628240706,1160.7928086040006
5.624552287373962,0.4625380789608056,1178.5589497919782
4.832461414552763,0.511490125792274,999.5767401297758
5.436314950867648,0.4616432455084973,1056.0126264342614
5.679498500922607,0.4851525479536372,988.4863274989855
5.6042718350358145,0.47726068275500344,976.3759585345779
5.169288066573603,0.48589140367782213,1423.4081541529758
4.932590061711073,0.4836371380456159,1147.409078167887
5.390760673906923,0.4632008470948956,1197.7874323444169
5.379077537735519,0.45037374936176844,1365.8221144246845
4.491013324401449,0.5239940613503155,1133.4814987589853
4.664010745684362,0.5151529093457078,1250.997450736327
4.830303494242457,0.5053847637341153,1098.1153741504695
4.957202973608495,0.5056393017622073,1192.1844379477143
4.841113431777998,0.5014864933262343,1151.479447948913
5.318105349955379,0.5043003787534251,1165.9332211069088
5.137948980874374,0.5160787749407949,1164.0154922941829
4.631487557959918,0.5070635824023452,1170.3547430418491
5.142037308481699,0.4854798905426895,1283.6914113626008
5.538067325033961,0.496440533920764,1086.904008298468
4.674958602680404,0.47452946081258623,1234.540459705131
5.3737455780307215,0.48195734031530085,1162.2980717502048
4.575270825248522,0.49832536624509194,1280.1622438965146
5.034132927869533,0.5202086435119989,860.2158039985127
5.047323595866717,0.5060667708529606,1072.299043674679
4.991238139635376,0.5072051947205056,1069.6948705249567
5.160123829558803,0.4801283089329724,1052.1650458420286
4.954138219925036,0.46555981661557705,1498.7090580293304
4.494138466433472,0.49070168197328434,1901.7797055362723
4.526250058889901,0.4925212727939144,1993.4510209537616
5.022967683627992,0.4839274316575191,1022.4108670787696
4.703635774954957,0.47184247735683615,1408.122013055163
5.339150601744458,0.4662896007631073,1408.0212710017763
5.0940168565150055,0.5128617290122863,969.6419168621204
5.14073259926517,0.5192000438740699,1059.6327887834955
4.8076560147323955,0.4818225712565313,1169.8372850654087
5.56405969473841,0.48658984072615613,1043.5106366828531
5.262363837338553,0.47696766360697584,1126.681793803468
5.431387394211449,0.47366010456746244,1069.5021355644722
4.829607081795059,0.49416543208817537,1353.684931754305
4.796124272917448,0.484955692352003,1259.0737258475372
4.941860796283567,0.4898335157951816,1195.7924018171273
5.369954898160123,0.483377493231607,1216.3992980616404
5.257186591746813,0.48092150072578255,1233.2156308588633
5.236581800552667,0.5268793651237821,938.5327450135662
5.400741882322499,0.5005208212120581,954.5329708666029
4.974625344055479,0.49161673690419544,1256.8414890076956
4.512198090121971,0.5251248897515715,1223.4879472018542
4.798747285798716,0.5255700159505781,1212.316507943581
4.924539025274515,0.48960459974228426,1077.7941751408023
4.832384151121361,0.4926025133793995,1138.0085086300737
5.4627866274396455,0.4647393287901426,1268.2496494768363
5.766586537734744,0.4598453143115794,1003.092911898037
4.872516979202556,0.4791978853853777,1082.1272831596275
5.117224678415989,0.4615188500786825,1660.7145572352952
5.009693962063987,0.4990277226688771,947.0091439905977
5.023715728488544,0.4990148355156141,1015.7327643133683
5.148770067794345,0.479259384090479,1253.6624556816594
5.062026354999318,0.46647445577696717,1165.1392477982852
4.725666938965578,0.4719978210734975,1542.9554235225298
4.831925253977875,0.4763217480909214,1287.238204225184
5.056736386281317,0.49246875940368917,1392.2950455045534
5.072535179161275,0.5176574381113571,968.1176297591962
4.964286457382499,0.5125564665698363,997.4575068425826
4.955097682298973,0.49044358177898023,1018.0848122176876
5.158978678796475,0.5164701481596843,1084.3163670170425
5.20754887645551,0.4758611239840616,1442.001977794177
5.005281309355241,0.4839166841667699,1272.905690122624
5.124485791094026,0.4836526550613152,1319.5597653014352
4.701082636260032,0.49302006143963234,1048.298213816803
4.655850625781817,0.47165939735425283,1591.6368334540282
5.247431939088493,0.5281678297252324,917.372332562117
5.113585470017437,0.5084450682511857,833.8770914859043
4.971558104536773,0.4525425764933597,1345.0034642597238
5.254178472712525,0.4541023362166615,1357.801085768889
4.949907161938229,0.4921323038219933,1247.0078702811957
5.117943618192861,0.4788479949189377,1261.1158681972001
4.783374832543501,0.5118066942036986,1046.2479629832524
4.64440150708935,0.5241321618795765,1122.9743962569366
5.375908207831653,0.47366465618475195,1037.0793794078445
4.715874720138401,0.47368192818093685,1604.6187908440827
5.011998632040606,0.47870637525816406,1421.4897048035994
5.0064636384036625,0.4845090897091508,1311.8497654929624
4.952537522753774,0.46375345542264534,1278.6133600538717
4.85149297380498,0.4580945024371428,1262.3410989014126
4.791667410109424,0.49648027985683046,1159.4980355269422
4.749291961861217,0.518557896784634,1390.6424429705294
5.089807348433795,0.4690163498818182,1075.0772103642964
5.209176685512678,0.45935637747573077,1769.4346759971663
4.856461615752169,0.48206088088194254,1030.711560179427
4.867920295650873,0.47558310271265275,1034.7216606752575
5.082540831108323,0.5180436985823784,1164.909505392786
4.982764588802522,0.5279265244054695,1248.4732593653275
5.489921497019863,0.4787835615431816,1288.636591654479
5.305128043767916,0.46904685776889343,1107.8286131386844
5.218991687916767,0.4424415977147306,1321.637751702557
5.668728073498679,0.43564658822131275,1286.6906342307725
5.480608959703048,0.4644032941409654,1197.7772689951644
5.7937149900911455,0.47894280616201534,1215.0164320210945
5.064089020474768,0.4435551031311025,1104.3163560958747
5.317444715440405,0.4329603683289707,1253.7945882190675
5.476736052416445,0.47224460640068083,1081.6118133434406
4.9390594189966395,0.5008804117937089,1097.2286888256654
5.228255710984565,0.5028004915766843,992.2360118872355
5.4188302603068905,0.4814374764871636,941.0858027481238
4.82968692426387,0.4641041671917754,1259.7843741592098
5.062649521504022,0.508728530671257,832.1343302188859
4.996813255901588,0.45875657582564133,1706.769366616977
5.242464064880175,0.525373276777646,1261.8271381217075
5.023702309854341,0.5093151401658205,1130.6751794605104
5.054650507556284,0.5062458432697496,1121.313916541853
4.913014123085363,0.4986182669358501,1070.1740227839084
5.041221478892597,0.4843805580439627,1066.6750480135631
4.706822151044631,0.5017204675871194,1067.565078111735
4.7210292637842874,0.5058753054007816,1093.9147821340898
5.432291423019766,0.5163374511720852,949.5548539212946
4.762487345182669,0.4757116620378278,1229.154946007181
5.288260714058561,0.4919665025128375,1235.2511088653262
5.156629731600638,0.5041272281458812,1314.0637371384178
4.994479240560549,0.4763127362533419,1248.9934560900024
5.288982924908019,0.5072957495065232,1347.4335696079593
5.266850696778123,0.5021047327223657,1078.1171598092033
5.222392707925578,0.45188436257885906,1185.7123168268631
5.352975044602602,0.4571404482324867,1618.792056461074
4.736628152958398,0.46084435169917987,1335.1966916973454
4.822375352685613,0.44916320495430845,1346.333344955342
5.250016433105062,0.49772848856975266,1301.0763165203502
5.103906502489681,0.49773819409759695,970.1305939381415
4.738964239716683,0.5135765175811644,1379.6643698646717
4.653434845265279,0.4740809338428434,1375.0546348267935
4.773027486597433,0.4729034668601647,1395.4421530209354
4.926304510358512,0.46066371644851156,1572.2852963695316
4.9674279332648945,0.46258230376846315,1674.885413160135
5.114387359897511,0.51797954213869,878.5412742953343
4.875561413648688,0.46316628807212856,1458.5669529386944
4.836627517564612,0.4579135998400534,1732.1453900022593
4.706805553989855,0.4950742454660634,1478.9726135434253
5.297703487715507,0.49821389795528004,1040.601149253464
4.846998578133803,0.5125210474025454,1126.5536315355457
4.537827211341638,0.4817688286674667,1581.0964439455913
5.278344389317559,0.4905100181036929,1113.3390899648061
5.083228731342443,0.46598933248900615,1282.9052069842178
4.685166145990301,0.492420808877783,1126.319996323186
5.289713947113572,0.4795210245477501,1382.2119847538129
4.982348419374694,0.49670510194946493,981.2441166164506
5.4966698314379565,0.4848748929503044,1125.9904154891888
5.2617771651038,0.4811732202555776,1089.3309810073526
5.03939137324954,0.4974468543099268,1101.4142859491008
5.247865619272936,0.4923731139821163,1042.0357136980442
5.1471971775117735,0.49807767130622893,1147.5330661972355
5.305203924339642,0.4771487287620863,1103.0829885804776
5.629368081187163,0.4681797444370578,963.2760117734553
5.198831772758787,0.4990566148376235,1084.7419414943145
5.230817837282126,0.46950615786599736,1035.0641701726888
5.014036542137256,0.49288389159019985,1087.2380755649197
5.2257687914435875,0.5001348636068431,1239.5368549694874
5.096650919086285,0.5107168582122865,1195.8990629746156
4.839519474820718,0.5055492670478337,1056.2670493211378
4.978982134182506,0.4905445287847309,1035.7655769993069
4.482894960897147,0.5141638735616382,1243.9720646460207
4.615623151733725,0.526561524436319,1367.682566681127
5.24062156063952,0.4555281935151323,1362.0286790394994
4.706458888202709,0.5126935484795144,1097.8995644577972
4.984405681280553,0.49506498644369656,1241.6393050150002
5.050763282006449,0.5082501912603435,943.5662280787906
5.143674610396904,0.4945031024285121,977.2801236839683
5.002317714961087,0.5138553896818439,1159.0257704132273
4.966817798313334,0.45676933144613574,1430.1778282658292
4.916935731693487,0.5048354221800063,1228.3695192599905
5.024462129287452,0.49956420501617177,1310.261038458954
5.08545503854444,0.5049279536950433,971.6639071640492
4.714312686252009,0.479083399162289,1278.2022097982397
4.832534774513258,0.5033953920483019,1295.1687036475187
4.901634979564357,0.47874792659391124,1144.9120405610531
5.125546764295882,0.5196835107844202,926.3018692255646
4.976388547136645,0.4691842712346814,1437.8337228615892
4.757173520330355,0.4879478951227782,1397.867414809919
4.665090517923185,0.48335654590353666,1427.1813484957838
5.590170227053883,0.47716795630072734,1005.7925180426184
4.814329688107268,0.44780240713836655,1163.416978083533
5.374437009018404,0.5063560334310995,950.4606035820154
5.512917373231871,0.499182615732552,986.2155598472209
5.316596192994473,0.4964704678048318,975.6194052299124
4.77580290020613,0.5046055562701102,1198.203826057953
4.973334898604112,0.5016877974905343,1150.218887516147
4.725431907463372,0.5188933088193983,1032.4171272621384
5.139993880054335,0.5316297976835023,1041.42716858753
4.845602269508659,0.49215366973933405,1202.8148088423254
5.033505098588996,0.4894082487772098,1181.8274810951996
4.859627947963036,0.5070097711935374,1161.3076056588654
5.295326193298844,0.4885578697008778,1004.4889632112856
4.928548616243999,0.4586419373535342,1524.4130301011874
4.982242126715569,0.46775231121040634,1427.4641752869882
4.939704789877177,0.5027363782659274,976.7533728327375
4.969767067665182,0.5261136815595563,1167.3754302762038
4.709115598775938,0.49800410303690507,1196.1515918395012
5.021152317719958,0.4906889200981815,1326.2079478099222
4.640153034092695,0.5471849096783823,970.2211729636441
4.494544538984924,0.5236005753108343,1013.3890876977329
4.773757350382892,0.5667113743790284,1189.7919766717525
4.582515799771451,0.5589685844571277,1118.1940929774053
4.592850267651724,0.5531122711355412,1098.1297316644022
5.385751728465432,0.47637740531462003,979.1339801340058
4.940891428278152,0.5137712334962732,1328.0455295994882
5.056565323439389,0.47317498182912293,1119.470624021099
4.839087397644945,0.4920475082185287,1091.3729100837163
5.068768708822332,0.4666042085048903,1174.4948766162224
4.797415025983232,0.48377893582393455,1217.9421263371541
4.740416959978627,0.47733294770119744,1165.562704933819
4.807279264092557,0.4920181551671032,1139.0854047478858
5.628989619728681,0.45625758682083484,1093.035970683908
5.160033087066111,0.46867074604557885,1303.0258594523286
5.663878997138144,0.4585081113685437,1219.9473896526401
5.8031975313492445,0.4645972044557033,1392.5403318342926
5.772986082719613,0.46241796386585327,1395.804378582577
4.875120368317251,0.5514956387269038,1248.841793286855
5.705593694883149,0.4547666260915623,1366.2352928512755
4.7108648150657295,0.4718116337293781,1206.517617915242
4.710371600936129,0.4830819034799538,1400.5381574011838
4.958125659623665,0.4815377826140516,1269.838353524214
4.93066207422978,0.46707836794368945,1191.9662696452267
5.009497649819809,0.4554409793685716,1242.5569834999847
4.9804428865585475,0.5289525157500157,1051.384635834625
4.610552786702702,0.48300708224474287,1331.8372118928103
5.323300443997922,0.4869094865246192,942.4659598426672
4.875000156170879,0.509946334049599,1591.4592684521408
5.153598085844979,0.473135982543118,1169.7800338961467
4.888067418231339,0.49785237212608324,1152.517143088462
5.446652949530615,0.48775346801484953,978.781283041302
5.137651339466702,0.48464288189479365,1242.3803049648209
4.939564298096219,0.5037991598924104,1234.7182453142225
4.984013276154979,0.4963662100907352,1215.6839354447718
5.003409729107619,0.48327809767054536,1214.6057194366024
5.332654799242711,0.4840062631986917,1143.7727479666023
5.028296809695064,0.48015083381196916,1126.4535431780243
5.173959621066627,0.4930910231613973,1250.5788153304736
5.334016543949411,0.497475508716304,1110.3413702561786
4.9052636151305915,0.49681115472794835,870.1127568644075
5.14436579331492,0.4733830220328494,1751.4580647912148
4.857116136044058,0.46145275443000827,1276.5144309723905
4.930008285091998,0.46355091530968784,1256.9377812760704
4.712176781269253,0.5293492099985597,1112.00551903843
5.679809793756475,0.43180197587416713,1253.553448816284
4.381407705752059,0.5276541848234328,1138.0209792817193
5.877495772520537,0.4460299504739726,1452.520038061671
5.015960396345747,0.5012772684608516,844.0778168706673
5.076116438548021,0.5186298250106167,1136.046901844483
4.809056879482815,0.49172691122633144,1079.0463410885127
5.168040495512513,0.47760539226600646,1074.8967551427545
4.8732295533862375,0.4850501698294838,1122.2422601354801
5.032929723095173,0.47158461653210754,1016.5757002371337
5.173470265670142,0.506396324514206,1108.3311180575906
4.812771085761742,0.5105623550316282,964.8194139670348
5.147182118618622,0.49401480746926973,1033.5012133924886
4.632469291993947,0.5283263605211441,1169.6391010504933
4.7480229000998095,0.5270873232160808,1020.4021220325893
4.685683391442472,0.5173519413165422,924.5333082996693
5.054473389239432,0.44270509714159834,1374.9287731330496
5.281461839611663,0.456375438704164,1204.4055623206445
4.668093569720444,0.48633106263758213,1231.642658336004
4.711742206487758,0.48943802866484215,1186.4886984442526
4.7738403285006,0.46130699257198,1613.0054839681502
4.806947206977099,0.4623202557568361,1523.9646960048674
4.788840046911257,0.5206543926981653,1034.7559104214304
5.011272276913188,0.5109729987424173,1136.8808067262826
5.054771367926354,0.48614369771009713,945.6495272124376
4.634379484164541,0.4890180962489217,1365.6538638286922
5.275056229665384,0.5021913831701735,1006.7092594767514
5.138191009976092,0.5182262652521457,1060.1280324519155
5.245069680342363,0.5195402868119805,965.3239611753507
5.016974426739998,0.468610343664993,1319.0342890156135
4.821958179000433,0.5264650167551612,1052.3101434107086
5.1855235618435085,0.4907254827134837,1207.2448188354692
4.727910470447398,0.48865720561802994,990.0087110063662
5.090239309530148,0.5147547252131088,1062.5876535152295
5.088251560461165,0.4942132606384341,1014.640457678191
4.7237309410519455,0.5242196759516734,1019.0225842342436
5.491904422864412,0.49666426435227995,981.2520079278203
5.216150435602179,0.5159880648969392,990.7721559553933
5.484819962388073,0.46309101331482183,1052.93595899538
4.857486822534951,0.49906101214561305,918.124752018313
4.94863383099421,0.49256116391176735,1323.5428660867642
4.904644872543421,0.4834544219902292,1279.351129161617
4.88035578269589,0.4722515946793608,1449.0456165350367
4.840942690399012,0.469332732226816,1356.7882313921414
5.434991398064045,0.4847566327025209,1094.4256807452034
4.6122901273422245,0.49020293793560066,1196.7865819015553
5.431306353233418,0.47127450799175075,1307.2830943891727
5.005610234142227,0.49238595410296426,1134.3518370683278
5.160890766714469,0.4718894792042657,1050.894142032953
4.949629547179972,0.4937779001340017,1197.6667664684765
5.041673142160541,0.4706729188445819,1279.8785423872307
4.968866779073731,0.4690569961456905,1129.0798529540384
4.778285285573715,0.4894843751236989,1162.33428433315
5.220408641884418,0.48102818953310567,1306.7475297901958
5.374246061476187,0.4609439147639975,1466.0786588600217
5.441183273149745,0.4669694515999701,1606.132579495169
5.597279054745928,0.4564816779478476,1453.7149895030932
5.112978040133286,0.4817563780734559,943.9330291826305
5.105588068059274,0.48343479394737787,1026.4403605057719
4.854461162306032,0.4925735314124309,1014.717768650487
4.86895776082212,0.5063334884836705,1002.1727484348546
4.66387437688147,0.48084046396760216,1576.4318038348977
4.7261643306018515,0.47549729908158334,1654.4016857172712
5.054521843940693,0.4627607546281991,1859.2399158209996
5.213730916992709,0.5261060399961339,958.4286735135763
5.258004009536046,0.4908122373634648,986.2397610380522
4.761932880842569,0.5076487274787581,1356.7834559183232
5.118464476872638,0.4613880108477474,1248.4581815499564
4.816399258818851,0.4835646409802206,1409.7070390798594
5.1962190909219625,0.4780950481245553,1178.8636210807008
5.496293137562844,0.4828526080340106,962.0399168227434
5.232260711068094,0.5072767117925499,1135.2733410792528
5.03593165523811,0.4728643914341129,1181.0190178001944
5.0444009723736505,0.47930511768731227,1189.2065083164973
4.744407094708434,0.5201955759856403,1175.1528612429863
4.749880332637119,0.49256397903573823,1193.7652929226842
4.853993684669012,0.4781762721214687,1093.7248714569546
5.087973092744081,0.4805027139799881,1465.0052191555258
5.225689256465437,0.5244811173076284,1039.2192662817754
5.3192552807557965,0.43413124153235033,1229.5963963470037
5.361056837044593,0.4899868399161131,1200.3438993086208
4.8576928239789545,0.49220027296811997,1247.8661272854324
5.041033010475634,0.46535664974318314,1186.920703161514
4.9876716947851865,0.5231696182023503,1152.9334654036084
5.325720702028315,0.4792102632204799,1148.9014007782716
4.8804999753775204,0.5114824636007024,1202.8141681878174
5.154149116663998,0.4769093881218758,1341.7922930381078
5.1344437526636355,0.49132024778199646,1323.264055799259
5.004097293052703,0.4876353278480286,1310.7567980552794
4.933372242527939,0.47265627464224735,1493.2325194817029
5.09908260676665,0.5155273275512191,1034.907346720636
4.776229025692858,0.5219781415206064,892.0885220589007
4.912963903939795,0.5566244334560432,876.7365203455676
4.897846465138588,0.5633334802529275,864.6964997163935
4.906961299176221,0.5637734001744774,962.2528911619945
4.852943714622283,0.4959158287045295,930.4698945026203
4.965007600110528,0.49518935079407433,1450.761291596518
4.979473777378286,0.472675599246245,1020.3216088040093
5.482095243908717,0.477744647075044,1130.222402533693
5.05833389156784,0.48409487513832755,1261.6412880573034
5.038470113800256,0.4868085431934447,1243.7872927577946
4.796480712765286,0.48027115171738477,1335.7784037288036
4.840981687190673,0.4727497733503187,1207.4665194741444
4.999369151613728,0.47555783564416204,1567.1304582764628
4.931933868809349,0.4777850672984934,1540.9164715717689
5.3935437832074795,0.4873021342103358,1028.9503454333849
4.819447759238877,0.5067346629767888,955.4272691858016
4.840529423249537,0.5014205493246804,982.5556983637978
5.089199901517697,0.4911959992665182,1362.5291834395798
4.9988895237626,0.46282029336852887,1211.7962608510745
5.003925385830532,0.4596361893999485,1232.3915638249703
4.484119562666575,0.4954250524704859,1163.491119485685
5.251867700121072,0.5056570816232973,1171.4798502844374
5.192188393172988,0.5030618615850952,1149.579830923149
5.056268741930055,0.4704517239461837,1166.3572452915632
5.044902304909441,0.46841778422551256,1139.1618700777728
5.39677595162393,0.5103242836975912,975.2621561958167
5.313379947993793,0.5081205739319098,974.7002220533672
4.859615895993703,0.5253005919043552,944.7740805299925
5.095474458780872,0.5126351660628439,1004.9955080690364
5.118102023413633,0.48573298224584005,1348.4550208467274
4.826018056484622,0.4941228102291907,1202.4645653175494
5.115901236431343,0.5167736516348678,1324.251660281087
5.012429507505505,0.5298467154826988,1196.9017657682998
4.787618073125835,0.4907845299328794,1110.725765544815
5.055176927945533,0.5032509837549161,1174.2099770530153
4.792328478885629,0.5244073939368372,1052.9939001228533
5.212539841005757,0.5192439964733566,1151.2847260408284
5.271885947048951,0.4459365714859134,1046.1124381111822
5.644555353167023,0.4989944899007767,1202.1262693596293
5.352137881559726,0.47365814191508127,1186.140004507129
4.996486261724824,0.4725535411536494,949.0281726591364
5.083419877219191,0.505591277832492,1011.4485052086411
4.794111953988289,0.5042520288751453,983.9023269327998
5.3816374314560615,0.46909719013945655,970.9637020589461
5.265547416967908,0.5241343857860007,932.1667182412432
5.062196024339335,0.46805455011927494,1113.8106195879548
4.767700926873184,0.5162839203348144,1001.0078599271749
5.0576269320622,0.4738902877447014,1081.2260914698516
4.835871655980811,0.4921977283909886,1116.2284583527296
5.034886625804888,0.5105138909210513,1153.0127005254062
5.290111766989669,0.4777635471526888,1258.863108472862
4.947170966548932,0.47637393320915355,1206.777259880171
5.205774862116831,0.45850449462235376,1475.8645981713646
5.337951305510392,0.4662971221162741,1566.6263172428482
5.187214107168319,0.4699869687349364,1344.223569670963
4.991555140651679,0.48057510000686665,1296.3141464705836
4.810756993211422,0.4710348899381564,1220.1649837348446
5.124267874562513,0.4793603530073146,1428.7709435308902
5.0256375388465875,0.4518198135217196,1078.1162412432925
5.0682115481968815,0.46698677482447243,1326.8761450981556
5.02756436449141,0.5030178253943782,1022.4442645996991
5.142209805071474,0.48296421203178513,1127.216840151795
5.015834862045907,0.49084962659026665,1123.0766212598517
5.242550649545545,0.48119100387494157,1078.3130255323165
5.016614790728268,0.4799394690673255,1136.8215178178564
4.951092865683867,0.4773603162445014,1034.1887229505078
5.223183539377486,0.4858994922404473,1064.4626527976254
4.886962908060323,0.5115994300335786,1329.4542498122773
5.143151200815807,0.45238813447550064,1230.3403451837473
4.855472075051188,0.4973293963449599,1091.391748089243
5.31268084064119,0.48573706726144733,1044.0974628471415
4.74779415012655,0.48618235129522935,1632.428981902585
4.489290025758728,0.48681763977561554,1422.0755213790321
5.466142624867134,0.4504352177979081,1167.636952854714
5.368981062943189,0.47268113303536385,1201.608830388308
5.17617158616685,0.4867511580051155,1171.9205260681895
5.213193992340914,0.4769041097455853,1171.6082157063333
5.191291767145723,0.48114057513052555,1043.2038485800656
4.912918104233267,0.5025810515345419,1239.1796224983773
5.0614343242293645,0.468146964485499,1373.9238767823592
5.034068524641658,0.5081541532822241,1037.5118053384251
5.436137538868105,0.47581897149253105,1003.6149934841434
4.894063801278952,0.48783653895251883,1393.6059152845032
5.018834110591424,0.4746036287956338,1356.069670412582
5.066242042970478,0.44277854754088247,1159.904466850154
5.117015270111904,0.48965421178435903,1588.9110069912924
5.139487475376173,0.48736709676826023,1150.1538219232268
5.041079680165668,0.5013209728452005,1110.6789228301598
5.39464753018053,0.494681396625894,1090.0465389544338
4.8724859357691095,0.5233656085258571,982.9799215629723
4.860204853702219,0.5268667447308659,1054.6073216744467
4.898239048724449,0.5035594600010032,1029.0714566004551
5.554841724512024,0.4585079920069388,1426.7399393465298
5.568544075159156,0.4707395222414919,1307.7945876003605
4.65794544453009,0.4694925099166727,1390.431029429382
4.917854990101125,0.4750552638073515,1337.0222620794584
4.808523354367085,0.4937891551442101,1035.8700971850456
4.702689733256532,0.5012479838148283,1280.531621369264
5.045322377834291,0.47544669319568594,1330.591727249541
5.0051338788064506,0.5009646462383796,1099.8673245449245
4.696903265448635,0.4709814628089871,1476.656119662142
5.406047062348422,0.4576730844746569,1594.5482089130753
5.003073116834156,0.4290161312504611,1359.6490546949394
5.439625037987445,0.4551076093594849,1219.6128909177733
5.015987078916242,0.46966969628587124,1088.4061661793419
4.890805245867626,0.5052882155204318,1414.9122134472796
5.077487350760501,0.4810075143064142,1394.061763388838
4.795275658339091,0.5041763492811409,1112.1298631681661
5.203683775090453,0.48073098932831665,1098.0813913300844
5.1801983328537835,0.46447474148868134,1067.2481092353235
4.686823463286932,0.5320579231924638,1128.986200411724
4.755516489336936,0.46724517241359226,1182.803559674943
4.722780628973851,0.5266221436214519,1370.2953337610827
5.653172671956898,0.4842590083056163,1126.3786167483133
4.847934537833929,0.5000027762570224,914.5455925058004
4.984199902237597,0.5048098430288772,932.9194036950867
4.952172480412998,0.4972434567710085,1327.0691846898187
4.827468034842983,0.4679248028520906,1206.5403411733832
4.941221879345707,0.4868644124196229,1290.2256538949136
4.757081365797845,0.499252100446838,1269.8402857719664
4.969047636520137,0.4917639893897057,1210.8161464736722
5.122728054159591,0.48187163069414396,1161.6953596928429
5.014845641575022,0.49028784868033,1144.3684074620026
4.983325358418547,0.48353944192868653,1239.9652450853387
5.021663718280832,0.48876454166484135,1410.9535982317273
4.858229335481612,0.4747111777509519,1102.5098183791924
4.957516866044007,0.49915920908031663,1551.5487552004477
5.521504984864359,0.5001569797674529,1104.3474826743022
5.416753850300128,0.4977760875548044,1048.3673854264632
5.191041156769146,0.49694620701269376,1070.0526701964238
5.336845677930414,0.4798265324479085,1102.389570819769
5.538001484189317,0.4665399931092773,1123.5110615570209
5.138093824833362,0.46817127543116793,1103.1568927630235
5.134179604876247,0.5102786038443343,1096.8986133271044
4.9880598062951185,0.5061188666824519,1056.0485609896766
4.841097334761038,0.4812574890680334,1355.204590550156
4.904134622766523,0.47768335121010047,1628.4876441630718
4.839968914252303,0.48429113143432095,1543.924762663303
5.113988119524379,0.5271364272530107,794.5498711740728
4.55240516466468,0.5351444293083455,1335.2206231562207
4.609789433764486,0.5208470674746082,1179.0727736748115
4.525967075109259,0.4973621776572509,1503.645208349715
4.46935885098169,0.5002523240955045,1207.4231902734489
5.0890748805285275,0.49230644931189255,1444.0340490093422
5.0292972317850895,0.4906309589871002,1334.8281624431095
4.870409017385753,0.5044679508863722,976.8199498229668
4.9648235460576355,0.4560572656894689,1308.654084339856
4.975707914513334,0.48820236029037056,1705.5408892895775
5.018034230245923,0.477992825499901,1759.184343756451
4.808962259511127,0.484565725197102,1703.823428210172
4.836351718154244,0.48143982201478974,1621.3889847705864
4.756045493280033,0.47551151658951185,1413.1224476914706
5.103443006270033,0.47591705998763806,1029.4139237975917
4.997043210424459,0.5199975394491526,1152.8203807428138
4.898804299038354,0.5214533239656659,959.6528439153848
4.807544284726814,0.5278857160771225,1191.021038148066
5.318996432039829,0.4511075551968013,1287.2550345856762
5.395978975185544,0.4811369145510234,1072.2258109109068
4.56345635162961,0.507130206915958,1249.078342744105
5.464665747863218,0.4783071251584547,937.1689210665616
4.834174017394297,0.4786004049462048,1669.5615720460314
4.705499567567654,0.47302598839975724,1358.4155180246885
4.830866744362378,0.4598233567451045,1185.7782887235044
5.076506676002306,0.474080555588826,1350.318398245874
5.041942899526431,0.4825586928217104,1103.110869057667
5.03937819497387,0.48914652944545484,1052.3382907224768
4.7128153245522535,0.4936148701938387,1097.9567564912086
4.907836870230137,0.4733161901549066,1857.3461263379438
4.886651281797444,0.4979852396041824,949.5334535938097
5.431767049689462,0.4715249431216332,1356.8615684546996
5.209561793330069,0.4640466444165341,1278.0939581888774
4.859549016431765,0.5118288503120821,1156.964219527668
5.008971066294657,0.5215392660207964,1273.4365427631176
5.236827649395652,0.48586231187661255,974.908247337851
4.728068914945411,0.4901530463392877,1276.4058260045065
5.120320288913212,0.5001915709653744,1108.7666998558825
5.016201375513962,0.5003769443176539,1025.1576317004453
5.22837835716607,0.46722712884893697,1333.8136986455838
5.071188496971477,0.4934374195172533,1038.7950082617838
4.965317542744977,0.5010857167388165,1193.8886529393276
4.979451765712789,0.48539120138258207,1321.0304795311974
5.406712136168214,0.49991731133959205,1253.196066399705
5.277150380073742,0.5043044339205225,1017.3759501792777
5.006068467063233,0.5217915591926953,861.9897087154364
5.122963883400854,0.5177178969589035,1007.5708407833558
5.131159432946941,0.5136607315473536,986.844180979235
5.286691921197101,0.532949125239637,978.6266826574387
5.031304253899696,0.515879466018751,893.2085724615318
5.325222987082608,0.46744193279518587,1470.9755033825331
4.785845610526498,0.47222979903744894,1432.647642261465
5.002378549546961,0.4685644156972836,1547.9419635110708
5.415502803104302,0.4779821149252333,896.9000360007474
5.3529910459424235,0.45898169061478933,1460.290431945642
5.164983716437435,0.4543577483361404,1477.1157734829214
4.968710891667318,0.5077414273319303,1039.1319407973892
5.239379308472772,0.46857693828363056,1729.7725617539188
4.863431249838912,0.45095020686587683,1491.0368813987493
5.2403788345753215,0.4905131280011277,1299.7961658069232
5.201612810649509,0.5040216306377904,1280.0916070641274
5.081863749259526,0.5062356248849598,1065.7120222093938
4.892270082356516,0.5054185438270428,1020.4309077409981
4.924002185077984,0.5008983757981585,1184.308308690367
4.947326323482737,0.5116115242682109,1039.463255809011
4.959160012552923,0.48904629911908853,1224.1242915901885
5.394190141219806,0.4762541018498887,1147.4340253059613
4.805876797961907,0.49438938855455233,1072.28916818239
4.7304488775156015,0.4834663875398042,1283.3472810559927
5.166081683767737,0.4836253424494703,1306.2210965876625
4.908894983957409,0.5239655180800333,893.3744971908043
4.951344705384754,0.5280736103989235,932.0127251620577
5.293729295555593,0.45945573321442,1319.9102375951206
5.365304571994261,0.4747566327564716,1325.4850253167397
5.113310311034661,0.47606034888523163,1018.6998732793011
4.982214254504808,0.4632717727523545,1454.9015388732603
4.863929907963302,0.5308970441649895,884.3244759382119
5.509250856601192,0.4597545840167259,1221.3192524842927
5.12481182410785,0.4938889924662787,1260.5329619112213
5.170448826271185,0.49406405910625456,1140.308703709448
5.067202976022118,0.4904469737895694,1100.7538483987967
4.998344934101878,0.5098399963274716,1306.690330963646
5.075279977840607,0.49822327836732433,1343.7267799312046
4.97615413779498,0.5017987455694245,1391.3394133555232
5.1942433295613215,0.4790553273621665,1218.0128538975277
5.225148306519614,0.47944353402392864,1134.0170590644002
5.424470882636156,0.46916415161831604,1160.2478203856183
5.719491882676045,0.48043422302461314,1217.6959779334436
4.950301365375565,0.47455821307047497,1202.4960651350943
5.153412978056192,0.47878540764769406,1093.777678253816
4.812461350341989,0.4770757489429161,1529.2022101181628
5.007703076352043,0.4889491122492949,1515.7331720094705
5.404796271334524,0.4738090568587474,1321.9236650525295
5.1869836007391905,0.4788809879214342,1125.6319790027726
4.8563616780763645,0.46876682098550254,1522.341299631384
5.398216071943178,0.49063422331165213,1187.0797027643134
5.120011997975033,0.46544767210537663,1247.2512002356743
4.899464711729291,0.5006881318233094,1067.3020707518774
5.032406085879963,0.5141093544246701,1345.3264915259797
4.769894975261282,0.4964782861726889,1274.114735979017
5.127860772020438,0.49468716700947,949.3894383886113
5.3646515900781955,0.4891192514819112,933.0939600065767
4.857342765977374,0.47206416261484807,1350.3627619843453
4.792814140510799,0.47936695339874674,1127.7460748662359
4.8138975080880995,0.4723121838222963,1101.3737854526198
4.98590820424745,0.5069668868589797,1141.282359597413
4.924962422458501,0.48856033198299414,1177.9683416766497
4.734030584794575,0.48310755169344266,1204.0015676362211
4.913048039056208,0.5179801345501063,1073.3554256015311
4.713805422618945,0.4988112243325091,1113.6044505284
5.25432533217535,0.5149391795788061,899.7997619422741
5.405114039270451,0.4725106172958415,1101.6255998656966
5.28492277235228,0.47337009699824906,1007.1648555309876
5.370242196291247,0.4925365201541045,1168.18150631085
4.737234209849815,0.5213652458722839,1041.9901795467297
5.004612520651936,0.5111265933578077,1089.4714119886971
5.186704829976739,0.49898115711893093,894.6552979902166
5.0105635605977366,0.4528151326005459,1399.8704549552072
4.756699928995761,0.49284841952868197,1045.109211087323
5.149165545557416,0.5013075137737739,1127.6040518064794
5.202098655269562,0.5122101730279777,1003.7277552656611
5.058112217260642,0.5092067157375934,1092.9651338643
5.013940712241338,0.4916298835927878,1180.1694559868677
4.867207113715852,0.5138428008722765,1190.4596710092746
5.0361092437446064,0.4823266296492845,1075.4243314386274
5.181502051951221,0.48037611368939714,1247.3379588837427
4.9923937809563785,0.508642389496424,1149.5264690994152
5.017814083078659,0.49500749476136735,1216.7057154628264
5.110405092437124,0.49980817256853,1206.9204128171243
4.816153009836151,0.49802564582614767,985.3285357196721
4.7104790633079805,0.49008499950156836,1067.8509149763609
4.792155457719989,0.46155841730276187,944.5808376535896
4.5955433234648755,0.49079208573576344,1053.801023981476
4.533068936228158,0.5122756889030932,1162.6627264294425
5.563873167161138,0.48009703903272277,1137.2200196736912
5.120993538176158,0.47212811416512607,1085.7684946509812
4.970511280289311,0.5032552584474133,1154.5079502770031
4.560125235825518,0.4881478120201843,1402.9951796059229
4.660903973212098,0.4659576180582254,1970.6688771993188
5.25446296821552,0.47584484446477054,1054.6617433548074
5.168223178211123,0.4771786261384899,972.3968688923113
4.965998556151417,0.5264522409640773,1181.5292139910896
4.732294988718255,0.5021866305045691,1092.7630019014437
5.344196215151252,0.47622569973302686,1131.5959652782099
4.871008717142542,0.4992680837796491,1086.9010230977892
4.895203184997314,0.509727744176357,1236.709859428472
5.17963263969999,0.47005781802607205,1090.7870029606079
4.949324322805539,0.4692334332618868,1408.6302685414764
5.0703234333070135,0.51725397882286,1005.7792716340979
5.033165396170149,0.47711138853931906,1072.226107847506
5.080631672805591,0.4852660326591615,1100.905107071471
5.3423645536356075,0.4304333774537363,1540.9750390391268
5.2279440212452855,0.4250917911991878,1388.9623533203546
5.305040961301697,0.4374994135382915,1285.6571903785582
5.100268889821493,0.5215893377642423,959.7336266197063
5.0863768088412025,0.5228990169613063,951.6930785975447
4.936799738417241,0.509171178920678,1062.8404825295454
5.038419357110375,0.4910031507392768,1152.396067356034
5.146787400782248,0.491522448422969,1113.9936897760751
5.374391554116099,0.4528818717112139,1165.9016535861022
4.457540203227767,0.47974186213022546,2009.0922868818548
4.654214791869219,0.5033913124737451,1956.9552763435772
4.540514250266943,0.4886684566019144,1851.0651758201573
4.858080031594152,0.47233129610678076,1054.5949640982749
5.2392808074500605,0.4714603323429111,1461.7856233314928
4.941369164851568,0.48428336095902347,1164.626805060092
4.804526589497444,0.5144484934323373,997.6044856919575
5.160940178389692,0.4895182659870753,1479.2978547188486
5.234861078624988,0.48657502880541503,1203.176409001899
4.889096618803579,0.5009223579470874,1251.048266265617
5.121016872096608,0.4569464595810375,1380.3356660074448
5.05576446046295,0.44749119683767025,1652.9537851511554
5.025510317474881,0.47883730496121335,1312.2951581460643
5.027979550152816,0.4897165078350202,1323.336307306701
5.10009035491429,0.499326184564759,1234.8763369179528
4.9819659331724075,0.501555109870377,1291.4479881692548
4.707872350666196,0.4578390311099054,1494.4856160021195
5.324734630436345,0.4719709303837287,1336.853595811822
5.055844330352122,0.4978372092237733,1076.075481683681
4.46347325664411,0.4542815099006292,1972.9797890399363
4.404108420056923,0.4571111558990361,1969.061820179836
4.632022808615271,0.4840859696854531,1485.0285546547148
4.999743256445516,0.4821259137368374,1179.6752618708256
4.940745113724458,0.48953949587454343,1216.0348891380318
5.147707123397489,0.5023988289128247,1027.3945659411593
5.068912709740174,0.45805900392921434,1199.5028734200257
5.601812123968855,0.49575787825898066,1025.8985957211912
5.048948299927228,0.46742015551457017,1478.7126967066383
4.41751070332438,0.4811268181156189,1376.6467174682225
4.721740930398098,0.49506920362582246,1476.886532176237
5.1458617823479225,0.50195471160174,1102.1441837122045
5.10656075113385,0.4833959542229825,1095.8141196590327
4.97111774686966,0.47541830657086326,1105.1637621233508
4.7303454362681085,0.49720945935833255,1064.7163255265796
5.326711629172205,0.5017906642070739,1003.8362272944387
5.017683823621234,0.5050940208832755,1146.454627248689
4.894116961862911,0.5025576921219225,951.2870446132554
4.864667310798808,0.4731399533273025,1294.4960238427748
4.6688460681748705,0.4827853420789392,1142.8862621015392
5.252427111439659,0.487038066168813,1311.9356195849648
4.946248793081048,0.4873171577815061,1446.7158731030663
4.7098071259949,0.4770444139991216,1328.1868182305448
4.891989839182606,0.499131260444198,1294.8362579925988
5.175418389638852,0.48898059465448906,1207.3002963610352
5.153868932410445,0.49345517581906323,1250.6221728367263
5.246866326482128,0.4959093766487456,1263.723741302577
4.869980138592752,0.487555152561436,1234.8424718604315
5.253841107905426,0.46408722205842556,1382.2843439989563
5.0770918657481445,0.47685769804791883,1338.1220648509382
4.732129310560749,0.4553631859449406,1173.1258766733613
4.661494399721337,0.4515829049917176,1356.764755148803
4.426083220297185,0.47006256843700334,1126.0130611641212
4.8003677145060895,0.5082189720377571,1406.4041063281456
5.236029329746042,0.4883148748562971,1301.4353131991525
4.936082850853262,0.4995268870591715,993.4671633809805
4.801716365152885,0.4942434328489158,1424.4047015351082
4.600826756195727,0.5128921894969163,1293.8239351766144
4.538070471130544,0.5108131916337079,1245.5219286239153
5.174567409157365,0.4858034859690174,1046.3289422276857
5.227994932967944,0.4822049605628903,985.489198427095
5.05285928628133,0.48694166696974817,971.4425586556735
4.984263704668364,0.47430914047782075,1285.1170560073438
5.561913449564709,0.48774128315089676,963.2915306563493
4.855763241777677,0.49681015140491885,1249.0114244266013
4.797554417888573,0.4611797927117926,1267.439157348652
4.845127207090436,0.4753946856644478,1129.404821317587
4.7526297346535245,0.4774238371016882,1200.442400735597
5.020774930568912,0.48588651313430303,917.9731223066814
5.011934315476639,0.4874461543945139,949.2899653508618
4.834872143545958,0.5175296846332005,1236.5290976902713
4.972058763734707,0.5340373887576202,1096.3607144087862
4.780749143691867,0.5083204324114652,1081.4937878091762
5.061145890129195,0.463710459254053,1427.4144867072907
5.205773527174845,0.4918458519842402,1089.520753792381
4.895792867463353,0.4901684699112516,1253.769415467888
5.003528313245415,0.4936732121878595,1404.499158665101
4.957726448298406,0.5042239047724153,915.0838624242932
5.04346362996839,0.47786765770871814,1280.0210801109904
4.697976065138609,0.508401335112376,1136.8881158468694
4.971119531681979,0.48977530894606747,1256.287676471963
4.973320450605353,0.4798062673811232,1370.5734731076027
4.742593718301514,0.4999115427983264,1145.6903185325443
4.681322090306526,0.49314369688870496,1075.725411096631
4.627603182740593,0.47306615324511186,936.5040988659607
4.942800206553945,0.5215773395243195,1303.1279174320061
4.825747304695205,0.46244244873664925,1258.469184109701
5.336658055209883,0.48535701409632803,1298.665503166227
5.051885902373073,0.5123814080085203,1401.834469890023
5.000638260707749,0.5080203488267888,1365.2513877313295
5.182325327930297,0.45437727361086544,1059.407122839676
4.780031026018671,0.5216232453907657,1432.987912513259
4.619819287976688,0.49886686219606846,1255.687545891179
5.525109807903469,0.45769347687729817,1155.7712919733074
5.100091136663282,0.4762876908277004,1189.9812714584555
4.913432642779896,0.5123707771454413,1206.395445812902
4.854425407227243,0.5080888360592297,1191.1682350123492
4.655577793860753,0.4883434893430195,1356.125246140718
4.742565757185727,0.4701806548833703,1413.8175747277712
5.1644276148277655,0.5184928809352394,1087.904040169487
5.101758901535436,0.49643180271365595,905.467820823359
5.4342901771215955,0.505305424415857,1112.7311417786177
4.96609229997505,0.46630011883735645,1102.8066779096746
5.167694969505873,0.478971807794332,1009.8149141268055
4.752726165825609,0.5022280293563716,1200.7547648981244
4.907347641936208,0.5125117853910806,1109.3594069211706
5.006294178042698,0.5162413972765801,1004.6194982714112
4.964415382220143,0.5184388628113561,1303.0327840002326
5.055748122569568,0.48745249104860205,913.8284324217793
5.027097674181653,0.4872486928410214,1161.5713540242682
4.953641263156564,0.5104704935096163,1205.3109261308587
5.1761570334309175,0.49461710560657873,1220.6741222328264
4.713425154032427,0.5143730141918488,1014.1756063281255
5.145162502865916,0.4869911184753231,1509.4411398724653
4.591139408754028,0.5003783467644669,1352.0560648723279
5.590416113683348,0.4107340166084098,1307.411009297942
5.369276634837117,0.43326490032779036,1281.174752225929
5.4178665202869905,0.4291876411620282,1307.4126867436732
5.026639215481257,0.5130610817160336,980.7167616711345
5.089610593972368,0.5207848120097145,1024.8578287439313
4.8222604429529525,0.4849603625495993,1213.202754882894
5.101751786616501,0.48955281332964323,1445.9370430064255
4.754107896392384,0.48121806594793365,1315.9782290019987
5.076924124763251,0.47329779330833727,1576.660766204096
4.756134420281479,0.5110711368001809,974.7467212074105
4.908139216285516,0.5214307669242568,1121.8944884379719
4.748622777147009,0.49404726857189657,1150.7290441495961
5.375701028391975,0.48151313287866027,1297.79326382793
5.153499574303827,0.49273041244259547,1280.2951944814997
4.710602423663623,0.5188934940959318,1082.2767835020306
5.3060193538725,0.48172793429195226,1323.3596715332633
5.07121622714703,0.49847787939236776,1235.4887077310045
4.714606885352285,0.46410053123068745,1339.0944368572618
4.818461897368218,0.4649780370979476,1248.6516317860041
5.0398519427961785,0.49722077833786477,920.9470011303456
5.144276210771994,0.5197926819499431,1317.5738584920498
4.977078645760425,0.48063338507113085,1149.8664185042887
4.886286005425643,0.4889385446736396,1258.2328367401155
5.037302083278808,0.5206749219770387,892.7627229525939
5.108093586327077,0.5037741137225437,789.0762753963762
4.738356597689581,0.4825289155650219,1078.3462922277454
4.785310421215146,0.4805435583302974,1248.8196280594298
4.630380276790489,0.4998930349799956,1628.2700173797205
4.537465636456268,0.49376344030651215,1682.8991715150091
4.531501913781641,0.48521729489525994,1708.3225061828894
4.924290002244959,0.520176554652375,952.4518440651885
5.039412458441402,0.4749184743792463,1367.3508740930804
4.899839562378925,0.4670477456287445,1063.9635918931103
4.8882444227315,0.4739837400803838,1070.137209773784
5.305619086426013,0.490622537137632,1171.9370311800294
5.249674501017712,0.4455617137468814,1222.083504901142
5.338397924830677,0.4598685846967365,1349.9807589412028
5.242356134333315,0.44460871373446514,1293.6949529026917
5.2578477100191625,0.48170701096723334,1949.594870744779
5.2495198319885965,0.4814719799655461,1818.805852157207
4.53732398282116,0.4850485525322685,1024.242046984818
4.59142308226337,0.4852238779982804,1197.591629581314
5.3796350786674,0.4939686926514751,1157.168333040848
5.5683742650685115,0.49048772011263075,841.5343286355165
4.9677808455538806,0.5092564419403026,1287.3810766906827
5.0602625188011645,0.5085216275239688,1070.1338708427472
4.92254699068655,0.5127197841337857,993.4176876189781
5.365155094549233,0.47537602450001937,1107.388736645554
5.215338799871285,0.4753264876355419,1132.804428065792
4.860693327702687,0.49657471320719326,1104.5429100753677
5.316715522969786,0.4888334802170348,979.1681740973361
4.927090824810978,0.5094371851584275,1073.5146714505534
4.875278825315811,0.5138003998436192,1202.7011944083688
5.447197309413136,0.4895841218618121,952.0297320156258
5.422174661186566,0.49316924854712835,890.5284098384402
4.8763355564804085,0.5305845488440023,1101.0697448301971
4.9266838473913,0.5445608666014836,1028.7939050752532
4.959247921673901,0.5260264339091252,1030.861356684234
4.8323696775888845,0.5149904676879712,1068.7171095465715
5.091313269486373,0.4760712624055547,1452.2703897643064
5.149738454351855,0.46239193936916123,1277.0491244144343
5.1721223143220145,0.5150823178361158,1280.9797877653468
4.534025928457671,0.5086622725698963,1109.4648683145099
4.717421290383443,0.5091627484441675,1178.920272378319
5.522514094173414,0.473158410311338,1025.4409486376526
5.121981057075694,0.4673081709514387,1270.173548350274
4.933945374733484,0.4946857698706425,1160.5171898036895
4.932797120490482,0.49796572116895255,1333.975489322346
4.892938020836294,0.47173633523315783,1314.6855544439873
4.8304476884965615,0.48453228765064993,1005.7755121522824
4.702119240787431,0.5012053202966391,1274.618220766269
5.403873474081856,0.5022695199677206,897.1286860963803
5.161903562704923,0.45890597631470803,1388.3370161172447
5.15763814953398,0.4433503591936274,1591.7370824827842
5.032153928424492,0.5686436202112088,934.1179027937229
4.893358715439118,0.5559987841198122,968.0184547009409
5.28990432481251,0.42771596301498704,1481.9738261207447
5.557771502312415,0.4784840144298684,1053.648676175035
5.110847307396872,0.4721098564466492,1396.8484815963982
5.334618783641759,0.4958120103843921,1085.92703310683
4.826144658102309,0.4859205681342256,1535.8063406868291
5.493094301629471,0.46339265616145725,1009.9746809956441
5.384191503770657,0.48311757303579106,1168.9554829850958
5.17128084337688,0.4786301738739491,1089.335832878093
5.070054327773107,0.4818603717008773,1111.1595212486793
5.08129263335119,0.4809786299376643,1111.0261844519728
4.9658758215680185,0.4741366546711959,1204.8429539447784
4.923694478824234,0.48160141340552465,1214.525126634158
4.8454707696571955,0.48898091678142597,1084.4683386053998
4.83210481726839,0.4924641707687685,1128.25668284827
4.87875013709409,0.4826637150175519,1165.30560671464
4.716949965488251,0.5236600134561854,1178.7224578433122
5.5348669704044795,0.45974525388512005,1313.5537732640323
5.438354095627608,0.46011977015234357,1115.4792669970311
4.708793782216038,0.5192784982177986,1074.6594240832753
4.615670596187243,0.5294684928798202,1206.6609015984586
5.19985430636695,0.5181267317882267,890.9362521876669
4.980065567354508,0.4961510040323182,1563.9346861270076
4.848350191954282,0.5282556834070847,933.4543939866294
4.989409428928011,0.49829980218581543,1056.5220337707653
4.979912867840391,0.5008175454130435,1320.728569982224
4.996189453722801,0.498192461201811,1274.4997838496995
4.705180674006985,0.499600554434741,997.6817775382918
4.8712056779312745,0.4988723713332454,1544.0944320600431
5.161624767277985,0.50959964632398,1124.4321329038303
5.3810533720485,0.4619325474247872,1337.1011937574176
5.327025926934274,0.4640535676563267,1279.7097632429093
5.13140971565744,0.4897343188692236,1505.3129077703206
5.036353771240588,0.47568705023028224,1084.933383450457
5.436191920887975,0.4996638477877022,1079.0395136897773
5.286530072758987,0.5072352432357885,1180.4540995617394
5.341406447101534,0.5033710678488041,1260.7501794725117
5.216707423146357,0.4909521821321155,920.3899970649203
5.240238832602246,0.47766737175865015,1341.2586138495292
5.075136093821058,0.4882104951040463,998.9319024027168
4.875182243562275,0.4934273787697007,1310.0228820428113
4.82241924323024,0.4926002960928377,1279.0913029828275
5.1520940004251194,0.46416958586766904,1158.8911033133265
5.35587681862828,0.47409184350400535,1235.2702633361655
4.687615256392387,0.518010005765971,1187.2591010707383
4.913534999123577,0.4759867461050047,1423.6104069436024
5.137518083529257,0.5011439501662313,1002.7242812295291
4.884450655032017,0.5173379770141915,1098.6564335257594
5.302361391677959,0.46397165200578844,1542.1179861509115
4.942521385755572,0.5004886502241093,1150.7046812195474
4.923190683738896,0.48371574345806145,1103.3672004778305
5.15522112636539,0.47793213015344316,1096.8490921660396
5.063217987194254,0.49634512589783375,1065.2627985135875
4.981187922704434,0.49041604834810737,1344.7068339579776
4.6670727581507805,0.49111613189172054,1379.534062870109
4.810631931342093,0.4914231039471476,1289.724863138008
5.2814237800087485,0.4824778042520372,1176.2008395913792
5.127136669868616,0.4634479143813385,1214.2846782361228
4.978529674107952,0.471078961832904,957.7730363793843
5.16118744081798,0.512877586547825,961.6116059109087
5.238485202619763,0.5170474194494311,1144.589407484035
5.095905277825827,0.48761104138814576,1175.3761737620036
5.183191617635555,0.4891322085318075,1062.4193842950972
4.854894713091203,0.46612484454042824,1589.6423841843296
5.246821400654639,0.4817626241845859,969.5347897578246
4.785948245076781,0.510560724439333,1170.521345348942
4.954913217915623,0.519906996517758,934.9918306702427
5.0916817768452765,0.5395121494026038,860.2422453650207
4.995908497156449,0.5092874954159184,1047.0031848689034
5.343835662250527,0.4927799291635342,1025.691008776073
5.100112762365801,0.4633554243053899,1282.0346198438265
5.042616596922318,0.5152749902845339,830.8940427300228
4.6616908110414785,0.4929494156181164,1415.36076490956
5.029083416707255,0.46220890489148464,1460.251463272787
4.889236146486514,0.5040115936885924,1087.1434382375965
4.921651643902543,0.46609682400233615,1424.2838266473036
4.975494091769735,0.5286371682888438,1191.1167308689496
5.005454258989946,0.4998661679430837,1102.467199898415
5.048454370376047,0.4858824574230132,1185.2904070320221
5.042481654990195,0.4896378631873438,1402.613739238691
5.082331019040192,0.48030860507061174,1434.67605202706
4.8699010851115485,0.4947360429099144,1377.619493722303
5.236676768505427,0.46172303858466596,1169.7007182219231
4.967917581548593,0.5086489610489322,1221.408682238672
4.893589003252416,0.4931030575531347,1410.5127106122904
5.175476158794647,0.4974279791476924,1221.8885291226118
4.899695259148724,0.4599028899985218,1259.004315458082
4.959351355174625,0.5003975203883425,1356.8161220804584
5.1189083044839165,0.5149372129534646,1229.4133961626617
4.930106363293522,0.5147752701434225,1222.337223285988
4.993860762682696,0.47328522080775903,1248.4661985465957
5.1713361459925675,0.4686852842291839,1345.4580856347727
4.28910553257685,0.47585227574378963,1666.832231589798
5.508314803095963,0.5331661434894089,844.3277640814769
4.637698976123117,0.450572193171923,1876.2195602633199
4.726062503828628,0.4942149214118196,1321.476229381641
4.722752412891418,0.5193461140177804,1127.1910745283142
4.867836666540694,0.5230004064532058,871.7724534324358
5.219866080362393,0.5285685050812508,1017.7112408418366
4.800109883371173,0.48171462590200403,1151.6532369864706
5.117311422907125,0.4852940740353302,992.6500330087005
4.848802265383414,0.4900139771558077,1086.2362117564119
4.800903908508871,0.4912262892534399,989.1358466428551
4.986401348956034,0.4986580922451156,1240.045539278892
5.101325371416733,0.5001487000245216,1043.110613297974
4.996435777815863,0.4837520962653162,1282.033210108782
5.090331266065794,0.53290232713199,1025.7075424553855
4.997768658070034,0.479799618068136,1401.4143636078804
4.9535511863051624,0.4688274491146808,1254.489232056662
5.325604443730104,0.4720448687493391,1285.2884072799927
5.244948430418912,0.4585113161743239,1043.1979423425364
4.949204069696907,0.4895289467426709,1207.7803490199776
5.2221356404370365,0.47494983006934866,1057.2480274972042
5.145616573047721,0.496654290633001,1004.0556730354256
4.76196280495532,0.48326268323546206,1271.529771591967
4.925979211010078,0.4857498554738486,1204.7347385176063
5.004299367555646,0.49981474584004104,1306.022814227642
4.9692649692018325,0.4919338495984233,1467.5280172566556
4.806788481306664,0.47883554511969056,1453.398662729406
4.47880060464479,0.4910301031274671,1345.4306626965886
4.726490147322945,0.48204172055385214,1359.2396102394368
5.752197897393969,0.4710837964474184,1280.5245689202934
4.803850933082988,0.44939651994707197,1315.1823772855544
4.615823312706515,0.5140305807710936,1260.9030664204497
5.118947356896292,0.48554102562274915,1139.8067267818005
4.86053933332718,0.499562618058688,1299.671935100591
4.780016377863768,0.484334389030617,1191.3199115880743
4.779591602407598,0.4813775935006701,1258.7202744296073
5.011182093642159,0.47224633513695885,1347.6225360196042
4.816995118555524,0.4760093512981564,1490.1303516891812
4.915274052427484,0.4708018256896938,1535.5507146931132
4.960699790869785,0.49549585388607637,1237.0122433538793
4.944949923588088,0.5074704520053291,1308.7217667189966
4.664589545304058,0.4706971558099046,1426.2081902064735
4.891802277902167,0.4800050240524913,1103.8922857485036
5.356476832796702,0.48236622774941185,1100.0264440298986
5.286620197877548,0.47155593897639453,1130.620810600163
5.515348618636451,0.46790371593154084,1143.7995671155143
5.410337423442408,0.4688733748654149,892.014351573544
5.628899135879483,0.4865206177160409,998.8729055799706
4.624517578305926,0.519243882282834,1277.692523848579
4.79314461086291,0.49120163277534207,1113.446657061027
4.630066006304053,0.49868764403315197,1182.045461308563
5.183023411366377,0.5285045653395183,927.5135882676146
5.111343133401177,0.5318102805287784,856.0230699597614
5.276421943557407,0.5296574742325816,959.3121777136486
4.96430931324674,0.5179232373423219,992.9979461510767
5.0896818440324525,0.4592335171446954,1324.7341059737525
4.787858187223699,0.4983428480441333,1221.8654755059365
4.752771403421117,0.510798455370581,1256.9066479637613
4.998625510045798,0.46522873948966204,1090.0030461449785
4.864057644596407,0.4920667999560372,1163.437261928729
5.240076919891279,0.4934749900249196,1044.6956752775068
4.880188512861218,0.495080463582924,1418.4701326827985
5.010592903070581,0.4933169707843057,1059.8910030141408
5.39353207244649,0.4597895178814498,1116.8842231311262
4.609301966971074,0.5016387544944921,1867.8615374459894
5.3406517518146845,0.4291713402804612,1177.3622565931696
5.191813056910699,0.4787361022763824,1677.1671769643458
5.027229733917238,0.4714778886464824,1645.324902886581
5.193551138393359,0.5258358523026764,961.732288581004
4.678754894625024,0.47810080353986717,1257.476203042445
4.912006959300067,0.4928142992819621,1191.1336815154268
5.019397190892376,0.4899510211688851,1023.2323440633636
5.42754904790802,0.4946615677816358,1037.2598930051834
4.605606159695911,0.48300960365176837,1109.4186057966972
5.524608491861331,0.4973805716905093,967.4592563698394
4.941163581356146,0.49489663686676066,1406.7427909229386
4.847006823574407,0.4769134603181183,1333.7857234756077
4.93785911602575,0.4711892344629304,1159.8599760489185
4.83152905550051,0.5186785310460426,1087.6342613757645
4.821909372035534,0.5165640618857231,1147.4602438160932
5.0340092633811055,0.47527990731901504,1238.3381803352993
5.105522626237196,0.47641776083330367,923.5011833379322
5.224971015712694,0.48214992797720274,954.8396874997505
5.025873171478261,0.48761045809389225,1093.5906569875845
4.897871915573113,0.5003151876294316,1371.6354082350479
5.0937632437300335,0.4916839174125748,955.8244915811081
5.185188255737585,0.5031927471615876,1069.6497669648797
5.086682713794822,0.48953034030866566,1037.3914306304728
5.502191982304082,0.4994177190011609,1080.5719539824024
5.482984468661289,0.5329132964181008,852.8231531177586
5.559594247778405,0.5303091277368995,894.3359199961629
5.245058248895976,0.5241078726020242,795.6202677525366
4.84268647748409,0.5041208399247173,1277.573095625521
4.556936711791078,0.5189225256231146,1314.8053609638152
5.343263598869911,0.4659409542387893,1191.7561622190087
5.1743455464833215,0.5052173208318681,1027.5445643355645
5.174785224480988,0.509235106024317,955.0023182217524
5.30945232592841,0.5075342051316083,934.8328897408433
4.909692869266415,0.44878701216134403,1423.6819578030875
5.055944211305845,0.49713604352494223,1096.0932767335244
5.4255136891798035,0.4628543530812208,1191.919788689405
5.253112339278121,0.4841611403351865,1336.5693527209883
4.502216870764336,0.4829170570549719,1297.6864991914933
5.178356849243163,0.47995504428589314,1206.85209553483
5.011244084941922,0.4897658460138991,1086.0459706340162
5.077735558412965,0.5017732135533678,971.4645694057032
5.19835186061261,0.5189992612973412,954.2630808709985
4.985735151868896,0.50455986807979,1137.0023552497846
4.9766596890515284,0.4998843520403341,1206.2868922864782
4.906210134994668,0.49243147833364115,1381.6018071459923
5.144862307922941,0.4610715538529297,1176.1341396608254
5.2542222795692215,0.48308752857746434,1387.095963966753
5.295678468413748,0.4986880462128653,1387.8221405029433
4.952342208439547,0.4858196337919758,1307.4690739082455
4.709822808101449,0.479637630801704,1348.0596685484973
4.64408877769652,0.4838596222372295,1571.8634024410158
4.58479151034273,0.5299650333337378,1077.248360081405
5.419302810754312,0.44298940490288674,1144.6555648184853
5.372160459311541,0.4541846034831088,1499.384648666963
5.004900567866404,0.5009365874063145,1034.695227042419
4.957743030438461,0.4963471017823448,1010.6592288011867
6.02989472335672,0.4540123837828531,1135.746573740015
5.528952805812125,0.43519176923358716,1005.9848839631089
5.460064250855794,0.4322319268937703,1115.0560141229294
5.519267599978427,0.43942136697001866,1148.1110777274384
5.4487156268151855,0.49227430474735306,1294.1909333872343
5.286847349007016,0.49520956332759636,1392.5724610955172
5.436717037886632,0.4838346211495738,1276.2971451572134
5.3911469056467265,0.4903546925599928,1276.8043791317934
5.035531129835084,0.4889703645397564,1109.0295171405514
5.05557949499261,0.4911522553887842,1094.179377509322
5.05557949499261,0.4911522553887842,1094.179377509322
5.011190969810693,0.4979216112927238,1097.2706596386263
4.833883177900413,0.49236699765915226,1294.505015228291
5.147086858804021,0.5042472530234031,1112.6807586791922
4.8750983368607645,0.47824910136830473,996.0484366895946
4.894121142251045,0.469514386025438,1386.818883872318
5.106763937581307,0.5050176879362287,960.7365673305593
5.234919772769219,0.46509767603104524,1221.03023060435
4.744572704114935,0.5082527415003183,1090.4054491621264
4.886595142078311,0.4771771331690835,1277.5848008719581
4.6913139767569065,0.4560485328404696,1430.5836915355148
5.010264081540952,0.4691943034558615,1810.6373582546144
5.305331536340845,0.4815354062825855,867.2305551385766
5.211606913625183,0.4728252374283004,1039.257528312145
5.224893449012055,0.4748618149100279,1330.7412917536906
4.898970989593356,0.4713908394002973,1321.3394879272607
5.322330473787348,0.48908646139702694,1074.0825973061462
5.39161302291049,0.47783374265081313,1069.17556367307
5.286225826671749,0.48187157706095296,992.7290335922194
4.77949002518118,0.47165419593541036,1503.9221196287033
4.675678620797477,0.46402279165947874,1520.048138863347
4.764787016832375,0.4684616283781275,1556.3134741077943
5.359041272794504,0.46440366342045025,1161.392347617507
5.322894107727412,0.4753027131008675,1239.280903711936
4.774065973707858,0.5180972774307699,1106.6847063113516
4.794285283376525,0.5301350455293229,1086.6476054059756
5.419746158959857,0.45499437088059314,1341.9677357295586
5.1131637018266245,0.48235653834929076,979.3593183398152
5.099713773338761,0.48325877447805277,894.466543956262
5.69497061492313,0.4590612278774405,1430.165551001725
5.144947955479856,0.4741312538635775,941.731240213775
4.976575441785063,0.5325687811592014,1376.6086521587354
5.00606662256721,0.42797336364413696,1203.5960921408478
5.090739994039269,0.5067882200718942,1544.2619996250573
4.639862963586604,0.48375774995855614,1558.4594500263202
4.717359298224773,0.48384700813615034,1258.7742084670256
5.302992581569569,0.5284352038836865,925.0804680550635
5.162984042664774,0.5265240345507568,1027.2434764393709
4.880755263779226,0.448954733679773,1228.521368382672
5.506039473595546,0.4899051973813886,1231.6370174708863
5.384813361768202,0.4870235121655038,1231.9644094747525
5.269561050694061,0.46533839236890995,1412.7882113279368
5.088278108144628,0.5001631080548752,969.999568792094
4.815346783343832,0.49167179533663163,1407.8480245459525
5.496207700461732,0.4784774861657861,925.8652839901243
5.477702854949966,0.4829124143943132,1114.169035896006
4.994622757723078,0.4619163677610973,1269.1368521075142
5.061665594830084,0.4873761175926206,1288.887254288346
4.925242425163258,0.48759426053141036,1096.1176746804122
5.011364708304258,0.47528707373270673,1133.1842659815775
4.860778001452408,0.48747246627590934,1172.8437946025053
5.499146315913842,0.4871622954770245,1073.1160851035186
4.814508221608531,0.4994283852270565,1160.1879999764778
5.054524641927991,0.48104815913410415,1224.1740028297459
4.8354706306525275,0.5044588393240007,1479.9096624718889
4.838324448971074,0.4880914504973197,1384.2207970160118
5.273938330020486,0.4952669960374438,1100.0513579227586
5.540711734348155,0.45506192242961274,1166.3477141871815
4.847567593434934,0.5071817236151609,1294.443709849359
5.090775325919886,0.4899557052164226,1366.5158101770721
5.574085725876623,0.4814043896489514,1130.6084295178575
4.636872321767535,0.5059899337523778,1144.593069903858
4.690878974419928,0.48650604981454487,1530.9773088059699
5.135099315398778,0.4881617945832617,1022.0405453459136
5.300357577646295,0.4800368834683934,1212.921970707615
4.99359974727967,0.501998115202268,1111.7070687976704
4.81256003518764,0.5098061954241447,1148.3705992324642
5.083892756844118,0.5397034403013383,880.5619281305773
5.322038165687782,0.5109944031591482,964.6569317912675
4.5649454538028875,0.48143758797482544,1817.4485184968494
4.6942510023248065,0.48320069573580476,1165.9745886037904
5.217180614705992,0.5042124953667693,1094.882119775438
5.12979050577408,0.47628730309014417,1314.0157981444497
5.165519778750909,0.530498361713719,918.296058596043
5.196228262741077,0.5473399290488646,757.9283512326359
5.366377640173231,0.5493746122627159,710.784445227209
4.673792744181087,0.5185440364836982,1332.0395829029367
4.735037797959212,0.5067686031583715,1037.5476685834608
5.382651440828678,0.471960225698911,1176.5281261322777
4.731272457248491,0.48322578405527705,1158.030956254218
5.092184449691326,0.48457079283392307,1175.2142292876679
4.980779587319811,0.47405281054465215,1080.6243642136665
5.041113798543142,0.47522817326615785,1103.8521191276752
4.701113716314748,0.46712142868458645,1448.894154473257
4.568835824329184,0.47152601009534817,1193.1924952292645
4.715557746587031,0.48181709255393596,1104.8355413899287
5.502052776410309,0.46009988911980054,1034.2712532126525
5.084929941925198,0.4543527412459349,1809.7288293976926
4.888401500331199,0.46419750923342357,1395.45786653204
4.771847968881023,0.5054553837981905,1344.082286518927
4.672688044238187,0.5172383378806266,1214.536798543819
4.508113327746576,0.5075014032213806,1293.1628252480853
4.392467819833377,0.5004654945862604,1247.2262600656331
5.145901794065098,0.4797829694722823,1494.0743539879643
5.161675941789267,0.478228734173422,1056.3311277328376
4.891917603939885,0.5046499047761608,963.391200459007
4.89997090568943,0.5068644920906971,932.2334894307774
5.196901395460397,0.4810138186558682,1539.6843574246643
4.810831414633991,0.49627923960543185,1290.1252848731249
5.028581837432637,0.47263749061185173,1094.3103453726274
5.031744287490446,0.4912784233132375,921.3104006616824
5.020254897787189,0.49199608760271996,1250.0336777654552
4.9894472730341874,0.4664946798971066,1117.5845271953417
4.737799855372617,0.468094514989569,1629.0799432099777
4.823006875710773,0.4557598517301909,1375.84746553234
5.0206426575796534,0.5490418752612352,1050.7033616163421
4.632054826662417,0.4689055881617784,1237.652373876436
5.164941238005927,0.482524835158339,1470.5871664330662
5.024724985362532,0.51308363071215,981.2935295268773
5.0168865893364405,0.5178547789663128,977.1161477785353
5.050634095015552,0.5030231136483478,905.8858275563707
4.86615427523545,0.45919397371516935,1252.217879153445
4.913644008063094,0.46124444633221323,934.9666864314696
4.8706619445838255,0.46065372230563967,1251.1193456591975
5.270210881537841,0.46742312448487233,1275.5696462223534
5.164895331552355,0.47894900111217353,945.0511568485276
4.846729801910023,0.5114291644810353,1282.8361438211568
4.875875702905945,0.4674369570679866,1312.4007261114175
5.22208962764906,0.5002294464931316,1010.8150414151921
5.237926874084987,0.46355761926784494,1186.9526793749872
4.919655627504982,0.5176364521316605,1143.4843881262302
5.200048158063753,0.5170217563385482,932.2117096202408
5.270854146484907,0.5287054892271407,914.2002105945812
4.8165044591933155,0.518751483468908,1003.3424168143598
5.298757814631447,0.4906851830322671,1114.211151085814
5.379937685365134,0.48610123967960467,1114.3779844360488
5.182938644436143,0.5079477366096583,921.2452577462973
4.922243587536633,0.4583427469862404,1452.3454106930972
4.858632530174438,0.5041460889580257,971.8114783027685
4.8831471918679235,0.5264074343425085,1203.4719119771776
4.999108717162794,0.4802430897455074,1045.021187185034
5.0120623646275755,0.5214424639652576,1160.9681361020414
4.764923586852297,0.48469498930788435,1205.7135529701186
4.7877919611251745,0.48961549178767383,1081.0585178756035
5.055424403294249,0.4774111829049886,1282.808410763652
5.127341667541246,0.4963550893830959,1105.4807081006134
4.892801167093911,0.4881921016652629,1254.4572960387272
5.117639263513338,0.49536676614340946,1218.556387433466
5.222800488387632,0.511222147451531,1068.5711453832091
4.8467008862308605,0.49187560224362215,1280.6774977873586
4.913543845757109,0.48797180197298057,1121.6540493200282
4.808235829178082,0.48647898416769403,1305.8766137406024
4.829452504225918,0.48720201104756483,968.7069738739276
5.006026621330912,0.5040541449965462,1198.2476671470963
5.250949790534176,0.52141248612604,926.9951670830947
4.888031101150324,0.5099552602596142,1113.134728202025
5.051651376297067,0.4962147215284496,1158.314191029779
5.141206112382248,0.4849195957604844,1189.7706258458666
5.197836358323898,0.47339557670814736,1153.7510090507099
4.735080060047528,0.4982538552674687,1398.128033306491
5.371986146133875,0.48896991794265104,1162.1207537796672
5.406114085929338,0.48106840854427707,1148.6176292987147
5.246953350411519,0.4879829337160167,989.9433922645945
5.014953999823166,0.4753648604940706,1131.6797387049646
5.417254748654701,0.49982550516266033,1082.4425480555497
5.40171668118518,0.49220677010261177,904.8796827570828
4.544568761523552,0.501223428094063,1535.5576269742076
4.6480507519408425,0.4935480655265225,1210.8581475648919
5.005651397864009,0.483803893616487,1285.1907983700235
5.044170871240403,0.47012700864365453,1534.2585821443906
4.643266198638167,0.5224948330493663,851.459771508074
5.529307008649642,0.46414876120253223,1326.2090595567977
5.029128902102723,0.49206380999460225,986.6305109649924
4.814443697963519,0.4931021982089606,1128.6731209016993
5.479348928638957,0.5245607581414627,949.4820534820435
5.300745336484445,0.5131510503151829,1099.2567097046738
5.426929095534826,0.5054232436600077,960.7345484434522
4.716106625258489,0.5000378842846216,1206.2553088803998
5.100629063887501,0.4744889286554927,1224.1064739477652
4.638686211195853,0.5110884440128846,1179.518143744378
5.168636102998949,0.5024451856917774,950.7270935255551
4.79956383953448,0.5468584809938823,1076.2113620367754
4.8533009226306545,0.49950448787365054,892.5906347741907
4.722084424645055,0.5023243027765412,1023.9284050373608
4.85023103978787,0.5013897497717585,1054.754154588848
4.880039134903839,0.5251736389526649,998.1205383159753
5.15226308136419,0.5132312813068378,1105.9938921982002
4.831836341933013,0.5168838236273195,988.7510921381147
5.106275038831504,0.5143037425345205,1021.9378259894033
5.163429607611337,0.4811873304288965,1104.7140824161402
4.88441019177552,0.4976972743116471,1121.0341742471546
5.266501581016886,0.4682243600783328,1546.6411026191736
4.7782144533647255,0.5076163090304875,977.7694675738923
4.83112524414106,0.511923909289096,1280.5101450123277
4.456615988954235,0.47927646519877226,1400.9579123367143
5.088033798457183,0.5095693011680898,1162.1655594723682
5.082827704274735,0.5085444654196059,1159.7967486073198
4.7422330016882555,0.48533436469869823,949.5018544808698
5.3427570298819695,0.4970022789487742,1234.7763640461833
4.951967598415468,0.4921110592561536,952.8544732465406
4.936380053022408,0.49081078178288534,952.2829053465744
4.991518298222197,0.4960299861413462,968.8878566348967
4.979661560132313,0.45978971503416294,1291.0459241066635
4.991121842366857,0.46503747579177834,1317.8811675108716
4.997070453977411,0.4579037313205329,1494.44357692479
5.067117262679198,0.49270675560642574,1145.2357670177348
5.378086817861461,0.5142348741337389,1008.7653642240693
5.245558485056106,0.5042973964353558,964.6676361390963
5.038355632593131,0.4989928445951626,1323.048111323208
4.8970675026110335,0.4718008561560713,1179.3882067767665
5.262558505560106,0.5052882721748878,1061.2525435833995
5.193959241323608,0.5173503905637783,1059.4502367589394
5.259157662106322,0.5203321357141225,989.7047307952344
5.325752015822859,0.5238383044490285,947.3416065738663
4.565875737767653,0.47975357409177655,1766.1941588899176
4.568366953025096,0.45133451648411493,1771.3706457866244
4.605247543322138,0.461617331213585,1675.4704451996517
4.691171281752896,0.47238689157170854,1604.6623230697949
5.018465781617132,0.49750215944029674,1131.534188737353
4.9507757218554085,0.4850189701467993,1254.557393667594
5.14714856399174,0.4827664548259541,1219.7638363845344
4.734257910042102,0.4458313296735613,2045.0788668209343
4.830474594393951,0.42130049313129947,2613.7401328596934
4.6146701022626395,0.4348783441157045,2519.0483658502776
4.545934899051842,0.4355256155293129,2610.145232263453
4.453715809300774,0.5176716290741915,1074.0513722219862
5.4795640388389915,0.46199097159273084,1389.9607042898035
5.317580831499435,0.45977133577567497,1252.5899227026946
5.322514888442255,0.4985978317008861,1123.3571736139565
4.641028487462622,0.49685041367041305,1116.3746634600504
5.021534638322765,0.4963043974415083,1258.3099609754927
5.070869810655521,0.5083914111016037,1325.492574665292
5.067132441330483,0.49356358036192927,1070.5515283179784
5.366575360617251,0.4865848992368064,1282.9706213046304
4.8834083998960125,0.47298397097235445,1184.5621985315945
5.5654913556299075,0.45890687852695516,1192.3601956478726
4.836002836713554,0.515725346500864,1165.3206613290276
4.528356363136259,0.5008319475279682,1283.132225103691
4.797333103398891,0.5219098691001223,1153.8467439118403
4.648326646733153,0.486986262771779,1390.7324484493029
5.28474661126547,0.5070764573296171,899.6170989617817
5.222094160071166,0.49826449560631,848.5249025916723
5.045668270363801,0.47753031008747465,1516.127628615537
4.710736725881951,0.4828077094092169,1233.1356780287606
5.219404360866053,0.4858321365637669,966.8895801050164
5.010924744152148,0.5152694024513229,1017.3427225048224
4.471895913792448,0.5040081927516538,1038.3335150183107
4.608678590572037,0.5090861026096816,1061.7449477543287
4.983107548732837,0.4812008836631971,1465.1555415557737
5.236809279645189,0.4703283701886145,1032.284053486715
5.248760931461261,0.48251850226932597,960.1648370981947
4.830772069798741,0.5219431935031077,993.9570543318875
4.809371996367406,0.542777373815626,1049.6506271756223
5.1320374506886015,0.5463718014875524,813.9557279298194
5.055816484727624,0.546201439064199,954.9723866287424
5.1266154839310465,0.4747956264458433,1137.152560178278
5.079792569370375,0.48455139213313453,1002.8558062293205
5.251686116305004,0.47794820616204564,1543.1610060009657
5.03859094223979,0.4951572531619719,1161.399533086128
5.138636941509285,0.4883634659109616,1366.4396432123597
5.005993648615367,0.4594000752141872,1447.804369363874
4.9177709908083065,0.4724136704920625,1107.1228472676244
5.379477791464717,0.45328544942014015,1244.4539839976144
5.369894501489593,0.48088508191384893,1276.677166770934
4.877158749384063,0.469435828430184,1227.6995828817867
4.6485876963821795,0.46250341266883777,1632.938150006289
4.86583515957165,0.4741803286161801,1543.2041079183043
4.8754779424278905,0.4689271437642422,1738.0939310933263
4.811928442829995,0.4659356315498534,1823.6589985522908
4.6818537045895585,0.46051094124373876,1507.91713579856
5.109284879677219,0.45747560788711905,1324.9842084005866
4.793447668172022,0.5272493819965286,1021.7161063585628
4.920072200069792,0.533609036016014,1154.7157514932671
4.916399618486484,0.5339508594745349,1176.8798821369896
4.941413410090197,0.5237547019782315,1145.0815902351128
4.495262743395769,0.49210289057439394,1305.8054128772553
4.6712430620365195,0.49005887007280546,1517.3221087971647
4.8959724257407276,0.48851056092061074,1517.2362358186017
4.634519508611924,0.49952839590624437,1416.7116735058992
5.208652788323407,0.4814202644351966,1106.4538786308813
5.2486643913558915,0.4714042979177367,1081.4711481139138
5.573738174231544,0.46966816546495993,1167.002919290683
5.910326812032268,0.4666342471008701,1050.7333140819205
5.718723825132195,0.4572834641065226,1112.1978553453805
5.653495439592034,0.45949933429169926,1131.4204203381164
5.168910228869259,0.47739853984364966,1055.146104816711
5.051252495034752,0.4917542935737901,1088.924682913935
5.151940105307651,0.4853768423047288,932.5210163537464
4.994622668989494,0.4709595239110498,1036.186718271963
5.089038892266251,0.4792415351707848,1030.9450560095486
5.3841603018905415,0.5077179698416996,1129.164182187402
5.3197840909161735,0.5070142011666062,1189.4813923439324
4.581727269208921,0.4930628015335534,1222.717523228595
4.470843379722451,0.5012086578388467,1880.193927854525
5.370646029783926,0.4661056610891822,940.7070306631908
4.45466314050026,0.5084680825180687,1533.2930121902532
5.432011504683732,0.4561098923078573,1113.3510559362144
4.863521855424635,0.5010630543909836,977.4700382715755
4.941357507876485,0.5040747807374055,1024.860008181283
5.648817861679822,0.4731094414267593,1017.0214756860485
4.688237017943564,0.4732605513247363,1497.7753195076357
5.024250717180299,0.48357557178837896,1331.2063660648043
5.456951219734886,0.447698584068213,1074.731997612764
5.631946157863133,0.44162229137824177,1152.5886922550585
5.194037501992546,0.4543683368681789,1394.1263690088695
4.758123531814553,0.5006600203563214,1205.4649449857416
5.21291840137606,0.4697895665566816,1112.2488786922515
4.5621107154346685,0.491844864716324,1274.6082098074535
4.966877297579503,0.4483100323413132,1328.3983007280208
4.931677010250143,0.5155101600800333,1240.957825758915
5.356836633554352,0.4917811934627181,1208.5217568580965
5.054595815209209,0.49939462678117746,1100.606347861694
5.0103965815571465,0.49559627183739086,1258.6491909089254
4.831968534511573,0.4988901608241366,1461.7102089242126
5.202736466799437,0.507740884852136,1492.6619252355727
5.316700580449688,0.481682272870832,1566.3730739700063
5.438541759513912,0.4423049077018039,1451.5984822461758
5.454261133920252,0.43420403024079246,1422.0083513764184
5.304804832046664,0.47127299647480436,1059.6179104900596
5.338717906856945,0.5014938274267672,1040.7107476224066
4.8813986659552056,0.462305182499518,1633.1951209437123
4.99814973756015,0.48029731635236134,1487.244868359839
5.03237322932897,0.5088277231929883,1285.67663279722
5.00698195789001,0.49301310641685164,1048.7548451887371
5.213578421122273,0.47057961423726646,1181.79826173623
5.062802363048387,0.4896705796170176,1337.1908564341497
5.383718210333571,0.4732257824350264,1325.8542192027971
4.889067557562431,0.5211381360410715,1307.900687864182
4.80699876184179,0.5084744341957783,1276.7629694355724
5.279041154834029,0.5172705788522708,994.7611450203015
5.194117134502598,0.522838770090581,964.1206177601968
4.7394549140792765,0.5004900194506374,1438.2301683824628
4.698979880399274,0.5172711747468103,1278.7806358563885
4.671725827813245,0.5054981510387861,1271.3158862845903
5.569055504759166,0.4846625192180237,928.639469313686
4.696649848993499,0.5062818420879946,1348.1696670199412
4.9046804572633,0.488553985442821,1140.736491322041
5.086975306354661,0.48814465274753455,1147.6729413639264
5.092722528185107,0.4972607453584644,1187.7363844649421
4.958970634886175,0.4976356546200826,1174.832099668478
4.923425253990432,0.49967173290532985,1132.799332351871
4.899743122569494,0.49904837480931974,1101.6135035557954
5.1721771710749085,0.4440720600667899,1481.1905065384617
5.013776911774118,0.5355011902132931,1149.5643036876904
5.235152798997871,0.4534984983206905,1038.5096080589435
5.2681248643815435,0.474490191954963,1051.7182190101782
4.679859838555235,0.4885014730913884,1247.5730642986746
5.137439093443422,0.5463135852282971,964.8955813517621
5.017284238889048,0.560076228676434,792.7215903246583
5.161703483463133,0.5447697437043324,1022.2879386607726
5.25177107132073,0.4637392985723559,992.4016514272557
5.116359976026084,0.481596839412895,1175.8060220163131
4.763541455758351,0.49957784694113433,1441.1359174851052
4.966405848177315,0.49931660083998064,1015.8625449513357
4.952023084584904,0.49790918598956685,1131.4201062784005
5.12904191763382,0.4829544924900378,993.5613590191481
5.1005719360861095,0.49658807625097745,931.5806343676056
5.332361659322385,0.47444064684728754,1304.4813499274278
5.32750663191579,0.4834277203222657,1325.3505875615292
5.0117834466064215,0.47996264779949827,1138.8720854160326
5.12956532495926,0.484957713330533,1148.9514885832666
4.902346768097263,0.4840058226633819,1081.1762065999778
5.009132703950262,0.4871238119447773,1159.451579052344
5.330170358226277,0.4631879410416479,1215.1432695258227
4.783775082678566,0.47571699234977227,1151.3098203721152
5.143728983655373,0.44997227166725007,1118.659163893826
6.1310512698125805,0.48367958280043083,1040.7097512385753
6.355443072524205,0.4743382877496229,1012.7253462561812
5.784833205827875,0.46632413930189415,1147.9467749478144
4.6846070176277825,0.5123110883577698,1146.2397073985442
5.475037140060963,0.4573607251549898,1150.600016822713
5.109850576489444,0.4968532111986613,1043.6874028751681
4.9786684262999215,0.5112096340129669,1154.7820158411457
4.916503159482385,0.4834542861283278,1015.805256096313
5.685318256400084,0.4687229917995787,1167.3898739153133
5.617489638790987,0.44051753554622747,1108.5570795527924
5.475689772777305,0.46779428117162375,1122.0828355404324
5.30937793226512,0.4938366515011695,1058.3916124988586
5.214926246863558,0.4859252176248637,1101.5191941928763
4.6574531768448715,0.5217443020102301,1124.437750453482
4.8761708794293535,0.5019962744554037,1048.130854940114
5.0204692702084905,0.486414492893482,1318.545829076486
4.750535754769893,0.48483803671271924,1677.7515668668968
4.955310660753365,0.46450160462962775,1126.2307742425987
4.836462358884175,0.4701543122710855,970.1991245441777
4.916727132262866,0.4854792498276998,868.8720962179299
4.868281014739487,0.4830418594428437,854.9425650224782
4.608847217356588,0.48600102411341173,1790.9645109413298
5.1185522285710165,0.4765050683553057,1093.6134585912873
5.26282420198724,0.48223026655555906,1169.6371365251107
4.959753268895262,0.5155628376082468,1170.358668950373
4.701919484193911,0.47652361691594586,1370.3461809598525
5.114199098011324,0.4861575686508668,1175.4213355845395
4.99292163616329,0.4715960029383991,1366.6070332953643
5.381559820768336,0.4926714915199954,995.8251005418749
4.796156738461226,0.5453558863511441,809.6140589095961
5.683442929060156,0.49539152875971937,993.7025650260605
5.631905748120596,0.4970860113492534,1172.6525401305773
5.389125446755391,0.491181963969812,1136.0954527399224
5.016726665144231,0.46165472511180805,1297.8838581465702
5.5289598189279525,0.5010617241765342,1039.199828522245
5.1367222272726165,0.4853077910363032,1022.6195821035385
4.95497298428871,0.49081692706369695,1770.6427499206445
4.683783185670099,0.4506807682569462,1307.0148432895573
4.674136593005484,0.5005831264306462,1709.2584974761617
5.421937315460324,0.47922991963501627,803.824482444561
5.632435933422506,0.493710839312071,712.7956994074539
4.903871347753911,0.5140879540874446,1319.2575642700165
4.560477105780318,0.48886697334618245,1359.3356204156335
4.551826563774512,0.49028011785714837,1510.1807823501424
4.673681757895336,0.4969929187818626,1208.2919527556276
5.140086733423566,0.480805997488587,1098.0251540381105
5.154694264324429,0.5178067521131516,1116.277909288068
4.45646420881504,0.4975857729271859,1534.03368913992
4.487934985044204,0.5025647769395843,1665.8045438615284
4.478099865766583,0.49690671192227726,1489.1439900379771
5.154110179116499,0.450001778312427,1046.4453477829215
4.967087941271285,0.4636141742213394,1106.234128612845
4.88938410070922,0.5060513894195481,1339.3866136841475
5.294278659534555,0.45150371167551406,1172.5317160655916
4.979911834846883,0.5002127985327034,1061.798912653817
5.308438226103081,0.49481859619916624,984.0957008407772
5.221676800978414,0.468854894225049,1247.4388158038228
4.989637401576424,0.4716378414278513,1037.662157794183
5.38430155332625,0.46133949867979357,1028.0390098165672
5.348742853507578,0.45137476994448184,1012.9283035876797
4.678325443290274,0.4964551656372357,1056.899035308407
4.472006697992525,0.49677080830920234,1112.944977219022
4.613852463875671,0.5042614605596304,1317.415450861126
4.610548198228221,0.4923791629340031,1085.2243243660216
5.4849517124127525,0.4654792671827093,1288.2517755357578
5.191611377376445,0.45097656400195324,1196.0778157568823
4.845983278483976,0.4757692031608712,1481.6010280947057
5.462452613490066,0.5148430947588867,951.2591281739159
5.3005229915929455,0.5109372018476053,985.7968113830663
4.429544524808053,0.4930767831254434,1381.980194929977
4.566522250023452,0.5022838616360144,1218.5774849260893
4.768411208070392,0.5041268725310324,1286.3490336980176
5.107564605106882,0.5034591797412591,1398.6735345992024
4.879529834565881,0.49859211573894696,1267.1285259419992
4.692966303885353,0.47718809529536516,1224.9874999008596
4.875647329314421,0.4759941418111733,1039.685238842591
4.8734150783114245,0.4813216920347099,1480.4731338209265
4.899004933995253,0.478151046641832,1549.3054021786136
4.918730739271818,0.48652231228292336,1284.213831423276
4.708891704469186,0.49539589275226853,1273.336711333446
5.054282428398495,0.49059034664542955,1008.0802414077663
5.151012979883516,0.48007766378264255,1346.7666529522937
4.636288751645456,0.4713074863837263,1207.544437381287
5.211917827519002,0.5060984081974826,1085.3226693373124
5.313640503044045,0.49174755896308703,872.1846289987221
5.279415359043499,0.4813257120367482,1309.891576008302
4.890802748109874,0.4700052590451131,1187.1911845707725
4.969956994274961,0.46260562010245954,1231.4399641778937
5.131051408736542,0.4896810353192396,1178.5207947717456
5.374289144887066,0.47928617035812754,1017.7902224366535
5.074375223764651,0.5032902546689559,1024.1065620028653
4.933846428551262,0.5076092420965741,1268.4551941229881
5.00060099745989,0.5072912165010306,1091.5975236506795
5.4165047943494775,0.4693452590139119,1093.4784347044715
5.069628146703962,0.46450164119241677,1348.5957024600277
5.03493052969778,0.4647911657748645,1308.5124425825454
5.398755019884509,0.5065055756061357,978.7590549191274
5.052860992707437,0.5252850556726107,847.4006946817785
5.159834641703671,0.5184354652190901,943.0424171048389
5.07912605506245,0.45258803386525615,1178.4718148842069
5.178100195420845,0.48309315125127633,945.3024202483156
4.889673657490551,0.48977948040854097,994.8998556613359
4.945831747469331,0.47155348368844374,1089.5749546829468
5.2220465552973,0.47081747051212347,1152.3823102672484
4.87836875425011,0.5068378570405856,1100.2403238113448
5.466046091768789,0.48281644641708993,1036.8604811729658
5.225500866865554,0.4437373350669248,1378.5078044319027
5.014307646073518,0.47789031388511466,1437.7858655935622
5.058895026346953,0.5114117803049477,1147.5150795375273
5.044408507461098,0.46619674240408265,1251.8622068190198
4.934300593142233,0.5025989508537292,994.8405088512823
4.876210333305311,0.471782064455899,1334.4580254162363
5.398939890259595,0.4835226861343301,1153.1700889338358
5.41763452273034,0.4841768804941688,1149.298572124276
5.487143098804639,0.475904133875227,1085.830536199436
5.588382149425349,0.4846735490912411,999.8774032174838
5.161277234207665,0.46826055836172414,1279.923070301719
5.131785644834405,0.4662997525896619,1337.2697011593114
5.241536094941883,0.474528804458577,1454.1671946403371
4.742912123832635,0.49643276698968103,1100.984773202533
4.7267088340563586,0.4948384895716606,1069.7213115048105
4.72723391002015,0.4943739373804036,1038.8558055884887
5.262679219570206,0.5187144646554902,1102.3078216181464
4.774812887515001,0.48025256599238386,1237.918657565979
5.396113369008598,0.5007620903717372,1126.572383171146
5.022752723040591,0.44337500921031675,1238.8302836975042
5.1046938285547405,0.46737563258698456,1213.112098988883
4.65461977982191,0.49082885346863747,1054.3077135765823
4.656172483474032,0.49239466636024154,1128.960998035045
4.701725254874191,0.48551992943881284,1228.9248909071457
5.022198691524741,0.4878853771390954,1046.4063756560859
5.057426869906954,0.48786675021099013,1275.6336540269708
5.11457062893107,0.4953319266311628,1195.8757940275914
5.045136412331349,0.49612554734861786,1128.7124652849016
4.929201422361818,0.5004469043037053,1121.1943964809866
5.198409727937935,0.466603554756706,1097.8950590009879
5.322131811277648,0.5102557172221893,1020.1586242505002
5.298860157360491,0.5171840428672069,1040.0827947767773
4.399884511092554,0.5302221079526154,991.9094167275385
5.499859606700449,0.5049590008318183,1092.0443763767948
5.076816912663691,0.4711117076090211,1052.228722511474
4.776108653069091,0.47986084577055965,1249.220032055946
4.850163664261982,0.4593085405349326,1322.1279902701476
4.71055875835121,0.5085869945185765,1723.0983316686613
4.440136759497546,0.4906807536847191,1390.1113839045634
4.926862381186879,0.4963155494099405,1266.2533757632882
4.742861961493763,0.502162630375691,1022.7036824402194
4.916044513012443,0.506238138865842,931.9720441428144
4.8172842064471055,0.5027719626901035,937.2113235719527
5.081504002483898,0.5160834202089802,1193.4310100918913
5.221643912652779,0.5238043626469299,1237.4835838418996
4.901134595041196,0.5064833236628173,1102.4040476883765
5.124576687412212,0.4872267048426958,1137.633770518633
5.07877320368272,0.4553211771535212,1499.6291292067294
4.775494735027275,0.4700877800186931,1066.1677375831785
5.246926494636092,0.505473322823098,1263.0232289805585
5.29430658365418,0.4764920903372799,1551.9866871523784
4.974552194597717,0.4587447628046976,1099.8284399414374
5.199541993365454,0.4828607713673447,1429.579915875022
5.003379704456896,0.49478117842386415,1246.2147955808987
5.072562631414766,0.4985966086378857,1317.345624927069
4.713152344767025,0.5139526467591948,1271.0531266414996
5.257686952191864,0.45435494836961315,1158.7893631134534
4.7335481366685075,0.513774702843131,1052.127314346755
4.630613909274976,0.520715187522636,1160.5199534337146
4.89546242585514,0.4836433662157484,1217.36169368786
5.174801997592133,0.47987926062815917,1112.9683492516644
5.231619473359733,0.4947058271637854,1245.5136361134666
5.137768789337375,0.49366531042460565,1286.637946914453
5.287184273967403,0.4504955446984735,1045.2880864202473
5.251385653260562,0.4489977846308033,1050.2451820277538
5.406640528933889,0.46816406776421254,1196.352343086805
5.33429544695861,0.4664771843759528,1204.3537134198175
5.349379118008857,0.4596437886216796,1101.3212499431293
5.038740938789677,0.47550089968659015,1303.5559285559855
5.265552505428625,0.4790386967067158,1047.8863601943808
5.04354666032598,0.48565770705917266,1280.2327706869185
5.074455394342955,0.5026247336377971,1171.3563305794332
5.151078818331448,0.4925428343440859,1296.2372379457481
5.068794240522454,0.47648258817636957,981.7348242932235
5.113780153583485,0.5039239586484172,1307.1712301267842
4.739160865091937,0.48574984761120155,1488.9473360522259
5.490562235836626,0.4965939082443504,869.907843868722
5.245728834493885,0.4784423289285972,1057.2979250507171
4.999740119121302,0.4586919905827842,1286.9185785759944
4.849773549518633,0.5043222645502154,1345.391805286892
4.966695776414373,0.47823997864001194,1260.3056278140166
5.33943719149957,0.44546129879807417,1528.917158056928
5.163567848320822,0.4684084797738793,1069.7044873718517
5.417652946980535,0.4659672223439054,1058.1113116975093
4.6298129875571785,0.5101538966767659,1220.8321564528785
5.330910891933466,0.4488810193927846,1346.0721708312014
5.591962311662054,0.45897372485658533,1286.770414453756
5.039981501074264,0.49486024782439514,1111.4231417566853
5.011042744340179,0.4864346230306887,1257.2928493159372
4.61241234776827,0.4670488331172653,1513.4285346828754
5.454866892707391,0.4922932907920393,884.2404652134969
4.8087244273104695,0.4702451545607204,1464.7616457467725
4.903076610907455,0.49682314704251185,1071.5527557850828
5.085573231258915,0.48266628105791287,1131.1608972575093
5.6987889842464625,0.4879538931508016,945.6857713534763
5.5225531338511615,0.48300457844624534,860.1200794089884
4.867072821446632,0.5197418360219975,1248.859789073901
4.99373034814921,0.45421285485339413,1264.2285415747413
4.794123076267301,0.47756426512921496,1576.8929742994128
4.9150973114312935,0.5047784125519253,949.8044126554404
4.866331098551017,0.5311148237740709,1062.7986540411337
4.78279085021063,0.5050586225362301,1354.3987389262204
5.157615551061429,0.48664552088669943,997.2035249596377
4.491617840349435,0.5169419520683182,1254.7266400866818
5.061080877545336,0.47583984279159963,1134.807635455691
5.131016904831108,0.46466017675931115,1422.010097957073
5.321321358789844,0.4801794653701358,1405.4914474590269
4.68572030501647,0.42314542615195877,1675.9394114704482
5.047353101268469,0.5215345610326447,1380.7031565504851
5.2197766262478735,0.4046067672414601,1290.9382305500533
4.966898560359818,0.46927299678412804,1632.8189511459948
4.868621015639292,0.5131647530934387,922.0897016890773
5.162948049564284,0.5206422031329693,967.028617218202
5.185245858173286,0.5208474119494954,968.1285734273781
5.025061876726453,0.4668627376900968,1635.4493659848422
4.983177716167661,0.47435690935352887,1580.127710457828
4.927436383110189,0.48076734174188623,1507.263367778348
4.8341584696094415,0.4844883208316361,1110.1873666197132
4.758620639809444,0.4952577213867882,1040.28638130421
4.642177717044279,0.5326354826000823,1165.633777070691
5.494967821370288,0.44922373674562893,1372.205936359461
5.021366908060889,0.5098486327773896,798.351085650327
5.452960894410355,0.46916726332276254,1309.2489357732543
5.331405181674742,0.4753495313082356,1344.9046192629517
4.654311190742918,0.49767553354494265,1263.2966371301393
4.552039449809759,0.5194077472161337,1349.2790259421458
5.288495832743409,0.4915562996210385,1003.4398573613515
5.025582076620423,0.4623330357339661,1128.880374522258
5.520192606043752,0.48392981527109824,939.4591744027649
5.078672307165486,0.4549993025527913,1641.3485011419586
4.560532991202841,0.473586632378345,1387.830365973005
5.230832456960717,0.47556205059921997,1365.8153439614237
5.184453364081294,0.4860439241712149,1250.7788534497918
5.168778835074264,0.4724214732793318,1119.0250697297058
5.12974623442866,0.4875179707199392,1263.772564114838
4.800028663538634,0.4928125283181181,1026.406652541606
5.337105513952392,0.5164204724326242,1130.2081515548548
5.078907385863231,0.48984553004260883,1028.918223508641
5.163751882274285,0.492798200771021,1025.6997358529904
5.163751882274285,0.492798200771021,1025.6997358529904
5.084720377098542,0.48559523343425115,1285.9395453329184
5.0346774456305186,0.4476892438943075,1515.0751866046148
4.9593142904790986,0.470564365107617,1429.2309000778944
4.992156507513002,0.4704942601098527,1524.89301329858
5.120163390439499,0.4843496141204788,1352.5588159050542
5.003284045803522,0.4585578832554375,1404.2837037803383
5.05399267266125,0.5026288572153023,931.5159526578233
5.293082965842021,0.48390132816778747,1213.5375690173516
4.863416708531593,0.5137381134746497,1258.0896891801574
5.386502625335112,0.4777041029902733,1263.6817187551924
5.494903735033899,0.48441926860262674,881.4941519500549
4.512310067038623,0.48773613658673526,1528.8514160780294
5.515552194022666,0.4980246138002083,924.0322664703683
5.557447954245477,0.5016778019403444,1004.2870378333208
4.41572295839765,0.49926652987675846,1434.5820155471529
4.166884515678812,0.5134826720517585,1524.4057322896401
5.034340237584471,0.4919017232645205,1290.844694817084
5.427335956804283,0.4828079714765776,915.1639001880142
5.542951364139289,0.4847852366248339,1096.1836940226174
4.8027624560797655,0.4966456535466511,1409.3906676413621
4.633098644187403,0.5049258240965961,1058.4108169034223
4.896684580222149,0.5214232543703894,990.5865074134962
5.102016608281169,0.4617920855047326,1356.847354966918
5.064047347044051,0.47697190021686553,1495.742781531782
5.015645579602075,0.47548472753446597,1503.6084622985481
5.404363725599895,0.5079611623711586,972.9863043052228
4.813311438084886,0.4862257523623643,1709.6545452510286
4.808479889059282,0.470227217862781,1820.3773069190217
4.942440889296993,0.45162111704526786,1825.5516814455398
4.978306321526402,0.47303389436461757,1527.736175320806
5.128632663033825,0.48474359411275064,1813.2605518529435
4.860081136900601,0.4885977492149529,1165.2704064564748
4.909235263019207,0.4840297557502049,1082.1339714952458
5.3401916632946795,0.4995580159803024,960.784376794525
5.151874765550035,0.4480761128099507,1294.0535283089048
4.645800287205688,0.5065902211871675,987.6850570436337
5.109344322128852,0.5188640353338438,1223.631758447276
5.101385258763033,0.49403352404409895,1011.2061821176027
4.588921252318791,0.47358752952140903,1526.389744601612
4.983680249327285,0.4822227540876293,1325.47413780474
5.0896916269823675,0.4704431602723205,1415.88316711963
5.15006641760169,0.47479417953963143,1467.6964866330688
5.125576969140468,0.47836987108368284,953.1422404747028
5.095610776166914,0.49172584213552545,1284.298712762466
5.065048027164022,0.5196032368605277,1055.0306747313082
5.033051544485098,0.5094206128141106,1028.1407330170755
4.9804860828888575,0.519045688516418,935.7402969353255
5.247203001327424,0.5035369288949954,1030.6255018515158
5.335138655283274,0.5070729297303225,1151.7065795622761
5.074502883728525,0.4573122633954499,1239.3980882232709
4.885516743415837,0.4879318674593311,1356.9652219269772
5.167888798886392,0.49168657507546665,1088.2199032007763
5.229259001187833,0.5071442035761167,1186.450646072636
4.7924427915959775,0.49829917520851835,1166.900373425742
5.201825472466138,0.4973461822504924,1561.438256360942
4.773178191731733,0.4743137199294772,1067.1015307804028
4.666088867555777,0.48984037651898904,984.3722338373775
4.9308139848386405,0.49904302120924937,1067.606440468181
4.990300824855199,0.4995863261504231,1216.0473394428118
4.943437883275204,0.5015080366209757,1066.0310878053604
5.089601625014899,0.496460971380137,1176.012589365147
5.117117634546268,0.48872350309282964,1148.8908732857933
4.917764997237705,0.506464427399583,985.5322835878375
5.107450189080038,0.49080571312495075,1214.8925662025522
5.282298154674028,0.48959527081018017,963.2678535924921
4.831939532813627,0.5061439068627486,1069.156425582344
5.028532518909573,0.5139610038014683,1169.5012166330762
5.169219118408067,0.4856113167153479,1495.0811288355355
4.903958136653973,0.4411047538312744,1378.8579111054864
4.849136829328944,0.5227636673830094,913.057934473384
4.767041478148387,0.4931618090679964,1420.8734123635647
4.872995812567002,0.4961058306200309,1282.3542026408454
5.344512406835755,0.47769354871696457,1081.2576091778894
5.1827913422059995,0.4869172384830985,1098.3883896507577
5.0926050160560035,0.5131366578953384,1285.0420315527654
5.1359683713869755,0.4821886158716647,1007.3325437595956
5.525791467966378,0.48966083974051144,1082.739704506142
4.586069490965618,0.49504146743185024,1242.5324381369462
4.494054907975151,0.5463247163332037,1339.204921813171
4.861151506675073,0.4676894431731138,1168.7140921368423
4.856954008100058,0.45540551552245956,1354.584814240959
4.808473681552576,0.4666070638711923,1541.5635725631303
5.329773375934636,0.4863659348002887,1205.1373572752732
4.921769980384592,0.47615956436780443,1138.114665377852
5.250240592553773,0.4614906760489565,1224.0898123833697
5.285674440432163,0.4672657257728384,1082.892062203779
5.557186411579652,0.46701355951290047,1184.0610027917344
4.670438658138076,0.5260569400366505,1255.1291357048517
4.95354528499463,0.5026611289565738,1364.1282961178424
4.892687369748996,0.48439619685042234,1169.6307275055592
4.918130989866568,0.49381411880283693,1114.8462424814848
4.823423067755188,0.49560851412035173,1009.8229022421166
5.361132953118036,0.4776274199086403,1124.250163998631
4.88152716403394,0.5083364749404266,1073.8791336370796
4.782786886769929,0.5026280248614162,1090.945507926569
5.336153814414014,0.4636958163695713,970.8780056632726
5.386934771071836,0.49418582389788296,1185.8446595587973
5.033386063140803,0.4579919362676593,1404.445856258765
5.5391881032261745,0.4475998169841464,1237.8238635196838
4.847067118980322,0.4788914059999158,1297.536194544228
5.10641200189201,0.4899186594819649,1071.658435679171
4.997535571265019,0.5002852746337889,1148.9647095829184
5.003297133604695,0.5115782238949592,1232.057539407656
4.865818621739285,0.5006270496679291,1166.0120699434635
4.911507997112308,0.4850311775486698,1238.521644075252
4.850519175348742,0.517174262229,1160.3606626507874
4.888414681215953,0.5284144511361593,1102.4931772307875
5.205327297280687,0.4911852894894365,1133.7039074578518
5.232012292553979,0.44726603536387877,1141.8948322740284
5.144954272044516,0.46887218865669616,1067.027867032831
4.784783412224519,0.4899020337187699,1633.3244117926056
5.0638454031068045,0.5018675542261006,1068.4240860530015
4.9474135050523715,0.4764492259979556,1514.050220952149
5.03124126232001,0.49806976105269757,1462.9103320786562
5.62710171871635,0.480062057447718,730.5066761450686
4.976540748679524,0.45263907657418967,1645.5312695748023
5.161514189012959,0.42626312270616606,1500.5989022543808
5.749183241377413,0.4758538405288014,1170.4199201110143
4.655985016129882,0.49441788265317715,1106.3753326512199
5.229441970680414,0.466772014912716,1034.4610034340392
5.142255598384584,0.47920782620331953,1009.1424696518656
5.07022991429197,0.460419379015867,1120.3251239041401
5.292752497203606,0.4771591634095751,1085.4776726072632
5.068753739108145,0.4975756127740156,1175.691633555954
5.078621337098933,0.47672970127733755,1209.305171893081
4.859186955455915,0.49126789902009504,1223.0682291067528
4.881210176888295,0.48753813740703467,1398.826204457466
5.341529424779983,0.4782093012955579,1053.1305244372686
5.024365218199929,0.4907045612734429,1214.1932047889197
4.897401820832252,0.5134156382159902,1174.1440487921302
4.263323971013489,0.5071269839096537,1283.4994640463574
4.927930643330806,0.463153618661861,1492.3063755877915
5.382295941082942,0.48574372147612827,1075.6527545538581
4.945178401322529,0.4986486942285351,1349.5766385963793
5.247887537235765,0.4932898552097387,1108.2650635125456
4.996904831268004,0.49548216695466807,1374.339249028978
4.987231011185338,0.45520331952609866,1332.7667550398285
5.455060479413314,0.4612000208830299,1331.6281864254918
4.994952693388043,0.5049222748392106,942.8318552075369
5.011824728132122,0.5161804769510245,1116.9369047119274
4.862022346006661,0.4615626066147381,1330.926490159912
4.934739553519892,0.5173529551123136,1009.986731065803
5.136010094909168,0.4578931371302759,1463.4717272007226
4.757688360646551,0.5323527453007445,986.1561736961581
5.12431787545719,0.5295920827931878,1061.445596256446
5.142488529436988,0.4874714324571787,920.6397343638214
5.244126164982507,0.49381156447967944,1252.6729377010906
4.917370327312596,0.4691710824844479,1447.5996830479694
5.1580170485142505,0.5069852074532213,951.7530554677955
4.940296424821892,0.4924976295685298,1462.574360473355
4.642318293450094,0.47724607045219286,1298.6597876744418
5.0022331621944405,0.49321719158904115,1339.4812516877053
4.861505747851782,0.466295584146762,1158.9371000860995
5.360496253328902,0.4643941885339904,1421.916082984966
5.379793686585581,0.4773396311734212,1549.7048231492124
5.199805563193801,0.46115272428997434,1360.0187587002388
4.947228977731931,0.4542015099508152,1317.0372719131303
5.175770878257567,0.47443080522042946,1221.3955425765707
4.793168009603394,0.4591278137559005,1281.4085069145024
5.529196125321981,0.4908174374747054,1123.5493077759388
5.010452544874473,0.4812937609729865,1156.6967640946843
4.933151791295253,0.5000898999639365,1328.1870278080244
4.952490333473066,0.464897027608676,1613.204831837378
4.8857549540477,0.4667623667036928,1550.541142113096
4.839085804620686,0.4831596779742891,1313.9293586135734
4.981723483100177,0.5105315678773347,1027.911583151341
4.9605885348546375,0.5126011214740112,1022.364486448704
4.99290428852544,0.5136680220118567,1035.040653240216
4.861023380251586,0.5021698109240943,1228.8557181528229
4.8032299839274835,0.4743635971542168,1188.6049432260716
5.676032020305993,0.4747530459527113,1204.1743225467103
4.57986184433373,0.4654262081083296,1454.2363504046455
4.90542213061771,0.4892089893865961,1713.6993344793386
4.8746315486995515,0.48404550365525806,1675.8371802980373
5.4618536826842545,0.4587180927108359,1044.060514810012
5.470552900059933,0.48399291831273844,1160.8910843151634
4.964510521090726,0.48535930587168,1073.8710663556435
5.065270060226826,0.46687272109643324,1482.266391863545
4.922727640140165,0.4598091827122732,944.976841473912
5.358058351540438,0.4948248548312562,981.7458716038386
4.826467407589961,0.4880154165849742,1549.078807339398
4.651876359353928,0.4670244362665513,1479.1693026703351
4.951954514107026,0.55733743090452,914.3350458513049
5.312330933707364,0.4794937645317944,1122.6142261791063
4.766110039679085,0.487745991912465,1327.7143243151927
5.418376325787095,0.4758718661044474,1110.7022597098037
5.376900148496564,0.4722053446623167,1146.5121820026072
4.783017173526082,0.5078363671362285,1312.5741593788202
5.0038481675636595,0.5076844728012547,1240.7310710871807
4.9164884474848565,0.4925490356825488,1128.1786693631261
5.020758033117821,0.5123192229435779,1042.7604416474683
4.936892517502071,0.49516909755228805,1125.201304502631
5.038512353577633,0.48905901237793065,1120.7532280818255
5.201814237570525,0.5016528440609168,977.2516558789646
5.299347197560936,0.45295534165327916,1282.332373096218
5.2365437087962325,0.5243062801763207,995.8282735067444
5.129983812407394,0.5051336046899142,975.7785456555878
5.126985366318125,0.520943668801299,959.5406461456818
4.7311813349871885,0.4919068069158533,1221.8180623742885
4.890599665346606,0.49829994134922606,1160.548373503404
4.856866038427889,0.4866782540668162,1119.9576900717645
4.6193144650509295,0.4877144353537309,1808.5782910842113
4.6976815515718355,0.4754342348089162,1655.8034665057787
4.448685495928076,0.47119062061313116,1769.1378143364784
4.2619492458734785,0.49122123621523966,1725.9586771356214
5.148147665053851,0.46663452392796523,1412.4761415175271
5.35938173597955,0.46959769772298415,1527.2244805200125
5.338570444751466,0.4414107006767047,1424.3265866984614
5.349519941925366,0.5075154233009257,940.2681803929752
4.8270011829878054,0.4967828992372839,1412.176850352105
4.8102041002814975,0.46324098498813476,1500.3786457515068
4.896512200514828,0.5069223025539014,970.95400334495
5.08321124242349,0.47204283472188,2529.985901773524
4.485577327200557,0.4567239294068037,1553.409973773218
4.99514504238433,0.5487660036328368,971.0957432170078
5.222575822309368,0.44702100307829723,1008.529779402197
5.05490627765153,0.46304086936332284,1391.807616489164
4.866987896486901,0.4938609237916043,1196.4043334892272
5.062530853899823,0.5066590167567954,1216.361473104371
4.649195101708675,0.5131420831210192,1130.9084278134617
5.327388131919951,0.470929928509948,1097.8980771926533
5.026717681133796,0.49566193979265494,1455.1980116434343
5.044876155017696,0.4971624561713278,1477.7188437993316
4.7089038922949715,0.46000896534058544,1349.696279984256
4.941851821719454,0.49713885673381425,1348.1409613516535
5.020198386680072,0.5231800693175837,989.3716623212101
5.12845196079818,0.4899501386874914,1250.198239249782
5.03065843568139,0.4839385425878706,1025.0250312077849
4.898684599505355,0.4688990775402949,1165.4463756265368
5.1345010634607355,0.47541991902531466,1334.7916343177756
5.636249767475471,0.47738219565010265,1110.3226628859238
4.682851547865598,0.4708710618884955,1350.4374112167732
5.479470499746088,0.48131554555923667,1131.4218257662662
4.704289081836266,0.495694918874166,1007.722397578829
5.267805393607255,0.47411361107000366,1057.8756722089372
5.0143228438835346,0.5006239899600422,1088.3655628949086
4.7105966989134265,0.5017261677118093,1265.2265288203223
4.776634349379343,0.49865064317413527,1268.6649638701447
5.391517002514311,0.4559413865667038,1419.672500993835
4.935522526622894,0.4758157461720948,1203.872555755176
4.927098664326622,0.4989211964005071,1416.7761719239675
4.95542715811803,0.5011136463643335,1281.6718990299198
4.753636504013263,0.4917968119066165,1245.8075051165347
5.092001611357993,0.5009548868592503,1210.4751214397197
5.305818464324035,0.5140159870483215,1207.8938792916103
4.90378456580643,0.48026599412037063,1472.659021308392
4.928418461832651,0.4774626894755726,1445.7021164503492
4.890638610080414,0.4692514822048003,1396.5753662996715
4.69917968324585,0.4712392603901405,1252.1225049436382
4.953722579928117,0.4885685057083022,1207.6450882906624
5.273979089039733,0.4894899225665483,1015.4770895549714
4.88722698647474,0.4941939949109243,1149.154906742526
4.736403322415173,0.5277947852094271,1149.2407750822135
4.94917042979548,0.46718213676105863,1383.7103944374057
4.810695828004828,0.5157447436570194,1094.4778471846307
5.202173606115633,0.48799703956964374,1009.0448596215376
4.73149280070612,0.5004659053733919,1138.2327995679682
4.692503800466272,0.4824043114695039,1240.1038334880861
4.945261558478678,0.5017132727389361,1383.5344417862045
5.2178012859032785,0.46688083631984223,1500.7889338047341
5.139841710056237,0.5239689047118643,1042.9597421701462
5.044810896697719,0.5147345505892951,1084.3118980431984
4.874464254408204,0.49030366823798627,1148.1242429735091
4.850892174298886,0.4560084970386754,1218.8000145802691
4.934290555408564,0.5250361894267492,1289.5576287767856
4.784013239831989,0.5115291569022563,1211.5883458372182
5.059427632469543,0.5109983074885777,1246.7493426943238
5.587795664146415,0.4684971501258813,1306.0108476568705
5.437250961615587,0.4532484436466126,1236.6964614326423
4.594909724150647,0.5272134475314331,912.7118278974923
4.925823256394246,0.5167731869141813,951.1082839700772
4.814526743214081,0.49360678637226224,1338.0831089360393
4.721862954326724,0.4674962963192121,1376.3756985535326
5.43031304081164,0.4547387808455963,1375.2111921403398
5.051986649132822,0.4980399109164743,898.9364985488531
4.800536743590446,0.4904849046458119,1523.9917606740487
4.935894576090095,0.48562424404777893,1352.2232355972308
5.186663244503896,0.47264026364771816,1163.3005269254481
4.552013001045351,0.47884419658470456,1588.066097274763
4.406684710637411,0.48175878532838917,1860.9495149262073
4.208571357383908,0.48765943398621964,1629.2594451154155
4.477601578642249,0.49602747707067235,1739.9341284467093
4.521882094613962,0.4468386682324514,2102.674223065999
4.440473387731298,0.46456523577915326,1883.4682594271935
4.847476873360066,0.4956067943807376,1339.2014361913984
5.205389704408966,0.47864595545114297,1076.7648117681474
6.054697023917314,0.462064332414397,1187.3730357916668
4.566066973326402,0.4852193416906415,1267.336088611595
4.7948496007148105,0.5012079188642585,1372.8445686213622
5.380251890092859,0.47981613395521927,1126.4378966299118
5.333500543251216,0.48334247447032885,1221.2457247154018
4.912908525897238,0.45165621609871043,974.9934448759577
5.116999761588348,0.4744021885511086,1338.8704501941854
4.791623698512496,0.4948967463632808,1069.4647695544086
5.194137344040824,0.4705051342795445,993.4149110166078
5.058223046508017,0.4561057874709037,1742.0893510227531
4.557287972825616,0.5158469627928023,976.9261333387678
4.625147384634217,0.5098938219679222,985.9713411870454
4.866059228838716,0.522957179847891,1229.2402950472103
4.814011809646614,0.4841819165918337,1092.608763987797
5.422963012773435,0.49094999098188286,1231.4640844992305
4.901107302819764,0.4848573620790182,1036.4898327830356
4.967232082060646,0.47701493248764193,1011.4787321595509
5.321847596548069,0.4926773521778252,1450.5268933979346
5.160239476522737,0.49184865462718264,1292.068810371659
5.412900854928893,0.4873097312135923,1181.3246174742335
4.998350523426335,0.48186271019821436,1017.4308444271867
5.55147815934886,0.5015697728961146,1038.4905925343928
4.976247455128253,0.48850301653511674,995.268874136032
4.98989409144872,0.5077592301850662,1815.7344280567445
4.403106893959907,0.48787056476680263,1464.6781677783304
4.6627376925137956,0.5096520132969223,1434.8729828455582
4.7588802769958765,0.538950393156928,1100.5960642787202
4.989146221775051,0.4463945860297693,1420.0294589389018
5.65504151489447,0.5012045270525188,876.7275756410868
5.294035802701365,0.4687527806203734,1136.6199103624645
5.398245232431256,0.478012693481111,1088.1919124209803
4.653027332404556,0.4733461240580619,1332.7770158601218
5.359952889944434,0.47486813441801684,1266.106584854343
5.35130787647298,0.4872389051006501,1149.2279292472906
4.930545701103314,0.49341060427419886,1287.976556619224
5.290964239200428,0.491718592445814,1163.77787078297
5.161681209394088,0.4994358865712971,1182.5963289951392
4.908210440974988,0.513116988379219,1060.1947560543388
4.803655310629869,0.4779906619037342,1442.4162635133403
4.91954499454785,0.49176054064529434,1478.5888454815938
5.078467636447054,0.4983332736472044,989.9405640016818
5.1887633824494435,0.48412957853262106,1306.543399177726
4.853268864561668,0.517934237007586,1261.188732367145
4.755214865201989,0.5221386633266635,1109.553453763266
4.904295452253597,0.4622603070240491,1583.1858408504356
4.885008889592009,0.463321515461212,1451.3964335449225
5.211789709868213,0.5139701129751545,940.4117182374698
4.833134556419891,0.47550753042065613,1293.6290309483668
4.80811825053193,0.5276924201013962,1051.573649717479
5.6130306686278,0.4997067448429088,848.7756422037613
4.722965313605312,0.46594335347323773,1442.107628863421
5.2023079831868175,0.47673426039033656,1251.5295368113823
5.008472703661637,0.507105311380033,1028.290761896399
5.1021056171247,0.5104664489760254,989.7994857775981
4.920158929603996,0.4636852425957302,1251.3651891901166
4.893876894794669,0.5005301788879355,1267.1805780569055
4.6815497487729,0.5123508709180918,1299.8486784364163
5.288382403572019,0.5062420891899655,849.5255418238789
4.657514811464848,0.46547488866511155,1466.8031407203991
4.784032569570313,0.526574564864582,1151.5014571385432
5.198108490336991,0.48002322293648286,1070.748659786035
4.8196913947920255,0.49652092740629267,1181.6246198021668
4.955505756196269,0.45432371586054376,1377.4614947382508
5.582284471231495,0.5001497460478123,916.2480475220311
4.564795120297736,0.4839844519026763,1509.4978628702074
5.333827321420391,0.4697086767783807,1138.5736733060369
5.333827321420391,0.4697086767783807,1138.5736733060369
5.502394434153743,0.45999143094557116,1065.6757267505855
5.336596534859318,0.466581863702949,1142.8940185905046
4.731262648999341,0.5122493138100688,1148.2481303722138
5.252441162831991,0.4537653479935926,1282.340866560491
5.122872081427384,0.5000172180203812,1070.006387263607
4.984725894091384,0.5294060682157153,945.8206993519999
5.130408370230592,0.5123143440860991,962.2477228686938
4.938140290571623,0.5427282755867212,943.4843714611729
4.609459342906622,0.4834369506615113,1193.2081535967754
4.872413068148978,0.4802279774019565,1135.235831484804
4.823448045593149,0.49889535262062734,986.3584671033137
5.380729189809105,0.4945015423998412,1088.1797924768734
5.3507347902199065,0.48681901506862557,1071.9056223203136
5.2590667423872866,0.4814780857302659,1061.5097711058588
4.549461661813667,0.4962635742111976,1425.7436325406095
4.942076204686308,0.5059828216163011,1724.4972145631616
4.636566692477528,0.47436540934032034,1070.3254229183003
4.973859723615495,0.484902686356517,1304.2194283087147
4.626468843831064,0.49383094946495043,1270.882967473748
4.790781389726475,0.5142602534882809,1198.36352471027
4.976326257965825,0.4581209837229629,1423.0234612974964
4.82717780009043,0.5043285240062496,1144.6938063016228
4.7440679327362485,0.52828745246444,1025.2146561817672
5.224564061564531,0.4504267354742203,1382.8410690141889
5.2608244242191695,0.5179944481586637,1070.6999178019123
4.945902862071531,0.48713616776292606,1563.3293489842683
4.87889221147618,0.4549568022779277,1250.1605822551028
4.9930031093887965,0.46647225105488965,1309.0904491125207
4.9930031093887965,0.46647225105488965,1309.0904491125207
4.587927627806991,0.5334631099714453,1169.0096153242614
5.068131732345319,0.5045483585492586,1010.5201172023751
5.025290414961403,0.5000024579677788,1048.8540311219808
5.048808822656784,0.4844232687019509,1231.6628979115167
4.84291677944001,0.47251080167253756,1505.6252889930295
5.236440757984433,0.5103922205353159,929.0746104559187
5.2685113799682455,0.45457744152749,1304.7729988861151
5.064528719162485,0.46152444142371934,1548.7524228790346
5.048062350769723,0.4586289269656146,1557.3396703136868
4.4342764792322065,0.521567150394414,1301.7098062606672
5.680613780211251,0.4549335919178972,1021.3364584724144
5.346706727333687,0.4808478761529799,1031.4649972321533
4.692092698922905,0.488007179761097,1223.7934510024227
5.077072086132837,0.49754424447364887,1020.3599823849561
5.060066584999392,0.47990136192717425,1071.7647397132353
4.941705098247065,0.49343695480344935,1155.6439426380991
4.679177411499446,0.48467855331753024,972.1455195587832
4.7230369661198965,0.4786074114787009,1094.7266133683345
5.250994524388333,0.5508576104336832,942.8603522917891
5.247996815872479,0.5397757713857197,914.8616686480526
4.699180022677659,0.49057557028975096,1140.9148095650748
5.1444684975009825,0.49624312389829106,1173.4118435075052
5.037295136801632,0.49353615044571797,1117.319234920271
4.957777341830294,0.49591925655468677,1062.8323169558694
5.213079785241184,0.4704722598025551,1363.335512379912
4.770953454960248,0.46983900860459216,1288.2129541811312
5.358853007916615,0.49457225840521124,1056.910529578126
5.483990219752093,0.4813249844572898,944.3488359133535
5.128553143802128,0.49003238293507634,1300.9039987875483
5.252818071108556,0.48479880123575475,915.4145359339249
5.130677201907594,0.4776406992619397,1204.038150639707
5.007926107690847,0.4974421929352435,1202.6457510415114
4.803100435713941,0.4923969252788124,1315.4850104824434
5.007558142300604,0.490421076470801,1039.9024600864218
5.071379131781857,0.4780914309007428,1121.924603803413
5.231596800131361,0.4919348351737991,1199.2513779115577
4.987397870136167,0.49662758702273574,1391.8544118902707
4.995323238521233,0.4871203963877275,1238.1080113377593
4.851381374150164,0.4797182027700572,1494.967964365823
5.118522915817078,0.47599032373341343,1141.8802734811752
5.176362962980813,0.47455333796082405,1183.7015419568213
4.919269307908603,0.4991093281185918,1125.7190362330164
5.075736302887326,0.47979370606097244,1260.7641872303304
5.042658453934957,0.5008260266696684,1145.0513229042365
4.769361012010447,0.5165784009427229,1098.5376774913912
4.894820064789748,0.5370680791888548,1087.7661497332288
4.725011266618505,0.5049218443360666,1053.1709416784963
5.08494840614935,0.4844559270247109,1222.2894107742848
5.293142545373388,0.46707643183424613,1194.7628162304227
5.100085734347118,0.4945703434736106,1042.6920281942278
5.589684737874618,0.4563603754439187,1241.0777554219874
5.428293208274511,0.44576162195787894,1013.7724040683077
4.688191564817762,0.5656133490169479,1044.6516446466865
5.34141900307891,0.498464756156973,820.3806825513427
5.157941977144094,0.5044481700872835,913.5766666700636
4.947715801028379,0.52003640966763,948.2995116069558
4.945555466978506,0.4883783664477078,1457.2418246716377
5.252529351953286,0.46601990980239927,1178.8667133593267
5.24200637640669,0.4921959590128867,995.9792539308758
5.357364984844049,0.5144327749757619,1055.8577246509856
4.938389292947759,0.49042532744330886,1020.149327837534
4.9095665120462,0.47543711613081163,1148.768133195025
4.7297592401229736,0.49657656130688654,1497.8328395445972
4.611485428268699,0.4997702938732887,1615.0766584378957
4.68841772904811,0.4743813404071738,1342.2119342964477
4.899504686519093,0.505268108329468,1089.439905390479
5.009624877963111,0.46843719457866384,1255.0397535818688
5.1790348871338185,0.5078532664530538,1101.8492599385713
5.1790348871338185,0.5078532664530538,1101.8492599385713
5.377844306167728,0.47924812089854374,932.8376373497333
5.191231827745156,0.4772892402887051,1055.495782957299
5.1194923392207174,0.47710074830305577,1125.7063181206327
5.231439057194113,0.4810583127256287,1247.3031415527291
4.9920498539091005,0.5092683798431394,1138.1898041068134
4.980754032740345,0.4843025488360805,956.3951339884735
5.348678742598537,0.48626531768758574,1080.1329317121717
5.154969904330227,0.4787283569122063,1047.1685235782977
4.682843708913747,0.5048608659393942,1231.5428238024551
4.6450117995290245,0.5357566039486172,1311.419606612143
4.856148755536075,0.5122534221322828,1177.5550881071772
4.94340429442921,0.4968346317016674,948.9105218087707
5.239000362189755,0.5028609627422014,1215.5827834194665
5.338936474604056,0.47625892165236305,1108.5329000093432
5.290954111691953,0.4875662839380632,1101.5352694603419
5.084699550443182,0.44761053340639867,1425.6033339121957
4.905721765516916,0.46477672451944546,1489.638131985491
4.7236762475834935,0.4943314060788348,1666.0860616578054
5.06293865168263,0.45829900727415984,1588.756120416669
4.996127302292397,0.5241059983493122,901.4999471102183
5.082981776402282,0.48094063144249516,1207.1807412702583
5.088446340698,0.4808730639693604,1211.1948187879552
4.989787590160848,0.5027377625435552,1099.2227416949347
5.0623651444363675,0.4763105837955877,1267.4143341700087
5.011279669672744,0.5038724463086864,1068.127117755108
5.0904837362807385,0.47940160697491363,1275.0006013449542
5.343462923955815,0.49810780203943383,1146.7742466479654
5.192538736216349,0.4924346618784451,1035.0857037591259
4.748218183168641,0.49647425355676933,1379.0512347115432
5.1049256446273334,0.47299271107061164,988.2651657094331
4.730801622698506,0.46283249800115267,1767.4401584954537
5.055142500748411,0.47210794363807734,1495.3595282746503
5.169627132412715,0.4865684683893392,1497.3619272972817
5.364524910818988,0.4772103832416332,1296.9932537169334
4.696900998847384,0.47851823334933746,1001.3984591045111
4.839751831728334,0.47155639207452976,1532.586465721418
5.372707395086652,0.521238881278328,954.9663304810371
4.878827357496118,0.4860256509478458,1076.5742275913838
4.932877228502791,0.5005621164885714,1317.7666031295516
5.048972317082653,0.4847687637455365,1056.683344066095
5.008137204905703,0.5059856183983068,1187.9446528154556
5.315415590313933,0.4763884741036845,1216.1423709797932
5.502354564548765,0.47597397693656407,964.2950046411579
5.524505493610626,0.493996313678188,1005.6434945674031
4.756999481565927,0.5028647024555033,1457.0238418788983
5.2939610027100406,0.4771728196757374,1160.260440626807
4.854329542636533,0.5058371981581914,1218.356066296768
5.135774880404188,0.5220190974846854,1125.3630963410237
4.841434490084048,0.5094433280581075,1149.6393936145291
5.109656421718133,0.4617368909358727,1193.9252218859497
5.366015433807381,0.504499314243466,1010.8911168448901
5.424950489028285,0.5165395457204299,1036.6125613364843
5.162698773567968,0.5166254599210193,988.0956035439187
5.131131978837319,0.5025062971828512,938.4541848566573
5.150918522083195,0.4877037959301974,1200.2165633062339
5.233190177263469,0.4872820977474155,1223.2227893756606
4.97976475273641,0.489964002870148,1007.6395021448282
4.945764705360043,0.4727747566070899,1201.7510877737398
5.332852197103458,0.49172473208764533,1186.7288821027757
4.869933577828758,0.5168784281557383,880.8441103936992
5.171160969296252,0.5103783122591363,851.4227442852274
5.148920192761051,0.499265399715238,873.6544320153417
5.064111299793915,0.5054885968138725,931.3357484246283
5.118716668881305,0.5091655735563305,1104.4927192690886
4.871448257655197,0.5160502501218732,915.6534253012193
4.8816412578845485,0.48305245708859396,1487.8532432944576
4.7265834575541135,0.47621198128068326,1636.4804549532644
4.6451347752453325,0.47765749897784365,1505.529869618646
4.632236986003153,0.4745827966190018,1518.1976202659228
5.2572479812584705,0.47045234996244684,1411.7227445959807
4.7735444942975915,0.48404906956823895,1229.0739805250178
4.961056955517175,0.5013930957085841,1320.1309143065228
5.387562164216833,0.46230724636621906,1167.5501506925057
5.380998963952172,0.4713481537226012,1205.836015587442
4.778473086318816,0.5084213014869486,1378.6572670174205
4.744230435749822,0.4680483031702941,1315.4359702604308
4.846391722732082,0.4796107064445235,1570.600589419048
4.337673531068209,0.46728685279323345,1894.7347699966886
4.395242492985597,0.49635953867477156,1393.6651888519002
4.355990786891051,0.5053708649329538,1427.721391424162
4.721822214771755,0.5058453523604045,1465.8819339999573
5.020023612888529,0.47739426285377645,1036.1052197054667
4.9891472972853785,0.49877085454405595,1076.145480461514
4.706358167145089,0.5145326889296625,1174.321025425931
4.858910259704231,0.5113477736242598,1262.5795377925126
5.398504011978504,0.48496668087195943,1196.7675410443194
4.597293024379199,0.49438356825013124,1229.7295136523132
4.6679798073488215,0.5135117462899821,1071.995684990932
4.96751538627472,0.47021884412250614,1535.3478697514313
4.929822819430312,0.4643647935889483,1294.1597516807483
4.777249917208986,0.5142846081913534,1446.1701283146167
5.293801110348945,0.49244594239898937,970.8615939966799
4.527493766659664,0.5009238748354642,1250.5749066011997
5.368065994973751,0.4581158409410408,1548.293506479481
4.412445209860208,0.49934887604369066,1353.5417697573523
4.56413799485772,0.48999812493692535,1385.557517229743
5.054133138967727,0.46482784822698464,1212.4163219374666
5.148067779899432,0.4815751554591889,1244.9186563012477
5.158026326470332,0.48286373396170124,1402.51082413781
4.767884225429497,0.4804299930170942,1079.5081272166226
4.766136201891373,0.4794114199688189,1026.1883873327583
4.852666664724762,0.4736085858450064,1106.3886348707524
5.586436275454572,0.5313642569552837,1001.1266996634749
5.188677432713978,0.5023171732459635,754.2261690146075
5.094074177452139,0.510822052309783,958.351470670137
5.020191125543874,0.46891449099177357,1286.5783027512623
5.033514097275643,0.5005989609073703,1239.7128315451514
4.709116038179261,0.5091157446852973,1091.200991706273
5.385427156284467,0.4622171324460657,1200.2224592594514
5.18162995232292,0.4663642590149751,1279.3872225427401
4.889916652155475,0.5137738365492394,1111.8379783986602
4.483635626866443,0.4870989550956754,1666.494268313895
4.869250705753393,0.5057226503798676,1215.4023346387182
5.323762190167024,0.4697850432673269,1113.157517691689
4.972186002702596,0.46762570667404496,1463.2840992491708
4.66665987565767,0.48521624141415587,1203.8584363635935
4.801337489851091,0.4917056203656957,1306.1595157919478
5.0086998795158015,0.5068271887453936,938.2713804486526
5.175129288524239,0.5266418516493305,1000.9186247846518
4.814832424130887,0.4801499520684521,871.6728659529059
4.789402921413958,0.5033003013738467,1382.8467275284343
5.579957193325467,0.4986028511799587,1027.951243623134
5.465964155681381,0.4958777147271078,901.5804159747626
5.160977126036764,0.5451300972087124,835.9032699812672
5.190107339857939,0.5274820615931878,844.6575059346527
5.047177472064687,0.5103252983372465,903.8034063479352
5.27720277243476,0.5098063739481362,1045.5795110371048
4.586708287358456,0.505531971719655,1083.2624431313723
4.5251174634359845,0.5326395175718942,1322.7288431881595
4.777153839049725,0.5277708352777906,1320.1674733510988
4.653002257405135,0.4878009492419061,1185.725648377008
5.0699776514425245,0.5219319849976737,1115.5178183530409
4.673348300291868,0.4514314431208403,1710.2137564510008
4.805466261406874,0.4930014180712083,1527.7220057814147
4.57630457692521,0.5103725052710657,1692.4282540558102
5.2701314075511725,0.46290890155121284,1268.6058666315002
4.979327524322572,0.47001964861946033,1450.0803733295888
5.131938646070467,0.5155730209237861,1026.436000999534
5.206428982737163,0.4808357029614698,1061.2732211503994
5.179510845608903,0.4894441669573153,1145.4546602312216
5.111897773630224,0.5054176850958946,1220.6501163884645
5.463524426395357,0.48205299083336534,819.5380524071415
4.492938007702289,0.46970886145757396,1687.091283762083
4.852488595032406,0.47986789883469333,1774.4310898040958
4.699517444969518,0.4760741951164962,1559.2606479828562
5.001973293423377,0.5094198144670039,1188.9624769264249
4.902281484974025,0.4715080168250599,1409.0955920418132
5.230228614831232,0.5048238472104695,1152.303897149633
4.85558869512012,0.46542428647597456,1212.1655115294993
4.501429463776606,0.4768417603914044,1272.1195634427443
5.065002649719541,0.5214777087537412,1087.0510862440005
5.142051048816728,0.49743142602544815,1114.2132585643863
4.7968571927285755,0.4932284018687894,1087.5269626560564
5.099386620976082,0.4500501045335019,1256.010159441793
5.088498628856884,0.48392919234191056,1479.415109882547
4.885526940273012,0.4875180257414451,1114.1786954027284
5.08461684470292,0.4764893264363101,1493.8138238583592
4.868893420240125,0.4674458922845487,1287.8074350443042
5.411999918117344,0.491829714406964,1022.356808446117
5.252948249622383,0.4785460930285412,899.5489961533495
5.4182129185784165,0.5063000986858527,1269.065370549094
5.353853129859473,0.4920378957164189,1059.1646863394496
4.8388102384558564,0.49778084930759964,1426.3292295174017
5.0778424837975145,0.535577412303142,884.8607742700797
5.062907096285585,0.5367127969680847,890.400659548
5.407060118309976,0.46066897141766966,1155.2570783009317
4.5247791903735415,0.4913576071467279,1310.607102265002
4.973524409731274,0.5006482032473193,1152.0757314564253
4.730001352790054,0.5213263428875766,1281.3693525877916
5.491608134722722,0.4637343653395776,1241.83840784283
4.588373974904343,0.49826536045259645,1384.7409056828803
4.544091734476456,0.5001543197587976,1414.0162174509428
5.617750033323188,0.5095978549573392,963.886859583524
4.643007094780934,0.49709803186587925,1212.821599405027
5.410583921932174,0.4864903712512942,1120.3204499120964
4.9458658491672,0.48877820311109277,1413.3487460175895
5.106642963231352,0.4750385566102374,1235.2321299595385
4.973731901521718,0.520607726732555,956.9790743219673
4.968876977164454,0.5160141514533002,1070.420035388661
4.988953373653496,0.4998956663295721,1405.8170926636856
5.0037312422605895,0.46171816291064627,1115.970831193284
5.357373526888219,0.4568639329811122,1325.2827537607473
5.1783147308991,0.4560559040643745,1093.4218974425996
5.274828693281217,0.4736648755341275,1136.9932331781704
4.780231900452756,0.49617782996007936,1217.4014952469715
4.6711079264182915,0.4922061038594042,1127.1502525814308
5.180435396252253,0.4624805792661627,1236.8592975528197
5.201529175972349,0.4641093170108057,1281.3734909158197
4.741880381174564,0.5118147432756157,1135.0674904812568
5.41660678016226,0.4724710060727372,1063.4815188111822
5.547234957934551,0.48506893456430555,944.0705509023238
4.976379311049236,0.47172815910978044,1380.543726542521
5.157572642046803,0.5072425310556969,996.2384293216594
5.162814874376082,0.498573375718848,922.5906514055883
5.365192497570345,0.5004760048924994,1007.4237535533082
4.949034330515495,0.4750586910164418,1170.6879333339211
5.290788551909779,0.47088915414849947,1066.3898467182014
5.4839610427606456,0.4784554238417966,1012.6714972138196
5.538181677192044,0.4770986297424936,1053.5595583089955
5.09227532049715,0.4732147175262537,1286.4630623422122
4.732409901268774,0.4765397530079887,1521.7451486349248
4.906577969490295,0.4820703623302418,1646.6595396079242
4.972514021800979,0.4876673584696303,1641.4819082602312
4.559553541945746,0.48959302896020995,1199.6445197014218
5.1117702576133235,0.47650276339741326,1075.9984432407055
4.857031885957101,0.44191191055185725,1207.6034230507494
4.903028155472447,0.4634356871673925,1237.6416513578154
5.119230820361452,0.47994859746316326,1451.452577016643
5.06368584402486,0.4810728816888707,1411.3561895320643
5.191878636118364,0.4899529326156684,1054.571985284484
4.92932579343326,0.4936185219124718,1222.8739352745463
4.9164475335148365,0.4872934059434844,1226.5270760626054
5.386183913919943,0.4808856013321431,1081.3322184427523
5.121112109127122,0.4636425253780344,1267.9869649948223
4.850857726197064,0.47785564328721425,1086.117924851955
5.02848618915829,0.47773077122213436,1157.1317440339747
4.872225234055867,0.4824781592950033,1147.7344726387648
5.149492125010325,0.4950109517988931,1140.07185062089
4.727497568067664,0.5064214916563808,1199.2468111546764
5.0882812668857,0.49365900845123734,1038.1362825769413
5.288574053976343,0.47730505106799614,1197.5566644005203
5.282594865445754,0.4991714895407294,1062.56335016812
4.9735623742426744,0.46561588717004126,1276.5518128149356
4.964901928637083,0.4948237708223651,1400.5947042365895
5.044451312263679,0.4841899164311041,1133.7171048109797
4.743085167676819,0.48441392891119867,1551.5397948225798
4.7694152805425745,0.4513431213049683,1342.965629117333
5.023085120478526,0.48367782840927703,1222.19684386
4.846792952699585,0.47774127870497995,1378.104328394214
5.124394835111113,0.47324740273200666,1383.6983025056313
5.105808980433304,0.4844272300739266,1534.687998963731
4.661503823971812,0.479094938824779,1556.8984339548877
4.947983590102292,0.5054843425092537,1263.2170520007608
4.876556133024458,0.4937239276299561,1072.3570441588572
4.877046851649004,0.4554396083912709,1239.0356875719376
4.9069992298905065,0.47180510891318,1445.437289910018
5.44605697273985,0.4777977281475364,1156.5692308017613
5.599033516074831,0.48157776929355894,1291.4856029321188
5.2592475387564335,0.47168618999682327,1284.557999129342
4.524504254416913,0.4957647223430547,1217.3597761196515
4.679369228756471,0.4890564711419439,1297.4146240633715
5.045807482182712,0.49726828128049433,1326.9846321746743
5.176956160095253,0.48299783733201124,1210.8631594684653
4.911800936439382,0.4787282615095407,1279.5404331700263
5.347809281213247,0.4672264512897594,1239.775411192227
4.914179600371352,0.4643430352471733,1283.3204759380524
4.782740769988035,0.47855012825115023,1213.2554951045315
4.797470237593326,0.46773843827904743,1229.7391930303231
4.9504013271961895,0.4589896442135327,1160.4460034897072
4.793502431233924,0.48762265372335006,1073.1388849367174
5.0793550274037464,0.5102473312931618,1050.7623856913735
4.874152000413676,0.49818759993159173,922.3096178444008
4.930366265710362,0.49721421169974594,846.9417473660059
5.049749896304665,0.5264245302439433,1272.2370217480325
4.980634059303865,0.4726356770868796,1030.063644383447
5.456198328433767,0.48542904760852207,1296.1803515650538
4.64380703698195,0.493747783007473,1251.5133646080653
4.946578087711746,0.4735859156654245,1448.2920134641295
5.11724046669751,0.45368524392832443,1254.1764576879523
4.847435716321095,0.5185972601682056,1077.6761442840618
5.093259853365768,0.4727851771197882,1019.0071670443834
5.276776054843975,0.4723416333041005,1124.7910050458909
5.449122216687628,0.4881441045942706,1178.3624587560541
5.176800936942233,0.4582524925323764,1063.0814583125662
5.348885472859259,0.5034040515821795,1177.9668433102572
5.063540711859777,0.46346991468202553,1135.3610685853039
5.137529414855079,0.4671439178449482,1162.5179783310723
5.115706982434973,0.506157634906701,1158.777351585974
5.115706982434973,0.506157634906701,1158.777351585974
5.223809957667715,0.4756379704176006,1030.869049776638
5.322633657365009,0.4883649749937006,1139.7576404449346
4.9097825986337975,0.4877482635954104,1237.6790633365422
5.01339113290036,0.5041407742664977,1120.397366630848
4.730094541089348,0.48206895365276925,1277.438818958135
5.2361229732940915,0.4844140640924239,1028.7521546072671
5.724245073578191,0.4847247563798011,1009.7346649348477
5.448511753013667,0.47216662329629666,1222.560997472679
5.2589658043276035,0.4622664256037214,1026.0534767545487
5.456293298220079,0.4769864643650719,1124.8040594186218
5.112772833683644,0.5121468151044174,1090.5031289683725
4.972321998571441,0.5297599891187971,1084.2133929267172
5.1231869502862795,0.44709582564650824,1400.0477160631988
4.659314895322525,0.5113268594723338,1555.6410457094403
4.918772374189797,0.47060879121064264,1126.10669726676
5.171644862331018,0.5079538652522907,910.7451460452214
5.062882806003797,0.5038806138006504,1125.57912515173
5.247518549280247,0.5080886639077893,881.0897690817586
5.199325520039698,0.523052242103248,975.500461973015
4.71345258499049,0.4806706795725015,1322.4509312148646
5.44454026408827,0.5054668206227819,1209.3049087641778
5.27302833931531,0.48639660135070756,1072.9794900755846
5.36958931430733,0.4672418163377283,1009.6071638484805
5.562377704898267,0.47640430465208694,1283.881610296941
5.54650100805711,0.46107570523745056,958.88549222094
4.444522221134554,0.4970237233407399,1451.1247986278668
5.349334537355516,0.4656196376152269,1257.5014500288478
5.031415060693758,0.47991766842702654,1329.564589082733
4.801272638642989,0.47399357121227104,1294.1448772436502
4.8997105776301995,0.4991575658091939,1212.492186450167
4.876599195198735,0.5056297049350825,1272.39537791826
5.021362086080979,0.46185246126143054,1129.5073154751697
4.877436409746016,0.4755704899285379,1289.903655568438
4.764706796480551,0.47416450451167497,1304.072451030896
5.503071008653149,0.48195578606622086,1015.5317867439088
4.635761874830386,0.5073512754033087,1366.256225062192
5.160907767199964,0.47909492806574994,859.5680552544837
5.1765082038485355,0.48819166653945195,886.3615510311747
5.219095920376859,0.4650921180436928,1370.38648524924
5.17024150100004,0.4564561628409739,1357.8995015490539
4.797708049214144,0.4708583038310192,1555.0383210252871
4.768664081503615,0.47826439442135316,1718.545140299687
5.502985243619339,0.5088610522983656,918.7402051135039
5.42692723882844,0.5139624734381073,932.3063773759961
5.218427323004957,0.4750009582449103,966.3839145045803
5.52832594385995,0.481119699398017,1075.5727380816165
4.559030344254549,0.5264959922230367,1307.918693850987
4.881449417879696,0.5132869685513158,1201.4003032628536
5.171613733186976,0.47865646715642696,1183.2460890871214
5.033391981430795,0.5056364996505797,1151.2659634566137
4.75926997214461,0.511576036845399,1150.3392027070042
4.806675040725522,0.5134676053840491,1147.2169569661082
4.771281160790011,0.5107857814319289,1106.4977891271053
5.10604817711743,0.5261883092575201,1057.0613316035995
4.987811985313286,0.45934348380046214,1415.5551910825932
4.865431166723295,0.4611883736471499,1368.9386149524496
5.606701117321527,0.4779573333549854,1142.610423932642
5.245100556120786,0.5009056435804401,1285.6423067466776
5.292722621694941,0.4861814575530754,1357.7819689696585
4.98051176173966,0.47959445445069976,1120.9818947444535
4.751487453671407,0.5124481965363764,1176.9718002874013
5.296556888459192,0.4754344563525111,1080.742552367045
4.78357038863841,0.47343892187826214,1166.9391337661746
5.018870584884831,0.47703297196529143,988.6666894311578
5.500736889628357,0.4976741055200241,1128.2420354391631
4.73568123416065,0.4950948844988727,1228.669943477031
4.979200395045145,0.5036245810367771,1493.9343881422565
4.687282740610165,0.47661852266379584,1423.2431368152531
5.2945209259885,0.5131376392312388,937.9562147979902
5.292039779676014,0.5037732131540357,1012.8904324183402
5.282480138489667,0.5050659396307567,930.048947056809
4.686504587954455,0.47692859359853296,1506.8837134867056
5.006481052345873,0.5003866171671071,1436.9072272893695
5.303389406091674,0.4958747584843141,1147.8453528612602
5.391224077899836,0.5058120051343861,1115.329529694796
5.643687734400627,0.4879688954524639,1137.8993549210609
4.597447419880117,0.4990388403804284,1040.4773075517646
4.510724742658797,0.513256373669955,1184.93697151892
4.961110738900892,0.5096066478205097,945.2466426769765
5.186641353583168,0.47634469859005024,1412.8029403724515
5.059641006437147,0.5143197916012114,1158.2225345887116
4.943401732647676,0.4969242901058209,1043.377747526431
5.202778731590154,0.5280435577595313,1096.8828519283604
4.9390226635407855,0.49528701729189806,994.3008234403809
5.198798389861254,0.5095555779129273,1130.5430741040714
5.194300157110047,0.5100526957161436,930.1628009647507
5.376210654203583,0.5121358365133337,943.9168465593733
4.748315835762068,0.4597691208046913,1429.3014530250427
5.05157782498219,0.4838330652250065,1196.2722080579792
5.2897178349198395,0.4831449201636128,1122.764064791069
5.106031054045169,0.48672586554055713,1090.9330626780256
5.107593114355534,0.4745570351110275,1089.3212783920083
4.905164623893786,0.5028921172107831,1149.5382464808229
4.689607344999915,0.4981860157839716,1288.2518367804494
4.915775743127374,0.48150892638024473,1075.1870245598122
4.988471589743556,0.49363162446120223,1100.86730889511
4.9383778380947705,0.5175959819823381,1079.673960999133
5.675486022578031,0.45665766407800634,967.7431865294487
5.2425763491235875,0.4885527068329211,1154.5856423985185
4.566851546317352,0.5210868820413533,1103.7092436300131
4.758520517153542,0.5256130983973515,1049.5172597141611
5.015857192743282,0.47414534938434943,1328.8907232915637
5.0454082529014626,0.46714462032585374,1515.8588839012075
4.995272997784892,0.5213683871825231,1107.7838291091905
5.111274247117001,0.46435942050142237,1345.559254417784
5.08087102845659,0.4697683842047108,1358.6835002259577
4.673363277460601,0.5412807918555999,1024.338115941265
4.869813542226328,0.5026782908926494,1101.0901641839137
4.715306479543485,0.5049710539830158,1079.9312675323672
4.869180364296147,0.4632280865814167,1146.3849764566478
5.101287328245445,0.5096215539557982,1441.3032657592448
4.636011424268239,0.45550299265571115,1523.421252675582
5.061101091014652,0.488437245012627,845.6077962868657
4.714813086690158,0.5005088079267741,1765.2551915589959
4.723353003691866,0.5006359497521706,1765.3370927522233
4.878962009024594,0.47503076341434586,1561.5777550676025
4.694443220662912,0.45051786143471273,1403.0085947700372
5.040625400676829,0.5271138416950949,899.593834868166
5.148363061775801,0.5143217184184183,1133.917945784732
4.784696039110582,0.487424878843399,1165.4914372624526
5.083079992297107,0.4976320375266518,1210.1979647116514
5.108153391292016,0.49296167511435524,1184.6685359648611
5.335255421271037,0.5029109368540918,950.5031789947295
5.451961595783006,0.49065014251990174,921.0193770240975
5.246422432940585,0.5199409784590632,1259.339482373732
5.242050906384914,0.49255873789887883,1212.9004901929543
5.0481748284840675,0.4971260166767709,1133.2674732093392
4.1595925037181996,0.5208581663574154,1442.363279037043
4.180739151152875,0.49850858305616685,1348.6441780132102
4.921272843906096,0.5139199807329706,1519.8286092391513
5.02231051096744,0.5146315760154435,1373.7955293833736
5.3902537782557545,0.4408519026793747,1049.1170253631117
5.82904466772772,0.4545034631024919,1269.0035814612486
4.58582263679916,0.4918212710442491,1290.354883801217
4.55139277116977,0.47642884620200526,1240.905856496479
4.9674571219917425,0.502152536747227,1387.4253921919922
5.008999958454863,0.4963119017652518,1120.0875471626512
5.03727515183349,0.5153279253217975,939.1838422487035
4.956182009791287,0.46128822053490254,1352.34543279098
4.766780983961969,0.5133258272345078,1072.6414539994696
4.967542456734666,0.4933720828001715,1215.5818603514188
4.853612578909767,0.4950722746839239,1197.536873664005
4.736869178922781,0.5137520644072429,1221.4448004765031
5.4672809602354455,0.47021799899245326,1154.7792467917434
5.723161040880989,0.4786173591944235,896.3716867571801
4.412103123960961,0.5071328922113829,1488.0883560400162
4.605846528793346,0.5011578834612767,1389.9571837814365
4.66140232314116,0.5031584666544259,1365.4157941040874
4.785382535476754,0.48803455142257074,1197.370456502247
4.760296722925019,0.49142279271531863,1318.7605143092314
4.508795125598529,0.4942508397074515,1208.5472321256002
4.601741002175111,0.504796589873562,1289.8794405818157
4.91143140348977,0.4933375236160489,1231.6105744601625
5.427688085201194,0.48813941798749616,1224.9114467585719
5.224999199744175,0.5120196614861117,908.9104117001871
4.791855137370387,0.4787294495221799,1505.2836844503922
5.078408452253268,0.5162300756424805,985.99531641337
4.670978081755424,0.4723880962604505,1501.5217271354802
5.859410205378571,0.4964468797941457,831.2789402883382
4.616350492982525,0.477467535832131,1437.6590276900938
4.939015626434223,0.49112978392409445,1446.3786849112917
4.6564279471843255,0.46956659177591975,1491.5364621904876
4.774544225118504,0.46874014063002667,1510.0201397462179
5.059797374883135,0.5266218602522031,818.8793814293682
4.987718259716331,0.5155341312003165,1130.8595797249825
4.798248052355759,0.5077293457987624,1063.512896694582
4.99905564503273,0.5056610393367502,1072.6084463227346
4.927029640429096,0.4804121607133001,939.0812276914759
4.759465715045714,0.5164233768078571,893.2572411572343
4.905023114351481,0.5618640273431091,951.8311779496455
4.996454817286885,0.5248474374862289,846.3906712710094
4.8186873823527145,0.5003197928136331,1024.0901443718506
5.028216774948882,0.5041064016505374,1268.8458204008289
5.259649939192361,0.48104121881394013,1049.7954695030767
4.89416236611234,0.48952984445408276,1160.5176566700584
4.451938502714032,0.49156513378151445,1184.814291127848
4.858217089522995,0.5096878236954037,1204.5786503362046
5.045561020642538,0.46263236880092057,1510.187788765449
4.940145819954384,0.45627930005858697,1447.690201303246
5.0558942870902275,0.5097199885813517,933.7668833270131
5.033923519738638,0.487478364981416,1408.941984142664
4.784237877504703,0.5054996934290885,1228.6724506980545
4.8760902132493165,0.5111574883751215,1321.0727605923926
4.8955004075117055,0.457623220280389,1229.0244777919797
5.100018677757185,0.48357653860425953,1188.7963588482423
5.173659748660769,0.4837977467302122,1217.03921077853
4.813500911078793,0.47122748512656126,1539.5416797062226
5.172092982526647,0.5092199705526873,980.8294413402399
4.835590823558179,0.48977146262495636,1146.84172288041
4.932989310022691,0.5065431168250919,1223.6026451614525
4.619308319969244,0.4913815216892329,1050.9019999546765
4.744653726767646,0.4972348327748035,1196.6534399497177
4.7246230669717795,0.5194467860951526,1416.7439458846447
4.719504414627188,0.5265652481754869,1467.4114155709185
4.712596872526503,0.5203980709047268,1426.1890321493895
