LE,gammaE
4.634241254798596,0.4043567343627968
3.6813359528962772,0.47282793418167185
4.274757000867715,0.42272531860640084
3.8166541173239077,0.4674519148091136
3.8952112734850557,0.4654729679639157
3.898272284837666,0.4669346824565916
3.84626394423265,0.44930370470672765
3.9671842389023153,0.42050338265230813
4.0265698513117805,0.4459386839078985
4.238078259882116,0.44607786620899864
4.348080867066926,0.44082936014608626
4.134615167406385,0.4076534562744666
3.916078089992798,0.41828755486263924
3.8460784725383577,0.41531013958342544
3.7403104459067347,0.41306999245652526
4.488170176194662,0.46824232468699445
3.692671096988599,0.4453854919203332
3.665259271060307,0.43722008702924303
4.22779631225196,0.4504202996941527
4.254449653461307,0.4675407299969531
4.2911022296186445,0.4547471440320256
4.324626816779145,0.46506770935355923
3.8221982801362815,0.43549869517384654
3.838286602066878,0.4375194841258479
4.032977323487775,0.43425851089503903
3.9978772581152793,0.4294907995726486
4.33685514846725,0.4459536956277633
3.7152456840168164,0.4466209752483709
4.270526051686775,0.43628892367236083
4.033368924814709,0.44686351387172446
4.256627495659618,0.45521030197479967
4.003416518068224,0.4523492264371428
3.9225723969686817,0.4465860885310025
4.121063704109201,0.4398652260267621
3.9464782305491712,0.454800257717561
3.8385574489377987,0.44639986023609174
3.9940025780921173,0.45901676661400503
4.383179601714724,0.416117772150378
4.69835203669724,0.424498674476254
4.614428836322435,0.42543599418946226
4.608010466089455,0.42076537205868414
4.629265298380176,0.41596162519755836
4.012367860408807,0.44740184621010154
3.865323611576236,0.43948618019024654
3.9212035092353807,0.4667059936333719
3.8800428419421484,0.46723027176110177
3.8164265616361908,0.44790819244053315
4.337197731771551,0.444932186780271
3.9248032881171637,0.4697782099395011
4.2212679885584174,0.4104391618656587
4.057365538308205,0.4048483304296991
3.934888989401229,0.42075380106077753
4.262432335308758,0.4479544935620136
3.891879175260639,0.46063582797397784
3.705642048127963,0.4734681330818675
4.261215611923596,0.4412482005830816
4.116175013549055,0.4478544315530791
4.0709014099054555,0.4854095469678165
4.025271333654958,0.43792690538368534
4.547463848646191,0.4015152182360389
3.4660743579456574,0.4842740654478379
3.880083767586857,0.43761702578661404
3.855666320041704,0.460664808939622
4.236234844016066,0.44502334363711604
4.132246575097126,0.44534678116458676
4.435374186156983,0.4344944531027404
4.189777067541464,0.4352787155640394
4.160701178721511,0.45825153993106915
4.181096524237899,0.46124559591380065
3.824359852870995,0.4592329391020685
4.136708166309832,0.4474297764911172
3.870764563323928,0.45246394401037904
3.641601873161389,0.452208114648978
3.5709034513283915,0.45254164868963914
3.9353118156757816,0.43088043616479904
3.96724116730393,0.460892104407606
3.865972222575567,0.46356055697043974
3.9675720719289163,0.43216922817940395
3.8915291596782784,0.4390661268695719
3.8215735449796537,0.45894893576393025
4.0141951419111574,0.47156584649249855
4.185047219126525,0.45521966818787174
4.0170029157282965,0.44127686592434673
4.23716040497862,0.44350812471192175
4.193422486408335,0.4292498602440656
4.203395480181932,0.43207992140019336
4.225155331982306,0.4293298888196445
4.108018475735318,0.42994063869498916
4.081827031946783,0.42757461704612504
4.369746101682474,0.44386990222684203
4.338146932604858,0.4441972375302535
4.378556865073182,0.4385306388851566
3.9868413325987344,0.4388900851356535
3.8946897352324084,0.4813379434312759
4.31338444482091,0.41806186803290896
4.079323406894901,0.46645187444834796
4.2389108388146655,0.47349623237416866
4.173624971501281,0.47048642611994945
4.223856443722671,0.4741671724068682
4.006459824339917,0.4672605069451705
4.015520035914342,0.48534862407914936
3.830248563022191,0.4590998320663629
3.941868190769229,0.4681183302056721
4.2712376597920105,0.4294649942008202
4.2341017397802005,0.4621951152424093
4.061015290240553,0.42239386804715534
3.9702000146712493,0.44197192099545696
3.998986344718354,0.44139306722913085
4.158312681657374,0.47870616543642663
3.830859038061746,0.4844992556256291
4.2609223600264405,0.41091151740014165
4.01319823613101,0.4705242809407293
4.1021609199951765,0.4421042167417934
4.224566636471229,0.4444236526341397
4.3997633316264775,0.43617587038586225
3.9314434576791735,0.43883521268620573
3.98897171770722,0.4669679712692212
3.95758201189757,0.4462932232652631
4.012032352369865,0.4523382894182647
4.2843824013015315,0.4344852018582966
4.302405926035487,0.42877598620944135
4.018613745758127,0.4329014783020319
4.181475415470552,0.4792775948886142
3.8091539122394558,0.43926181222332045
3.8483908958957582,0.44291714997334514
3.9448818548770883,0.4258180104834814
4.016013121983277,0.4567961849389928
3.973684672135063,0.46011070184249675
4.06961084088002,0.4195102700658094
4.194710508347042,0.4693550423576774
4.213620007962264,0.4729378280806026
3.926863314729332,0.4687540125542222
3.7324322143646267,0.4524302732522907
3.91416134915246,0.44806649807523824
4.137777756993108,0.4587720523254352
4.331373691556728,0.4149572491579186
4.3829549799097105,0.3967653090626112
4.333739458431689,0.3915436666416605
4.495484375247277,0.435554609303048
4.5361578227423625,0.4327707937187394
3.601611251643799,0.4703407861016095
3.6037905136212727,0.4686750062086887
3.8700669867099524,0.4484832956495968
3.766477711919858,0.45742696778753617
4.054267071729764,0.42776622551444127
3.663725772349593,0.4487888534591494
4.179862816281997,0.4752392109205887
3.8118228494326245,0.44043845377376384
3.862418087264995,0.45250049036189816
3.8490811402975944,0.4468656410136636
4.186908407452231,0.43547648038222525
4.107939934039786,0.4830687907698742
3.909488950956487,0.47099022792632755
3.877611297814769,0.4702812371096058
3.954195201843149,0.44709353779047867
4.01095426909151,0.4475185879336034
3.8861708403114985,0.4304983968050447
3.743399399149385,0.44690198933736347
3.8349722478037047,0.46366856228914183
3.73383477122234,0.4782331339400205
4.04942803447399,0.47216900101488496
4.015712858675936,0.42530611463502965
4.256074047920393,0.4463236958910832
4.181992337340234,0.44666952240816893
3.9553751795379553,0.45012069350919337
4.104018539929098,0.4568205932375316
4.017146328561931,0.45374036224269976
4.014429079083911,0.45402138342674053
3.719915370214011,0.4619397834197523
4.163130221200627,0.42095375478378566
4.029630885231987,0.46690439819014623
3.7468889265380922,0.4768475264736522
4.2372354137086665,0.44857886550449355
3.8689984181325427,0.4621182544145843
3.9728611770698548,0.4581888460267509
4.037550953941866,0.45535796478886215
4.001755610830916,0.4562317817549651
4.047932813070204,0.4538160500361208
3.983863558468634,0.44168206939328725
3.9308766794069667,0.47149169857059064
4.066220128526476,0.42974829088444616
3.893308578248226,0.4345600733830789
4.136573881513645,0.4738008010451518
4.111910281837126,0.48754931163251
4.3160057401513905,0.43726243513275265
3.9115081267013307,0.44390103735625075
3.9292995323377466,0.4436343818149289
3.940539816318221,0.4439519361106441
4.231527903872215,0.4662784702717993
4.097294780730932,0.4461576836611511
3.76510250988125,0.472812571348305
4.075884859663874,0.48254642883280974
4.111265247294516,0.4700432678936522
4.098685230783285,0.42538939851827207
4.110882999727833,0.4235508848104273
4.014287250009054,0.4344733078417464
3.809692156964586,0.435699953029276
3.7490267582249834,0.4353921709189219
3.7751461023221142,0.4342678806426854
4.036730317651031,0.43696129784369375
4.034730830146754,0.4279805793784228
4.181946487303873,0.43654954291210357
4.057868048800286,0.4311770261655639
3.979725475857228,0.42851773372913887
3.8925795441859234,0.42463697947259543
3.9796311974148266,0.4242621609626348
4.272434107382607,0.4416049840818858
4.0367003477757155,0.44246960492264875
4.06773624655801,0.46698285896935515
3.8463636243425174,0.44346469728190013
4.28416473520159,0.4400085488397314
4.276512954532458,0.44108805036040544
4.092165794764711,0.4751752619153147
3.923082609909563,0.4715131780268224
4.149242128688701,0.4728496076748854
4.124316520551388,0.45864671630287035
4.047526222086276,0.45122477729873456
4.087494129630712,0.44854511522234175
4.243049592802007,0.4422247204679803
4.182421448893954,0.44538313694774373
3.8782783144130906,0.45266115761394704
4.172197704046935,0.45043752178067314
4.093585054537902,0.4435374622524764
4.21693365468819,0.4435336917607178
4.104590504407151,0.449695317489186
4.097527649536849,0.46006825140395574
4.014393002788909,0.4518142888973228
4.17011365364971,0.4505308604049296
3.9443419432594866,0.44523329620140045
3.8108997814968855,0.45463701885328134
3.8591825528506165,0.45587000037961445
4.206557798453656,0.43577084351996487
3.962096200860479,0.44619537888136834
4.053423216357124,0.4452063710933596
3.9878998680859854,0.45171806841306894
4.108344175210283,0.46125274741009853
3.913576923441473,0.4454052278770399
3.922218487847168,0.4470692433821985
4.166638760542061,0.43562320213245703
4.140163161016641,0.44722958126750656
4.041198423539884,0.46312117587114127
3.792328180995717,0.4732256551726383
4.0309678058059575,0.4700434357190708
4.052533466257383,0.46619632368452973
3.9269671163239215,0.4685794877696795
4.0814390823802755,0.45521018591102314
3.975529387092591,0.4351472368276701
3.9701301692750435,0.47254672769049627
4.300650943342604,0.44335984705082027
4.3480390570987115,0.42476134276182703
4.1704305607283345,0.4537450968045714
4.322429741917517,0.4432357223632427
4.061913768365637,0.42339036902479577
4.26999581021499,0.44204838535778346
3.98249415517692,0.44971024601954246
3.937949633340968,0.4476782530618387
4.21786866783541,0.4405242559942067
4.320332465687406,0.43404265356009286
4.20839263296115,0.4326780428030052
4.274020000532733,0.4292296768087325
4.2900871171967285,0.43585354034003887
3.8922805027348724,0.4692656529058663
3.8951776978871195,0.4623459039649954
4.087396422672832,0.45291901200169143
4.030064989420852,0.4406995035333929
4.075278219762698,0.4634206003772107
4.203291108330847,0.4529895333498588
4.280884217005098,0.44991072881207556
4.366093803701888,0.4408450931192256
4.2865619166411095,0.4460654085474001
3.9440739893795005,0.40378501265216676
3.9595286181927603,0.40768871059047906
4.107993525387394,0.41536109262322085
3.9698827713528773,0.4598130023998141
4.236187561958648,0.44635778396037185
4.089036021277543,0.43856691172708745
3.892260983919983,0.44488581388475135
4.401094584185662,0.4584976694441309
3.805001411988539,0.4532967185424052
4.058759725773423,0.43147388337246045
4.0629113043894325,0.4477453375053972
4.0414390937484574,0.4600847117471658
4.323502131694078,0.4590349844348764
4.08274424691123,0.4552623472122794
4.469202910007477,0.44188405705646977
4.404521888623479,0.44914481773337467
3.604783515108087,0.4551700166980341
4.1667509278771115,0.47719271508875477
3.849867649745989,0.43857110444451386
3.8472304860459428,0.46737650756722066
4.236093004255493,0.4440237587401398
4.227105908034629,0.4502129175128026
4.202645307866651,0.4436864834158129
3.5911298119626665,0.4612097888736578
4.560630618363272,0.46251500454029865
3.987852180910176,0.47345245933665303
3.7896697581903673,0.43656470257069113
3.954604520110948,0.44972778389976725
3.999541709074956,0.44010590082790785
4.120028266790046,0.45825891109607797
3.869167918317045,0.4489229631523128
3.785021098621681,0.47404930843422965
3.732209279241364,0.4741355653256776
3.9597473061080186,0.4573176908029501
4.3859398185534415,0.4628889271954862
4.314851055940071,0.443211468059204
4.173192434413519,0.43934749522115196
4.1183795675895665,0.4813305015616666
4.223629839733503,0.4124204755128793
4.219973043080356,0.4108263797813897
4.236969430408949,0.44130877530169754
3.941604766385597,0.44625815395918167
3.9547977399063563,0.4556198703091807
4.007163441877861,0.4513655613780774
3.7346990850365054,0.42817569545163725
4.258169198573537,0.4825688173611565
3.8908392204573556,0.4242415324185873
3.8998222811444045,0.4053239917789381
3.8947552229321514,0.4566777122970746
4.091657446912685,0.4649426943057658
4.31586260166299,0.4616543087253783
4.118667431820122,0.45640194034662557
3.9990914071548067,0.45556577385595143
4.15949132006375,0.44361133421946686
3.881225750420791,0.45079368168137207
3.901167408296254,0.48613973669039906
3.874467591242969,0.46363500223867676
3.990376093231526,0.4625760842149872
4.26331919416193,0.45061182742522604
4.155456047072151,0.46711820106881985
4.108636155358143,0.4564147616031897
4.1110840470732,0.4557964823584295
4.148110766504524,0.46157521036353816
4.217266746816671,0.46143759256237704
3.7705041514657607,0.4463711559771422
4.289250963103596,0.4512922530160185
4.197698824355332,0.4516475681393983
4.050533558102639,0.45586207739678397
4.198721940764272,0.47367469807530505
4.154577875305272,0.47073666524001295
4.090071796562522,0.47151032990068004
4.007048284368129,0.43774826766420727
3.9487317124733052,0.43870192890843174
4.128165660486994,0.438598923387778
3.963360077128082,0.46175011626702955
4.055463478345105,0.4361921550645203
4.3267834430564465,0.4510802280872994
4.032213483703425,0.44727240817670677
4.258626952615004,0.4447609915372872
3.9839768268382674,0.46924105359845886
3.978899116320043,0.44612910727876837
4.33051015644296,0.4396778489165613
4.327692876587735,0.4314791683660885
4.2895201734590165,0.4467013310778039
3.868313145880121,0.46290277291419574
3.7307609078349158,0.46220102408825037
3.963312785472263,0.4455459579850688
3.908405878682472,0.46130811479053796
4.05637640899181,0.4542082662208582
4.142429603744335,0.4081200631955366
3.5832946609957768,0.46419166321287514
4.2594255054129,0.43595144977640077
4.333400719123652,0.4240820550063302
4.007402711716982,0.4642527598114723
3.9882855964279162,0.44622840007910003
4.012873116711017,0.4509101000796272
4.321310702121285,0.4460756255924907
4.271460611376993,0.43937301436360027
3.969601454683545,0.4470408123049423
4.175709211461484,0.45544961154185293
4.121693317616994,0.457368281541334
4.09558479164536,0.44595085995166833
4.0364241474549765,0.44651217075357863
4.163125665565093,0.45804261883082503
4.027977857455629,0.45735488835601296
4.092035819638466,0.4321580423354852
4.0602335248348735,0.4679457573067764
4.280826817168846,0.4776854109736147
3.6432130590195126,0.43595224374277725
3.8508423471749063,0.45882675683233
4.270401130242441,0.4357898393957784
3.844817578509184,0.4572849459408513
3.79819800569462,0.46120507973627484
4.085253009135448,0.47271176612567467
4.072762482053229,0.4354787906382992
4.207783017356458,0.45239603957667707
3.912726401817553,0.4527431077115079
3.892623726252427,0.4535864144313537
3.988912422861932,0.47170854107586285
3.84324264236546,0.45603938121760507
3.91141805385157,0.4820570727185863
4.1545525059014095,0.45683999112666457
4.116743615213466,0.45221707693203944
4.062233815221166,0.432075636146612
4.126972682230772,0.43257565750097743
4.034518327547782,0.4569557682954216
3.9041004488427573,0.4492912827182377
3.940749796447975,0.43821138468608944
4.071919979714744,0.44091582647479544
4.3054765693479915,0.4713961932200898
4.144817793702006,0.4648267999122048
3.9600586563839633,0.45117141546359674
3.9600586563839633,0.45117141546359674
3.9973291139004155,0.47928758110209363
4.160484734945884,0.4255271701505422
4.012799832069529,0.4418447026003265
4.04744839855031,0.4473677128062251
4.180535690314646,0.45277325648537103
4.220168595310146,0.42749613497404076
4.063939993515913,0.4406769188469508
4.16449775362198,0.45253728107384267
4.137130983250556,0.44955383982837704
4.0314087483408345,0.4878268539947965
3.7384613473780726,0.46257373427415993
3.696359677777909,0.45717202620338476
3.906544094386749,0.41422141243647975
3.9074608822925705,0.4099464115690213
4.053977913845908,0.4351803977130919
4.035002991609497,0.4536039610471032
4.029558455035843,0.45172025909476454
4.1899015044238945,0.42851996080798954
4.1740027823662675,0.45709639394520446
4.137119864664267,0.47352947102038223
4.168431971387664,0.47872157291342204
3.8789690401867665,0.4472430475603481
4.091722550925844,0.4206476078679641
4.017302322062339,0.4742174555654355
4.128244190363256,0.4569553545162479
4.113207443905076,0.4559475005213532
4.006169602118554,0.4497447149879524
4.035460989543573,0.4478617068738099
4.130262183949985,0.4452417751672055
3.9961119909773237,0.45205657395196397
3.772829588859296,0.43366220373546405
3.775042549464546,0.4345169989380255
3.4097321808245566,0.4324893580227724
4.172326118221478,0.4763042937166887
4.195611966774034,0.47940086522585107
3.964641176213329,0.4787784665093974
4.133563440566936,0.4881193176044561
4.339435013976032,0.43077725654975474
4.0458419708764435,0.456491164448803
4.007927952789197,0.4424958135567701
4.0120061118300825,0.45534196907532143
4.499704286007577,0.4001614494131016
3.5464505840849374,0.48729740574955144
3.5000723848396107,0.48625431698613736
3.8104256498988938,0.4693758537761549
3.9226752110669723,0.45326902006763015
3.9521090405789496,0.42180021505175674
3.999575783161062,0.4471917676522157
4.03740918585799,0.46163375408167723
4.022654171211404,0.46155887342249946
4.210776480198855,0.43827975001529135
4.132847151150878,0.4596076506540365
4.000262540727962,0.4467059528347147
3.7613828023734572,0.42989696051673254
3.763719243065997,0.4632404145660154
4.807027994877189,0.41639900944497454
4.801956412596652,0.4169662319380178
4.776836599903991,0.4290373056162756
4.869584927214753,0.4198820496795753
4.068371546459406,0.4409036463435689
4.134732809491652,0.43259474448339286
4.18268769608571,0.45273435232077663
3.865542627837277,0.4616247425312388
4.456342461957059,0.45389955971036244
4.220357876869481,0.43992060160400676
3.9317471265408956,0.4225698051278623
3.954294266416071,0.45203325422673957
3.7785180866288,0.46448517381602195
4.008074407071994,0.4742276136309766
4.047421646455357,0.43075587460508236
3.8187641252430753,0.43522295459056665
4.1466435414067115,0.4627228822312641
3.9957290670810464,0.4442936413791909
4.168367641060728,0.46237801759842984
4.18116501121676,0.46306415183175614
4.236283256961678,0.43668804469156625
4.244453859997299,0.4356699863435268
4.023856120405952,0.45749349736828987
4.309054707795438,0.437847279483675
3.97286982623024,0.4384686639107468
4.024883474446422,0.4300221197658026
3.990509618336411,0.47149753278844936
3.97255370689546,0.44943303484088765
4.067689888068782,0.4409942792972645
4.025398728363119,0.44154977925803507
4.209575209993975,0.447274988126485
3.8811414977146472,0.43289809989545064
4.123289185953658,0.45066755620030535
3.8111227501898997,0.46976738364606874
3.9877005464438144,0.4714246138107501
4.025378317139791,0.4321852141200921
3.8392842940801013,0.45043780894944907
3.928889409550779,0.4790654261362127
3.8426968124257352,0.46199375694343836
4.012070936043977,0.4611009465032562
4.065349428669463,0.43982803861277325
3.8284098342085815,0.4364662554899048
3.8809487847268613,0.4204627716137814
4.106229653517968,0.4370908715335317
3.9517835870169726,0.4837942804204937
4.151185009078048,0.45546241552995453
3.870215998395973,0.46990213984346385
4.039362486329295,0.44230092266626986
4.0938081824509736,0.4538599657368603
3.8577232401119765,0.45585276486158055
4.150738793898388,0.45500062293174987
4.236851051460794,0.4176420826737356
4.119048492106525,0.4390947687594603
3.975620980468361,0.47590816200941244
4.1317399190896635,0.48283230910886527
3.798103779118952,0.4299764645623632
3.9371125405225613,0.4473079449976598
4.020261380563738,0.4605220422005095
3.8031825291278234,0.4360489355290533
4.156392120728207,0.47587739714211463
4.262875065150093,0.4657898504361778
4.030158351174721,0.4243378123490846
3.8796356922502877,0.4550359105378439
3.8838624087940907,0.45339426336817285
3.963384844700877,0.4794334936288277
3.8742349001865857,0.481529805982998
3.7657136016284984,0.45186767868003175
4.327260211955779,0.4238744599127384
4.246461421897645,0.42666990187178466
4.107971694297777,0.4418322536217173
4.122330531467528,0.43465545811133155
3.874550703461799,0.4618156397335246
3.9012850595663786,0.4675938548675224
4.066951873282935,0.446508523146899
4.052702465498515,0.4479471208355028
3.9330880677141864,0.4490491295907857
4.024240747238019,0.4657057975886979
4.077838698196731,0.4463523816535166
4.051288727061295,0.44248285992646363
3.94608551216798,0.47576860208718086
4.223774411872685,0.4475463833737742
3.8533585531927095,0.44919799068986316
4.012884226050582,0.47427212019671144
3.897809152938384,0.4622667909546318
4.018001380781419,0.4492900396281989
4.018698510238572,0.4470434161748617
3.823114598309306,0.43503683074123994
4.030061926426749,0.4890412857862235
3.76525352971501,0.49881356440394337
4.51278508858487,0.43642413490138615
4.213774216437638,0.4384869865398416
4.049607390059558,0.4385304168016034
3.905817238340942,0.4428370704859626
3.985882064392923,0.42420740927574724
3.80643993718086,0.4250243455872781
3.969323049470169,0.4310487872741044
3.939722269692824,0.449224502063226
4.3670105750776935,0.43416927138419936
4.372748939293538,0.4556247302117844
4.058693859277575,0.46634321061418094
4.120314079702183,0.4496429251554287
4.030001915194999,0.43697355762340184
4.059933561176422,0.44560950537735344
4.129429021922183,0.45985378379099273
4.155909871522014,0.4567257635562615
4.0732934974344825,0.45775398519238214
4.194973154809272,0.4361433369502251
4.132282734411948,0.45247415533222773
3.756402451986713,0.43002075640691545
3.995016267749384,0.4624608911014696
4.055483164500065,0.4570769878122286
4.082044827224623,0.45725101519495936
4.08958699186759,0.46265193057144854
4.061789806236894,0.44163880204557976
3.9699967967765986,0.40624082967887487
3.940665874655989,0.45145333437333957
4.099020365586764,0.4527978716802238
3.990809936522191,0.4643857348779606
3.713688172186084,0.4652840630482872
4.421749934272626,0.44893741522033764
4.399962337832294,0.46373408269242816
4.04212147717569,0.40473860180015603
4.115844707392684,0.4271132104435875
3.8443326942829312,0.46110437371774876
4.3127578097590185,0.4262664856882447
4.412635494503482,0.41965893182450087
3.7954977181655454,0.4644838637361325
4.150803310353132,0.42647959138305397
4.140029258489095,0.42696356036107924
4.125531442952692,0.42533500338981833
4.169412900221968,0.46520713995028096
4.248425573211551,0.45455202300163333
3.834935604413513,0.4398548815412129
4.092951609895136,0.45218664605530995
3.9104678949766924,0.44024785361143054
3.817769666277802,0.448732051659502
4.291862545596872,0.4499947860162602
4.150174734913572,0.4402530342134338
3.976687662718617,0.48119986504699946
3.962791315736934,0.4664811115200152
4.075569587552431,0.4399852290644687
4.051691767301321,0.43730528782087874
4.255748057730877,0.4480203850217912
4.0001853071454425,0.48243062303812145
4.24394156198844,0.4527343371414649
4.344091330636348,0.46609242446852983
3.7649722741035743,0.4705206522310882
4.029383877014652,0.44015895105807334
4.268619758330198,0.44945259542003657
3.8961984583802756,0.44323792448766053
4.071153890064928,0.4520753404431131
4.265997385368583,0.4406498023153364
4.126388373149521,0.4360593237732183
4.328197108194406,0.4338483668619277
4.309591376081032,0.41705371541920444
3.846917322163086,0.41577073713990703
3.8766229957969123,0.4134519091142164
3.7574023858965826,0.42168048563548305
4.0196039433210915,0.44013962790386724
4.030866410240945,0.4633439073570293
4.098385711827589,0.45964983138785964
4.074168195863756,0.4514160399405277
4.232340875772537,0.4566874516142837
4.1954389086400266,0.45114963683923975
3.6995192844170486,0.4719480639922578
3.691362633150576,0.5005191845705084
4.073094048692514,0.43771563849891637
3.9436631518280945,0.44257838427530993
4.2912604329970065,0.42023484239980885
4.474512690027145,0.4270378012057385
4.165398692480888,0.45186431062405413
3.845740236049553,0.4713628711598824
3.822534892549572,0.46650244535470675
4.2399704902347795,0.44618027774528896
4.009593719930002,0.4445310080075466
4.291218851033056,0.4422869576890718
3.9693126214739585,0.45122761406909934
4.073918717710585,0.4556587733596993
3.7120729159792174,0.4794748419196227
4.088221398993366,0.4620276590774672
4.032752157219524,0.4640001334839642
4.058885351268426,0.4651895277739284
3.7862522501515277,0.47260603617069097
3.775370286599643,0.4661350137198644
3.881293508920773,0.4158414735754143
4.270085312855279,0.4848005614085274
4.215523342528059,0.47699513864036913
4.306096521446086,0.47902725481532554
4.272926435701757,0.4342978908680721
3.8825404012110303,0.4753523808327994
3.720368137736506,0.4637428385241181
3.5345195809336847,0.45395066394646233
4.134726442565286,0.40476595576183516
4.137425685144531,0.42596871329235103
3.905850089135775,0.4601233322047239
3.8981789907799285,0.4193847001159824
4.352821039692085,0.4319855819068084
4.330352001548778,0.43663276714820015
4.104693023312571,0.436487878242328
4.121277869865489,0.4577088039522276
4.1923361988483,0.46745543446852883
4.031439980048379,0.4459861713012599
3.84372490715429,0.4857363143150985
4.0805187276201655,0.47675670431349043
4.0854989218314754,0.44413143768473234
4.169458828198208,0.48058586705755235
4.12123992083737,0.4553492736723343
3.889512655746047,0.47275416519037106
4.04238939123614,0.4508763854852206
3.828894147607782,0.43716014813666165
3.8317434509563473,0.4589520288408447
3.965462660999294,0.43621794065474817
4.258570515752556,0.4377750948106291
4.113832212259963,0.46064484229937147
4.1056193672264465,0.4368680923666271
4.146304177943854,0.4497573025255012
4.031253647529139,0.4519538054024598
3.9692671233293857,0.433360124393042
3.989954644262009,0.42280138314561116
3.85780135701618,0.41997009654800066
4.004357018944811,0.4588851468953641
4.136822969831822,0.45483642077077246
3.8353116895708825,0.4516535293061454
3.771946486220961,0.4742431570005082
3.8267206692244855,0.4818261352245035
3.7151470916238503,0.47870198729357766
4.278098637916733,0.43173690914267276
4.093332277010124,0.4406787617765359
3.899198961022598,0.47156786439588755
4.0715392952034675,0.42424149418686463
4.014153230212571,0.42603278957195884
3.8095642660095,0.45649143873773856
4.099384347278056,0.4666252325575468
3.9309791739888604,0.44560730449411134
3.7287304871438858,0.4403130351620595
3.981764558607968,0.45708981045224073
4.364032340462179,0.4286796935287277
4.259401125901919,0.4239791011674574
4.172033056261522,0.4226821749705599
4.144729027561838,0.42577639522495214
4.041138831309355,0.41933094265328763
3.9203083205413884,0.4951032502286996
3.704154209327684,0.4784052589129646
4.265353914855097,0.42328469193162627
3.7173514236090743,0.4638320992004254
4.036639454780258,0.4744439608046067
4.162144067970543,0.4740867923649592
3.8618614944513228,0.46437608280782644
3.9936863962167104,0.45362872221232525
4.048203130867186,0.45372470142375704
4.007964411768015,0.4624340571255887
4.046916964702553,0.4358507097840368
3.9360564071459536,0.4275109830576558
4.359073571223753,0.4684232805401556
4.344333034549264,0.4608161529605705
4.305235568635808,0.4561275744349351
3.721501035181792,0.46127557671633435
4.013714807380932,0.4685425553404439
4.190575180818917,0.44351652003757525
3.9955506471711946,0.4468542588072409
3.9755392323379883,0.4572200917588934
4.222110115064262,0.44207786566004875
4.053782146939565,0.46472060434350365
3.8706400744462606,0.44628104423783965
3.813704749172481,0.45047790606285393
4.374515477449593,0.4457437025608851
3.764636576724519,0.4505539657159123
4.291224507951523,0.4476524635253053
3.7430851860643286,0.4120230887806879
3.95595018152821,0.4580650687997408
4.252793563637016,0.4643331678955776
3.929604788958973,0.44005386328355117
3.7416513050244555,0.49125567042048246
3.928629259494881,0.47295559550695515
4.0247649010409425,0.44779058437561287
3.8069389260963504,0.4467079354007462
4.187022577092946,0.4524481952110147
3.6950088961836203,0.4483503435471704
4.057143138301095,0.4458367317103763
3.9213204671833948,0.43776362445608735
3.8384729773455777,0.465457096815749
4.03361814936364,0.45234151486795904
3.8289042735301977,0.4381818128535095
3.9574950095543553,0.44258891123249466
4.460579463945836,0.4225464736096356
3.7627433046057894,0.5014827277412724
3.7059757734624776,0.5041020774478633
3.859139821542239,0.4700852044496842
3.9747614506445976,0.48228177738769346
4.510510811117693,0.4527303633236896
4.032314803751025,0.44473590114179934
4.392164404598565,0.453198651312944
4.422387595859423,0.45232656655466436
3.6078221298781132,0.466009589400117
4.395750685631524,0.4353904656446371
4.384591567695549,0.40653987509554956
4.214673744645846,0.45573754146128875
4.2919836063383805,0.44375686604159553
3.841155428465441,0.4455562549502573
3.841378732351715,0.4456255263753727
3.907835722593143,0.4422373100305615
3.9398731424397506,0.443265187723547
4.192564881749247,0.462462405878026
3.878434174898639,0.44832949787304444
4.019732565956425,0.3968314507376965
4.274730238970525,0.4692778211455558
3.7457163672344627,0.4690913065090755
3.693915458252934,0.46388877808599466
4.641567617697707,0.42868307266503014
4.337471626469834,0.4153993423988057
4.4538716733144605,0.42633557281125
3.9561497975634907,0.42418732589591984
3.6523027796299035,0.4503858583211684
3.7291838331461507,0.4451077885236944
3.773738168968384,0.43648476590783886
3.7794206673975435,0.4411747504140427
4.090826077373978,0.4404840275182979
3.802148759198684,0.4543595573526352
3.747963614573588,0.4392365545721272
3.7753443878731057,0.43405746129665135
3.8341820324723113,0.43283411233724356
3.960842320077871,0.4479171139217995
4.123346750661553,0.4456164530730768
4.066676484879905,0.450107942866018
3.867388353468664,0.4597844487076776
4.033932652107072,0.4481069764259294
3.798436009690759,0.4864566831557578
3.8730124083453377,0.45385537915863633
4.202062901924022,0.446339963408512
4.0774912127268585,0.4640950791981201
3.8995933874923616,0.44874157346976157
3.797112968775647,0.4217107088507844
3.673671170064268,0.44020906928501735
3.865263708517303,0.4773398663057779
3.9498921701565712,0.46562544283400525
3.897341367285207,0.43279273562320436
4.178964244282035,0.445747154134584
4.233201881674757,0.4580095412695492
4.186220074184423,0.4656530628007766
3.9275926881840504,0.4840011236690229
4.285408421701626,0.40813071918766497
3.991851492513312,0.4703213087086769
3.8998396219454903,0.45136808960721103
4.146594188890267,0.4383461533513554
4.39801670169058,0.4395203767718008
3.9647144600801805,0.42990016692484156
3.918216844981692,0.42734757644427485
3.650553578667415,0.44679576941986787
3.992632974817041,0.46424191154959965
3.8376667882008575,0.467987298397881
3.822617953404082,0.4709522906613841
3.5184498737502885,0.4533571545942161
3.8533727877631185,0.46043894891725695
3.798808422996032,0.46900879102053167
4.165263503297719,0.45983405742149225
3.791190159110273,0.4510860007257011
4.093824126082958,0.43897152256506294
4.249492926896194,0.4590612902534156
3.8318844469136035,0.47642608077555626
3.790393200545964,0.4579518148320484
4.159269592613865,0.4523816451995945
3.965428506147031,0.455802013588511
3.922196408246948,0.4634726436620217
4.10323011045935,0.43339979110400695
4.162481114263495,0.4258777394546797
3.9675337785776503,0.45684975622145024
4.271815410847128,0.45999000543292745
4.09664198320193,0.4503898988653425
4.342546938993808,0.44343132866168494
4.39155809728236,0.45353441185121707
3.663461793592373,0.4396807877392648
3.861758481893093,0.4546668616008494
3.9360444658977745,0.4762859399948664
4.190988039242296,0.4354697026061914
4.351215991750547,0.4332650113822151
4.467618947971527,0.44550583298688107
3.8581227386277814,0.46611000557176996
3.8342396660461557,0.47467839240815907
4.392432430163533,0.46195003819520863
4.082764943282572,0.4491685624184963
4.057151441853044,0.4499590412106956
3.950931042128513,0.48901969519671196
4.083850225501891,0.4549016932676777
3.984322769252963,0.4402733964165194
4.088773931583827,0.4720379003380239
3.966012093540486,0.4498583296996443
3.8645387924228016,0.45743692732958624
3.7754898320924624,0.4254727459894288
3.864894181242216,0.4600085920914041
3.9099563619297752,0.45449738723700744
4.047565213931687,0.4482791578840321
4.063266095289657,0.44923248743751676
3.8601887354723954,0.4738742665978053
4.056025983123002,0.4535704080770307
3.8198115242208073,0.4251226509645979
3.9514868816028725,0.4595702139832665
4.087310445791517,0.457359509204979
3.9954426791979425,0.4654142231155604
3.6539428008189905,0.46077959353580294
3.8051916072197876,0.47467436370207344
4.2084706121482744,0.4489758691810004
4.392756964257939,0.4391572982402739
4.1483207251183645,0.46437770092625114
3.8417987978779595,0.45514294305946856
4.08800082004882,0.4895457895238656
4.050127418499233,0.4878824494926726
3.74368324527392,0.4416844296773233
4.159897303880999,0.44362049269592163
3.963204111441218,0.4403852147336958
4.070788729331265,0.42740526079587815
4.223127805869449,0.44397049110945175
4.213109900496558,0.4645588635413304
4.165514887403092,0.41858350734515426
4.285427585707005,0.43751686940061857
4.017147520810076,0.41305347389703295
4.090699234673946,0.49705759341865385
3.7216972154994648,0.4313509927914136
3.886729363875507,0.43208503750107463
4.078814426907098,0.42128883504101067
4.184972852842027,0.4606424025094656
4.234068029338074,0.454988277231274
3.7729532704657305,0.4608989640186679
4.2581647625805745,0.45656956986303254
4.2562933781717005,0.45670731878265824
3.973640919413882,0.44653219807938216
3.8251424324323486,0.4240904161005486
3.85855812980005,0.4587143900430862
4.225770638016431,0.4391830474519112
3.9850955402070434,0.44872211477629925
4.026714753306201,0.4442800664567194
4.033833854998063,0.4449862465851197
4.424517394070849,0.4112557666842433
4.2382756013311695,0.43362553644986446
3.845899940515566,0.45493590475956724
4.23807465678555,0.4343646385230057
4.33704844531324,0.432776084383462
4.289940777258388,0.4162421330834132
3.988655593091162,0.46596342428822574
3.9850866744394295,0.4575853851019093
4.155297754131865,0.4465017703434852
4.180733741936181,0.4634236427044066
4.0746550751191615,0.45171527054747446
4.050391259031534,0.45473399280629906
4.6388658432386025,0.46574166691395164
4.30998229644982,0.47673662903482694
4.339602231293537,0.4534254477318771
4.071474451571727,0.4246103957977452
4.41748335846491,0.43786880468408657
3.7730068697985346,0.4628243043072246
3.755280366599024,0.47925576599698344
4.339855651475003,0.40799212544861935
3.7323040797154343,0.48391095673241463
3.770308184370113,0.47565314679031295
3.6839533721692694,0.4642348646355756
3.597169105674622,0.45616754382478086
3.602738598649287,0.4563130921969639
4.371519789914329,0.4514995159337847
4.428564684134458,0.44997039274861256
3.8125036213461843,0.442965871016144
3.834277448564905,0.43527010449809106
3.860593683600177,0.4295950862395707
3.8722460773575555,0.43312279394719577
3.856362816951058,0.45183644129604317
3.8334342024733012,0.4575123162519419
4.085215773669625,0.43096811086456943
4.071043470733776,0.42799326706994556
4.256760222351141,0.46091998538837825
4.396827443975282,0.45819665640129514
4.412349360658453,0.43108729892086106
4.120100977993207,0.4487074093997041
4.12570492003603,0.4437001192463627
4.26918346425619,0.4578237969899247
4.225216276004157,0.44945236842367103
4.45800007576711,0.43163187227983085
4.354673928603646,0.43980792835094384
3.944695175838815,0.453384389008401
3.9798172399226597,0.42922429736780127
4.105667137474208,0.46770357959919395
4.2639605496192265,0.4360092679164289
4.4539429742781635,0.4253343296625291
4.161117528777079,0.4231385685632308
4.204673658392539,0.42681632139869585
4.2109529571545234,0.43441216597776805
4.140955178937794,0.46717480840516196
3.6615708936451994,0.4923836946163992
3.5912853816579555,0.49339915610048257
4.035775722813159,0.4247370197992958
4.278833013525084,0.45958316301616176
3.858055955734315,0.4600997396504747
4.363805235567126,0.4420234195709694
3.844931266327068,0.47779429086470493
4.001516829975794,0.4601195802304485
4.135924074295916,0.44591115308902485
4.125825000753174,0.4322849708591731
3.6929349286891453,0.44322190467476835
3.7878931188987783,0.43353967833374385
3.8944313654102825,0.4573464871480923
3.882153309346866,0.45485571949597414
3.701652845861437,0.4898341023424037
3.735552373241833,0.48827662707040254
4.221444783514916,0.4522770788091606
3.7985917784485617,0.43160847051081447
4.016092371302527,0.4788057889235714
3.943838742858886,0.47316587682950667
3.8630965538282336,0.4738670850245426
4.152859695633747,0.4712728514939869
4.040287827370771,0.4511225523348424
4.303282222691862,0.4193894384570166
4.07739384329876,0.42790989627512144
3.7643517940488125,0.41419207345825476
3.83547674941362,0.463379415712985
3.7863281298317775,0.4770707833004025
4.077593864096482,0.4617624275877382
4.117361015418004,0.47899657383942884
3.7416169094831537,0.47402049088134646
4.108273166805392,0.473180849819953
4.121168703846349,0.484568071858142
3.6973445071507927,0.4717579770917714
3.885090549900145,0.4445791028592135
3.960008190511279,0.45774934230272046
4.08547421170555,0.4620484797381988
4.0807878160809175,0.4587123569093355
4.009688005079482,0.45269362099479765
3.888304957392965,0.47675201630015646
4.185538558934847,0.4662755662617904
3.79334711156142,0.4454900652704182
3.9584967181298225,0.4385021701012979
4.116737154599306,0.45545656615709235
4.674121642788038,0.4049673432344881
3.628020428185386,0.4667126302128872
3.6984701227246197,0.4792848467310099
3.8921646876969147,0.4130938250502085
3.9204044930993054,0.42988289240041516
3.800036097698485,0.4473590643905759
3.8176143915606007,0.47165153146775773
3.790168468913956,0.467716162652808
3.9943530096717255,0.4556175411898903
4.1519867108181465,0.4303669512667671
3.9351306220653397,0.4500409784941411
3.9656100484801895,0.43954812099587104
4.092408061507364,0.4202927989113198
4.095671976504002,0.4208609965060775
3.8241175398441505,0.44930848155307856
3.878659856770066,0.4442641262423743
4.0200617118412305,0.4363623757105906
4.407566719540141,0.44173755452680363
4.2719870876569175,0.44950999505285927
4.087021202747733,0.4606623047906163
3.9291056598317375,0.4402934736635743
4.276762112639263,0.4542666847239955
3.9606528175886844,0.4590799021091127
4.041154867197972,0.4544138305151939
3.7842949537583004,0.48750391083886535
3.881995341171565,0.45968928055792396
3.95708186811056,0.43426188427477913
4.2442717842647735,0.4621582804947404
4.30989406415076,0.4660575377611001
3.9765563466657654,0.4131741160088473
4.2766029214859325,0.419479846453337
3.6251328254153776,0.47132762297247655
3.872566780717103,0.4735930881455815
4.289511970695883,0.42029780661167404
4.344536709769467,0.4407183692389641
4.458460947472528,0.43820363724817446
3.8055576827824242,0.44692165036376513
3.9908652248968655,0.46136276877693283
4.220185591077374,0.42315402023418675
4.229095352024699,0.421002027554294
4.402652845227117,0.4499357680903323
4.5325872488566255,0.46024702585520033
4.364961089755561,0.4510471837748806
3.6942101140320127,0.4500523859436861
3.541747631356492,0.4284961905981303
3.718247364635661,0.44248514336216943
3.9355601466482337,0.44072084121035165
3.9658591495236313,0.45149183066318954
3.9395430849612127,0.4530438664018429
4.213628483221159,0.4467899304095871
3.987865120112321,0.4612299111953589
4.238369579546625,0.45891180916616797
3.6985944725002855,0.4483311866135431
3.746247193019193,0.42064794324253635
4.173710521886936,0.48958463565146537
4.156876560133949,0.4825338580706259
3.906188087802668,0.469649980882438
3.9762861344125393,0.4593931877396301
4.211304427524495,0.43838616517731516
4.281810249965454,0.45226933083666915
4.172529986666373,0.4275777764154382
3.9487327135609247,0.432453300175243
3.9483773230796175,0.4407183281238266
3.9547782292566125,0.49271005133487056
4.034223051975085,0.4752884646745944
4.099321895031241,0.45963360661367114
4.014640076274102,0.4640181960502624
3.8878745374027517,0.4735728901544372
3.890100195253909,0.45688014442636754
3.923300954657219,0.4359092187411176
3.9916570360938057,0.4357553668978559
4.274109125325438,0.42494676162994505
4.478852938636596,0.43354441124636744
3.7705925439168153,0.4752970972406078
4.259756061904772,0.4360803817332816
4.153829951933861,0.46009953746562826
4.039074013228018,0.4621987981071368
4.194629418321507,0.4337962733347918
3.758467465050924,0.462972735391094
4.02575212177113,0.44447436698172144
3.7468839233750004,0.43795887918019855
3.7929831438444146,0.4420244513855812
4.243825910050831,0.4496487905959458
4.213092672847853,0.44053216952255525
4.379143836442474,0.43290011967226444
4.412275573178487,0.4332914005883541
4.31175000327496,0.45064732925913004
3.7863014454506603,0.4612167309464123
3.778770521610736,0.4785975275843963
4.047657290122687,0.4658537177280543
4.139719464746228,0.4537415948277771
4.135865494515453,0.4348507410443264
3.8529134006284216,0.45534034103926285
3.9035433098851486,0.44160442854150017
3.8949234105428525,0.4354110696056199
4.100304853242865,0.42007998774112376
4.205344576025977,0.41503601370844
4.064301951357641,0.46894819121513026
3.5769117645802186,0.4589155715268828
3.5127356029252,0.4644569454621727
3.5910563767603856,0.46662113198055144
3.7573435810667872,0.43448035752158654
4.5679792285427885,0.45104525414008056
3.93724558351207,0.41301342975875016
4.084054723603728,0.4480159362636341
4.021791749886877,0.44244805256412423
3.8060195217124297,0.47950052325777176
4.253979122531395,0.4664868632359019
4.1294876247541055,0.45190626597445177
4.210838152928348,0.44168242491683535
4.249625617252712,0.45417712598738
4.117990979969197,0.44929821979233947
3.9991990092786516,0.43665729503827566
4.101733774333782,0.45276725963509523
4.101733774333782,0.45276725963509523
4.1334968091449085,0.45306788510325235
4.32129021583572,0.4374155737365943
3.9577523070205984,0.4347495712069929
3.9742817627159077,0.47561451646964187
4.302366980836283,0.4336740307225889
3.905669737732133,0.4547657597676144
4.11117408096628,0.45981105210770323
4.184846474200713,0.4564367477803704
4.1716975726104035,0.4651161356886912
3.870887014212406,0.4787079178550109
4.250522719611114,0.4100010729580765
4.435901255578404,0.40748568977880584
4.208660027893539,0.42148097295874526
4.030622395856848,0.4664205250138999
3.926981888603842,0.4502407354971752
3.932294712802871,0.4676683756338337
4.092809287592627,0.45635047249115307
3.8416666650794746,0.46672143074431505
4.062398636646573,0.4660513008377278
4.0422810034329215,0.48219857977828373
4.207527998145338,0.4241669395671195
4.438256442626367,0.40530780505433056
4.303075282463155,0.41425332330661
3.980635971262244,0.4316907159903476
4.021913951017723,0.44668492514994423
3.826696865419411,0.4428664623843164
3.8694089792433677,0.4393710438019447
3.85090692185423,0.43238972899253114
3.8435393072339137,0.4196496319135296
4.105253579421766,0.43341931573450426
4.000370290547846,0.48147886224189707
3.7969189978841897,0.4542137983204184
3.7505480838520824,0.4534795599346352
3.996801878145349,0.42592097284691877
4.529023825422745,0.4346870093034586
4.457548982346789,0.4365443780889293
4.191011989365412,0.4521611149048822
3.9645524736507287,0.47240348710984653
4.201906394401461,0.43100281066696816
4.501450648751127,0.43295216930684366
3.8373135874744326,0.45202013714998146
3.9371444463386807,0.4364229947578469
3.8635952767819006,0.418905339800888
4.47057086837758,0.44148814366612665
4.123556574159457,0.44715200708229014
4.243457407017246,0.4653090747536871
4.056883480210493,0.4247405467331765
3.978249537772695,0.4271983348647896
4.076905671578824,0.463156410655012
3.854838669188645,0.46836658584230734
3.854838669188645,0.46836658584230734
4.176999038550644,0.4449681310134904
4.096128184837364,0.4655836363941537
3.9593282755244874,0.4555069627860521
4.0980783486134404,0.4490937197358591
4.353884049729432,0.43102129793591676
4.248150947211884,0.44857568149624294
3.9164340973579055,0.4706600629564249
3.9309017811923317,0.41816827021091196
3.8926971630937435,0.41824316645839194
3.89982369345155,0.4364011957822468
3.710038461606557,0.4324586980257882
3.621207041334756,0.4703379801734828
3.955330604220207,0.4613244943638431
4.07617508612232,0.4766950725457608
3.8979050507820885,0.460054955377062
4.157480545670765,0.47114725986840816
4.110998054147293,0.46107627623773323
3.877774880923788,0.46909561542592193
3.9567894080567254,0.4523592855212299
4.005535984333059,0.44080428735726623
4.217447788213485,0.4448035185520506
4.690856651599764,0.405640615331821
3.935750469962959,0.45312648460086735
4.002184887278661,0.4452128865332414
4.065459534905623,0.43774020621683524
3.9569970956081684,0.44186092738055016
4.042228041100234,0.4656666106087717
4.146763231911164,0.4453402995806711
4.0992912012766585,0.46032805924685055
4.02175904100493,0.44904547625448277
4.071938558448995,0.45301092913939484
4.0743734362986865,0.4457907629820588
4.052832295157331,0.4385749380171541
3.776942278428217,0.43050475825944257
3.8641709656739183,0.42019249007916876
4.0105418773903665,0.49170443842610334
3.792943347865612,0.46250654615605924
4.50124863526667,0.4310232748894454
4.063043230164693,0.4225147053036459
4.00551468446545,0.4314564461657286
4.171918806101105,0.4630774701309367
4.183346340783027,0.4692638565442073
3.843591561738767,0.46628629608723404
4.288076588017682,0.46952490685702686
4.1493988656107,0.47474386560233056
4.3638670672285125,0.46878948077931804
4.247702042759396,0.4370180743020364
4.156009187896486,0.4303775576780503
4.154838834049343,0.42875898602507245
4.32141431884471,0.4114223758717229
3.513906164612879,0.47362039827098473
3.4145083921073405,0.4711462006848597
3.4948243358418725,0.46707568203256383
4.359576685835856,0.43841328335783236
3.8583411146685522,0.46210520226665597
4.137743811393308,0.47947106083958757
4.218934997765004,0.4462032654769227
3.9825543521474396,0.41747032717146443
4.044766627123931,0.4205039853729097
4.226950245894264,0.43544930091223116
4.29913080134985,0.4370649331567524
4.360783932246355,0.44252542155894653
3.834467876332076,0.4399659131677565
4.306452938430976,0.44356515250225326
4.338275105094265,0.4447504307839106
4.477314717977795,0.4296693946544993
4.165982769659144,0.4432773180524508
4.193102454263438,0.45355840839255196
4.1069634006482785,0.4102591325495535
3.845539660931688,0.4775253028426647
4.108627990557671,0.44438745617412345
3.936150009654791,0.4506217521765751
4.278620910325895,0.4471695136149234
3.931389743477403,0.4461273258508937
3.6546606467475686,0.4562603625831854
4.3516432649611225,0.44404675189517434
4.554016216725573,0.45958635479866644
3.9922083059590183,0.4755277884551503
4.1724382151491755,0.42710215791471656
4.180952982089996,0.4327003438734368
4.205149546386753,0.4313038031108388
4.206602083781268,0.42018800136073303
4.179613788153456,0.4913502338329004
4.1616626919162805,0.483879446704226
3.67453260637126,0.4438773383143244
3.9679965823612657,0.4782244248173353
3.6305683499535535,0.48312809145620733
4.155137479987836,0.4606289471086834
3.9982953323691364,0.4410805150282004
4.290667440410048,0.42871406130352036
4.184052308041573,0.4465511892440798
3.8088895477332168,0.4517579275814167
4.116492895544889,0.48924248979255386
3.8323994786985054,0.4558442069038162
3.985959371574431,0.4473014107176243
3.7314888911969057,0.44529003764878605
4.318879251356444,0.4168391520876969
4.010279661047542,0.45726176404129226
4.0893612053784185,0.47001819327178507
4.464361348374528,0.43074756908733447
4.3926971830148345,0.41734433793201975
4.57258894419908,0.4133382444027833
4.095068499370499,0.43034194204400067
4.076789927184475,0.4477604600554722
4.083627463107375,0.44735725354006445
4.202745193766544,0.4377271151150883
4.115763959657301,0.469002259940476
4.201534673618507,0.45221962919608616
4.477508896223127,0.4176325069412226
4.347522338262879,0.45212093861843156
4.1087189062309335,0.4827626392643751
4.056327517708712,0.475498626674744
3.80772628861763,0.47419177088329095
4.146777571836957,0.4540336008333871
4.1707861671651765,0.4631077722406716
4.124471645567021,0.46195409962783435
4.040415916045008,0.45745205956727814
4.018699038331392,0.4385629573632191
3.8065345285130427,0.45555074938879503
4.162504631558842,0.44407229681996085
3.97593661810376,0.4512290451268026
3.9093913017764343,0.4456920597893046
3.6485697978177956,0.4681068873080519
4.186039590086239,0.4136068616036908
4.093945716361073,0.41120197058952523
4.146433671711988,0.432242657052172
4.062906237393616,0.4357145287808188
4.408370841024383,0.44358309891821973
4.229436968472409,0.43972689472649146
3.8784260401653334,0.459912764895489
4.202175188196271,0.45450766415510535
4.0208371952524,0.4401330670225809
3.9815320741185736,0.44723431017205034
3.961738040197579,0.45752009988761255
3.841678328278174,0.43911220033490916
3.8641910959684824,0.42918315368647386
4.227825537370945,0.46349799637079747
4.357581576060602,0.4822036301104894
4.360056066884781,0.4594039083838544
4.5175835135629,0.4271637324727989
3.831333815364203,0.4574790746882637
3.7530662239533066,0.4607892181106948
4.054517162027874,0.457490225990609
4.115167123851583,0.4479869016953697
4.123618337076651,0.4524781625463229
3.983133811240676,0.4471725927307409
4.0805330952342045,0.45306861458211783
4.110892197442579,0.444444929502934
4.1670317126146355,0.4272856604590532
3.968589536890633,0.4378688481427615
3.8278702057820677,0.4419614044821666
3.698427000167064,0.4421178802563523
4.214035769426818,0.46301231768259205
4.269432427120036,0.4343588554969797
4.278315428079798,0.4221600719766627
4.0760624170788855,0.4332033563239596
4.027706768009638,0.4513420695467815
4.078765704301831,0.44998151441099116
4.229798279739497,0.4487106321163896
3.988452997004792,0.4513058375439066
3.8427160921376498,0.44475718120939306
3.6600004171517977,0.458106070746713
3.7488126819650796,0.4402733745247803
3.715873490871126,0.4354406809870291
3.704262911461841,0.43520267615457764
4.086651532838689,0.42114998865599257
3.9636050721741083,0.4697096003232905
3.873082314589118,0.4786464100464539
3.9606714745104576,0.4657116718626692
3.912322589860739,0.46817924817043727
3.9004154904690123,0.46010478725978365
3.9254604021651445,0.4343312504879684
4.303515820404263,0.42625106937234264
3.8538922733430785,0.48142926533613484
3.849101835975261,0.4773427754175553
3.93742011194886,0.4567243540490383
4.076485639446848,0.45507490819803764
3.9347142901732086,0.444442013736661
4.057220908138075,0.43748913381945626
4.080012556256937,0.4339991575419372
4.257055909078372,0.4415376637538237
4.239345309318417,0.44460651786064553
4.157965220343555,0.4444646575883941
4.096316420869804,0.4527581739218634
3.9501430510287756,0.4540501101964962
4.227392496162786,0.4373202499874674
3.9239247329038767,0.42983367973210246
4.042264057927324,0.4420612814361992
4.2946934166967345,0.44947333758375685
3.8290335804434,0.43730850888529227
3.8862123749552784,0.44197644452306484
4.02064481596511,0.45006609071728093
4.238918716434798,0.4499027807140182
4.00182854867624,0.43717103258531104
4.167148418688738,0.46298936203561364
3.957060993522164,0.4538916777343958
3.6619366789192784,0.4778408596382067
4.31329299286147,0.4420820191643733
4.3422129139150645,0.44380532335874806
3.9727240247230977,0.4691403380571182
3.957996740688983,0.4716191077018824
3.935749264986522,0.466541513950146
4.123147281591933,0.4472556746249344
4.116138933840627,0.435670845205958
3.8281107222591313,0.4432581899957778
3.7915869753150826,0.4483596479743264
4.0724218570962885,0.4753697881126553
4.129787710061819,0.4344178826924246
4.1553600159429065,0.4619140604943795
4.233516959907988,0.4616466613701869
4.252803613519122,0.4641340079778238
4.086933377461932,0.4556382162914782
4.045901917122731,0.46588075106039223
3.8697006549584554,0.4886708096685029
4.08097549568026,0.45262790347375226
3.8234981735451017,0.4561940188786577
3.9070968962144694,0.42955964560879484
3.999081040055726,0.4760510906525041
4.02850060360677,0.43411583868720566
3.9251571946717707,0.4527552436662285
3.7321301523094457,0.46575590615078166
3.7669599725205862,0.4545821874071052
4.0228453584735675,0.4504129389975302
4.321638259336054,0.43362287915143743
3.9998393366159597,0.4813164245594972
4.101078565217262,0.45458479847330213
4.095292123504275,0.47590412567584445
4.086725423660156,0.43339569935127015
4.538236027259576,0.45446159995573937
4.309820508154123,0.48162895741179906
4.284794684579548,0.47907931030334966
3.817023157677079,0.429298571955678
4.101605765366478,0.44098177201298216
3.668376911899302,0.43614066324386436
4.565072175136713,0.4597483695559595
4.695098529607601,0.4533792022078686
4.7107990329016145,0.4359355543506036
4.444101204717788,0.43457062351750975
3.9112366185500154,0.42739790043208126
4.039992179456907,0.4463294531404633
4.178197569877959,0.47656334590254773
3.764550030383711,0.437613187866091
4.361108529445708,0.44797449441300746
4.383259506085592,0.44917179308120503
4.338132138295577,0.44357505365276706
4.004711884555022,0.46202265371473183
4.041038769487297,0.46582951140057766
4.054612297432597,0.4528945360462379
3.979782937437737,0.48022181190412067
4.110572739630969,0.4596498772561666
4.1821164824164105,0.45142896923613096
3.7244607546472768,0.4786966000425028
3.734245166271808,0.47331814240032233
3.9390101614571913,0.44835465489052373
4.021772840453973,0.43655712561471116
4.333294170906219,0.43449085000474474
4.367639790531934,0.42045062936705296
4.172581076041256,0.418589905031074
3.634077131194985,0.46202417549480207
3.7043684865642708,0.46816898993402295
3.8239234207473416,0.4719158069355077
4.088744858762269,0.42469449599550907
3.9581209258697325,0.46194468231472
3.950936542018382,0.4303258140388669
3.569681783793038,0.4472023383538897
4.007551296042016,0.43265051160765094
4.163284225562056,0.44331859318866584
4.2958638709017105,0.45059728360558327
4.261974720880697,0.4449202077268276
4.055438583016775,0.44417444256490624
4.088473025381448,0.46398980275619167
4.0756525920285585,0.4470860968801029
4.117221308059691,0.44009696374147295
3.9953983024320516,0.4310962879389465
4.326317426924229,0.40941739694384144
4.373341155396541,0.4084904965128856
4.059230994133167,0.4575148979454177
4.032813144725283,0.4635896878423332
3.963027325804481,0.4361074333677851
4.14116027182982,0.45590974555402974
3.9948861037685455,0.45424191459835506
3.8723334921056356,0.4236342297702454
4.500327212015942,0.43480859193168103
4.2929649802487,0.42818643635826903
4.37159982042257,0.45513984695840387
4.345593046404536,0.4444353698141582
4.335341533478972,0.4455299202029155
3.9511532426487097,0.434130050942428
3.6619321675353502,0.4553031938256041
3.5655777585687085,0.46135085828918937
4.2130597072039695,0.44360697597988236
4.019965563107918,0.43995724096225974
4.141497630432839,0.434938900270791
4.15887347058422,0.43979822739852303
4.130802831948839,0.43647494429105443
3.701050143639387,0.4574140023575685
3.991951629932735,0.45980378248989284
4.320600994144902,0.45380412664403047
3.969699878712764,0.4349597547202926
3.7827105999533,0.44549026246610457
4.055527534430882,0.40969554623034876
3.8948841124300615,0.48063774194758435
3.8679590360303027,0.4771610355264423
4.2980100440643625,0.4194660856422679
4.269660362175633,0.42171405732174094
3.9166751444392496,0.42759622951842874
3.8480907197502434,0.4275396328205809
3.7979358710568976,0.4094508460117076
4.173055862997131,0.4432287541129152
3.8312040349214187,0.4581843649069963
4.17957640430032,0.4534357284846009
4.005182062553374,0.4471292354667605
3.9977239787453285,0.4480308896021354
4.08876504822239,0.455334847087056
3.991456831606358,0.4336555192942557
3.763467562875418,0.4710790078171629
3.9418609692755706,0.42870772533411994
4.308711302401953,0.458832726792637
4.261880252417295,0.4514593383472734
3.833907650202668,0.4439067917317296
4.42079896865438,0.4330291118463144
4.181190898466594,0.43546747891504056
4.350759188487751,0.40283775581832065
4.344758593052884,0.40119037646429734
4.205436107684217,0.4625058055257417
4.2787014723162775,0.45765642752528674
4.315829235210693,0.4584292489157032
4.356301563495425,0.4628689101903419
4.0156704515573045,0.4118483353274501
3.99580913720795,0.43205988816308377
3.920281790702575,0.43247726467377046
3.9873993926619047,0.4332175989919007
3.855828052403008,0.42104879364425307
3.872427825754213,0.46741939699000884
4.013712380295207,0.460007887714242
4.002667513632134,0.4595298660692086
4.186173102209691,0.42213694014186215
3.9704830940593303,0.4697637393384615
3.9611814831531458,0.42952116991263967
3.8524280852280115,0.4602364418971951
3.7230384388520497,0.4748789579612789
4.021836123473658,0.44158748653996754
4.035166211186939,0.4413212549677774
3.8096660779848355,0.478401623995459
3.892139276293595,0.4748807507800604
4.2682937472489595,0.42840268631181416
4.235966583678556,0.46726295873712825
4.068927253650264,0.4443033819527819
4.132997665127388,0.4497921362376344
4.037875076941576,0.4715333403181965
3.610643868763013,0.480761254063364
3.8503371472916816,0.4432877955005299
4.056863306025264,0.45921270657993696
4.014022891988306,0.4397005985731205
4.311046335075147,0.4412391484202256
4.469322765594556,0.4579587783297861
4.003557788059734,0.4286445744858688
4.200340796184752,0.4552662705380337
3.7623735061133154,0.4519259283884444
3.9221122943543913,0.4491319656457329
3.780327392771094,0.4752043437484956
4.006299023351486,0.4493397418995883
4.038292742525296,0.4279224952754276
4.119691852831814,0.4341026523840849
4.25398995955507,0.42216457015523356
4.253901832369744,0.41908244525590876
4.058470023903979,0.3922988209422854
4.23450174377993,0.48783502531783335
3.985705773144054,0.43455708671322857
4.176843210674099,0.44179784498039065
4.474120543012066,0.4831548065701295
4.0794269622467025,0.4411667890032436
4.2713453816220985,0.44708671300176905
3.901146270737714,0.4525252692904379
4.0698355263488555,0.45708810865195926
3.9595907218215864,0.4461553250663124
4.0546487580172785,0.45212704717522434
3.941293977758303,0.46840902167423143
4.164179816456945,0.43595600752152136
4.008163396391376,0.46144916786960016
3.722880343361948,0.44428886152348
4.264721416948304,0.47581731251573717
3.8660597160366885,0.4538288040786991
4.162647510424627,0.46432255409462503
3.984754428777701,0.45060807994375107
4.192589662321126,0.44520130713771566
3.805159126334228,0.4771190264957493
3.9309711979802686,0.501697887393035
3.8578252669621076,0.4614465162539319
3.8619173067556773,0.4584848796928124
4.256111827038017,0.42390000220217045
4.566502085083665,0.4420441147515344
4.199135705188116,0.4236962700750689
4.1177855620607335,0.4877758048349038
4.602529758626586,0.43546448498060203
3.9284085791740524,0.45515901802187053
4.036780512235286,0.44057178851042544
4.25008284722615,0.44691687234824107
3.8195216212314786,0.4247120653829533
3.8102543922838086,0.4264595763947353
3.846144903879442,0.41954008016017713
4.164353551133505,0.46302097828870953
4.178634799258706,0.45292970459587983
4.155517203257671,0.4494016784534795
3.758050263797381,0.4445896880016572
4.047071731630908,0.4875228432521259
3.8842789652190755,0.48859822544959886
3.7833597823104994,0.4838459632457867
3.8060258652926002,0.47040993974004347
4.092468627644324,0.4571214098822305
4.004569162345029,0.4794555197033479
4.006131313551192,0.43235412680900287
4.48653992581022,0.4580046298768737
3.6623490350727237,0.45015422552319456
4.100770452907231,0.4507162648272419
3.7308027362465537,0.4564458285634137
3.796378189496383,0.47496846569738305
3.7154866664849693,0.4652476249569078
4.169671846829595,0.46649811716028117
3.9532644979550637,0.4259078020033114
4.250744018584713,0.4362678261805751
4.143345334108419,0.4555611952688085
4.156351092864963,0.4335440144133457
4.224969290713364,0.42964515573089745
3.784110335147462,0.47202544691408677
4.216690275960705,0.4259779484510445
4.030638301867519,0.45978565091806195
3.988286741228175,0.45571565204228015
3.888901026663253,0.4568570592099144
4.36304074336837,0.4482685759227725
3.990623963095492,0.45820707941677113
4.04011698771903,0.46560548509808547
3.992211679769965,0.4286701545838932
4.1986707726151895,0.4633886520977135
4.004473564940039,0.4496385236742301
4.02239466319724,0.4450375235705486
4.004422804638597,0.43925227242294623
3.898883076418912,0.4396370640024607
3.999193282418768,0.4316428686617742
4.023915704344657,0.4515677797426626
3.7963386449651813,0.443538611702432
3.984721967604873,0.4543335059345969
4.164819428923235,0.4765236265693789
4.154141601926328,0.4660670100141546
3.9408247148667046,0.45691319198973535
4.074479967949832,0.4394030905599731
4.109471939317525,0.45602408088649143
4.100620585986379,0.4394880154466909
4.168698539099191,0.44439053517348
4.030014307135704,0.45679183710363674
3.763789295312899,0.483553065194517
3.8722562216331506,0.4688109442415994
4.183668916205918,0.4291839889339973
4.1784457107556765,0.4534175952929643
4.083392535037337,0.475239743466031
4.078353279063868,0.4761291854604186
4.078353279063868,0.4761291854604186
3.908576708931342,0.4521240876280334
4.494462110288627,0.42635581750903184
3.836729535542314,0.461191868736444
4.107351434900309,0.45909561013733335
4.159292651048989,0.46959463704984034
4.419792153425839,0.4473264673485249
4.257762401753562,0.4574419276097408
4.154302021354814,0.44727692490031773
3.868681989763185,0.43968547042052847
4.130449349996048,0.4769675690231471
4.134176432891538,0.4626569405876632
4.152888465294583,0.45252308190909296
4.09822300643558,0.4485959554101302
4.021930404379851,0.4295475599804032
4.491169883917444,0.44419503310179287
4.278272159754741,0.4368405148295451
4.028004641353856,0.45823638454749155
3.946652353912122,0.4668858254637436
3.8484630821998174,0.4632305931437001
4.1031685800424125,0.4403044351203758
4.328789213081228,0.4601675892873795
3.968873169869828,0.44967677461504446
3.576865922918186,0.4729183870485793
3.87070557075412,0.45136189770105645
3.8489268898773976,0.4393788043696391
3.821947792190097,0.47062883208200884
3.7587272693214553,0.46688450020781586
3.9082969904262326,0.46013095452451924
3.89593657020674,0.4672850944739069
3.89593657020674,0.4672850944739069
4.038856642994665,0.46048919286771617
4.011553216420498,0.458094746531427
3.931351011860422,0.46091418808297435
3.876443994924583,0.43947908359073395
3.9956974040280313,0.43903116105103507
4.120481873566585,0.43540881507278695
4.059502634483807,0.4455668323590291
4.188329427895452,0.46716422648350026
3.6879011328495808,0.4716129969551309
3.8402035894193505,0.4488384132586528
3.7938491726350976,0.4494446226806624
4.345539012467953,0.46277150603315426
3.9961585299178273,0.4677165886864526
4.150348485922208,0.4403398368423821
4.1605889959531135,0.46259684372935167
4.121967692036003,0.4502198171482377
4.069919393888358,0.4346199445263907
4.243598433555681,0.4519094560204406
4.034295594808767,0.4579213114083756
3.9903789289168663,0.4284354890373377
3.9832466849659602,0.428850225611139
4.051492429734639,0.4776426868068393
3.9857400179357363,0.45483716119826656
3.9778735835713013,0.45528414015202845
4.067606782291527,0.44101295218379816
3.896693203136,0.4508624994523069
4.1392930921545545,0.4608304629938221
4.118347184113272,0.44265709537599873
4.059354808327571,0.4578710798161481
4.06635806535229,0.44434637450106035
3.9342134277758336,0.4622649997366435
4.119015806977932,0.45183716367720783
3.860593644524422,0.4418147802841293
4.166625119171868,0.4280479490783545
4.09568031298785,0.4779462054320238
4.098814377272439,0.4734845192825056
3.9900229543579253,0.4387357987036886
4.163695780469097,0.45655342910118607
4.6679920443140395,0.4149375946894102
3.7113553246611777,0.47325194106329554
4.134607875776328,0.4433216822361138
4.031299999977985,0.45807378961477835
4.28678511872673,0.4262484515372207
4.235377536088281,0.42257760278297507
3.914279213540543,0.46749427451654446
3.9827515816299224,0.4663107069965942
4.173483699835139,0.4351778827442191
3.768387107353618,0.462649331724747
4.186169896222153,0.43961923526249413
4.305741852532107,0.43533158671819006
3.9789737548094095,0.42607285667971734
4.250582960274652,0.43658008693829775
4.156492829994489,0.4414348752685085
3.990383299897574,0.4678278920671811
3.964903329552093,0.450882718361982
3.857232469396033,0.4574735392767339
4.144861532342016,0.4508392200435567
4.375171136876215,0.43782653141197897
4.264337451092669,0.44543427348183556
4.337650139518657,0.4517020424663409
4.194155968619738,0.440803218753925
3.934238082200611,0.4725115920838786
4.248685139422441,0.43858643896645166
4.494437517561632,0.4659508063929151
4.450931771158113,0.46974754081584963
4.409732193991023,0.436300413111798
3.9640508448037597,0.46543399786538886
3.850874856516098,0.4565759848674131
4.0366603950044,0.4780062806153459
3.9695791806109106,0.4794710982445335
4.135588883377508,0.4202721364019458
3.941647820287105,0.49142021500588756
3.926359842209066,0.47213107171709934
4.1727995762758665,0.4527457020846518
3.863027623714714,0.45467245300617254
3.815399078174021,0.45960174318187685
4.0592867787679054,0.4394415533996887
4.248908556326297,0.4242855024049088
4.238574369449939,0.4533952951434883
4.201547684668555,0.439896968191774
4.208907015196599,0.43178888691521444
4.131074739314083,0.46473145314292624
4.312978384809228,0.4639857691918517
4.109666631529281,0.45983444325950473
4.1093911665048015,0.4369507659982806
4.080599105431872,0.45123984980788995
4.251968940280576,0.4379249681847496
4.146891073868413,0.44128524459973184
4.072845184298382,0.46293795397258447
4.208436059763149,0.45594649183128627
4.194478099483685,0.46292227761537064
4.208685913761754,0.4659289778864242
4.32506636244677,0.43957028243123
4.42287539502035,0.44993623627559715
3.9220655070450308,0.4362333784211072
4.147243815069981,0.43993339583482677
3.9599114689178068,0.4378458381547067
4.080808075339491,0.45780705561326185
4.35013001621397,0.43637995631320137
3.8927731567090786,0.4466550522829542
3.888996067083579,0.4673337750364363
3.8677891638524278,0.4839560371854278
3.837269165467558,0.47713006138685216
4.366579747509705,0.42740507334726385
4.163407235407207,0.44347746069170735
4.231180963449658,0.4458034571895381
3.992876247540361,0.46486008662319933
4.010572329132588,0.46732663892122417
3.87541178176827,0.45046246383431066
3.7866809519905225,0.43878725162286897
3.9750901578876356,0.4467496645926868
3.672022452263464,0.4728183621147478
3.8462497109216622,0.4662245053033842
3.8799330233525877,0.46777469137550315
4.264636726775184,0.4639771824163869
3.772821677299105,0.45058573232202576
4.039628657678021,0.43194805334655617
3.8422447350099955,0.46924721169148764
4.068049840792306,0.4370200610804353
4.007778953234925,0.4282154348484149
3.9967360606348366,0.44835035853423294
3.743843496969797,0.43775090389606797
4.34782437903854,0.4555529049641118
3.9341801252974733,0.462766175681455
4.165876594016449,0.451007887851923
3.8770091189862246,0.4527691966785827
3.658890513001882,0.4273179206587883
4.1687699099897655,0.4742362191836086
3.983138616451458,0.45317262335313246
4.026943170339787,0.44290150085094776
4.076324065531157,0.4510248783334831
4.3884352643102265,0.45491902961407427
4.213867721991461,0.42915829288489926
3.965872080875705,0.4583258634244858
3.9916615960735675,0.4574211942439918
3.854030045210245,0.4619711269734898
4.432598716284987,0.46608242196926825
4.598217832030933,0.46470607134536085
4.426951255507742,0.4371907859941656
3.83063408592881,0.4422011672986528
3.955721287218284,0.4685933861245995
4.039266624225828,0.45443285162858943
4.08727546475801,0.43976494394330873
3.6392491762898316,0.4365017492184273
3.945172015934526,0.4510755433013233
3.8399713543220786,0.4679406683425241
3.850736829318393,0.4397970164706767
4.220362120270765,0.4642499179416818
4.190146284335786,0.4270719310037068
4.106773794505279,0.4573640733257802
4.074428342163008,0.45209400614171064
4.026524502208914,0.4607129365972687
4.237715470391057,0.4413127059843763
4.204956677263016,0.44427268717228996
4.012397764398458,0.43657870109881713
3.9896427224887137,0.43558748165350025
4.076830898948551,0.4375533362287119
3.9263512179468165,0.48104499748385476
4.022356721071094,0.4337846204576581
3.994464253124248,0.42387134495267764
4.088295198281603,0.4139834045165038
4.314901665401097,0.4122220268129095
4.430158902560212,0.4049983573970138
4.399197772270652,0.40674271861756095
4.072142538951612,0.43166738669443516
4.1599046511751006,0.4447128047880192
4.167858657442064,0.43731771308198025
4.178585593590217,0.4776943857733119
4.178585593590217,0.4776943857733119
4.265775144997119,0.4395698092910953
3.9377816606990867,0.42876463882689275
4.4791373075775285,0.43996484918630874
3.743813973074179,0.46039789293687206
4.299013849836368,0.4481787789696579
4.224952822877251,0.41957927843073833
4.628795319339893,0.4387230201361589
4.593277333499453,0.4404771313441174
4.552662584433411,0.4392606463383434
4.028009152574768,0.45337676822032735
4.009622528911966,0.4578958854160107
4.270961418562946,0.4530270282445898
3.773370593757592,0.4799035060501971
4.084038329050712,0.4688926031858174
3.9549518146758094,0.43344269404243235
4.117745720891015,0.43287269422325336
4.214181073815076,0.4416733481848867
4.211834163158517,0.44867333596742975
4.144071932880227,0.4503412851879104
4.01606909199718,0.4532671982015323
3.97847434138637,0.4521258389472683
4.029025749023822,0.4532100290268738
4.052081561992518,0.4444365248088799
4.050073953581591,0.44350939187092714
4.19189434219406,0.47037623109251164
3.915016702469087,0.46048335692471476
3.8854267451489815,0.48492152994771026
3.79773847893469,0.46969730537640403
3.8157941256770376,0.4450906221133149
3.9821798643413295,0.4197613679119403
3.907798154825941,0.454108756875332
3.8187981663204704,0.4784950638422722
3.8477499994027915,0.4682599009459318
3.886597821576906,0.4765385827372092
3.921471658764495,0.48469671625558824
3.802799597123216,0.48827518254842234
4.566611121762901,0.4047207609189133
4.731106318268771,0.4112021224880323
3.8128740759512194,0.4362128348180754
3.780432563240442,0.43326802709822704
3.7891182461390485,0.4340847059681271
3.892546337716608,0.4882413750564491
4.409480887117696,0.4225761425450956
4.462510872631911,0.4455382286457896
4.040473388377686,0.4308989424736528
3.9357466902126186,0.43437946418773266
4.0331554012465975,0.4609682529407351
4.0688546357353985,0.46688162223981095
4.047003507919159,0.44151061316622586
3.9898293434885614,0.44117761578452547
4.173971917229808,0.44907588177356006
3.998521294037789,0.45657490272054
4.124522261344369,0.4322184409415402
4.277256895278414,0.41436137913169435
4.208544370001628,0.42130611479077923
4.062221224044709,0.47463094001750983
3.6653251537737823,0.48536964776508235
4.376271952544251,0.4533741600294247
4.642852767548584,0.4625735089175159
4.347389504792855,0.4556553694866124
3.9976583958835,0.4608753298024497
3.7950417376297243,0.44999218991722423
4.538878974111628,0.4370332852296574
3.868006910091097,0.4320363268358691
4.12370481617917,0.4497857521337446
3.891574460505563,0.44905990617123714
4.348992942927533,0.4438465760198466
4.489368940895955,0.4539260491130699
4.121717121835849,0.45686438817478287
4.208045522599349,0.4387712048391848
3.992390824109906,0.45816413618078816
4.110055771044,0.437529778709429
3.7325833976815517,0.436982677951315
4.018349546918236,0.4617243344269753
4.086604297548757,0.4454173623498618
4.003963347048119,0.44651883332872294
4.242473964426504,0.46019664506890257
4.183023593831525,0.43902690873625627
4.090949286302787,0.447385239031876
4.121461144711925,0.44851384804639505
3.9719862813836935,0.4699887390986999
4.2652182628354485,0.415475699672368
4.517752648786365,0.42100106779326674
4.312783307301647,0.42707593786737774
3.8843030726848276,0.47130044147436206
3.9791062909765103,0.43475342661232635
4.0491404510918,0.45426106496449425
3.889725265849751,0.42254989710152313
3.8931478947126505,0.4190003705306608
3.985458839760875,0.486586209662687
3.840833883776512,0.4514157349744143
3.729863319521191,0.4571910379578606
4.115831293844424,0.4787549280478171
4.136432272046584,0.4359892425943815
4.041170370369086,0.4521350219333229
3.8127350927596186,0.4657992730313161
3.6639854373457617,0.43647285446045253
3.9727602227226484,0.4606367020409394
4.400402604014655,0.4392693382640928
3.9264034178074674,0.4601394488354872
4.045228211714481,0.4721300660612768
4.30642870936374,0.4143134854353941
3.9879557668781764,0.455484012316983
4.160128738457988,0.44818526961308647
4.147862757989171,0.4481312853679181
3.746529805635714,0.46922231981565926
3.7259202925718475,0.48140006154512327
3.841099222887637,0.45952117788857355
3.818023305514587,0.4608676525483553
3.8252300504225083,0.47308066717633046
3.7856301942142934,0.46440681487838237
4.317073582139505,0.4326066002346509
4.362415313177939,0.4373665490075185
4.4717765116811075,0.4567161844392238
4.381192859264747,0.4303727263850371
4.438389023397834,0.45269606968638454
4.3143555751066724,0.45319593903845284
4.215721015351505,0.4619358427920517
3.897674205425039,0.4361374006217119
4.254742667476749,0.45320691010277986
4.327525743058435,0.4511355401412389
4.417774457346451,0.4434318275231665
4.119035136458353,0.43520926676369076
4.3085583126788665,0.42463812074197993
4.562057584938439,0.40786169681828094
4.308093330365698,0.44394315465749323
3.89737494501659,0.4522009154678125
3.9193438201906026,0.44604272384934107
3.7802862608520784,0.47617953027338783
3.937949629747942,0.4470462053942208
3.8588637848013922,0.46641375216350156
3.878448641673187,0.45829851168939384
3.7778615879505684,0.47696482374756677
3.5991797074375302,0.4717723124242361
3.7493609746250907,0.4831886774185442
3.900684271029641,0.4460263722787497
4.435346944511095,0.4557673784159844
3.8032007400249026,0.4436423386528347
3.6132957694838765,0.4479244060033348
3.804098096952871,0.4619129166389426
4.192168583780479,0.434771369797066
4.0914900326367345,0.4605594408867986
4.137361231707825,0.44706588766562805
3.9904448849831065,0.4493408952099506
4.064028235811311,0.4542632032713428
4.051196694308649,0.4589719583992962
3.903126364713365,0.46330805254977836
4.312019094384914,0.4788141672678136
4.209266494575038,0.4575044267512412
4.234419159634779,0.44819420458660836
3.9606646472286995,0.44007076682957325
4.1428364424217685,0.45168338904079053
4.106192494246853,0.43442883375970803
3.737294807739012,0.46862807943662
3.768532515300817,0.4489798126996747
3.7656709457371504,0.46327137973595733
3.877467044436092,0.46828499827347975
4.163850568361113,0.4671156889804743
3.8849504638554064,0.4616304247645095
3.903212925044507,0.45888830835986116
3.661570647837498,0.45621024137333244
3.754433876009292,0.4514770308824861
3.8000275792771836,0.45089570049142014
3.7432189037138803,0.4656253291843974
4.3445259679884085,0.4252972961391326
4.260785714910907,0.42544890132670915
4.456419325281329,0.4314036709937621
4.493911217895137,0.46442841245848515
4.313860435923207,0.4495736282542074
3.536512868181755,0.4491391996912488
4.1556973923850515,0.4395648288701558
4.20692236050765,0.41307377633536585
3.9183500823855493,0.4819908266218556
3.848547261660195,0.4642457205434073
4.086016887251954,0.42924444772777937
4.044729155443674,0.43269938035790834
4.074683076832748,0.47277743016942436
4.328740665972426,0.48118271318852945
4.386298689206119,0.44016874622345475
4.471820448074083,0.4523862558547631
4.039574236861671,0.4455633802755311
4.05748511742645,0.44815116629631335
3.7769750405791678,0.48349589220742173
3.9017985870266494,0.4708904447866379
3.9030092731506225,0.4457601064603202
4.159688138069215,0.44115626912662514
3.785410489504915,0.472563765535732
3.6896830124412774,0.45095425088383545
3.6250189486989894,0.4486425586413832
4.376053059803705,0.49058548267862695
4.31511020917388,0.47992137806641866
4.3408287340690395,0.4835595580439868
3.9566567636321386,0.43715051991944265
4.225824839048961,0.4601080605038189
4.179912428537128,0.45819446976067135
3.8986582817879216,0.44295107815637547
4.14865747463634,0.43055295840095614
4.124952466786493,0.4233909257641942
4.022637898276241,0.43489609966786597
4.259660398257762,0.4564024830072196
4.340411282123544,0.46111968119136315
4.3086481775582435,0.45882010067377366
4.168900872658246,0.4479066445345368
4.187667142889722,0.43089407797842105
4.24666901438126,0.43124703239489204
4.209520653392182,0.4239116420985678
4.013249839871064,0.46563994140308196
3.9613905632139463,0.4442931757927258
4.06062231527281,0.4716107620667653
4.1454031481625275,0.45035027843329933
4.369258324555854,0.44697343905364434
4.398281698029515,0.44697033433975236
4.239618485282311,0.4481975458821002
4.233473864763773,0.4421092198212384
4.047129278916644,0.4635207104072166
4.080940514115216,0.42333145560135865
4.040074516783284,0.4830008147143953
3.878292707019942,0.4133066890590069
4.388569999835976,0.44745390150854797
4.174807843778206,0.46470019888007674
4.099327752631265,0.4493092132960888
3.8247066848711633,0.4549700818508029
4.233357407876452,0.46141193895065374
3.8950254310995356,0.44474577744596017
4.135211092791161,0.44317972782151166
4.252297319387524,0.4541888659656531
4.191025977844597,0.4346614017159446
4.828421244068743,0.4266149421746558
4.116870747720757,0.4101090904308176
4.067648926038231,0.4052787051323361
3.939841549821636,0.4367934342884256
3.865555190738374,0.4400661887185794
3.6585558820320454,0.47450011672231507
3.857687162754486,0.47403233676403517
3.8124121222972884,0.4716427740510721
4.019082837275007,0.47016356614256577
4.080333286056446,0.43880019727197295
3.9484933008967182,0.45959849457540375
3.73936181880024,0.4677745064593228
3.917939422327885,0.4623516075998191
4.299096575846806,0.43593571017346905
3.946481705546,0.47307015677626235
3.7440004170447856,0.45119963341218533
4.305258870536278,0.45329590527116137
3.8398551711854365,0.46407381193082764
4.392838887785795,0.432359133895156
3.747155657449164,0.48080774790818265
4.31184315666431,0.4282403235539253
4.437646832762249,0.42725466702430637
3.826639224043695,0.47116566286146017
4.2387406121106554,0.439552657137722
3.86543827446707,0.4648336238837488
4.237152059446546,0.4330288415398251
4.157143197386398,0.443701387768103
4.1014717205592115,0.4779589946792143
3.9750458108621824,0.4697823746462759
3.8956226151230458,0.4595511077515454
4.093633653374335,0.43849296875994626
4.273098580389707,0.4374978062677862
4.431210952769284,0.44720300045583083
4.3599549642793525,0.44446768802366077
4.189393560511493,0.43744215476496995
3.7759110563842624,0.45499362546290095
4.180837185983868,0.4532715744901056
4.229399002262446,0.4676372714273589
4.190377198103021,0.4728967654924713
4.122091565923457,0.42592370000390245
4.243461181081088,0.44185065977026616
3.8926346928989837,0.46403659871226755
3.89854673110309,0.4682932080875037
3.9476062618739425,0.45880241730877835
3.9035485343789644,0.49657531394651716
4.035810870435356,0.45624433942411213
4.02758627291169,0.4447663018875296
3.8679534188438836,0.43765079602357493
4.112312641908952,0.44256923296625095
4.172192503082099,0.4462461602782494
4.14922031447243,0.45829398376790154
3.9657070448904905,0.46183630325065156
4.044177918601831,0.4259669917013614
3.9604653128640472,0.4329797052154095
3.917952684257513,0.43150234296858275
4.28771661501727,0.4558459070480176
4.1672237463914525,0.4567292377376438
3.7625322866843622,0.45835408321656895
4.168567833595151,0.4594552165471179
4.111750820285012,0.43266608554238395
3.888469424115387,0.4667201809553136
4.093395458380365,0.4319448349990734
3.905722133907591,0.438790204270661
4.112141568905952,0.459360897819855
4.083529557207948,0.459071635528045
3.958670374076075,0.4424083768313322
4.223615159704351,0.45056689016685725
3.8865910971162476,0.4413025409317976
4.1324402538910325,0.4789278793356273
4.051104491867776,0.4395582314301746
3.9122347556484067,0.4213870307572011
3.889833373377502,0.4536058136482354
4.155738936254236,0.4587149096953237
4.242091599900254,0.4504448716413689
4.1180212005377,0.4256880353428186
3.9937260721614374,0.41699410633851475
4.2858918768646115,0.41278077298485916
4.208460231516548,0.43393906416615735
3.9508498672575247,0.45978746713620905
3.824350806689807,0.46066725940149444
3.6959075429902186,0.4120471083333136
3.9592494725846628,0.4285157827253728
3.9393393427800416,0.4537630771495973
4.162811706339815,0.42789055646785773
4.143833959426859,0.43310112234479337
4.2277128056914,0.4272240389651474
4.264088455230646,0.4256083762547623
3.6736387231286716,0.43877085418439693
4.459882546023507,0.44804136506371933
4.144080648164099,0.445701277092816
4.321427601965556,0.46538426941020583
3.9803814639486386,0.4436661275574916
4.328460734210659,0.43960986423168014
3.8901004281223472,0.46594406296638385
3.9117037403011934,0.4530940286306451
4.489604807014842,0.4139528681027684
4.343347105628554,0.4191568795958293
4.771135807094923,0.40641147502821845
4.217787958419193,0.41740919460316794
3.7492215482258766,0.4684991815123501
3.809999622818549,0.4617985857779622
3.798961464888419,0.4631593113509822
4.001602007042542,0.4512552355979258
3.8762414123034645,0.4607319557330438
3.860495321614947,0.4649594558521067
4.069782005634059,0.4255662142569195
4.091805095032969,0.42849795116446204
4.409582076764333,0.45472579565581756
3.5407473916838246,0.446293536222873
3.753661649421727,0.42027045552624265
3.757979697461236,0.449753869635503
4.23043629659491,0.4620732532408482
3.739971592400579,0.4711258540735664
3.827991974829391,0.43045544577295514
3.8711924423087147,0.4320983702844058
3.6812978743661824,0.45159781508818164
4.037503383491645,0.4652516644119998
4.089590852969959,0.45542630627747355
4.164579264850442,0.4425449955313001
3.8512365160771385,0.4750310929431484
3.9783153811298133,0.4764614485494865
4.20350072376155,0.43345310261638675
3.818788294783537,0.48634296936087074
4.5173640779054915,0.43161633550149026
4.517685644203852,0.4472783413526828
4.562405405075853,0.44505800465406065
4.15815543408275,0.455692955022802
3.8871655192637022,0.4448107763819839
4.13149057863008,0.4629043071843797
4.110034327454115,0.4533398770516087
3.9617932967524725,0.4374031853407308
3.939835594557595,0.47776226554439055
4.133499288287143,0.4386829482696973
3.988319667062504,0.44711736932834434
4.115044595452788,0.4568842781325637
3.8781445972209077,0.4590214525400969
3.892715314280635,0.45971174987687585
4.209261608162071,0.44583476167439523
4.269771915009085,0.4309625564101206
4.119035198770127,0.45161885787337674
3.930565016827939,0.47181562847495945
3.6700661717020657,0.4423717214928819
3.6252890474738635,0.44108865171972805
4.091341707802673,0.4510619149770359
4.44352913617274,0.4576770675197107
4.047945127532265,0.46211783918316307
4.246165019343608,0.40347965992532275
4.177681668926405,0.42389927334800714
4.115885082426484,0.42206382841370904
4.062599404903291,0.42298453160683547
4.268389582942232,0.4502946596817926
3.9534287775880785,0.46191311175234034
4.225782621047468,0.47143096576739074
3.8092180779888216,0.4417154176444407
4.056777667418136,0.4325141352354479
4.044853156438316,0.4294747544091615
4.027770976258091,0.45279938593204583
3.9721786844679046,0.4708957297554738
4.154536025366198,0.45788055059661864
3.9733300980692117,0.4578898622450225
3.9054814342161124,0.45821081683506154
3.9290945642820647,0.4655283324934734
4.179518950172023,0.44799509853313846
4.287108412510187,0.42105353718320626
4.391999910989792,0.46217912244980536
3.7011118324252315,0.44748828576898836
3.675176319167689,0.46025865922366876
4.1905282747486785,0.46585172815956283
4.1777774170440605,0.46313866473963594
4.0030119318691515,0.4597346955630311
4.093796787988057,0.4602394931738509
4.101958784936007,0.44603646932699764
4.085589928197173,0.4629715383020843
3.911793559595481,0.4664088483525149
4.049556507974293,0.45098045049654256
4.230141609082314,0.4446732610305451
4.2131873643545115,0.4456333830272725
4.144758915291965,0.45536514807076106
3.796491793901553,0.4609877782288328
3.812366249137537,0.46475462116417193
3.783414219476255,0.47250222650418516
4.469153647688352,0.4426885741572954
3.906178140110618,0.48256266255960945
3.9098127651770826,0.47837495744317193
4.108122117073978,0.4598331447247735
3.8667489914676185,0.46314651339035956
4.105521108969519,0.438884242078158
3.9419245358883828,0.4236034211296059
4.222305827306906,0.4657537232051095
3.9536588920485833,0.43562427447483376
3.8301957933131834,0.4472753709408417
4.252285722464172,0.4544033867563811
4.340704715858974,0.48331747437408773
3.7729990170395884,0.42205373896751064
3.852634021235853,0.43570448306323256
3.966936749066101,0.4525963536553708
4.064028557710798,0.44664982467903547
4.196883366670918,0.4448900551266984
4.042590342405781,0.4711394203716072
3.8132079329828357,0.4554579827197684
4.106295518778462,0.46203681970158644
4.070355447069159,0.44044421507437886
4.13554033403063,0.45241804825268167
3.8813695037583598,0.45344967446204965
4.433113534805136,0.4567057075315657
4.058986052106551,0.45873694552844146
3.943328914894622,0.44769400577379337
4.192601565267349,0.4563855209309809
3.8331082232691855,0.45122717065208817
4.082650024371305,0.47432395725779986
4.056432702389036,0.43429969202185453
4.019375991637084,0.43876730994067187
3.908883928415682,0.45011128722794286
4.213609200093673,0.43407069072581356
3.868089616397575,0.46008501096974613
4.221829749927096,0.46474882182960653
4.08699640112662,0.46853296235280323
3.78084068781403,0.46258686570451757
4.6439544521637695,0.4434559286559135
4.696354440385139,0.441203886049924
4.532772248042648,0.4486924862425997
3.785912589125875,0.43853707338887604
4.0542723289531395,0.4313876814396308
4.350619465476111,0.4662378333703186
3.960746766942562,0.4490443217442996
4.0694091035498365,0.4438892209489435
4.197034547695735,0.44990388089958067
3.8368474752364845,0.4469515921594848
4.045398559982648,0.45907555471760103
4.142065132472502,0.4592406443663184
3.8747366448002114,0.47820147983412953
3.7856640063054825,0.46929404342084974
3.717581917266788,0.4367535605269438
4.070303934392608,0.4522828474471089
4.183276157776973,0.4339742977029019
3.697315699388058,0.45075576254285543
3.595509217649419,0.45330606679362273
3.90433560531983,0.4255850735015857
4.109557069659409,0.4646982124260629
3.8706052040837626,0.44873874869504815
3.972724913439438,0.43830869933446936
3.757006384886196,0.45235428716619
4.05871610812242,0.44995487910991877
4.35468361259451,0.43779256254305365
4.304067605270935,0.4269735119426096
3.827174649084658,0.46309260153815274
4.360712998574713,0.43909953444962435
3.801188362430927,0.45678709505454024
4.276337733549919,0.4428374602661641
4.003694504041524,0.43892660482506446
3.9732259988347,0.4506467071111478
4.011921117674289,0.46153965498695837
4.069833892720653,0.44909837444412876
4.069833892720653,0.44909837444412876
4.202173979108717,0.44598997334632223
4.145858890466117,0.4882112589964995
4.388195636121588,0.46853957905728066
3.912767530192435,0.44389488015173845
4.225905848923339,0.450651042469592
4.012883639837855,0.4622797358765233
3.9735152063769217,0.4856964452851349
4.098807528230936,0.44643125359200436
3.763165877143963,0.44392147846747
3.9967181088487687,0.4450278641829493
3.8356617389785934,0.47314432490207453
3.989791001662281,0.43362393130582105
4.337677902993242,0.4510938012345331
3.845020010109739,0.43056886651135523
4.254384849993132,0.475646637231379
4.165734535341306,0.4753295963747747
3.9105291455727054,0.4400389603930499
4.106789795761549,0.45216698615292794
3.8657551018359877,0.44176102711631593
4.086883734353122,0.4199837102095005
4.122745139268126,0.40601218820865553
4.00213993662032,0.45011454092579156
4.118661059791419,0.4419977179074416
4.025024108611942,0.46604978301561656
4.114965678415915,0.44071044123145925
4.019080766003534,0.43242924386889964
4.084883453733175,0.45594146481435066
4.230309257078595,0.45913451359827
4.239879838173473,0.45247993280918536
4.215148632171013,0.4619622477396641
3.744367259060714,0.45888603074763606
3.7251310081014273,0.4603921915313961
4.341705873508212,0.4419254597276732
3.9311168271507806,0.4560028710821928
3.8375077714534758,0.44673207946645993
3.794920388011535,0.4627077109262755
4.205273596844557,0.4547867289242477
4.017912725417866,0.4360732409209451
3.9468764379065253,0.43690141205766847
4.044337049968988,0.44494872458524026
3.998740388255818,0.4474104441917203
4.109982271392693,0.44323754496463014
4.1661934362866,0.4408242188190327
4.0097703886958485,0.4669549895164422
4.011463563693231,0.4417034052677004
3.8827536953501536,0.44842958600155014
4.107862547605052,0.449039808059254
3.954529460784464,0.4712539893511234
3.95685293879999,0.4726487783034904
3.7888940711444836,0.4799577257304276
3.811897727321576,0.488483382352031
3.9062584505943585,0.46829869868355994
3.962174384486667,0.44752700017754593
3.9175890134814515,0.4149853357883274
4.079664668066257,0.4214528374757305
4.083452860161911,0.42389608142183044
4.011626835140782,0.4904684595710053
4.254829434008039,0.4316003155249898
4.143936689697896,0.44899592902726526
3.9825052579787474,0.45275081830332414
4.144604529884881,0.4587964618857765
3.9737221359173236,0.44053069705123366
4.197042345636419,0.4287963996605283
4.111219277333779,0.43498735043885606
4.197587789362683,0.4372050380684524
4.199746106054742,0.406928597648099
4.210546447287938,0.41091863012283253
3.9087027314669633,0.44618380712909406
3.9235809636697323,0.4643274004069488
4.395360599993361,0.45184928648925554
3.8483803805073955,0.4396795914403732
4.012744255871388,0.4399611053189581
3.9985882704440803,0.43097313198045206
3.9944833504763304,0.4284379865109323
3.8593015292652804,0.4350359409165288
3.9006628221790005,0.4573613385733401
4.244582309371232,0.4450919572505287
3.9123334393443288,0.43127730369462774
3.801400188469679,0.39325265671018833
3.7885126050049602,0.4413496730823543
4.029402639823224,0.4357765227468161
3.7898766815274634,0.44741374850203425
4.071088898903818,0.4317294406081537
4.455107873696433,0.44832160321140196
4.02636466481406,0.42886831681787163
3.8462805600701815,0.44582448834869187
4.121655925897743,0.46795158617763244
3.895690940534786,0.4602748733869287
4.148519540090274,0.436543425687083
3.967581737112,0.4389079994762555
3.8862068539863346,0.4366923880114021
4.035604567245808,0.4369649154087873
3.962530328582054,0.4464524005488215
4.0929759470596725,0.4578531565222878
3.924435693993003,0.4464282832265139
4.169063099506634,0.4362815117515029
4.103536016294119,0.4398365398516369
4.202806360335539,0.47170746736418917
4.174784898298065,0.4700517507890322
4.231908819420936,0.4435448430537036
4.242235847800745,0.4556327476429042
3.9962233821456197,0.4530482723905584
3.89603102270336,0.4563489013065443
3.8867430019381652,0.4659366700647529
3.812633075966418,0.461886806629483
4.333261931257376,0.44995150081965907
4.064593001499598,0.4697967562708222
4.2629525499966645,0.4643718866134316
3.8593077495467556,0.44758324244297537
4.029260592068123,0.47661167937643667
4.137042456773574,0.40470883364655647
4.24253848533545,0.4260607932794912
4.1154326522534515,0.4350815096997641
4.504952666845993,0.4532200710812796
4.429191183482514,0.45102597875077965
3.881392431956196,0.4688909515614994
4.245860594364038,0.4564386717188105
4.061490350129819,0.4471441265409469
3.8543203346239054,0.44640958178136275
3.9349258477936333,0.4606468029234208
4.019791681481607,0.4259520037321917
3.8548049591464295,0.4564967225434098
4.340733973072202,0.4447808960688435
4.385951393185266,0.46711703469583454
4.3150153856040045,0.4404091585175592
3.979909487398729,0.4442757389346629
3.824379249816832,0.44260850016834097
3.937659802287927,0.4286495852429049
4.301545113548764,0.4609650583206114
4.172221179750526,0.4611031542930695
3.9576663488856307,0.4551148936221634
4.04518390603449,0.45472606107026303
4.391685533751705,0.4458035497521804
4.159766617910523,0.457596591682307
4.0261473166312935,0.45275014285727966
3.9596079382650826,0.44458150084447023
3.683491024418701,0.4827690429767198
3.9304628121030176,0.44040104008058684
3.788176596999884,0.47670569224243703
4.360418370775219,0.48314737558988574
4.3937864613560285,0.48283400976602164
4.055264682436676,0.4763603204238604
4.121138513219128,0.46500386387827114
3.962720939120771,0.4295091794401353
4.054202835881995,0.421958533917713
3.7942324501857665,0.4587865192369991
4.667330421415776,0.4060484870117987
4.706369459083077,0.4020930535450998
4.662222446230084,0.4012334234937707
4.364120455508219,0.4089751451929605
4.132424880146711,0.4476635874630644
4.01210307322937,0.45213842949069943
4.047439820826974,0.4486106775188539
3.951620712444629,0.46887267220798073
3.951114807252355,0.4677084210395789
3.9699589437708527,0.454828138542585
4.105695925689749,0.44170365727418764
3.864345103629453,0.47286065490326773
3.902269214523464,0.4545838537207924
3.9113453193762484,0.4577033035090755
3.7388221063484135,0.47364711105853097
3.8272772221702893,0.46655273797351987
4.1648131749890505,0.4602030366859364
4.099409878759222,0.4710866289529194
3.76514050208907,0.4671972146158138
4.339473831104232,0.4485027725610318
4.36513946559879,0.44179858166775476
4.156243187855529,0.4409696103622691
4.312025129003863,0.4513849556384589
4.170991809475722,0.454126741349503
4.317447483429167,0.44632746806302537
3.9912429716950064,0.43521469832491083
3.9220629210980515,0.44178520916508945
3.9115046367433104,0.4403122085757543
3.876646533753802,0.44737258873361474
3.895559036251553,0.4509698590138097
4.219252776700751,0.4768407824398751
4.241145687024717,0.4743966506946476
3.927977937107538,0.41208276545639144
4.45669044315251,0.442606913315296
3.825759573617522,0.454585631752964
3.898507286931424,0.46438245384173715
3.6947583423795174,0.48972756596277045
3.7033001109118544,0.48076129880922996
3.99474291095728,0.44348033749242166
4.135488110479883,0.44077715615198326
3.971593007487003,0.4534191965142581
3.994585077753468,0.44252395206080225
4.106036670384197,0.45140940070334934
3.971588296410939,0.44580927681362414
3.8764209486802406,0.4560528010545766
3.7149424703300697,0.4345786012876967
3.6846468693451455,0.43618077876532235
3.8441988034522723,0.47685263470250955
3.7547502991963824,0.4906641042515773
3.7667126031321674,0.4856379444169355
3.8522945061660834,0.4835215840499388
3.9307118187054173,0.4509227624560002
3.6804800505536854,0.46036292495875863
3.8413478449276752,0.46203382353219713
3.8896232112813953,0.4646106474010468
4.092650409739229,0.44711640740101666
4.2447612589449495,0.44463350830756637
4.134815284685369,0.4508455775533179
4.160539256437263,0.46460390614742875
4.009721364734917,0.45539893411963955
4.026930403937344,0.45349439845652156
3.9885981951039775,0.4508390949734369
4.039403229291134,0.43179721216886496
4.026117042806137,0.43304491550764007
4.0138799413343085,0.4698309071292649
4.000675217324516,0.46758918262938065
3.706045562452208,0.43330029104063
3.7251503071531995,0.45746712606930207
3.9453866312944963,0.44526435327290376
3.860106759653796,0.44978571903895015
3.956428974764255,0.47612635188695684
4.038294184943091,0.4611620404616134
4.129118904435802,0.4724799174715426
3.898873216496899,0.4402581558627527
3.854154950530901,0.4460834221814054
3.954537148582563,0.4460315034591807
4.226871875275677,0.4371480910665318
4.1889643428568615,0.4479790825429949
4.192660431188753,0.45377193473610267
4.079321965572383,0.45217569316266654
4.114703494266295,0.4449272620447054
3.7018729189386006,0.45745110429123936
3.7188276555195334,0.44670221995941034
3.781689623560996,0.44544690713058055
3.8246293074185194,0.4754424109281988
3.9922944189798963,0.4512688662453365
4.084232657653391,0.44691658764690606
3.9131067931512113,0.4325361542030116
4.164211610351985,0.45065779194873334
3.9206109065392822,0.46383326647396855
4.1402176188117545,0.4243422275384005
4.187368039092484,0.4407148571126447
3.9446291376232647,0.47295787886724344
4.241721355124022,0.47987465112009103
4.082551191990148,0.40194435838200093
4.146121893712097,0.4010005358277359
4.133736257845017,0.4435799955748619
3.915794764101049,0.4569767637963368
4.218880852886052,0.43788057746319237
4.106955707469726,0.447942104589268
3.921842182075516,0.4583267970410224
4.178244754007437,0.4669979180592881
3.8028154317080323,0.4462096026583244
3.7347068113243966,0.4589712402565206
4.427317588924209,0.4493451851192162
4.460490441771894,0.45279099528900674
4.0193328356464075,0.4629529059191917
4.163906983216552,0.4515908003179875
4.270818369826983,0.42800994902417844
4.383163191532255,0.4364924546601079
3.6141321493290883,0.43417881202124636
4.050975043715192,0.41895534546080443
4.054443558306195,0.4209642416654889
4.059633051364169,0.4179223666547783
4.286779530859425,0.43382769790443976
3.974416987965823,0.46139397165350743
4.003080449246054,0.4411626988823542
3.8792130627165884,0.4368391392822884
3.8952173721415972,0.4559947964380815
4.018426319888147,0.4554958286096677
4.144994533546179,0.461810461907675
4.111235846374404,0.45581589379525284
4.036118379091373,0.44164038184573245
3.769835313884891,0.4733479278555184
3.6074207067819106,0.451214750749394
4.2827549508224,0.4762881731705121
4.153365969323485,0.47400508287566145
4.089511147852895,0.4509669777234678
4.122730591469475,0.4451092221520632
4.228403091161872,0.4699120152195912
3.761485467232509,0.43904660398059814
4.264357357701254,0.4406226520119515
3.8593018647977964,0.4734489129145225
3.849951766385889,0.4767234262414421
3.9925291861487437,0.4628671170598184
4.010266474309198,0.46145472786465713
4.2916176570977465,0.4078075167136268
4.130208705941455,0.41304266094590336
4.199216069170954,0.4199751282558794
4.2371090508082485,0.4295507667386724
4.060296949707187,0.43541905750265975
4.267312333042792,0.43686610422361855
4.040337402299807,0.39782011492221114
3.947336781201453,0.4113172631379537
3.9989760211938554,0.4491163329531585
4.085899554927295,0.4469083072730228
4.230042247545463,0.453219624618936
4.186154164726616,0.44685930659778694
4.172102964839338,0.4469078883179445
3.885694290663581,0.4564137543265384
4.254023351869747,0.4458104254431683
3.8874360437614155,0.44270929905861917
4.07317891953079,0.46767872435696234
3.9680712836136767,0.4793346130953096
4.068946632981735,0.4535769288185323
4.308649726566833,0.4499299531559982
4.414610871013081,0.44855585713769425
4.102674116162737,0.43809767364770746
3.91659079125,0.4777404222917482
4.028761062303678,0.42601591050327686
3.9163038500067353,0.4373900901614996
3.991173566450063,0.4309094306961667
3.991038481615884,0.43285380966848747
4.094560947995702,0.4408174112090735
4.259095544225593,0.44189775919726454
3.9831648806972253,0.4559207188818155
4.0104229596127645,0.463851476556226
4.0270272751118155,0.4663189777270953
4.12922286875889,0.42559369522024953
3.8079293605242177,0.4661209936369025
4.298019827866736,0.4426244677176343
4.080791582506876,0.46798280901519806
4.071386454663874,0.42689640735697587
3.842031147457671,0.46104557834829313
3.9344697179695296,0.48428199489454643
3.941578665327777,0.4890315960877127
3.717112262042267,0.4418144724069166
4.261886428127397,0.47013462134603473
3.962494862324068,0.4624643228974826
4.16547082907761,0.4467252547354488
4.071347566746822,0.45055210279652874
4.138856904311081,0.45282011787546395
4.214083941393084,0.4369680132914421
3.8931207064361635,0.4479446344280069
4.012917364609757,0.4656509765553294
4.182122690188642,0.4382692351001762
3.9479586300238236,0.45766509666560773
4.035662084740908,0.4380632473574208
4.017811003855609,0.446933861951465
4.0002817842238105,0.4441716397173282
3.881224477359647,0.45091427841612425
4.323072470498549,0.43303463069355425
4.505406780942288,0.42540008332270196
4.5743598465124595,0.4273998088137077
3.9859417277048785,0.4419820012510996
4.085761897766912,0.4452387401741321
4.3112274561175195,0.4288815187440403
4.062778513673522,0.4480806110153009
4.083441250017185,0.4361323086388688
4.07798931725934,0.4642060215831472
4.300163381219199,0.4488710333462302
3.8231121052874952,0.4577829012695695
3.8196893624039987,0.4813939135857049
4.079920442700026,0.4407572447302174
3.8050419090560026,0.4572858649872249
4.276325501293234,0.45698181424187945
4.039462284934964,0.42887231284206767
3.8975196250021504,0.42063927492377934
3.9315509652223373,0.4219497049000107
3.734841050894458,0.4400345147331924
3.7628395064536617,0.45606112976775837
4.659393451157477,0.4321913119711567
4.13704245723225,0.42013566635181865
4.00154122181507,0.4185119201057571
3.9192697632368376,0.4506552770296245
4.020849351344652,0.4571380210701216
3.7741554681234653,0.48364338252794425
4.199249906051334,0.444814630691823
3.985720990301936,0.4809650797849985
4.295313398387526,0.43592463495385847
3.7133823016118126,0.4550153479275824
3.848655191111931,0.4743983194146136
4.2354092839969155,0.44021791506332075
4.115147097336573,0.4415528142444287
4.267035794797179,0.44127282854629424
4.271162439615779,0.4278937583645255
4.278912063868321,0.4325463441270633
4.124138857249293,0.4489940491360777
3.964578157196404,0.4262230086723421
4.1407998614807875,0.4277130797060377
4.079756271782118,0.4435673682084211
4.090291095316749,0.4497699654737059
4.201896749767662,0.4623030430453498
4.006327768614052,0.4504376362660479
4.023441388596824,0.4485795749150058
3.6749312522509774,0.46920891671307396
4.342094891837484,0.4400868830039942
4.017931572075602,0.4792138415567746
4.002444525334908,0.4387546930238771
4.032463601838173,0.4220992052290687
3.9239823519878296,0.4371556310456629
4.1354224024676975,0.46427375739817117
4.050979444776131,0.4865619261144607
4.117160200487769,0.4639436238667486
4.213578927859737,0.45258031049699116
4.260899084597706,0.46261791513411865
4.290794928223294,0.4633469962542542
3.9885193850595195,0.4790471837976029
4.140507696731435,0.4300316411376817
4.140507696731435,0.4300316411376817
4.30647287055168,0.44693616240595874
3.8848674986405802,0.4563938232289923
4.1839385026314835,0.4670206495637117
4.143612140393407,0.46896998569589005
3.8078015801128573,0.45287691588910994
3.998617070564062,0.4503615567804025
3.9385276539643783,0.4637883784540456
4.213542734214871,0.4325908898181768
4.131828899561376,0.42536337241386685
4.358675965015456,0.4297319888841271
4.361610088075923,0.4292705828050434
3.682423637875393,0.48838667256258494
3.715598032426772,0.4881350420490676
3.721104318686422,0.4837436108837911
3.767903398294756,0.48338959421708727
4.037973155609858,0.47878222444827057
3.893355568994192,0.4506198079027256
4.30030133248749,0.45311601896563886
3.833485308536252,0.45116104392534273
4.145608106758636,0.4486066643245706
4.041855803934848,0.4633198626870751
4.05654433772589,0.4374078240990006
3.9072766269432924,0.44586730115913054
3.918389704329984,0.45888949560731124
4.16817952010395,0.4534631607298834
3.817628761683262,0.441422407725977
3.9230189554038075,0.4326841157190623
3.7265922959357716,0.4490336843099976
4.013499569955092,0.47019175441923833
3.9955376644495013,0.4736487981854413
4.201577120895274,0.47355439644434805
4.214454246205623,0.45485911605298207
4.248038681722857,0.4644981060387211
4.229322497264715,0.40995385694847225
4.367900719945254,0.43695708657452986
3.839217538824565,0.4697423158987875
3.8644327967944085,0.4691422092937868
4.11388658375259,0.46133321795221655
4.018362215956979,0.46066599908141825
4.270815570136188,0.46278018926887426
4.362284475292765,0.4268090085733175
4.301667507060084,0.44609783145712273
3.8661684539475623,0.4519787761455549
3.7897919689812145,0.47259290745835925
4.2820273096426735,0.4598003810440846
4.039027232843926,0.4650638946433637
3.951473807452814,0.4729671467488749
4.1307864055895,0.4758817124463223
4.054070341664268,0.4976820973862887
3.706176598657884,0.4459948295615792
3.9121542487300047,0.4183759488594314
4.098925467051761,0.4468777334997482
3.972631004299926,0.4440951406389391
4.160057837523249,0.45885522900714376
3.9861797093900107,0.439206875448729
4.251730200655218,0.4579212507136041
3.8335207816609733,0.47689526499362883
4.101681288401563,0.4383081925372815
4.365390447105376,0.4250294809130573
4.151153980019272,0.4192561613275019
3.9511490544812715,0.4620669146112679
3.87536091514493,0.46641822731278876
4.127119304668496,0.45763261111237535
3.729718513302877,0.4446973914376164
4.083155904930994,0.46412001314219953
4.15285424050488,0.4420369458249524
4.145143325963292,0.44250175361497024
4.016100465941325,0.4524202699419886
4.179734590647194,0.4557430255366916
4.028061946707141,0.4412447006750048
3.9100357523600895,0.44388802045508274
4.025107853793926,0.44834296696550757
3.990165188752506,0.4384950059827631
4.080270570574897,0.43091834735460915
4.118980446937481,0.42816583244774514
4.045394616204682,0.4456114241695375
4.063132794712953,0.4762412030126371
4.0443687192159645,0.4793205207352028
3.72451456768981,0.4628207403445015
4.521570287290539,0.4384762405387265
4.158907348794507,0.4523071376534341
3.9137029013727793,0.4486529319017478
4.320972157722457,0.45050870270484616
4.110564446772461,0.4300444581581708
4.415559758597035,0.44656359970700416
4.186506720088489,0.4529077953484709
3.9886561270803536,0.4711305400901238
4.378431619941812,0.43789768513055854
4.050699274708149,0.42705847002305675
4.053066737600105,0.4396165325681065
3.9328647098605782,0.44165993517173546
4.060105644466262,0.48332987350545314
4.082056161499278,0.48639685533270205
4.131458543853846,0.44640859983311226
3.9400375421823925,0.43944642732222244
3.8659028641893856,0.4450489808130026
4.2985778194486555,0.4609267688298377
4.117520050201917,0.4405837871314202
3.93941642956779,0.43993961743488186
4.011096438594788,0.4610221850710066
4.150768045957086,0.44842763606934316
3.8721200071515685,0.46939513365701985
4.41357378033914,0.41663232363342634
3.7174500846843657,0.5004610979931882
3.9905591632434976,0.4592604823916697
3.8996103247984775,0.4555004495153548
4.172048557928062,0.46250166641537943
4.188153997940803,0.4665936637699482
3.833714749588288,0.4547712888758322
3.7207200352031347,0.4715183921813928
3.9568276046993924,0.4752820036304611
4.124877929720851,0.45625525093566716
3.913938543383241,0.45467172899639596
3.9152950315906776,0.4544287914584221
3.9328613301193807,0.45741234830151595
4.281834276525087,0.4674543905884542
4.136018502483431,0.446077691436655
4.216961783611043,0.4711653716866117
3.8982966466092983,0.4751311696587059
4.007301043153518,0.4844855704720853
4.008469046126517,0.4493511843143755
3.609838318379081,0.47201339460964
3.670260877144513,0.45049270838354133
3.614188927744762,0.4249374000875314
3.9844171839881124,0.43809415454962813
3.7293530995473616,0.4609666786180674
3.8468443669793024,0.4362101700813598
4.048735219104964,0.44885928058783847
4.151797530816259,0.46407405509053024
3.7103443569043617,0.4808145041423452
4.057167858102902,0.4734253438892415
3.9933472149603313,0.4514937966438404
4.11023096601092,0.48290362701149814
3.7709484005881784,0.4531687668785618
4.281757241740757,0.4388708179351704
3.881056429487691,0.46062930154403625
3.9673141362107636,0.431975868018276
4.193535128035181,0.4361901627388376
4.079968047196847,0.44648626493530236
4.061642319835753,0.45210113804730573
4.028011307435049,0.4915254537443357
4.0365012851842,0.4571505229669162
4.1078060358286175,0.4389661052363713
3.802933826900277,0.45482137163498715
3.8523726930002944,0.4537249382612314
3.8878591863846195,0.4481319070187905
3.8641987874699453,0.43808398652373004
3.8563787182743594,0.4449154240536311
4.356522708102736,0.4538771773539993
4.138580526445178,0.4625225514054488
3.8201443960654142,0.46788776682897987
3.749886066550675,0.46304432769443077
3.7323574472522036,0.4460029883902698
3.7536042556828426,0.4432892347224128
4.044305695387348,0.4217023352240134
4.008499849292407,0.4170070589602921
4.3980973347784005,0.46034832393908964
4.373907542344839,0.4706359549741052
3.9498077911473626,0.4605115234088431
4.089940829651622,0.4392517694561096
4.049208361054975,0.4438600171082506
3.8298723184456778,0.47415661995898106
4.036231757414752,0.4438173159498871
3.945235250410535,0.4474478134232805
4.0634302485796985,0.42470740204980767
4.084697381562725,0.42425853219938997
4.450343007649739,0.45563294216769473
3.8629291720547254,0.4315940628112678
3.870899010377206,0.43866170467024745
3.926265918595228,0.49664772420238035
3.9173262679525163,0.4691935591340218
3.791939013843177,0.4701578145167891
4.353036864490374,0.42759533999493715
3.9327576841504106,0.4898151749521914
3.8140974902980602,0.4727169555710515
4.078438994070644,0.4616855948644859
4.28855493390523,0.48483828465685735
4.216345122471996,0.4808004923889113
3.9133815984911804,0.4479044556980833
4.511491676373497,0.4344469565914857
4.565678214231992,0.4344236691206992
3.648508756889912,0.46592208801759905
3.8856673838569513,0.4577172153050098
4.274023181970762,0.4444998323029221
4.136672812976862,0.4316348837553088
4.080760925281856,0.44105622230890645
4.032403553864523,0.4380624216977666
4.049937217620182,0.43927175806822505
4.141295802232127,0.45151972644313065
3.9369472855933965,0.4562380102373241
4.092266319229457,0.44947584153288156
4.094428354032484,0.4431338734908207
3.9220382214162273,0.4531244430181917
4.133567233930522,0.4409165346907103
4.069190993073304,0.42423781499363966
3.8280051271736943,0.4803767664082079
3.811118900979529,0.4810590016427119
3.833820089029142,0.4536834689448348
4.304277611251771,0.44418556009654947
3.9347389056677304,0.45542967665694317
3.872516274742419,0.4578350093564833
3.8047106979063745,0.45166827520605213
3.7757837309499034,0.44887375704710225
3.8671167659956285,0.42855153249048933
4.017933107731743,0.42473861608969427
3.8069239199171885,0.44600519971931724
4.203451020973967,0.4072418689307218
4.044648127234256,0.39347456989353197
4.160965259682059,0.389245291972819
4.137781492166368,0.39538095424883357
4.203507125703594,0.4035424825204589
3.9175579346351546,0.4361128832924598
4.046578496996631,0.47327266009855656
3.8615988669898687,0.45655552025342994
4.120627129577647,0.44152011908734395
4.0850138872191595,0.44148736671928657
4.023950887627934,0.438300072210883
3.8050219671913394,0.42037656867076995
3.7924053312661283,0.43723669100390017
4.008375526363241,0.4705690872483296
3.758438741262227,0.46833468579788173
3.9502784034052447,0.4653784686853691
4.296287600579425,0.44350819208723097
3.929655515790349,0.4676738898475299
4.130025277925964,0.42811102985559374
4.1813937928265865,0.4375668676255299
4.221737948072156,0.4405147295811546
4.005935563695037,0.47383937511930474
3.6975931535045463,0.4471134469352908
4.054269236157322,0.4079215606904427
4.227626178041711,0.39840088007998187
4.2844989475821125,0.4242401291635197
3.9125285601532456,0.48124512863143
3.7519882062421264,0.47729555132458873
4.623988620778767,0.44195784416282696
4.386944739759109,0.44261124880853003
4.4524911725100615,0.44051381849442106
4.150161798058018,0.42342540084722796
4.325399350357321,0.43295327563909114
3.9193030525488166,0.44109208500205666
4.10924575870057,0.46459343426842936
3.816331389153051,0.4489705718577579
3.9761300473060968,0.486424105190625
3.809439747030912,0.48303739050228783
4.015895049930344,0.4419743931747327
3.9892322462406775,0.453111791461639
3.827952203153333,0.45239518246250715
3.8683992473038202,0.440586422465931
3.8877294154776254,0.4436778791553099
3.7812697301414664,0.4425714734378328
3.7732681588611743,0.431615946338743
3.6880644145727595,0.4512111636421031
4.178471176264526,0.44247284091917527
3.9274555926313877,0.43272653132854244
3.9488274775618937,0.4393313681370132
4.163221807343928,0.4542130808361866
4.235978051973979,0.42346658762321476
3.7972943258314427,0.4549652423855855
4.276717772005741,0.47363595217516463
3.518266925474722,0.4672262611022912
3.7509247677398,0.4738762662649745
4.3089689136667015,0.42317957776591214
3.7533416150663337,0.46522277747621354
3.898501174814734,0.4599331235379886
3.840444343385684,0.4173341618810019
3.6230447684324845,0.4349904621983249
4.452941008567573,0.46249583295784724
4.057989612177466,0.45569530250943524
3.888767644390924,0.45039206718183733
3.837576000736268,0.4560750311909772
3.7912350249223534,0.45865762222085715
4.434037638100232,0.4178675810849397
4.629568790193267,0.4250509353675546
4.356178613622789,0.43941510164987124
4.2244841731371,0.4410054517541207
3.9205708821664693,0.46314513860869955
4.148763462726157,0.4610289531728069
4.337844482166934,0.4407430834194215
4.155939087011624,0.448511651421667
4.064654523935771,0.45517786058075316
3.8781405583923245,0.4625900870393192
4.131054571990887,0.4453254494317545
4.08301118610496,0.45036132590772787
4.198384814980799,0.44577634355427714
3.9722463943244506,0.4811200087985713
4.431065773645626,0.44389934366954176
4.219375271986456,0.42573934180814127
3.9844593993410817,0.456436104680899
4.028560653640518,0.4726033326907472
3.9058224363831977,0.5009146861608024
4.4442590988723065,0.4180647933866981
3.825697105877389,0.45112405069794553
3.9719309262383145,0.4416312067023014
3.939248988510821,0.4430567394680042
3.872508786422426,0.4641105755137923
4.059957678872712,0.45768016627327573
3.7880312756764107,0.4562420880445799
4.446029846579957,0.45067498291898694
3.674943039982947,0.4481140042437367
4.0202796051190495,0.4200494931653434
4.081378630973592,0.4298332291025594
3.9617244921518115,0.4842931426127733
3.919897287403995,0.4020350586996262
4.0443412008020605,0.4012096361936952
4.119787913443814,0.43222571642489716
3.8667029365211025,0.5019117147353378
4.449959004708896,0.4279287326902272
4.028718889877629,0.42945843959401475
4.022462067708105,0.45744966290565087
4.116070167042577,0.43879073537429264
3.8839987819744537,0.4435225858285253
4.062351817162159,0.4405961846759126
4.287182105220482,0.451020925941846
4.2304036921253365,0.4582444351347842
3.9425942365973112,0.46668384300215987
3.9903702405926222,0.4389868261026379
3.9745318978703117,0.4451308565309051
4.133628154972874,0.4355421796307009
4.0623149149699165,0.42806320129403835
4.104461613972941,0.4376433120741487
4.340238919813573,0.4404272095546556
3.9379606752046707,0.43081949211524595
4.263100385317492,0.46448656805839306
3.7851919760318813,0.4500263353245975
3.789176329805206,0.4471339699099623
4.178878639127561,0.4527322916351127
4.100696955018868,0.45200733478258814
4.542963761502688,0.45967813280457737
3.9893094063477155,0.4583324158062892
3.8145075014713625,0.4549972669556196
3.821799408132764,0.4531267854939679
3.7986062367028803,0.4502813403497662
3.942246273625755,0.43048658746201707
3.757454545292409,0.43148477324655965
3.955065788774661,0.4295844446432453
3.907062947813552,0.4115989357172946
4.00762871968885,0.42894332835802723
4.386188517642791,0.4538790088494029
3.9073880145423603,0.4488777293589292
4.02047466191819,0.46465213646875847
4.084850670074289,0.44120259040950527
4.253951479417067,0.4430061598742874
4.051283642076953,0.45237952498485257
4.339131982292575,0.44224295952583603
4.107874171603757,0.45785976595895317
3.924275991410431,0.46294357898056493
4.204310635907089,0.4440449545487003
3.862579425995629,0.4976886068840191
3.87891485499386,0.5018426893516265
3.9247889771846562,0.5012652887005671
3.9039847913630847,0.4823427694676833
3.942493537666608,0.47594015527660777
3.85859053541817,0.45547788333306183
4.211316300551344,0.44842948062107424
4.017656479825471,0.4521063520514552
3.985168436627409,0.43410258304848354
4.2179825504458455,0.44040593562557706
4.014318568684937,0.45713910705826266
4.121290505651127,0.459383932694338
4.113574218557532,0.44819816416147124
4.1673808617052135,0.44723340009093565
3.918881549062571,0.44409900864582924
4.4177142615999765,0.44348367577834397
4.3668953141798585,0.44138669208301884
3.671544515195229,0.4621324597746808
4.294230957467956,0.431883314121012
4.295669016265609,0.43392918042032386
4.188403915206489,0.43568663138191377
4.307602804359393,0.4369911467544948
4.416073967227271,0.4175605257130012
4.075597499044973,0.4693095594021783
4.209922502989343,0.43902032789500023
4.22126096822143,0.4390940627978211
4.392730688534421,0.44919942727510265
3.7557467454852773,0.4659847068653943
4.52111557186349,0.4437726893650431
4.353044052590819,0.430761568334992
4.109997690002217,0.4202922581164569
4.099968052884171,0.42231104203608755
4.396243836390034,0.4359764946630395
3.768305620649539,0.46480859054115675
3.8124627029409885,0.46674495962316553
4.169060200480726,0.446856482616155
4.194085417379621,0.456900762516416
3.6796275178156312,0.4418853416705982
3.6910376626792223,0.4533735169941973
4.111510276657431,0.4283046561046931
4.107318430104639,0.4635494894248679
3.921613162770359,0.4513963898061181
4.170570842218345,0.4555572368118688
3.8478226073756785,0.4626686212826888
4.2735740116243965,0.46423643553565136
4.085225077703072,0.468764281035892
3.9740867061533516,0.45361363619122536
3.715936821415029,0.45145265046809285
3.9665772603049176,0.46701914108327625
3.895188825016966,0.4438557377430077
3.826214962635563,0.4622026060985855
3.8129748204626805,0.46138793446523063
3.966838579744026,0.45427409284866577
3.9149252677103497,0.4723833315631544
4.144046644618691,0.44796929058928514
3.8924279077291883,0.44115853095018315
4.021691868619029,0.43885704680363163
3.962658137200157,0.45458538902731593
3.937552304500958,0.46597016825074683
4.2427962159042245,0.45006612268393875
3.904467960093301,0.47611607315508514
3.9440233567166105,0.44861268552047046
3.752086476465904,0.459885785515376
4.183547790108185,0.43321206385378286
4.5173248694667105,0.44824111642668385
4.565184851227433,0.4581534694451753
3.718335634476283,0.4422816342145975
3.790687238205426,0.45390302239199865
4.170498358413836,0.43219658651627546
3.860299655810444,0.42931217139273337
3.891844149717076,0.42282192035076344
3.9998600149825427,0.46695125246609354
4.095254994877604,0.46004618900292193
3.974044926068633,0.43326866946095116
4.1577924561639215,0.4558179055319579
4.0146610425613005,0.44262079392257503
3.9761188760190262,0.45619760735977516
4.214729291845144,0.4483680383043852
4.056645031999422,0.44197512290765323
4.0762801881509425,0.43884918874061274
3.9948827567109437,0.4106693167488723
3.980060837497906,0.4096449848184287
4.283218348872282,0.4751572971048216
4.268621996843037,0.47137686014833635
3.9436540560906534,0.4489977689532254
3.956689769390178,0.44498135134015754
3.9623679906584868,0.4601422399309641
4.034536169697083,0.469760973792351
4.1041061657013245,0.4454368076675215
4.09191508676334,0.44673295545420383
4.0250723194324225,0.44945211046895517
4.132746298983415,0.4342850171548371
3.9196248990266844,0.47212688105585277
4.076199138553205,0.4525806486356351
4.083578785304141,0.4488723523600437
3.9881399001178495,0.4420357539822072
3.8909852030740226,0.45753117185708414
3.947606620340548,0.44530377248325353
4.193728947885628,0.46554439598326475
4.191831298967344,0.457109633473264
3.9011229748237524,0.4490106387343361
4.058131701938627,0.46650361028786264
3.9140532114799815,0.479872533856175
4.336130283862735,0.4361867236550184
4.420236481267069,0.43830328735211244
4.276551663595872,0.4845607238930042
4.300714324370067,0.4091754935177337
3.976868769100878,0.4751807148309573
4.011298974384191,0.47638231129423536
3.9700295874117266,0.4649439152349345
4.105938902737951,0.44977603192454674
4.297583905909562,0.4375726592491693
4.427645195224558,0.45558023803968967
4.268840685910555,0.44098691389457056
4.010734059736792,0.4376957771241656
3.8244114699866025,0.4251492616735832
3.7812970668629213,0.4358557218209141
4.383928618797887,0.43895546560746507
4.032900323421675,0.40884231685860273
4.0691862604406515,0.4147818514466836
4.247917949969183,0.4498595587896425
3.7676307748685947,0.48009496478316127
4.086473047416764,0.4565193524654086
4.3501202367097696,0.4476415386946657
4.252936067105925,0.46164523280641745
3.9847428106978033,0.4390590035495449
3.8474208168862924,0.4650215163059273
4.061064187670134,0.4479554850129656
3.9825089594316725,0.45691587817313023
3.866310245209035,0.4217625736353249
3.7497819509205357,0.4559941351390327
4.117974356705455,0.43209940475709563
3.9245501902534228,0.4641488098742233
3.532697566774771,0.476159670337015
3.763402782440079,0.46304587848187345
3.7939064688932693,0.4584362437244743
4.231592101570065,0.44706353273414107
4.378246679174214,0.4398076213570868
3.7080745615153816,0.44217745007287207
3.9519782630885154,0.4712510707023635
3.8878331244815145,0.46280644373061924
4.140759404797704,0.47442890089174533
3.9435998769989897,0.47578574665498297
4.156076906932305,0.5000286023522612
4.157168118386538,0.4971003288034361
4.1164855424821,0.47578406937750317
3.7745531244150987,0.457578915031412
3.660458479394717,0.4741175101972715
4.025873513420391,0.4381896999507323
4.163029109044696,0.4331705414789258
4.135490006736602,0.4380423193670356
4.128927890169318,0.4785714415613578
4.24980833181626,0.46967220410363275
4.310273802720625,0.46999179544908043
3.8555509480158126,0.4544358036151055
4.0830519937848315,0.4477636651948534
3.7818356625556304,0.429546527438085
4.098590384986555,0.46372241579544676
4.130635063618271,0.4617352731924328
3.951533836962451,0.45441929215505206
3.9039065944004316,0.446276777709381
3.9110361127766695,0.4821000864228716
4.025690254239523,0.4472927859740826
4.414065517650022,0.4505980239807599
3.9764262420287024,0.4689349128715004
3.6570414661536086,0.49079168284268265
3.8598799951870126,0.4974005003505758
3.9300117901327227,0.47161391879093084
3.8731879839392054,0.4562695133519826
4.200771406789167,0.4368997332812946
3.8700137549399583,0.456821877998426
3.9312606438742437,0.45456462502346484
4.179682835246649,0.44741146580703794
3.9080960511967375,0.46162542012741486
4.002204405266336,0.4518811801830444
3.945476109990042,0.45868723538066103
3.8390061939481317,0.4442792390665668
3.9786639580447556,0.44945174642767255
4.220201581015711,0.43793350104011836
3.957297834915826,0.45526852904296883
4.448377420107646,0.46390701605437684
3.841590675011084,0.42413198123269485
3.831169822935143,0.4259877478005061
3.930826842159038,0.42240083778481724
4.01738533202251,0.4421709829452567
4.254988541171934,0.4420411749038708
4.175871283578913,0.42316615276971126
4.431828909959493,0.42917664827918117
4.243139220633923,0.43401719186034426
4.2201445231314265,0.4426693541734167
4.459891467892652,0.433339903282326
4.491611757619801,0.4578425611965525
4.519140629571674,0.4652295069741699
4.53892462492422,0.46128830337490256
3.9398335539178015,0.41250894986883613
4.119467563729541,0.4228436691902354
4.0834756694657335,0.4686113742277151
3.7968402303040913,0.4687273424441684
3.778075154686354,0.4810160698344714
3.532804835689307,0.4796473282877553
4.369482366953348,0.39714075776686425
4.409448821983668,0.4075826589830398
4.248296116587684,0.45699779264905893
4.0050219853162,0.4337911407919585
3.9773902849556597,0.4607194802755101
4.222363526117963,0.4512747046636229
3.7340993051213647,0.4535029742497606
4.55659650139935,0.45106708614200863
4.459065122775182,0.4584762538902525
3.823675090088226,0.4419518320131608
3.788850197572908,0.4388656106005391
3.7871944028952162,0.4603409108603001
4.0046356479757685,0.465756195026119
4.253670877414014,0.46509501354123334
4.342995919355574,0.46205217751890326
4.499820918756964,0.45223658470838635
4.142011793977449,0.4484206999682431
4.174638097489853,0.4415645846026809
4.081971815882031,0.44585733803467814
4.13590744801267,0.4771454316112481
4.160658730446184,0.46523506087317074
3.975529223199333,0.45426148358643553
4.017683391488358,0.4677256853788107
3.8120711888997354,0.4603923730716073
3.6826319276985453,0.45215233611665445
3.8254209443525715,0.4587131919286231
3.8414719803383277,0.45934392582346356
3.8512921295752607,0.45711000247657047
4.116392384327401,0.4636799531807778
4.35863918604773,0.4500637062642639
4.149398996989472,0.4435051358990197
3.8831447725864927,0.4567891172332767
4.115237705024516,0.46572860280296235
3.8069394296579304,0.463553115173959
4.152571648336605,0.4611666966793533
4.1353740530852985,0.46380679259498975
4.028393839467559,0.46583027241658903
3.9681573967016934,0.46503185562360844
3.9193807918944943,0.4558275495961441
4.052777134579511,0.45018427218915147
4.064587289138666,0.4639501206693774
3.872882413702752,0.4530443838277151
4.061402021761908,0.46601586398062755
4.1612848621590475,0.45621031961740577
4.478161510460232,0.4505083755651449
3.693528700255873,0.4549965699101441
4.206504122692671,0.4250668257808535
3.7194938139425417,0.44485623339826674
3.750552217463995,0.44339562253715237
4.291327323497698,0.44427072196252293
4.403674975687432,0.4590604246882822
3.8642489599166536,0.41921511391911165
4.011731331580403,0.45253878373294437
4.558128409425111,0.44367296798113826
4.241552875147843,0.4321149695137183
4.040525951998387,0.4872901547703162
3.925101136071809,0.42828238214789544
3.8329331386288428,0.431089807916728
4.04175848163015,0.4315010372241217
4.431956271644426,0.4330270215020461
4.254517501927628,0.4457733664321786
4.206827490433158,0.449094790052511
4.04775881041538,0.4382261582766721
4.052984928483949,0.4379628825415308
4.455981163911958,0.4297279282757685
4.175379468038123,0.4464936457855022
3.7980541933890444,0.4511945990517915
4.014621648396797,0.45299755199422787
4.040117340817038,0.4398894003845841
4.135296922857476,0.45506971287563697
3.819813987537543,0.44609300452483397
3.8709051490146265,0.4512255692642784
3.986654002316738,0.47372946341611194
4.176691315214941,0.4737023624844941
4.103240686590429,0.4537074173999803
4.064871643408946,0.4600117806816319
4.123327824192075,0.4575226111307127
4.2193649614545,0.446911992703492
4.093534896366894,0.4670233157635306
3.986304911871281,0.45889615327794614
4.247116018110339,0.45900344616147504
4.148086214537512,0.4310367259942176
4.13878279057348,0.43282177984727394
4.047843938454121,0.43707113361305916
4.285057298576711,0.42760114263057497
4.2788587959975,0.44641990325496406
4.334526446554813,0.4339874435889975
4.010574482849882,0.4461399327479109
4.014120720878546,0.4642189475728761
4.088488552011641,0.45521591720940124
3.633832154220269,0.4464591732967574
4.281198410806681,0.4593410195999126
4.012089593542166,0.4382465829179157
4.009128198777343,0.4416354268761349
3.8489429669964847,0.48249267508464744
4.151225382788046,0.4138272013176936
4.081480145526499,0.44225735756136275
3.900567339020317,0.43292219889250244
3.7884068671391247,0.4184027377922477
3.9068730507036533,0.4431472245928276
4.245131037397845,0.4570862190801916
4.151191835619968,0.45488946852939366
4.031761229039244,0.47215401189623796
4.022214826923642,0.4733763341770075
3.882490239698447,0.5039118087338008
3.8281534229858996,0.490348971045038
3.830390879049593,0.4612740305643916
4.03806756697173,0.4628752808304197
3.7160223611579473,0.4956834191004313
3.818453996997933,0.45069782523987056
3.8198466253975485,0.46719420492792424
4.371380602238988,0.4428783981689572
3.791185394181006,0.46766627580431935
3.91459261988781,0.45442230955270746
3.8934823322301466,0.4669122132801764
3.860669661122414,0.49334730015752537
3.7598346036635264,0.47869973971501445
4.036280257420176,0.47020785060022036
3.8124709139801993,0.4703397032549361
4.221087608388733,0.4343322211350064
4.037544522765862,0.4588650972863807
4.089062130083445,0.4433356133577253
4.101739950809689,0.4650649442859028
4.3245668631406735,0.4536483303502823
3.839675485588692,0.43831651995536997
3.9970325129422046,0.4394908422413687
4.116938690266626,0.4441893536912895
4.019252430278922,0.4675549926943126
4.118603763750035,0.46700396152646945
3.790543620649476,0.4525851117463335
3.8193795626609743,0.45998419122393736
3.835128652111277,0.45149851545631875
3.797194299045035,0.4481532021208807
4.138484631800665,0.4284442661457368
4.167684529024437,0.436274324567418
4.146938524827307,0.4101553703427855
4.007552525595435,0.4354895379438172
3.6532330113665736,0.495020720467305
3.607625340506428,0.47492837000853255
4.305868380199705,0.4036325529804216
4.160020622925113,0.4698727611728764
3.9961913385665175,0.4561684057849583
4.243985634727745,0.44369656176805405
4.151178151408026,0.4172603563709281
4.149499320281073,0.4193936526383014
4.145237090347073,0.4165648654240965
4.073503893631374,0.429680114491286
3.925792559778697,0.43264140181627003
4.157161116303413,0.48466790182757374
4.224686122876255,0.4531978898008223
4.089710156011021,0.46927015465454525
4.104387729393403,0.4597199057201098
4.257699190460461,0.46104764295607953
3.9058952114310697,0.4548533296514756
3.999812708111806,0.4671273083297331
3.77576260008966,0.4757795016537084
3.7965745577291123,0.4825969866114355
3.9298835171034976,0.471347114372974
3.8372755663473,0.4646615430585816
4.05232000527027,0.4515701754126605
4.124387236402799,0.42378673438610664
4.154112138538226,0.4256952855445788
4.078835169226859,0.4692599807965405
4.116963605894401,0.4587368202847375
4.092198625212835,0.4286182966568464
4.221702014024611,0.44552120672856865
4.084951809486189,0.46727149472486973
4.230339944625246,0.41906410702662217
3.9533250835403337,0.4930866354388478
3.9354581353911637,0.4780932270266171
4.060435598711497,0.4346064852457066
4.136770641408871,0.45841582982450174
3.982728161645844,0.4406479276391433
3.7733164913512547,0.4271224680735429
3.993270125758949,0.44471505450089366
4.221590210178649,0.4298271469435633
3.945284574769768,0.4688345046835885
3.9748324727822504,0.4518825198535994
3.9191138589807246,0.47111222380850726
3.5569744032157673,0.4927750248961723
3.4746886415699345,0.48258939714236204
3.9100595815101875,0.4764194541021199
4.111635467443843,0.4193692384564361
4.212198705243677,0.43378431531943645
4.087010858809288,0.4479471192335482
3.951256292247121,0.4529002238911343
4.212382553736525,0.4492844117856175
3.7890286880217463,0.4453406366336418
3.985176486435947,0.44729059538883204
3.8908927740771144,0.44637311329045215
4.087585941870659,0.4580675431283086
3.9628716567057958,0.4430099382027183
3.860847368547328,0.4529302774631254
4.021587574642462,0.4409348864054683
4.036543002078166,0.462087633465377
4.084273306363991,0.44541142026290853
3.972126095073864,0.4594586663378283
4.0658338066507165,0.45685209050451514
3.9843305822784454,0.4616114403971333
3.8471141541502933,0.4691713997530375
3.7928778025346856,0.4880533577168913
4.08968349850235,0.4220883813671345
4.243125954049496,0.4614695460685374
4.411400217076865,0.46603764565547934
4.168450818297228,0.421760311706092
4.0587239370375805,0.4620095298257131
4.0725060344613855,0.43981393068021113
4.425439537149788,0.428125050972911
3.5395979040483025,0.4761576698951594
3.609382399122473,0.4947401317813707
3.5870924283226575,0.4895215244250663
4.416700487477643,0.4234038870234267
4.4178274295790985,0.4213268310294355
4.43576892900364,0.4290839010164539
4.054040331145647,0.45983974124348953
3.9988902858582853,0.4769945894744414
3.9576244522006143,0.436307513547036
4.253654853595762,0.4586410466519575
4.15856036165368,0.46622484852650964
4.171484898945309,0.4288187501437639
3.963596947500357,0.45695967988908764
3.906418663287411,0.4628395928077159
3.985928228271515,0.4579334153277861
4.332389354484039,0.445949216344397
4.023599758531989,0.4485319325945146
4.066798139291778,0.4416403899632806
3.89936283327732,0.43486143727215654
3.6567209770120077,0.4449350228367606
4.338299581942048,0.4558853777218936
4.192020355359988,0.442336977403446
3.9709968575975045,0.45448807822037457
4.053592546772024,0.4376900292313209
4.078807614930514,0.451141235393995
4.141024441652764,0.45638131004302573
4.068735625511186,0.45754001510168163
3.776687495365034,0.47653767262384655
3.776597525418809,0.44685105259889557
3.7513522124888716,0.44431674362993484
4.463911020435685,0.45480235378907463
4.251397458325133,0.4258539617837757
4.539114917004169,0.43946145287460314
4.426516288264652,0.4092898985970236
4.592902811549982,0.44954953454628643
4.377746937345996,0.4413821135095848
4.251219010439218,0.4499484826394082
4.078981548948069,0.4324868656590929
4.212376701366322,0.45794342945510813
4.002070074102218,0.44929498345175506
4.056499970426254,0.44614243534103404
4.06314629008037,0.45826308725420506
4.121706341168011,0.4438741072036797
3.862850278939694,0.444505209168298
3.93405359048369,0.44339171403060507
3.988063386131743,0.46091903401259715
4.1163566258651345,0.4606894500305535
4.242623165671657,0.4605687252427032
4.418769425567543,0.42160920560360277
4.444470666482992,0.41836804664602806
4.382931164391259,0.44428983712099185
4.11193078404247,0.47167652464451526
4.073353839022871,0.4597703215799664
4.117921800773953,0.43615230408137934
3.912333329812452,0.4515428133143708
4.233351288089695,0.44286877439000744
4.082913433488102,0.4409351435919405
3.9234773479282556,0.4306621006312806
4.244123630029426,0.47244149270822666
3.8767785361012645,0.45381511735845875
3.9238053014570387,0.4611653552830387
4.209122706380493,0.46368797865641254
4.230447920744868,0.4595474462958808
3.9696138633197218,0.4304815753745524
4.211276894108462,0.4275221491288789
4.266619648974578,0.4417006835819096
4.095611536975387,0.44637440673245654
3.943807696252596,0.46308523359512466
3.9805912424041816,0.45872901875505423
4.040032861428101,0.4525762571174095
3.9304651693988637,0.46906519735991686
3.843773447369755,0.4430360265353234
3.784077919351015,0.4431932776063373
3.898265582171293,0.44371936865481226
4.027508015359159,0.43938724471614854
4.032151347892432,0.42939946025662307
4.018324753319528,0.44701895140463815
4.065583142619273,0.4717397011552276
4.069585872415656,0.44535096774761046
3.9836743825745784,0.43842837028948056
4.296053741420805,0.45156557702663314
4.179793957526463,0.4635917275156361
4.226461877950458,0.45906184486821605
3.9170855747089877,0.4409081486340715
3.991924740754266,0.44627166690908376
3.888264481718912,0.4433301671706624
4.041089535074367,0.4550158894440812
4.219891551714774,0.44611200663811507
4.171199813346976,0.43312286584253995
4.067988701934403,0.43982644683797734
3.999956883407075,0.47067474275572607
3.9216111014560378,0.4738185346123377
3.9610883616533563,0.4838648744730561
3.884186958526277,0.4760691535081481
4.1105270467040675,0.4345032716658266
3.8631439792966975,0.4243848212297841
4.0672597086595745,0.4926457525284478
3.888974604903546,0.47432088603156325
3.9369757939585055,0.47331814841677033
3.9399339711073393,0.47349274271397745
3.9534729333377596,0.4321871647912054
4.244604867534133,0.42743467756916864
4.0737678701940965,0.4508663998170134
3.931256194676056,0.43694556374349325
4.030394606981038,0.4118640573725923
3.978085387866193,0.46911569288861926
3.844798590770446,0.47249080464570037
3.9002843307604262,0.4456573265060967
4.380198562681138,0.4284807736554968
4.559248461482542,0.41665568195025204
4.712130358126178,0.4267881442969421
4.523882837177743,0.44665643704178476
3.9964605388530763,0.5107897465711555
3.94045367669702,0.47487806018944523
3.9856498282667543,0.48279724028591414
3.946779145134259,0.49163947821485615
3.845894667239046,0.4350079726807228
4.22688893437068,0.449581192974907
3.967406129198685,0.45532889628262774
4.095694821876395,0.45922062582966167
4.435610248790948,0.44676713747227664
4.025385096890726,0.45015049053699463
4.482563914185279,0.4339259110826769
4.012890419008269,0.4252032828642656
3.982695908322504,0.4622978613527647
4.1426645803211875,0.44590697837734883
4.193506857790433,0.4749925605164545
3.9974676435082883,0.48212273081835183
3.951902934817863,0.4840286815465069
3.9384637209037763,0.4760992549474258
4.3144499215175305,0.46120371014364514
4.018939284998716,0.4733060624452753
3.9187838510931257,0.4809456743062889
3.966432035465188,0.4408464055342615
3.636183858063254,0.44864775700071097
4.270950085965829,0.44381061157335894
3.9515676042062444,0.45151358918631723
4.048600606913782,0.4608343757784289
4.017803445479698,0.4460849974050957
3.7358284346409527,0.45671653825855885
4.49307576003548,0.4396645509627422
4.339191853109746,0.4335141316372354
4.318528439084812,0.43946901761643536
4.368429614053799,0.4391493203236453
4.623924059275807,0.4285939052252941
4.433865390024765,0.44998315486512264
4.381696816528158,0.4589234796801467
4.112420216586308,0.4574642570692571
4.049007071557039,0.46008062241931946
4.159373206721427,0.46972041318110774
4.089740337792334,0.4502934540897655
4.132410179308336,0.4804194781789173
3.9865560628977477,0.4670471437921966
4.163870519666787,0.4379665263280659
4.185110299286919,0.433909305464155
4.037548760079894,0.4618084018386151
4.138348282265713,0.4426827784336553
4.099701312583878,0.44655602519244153
4.100197595801698,0.44164652127413684
4.212518111553628,0.44476536045967124
4.141235288243038,0.43999788160383196
3.8407439074963072,0.4523552541229933
3.942179734392523,0.4818792451341802
3.6734525191361627,0.49833492033770743
3.5295446805012376,0.49367381654316883
3.569090176606438,0.4822291965722971
3.718441837360232,0.4833154884386371
3.8218198450910315,0.45232960379957404
4.1904033855268645,0.45354382588031
4.104402970338453,0.45099063962207625
4.086125939412453,0.45838313655583446
3.9660254577307907,0.44133315737596673
3.94390804811502,0.4459809296926175
4.016048209251666,0.45218494536477677
3.7540091333170267,0.43961431027823517
3.565568083711872,0.4689794173368528
3.7218011486736087,0.45968143911353476
4.205219415343744,0.4404410970579682
3.803795819117361,0.4443881767654464
4.126868569143366,0.45042228546489743
4.079938540093519,0.44161466349653733
4.085057965075763,0.4421169791108113
4.070805133746914,0.45588240460588386
4.285807809937157,0.4308674280037207
4.335508763519044,0.42348961974229093
3.7427642913813646,0.46869537687506957
3.697204540558783,0.4357570482904605
3.988168124268845,0.43985248427551726
4.0463737866125715,0.4602292173013701
4.180343607719404,0.4581917025054454
3.9961100201972157,0.4578477162283314
3.880952580544778,0.4629958923057497
3.9527472424826056,0.4452259382450093
4.035290983884769,0.45542393789005103
4.0325963906093,0.4658725532186968
4.0433305035687575,0.47977758087821337
4.052516889366909,0.4822236432342441
3.78560665672698,0.439793596341342
3.6845764837329686,0.4555606812959431
3.8571291593998884,0.4646028969755848
3.9317492639905818,0.4750835294782501
3.787145837492536,0.4807329074790685
3.756301705516824,0.48684296500510404
3.9363108272821994,0.43785887101040627
4.256961320333829,0.40847967813474645
3.9557245304592503,0.49282923610888846
3.8724855783806205,0.4850139532708959
4.263154576868046,0.4443092350942797
4.109578413134861,0.4486965889125908
4.066670354642202,0.4355548746336171
3.8931162098883143,0.4553875590626498
3.7503331173223025,0.4756056766660307
3.8608212857655055,0.47503286812187046
3.805670173305722,0.4814650704028301
3.8885019308787094,0.480816800863505
3.8184476119680943,0.472542627325402
4.132567270697837,0.4360757364354052
4.209923073609683,0.47505737959275546
4.3139386305905525,0.4993003657573531
4.284828661024356,0.4816282402035277
4.077513057525215,0.4424138103187714
4.05686719695966,0.43293034312654904
3.9952436420622983,0.47342781790901917
4.045726522096202,0.47731628818886074
4.078859850579942,0.48143014686406993
4.051646883742594,0.447152943053698
4.020172474456298,0.4345453161307605
4.072304309133059,0.47202260345492425
4.037020643882264,0.44110555972411614
3.6975502120520987,0.45055689196899074
3.8358159301827532,0.48109679979928954
3.8013264733188397,0.45390597800454546
3.6557716033876986,0.454358659541491
3.6447792682485436,0.4553566424662371
3.5913754660879524,0.46234151076841995
3.7578168390739886,0.4692851703397629
3.6637698324121875,0.4688784626669176
4.249350075178953,0.4514571194204367
3.825210145496054,0.46121010482198577
4.055334426122605,0.46119769887825446
4.222602166115032,0.46340797288706326
3.7631803772975108,0.4456940363795017
3.789907496283371,0.4498473589002746
4.373395512714197,0.44927357869222756
4.322547700187241,0.4366526907549097
4.355897774891681,0.4378530830986117
4.392909531521019,0.4171031500738101
4.318209523637394,0.418154751375606
3.9899590457752754,0.4542892353028685
3.8776567152018258,0.45111840797079517
4.1829812266097095,0.4428996582561037
3.75875240033933,0.4723773005768924
3.8474171419851606,0.4618037874433809
4.667415343285318,0.42553107575534416
3.6480037208958747,0.48986995079915335
4.09668455879716,0.4580883558205062
4.041435010542274,0.4538002046926201
4.152439552622802,0.4540207301104646
4.222963049235704,0.4429031387509224
4.029547367121726,0.4506200860173155
4.0590138115592955,0.4603050837762319
3.7329742106315544,0.45248083157313884
4.075669108823764,0.4607365457128578
3.9693005028962216,0.4452555468496068
3.941527812864579,0.4444839535769147
3.979260634456466,0.44941123018720414
4.305694494272674,0.46120156277402946
4.327670214640273,0.4728304527991068
4.2627838289545,0.4731049233908925
3.8094444683229987,0.4419308807883399
4.15269497970252,0.45936648219705417
4.120171001444762,0.45531095311783276
3.800045259275272,0.46333260818893474
3.9951188944152345,0.465402296319683
3.9286213190159875,0.4519918833574691
4.007043640457449,0.46200314512718893
4.183792789508032,0.41458820974719063
4.471954727925455,0.4462461046379691
4.526718165891202,0.4502459951035432
4.3628993181195295,0.4109457455509443
3.680147001646835,0.46585835888781413
4.197578678333428,0.4407680610701614
4.528465651075568,0.4446467906509526
4.703138716561967,0.4374380039582196
4.098901619767812,0.4394021493593345
4.132659652895948,0.4364047840086593
3.99143903956364,0.45524783070481956
3.859081485642241,0.4516601093768455
3.9504429316700196,0.44844214939489935
4.201771979779705,0.45623403436673
4.013771029650356,0.4376384726775664
4.099304551849597,0.4291102155210014
4.129317061230062,0.4633412845569353
4.144605741883064,0.4609256795758556
4.215517017809751,0.44678591925876976
3.9970910701940623,0.4431474780615058
3.905613269147969,0.4647473544040104
4.084761395451704,0.45451216238765396
4.206872043214189,0.42841096284156116
4.363454841239206,0.41747209303393246
4.568965141669639,0.42739602351684797
4.305085978550306,0.43051231631344394
3.9123013940221085,0.44672746357827575
3.917382928567568,0.4400017039705884
4.037566695184299,0.4462258418916905
4.156217788151128,0.4283512396091397
3.8226837552716173,0.4501756478184189
4.221505658933936,0.4583854053758836
4.141946672343482,0.4566533932133674
3.8639146117229153,0.45425000941761706
3.8641797635063484,0.45919803642707685
4.379806705684568,0.4358142326407823
4.3415400887972515,0.4150348756930584
4.321071964902572,0.46085647927495693
4.220546935192372,0.43434505083593394
3.944270955753147,0.4829142067960206
3.920517214023871,0.4273357702218994
4.025157117325865,0.4587097633621295
3.942028243419933,0.4341081173850707
4.019221001498915,0.44862557731498964
4.16132278282266,0.4462113284642744
3.885861274564127,0.46110662536253827
4.228469035118263,0.4451335205789064
4.439851974879067,0.44267250932713137
4.189530620363932,0.4319402905474042
4.2842533554642825,0.44480607955734847
3.9689895707526732,0.46893915460487806
3.679430103218858,0.4273173735299118
3.6743612526058476,0.42959788529289883
4.000570548417293,0.41437866054010164
3.999411256141326,0.4123330262793886
4.149225421366219,0.43179110954776295
4.149521763185957,0.471170162567667
4.180073143954951,0.4713148518375787
4.016953499057061,0.4433605294396746
3.894890523832359,0.45758348215576006
3.8613178027238186,0.4678715214240374
4.178926738463631,0.45361087294729846
4.023824273580892,0.4454335315732501
4.0725568952699795,0.4703291101246985
4.036999358129318,0.46617755917039166
3.93614693348735,0.4457785513658301
3.9056848049443227,0.4680847406494966
3.971329279134843,0.4793553779204797
4.220857381617013,0.44266044872932653
3.962594381183204,0.43646447548829526
4.29707001445026,0.43037903753150564
4.007243840054007,0.4456114995026941
4.024689550710843,0.44928233098314174
4.051469758696667,0.4501324505080129
4.034530048742815,0.4228738776006683
4.033844746764412,0.42320918673997016
4.184821260084034,0.41664734520933455
4.3587018401518245,0.4585695141655042
3.9806585416640834,0.4694663323603975
3.9488727346117622,0.4910001555462335
4.408885719529078,0.4448717534085728
4.137574387174975,0.46305716758652904
4.207752518777945,0.460643122614108
4.227623511933583,0.4571287687890458
4.301932047643259,0.45189026978476965
4.040115439595031,0.42272468620177256
4.228883754369397,0.4246186410913431
4.1935458965065235,0.4176917717082158
4.082398966094854,0.46563252131167915
3.894135397219835,0.4455629370959847
4.106871643857551,0.41072357779135216
4.204669702130828,0.48110266155466613
3.768847322185616,0.4432570733535003
3.9316971189222882,0.4041365893321769
3.816936101354384,0.446657005918468
4.119478762623458,0.47020027297395284
4.2713501624257,0.4645478237737344
4.24552205125902,0.46506100696295877
4.007189475119152,0.4605488622575825
4.068397059875331,0.4491077371946059
4.046577820754897,0.45612024755603847
3.892616901117865,0.4555976788019432
4.119070501374612,0.44344055368036644
4.130981197687698,0.46395777929764526
4.079678526779177,0.4578719828467961
4.135095217849232,0.4467455850662452
4.318014336673602,0.42928912148042825
4.468058833838599,0.4276118687877325
4.452733894523124,0.4245773616683996
3.6241898535534367,0.469882588216956
3.5885707431946696,0.470523574425469
3.6984731820137133,0.46368909399339253
4.480885467220347,0.4464845708500169
4.420941630697663,0.4624037361810279
4.066963772860281,0.4072585769222855
4.297318223208782,0.4631940530007652
4.0910252194778876,0.4586054758251024
3.9971236354504422,0.4328191996227527
4.598470217593429,0.4245463224657232
3.6925858282908726,0.4585435500373807
4.454763619646315,0.46397365288494147
3.7280983330461566,0.43302978737276004
3.8660735773526373,0.4623944181769599
3.8520457942498205,0.4923858662980762
4.031871763382579,0.4527464354213434
3.923077329057111,0.4632682534492052
3.964261226718978,0.44919364695900993
4.2922040337894805,0.44128559493031416
3.8360957582664086,0.45755565968877443
3.991131526846524,0.4551411878868715
4.104032319721642,0.44548436047387746
4.233415434929199,0.44840004245527426
4.164323783971889,0.43435399117585655
3.810390921923451,0.44539601459785993
4.132585235548017,0.4505278843848737
4.164480770478007,0.4386927966844129
4.093323342201818,0.4475360275299867
4.1191984440336125,0.45572907677669316
4.0801201325571075,0.4526936854173369
4.03035948428302,0.43848635640734185
3.9209235365025705,0.4281899145890998
4.21210788002297,0.4767814489668386
4.188966294786878,0.4563828401324517
3.8296591725357625,0.4304148453535521
4.028370208616926,0.4299335111859119
3.986481764107228,0.43139910664879355
4.047651859510256,0.47292035561846263
4.346910381873072,0.4551097324865501
4.0170978166430285,0.42294827097929594
4.169061254280117,0.4371306790587094
4.474276218576278,0.44616426705728807
3.5753239258738376,0.4639364690320462
3.64161337892798,0.47061797285825807
3.6682752229945077,0.4670651109526823
3.64891083601958,0.4784777777669545
3.6864976236542435,0.47458407798482005
3.816064005373284,0.4585164217250363
3.7617535442268877,0.44638688500757934
3.8286310090952798,0.45956949075663756
3.8434364255426114,0.4737502630924367
4.311444151597791,0.4592617162295512
4.122361670708547,0.4565922046778816
3.9513316649071544,0.47579749303464947
3.894501200478115,0.45555385222918726
3.9034871211890625,0.4473819589062136
4.40996010696515,0.4546058988564559
4.0849649568448125,0.4717074087160892
3.8827635523934445,0.45091976226278424
3.8179908330925216,0.46063588754155305
3.7193180988413075,0.4524750719841511
3.9119453594986453,0.47834918526978054
3.976987987668345,0.46938295461825996
4.224478671936503,0.443288890540236
4.0303209623358995,0.45545854442174233
3.870100470240084,0.43299183560255167
4.147159413350337,0.49018303234202215
4.177161696621364,0.4942114595223967
4.239154711507516,0.4948030230405365
4.142114828513019,0.48940459405698056
4.138424601887175,0.44227870554585264
4.117756058609783,0.4347676536125403
3.9265533104578885,0.4393835883060124
3.7534732847621717,0.47120703493940774
3.6927249415778864,0.4690820343889384
3.843362805640296,0.4697140589201251
3.899534358923728,0.45378356723188235
4.163011289581012,0.4627060114607423
3.813184301253307,0.441334441682318
4.168735117742487,0.47051410955355044
3.873462024446433,0.4554644864878797
4.138806441179245,0.44031101964169944
3.8965463839086136,0.4408493153499619
4.003088411429386,0.4392063642135995
3.8455435730534973,0.4365973375936109
3.8825722096661432,0.43826617015081165
4.244313712266733,0.4236325544847199
4.265813282620271,0.44673015982964626
3.8820323072384726,0.4687759379199309
4.0740081042974765,0.4763469912072961
4.028749275735122,0.42177104005709637
4.113386730564698,0.4384184296664216
4.108641087975881,0.4539933433647078
4.07569421829239,0.4440719971899068
4.13737853011817,0.4439504751975036
4.0330668184529435,0.4369677266150832
3.550189792443197,0.4674065576345031
4.193675483226031,0.4501941398468099
4.230441613349086,0.45504810038785926
4.017052313412314,0.42787288575387167
3.9620358602066976,0.4791230656161439
4.220483703524949,0.42451342899788946
3.8848581210865447,0.4668396617575938
3.7039076224098246,0.4748233890280112
3.878136404679456,0.4757854464419545
3.817224518517621,0.4647249278606801
3.9289831861300097,0.46025621875438877
3.793271653331301,0.4184569108258007
4.242060775381295,0.4270589227223634
4.068605660498697,0.4281159577940802
4.0886920956782875,0.42715334341551153
3.9183695962569094,0.46616358342928305
4.221355036236864,0.4253072972804871
4.182829015443869,0.4181925517950421
4.233469648298045,0.40601918484327654
4.218656874167044,0.4679381936299311
4.128826635873447,0.454510911066152
3.912558760496214,0.45827958052760537
3.897052585167195,0.4803728715306788
3.9449907798027963,0.4698181755804398
3.802076174722832,0.4811564952790547
4.197833489131033,0.4478556865093621
4.073287203237259,0.4410844467867936
4.003951182626485,0.46752969519788573
4.33339077423403,0.4480754898063252
4.179591890056622,0.4510618942953313
3.697221034014507,0.4673018787405371
3.796135652652357,0.47130549531028026
3.649357676033134,0.46704051106725886
4.122632849724555,0.4488918517019764
3.8731380241368685,0.46580441905334097
3.919084153066443,0.4490643428043244
4.160889398056021,0.4428144895108838
3.880277609625129,0.45534802029826904
4.246639118150076,0.4470162456360368
3.9685223146305058,0.4592704756371575
4.0885745352004825,0.4354366558372036
4.312663458244874,0.42161914564658054
3.800281491267382,0.44754652052553007
3.8800809482715604,0.44956555780256385
4.444981391060216,0.4226048342658228
4.072360551925658,0.4412541147477368
4.308334431730713,0.443284737880419
3.9179244977648353,0.4770747605550885
3.8846768247948997,0.45988891237810126
3.92850344415362,0.43301725317392176
3.7642202689576614,0.4336015002066175
3.73753532089184,0.43394477380847407
3.859731699611547,0.45354989038837784
4.19528338318965,0.45455208005380093
3.9379719575104235,0.462226759283079
3.6963902011609076,0.4486545175661038
3.995046252894826,0.41204977240515117
3.8880142621868194,0.4981018754016815
3.985075365968664,0.5029364024888059
3.985201286041309,0.4531055945091818
3.9765301318305566,0.4623436042885653
3.689865591928552,0.501352271826122
3.916996701936827,0.4514175965796005
3.9130323393335975,0.4812850618447944
3.9230365276011225,0.47198854861961614
3.9418416664246037,0.48133551456347645
3.980912629754982,0.4796479547478496
3.7468318411727286,0.4357754993437515
4.128821065203124,0.4433234870546478
4.049203837201656,0.4316673827875189
4.04706316252526,0.4214297828953828
4.483549784045786,0.4426812175253399
4.351058774995456,0.4438582383245307
4.149899840549276,0.432511691687412
4.120550830509762,0.45825361637963746
4.316862975084113,0.4695710881371166
4.415793880478773,0.4648998439498088
4.267034801620014,0.4119965048666687
3.891222372963384,0.4587466203939272
