LE,gammaE,LElev,LA,w,nugget
16.36390528705098,0.7017771712250415,1216.0704803886929,8.506286844332156,0.9653591684827966,0.20872212890117442
15.717426505476027,0.725493616209342,1136.4856549600026,9.209164069611216,0.9668161774044286,0.21164694228387385
14.079385465511304,0.7179444912137244,1144.2640462925547,4.763937244561995,0.9772881471401275,0.1944080478051096
15.73404408078976,0.6606918915311226,1033.8180047085802,12.094279968849865,0.9634346448904566,0.18258982515661631
14.359430047136133,0.6380251225021882,879.3683639624662,5.934647234752016,0.9774684801445607,0.15332752602189142
16.046234163415992,0.7240096875835202,1348.7227193322421,7.230953051080281,0.9832958129636339,0.22213885023545837
17.125325961549233,0.7032886665843121,1067.6031429961686,9.465504807088342,0.9731919684530368,0.2107024721924003
16.905335585819888,0.7835907345652809,1169.616987759442,7.673555779229103,0.9702268610938313,0.23906889304026613
18.070988973383187,0.7738251603524888,1006.122545109961,4.894446763232532,0.9713394321727298,0.23511772023156322
16.056483016056127,0.7523065158696066,1022.5970679281467,6.6877022063951825,0.9684831231432313,0.21605660549080505
15.312045007998398,0.7975826543300799,1019.5091932508467,9.009237305526655,0.9782040528570386,0.23042604521867763
15.81236945410316,0.8058158846138629,1041.950804375671,9.561415997092235,0.9795115748240996,0.22579523222933778
13.491993927657798,0.6680963384264456,1321.849980883307,6.506620863238931,0.9861282971615555,0.17751950433777738
16.0621064805532,0.6660727210801153,901.1620590246183,10.598727674515569,0.9634454138931796,0.17847135454966792
14.742775168197058,0.6760091970626858,1103.403829882976,4.984559386909634,0.9702909302947141,0.17661455447482077
16.603374192318075,0.7524524825853417,1155.8515460067772,8.758854984719536,0.9799997737101415,0.23292716649104095
16.802875526728542,0.702803485100818,1226.0438129941056,5.481123037050336,0.9702728928646341,0.21054996337052773
17.211746105060346,0.7481191190225001,1127.1970376570232,7.398891032159808,0.9616571012059122,0.22450976809527823
16.468608241514325,0.7985821900180498,1257.1118902772473,5.707569185560774,0.975033156569269,0.22597160248045337
16.04794541417516,0.7644490991894342,1208.9921062773608,8.893875851514219,0.9528497748464385,0.22406344356035268
15.482275831717963,0.7098758838181745,1014.8055205095566,7.841110013568,0.9945061751337465,0.2046513997956023
15.366471096342398,0.774101951715206,1233.7297025149905,23.230778146355927,0.990200416586805,0.23897498096362327
16.064232420042206,0.6657555300682492,981.6354183062514,4.453107574247748,0.9745878904055426,0.18014526697752972
13.51328140732797,0.7057312877657251,1045.7058097838712,12.225650982291889,0.9692431379863975,0.1773723184168288
14.343553289406273,0.7581833863109311,1030.2574399495563,4.220003961277703,0.975623978849236,0.20157464135041145
16.879036591742096,0.7116329832012005,1490.3309992652478,13.337322271447208,0.973771214431918,0.21687539719574983
17.074331138976603,0.7646711845422927,994.2841435166463,5.816354570853602,0.9783489078011753,0.23658234547382362
15.048562858801015,0.7498617992827722,1084.1883122136717,7.882686688469378,0.9825305944365263,0.21113503473504852
16.813353223608846,0.7223080669328107,1184.8340763449623,6.889989729886192,0.9784840971653019,0.22092047907877518
15.730407008988587,0.7066414882409875,1298.315145678445,11.582468912295644,0.9855732846728621,0.20857937311924357
17.589684309069625,0.7694009627092719,1395.1478829430457,5.022415723373168,0.9627807537830341,0.23243296430275162
18.413166431177807,0.7448517444931293,1107.854510793948,8.94518985423891,0.9715031812394395,0.23060886100314856
13.7260969221631,0.7299641908225989,1146.700894736775,7.52479342072113,0.9791320342568428,0.19819854293983435
17.580582474106347,0.70803303540587,1144.3465200824303,8.363880645893513,0.9731710326453767,0.21328419593221906
14.271262118108417,0.7268593199430209,1252.4683416739144,9.274995861522878,0.9872708533820516,0.21319823950385652
15.719067490529627,0.6741091995059685,989.9089767026859,9.112728416951638,0.9888445686437836,0.18966972649201974
15.569050643294672,0.7125828306264451,973.5106157757077,8.406707532694924,0.9831083861297599,0.20381357991656346
15.212249634116487,0.7496027998453478,1240.30001644971,6.695292938275289,0.9626015351160776,0.217100482249056
15.064892377128757,0.7433023024304676,1261.8114499073906,6.2855238660059385,0.9656584879635609,0.2128620268708956
15.032676507344615,0.7594374009658349,1232.5324765932887,6.390244526618499,0.9762764256456782,0.21223471076299547
15.93305276871244,0.772390545183428,1155.3024051204345,6.972437235894894,0.9790568652050341,0.229311339341473
15.618363681025452,0.7808390805020695,1140.511599141673,7.255411437776671,0.9794323943529886,0.2332185330475032
17.335641973641504,0.8137092750848076,1119.759883541573,6.396086813714136,0.9579440735866729,0.23568763448762867
17.324035497473464,0.8104150074728461,1135.5377279761703,6.854624219289099,0.9582598576339771,0.23488317890063118
17.307479373938452,0.8083320779335195,1131.8640962039337,5.990665438672826,0.965935425410157,0.23908280642921487
17.83674938071366,0.8324144672617665,1357.7830490639085,6.280152695761103,0.9690542029005955,0.2632752711952767
17.591148574193213,0.8387511764913622,1305.0238797145075,6.359564386567621,0.9552792878101637,0.2590296694367186
16.422224730782773,0.8179015162534501,1033.844966616594,5.211387456477232,0.9739538248228415,0.2368748410462562
17.256233493925144,0.8426568965327691,1201.5066252237216,9.344529550411115,0.9836132273512009,0.26256559214860214
17.21217486714802,0.7095096726445688,1353.128564333372,5.960944523791424,0.9601720222612209,0.20780330476963038
17.083043483195315,0.6632234976563625,1201.420877089825,10.696888200460009,0.9780113132949533,0.19859445432184245
17.367550721113187,0.7900469833811554,1191.4043197607225,4.952858782613337,0.9669681872271334,0.23491681055188035
17.18281481043215,0.8092784539949138,1217.6804167117657,6.117651680971174,0.9727453810285877,0.23824757076017852
16.830134743337563,0.7555262005521414,1201.8389152108496,6.748987875095477,0.9563989371935007,0.23070528853949798
17.289117700544118,0.7462328215647689,1182.5343633366815,5.958057997275673,0.9576510689225446,0.21663552700218497
16.1864623784373,0.7417913105553416,1481.5750215504636,5.4849147829414715,0.9693562997005842,0.23604629015226902
17.237652677859455,0.7538127061605593,950.3520493023551,9.974519743965214,0.9707562424059923,0.22068360385829694
15.764042510039427,0.7377285231902362,1038.5969902498782,7.140478229783367,0.9784253926030586,0.21084138035362412
15.143767742061026,0.6677370739610395,1282.1227707132264,7.340708516700752,0.9662641130097731,0.17116007988223128
15.512664054245096,0.7877130716287246,969.0662094046744,9.202711367662728,0.9838118619785755,0.21721063167988475
14.975721802974695,0.6953788205072018,1446.1654368321854,4.95662074789752,0.961083368210599,0.19279105758642068
14.727662956876195,0.7570322712063966,1247.4516388421089,4.285000769981243,0.960290349470872,0.20073380174962926
15.829412448778585,0.7901098844758521,943.4580060882814,9.616121327353936,0.9874143972790722,0.23146823693359228
16.722859438963376,0.7532111570608468,1495.1871673231535,5.079268057447098,0.9538798335351708,0.2303680428097323
16.88235190625576,0.7975684453068026,1611.2996700716767,9.260951574001043,0.9828708740364845,0.2523520895907637
16.876483526464025,0.7792903100898603,1572.5426907532214,8.847877663303937,0.978797865455266,0.25265538520593855
18.913272346050064,0.733306356076573,1233.066538488967,5.353658702583415,0.9606367241898888,0.226719943181428
15.801761870624913,0.727230370592835,1263.1816106708645,12.767202348531153,0.9847189885701888,0.2182390880948906
16.430927453334128,0.7402226334110975,1072.1052059493807,6.874937135207123,0.974310384593088,0.21511388674114768
16.827476901935174,0.7248145377126304,1064.6599310028757,5.24781035139763,0.9716325876235362,0.2212204428753973
16.710516487323254,0.7451784152730934,1085.975189862626,5.621221372811665,0.9720092402750374,0.21608390649103282
16.41026633562713,0.8075039161935902,1286.226695417105,10.019556575749053,0.9653445859891995,0.25527027269970154
16.75595549678218,0.8011581484992005,1311.3062374877907,10.594293065862976,0.9675015037677125,0.24854779263921642
16.336924798798194,0.7318746403741113,1167.6276435424713,7.197052695258951,0.9688074918013407,0.22030964192612554
16.13327112970195,0.7356849837223552,1214.1021772284025,6.464732233027228,0.9686154112569375,0.2259727497280292
15.600154395334165,0.7603440283223101,1184.294645092941,6.039855506057014,0.9712562719006352,0.21641282592010663
15.786573775670673,0.8232315583658388,1040.8978189994584,7.496391921048584,0.9757247456469,0.2252873995840846
15.758307468606576,0.6733396143359982,1351.0330448988534,8.89990223786429,0.9767105019164944,0.21757439629247008
16.71940536057136,0.7784030176415385,1015.601525041598,12.457998322109578,0.9862265234570153,0.22015110560970946
12.796834758117912,0.82387599136384,1078.18599580494,7.652877293413906,0.9759221670788106,0.2239782798929687
19.197486397105695,0.6841438558339317,1145.1690388433394,6.846368889191898,0.9702317064569697,0.2336835400215828
16.220630432129035,0.7434144712936808,1136.9039007254887,6.6075231082761094,0.975294617327745,0.22674878139668223
14.765057287481676,0.7063477801890445,1059.1678540033304,8.849567865929684,0.9785976978654793,0.19680220349196068
16.035404322794964,0.7321808034976403,1048.7956385272582,6.367292149991151,0.9659069930465308,0.20542922080398096
15.711792281408592,0.6707365341556767,1206.375556047813,17.86543122028052,0.9838081710380108,0.20331983488849906
14.746032927551827,0.7334332025773082,965.1868360322925,12.391653474622059,0.9906857415231036,0.1986873044976526
14.332488670231392,0.6910559987191778,959.7009444217155,11.01398111365076,0.9889800294542967,0.18313521335883542
15.30820208868542,0.6948145314330383,1350.2784240451456,15.638895796084284,0.9897476714667509,0.1981876274833002
15.154725727943113,0.689790679357453,1342.035815813121,15.347771632697846,0.990134362126387,0.21101330710672758
15.494200259877704,0.8052868879522017,926.0522318217736,5.922541546891369,0.9717635650397265,0.2254767653604323
16.123146134551057,0.6710711358760245,1040.4879109716937,10.790971497511428,0.9707567270463551,0.1988306939882687
16.446525135710925,0.8277246461366204,1167.5193016749179,5.593376828955656,0.9724619337569989,0.24076099120139893
16.70284855719187,0.7442839442732582,1426.1813310144953,6.108537723981397,0.9610093084266572,0.22942202047570678
18.021259395220646,0.800048602591065,1194.452055332818,9.001438825962905,0.9807975656536895,0.26019304553978534
17.999421931487483,0.7759501494618136,1431.3206214617355,8.122511392675808,0.9779807994242167,0.25102235548474844
18.146560625749977,0.7410665750869618,1509.8783234899465,8.424228594589662,0.9736256739766007,0.24055198668210903
18.07596794888278,0.7181577106737099,1569.1940385566425,9.80671337829463,0.9752185395752974,0.2503069526285345
15.503181827077189,0.7928146216681962,934.8912494249248,5.820663066561702,0.9633698551874187,0.22056611268867696
14.96466177881803,0.7319617911984931,1138.1929488842354,9.921712553151817,0.9845400188982898,0.2055888793069318
14.67583256501614,0.765207219211699,1092.8092265496214,9.306458437119737,0.9807075721579804,0.21410020762771997
16.88392221020458,0.6925504356595036,1271.6059012865874,7.820395642203201,0.9782906562334522,0.21504376523582922
17.504650916187757,0.7963189440426706,1109.554130967624,8.407573596186793,0.9669053948057853,0.24681797397579466
16.752122559765763,0.852071956269541,1175.5670946063883,2.9468372621629655,0.9556549024271062,0.24780295691564017
17.859767437084308,0.8112896882194982,1148.255706701379,3.97430721482523,0.9558878216501293,0.24235711108745925
14.560329535776798,0.8121774012371336,1299.4528712984468,7.39471286742997,0.9717458825899234,0.22706060226152341
20.84812443869229,0.7358206881594972,1076.8439748434641,9.494986744863184,0.9805855133349501,0.25298404884530457
18.51085997099746,0.738853591056019,1128.8235281134623,9.395265077155162,0.9659938470320864,0.23852071203170327
16.122305040060358,0.7534110958630674,1474.3881900435526,8.10741837891956,0.9872829984549893,0.2336668038638973
15.585272999521687,0.7613103286802474,1285.879978963028,7.862616340702967,0.9827393232312562,0.22715820113647525
15.338689470743148,0.7455979800316245,1258.3812263085501,8.606883214489256,0.9821876742728458,0.2322376259457079
15.560846410203212,0.7720966865199087,945.0600428878153,7.870921687134855,0.9659943872768018,0.22573301664517553
16.978554319930595,0.7199842191994636,1226.441936241026,4.119275541347087,0.9674989335464328,0.19708686287740196
15.901339997083273,0.7219681700669272,1080.3173192111562,5.432676712013066,0.9695848302262239,0.20708202194014044
15.432871065599283,0.7451819106101436,1167.2572443516606,10.36773754895857,0.978517258309817,0.21735568863762592
16.082251613988404,0.7094800007128802,1050.4934570300281,7.8789697193376025,0.9819518945089959,0.2039620318784313
15.990751013639864,0.7158057169140232,1049.4616678750724,15.992713489439616,0.9726247299132402,0.21199010133195104
16.497706175726822,0.6941037900524959,1322.244723375195,4.2321213615521005,0.975691916103512,0.21259546903790946
15.63509821890301,0.796915609366773,1042.9222609640633,10.09163552462746,0.9688478747965726,0.23001093643518988
14.66996260943353,0.6432510948137093,1189.420637569938,8.166921807229441,0.9835391034195028,0.17667170716278696
14.619662079662024,0.6880128388266492,1171.653193219756,14.13679862889638,0.9767170489083495,0.19411713017572851
16.240505940671234,0.6889972893746157,1130.9565560407577,13.495635165636259,0.987004719047481,0.2002894264414931
16.492757464946667,0.7890624093979334,1271.683936331277,5.038791559375444,0.9585618151093807,0.21991703038788665
15.589417379895112,0.7295658003445415,1073.769749431554,10.037206287080265,0.981821454513707,0.21521144729013664
15.160518592209058,0.7034438547099727,1289.9109694095994,5.395980374293144,0.9565038184172567,0.1977248207999229
16.1149029339692,0.6839815887727861,1217.8536837203262,4.546167383663267,0.969763889856909,0.1962709791711241
14.956724152846974,0.7542058735278345,1217.9577131069018,8.217555851358942,0.9681000206722397,0.21865130862825727
16.23904280632712,0.7712339857975467,1198.2263725497817,4.873808102457369,0.9724670000476746,0.23572293976954803
15.020403244647035,0.6760891878014246,1116.3102497251148,6.880125054046511,0.9660939906493574,0.18117523001820598
16.390506605634112,0.6503724155092552,1033.6210757715903,11.95058532336613,0.9819492643612187,0.18321980796775644
14.693149276121932,0.9054866496745635,1238.809323755306,9.355346695639705,0.9863861449631752,0.2664469251631419
17.546936228394387,0.6747234782516678,1118.1486061767255,9.080714101898414,0.9679507448251058,0.20004082040136076
17.224428346754447,0.7248060813982552,1578.6713173341118,7.460007216257191,0.9772320190448979,0.23454343771603284
17.521155020140966,0.841483105194952,1406.8209020360744,7.340936466877711,0.9868635728322847,0.27182479258604536
16.065977695173295,0.7831607784295961,1115.557626313483,12.474802403648118,0.9753092435610711,0.2350839483232424
18.16891931391571,0.8448048583416639,1189.9104416392659,7.687083598755464,0.974193272278079,0.2599867731062373
17.1398332430099,0.7288152845050222,1485.5006484595528,7.213675952084082,0.968719047688846,0.2360922363729409
15.877640290162413,0.7487274297834747,1414.4399007177717,9.953581061428645,0.9843081462979029,0.24054718355340626
18.14028052170288,0.7565226876435789,1391.0196499993972,5.104282889907548,0.9560952513035283,0.2411596609499102
14.573490754542037,0.8037215910788449,1042.9866427773256,14.991171900381561,0.9844684480347681,0.23537499811196588
15.219697507715532,0.7171186997001444,1042.0678160842363,5.150198089949401,0.9724091532184416,0.2013284916191021
15.023358076642436,0.7137056097097676,1073.775444783006,10.427611316571477,0.9698015353493696,0.2047897748814739
14.420056015969548,0.757699346707005,1086.7202765722966,8.495204695295559,0.9717952224798608,0.20797876402922139
16.194729694288,0.6722228705185941,1105.6285488949832,8.261610850996497,0.9871255576281092,0.1966149354068719
15.498281890782827,0.6876230316184588,1003.1598587896968,13.98565815740022,0.984565870151812,0.19288182804258763
15.665780141183603,0.7273136556055547,1236.1182529232271,3.3905505634463795,0.965870296613254,0.2032889723959196
17.56724813832847,0.7392298297828077,1228.9550429892643,8.563217749061183,0.9645147718831126,0.23095440268524825
17.47022997411904,0.7401223728048572,1240.5048271972769,9.920628773858601,0.9642062236740161,0.23164415282294432
15.67124605116696,0.7250902565209452,1038.0811843006825,8.312693481420336,0.9871756326562428,0.2040500186714712
16.161076632750586,0.7392615577070143,1299.2704475057888,4.598827338109301,0.9712810067266352,0.22500816387690398
17.0613747138654,0.7756377471081942,1088.2830020096235,6.227270286715195,0.9742458633418383,0.23974204608548824
15.623160078024265,0.6782897398795814,1278.5605475067105,9.067376593214728,0.9711528026004778,0.20113468136851664
16.430355363760032,0.6687734141887062,1266.322888963426,9.791637886610198,0.9689486413652486,0.20627340841832814
15.444338362215682,0.7060621488382818,1182.2514083482424,4.825735440138908,0.971568777005814,0.18708674476103335
14.812172579560672,0.733342841690251,1108.217708567534,9.832287457744904,0.9758239206981212,0.19907534543251348
15.151946538903424,0.7360100802190291,1056.360981339127,6.983134608452478,0.9811979386671834,0.21021889375565886
15.06317040342515,0.7445915026842652,1034.5365107196683,7.0979901749120735,0.9813986821555829,0.20796988705202832
16.999587778247342,0.7243902330008729,1290.9452182860382,8.5619774663934,0.9669726601214329,0.22320578137735497
14.709061578246123,0.7202629714370337,980.5026433485285,6.77205478275356,0.9806247420605513,0.19578029269325278
14.767904052299393,0.6985124813912865,1073.4738092353944,8.714027954832446,0.9803328632748427,0.20352571924505494
16.03255499083603,0.7646263089654768,1083.7757972808733,11.739166155031937,0.9779086956420482,0.2157985505476135
15.7874341927312,0.78343350621038,1165.403930351092,11.795224607165125,0.9703693639169925,0.24107259690218066
15.402988855933522,0.7310353849649976,1083.4935259838144,5.7828452392836125,0.9839271576633405,0.21270658430938597
17.27744202791563,0.6787336936320201,1025.3329618897185,8.115026270538989,0.9818462057537544,0.21150974713159937
16.444446483852563,0.7286003374775275,1071.017457826156,6.1678842747205795,0.9836156702686282,0.2213491436829926
18.01282865640759,0.7529907436827143,1363.516006339059,6.212376940196023,0.9844173527396094,0.2549718156231293
18.009298480911298,0.690288930067523,1293.0663422130153,8.423354079268961,0.9515956557184655,0.20762987255136509
15.907639251766618,0.8248400119215707,1266.3631962397742,8.917076040612777,0.9888764615218776,0.26023068709202746
17.5993669381515,0.7452416920227463,1213.2251954109242,9.750595256121239,0.9595094339457925,0.22585146884437174
16.122519890071597,0.6953551795162295,1148.3540576800367,10.429820957577647,0.9802862699911487,0.2021854192097454
17.999272186300644,0.8095156474005692,1295.3872824280272,3.9738922239743353,0.9756299802680279,0.26631536272503764
17.525260612362207,0.824030452165291,1370.0350782317885,13.926173129697023,0.9654034779718458,0.25370187556715
16.302489816634857,0.8233682960947571,1164.5219110737312,9.809066818676664,0.9893213833524457,0.24581854757518143
15.192825620227406,0.6555784718126796,1140.306118303934,14.664853089304764,0.9809364697524914,0.17717146216867044
14.83355557120785,0.6898475450391476,1079.297416312152,8.967262054944884,0.9870093302432366,0.1996637784751536
15.669612902233059,0.7185585059229707,1154.995291120798,14.704759449820639,0.9734406806580818,0.21963221440001732
16.612146224957648,0.7482948704568592,1062.2547275859858,6.189829671895364,0.9760383369801692,0.21135069219327363
16.45495508364856,0.7469731535569017,991.7091423162509,3.1107524571075977,0.9712314056330159,0.22040487930602304
16.4525689590383,0.7771627009933787,1130.3761272471615,4.057381033163566,0.9712224682459096,0.22097665334358196
16.600434133818883,0.6833452442981861,1133.4719528539028,16.34354511656411,0.9742024057559894,0.19304430481238086
15.118135005270952,0.7294165059500838,1069.0515206310029,13.78246698420187,0.986372121261263,0.20778430058315717
14.650736258546038,0.724674073109884,1131.7554931659834,13.16927408396148,0.9894410096054427,0.2094444286243135
17.049761940709285,0.7311820276131807,1172.703393194914,10.173220943152229,0.9797064466614207,0.21639645943896657
14.024410617205637,0.6986434850372125,1092.2963824569629,7.81167426140813,0.9610248043640787,0.1716542758829295
14.978290407590245,0.6683317143611784,1058.968437146592,5.61233761464129,0.9783388563316728,0.18257863158983748
15.049692368646102,0.745545095289832,1188.5070366388816,9.657364360254173,0.9726372370304001,0.21316709309148285
17.565438409729726,0.6825803064420529,1158.0282338548368,5.554390674860771,0.9812889508565578,0.21019128987744323
15.917906370834979,0.7963416034499208,1241.8973747740308,7.6110909147796555,0.9651838490090199,0.23339382036687042
16.800588219812088,0.7496812999443152,1049.3615186292966,5.390913945288075,0.9749848434868741,0.22348399627743828
16.717366261096878,0.7359864790625437,1133.8795107846856,7.68575429050351,0.9726934430081203,0.21719884239950207
14.925064411345636,0.7033700260571851,1073.2883250503999,8.522341534397222,0.9711269712959572,0.19820752231528632
14.704704827176595,0.7424809447065862,1173.6258282120095,9.999714429786213,0.9817779583164606,0.21104754202960385
14.511269746626747,0.7601792247513252,1147.2112244878892,11.237988510892263,0.9825987810311769,0.21255892893088382
14.65585438117986,0.7243580574729991,1067.7699802485354,4.838571982780642,0.9671849656478259,0.1885250279150183
16.45710216721378,0.7084265779749728,1103.6733765064234,10.279199243447307,0.9867591450648615,0.21497912663456628
13.97953139020501,0.7707175720251117,1061.9040080094014,9.900259905855412,0.9784351025055608,0.20983532120774498
18.43574857101603,0.6886485092771257,1188.3655100834806,5.002653831372769,0.9581230991043357,0.21479066994865703
18.69659001310892,0.7042272522294308,1077.5685664025414,3.780273171474157,0.9676332110052276,0.22430717240837605
17.444990403146335,0.7413496101044278,1080.4295908826598,10.21958067731408,0.9625218184694593,0.2312604006848096
17.249359467896475,0.7586822025686828,1039.6168100542461,11.438011757448907,0.9636648813111853,0.2296711226701934
16.846094569279916,0.7555986610907665,1460.7149104881566,5.89903977045488,0.9824007182407871,0.2503222829720242
16.336800767108304,0.718816933902358,1234.0620975062552,10.316972254606577,0.9630223581441655,0.21970025688680625
16.694826040716904,0.7502355347950364,1225.5650919861243,7.168964788403098,0.9891350593780319,0.23180254855099947
15.568935727603293,0.7257446081896782,1038.2227607421187,9.028914755461766,0.9692456971084413,0.19753909527154945
13.933458348854668,0.6948525054517533,1067.396073576487,6.788799429361968,0.9849930029151496,0.18299116039170366
18.43107834620722,0.7554320787646694,1160.8049729205686,7.106098976761979,0.9630747693451537,0.2449780995991646
15.931136639009358,0.845231712479041,1239.4445290357917,8.666016402190914,0.9804619329012001,0.24863692903317353
16.301259357815564,0.6521443199817376,1169.5120686494608,7.757542333406451,0.9766367202188065,0.1957973542333071
18.301726157671784,0.7057056177046847,1034.6422769197502,8.557459942776443,0.9739366009182573,0.22242562975712793
15.074631191392262,0.7223391877979558,1309.9470440288242,9.610566878763882,0.9761724292181365,0.2117279402537531
14.991002413366415,0.7100934671127629,786.2706843309813,5.323127779152226,0.9831134205937218,0.18449691144290595
14.672812975682435,0.7153851920476335,1114.5768341678609,8.898564802971542,0.9587714928157834,0.18464740020668735
16.077184300670957,0.758675104369011,1274.2673485761602,5.77923927073108,0.982562938962564,0.22341921673173298
15.319597264836926,0.6786847826455237,933.3831129780133,8.839707097344759,0.9753324770723663,0.18655887523018996
16.351553645684067,0.76739614000824,1366.011281716618,5.752977281368874,0.9736725186957494,0.23600752988259566
16.627188679234806,0.7838241638245946,1553.2694327307252,10.309702381395825,0.9660565928447997,0.25543749107688857
16.532166236615627,0.6620276470935414,1104.7491116398958,6.075826503165854,0.9861513600047453,0.185164773574152
15.387660435307485,0.7488310582930479,1346.7870944262065,11.25548255944414,0.9689109918369623,0.22911087466134974
17.175692307134053,0.697523650347659,1261.2072522535645,9.299753538011444,0.9759880401261742,0.21512724445058443
15.851864460035948,0.7236819639842114,1185.9510776287184,7.434477655021373,0.9702562295025821,0.2109769603847844
16.001092517463153,0.7407060864294739,1210.047507629193,6.869945355629022,0.9685268922400855,0.19936275870288003
15.759586429767367,0.7041053371019234,1184.5363087242017,8.457694772995815,0.9703241579065803,0.21336011587866746
17.00644365632792,0.7125254700251793,1079.2829281189338,6.374801325035984,0.9695044996849433,0.2034957418286039
14.62754193704893,0.7555340724774441,1202.1756214308903,4.998490142625753,0.9672918546548396,0.20234230442594814
16.2134751250137,0.8270002898921446,1117.2971490532252,10.625017352059068,0.9729381508683692,0.24498294853125527
17.33359287359492,0.7381028367859535,1374.4866398227953,5.0571266947375335,0.9692122934526222,0.22804094102734265
16.653528336673485,0.767308265267697,1130.023464392093,19.66909438996707,0.9833196459740495,0.23728949480324532
16.472727832682757,0.8153365133582072,1110.8178022653653,14.929679083529074,0.9719514414770317,0.25409770930826714
16.017352292842588,0.716529048529674,1489.3069756591947,15.182586068006469,0.9851315227952967,0.22503459980602186
16.540132714101418,0.7378821323700432,1158.5580613904744,22.7434544203988,0.9904175281245172,0.2332245974490585
15.004542417768631,0.8051316270731181,973.4057848939584,28.35252697868251,0.9894570750133027,0.23391134043582393
16.09841426829043,0.7080571890078639,1185.643214882113,19.579640646814248,0.9753899628516026,0.21643691105190033
15.21727951595122,0.748710295713174,1265.528413240728,9.278593444189918,0.977056839388929,0.22577879900246084
17.04475699649051,0.7547337983096123,1281.8924387903037,13.404532864245848,0.976997205742625,0.24211382965026498
17.02751297167941,0.7517662470467735,1260.7153293374274,13.168878367210338,0.9779489983954971,0.2401338327124558
16.069076831749616,0.7684054983009083,1198.1168531834646,4.878089873108157,0.9615827408339758,0.22168628666757328
17.91966864016737,0.7328385499578988,1277.5230475225642,10.698837967027693,0.9810928934468753,0.23664614912727353
16.410108203945562,0.7826105051899422,1118.3560335678037,6.233923710152784,0.9661167448644848,0.2255987143389866
14.962822977277325,0.729580196393301,1061.3115279226847,10.007408014659994,0.9761935320133159,0.1973656304736738
15.091756387601547,0.7023570431878886,1164.9665035246442,8.909842729859172,0.9820021212959227,0.19656232059132933
14.783237811658953,0.6945367033498662,1179.3039296887014,8.694029132213398,0.9803818946160425,0.2022075778941891
16.81591248383052,0.7904344175545053,1182.4067949849602,7.106428056193687,0.9698092925246748,0.23009646474655232
17.09456079309677,0.6437751698644888,1059.3583693660253,7.895199336331703,0.9714994727418453,0.19195923390879732
16.546019804288314,0.712670744847485,1277.7676629080615,6.280679808472379,0.9675601883251915,0.20601121452524024
15.453731268953243,0.7799928969706691,1162.412124202629,9.539277330687407,0.9739359823341072,0.23349309754202568
14.76148528583537,0.7605359326387156,943.0483212185153,6.14003592871616,0.9768452502198964,0.19323400007570574
15.368106777119136,0.6413809296445461,1306.2989927448664,8.849056113997362,0.9770806966855488,0.18206674983985724
16.058004728338446,0.6487353259300054,1011.7826278118482,9.071808895947072,0.96300676932991,0.17452081747436085
15.567426442524063,0.7098912744516173,1046.1044876638052,7.258993781541907,0.9681901292398729,0.18528159665613297
15.27585894326629,0.7005436402877729,1139.8962504718024,23.35338245437158,0.9860632307782145,0.20266065007799278
16.953917986458492,0.7035359276324405,1088.850949023764,19.313347616997117,0.9759627003554542,0.21080447388001097
13.294876887897473,0.7097025951242976,1042.0915431296548,4.046770497806463,0.9826047355161549,0.1765142233590493
13.066132215670555,0.7272953842051813,1000.2067340870392,4.0928233420887965,0.9794665986915884,0.17387624129861806
12.733916770832549,0.7424600261520914,1166.7324686778056,7.239534664423089,0.9821132360776087,0.18966882287937112
13.630082199260025,0.6589769940737648,1173.495268539244,8.809398690978735,0.9729248862116568,0.16610144488723189
13.081776940070931,0.6671565077042562,1054.6547269193957,10.160050011789822,0.9656853077661666,0.16227480662546884
14.808443022252884,0.6513572483100335,1105.6143647594818,6.478293077174297,0.9800562239746181,0.1769890968689789
14.596182816983209,0.7350869640624388,1229.6388278419467,11.513530603171786,0.9768231601983512,0.20644689768748278
14.909540131235003,0.768599861609195,1145.9881069042353,10.29723066567919,0.9801057385250143,0.22216340244667784
17.35554859290781,0.7797121273541632,1034.7045960861271,9.035496482738084,0.9698398693893364,0.23360401835565422
14.783298985724645,0.6919978899855522,1152.791680130775,6.917194388548983,0.9751667145338522,0.18970388293911195
14.798351957594875,0.7860374104757979,990.0118094334598,12.121115170581673,0.9754048835871553,0.22210081112022528
16.954083792750644,0.689385998737932,1349.3983504129021,5.864511376680703,0.9593807016511668,0.20863975633471557
17.019583444574298,0.6926648583587349,1364.2300939466693,6.361536550064653,0.9624225835270843,0.20047734812330165
16.42360056709071,0.7427263120893518,1364.4221379493579,7.414824644426277,0.9797991341200881,0.2403209997161297
16.874366919372626,0.8128864691392106,1010.8425826243601,9.751780082714989,0.9699216460742076,0.23606250811697582
17.21377940517573,0.785494521737081,964.204695342983,12.17823237951747,0.9636394554732041,0.2349265917206002
18.21302255513421,0.7016246557591351,1577.46773038009,4.911315666607953,0.9771236465991064,0.2300641588933503
18.226616806604643,0.8476564332521359,1208.7436304812054,6.248342251502707,0.9716420268888527,0.2720549853681988
15.154923069509344,0.7209873633327456,1081.7587507098488,7.022603169449294,0.977563111353027,0.19769583861766082
15.856237592450398,0.7007673533315213,1141.4399553413027,5.788173788001723,0.9800135219068814,0.1976950457856633
15.505258451869432,0.7833605579696148,1114.826229684521,10.254527023609066,0.9679417055164945,0.2332738354495882
15.760828819362919,0.7867432547597613,1116.948182958013,10.822220507509751,0.9675903873804522,0.22219628282302864
15.54211766404554,0.6762796764403838,1182.2075395853476,6.056872202383804,0.9795878496893176,0.1984231881666802
15.743798423446265,0.7734122986871563,1464.951240244086,17.646678046066285,0.976955678408874,0.2379496368424614
19.50571519862951,0.7502244458772767,1082.3893752962667,5.62503091680965,0.9757267085606353,0.2381411086340446
15.490379953937484,0.7433807195204094,1403.256478917518,10.082709788947259,0.9662627300907878,0.225249352011134
17.47538860042217,0.7942148439569006,1298.9233636298652,4.952272097326432,0.9744793987341022,0.24528912644886028
15.419594588799306,0.7327596839889062,1080.1708719530454,9.209947195968251,0.9741764480275569,0.2117112560404608
16.363349094370985,0.727490828173906,1300.2332893127634,5.463209988598857,0.9693356414478073,0.21269156934847677
16.87711434763963,0.6740396614837232,1145.170679978382,7.86739715884915,0.9667906788954023,0.20926267006121482
14.274474299537372,0.7033467119619518,1291.8926391187197,9.129035394915093,0.9869742196891375,0.20074434789975767
14.168347976523933,0.705448255029662,1380.825222302633,11.739517016691089,0.9777746961052631,0.1988397772114333
15.003732355676771,0.6830836134470752,1288.9411238275725,10.89377832773288,0.9707381764813511,0.19357254679359812
15.544646614967712,0.7458963414991147,1041.8452239133107,6.986253556935269,0.9843995190383591,0.21387029792304155
15.201677647706088,0.7750110311850463,1157.7181567270534,8.797593084671256,0.9620897995643944,0.22571154298208398
17.386132214848992,0.7636497804057298,1261.356756738276,6.0129577537077195,0.9827230703602962,0.2567290748683668
18.353387519640666,0.7940537059236716,1272.0663972602913,7.22087452025377,0.9723589347665749,0.24479879205138985
18.089528772748764,0.7110773618219158,1194.5385107925472,10.012265806697615,0.977865087345462,0.22108147177191437
16.016795599439323,0.7482834590335636,1013.4045472865547,6.983194556099801,0.971195702362081,0.20608982068549003
15.642021263235922,0.6425463061666868,1260.994430567223,9.713848415595352,0.9748316404332382,0.18624116879809488
16.372882113963065,0.7195802663076571,1299.0991115573868,6.908899844436285,0.9775047112314893,0.21025536592662317
16.03307866358154,0.713476002622196,1364.8399737823347,7.455514524813651,0.9765765274676305,0.21686624017177597
19.47737752245341,0.7620637677661977,1466.1089308378198,7.8710970563761995,0.9732090659853175,0.25670461874543826
13.685580035194999,0.7239729819206252,939.6928229809151,7.1697436225306435,0.9738142657350115,0.17956856718634562
17.192294646804502,0.7024999814944707,1259.4118320247921,7.541336522877239,0.9757177615439506,0.22322452006928178
17.042234789680098,0.7452061438456321,1251.4081974928936,9.026845966107487,0.9769116346042115,0.23574672826803997
15.788667147505855,0.825251089939109,1086.0744267551038,12.788615648952176,0.9805221750603489,0.2456768683254424
16.56069572912742,0.7163706864209152,1257.3377833938375,12.883012870355078,0.9729230192499617,0.22603602124568725
16.282322950729203,0.7184058314535341,1255.946018132618,12.184568075094461,0.9712074303247383,0.21819043675265246
15.712502523028045,0.7273531764589027,1227.5992992735003,11.219424861408589,0.9696954620061197,0.21377559315069675
16.221964323878115,0.7184366806687185,1043.8728138008162,6.527879793359254,0.9862548506808813,0.20686956896769462
14.272382927263603,0.7464807181636293,1161.854928458815,12.180221117779702,0.9804283036385056,0.21093255238773234
17.290145683260402,0.7057064404352505,1171.0917975653292,5.958665907425866,0.9793136645769835,0.2200143740945949
15.8757040530526,0.7484864742386661,1266.5723491489905,11.215162411549613,0.9841477908797267,0.23049105459018482
15.801112888175275,0.7499953983017206,1203.7220832299342,11.394666611973049,0.9838294150524446,0.2300555225337717
15.015060186925437,0.6748471537629999,1049.886264684475,6.537953260999259,0.9763150191545471,0.18480274171772687
15.207490855857069,0.7112025505357291,1027.3726920399924,10.340787276935156,0.9677991863642104,0.19784547645039735
15.149587951874604,0.7006034481707031,1010.2620994597485,11.085693274370735,0.9637902103095416,0.19176090628584688
14.531974330704323,0.6575979097684153,1108.6321481813532,9.954007452889913,0.9813955498519236,0.18800551393983575
16.208738200871863,0.7145925941427401,1148.9674344825833,6.762233514669819,0.9714568558431843,0.19625703852630527
14.98450927596813,0.7035110564738812,1127.2259908937388,11.140984641261406,0.9716506818338079,0.18817311094384262
15.125234347304659,0.7201339462537962,1139.4499174300147,11.66714349832109,0.9715890657919366,0.18752049765969386
17.63236203481629,0.6950548194494949,1083.3523086892717,5.346330409450676,0.9767449721372464,0.20810224486408904
13.900722557170937,0.743857947246103,1024.6097916686242,7.824235689859607,0.9666908522516273,0.18464437916780507
13.656987947403604,0.7582861187665487,1046.3559568321155,8.06175633721674,0.9800047948864662,0.20661892878036775
14.969388092494068,0.7525140021113533,1018.1301252975863,10.14855863413644,0.981571020710781,0.20964913931286344
14.379760645619514,0.7105772601658124,1212.2281329981618,9.079900336069704,0.9783216069177105,0.1974639746350046
17.595406063889012,0.7959226370002203,1170.86160724197,8.964259057775628,0.9588346311267338,0.24977652724867647
13.988024009249513,0.672574564247542,1104.9549110635023,7.0545801441884395,0.9867431764551183,0.18473587076234008
15.516871030490648,0.7285918409736442,1070.1800797485705,8.079661759368495,0.9598043139285217,0.19136683109557398
15.168512258176818,0.7539678320569304,1103.6136807132045,7.039136722812269,0.971715295428731,0.2221631197979715
15.335292956433879,0.6899907150176382,1153.3849007866545,9.755832149991381,0.9784397108047123,0.18410599116544782
16.218122692063154,0.7529548599194256,1092.4208856087687,8.883614695803242,0.9791402938630566,0.23451810230322825
14.94995437777503,0.7588747552020247,1253.6061245733129,7.005155218925175,0.9698016939173241,0.2199806762400478
15.65507474592753,0.7789824774866928,1037.3403001741665,12.08971310493386,0.9816205055964591,0.23291616745302848
16.24848430185472,0.7342619727957266,1322.8796013499448,33.996106360527655,0.9804811146943438,0.22958847452619022
16.306974327744292,0.7196036414827199,1184.3470630667837,28.118691915334093,0.9833354918006229,0.21203995847384935
16.06103985340924,0.7984499871971911,1264.5710676209696,22.111961870660153,0.989798060660997,0.243996938877951
15.416979126523007,0.7291839157784564,1071.7597111163047,6.211599649358805,0.9742641849903183,0.2082432808658942
16.205545166352078,0.7123450393350905,1079.1344961029713,6.637436152824286,0.9818357704781913,0.2060879613591786
16.263625074699522,0.7399998444336329,1155.6233589396375,8.497366754841453,0.9614996999064157,0.21184022594805096
18.1161740013236,0.6906374054127179,1135.2203986764837,5.909676508265267,0.9734452106097256,0.2191170393912835
15.436993804623903,0.7771519407588879,1093.4311706768788,5.924324960133241,0.959375533569843,0.21432565899414371
16.510199195933517,0.7149430775748841,1001.4302642005262,7.897354229023477,0.9755120796689509,0.2121284386495787
16.60473214797361,0.7168881070789529,1016.938635910273,9.021158877386924,0.9766469531172874,0.2143890101093197
16.01243988965308,0.7392026185323828,1373.71250344723,7.754640884330455,0.9705829216469557,0.2158249047818254
16.236446110479704,0.6893644939676293,967.3185856654306,11.81135892790811,0.9807183208314858,0.19233255239237582
14.690440252583226,0.7499157732685703,1329.9997803342953,5.005546904504386,0.9662460720305301,0.2039798625964403
15.446622638981856,0.7776441198294951,1190.176794691136,4.7205931222329385,0.9760503825726268,0.21294631373923503
15.281381100020482,0.7691025232457249,1186.4849557193797,4.712535399162927,0.9735370535369915,0.21407753829978637
15.310145844257624,0.6579179595859735,1007.2897007415839,14.373625237682324,0.9780374536376364,0.18259314783799793
16.23234711992368,0.8067963142393892,1372.203779604403,6.05183298018083,0.9837059464931508,0.24963932442835754
19.996237431035173,0.7327040255816691,1241.0232454846657,9.472898709236246,0.9577460887248102,0.24299186598049924
14.17329956884218,0.7793954473195304,1177.5619789787672,5.433121837402386,0.991407533570619,0.21830549333166838
16.58227931070443,0.6723591819515333,1176.9197458339308,17.03606249285526,0.9856491386583843,0.21706188386623557
14.041199830288566,0.7773502005085849,1031.5579719110979,16.74513700349243,0.9897649837231718,0.20732358006602705
15.89146881131683,0.8073292045986878,1069.0981522596564,24.155033543058448,0.9710298863899073,0.24942911879548638
16.667994464736136,0.7435501784438503,1141.9308334415134,6.744467569474272,0.9897500909548557,0.2225377544783593
14.651959715210157,0.8328391430716205,1257.080755773868,8.217018523715634,0.9646164724728934,0.2421600731852486
17.321027352644734,0.6727255914432773,1104.1225081221758,10.170548093083486,0.9904235342083031,0.21226126462631092
16.70400929260527,0.6884021863058761,1163.2062783953418,5.790441399497077,0.9948047161356874,0.22274432564299187
16.23703707516218,0.7159323626924995,1173.1536125399232,6.569820936273255,0.9959482778847271,0.21306557469565174
15.778503283678882,0.668506724754074,1282.3318583474322,7.458286399188693,0.9944601458625197,0.19719759593536626
15.10278726826817,0.6811609467598755,1066.3703968224127,7.503909966196661,0.9881404172282852,0.18646709090241775
14.731949359546771,0.7228056880950794,1128.8177765642147,8.132046637976241,0.9850319251704255,0.20806231843286682
15.101298210600037,0.7496266947522621,1135.2513088685182,8.066887087254248,0.9849880145162447,0.21276766340606265
15.666001270295672,0.7381238516426584,1098.5827091932388,4.8369429017496435,0.9491145617032878,0.1997081746714297
16.19854573302377,0.7002147217562537,1290.7425429073153,11.126207182681547,0.9915173695490412,0.22527067381850663
14.124659373941029,0.75464344172213,1091.912284867832,6.684089857893686,0.9893912631455866,0.21879444314572805
17.185183919530054,0.6329796446808926,1081.69112366798,6.074474956605256,0.9772793006630399,0.1783229569378605
14.593779285707612,0.7427263281724845,1184.8613374033964,4.378794179308465,0.9486336900072575,0.1837012340808357
17.995354282366048,0.7086609554226718,1083.3145860896796,9.944069059406361,0.986121687007252,0.23054719341479923
16.29197907744855,0.7594824920801744,1204.297202493529,8.731049077169336,0.983716918683847,0.22718507999847168
15.214878155813722,0.847927100518764,1120.4552422210566,10.237416236306494,0.9790788495698545,0.23096620104858462
17.567185660773212,0.6525518678887804,1158.969266631764,5.746751129217346,0.9710341070732322,0.19121990188970225
17.38169418310326,0.654788700403893,1170.5077652245195,5.638168205014028,0.9729593802294398,0.19331110084210024
14.173432058750615,0.7965489978877462,1050.8303919054213,8.855562336990335,0.9778261690953749,0.21481561897401083
13.844633048252696,0.8057038480704931,1067.6417233152242,8.346785328197061,0.9767554427090261,0.21591857444285187
12.935324298004108,0.8184202327707766,1138.5012032929794,7.4243636236484605,0.9810052586817638,0.2094686858778305
16.258043819918054,0.7398327104848303,1129.6174235279818,18.21168724590624,0.991995031387815,0.22159674166473742
13.947610136109695,0.8351055092870872,1051.9533714867173,12.985757007701503,0.9913809689508023,0.23618396890304144
16.868000863234776,0.7224535875018145,1318.5263166677166,7.453192611127313,0.9802205937205023,0.22271764197645996
16.853274394613507,0.7291333540730449,1233.9237674775222,11.236950687799133,0.9890514218872878,0.23186968089744533
14.743070141628824,0.7512983135718772,1080.8891718969735,16.259994336159625,0.9727362438913572,0.20279952924071512
14.648907125163435,0.6459992141858573,1156.943069306007,7.60605393563894,0.9831569358135319,0.16394217236393613
14.394575345146812,0.6909331781027369,914.0417730786697,10.754392186733456,0.9894262439513127,0.18223294012051197
15.292281982825008,0.6493620738484083,1326.1422002984898,4.261642545416382,0.9585164550410914,0.1736157163325056
15.86936857945843,0.6614627016300672,1083.3220981870745,6.415888776597469,0.9717442640204698,0.18973616597302112
14.41859293564217,0.7187854149385102,1058.4558148920169,9.004640734270668,0.9875707492968406,0.1960023974702389
17.18957167492553,0.7488003993149476,1223.5993925678047,8.910630911385823,0.9746345151592779,0.2365076294757972
15.168777098628047,0.7693860110277279,990.4344960148404,9.14799701683754,0.9704145613105721,0.21422651194892167
14.036115073701714,0.7892792846986147,984.340559851585,7.88985445505075,0.9868491787208763,0.20350502168768464
14.80175633680139,0.7578331021134415,976.9640398768042,9.15749662276552,0.9892023123858485,0.2049470984433958
15.18827919087052,0.7715987824834916,976.4456910398641,7.146652261050412,0.987685789242964,0.2104059737845282
15.279402031671262,0.7328452366093084,1343.8814617465953,7.78028554101983,0.9916256987527143,0.23107105813241316
16.23845128259954,0.7240557137066725,1278.7255977702064,9.202633378787286,0.9901681598615824,0.21425661812607413
15.739555406978793,0.794074687703079,1078.640735592307,10.675694496149745,0.9776433793778496,0.24113854457327186
15.817591180593444,0.7494697557349466,1418.7498598326472,7.566783870746047,0.9825655543115196,0.237169828038987
17.194218520498982,0.7393301952086457,1520.1798022506593,18.445758125144895,0.9803818553980569,0.2460423182669804
17.104961553227,0.7173107361597653,1281.2010297458376,15.771653417899849,0.97537847181325,0.23362128936627144
15.598172371508959,0.8704475770101263,1096.8374458646922,4.861213608597429,0.9770180067678436,0.2548262840451822
16.250127665807195,0.8022328161466611,1239.6424395031236,6.647111381473165,0.9768904298457382,0.24188614049070367
17.944624797284288,0.73634307367194,1168.498083419394,7.652979679446941,0.9621109148342545,0.22679127478166744
13.854897068718998,0.6975193577986898,1129.1159597692847,8.311034920092382,0.9842949267580838,0.1856336647643919
14.370346896153457,0.701397870523331,1361.7844367911714,9.041593837582036,0.9921646372718873,0.20233811715779174
15.784749589109385,0.6863824293635438,1335.8772094933868,4.772087155753882,0.986239456338976,0.20628158729324697
15.113698454416339,0.697461269224954,1111.124473882203,20.550215185006856,0.9883856729663751,0.2020547857308376
14.691564878381257,0.7355219567135816,1168.9614046220306,24.415999227898677,0.9841311199911457,0.22044077606578363
15.340059867783548,0.7564669664384721,1097.1572197642183,22.60810386231522,0.9816986333120905,0.2197085622536351
14.083544734264642,0.7281894955125954,1017.037402003374,8.877059354268132,0.9857065579145581,0.1899012716844018
15.69411782940173,0.653131384743109,1131.1747045174272,7.614641273195862,0.9622566063205371,0.180984691996164
15.906823997654106,0.6697453905493116,1162.0360874534374,6.052064556599399,0.9660745058089999,0.19343686857130563
15.649536583737447,0.6722087072180405,1300.000338057576,11.230843587785532,0.9857256899428064,0.20671550974026806
14.05259357171713,0.6652345375331709,1282.757511767519,7.355938292586459,0.9862218437724675,0.18644270887774564
16.969297264833322,0.8351258603150625,1163.8026706686162,13.72603982086207,0.9653938728110039,0.2525713382123705
16.92359627972831,0.8008579123763068,1306.9823708791146,4.282492851105919,0.9782222898969233,0.24918712324761985
17.660825538010656,0.7843318221308722,1305.4923133255027,13.297186084988386,0.9671447744888031,0.25218173178388686
15.825986587922905,0.6737309347810528,1258.2828953877938,3.72752291516811,0.9727120172497232,0.19941734131633113
14.828856162853121,0.7378359125847329,1120.7201726091996,6.411158139579918,0.9674287200232403,0.20455516262749737
14.221612368563314,0.7531165152782241,1119.5850732949066,5.9997054318125205,0.9808536592545359,0.2057878650252818
16.763269418465462,0.7216986027181145,1103.4779777241279,9.408944594481646,0.9788904504302987,0.22339668021820852
14.837511239289064,0.7913631322192778,1206.6898365369302,7.721975896918043,0.964843221743996,0.22170538419903335
14.837511239289064,0.7913631322192778,1206.6898365369302,7.721975896918043,0.964843221743996,0.22170538419903335
16.9019255999797,0.8010999603805122,1216.1363490218812,8.66447212093035,0.984083076379608,0.25420011899747574
17.08462917598176,0.7566317959333578,1242.9238661303393,10.063511962781726,0.9859148608003842,0.2397639749467387
17.057080484991946,0.7601519357158449,1249.0484562877057,10.176275813321658,0.9860179633259296,0.23935051594147289
15.732030973352517,0.749187610664002,1016.8540815184325,7.8647221527283095,0.9821513480542556,0.21839585806436224
16.021386134767987,0.678430827669756,1344.0108646597057,9.269798290219038,0.9741693215593257,0.20556044537188284
16.36549731648928,0.7736010496305049,1031.7809330753862,5.742017444274369,0.970989364976991,0.2435999649949363
16.553126149059313,0.8016040236183396,1220.8791132529395,10.729888604513524,0.9905153872488621,0.2521163036650298
14.723060200260894,0.6779514716483861,1056.4721088958145,23.9652151962863,0.9895325766154663,0.18454852411387165
13.771739029282847,0.6910252167142867,1086.2495237263083,3.238849753900502,0.9528984953946384,0.152234572710443
17.27341095745706,0.6931182773115845,1144.4600425641731,17.9043802635752,0.9819963311877002,0.22770978575168122
17.81347235688822,0.7779039347457043,1176.524605264448,14.529946649065439,0.9663355909190068,0.22832413765389664
17.144925266793436,0.7281396358847664,1025.0903811047888,12.956935401577846,0.9681806641105704,0.22028048785642396
17.08387471697433,0.7435810259298494,1032.4796140416472,12.226486565596156,0.9665540610249099,0.2144074236878012
17.06779700737138,0.7412370721308008,969.8363081118492,13.521554229784051,0.9695233976138757,0.2143991958021031
15.956715544699895,0.6993615880869666,1248.5307453233202,3.3998122960267074,0.9694571160598268,0.20342301471762841
15.49622497221109,0.7794500860412973,1105.9401908188977,13.992250820123031,0.9773682117479414,0.22236161873760762
16.27038044070822,0.7226432627884577,1184.9814427370995,17.73158792089284,0.9544877046046769,0.21517472870012666
15.544719117972486,0.6907336726662224,1034.2102534971245,15.547567116455914,0.9749498153074667,0.2050190074568413
16.646141540525683,0.6990901765047269,1081.5613677950355,4.455631691491232,0.9674133121804053,0.20581811860026333
17.679581204957763,0.800272516113362,1218.1720781321399,12.135940781598782,0.9732635674856658,0.2466653616175219
16.034471172045045,0.6855734570661406,1191.93613839067,9.724136610921803,0.9848737629987752,0.21312536337931104
16.560755345856705,0.6994780411993647,1170.392617567649,10.77669875275615,0.981058344837244,0.2140344598561452
15.838242862355878,0.722596850121896,1176.2661557438469,13.145102562630441,0.9812896874875152,0.21738148516340416
16.932443937935584,0.7701380080659408,1038.9065166194332,8.448978985133927,0.9690916165842174,0.22898817876314742
16.83845821164631,0.7717595909801417,1046.264482911518,7.829547940803147,0.9717749958125687,0.2250357504207102
15.8231482290356,0.7612017089767648,1089.3886496145544,9.552903713230643,0.9784854925899606,0.22716685927616487
16.149059496542318,0.7555740326953784,1124.6409828628293,8.112892862907948,0.9797967651981871,0.2214542446521917
16.153089186151593,0.7177086311139838,1224.5099850657748,7.0704188709730955,0.9728328112348827,0.21500428066607866
15.084367165993442,0.7627968250415104,1118.9807177362293,11.75958728673054,0.9708104459416611,0.21344801377826517
16.517119700043374,0.7254926236435818,1185.7786097524174,5.647924572271468,0.9730350384705825,0.20870946544159155
18.026306249084964,0.70214234098155,1403.6118351127316,6.63720338711822,0.9636901229821889,0.21308120182963244
18.096670256145654,0.6850347796444031,1377.519650970482,7.335916132743006,0.9574330159252504,0.21992628337560038
18.79792220718969,0.7132391419802767,1263.4194128136082,9.696762384615868,0.956855319375185,0.21994857282997005
18.46690638257619,0.7244313315973674,1284.580847485121,9.444496288369676,0.9583084246832746,0.22789320722892797
18.720786391285575,0.7133705474469787,1340.0030240764277,11.584035526750434,0.9585999282117434,0.2271580073897609
15.691515653176166,0.6839639761052331,1024.5454312323495,5.262411538127111,0.9832418992893845,0.18973587082624715
14.322373215795402,0.799797294171663,1179.9283291798035,6.585966436411263,0.9589138029061638,0.21746153099307475
14.15210437371918,0.7910941551829688,1186.7823459620265,6.328786139894574,0.9594039032431769,0.22676481947815286
15.820964782404944,0.7568599587151085,1031.6795626981125,7.384153267316703,0.987956672024607,0.21050110477146616
15.246925785491976,0.7048692389774197,1337.0643188732108,9.147978260027626,0.9789130144815874,0.2140659137602107
16.391708374478537,0.7323112393128114,1410.8880848360827,7.168039246218412,0.9806341405504133,0.2186786548913166
15.799679664333905,0.827808069897169,1187.172109215699,8.186673356718515,0.9734368285853172,0.23577204767270843
15.63394033123276,0.8148339702560274,1172.1558817449388,7.375351259698211,0.9731948512912619,0.23880410849699196
14.76147953533419,0.7977648705171005,1209.859768688044,9.643442311410732,0.9921270439183189,0.23311686547487245
16.785556490073013,0.7005326552670261,1068.0146810325116,10.074250174678857,0.9605430058022275,0.20695128555830936
15.353883155716588,0.7177442659659504,1182.9910400214455,7.685666912538906,0.9936072097265368,0.21265355808996098
15.91622941487168,0.7273880655232148,1249.6961372773255,8.279573536229345,0.9621499324479926,0.2129511176508237
15.206774174930016,0.7165558075006083,1392.5366402649563,7.735055065162117,0.9660615642628324,0.20782604858558462
14.935672562218754,0.7099533802350071,1384.1108397094129,7.428371129123057,0.9656084460897025,0.21184909282066855
14.56657324768085,0.741500441051998,1270.6073462202633,8.910723440087015,0.9743079907984368,0.20539170465147702
15.921899718051897,0.7654322921778561,1076.6695698486026,4.26719210111848,0.9662013997005904,0.21243293416997044
16.374245042673714,0.7373742998208936,1033.1378738173926,8.745835914034167,0.9566502109009485,0.20760532550804212
17.144636879830532,0.731424850434939,1040.6629732371337,7.877135700394579,0.9753520096945797,0.21923804760244728
15.155767889679854,0.6935446973849951,1244.3169998713906,6.79605329369652,0.9672993383869891,0.19194744180043471
13.985746722179469,0.7378996937871249,1071.8849624607094,5.880789550544717,0.966532382481298,0.18721992118399614
14.652468906221527,0.670879201859042,1068.739376193404,5.628944052151534,0.9777229425342701,0.17766679202533128
14.92904448005647,0.6547991096106036,1152.0201987256369,11.093142906505468,0.9736640740758423,0.17779998444925726
13.726689592245117,0.747409680514289,1054.166487401473,18.905343728638684,0.9886445128859256,0.20476330158847905
17.216779220245925,0.7091814122368876,1191.216004902593,12.497046466791947,0.9973462553017591,0.23420779912715706
17.309960817898567,0.7895046555825509,1123.2994793553285,10.826204531716444,0.9944462991652264,0.25615301134901797
15.642935652865267,0.7624227997671956,1137.7154266970856,12.571382748215473,0.994235295601487,0.23734510530948133
13.674922120669489,0.7494358683760061,1099.6567345143224,17.917504460224663,0.9973256582825581,0.20797235409691017
14.278773535300305,0.728313388190294,1060.063481050267,15.60657069752,0.9972739069710068,0.20894269864503362
14.176319608602615,0.7148139734520372,1027.3829334760298,15.792349421183765,0.9976313175554963,0.21104852225264312
14.424134418573644,0.6896161819930644,1245.305136475482,13.544414462444879,0.9977251454195399,0.18919433037482603
15.702164306976778,0.6663199227565548,1028.4930909745387,12.963421461902245,0.9861601009297921,0.19841390119685554
15.655299496308881,0.7326950756024511,1403.993530478227,13.591828351811984,0.9747958080087742,0.22077312772677302
15.535439705774525,0.7564046606970846,1133.437973004578,13.287698510216657,0.9652340308270605,0.21964830487420847
15.434589052875172,0.6797114766800693,1125.6694904518263,10.422208856061296,0.99434885212855,0.20051489999768224
15.21656655548119,0.7130031242763154,1014.969864925799,11.71974121441857,0.9945296191243355,0.20960152762714285
14.841539696889079,0.6983755205990893,1051.2644021170136,10.73421945464189,0.9938537830311828,0.20568627724559657
14.86276397355679,0.7679303503936018,1024.2531805204399,9.001038198006036,0.9500048506893949,0.20510895943482296
14.597959395809195,0.7896591380018917,1040.1438601792609,6.7203028536133855,0.9616873312458846,0.20809341661656347
14.711893067925605,0.7556702197085458,1188.3763546307591,4.456400470455147,0.9666011923884937,0.19672500946655125
16.311829698318093,0.7415705426148336,990.8383728506852,13.621639706623899,0.9810453542843917,0.22406341353521078
15.233511940838788,0.6790138389923979,1289.947473729155,4.915414958960174,0.9671123484831655,0.18207294139265387
14.784517426073856,0.6901492877788127,1343.5871700929756,4.556258805173112,0.9659353598620464,0.1960333478737952
15.220214690803111,0.7070738663389183,1307.137727376546,4.836608571582532,0.9649538137490006,0.19482437117914508
14.269157182727117,0.7298216267909332,1029.8476032072351,4.5226531422301814,0.9659652987579641,0.1934244161293852
15.67317846576179,0.6513829904047599,1214.2206876996613,10.70999337713072,0.966772666207865,0.19128119745712824
15.533949731599495,0.6549734247615366,1231.7588255693595,11.916073814336682,0.9657287095692342,0.18485875676867417
16.399671751043915,0.8178757014123933,1100.6101329826754,3.924151666680186,0.9761577181278526,0.24358127496795773
13.005459109049944,0.6247636248750775,1038.2993228071896,43.138831438230035,0.9843265423022083,0.1657166635922632
13.014155786336666,0.6277422102465097,975.9700289778194,40.062597494644905,0.9714834837023544,0.15946125840652078
15.01121013158275,0.6196924441514317,1003.0919022168437,37.482206117364825,0.9837050954119615,0.18243549851782098
13.390847941800267,0.6728055253539104,901.9083288950849,38.161280616915384,0.9876685368629178,0.1781828817974675
15.680962304530976,0.7006765825264459,1214.538785498648,19.860950406776933,0.9763360017358135,0.2124824931504898
15.344358719553178,0.7603449649786587,1128.1090972061454,4.693105608443893,0.963211444226,0.2057718380675725
15.626904259408862,0.7535642302834827,1232.404628955745,5.526699117175053,0.9601560175510596,0.2085942696369126
14.71761387428757,0.723605073653508,1196.2707520532356,9.23928913701909,0.9823741401308823,0.20331240072234927
14.948675009976295,0.6666633809799012,1239.2782010214323,5.988108208863455,0.9897286811304924,0.19377708769131188
16.121445363230333,0.6740578893376876,1254.7306184534675,7.230028927248664,0.9904039493617041,0.20080927850159744
14.666693983314657,0.7265562596595526,1117.5838861110342,18.47013361905143,0.9930569942384723,0.21029669089256614
16.38459473171964,0.7295940345928028,1158.6170449039062,12.59906797245358,0.9707245876144514,0.21638441587028837
14.854206854067012,0.8129012485539844,1010.0349229351541,9.596593507388278,0.9805122955922801,0.22035604569055076
14.833562866032466,0.7109359457680648,1142.3850601096412,9.995323729193894,0.9918115358172892,0.1958791196484968
17.15026971725385,0.76643532406981,1116.1161863703464,4.84650701991825,0.9661922658387045,0.21789603074153624
17.104544882593423,0.7508859544095833,1135.4103191985746,4.595765156584765,0.9708335000719103,0.23202731571333662
14.553579317420756,0.7448158179377498,1083.8377602604135,19.43397082443213,0.9848119900843888,0.20693780977703155
16.600587018697937,0.7345412644456679,1197.3724712170213,14.898870532736884,0.9934548364301096,0.23548159543856428
15.861178022161335,0.6643451568533981,1227.1120019912978,5.258732117870002,0.9828254909542312,0.18746706597454735
15.062405452988123,0.7772598836755907,994.3581645646536,8.758798224232354,0.9723971949909507,0.21616626567105202
15.20525615059388,0.7804369316332491,976.904066861177,9.05282586693339,0.9659331778929209,0.2026816451675785
14.880001636066776,0.7847123646472162,973.3114064763646,8.785070411425385,0.9685946959972199,0.21360199137297192
15.779864537414802,0.6732888946038165,1105.999419399615,7.173469341796439,0.9782391100480546,0.18842128254275614
16.342729278974407,0.8277440352669025,1205.9574195923014,7.516221776710286,0.9715160165403324,0.24619091403546173
17.280882173917004,0.8273912449967038,1246.9460627523656,6.640017029549145,0.9714522045207346,0.2543079940583386
16.770943635969683,0.7182289704152265,1274.5037971965858,8.989247634128562,0.9756696607306805,0.21648487304913264
17.059020974479463,0.7078868548898953,1066.478631210877,7.82240521803642,0.9795777718010287,0.21755174262007
16.575955313646965,0.7152611038242906,1114.814912359266,7.347315301910415,0.9601232231455874,0.1964252775020551
16.60997990969551,0.7488027692577329,970.0534582142524,8.147006511582093,0.9760707431806185,0.2073036961584316
15.751342951319602,0.7465493693766966,1013.1208090623867,11.84197925137401,0.9620412775918246,0.21340727025989364
14.962552168450012,0.7644547867997429,1048.253435687872,5.785110686325657,0.9814065198706371,0.22459107072287088
16.992508224225805,0.6665452120644721,1183.1178334801562,9.999825483813673,0.9831335318685294,0.2114472343398446
15.52377037375931,0.8362470762564418,1128.5380526749084,9.216323991036928,0.9795048002287934,0.24325944498350857
16.91420047386005,0.7520711373335248,1214.0811156645923,6.053195054889183,0.9630222348354194,0.2262396701514264
14.695539207700989,0.7031413639348916,1041.2083949311043,8.043977869340583,0.9897218194648874,0.19998384908571526
14.265861041472442,0.6857598500301562,1057.089102043904,13.051614893060824,0.9676890124772167,0.1741815787330593
13.417806939623937,0.6818007377441283,1083.5629504806632,9.813560063558773,0.9832183264339963,0.17142769778067551
16.740064522630963,0.7375799266122366,1125.6769977632018,10.808521639156085,0.9879707967951745,0.22933806648878535
15.406719872134076,0.7381648695417331,1155.6372915430165,4.216195738351501,0.9604781436676151,0.20004583477158408
16.53974498110301,0.7130284639966121,1191.3118990033643,19.195818646167254,0.9797261461222119,0.21305537859503731
17.2609831160069,0.7064018115756994,1188.6248651220878,26.853850669815554,0.9830260117929777,0.23134807291895546
14.983384897963663,0.7934667183211387,1110.5279948412629,3.7593626457544222,0.983251170204072,0.2243697910077614
16.828468485097442,0.8497372416727108,1188.572000596597,10.635138813912212,0.9515382057099727,0.25357783250481664
17.237177199662955,0.8431693423223078,1126.844240383299,6.492223519540661,0.9695454759107012,0.2501394842947428
17.001040979706755,0.7209352092599867,1252.1424795734538,9.11680530242239,0.9736734947518418,0.22709833167316903
14.703590004717459,0.7726293382513981,1125.4075975461335,6.68109648241531,0.9797702573725496,0.22303936931715285
16.275273041580046,0.7880688790914039,1409.7003841311107,7.9321212055850125,0.9717866267305516,0.23699930323396076
15.250520824206387,0.7744022329252476,1394.4987664901896,6.341696153333301,0.9816969948290499,0.23288184900557873
15.819984467726686,0.6985505246125974,1472.9991493652788,9.256181403704005,0.983013633737239,0.2099518687605699
15.014962775579622,0.7140728458584924,1481.0736475435012,10.24604993304692,0.9919629807629409,0.2230637687864861
16.48468846641606,0.7520014181983905,1146.130802353973,12.44043920555565,0.9852369510381054,0.23614458629015267
15.39360376566506,0.7174826838957421,1287.6772306537378,6.621507562508888,0.9820942384120126,0.20719607616634866
15.711673875289481,0.7137615915567662,1278.3961161466905,10.686714438840015,0.9722382459403509,0.20911076211247762
17.665831945999443,0.7728436724311452,1161.0570157499558,4.355699798400257,0.9693932625404097,0.24097649559344422
14.625724841802128,0.7107990431853427,1163.9035944477419,14.09047737646865,0.9756449865328287,0.21155651031939188
14.855439650412007,0.735454809525801,1285.3883470558073,21.319849577085726,0.9781144941881661,0.20515329919796427
14.494062302761757,0.7316701668226346,1199.7223251883802,19.367826059847058,0.9765609368752449,0.22605112839350347
16.53932423766667,0.7322894106173954,995.0152993324922,15.99583827987529,0.9806817584368577,0.20708805671565592
16.354081315404144,0.7124897918569928,959.5464590621276,17.702549539792845,0.9750195542837501,0.21060168512141328
15.300512728782452,0.7054230461226658,1266.0928068068183,16.517507253345222,0.9858406302021021,0.20879354235020142
14.887974145311206,0.7661056929183097,1262.2981370571565,13.165847992743283,0.9956444161121764,0.22236509186201586
14.988701535446992,0.7685443607066405,1225.515367454938,12.295020678872175,0.9958500114613829,0.21857956441636073
15.548971877774013,0.7764394825790539,1250.9032325840524,9.234008262167212,0.990568867774754,0.222224495041713
15.358728224738616,0.6610664341567147,1232.826070743291,32.67823125806783,0.9874907522408641,0.18564412860179408
16.437148051603693,0.7675751992113815,1096.854292334409,32.581932386700835,0.9977721716641641,0.22838239040750066
14.760812842191761,0.787344174293728,1094.7628891726533,21.44384117419593,0.9885672770516197,0.24228822628878735
16.004760458844444,0.694385256466749,1183.1472815960817,16.53831828429977,0.9795139900500327,0.21774018147760424
16.235410991369385,0.7559740174552102,1200.6623145316653,4.361243943745404,0.9831648501764657,0.21322684816077464
15.733700907484693,0.8706220847041573,1094.8067474649401,20.413509223678634,0.9733254892127837,0.25480415018914354
18.630432818428748,0.7381885886514832,1120.3214655318918,7.975404807924778,0.9758756383439062,0.24251201096888408
18.23284559523326,0.7872267458649784,1311.145048777253,7.204915931537825,0.962259098746036,0.23778951134080553
17.14286673569909,0.7339630391040242,1345.8250595624297,8.586020828828119,0.9814943768682599,0.24512585758012365
17.13860447626852,0.7682664492202268,1188.1639124718008,5.588004802273141,0.965775116570998,0.23898426064675599
17.660648104178552,0.7617343595972802,1139.8815682560646,10.307330066332234,0.9797278830094895,0.2386391756179323
17.9741242780935,0.706522781378281,1415.7486809574045,6.4414504475848124,0.9774016957017164,0.22672604493884452
15.82249026494961,0.788655676633512,1079.6490802636743,5.5003604200132745,0.9690663576593682,0.23382346701806203
16.48195446629394,0.7657691812822192,1107.0631718428313,10.564275382442036,0.9723111991552233,0.23395164725032708
15.500389744331862,0.7510359151665374,1168.4936789644596,5.87926172971895,0.9775657909679535,0.22209799268257707
15.718783406049267,0.7776821442810314,1192.541587599091,5.624915800799883,0.977098543764752,0.22508531821581373
15.879555045838977,0.7356485584254071,1067.3703362261124,8.62752767373994,0.9694797951986251,0.2099547178638388
15.43240682230616,0.7651535903308945,1005.7366719053334,10.130246298443378,0.9754648251854259,0.21259676000156028
15.507831777757897,0.7741734289762482,1212.1586665843956,4.291925512878408,0.9665790846003952,0.21702653850985346
15.299237415399118,0.6673552697564433,998.3504716949001,10.360759556082593,0.9816547841129131,0.18240888046004433
14.419533054488763,0.7550916824308322,904.9887560722877,5.521056842556956,0.9580072624386973,0.18733046495033887
15.91684444387386,0.7270901161657567,1308.3386959642487,11.238220612125494,0.9853879872452,0.22546071140078366
15.164324487467292,0.727978045497056,957.0728296596257,9.251545807401193,0.9837927516760091,0.2107771982250172
15.942824038354784,0.7201712472590746,1016.8494369957674,8.409946455050498,0.9851836109172138,0.2199840622128692
14.850089359575808,0.8499044137297511,1287.625596610713,7.757651603617174,0.9793666848251236,0.24995259001353756
15.506517206160588,0.7613268943729306,1116.6427460656905,8.331308929799878,0.9812254742791607,0.22813220508312826
16.349583537287288,0.7440553450459572,1010.3076839582985,8.93428247639152,0.9784149681944844,0.22246377904223574
16.61203001899641,0.732702155379163,1060.1413058224375,8.006369111858067,0.9809070778599553,0.2287977046982021
17.348793149737233,0.6886386022346215,1229.2984260483122,6.81184777355991,0.9658185844224304,0.21634699837236515
17.150877656699603,0.7169778805120685,1266.4365561359996,8.681360000884712,0.9673768685690429,0.2141231901394033
16.26315995041808,0.7254154797334629,1215.398657744383,3.631114169650845,0.9650766024011928,0.20999609156985846
17.730317578948377,0.7726564986830464,1223.739483844342,14.963547605248309,0.9790923328617659,0.24793584884490488
14.13755482203254,0.743227038413677,1185.2497108519917,6.471100583798467,0.9961620709032413,0.21351075326230798
15.30354748411219,0.7088019493483363,954.5727512981139,23.06047035915509,0.9978356197042627,0.19748225056647084
16.84155814864697,0.7997191467732453,1479.3823302917958,28.015287764055664,0.9938270535892898,0.25900537915190047
14.7762379828578,0.6683551713457886,950.5577555128943,8.561329027972516,0.9966599910119684,0.18687759796670464
15.89110060812439,0.6590566167566236,1042.7790296518378,11.451300974926287,0.996064269688366,0.18778278617961744
14.914890780518993,0.707392728535287,1186.036874412444,8.278310685851153,0.9855571081968124,0.203133507557902
13.370986981229988,0.6949440977003907,839.9845536043684,7.36522716755084,0.9808845098049079,0.16378136822635814
14.283607899109713,0.7210463005332101,1153.2982214387685,11.588124391167158,0.9838269745515104,0.20189139344395518
16.16038286118925,0.6739205285645845,1305.9381465049673,7.857046599745563,0.9806593203577316,0.20235315352113772
17.18229572836897,0.7805327109012471,1071.7156225773892,7.081757069141257,0.9638015977384953,0.23162510693751698
15.23230534968514,0.6907523081633276,1198.0284807968978,8.407543453219402,0.9804175949266529,0.1937106697412111
15.23230534968514,0.6907523081633276,1198.0284807968978,8.407543453219402,0.9804175949266529,0.1937106697412111
15.294573493376706,0.737677574293769,1223.0587165473426,6.547989240589815,0.9875401628394117,0.22165833472452628
15.978487386045824,0.7117213515628822,1081.8623733072893,12.044437390695656,0.9802405145666468,0.20024860672819383
15.157788505977729,0.7486391103569208,975.6743933429761,12.889857838759308,0.9856553627822066,0.20708445577124737
14.239391265437712,0.7961991008147096,1090.5921061758918,10.340191336932648,0.984690229858888,0.21355551937547435
16.087688072702225,0.7272583707120491,1092.0116580584618,5.809162165862584,0.9627563590651996,0.21285156325656857
15.324136982521699,0.7848629428039812,1058.4294791072139,8.906892540159348,0.9756588566486053,0.21662600030351606
17.54703884251247,0.7051406291977529,1360.2582436114733,6.846252186136806,0.9739743018919836,0.21511026539290634
15.286595876886091,0.7192359845502498,865.8835195740479,7.324929909598113,0.9652939777983592,0.18781061226612322
14.490747875318084,0.7289032054367585,1354.7625806945139,10.006552652420272,0.987989450570977,0.21911082026970813
14.84932354012661,0.7117432109232078,1343.7488299281354,10.95518368933684,0.9895290549934227,0.2200116934468139
14.600944789537653,0.7208184292495384,1279.7475227586237,9.120805052289057,0.9901204780474137,0.22119979963543865
17.378496402809507,0.7253873542082128,1006.6637501238765,5.223795234314878,0.9625985889741393,0.19863890656507485
14.137030790372632,0.7228807211998027,1108.454212733113,11.32250793654025,0.9818445202822847,0.19922146207769478
15.015691214007813,0.7003823128228058,1067.7851576010644,10.76764863129823,0.9817814271646117,0.1997602516151712
16.487639833135074,0.6896426228125491,1081.2374686045218,10.785192556281883,0.9815809637466804,0.20282369444930884
15.511473039807955,0.7562383469088764,1108.6461433056033,8.607069812110115,0.9697076093138342,0.2169601674372502
15.82857905741857,0.7551306862031549,1250.605711151967,13.797221884823871,0.9874662360663246,0.2277003269183171
16.66554341356475,0.6998748522950856,1037.3414290169048,7.816471325554279,0.9838865672431355,0.20727019516570547
16.914374552517128,0.6973824923516686,1073.9822687929513,7.478176249160127,0.9819438373517106,0.20995909539781385
15.537011994573236,0.785543233977926,1073.5295221118517,6.1058758139309965,0.961539388138079,0.22719434319385276
15.0447574813072,0.6984014720660018,1240.8430064079862,11.05532429860366,0.985107082174317,0.19430436902737783
13.979073069267766,0.7730821326949362,1173.8733736323074,11.602413550937701,0.9880802772266842,0.2036203970996591
13.572810506210066,0.7054639443236121,1111.4321592800015,10.45147914812338,0.9921192439847996,0.20438496897050326
17.39003157915934,0.7838996381045217,1308.9942775117845,8.596271513378788,0.9883620274474588,0.24102222350421312
17.179496494319306,0.7444461347974309,1449.2765075779005,3.499168759588118,0.978301331021328,0.23747193123762333
16.60197824495913,0.7720697350848135,1327.7487696622768,6.272217276094356,0.9650035198594185,0.2406483982891656
16.65491817191986,0.7389720917769005,1361.969500284048,8.637670701099324,0.9763207721569274,0.23877433391632585
16.291417267212555,0.7253047776989627,1344.305691389948,7.8711970651902,0.9695310925206096,0.22205475577439607
17.06659808948999,0.7386807430824169,1216.044837620306,7.3836321063109995,0.9715338225469163,0.22882249448135114
16.79601043787604,0.7753588855502003,1135.1226813755843,8.500775548202517,0.9766715093186052,0.2316395061337179
16.53877713320053,0.783777431270092,1167.473691393231,9.353948906571274,0.9774912832512467,0.22871413284853662
16.341613533582823,0.7321534164743362,1034.8447303642188,13.118575917633793,0.985783854946359,0.20762907481979934
16.11958680916922,0.7889586644478483,1319.2258865272988,8.342995172975213,0.9639528791669444,0.22534924411595966
17.564644856979566,0.830452913912183,1112.6260187770677,7.779647854881215,0.9744837549013217,0.2504183634191531
17.896226907463447,0.7684421366613192,1363.865119178768,7.3286677767467525,0.9736855876230395,0.23867205854209558
17.116161192464517,0.8698844583985926,1290.893609835928,6.200316606518165,0.9659697601674601,0.26319838249971766
17.210782705776676,0.9004047981233076,1079.0581559359944,8.082784317010304,0.9620846048321982,0.2603824721080995
17.613839162588334,0.7565638881294297,1227.619525975271,4.492569463910491,0.9691933395181841,0.229266162340778
14.703351198253962,0.7965448114836615,1037.6050002690693,11.634039300766327,0.9725966923770791,0.22389938130764095
14.917859348720192,0.6823712731454218,1135.080848528394,7.542989219148455,0.9928437276950769,0.19935306963449526
14.969249576194951,0.7030802859794375,983.8553606245249,11.125805167679701,0.9860929431978165,0.20711847922727966
15.439660460225117,0.6942974751277224,1462.0671678273807,11.976793074513449,0.9826146925494499,0.21852087427596617
17.9388078427246,0.7125178597259022,1221.9851788774938,6.171492382992203,0.9797917041635761,0.2226637206232223
15.672228941055259,0.6600998023821337,1234.8090203499498,11.587131055731772,0.9803610111966795,0.194430109163348
16.984940025777483,0.8142697231680973,979.3295721728638,11.300648633758659,0.9681762210096712,0.24427411190660916
15.362766644748065,0.6723320122078162,1335.7246043492855,4.647851917973166,0.974558355365178,0.18715516705361587
15.838066964823069,0.7392443024088111,1417.2376645626177,10.266648951456707,0.9691972965280935,0.21766692783871405
16.470936861792925,0.7528371869233252,1056.9740015645466,10.628013587097831,0.97296885012439,0.22216351844941032
15.599193370318954,0.7597188525041637,1339.254034966499,7.186901877010893,0.9883123079864022,0.23122449008671905
16.737512443488583,0.721024816355566,1170.6646053802917,7.712475130868679,0.9546089033671534,0.20766635513581214
16.28588425480172,0.7415638770634793,1088.5351815486804,5.6240097089983045,0.9725969077513338,0.212455111025292
14.966356757324293,0.7398906468938773,1055.092633297847,7.5266357377754,0.9706507288511765,0.2073917586654009
15.06949354001586,0.7259912129268073,940.9827972494386,5.265983060218332,0.9511238278632075,0.1739095072669479
14.997310763493438,0.7063169905821689,1244.6688971480555,17.90788885828395,0.9938536787937318,0.21024100645887886
15.25558086946349,0.7499075702211674,1150.5938408369602,11.730173918949012,0.9878330744780471,0.2224799665276183
17.974266718611005,0.6752396751893004,1235.202299346977,8.303733354922512,0.9631644388267384,0.2062000103773937
18.54478670295596,0.6610152844492249,1113.8561732263145,6.4451747739048,0.9621800030654662,0.20228496856776615
15.51367814070617,0.7992523220559702,1268.5559153381726,8.039149175894886,0.9796358068849158,0.24242538214815046
15.777716906439245,0.7521082875158052,1051.8726041535524,6.535508208973215,0.9670963868513867,0.22080381084489403
15.702202378333237,0.7460511169287015,1100.8851896641659,10.007933017056402,0.985333170789097,0.22506739286512745
15.766672431989011,0.7365152185392674,1148.8746472135397,9.415010042204315,0.9835873877389004,0.21836752526210504
17.215781373793344,0.749271878155304,1203.5646049944585,5.259185034744813,0.9648939653522002,0.2172829552747775
14.671051640634504,0.7050612338442577,1117.5920311015389,6.982977448204963,0.977019982518878,0.20137778679050758
16.499894987512473,0.6895468399949556,1228.958099037976,5.887336510243546,0.9794388704014312,0.19588714305428326
16.245087725522104,0.730786904912863,1192.9860309076735,13.24703604360373,0.979838092153553,0.20340751941648424
15.506387309514329,0.7797766213171134,1240.3588013356357,6.462412647984228,0.9748022478653849,0.2157681891014246
17.14088988301367,0.6735394128070665,1090.3833402473035,7.358522403210487,0.9771341514480851,0.18951130424118917
17.232790186587103,0.8068506449871845,1266.9112924379006,6.718358850391504,0.9730574801131313,0.251075661994614
16.146349765033353,0.6686452146238252,1178.4463881274467,6.937502163919204,0.976211032488861,0.19314127489923577
15.883948843685355,0.7122924869873711,1248.3007766820842,10.124791869717205,0.9822942455769222,0.21132205190528983
14.895161518964075,0.7263524096154557,1122.0753389276056,8.045402305017815,0.9693812633969752,0.20455936917258136
15.43935541601823,0.7133556395307047,1076.9109556388985,10.619561886295571,0.9783441928522848,0.20231713847765953
15.471683787200995,0.7281449169068847,1160.7268790140456,6.54253392579479,0.9646187294872438,0.20431054227485831
15.731028290020518,0.6906486232171581,1341.777655589953,6.610718676999599,0.968360423374916,0.20990207014014436
16.09576780343499,0.7445989846207227,1152.5973282596567,5.652826693624743,0.9634521313902275,0.20002378484725725
15.810870060477795,0.7069712637872183,1011.2071508182541,9.878420615569288,0.9779055808154328,0.2141422054166979
15.636040507896734,0.7099072377659971,1285.6737669048057,6.575696291998529,0.9736974348933127,0.22051888030661337
17.902445640888892,0.7617496360486602,1238.212799664249,4.648816507746056,0.9566106875843123,0.22863786935289857
16.4207269240542,0.7650452258515894,1243.5592920284696,8.828710215967662,0.9794576374171835,0.23857602512867052
17.301054849535397,0.7140743964086835,1285.6789063087517,6.273191566171114,0.9678637225587952,0.22395899589512305
15.871578332107239,0.7202353184710214,1319.613120849237,9.171969087395867,0.9742808660652568,0.22297339453468829
18.400023756928196,0.6661852794759352,1243.864919492474,9.123865712827696,0.967717230238715,0.2109840222760199
15.503943135952637,0.8044985193649706,1067.2403929700097,6.316552271541147,0.9753985794857069,0.21475708643221406
15.029912778184363,0.7332549737766548,1063.9572359930185,9.26175835250288,0.9723752036381567,0.21652896649204473
15.967604957080782,0.7686433259640576,1008.4525853021584,6.703615133971039,0.9722618428415398,0.20356746786618624
17.935254405790435,0.7879731355618779,1401.443537876115,7.180297438679728,0.9688294620779314,0.2700719524006329
17.945053165972247,0.7941332821594022,1328.4171584771113,8.209224626057043,0.9739613753290381,0.24746839467612516
17.36461505997207,0.8206951905618256,1271.093461252326,3.673977188912942,0.966077553342357,0.24009911267792547
16.021393536362076,0.673606985819875,1119.608249711924,17.279676872115274,0.9793689855917493,0.20469540373801226
16.17014994990567,0.67992353527626,1007.5937527806096,7.821680907245068,0.9717695739815793,0.18806632878359317
14.90906933271065,0.6720202670960791,1018.8109013458194,13.026284017780158,0.9695103114497196,0.19004055090718466
12.887127137051152,0.7080215547293713,1133.2180063122648,13.752037796444775,0.9885140613667197,0.17563846807500827
13.780111932722116,0.6948542828297772,1075.1588771272432,12.115615636443668,0.9760792775183974,0.17064469890252879
12.770443740425197,0.6927861579218166,1010.1406971046425,8.180356992977007,0.9780284366717865,0.17196112868878954
18.323552613111914,0.7357152065142815,1321.0363734733323,9.861398685102188,0.9664276980719091,0.2328845702925925
18.78297885395219,0.7192489814093174,1241.394109392734,9.343962288295726,0.9765911047860989,0.23603483584450868
17.34362690338822,0.7637893435089236,1163.6150595909548,9.987661975363308,0.973006425230978,0.23589028646881124
17.34362690338822,0.7637893435089236,1163.6150595909548,9.987661975363308,0.973006425230978,0.23589028646881124
16.556830408856243,0.8348205691134726,1294.1900033830502,4.782550502358876,0.9713108197793971,0.2442130921193278
20.50507054757778,0.7746262878861367,1350.24728836144,4.997475545818479,0.9513671660574845,0.24169996483089112
18.090024666146817,0.7775688980315257,1215.985213753114,6.573184613076275,0.9705441331217465,0.2515557550753563
18.545389892110894,0.7635415111547263,1332.0290417198974,8.902860012829132,0.9571917666615614,0.2508008793295653
14.849320056807358,0.7709588641789638,1155.6932875307957,9.968177954217397,0.9708088603332183,0.22654933612843264
14.784624975141979,0.7550405591828487,1007.1087334502644,8.66955134979385,0.9730258572404753,0.2115958531913521
14.488111041938257,0.7554421832841455,1016.8738456587143,12.36937536428226,0.9768726800597073,0.20076176816117416
16.441739604367324,0.7227133357050356,1223.0335774999037,5.8782347579773795,0.9698793863244394,0.20700343325798795
16.05465078761138,0.7142356714326907,1161.3284918200256,4.5365506153524935,0.9694072519057123,0.2023992834944047
15.953462198391586,0.7377781509920848,1111.0549328462773,11.746984073234687,0.9798472621928089,0.21821892829974215
17.688385535439686,0.7337371966785398,1406.4739296238752,5.2455516220278176,0.9760955366104729,0.23902533223900133
15.787194334761098,0.7959121806656905,1224.5372860812126,11.140916684289198,0.9753902878518163,0.23508485106072743
18.062748994092164,0.7617988780262938,1207.6140873483039,4.440294554741275,0.9631777560451293,0.2320122376678702
18.079129550440875,0.7608646346342233,1112.9330193852666,5.155550491079854,0.9638655479567817,0.22567418684256843
15.284876316793031,0.793586399727818,1395.381228820882,6.883989460109315,0.9718970774822118,0.23120381242908705
17.860130590275993,0.7002946110997176,1069.0101607973022,13.091635274328645,0.9733205155050596,0.210093594719037
16.931025567749582,0.709103456529314,1057.9523060086299,9.321505303280262,0.9809496111799293,0.196874079596059
18.07540765272869,0.6889257552154411,1533.5241034678181,6.459249069120646,0.9606332458484477,0.2077012750554496
15.384634742642879,0.784840537225759,1197.896486728103,7.213278899941649,0.9761137159623504,0.2293584785538323
15.597172221770327,0.7658775062318245,1171.6581487462795,7.9656955926925646,0.9774575976630236,0.22131546656640755
15.660965344632105,0.7333834338763413,1107.2483961788532,12.675052713327633,0.9861197261678043,0.22075649751536858
15.255390035730576,0.7570152674451472,1110.784881395519,9.29278053942066,0.9847287422029403,0.2171875366518061
16.682975983555675,0.7732624854138437,1172.6475327215644,6.8540796608388925,0.9609537761722817,0.2243445122482863
16.282656559801943,0.744271124182662,1108.0203994462995,8.518701695262228,0.9657388524472745,0.2250525428907639
16.83655183382539,0.7465033075684234,1178.0184749797659,12.242527135559975,0.9725395789819149,0.23679033134576521
15.851396764680905,0.676779206183015,1042.5958362051078,8.84526050784166,0.9678296729266826,0.20310602063542288
16.290576341465066,0.757043711140757,1278.6032390571477,9.894700049536063,0.9814397572781617,0.2499204052938927
16.834494464726614,0.7505255669766994,1096.2423564329429,5.111910497784625,0.9649705572783969,0.22973747411601358
15.845981681254427,0.7344283989306042,1026.0094745558047,9.871380931587069,0.9762931298440628,0.20544322836905665
15.79937856786046,0.7118701223633073,1194.6372939486446,5.901196112997263,0.9686805318453501,0.20757569695291947
15.79937856786046,0.7118701223633073,1194.6372939486446,5.901196112997263,0.9686805318453501,0.20757569695291947
18.24514536650543,0.7836974911680543,1211.4901739589204,6.008514747658269,0.9784788900119487,0.25286267645253085
17.971702403062956,0.7765902236455376,1120.8550518304419,5.960621082559644,0.9757955891949621,0.24503841200557686
13.972459278109858,0.7650713066788568,1109.7619292042764,11.079934147661678,0.978566057670712,0.21098017315606818
13.464403201483783,0.7536805266377743,1149.6920282294363,11.426233363309002,0.9814977879659177,0.20204044792436093
17.640373123705775,0.7383505656356413,990.8067773888324,5.6435333085983475,0.9656206210176512,0.21556884112567654
17.118855111287026,0.7127151401499506,973.4442030426476,8.626907097874524,0.9705302706300041,0.2150455721187866
15.603127066809801,0.673722466957418,1396.608031020835,6.674216643966126,0.9728544534630814,0.1962176848766425
15.473098785528945,0.6746382835573284,1369.138899280202,4.276483447166333,0.975805311924926,0.19204086003082577
15.269519213099235,0.7603818532911196,1390.627765445716,7.675292907248567,0.9737408409464436,0.22284666370403408
17.33015048284892,0.7498677558477856,1169.1807092581435,9.011996865766555,0.9833349882067366,0.2334138448112883
16.0970418693475,0.7817229945828965,1081.7628016808228,9.162010372716834,0.9707870108251524,0.2248250076427374
15.561978919094273,0.8313373082642775,1108.520704375116,5.240574078045884,0.9713042943118881,0.24051573900934786
16.67624846202443,0.7743016389638917,1148.9052890912342,7.634400844166938,0.9700339344041484,0.23549501575879703
15.398007968017245,0.6884635845722575,1099.8744114763688,7.6684991728710274,0.9774116797106513,0.19147162449450258
16.26308777634223,0.6795604586668132,1137.7702174883584,8.965016731493293,0.9680330578576184,0.19807928147690382
14.733882148964298,0.7014562485367152,1198.0910135414053,7.003590084699525,0.9796944786318216,0.19006561532794466
14.351195447094726,0.7090932610034147,1180.1368195083223,6.2054638824453106,0.9738770095233483,0.1884082091601924
16.864482040589756,0.7532132787613824,1078.709873022042,10.334407315856534,0.981837646230636,0.23586598416487062
16.220484259761154,0.7467686674862342,1095.6795761754759,13.25787868412117,0.9798998772851312,0.22128367704323817
15.615059915401803,0.7438389079150449,1147.9375287178448,4.21350539476072,0.9766378596631801,0.21061375312649325
15.874955478180587,0.6995193167437359,1280.6512249645193,9.094115717653121,0.9620170784554577,0.1945909820460701
15.919168978196684,0.7033427734964292,1174.8305428773983,6.7426461872976,0.9653378978933349,0.1982514988616906
15.192357883472292,0.7397749599070536,1049.4793739643344,7.771382242157097,0.9879679867165653,0.21705483472807577
15.032653801749149,0.805531762244661,1081.5602276609259,8.338772759886458,0.9818110468706402,0.23901117863978222
16.184894104087412,0.7167048818487085,1099.1031270320084,6.955791185657617,0.9818344599966699,0.21212709055801032
17.18072750252797,0.7740974360597436,1375.2176240140489,14.198737763008943,0.9641987325742021,0.2416976151615736
16.90030449888768,0.7483596543091378,1147.594719629485,5.244769851825335,0.9865999721416604,0.22776852555563026
17.468548168387677,0.7515439950294287,1123.6138465674762,7.712764961599387,0.9562408257825408,0.2234283547508093
19.77043281130376,0.7403125615938794,1272.996576139762,7.239850878209102,0.9784686103398605,0.2494231743354634
20.24549247411176,0.7394797809721794,1286.2904017518488,8.481832014075056,0.9818353198183929,0.2565197188183568
13.199307826537215,0.7091271618112405,1069.3888485577847,6.508768122599622,0.9716525637247622,0.1743225891511081
14.328085842400805,0.6888362884928243,1067.3593636127168,7.6747134897805855,0.9832863212176601,0.1845723100857675
16.677882934620666,0.7284402878178204,1123.9148114923985,6.541655737553616,0.9717299194609212,0.2189997231494225
13.758337992434514,0.6881371097578171,1088.5841112440582,11.083381079561478,0.9744588809425315,0.17554265767788618
17.29341245071446,0.7130125246690044,1099.6481206465146,5.5512684380592034,0.9799148839529896,0.217840058906175
16.225299989017845,0.7087706952067487,1073.2372615605152,8.444493453200247,0.9819673243777519,0.20921761344593715
15.508235469617443,0.6616654811302923,1181.663283917968,8.1475294040985,0.9835259608212102,0.1835186767218411
16.30261112891808,0.8465533417370835,1022.8379893192948,7.456123457194911,0.967585702596832,0.2451755618491962
16.30781759274587,0.7768645523809097,1305.30991797304,5.689575010437631,0.9635823114584388,0.2251889142459312
15.94133462568154,0.7436372929960142,1374.1163167017987,6.055582567643495,0.9531102042355889,0.21678195338497785
17.51181414017071,0.7976430411374817,1072.5645672508263,9.624306667914672,0.9847898422192166,0.2533768917012642
17.8776668415707,0.7306567918510001,1476.7405124305737,7.878709584192436,0.9580026979759267,0.23038024299919935
18.65746453458808,0.7648679489944272,1230.3060654734281,7.6275792352266,0.9827412117898892,0.25180110946402856
13.812238875303718,0.697242845977112,1076.0860317692038,10.600816905562134,0.975062552020459,0.18043526850685263
13.934276809898684,0.6997791333557725,1090.619219301969,9.444046042434387,0.9717150309229351,0.18133026477748324
14.831649766250752,0.7026157276755581,1044.639810423984,8.924153809567379,0.9733938377637381,0.19952799115433384
17.606505109226067,0.7706266277170232,1218.9526038678493,9.620296769681582,0.9778865486791936,0.23405618200599398
17.725705958879633,0.8187886411684776,1142.6539759733187,8.106863013087544,0.9689991417380367,0.24268553830749923
17.69190358772923,0.7521223212382916,1223.3416934177526,5.341512907953539,0.9737953267606029,0.22719658760435427
15.058930035112487,0.7833203906944252,1053.705199236122,8.282969220947656,0.9677788216671676,0.22714752149746648
17.178201508317393,0.752638101283033,1156.8316985516049,9.06949443046196,0.977853923153623,0.22326889271254305
16.425808125586112,0.753533948058409,1290.8985500872236,6.948904148692282,0.9653344035188811,0.2332602835506551
15.837345536641061,0.6841631895072474,1266.2664045898714,6.89945821548133,0.9771152172856742,0.20779857648832814
14.977595127508529,0.6965773034070852,1035.363623081041,10.638908255392487,0.975960537006049,0.19037188591955703
14.992096450796895,0.7089181548596044,945.6669382883135,12.094041374634491,0.9858166588496422,0.1939578736910222
14.35917204499511,0.7152637476653924,1200.439842678779,5.988036747189583,0.9718062636801377,0.1949710628959196
17.146284531859326,0.6999835163070094,981.5677249532466,9.585462596250084,0.9761084660372139,0.2107960988110891
15.034415285483718,0.7141234446700991,1328.1811411111341,6.297796703784374,0.9725272411035116,0.20726874894787878
13.303145268486423,0.7156747394501376,1063.920105550813,7.668472507968556,0.9744295468418629,0.17774440944456435
16.388415559229337,0.7034910588489407,1120.2019858348965,5.30917839430795,0.9750689608487141,0.2034582283889422
16.23175741814925,0.7131039461359769,1306.8721407767869,7.081325115374282,0.9717942735928947,0.21520304421689335
16.05155054659001,0.7646609852385522,1006.6670403532303,5.095099354254062,0.9696252014071177,0.2149638601503885
16.422297058728976,0.7344164734282078,1295.9566736699971,9.23533344737289,0.9816263355227213,0.2212076030896079
18.065207325829405,0.71959421668941,1301.7669070170646,14.111379532264484,0.9773281866557961,0.2446409923595915
17.58263070405258,0.7318600004139338,1233.8057508891477,15.173600467823968,0.9758882434964764,0.23138782845753197
17.68984947627635,0.7220611968271018,1237.7427771794494,15.778890250919012,0.9727325695438139,0.23035230376498458
15.233008225379455,0.7978153243487607,1170.0979397387994,4.271163396001678,0.9787651814464052,0.2244753123294076
16.74556451797837,0.7874033034134124,1280.1683816584673,9.8321906027034,0.9620687009225151,0.2438647180695458
16.98390075363314,0.7500669713748516,1289.0656070344683,10.615479491009973,0.9733479510405896,0.22956860367914275
16.979919836507932,0.7568008396697797,1322.9942605286913,9.794959980609118,0.9692339422623597,0.24014073855137472
17.356712003422768,0.7812419390009333,1162.6257672649501,6.609649942852143,0.9777952859206444,0.24097275188304762
17.32705434188132,0.6854491139854046,1044.2144407475273,7.624388071915228,0.9736676084825513,0.21074191692063093
16.316928881483477,0.7651520976291917,1180.14489166593,6.269564799024012,0.9701764782488257,0.23431410766763391
15.896286834387958,0.7683730866186143,1032.3022845027888,5.709226248660483,0.9735503555594681,0.22614215654110656
16.26729522449787,0.7736726128411126,1032.516091557768,5.971565644676477,0.9745182308572766,0.2148820584283762
16.074644103818787,0.7317257989568725,1155.7067146863358,4.7106334709574345,0.968846463616796,0.21607666180580432
16.848715918905988,0.7449519298658035,1104.5038888302843,8.432742758706244,0.9657006225968809,0.22376198145215143
15.147499307878132,0.7285712707384344,1249.3162220630793,5.65037588665362,0.9681453432327188,0.20342696172855784
15.343911099005412,0.7271932908762805,1214.4287100710028,7.722027405666777,0.9808197871792291,0.2149232367354175
15.810014981067303,0.8085139612507577,1043.3201884224318,7.029524972621133,0.9806174506384701,0.23628868303459935
15.623190711197427,0.8026998923356624,991.616996339445,6.568336842065766,0.9813056851654458,0.23092244475910534
14.5303500610079,0.7331876967762379,1094.732365775453,8.218913053217369,0.9769399851070857,0.20152531268362714
17.156978039516233,0.7000813442740801,1191.0436961001624,6.154195526079152,0.970975166419769,0.20906218157490625
15.533156801963427,0.7964920852824494,1218.1466245442743,9.586237212501468,0.9749017660434864,0.23606271476435156
17.338584123925607,0.6846010544313437,1176.2673469795996,13.285805799425901,0.9785830322426982,0.21499485733729595
14.081594867533619,0.7334633261208898,1192.0939112022777,10.276368011704418,0.9888741058477096,0.2045197374842457
15.450328353632823,0.7180364581325016,1085.8867675783968,12.491908018014142,0.9944300238440609,0.2058604619778171
15.705304166790459,0.7445862277111032,1216.901531614661,9.378113515593453,0.979637446767134,0.2153887734453639
18.24319031207764,0.6840062699218042,1463.3470415276186,6.534563264267092,0.965344957958981,0.22343220157964194
16.381878029374963,0.7647942212826536,1066.3241013218517,7.170365847099082,0.9727747859160896,0.2262816287711191
16.238147832694487,0.7276469671224696,1259.5711763595266,6.93625755545363,0.9744619278900325,0.21395593171851612
15.747971768491256,0.703578294219643,1269.084952603088,9.07755215433383,0.9837576136058581,0.20883869000501315
15.691035010868307,0.7440594926011243,1442.734560954191,5.134965978897459,0.9603364630906654,0.21914944764678038
16.25913570468042,0.7263697445979264,1487.4768699873916,3.055336936965235,0.973085319389682,0.21418003758749887
16.41326515643087,0.7076636384369478,1404.4495650602578,6.150083728811748,0.9719768724787489,0.22117778400482022
16.509895702992537,0.7668796054054593,1012.6455756118592,9.903743650000198,0.9676248874945352,0.22960121557889973
16.4542682133122,0.7356468828647128,1199.9741979624391,9.38949784610439,0.9835644885410693,0.23181517689755818
17.994963165975207,0.6630930994950881,1174.6035063049326,4.503124085787694,0.9690855950778188,0.20396367715873484
14.890523059057326,0.7396882481025034,1150.403276270847,7.83143543662127,0.9647360430398858,0.19891302999246277
14.867202139988372,0.743516999140357,1069.2387390506094,4.629397450013319,0.97212571865923,0.20074298455497913
14.216087583912737,0.7276003689571701,1208.7336833442603,3.309041372079137,0.9758148683260687,0.19089128666957514
15.714825855450416,0.65875972663775,956.0789045730658,14.197683445040237,0.9839457167589463,0.19052766890290598
15.982281012110338,0.7808901808212153,1135.6487990096414,9.621039875364952,0.9843149401353025,0.2431518826994827
16.117179249894267,0.7502513319074188,1230.260368228861,5.789834900015419,0.9850801576522579,0.23665438685888718
17.259583982970177,0.8100169422522804,1277.5579835933265,12.05446206908151,0.963773375806307,0.24241017339189286
16.675867488210315,0.7602728298571226,1356.0215045278132,6.683755831666545,0.9806737982303801,0.23845156307871482
15.468079763156846,0.7172430759645404,1213.0226183833925,8.91130830981521,0.9840680996969468,0.213205863130943
15.770519103372338,0.694220605637661,1142.5669242265667,11.30536881743387,0.9838426560249126,0.20244125048946138
15.283496853542541,0.6490869901365753,1127.2673474408523,20.73447873458041,0.9673880402404581,0.1817180691015869
16.108373350853388,0.7239861395409124,1232.9247794714306,8.958514464968045,0.9964948334154801,0.22895655373437485
17.568717483706855,0.7700629204548117,1233.8714727448214,12.293377851140914,0.9951709945868185,0.245533411844761
16.548432644222444,0.762959836530802,1198.2393143099032,11.249098234605011,0.9965075747788185,0.25362543932305953
13.689973957188657,0.6568218859936831,1062.2966569430127,19.693076185141464,0.9953299946596644,0.16172917763804384
14.00832346551721,0.6802405814401339,1013.4614579851609,20.312403710735094,0.9974221623091505,0.18339994725745898
15.97103860067882,0.7338943230935729,1334.4418763300991,13.696564300647042,0.9985733977020251,0.2368756301046672
14.02592963986427,0.674815363184973,985.9823866074751,17.400232803374916,0.992518113440933,0.17949336983009764
16.761440185492365,0.7880896885796848,1248.0956671356953,8.63121710788604,0.981109595600922,0.24515222424780925
17.272510749031248,0.7982815384951252,1206.4965007563299,8.449182426431502,0.9703564757805365,0.24775670279297055
16.10107771988114,0.845025532823485,1017.7657307529583,5.351127952958733,0.9776716063813053,0.24787027863606895
15.056186195337423,0.8135202801718728,1097.0172499789528,7.310147576148665,0.9622005747503692,0.22204624420927935
15.428465014170829,0.7079836573882016,1068.427354975934,8.420941481268345,0.9833099756983851,0.20479665007949824
17.896109759666782,0.7600697097029103,1469.8745550865442,7.673981142468271,0.96759977040109,0.24880860920364953
17.303725037378936,0.7606151626409327,1576.6610690783448,16.00492221417379,0.984520402179298,0.2576012502026142
17.632002945674504,0.7716859134484241,1593.0106969756005,16.868520923341958,0.9847202207218232,0.2520418962191957
17.411804251202092,0.7468610430030654,1104.8368338344842,4.86722462074906,0.9671490792986462,0.23157758762058184
16.03939718936688,0.8251980727294764,1331.560099651369,8.537061036419802,0.9695837831666251,0.24008364551710096
15.803823154853843,0.7229707320312737,1111.5508442391204,5.413305179152644,0.9738352273401112,0.2135633011088872
14.809105596275199,0.6819437856630053,1024.8512606332008,8.382558623034186,0.9858171650537889,0.17992177941226647
20.463002254899507,0.6359894449057228,1164.147189053392,8.426786677361498,0.9637702081660471,0.20926750607616318
20.296836080233348,0.6393247478962624,1143.4419768513242,8.374864985098922,0.9660359813829141,0.20495260043421362
17.791175910756078,0.7351725291504295,1104.121494514056,10.659067200014631,0.9785126191064982,0.22630599524005784
14.69007320518115,0.7387790617742185,1109.7445441392542,4.4679093367485505,0.9636665971061549,0.20114497946956783
14.931223660776825,0.756152196632031,1120.108678626272,4.097048951386382,0.9678122034882366,0.19774054404457042
14.929230119195442,0.7745812154371984,1095.3442450478954,4.198488301447862,0.9624640744308168,0.19207358872682043
17.374209166894357,0.7135447964395901,1230.8448127531312,16.20418920619043,0.9849445547966603,0.2325016145840774
14.56258288226296,0.7634290496964177,1094.5966202708632,3.24182314290962,0.9662983692526854,0.19544764803567377
14.376653000092002,0.7733708608148907,1108.9243731651256,3.9286458590716613,0.9610182335766926,0.20417095568098212
12.967204389174245,0.8658163301368886,1198.3114392260925,5.900480474557397,0.9678764747493452,0.22083668808008994
17.825780685083558,0.8644839369553506,1083.6511716504497,5.1687469036929246,0.9677015910170943,0.26652336666655296
17.529930524552125,0.7777944616476833,1475.4751972035026,9.859571588582499,0.969568972434873,0.25474687107097205
17.053982218401178,0.7313149186110278,1225.292613337303,4.42704895770795,0.9695341691173989,0.21608725487669647
16.312659348984376,0.7299731082575223,1050.240059016371,9.011204470640347,0.9768418759066113,0.22001847932348995
15.645664093855464,0.714934359843853,1063.8034597786966,10.251035846210517,0.9848068538951866,0.21297727806213573
14.60635705475373,0.692405517076725,1197.8242817351029,7.477893173996911,0.9834500869039879,0.19550736036994565
17.54217469180205,0.6993118259097179,1219.553029665671,8.04356500235797,0.9647842079843487,0.2016973481120522
18.621726624783584,0.7672099620105921,1277.363100725038,8.966562608368775,0.9805797155381917,0.2406568404281646
15.042707047083864,0.7166352477909106,1100.9764849866274,6.981803659904041,0.9617892406832405,0.20735723239055825
17.01379436084316,0.7749790377789034,1176.8741781018493,8.722498491311924,0.9853948535587417,0.2318613950205155
18.542428158796575,0.7385402472645103,1424.5414413022881,5.525481525343344,0.984673173009735,0.2604659340006358
14.268255515894987,0.709624258152725,908.2992497450215,7.655988033841468,0.978258570176247,0.17197287842924308
15.430364650914779,0.6661455195406486,1138.4450308851694,6.839243141168555,0.9631643596245658,0.18943365305060414
14.484940634468227,0.7072158374785648,1044.2190541530397,8.06470613903181,0.9776211456165149,0.19848532040334516
15.179850085715255,0.7187053850476776,1152.3330968290186,10.478697517800878,0.9814138411805854,0.20947252383645568
15.533424675465337,0.7606190526466486,1195.4941890312305,11.581743728002794,0.9646258320365589,0.21920491821866708
15.68420000284969,0.7878338154786338,1171.7583619844545,9.048221255391065,0.9760945840956883,0.23776439250742626
15.349455805880519,0.7171896103640497,1075.0473676783524,10.241017645173185,0.9684342554769692,0.2067359235125249
16.227053095222562,0.7401307053011409,1095.7302703763723,10.27698148675089,0.9757605830157595,0.21135872752879192
16.13286023232983,0.7734582102580376,1156.767485617876,6.748553682646777,0.9734312105942438,0.2367835519688505
15.03162203941569,0.6936532598795583,1098.890166515627,9.367002257636509,0.9652140688408544,0.19328035721623144
16.104353182093913,0.6711331491935072,1048.89059034469,6.473036484908917,0.9818451454445448,0.19733428077895168
16.279057027475954,0.714656039360431,1089.0930816820492,7.86996835106504,0.9776097206860921,0.20984297647752484
13.592626816789327,0.6898123109791027,1308.8191712781427,7.216816967977118,0.9756158999049299,0.18373673661861598
15.326019973547217,0.7472213570974652,940.6664786685942,10.406463981779625,0.9794182335006733,0.1999102738720758
15.23025017357327,0.6999990045182116,1391.3156528163422,8.60897300857548,0.9863736698452056,0.20371275714980902
16.470339186202015,0.7306529776607789,982.4854145007614,8.180609126870547,0.9651621390978801,0.2110677356365693
16.18991068382275,0.6986931501317875,1440.3644154097271,7.9129126208788465,0.9766722733027888,0.2093077259555713
15.660307650906407,0.6700846672385293,1254.6650450123595,7.3149819598140775,0.9755563930644531,0.19373079223120704
16.8547796368888,0.7756407035634431,1108.6962564747018,7.993082981638772,0.9816501539389225,0.24295595809545426
16.514008637993335,0.7601271856328351,1129.845879367906,8.557292469087791,0.9871270364415019,0.2395852922920612
14.722470000780048,0.810741809395571,1031.861281285583,11.743695640092358,0.9898110914316691,0.22789318142564943
15.60199884142177,0.805944938265715,1045.9891892578207,7.170003560770754,0.9809328094123922,0.22091431300988998
18.11804456605601,0.7435939245684107,1446.7592687363515,7.525697476526639,0.962137066292725,0.25176399649342784
16.09029142999522,0.779348230031541,1214.728082925241,7.991806548844347,0.9726273763804177,0.23683384358201137
15.993515339743924,0.7727516087171886,1220.8485548698363,8.070781534053108,0.9740118482948148,0.24539480647297668
16.65750903582418,0.793696746474435,1242.6181436248955,8.298937596134088,0.9774856768977741,0.2333786187709027
17.42878741876215,0.722175345483697,1256.8830493144562,5.115687856304506,0.9707292061574714,0.2222693851364815
15.847912763691633,0.7193273005168955,979.9166310681757,9.300052628536768,0.9831886873136767,0.20689470593846415
14.655493699355889,0.686638477005982,1223.9164364399194,9.905098282506296,0.9752367622530304,0.19295038112899687
14.883292639158562,0.7195015476143608,1074.599329328082,6.1062656674362925,0.9760243380581662,0.19421652747580256
15.819961295148124,0.7883044620988904,1229.8173627039964,8.005444563092336,0.9718396625853737,0.23405275895566766
16.91910057578219,0.7004870799823418,1119.742388833915,8.374241655873377,0.970562466055465,0.19912472901642883
14.623268664642403,0.6982516040463264,1061.267555872381,6.192117322977712,0.9736162245797654,0.19781724691629765
14.678264562036505,0.7474533149062527,1023.370908725697,5.096616966532893,0.9712109282576216,0.18164386300183497
16.480488925446732,0.6657340705260689,1083.8676755827864,10.50080381924306,0.9730659054648445,0.19462802047339703
15.646185062283774,0.6806941291636113,1096.8854714017675,10.549727843251864,0.9796294176256511,0.18996065872527143
15.738018334884305,0.7281607759561288,1322.8275489623713,14.290566061781892,0.9752395898668018,0.21731470324335186
16.49623760221329,0.720784151008476,1206.1724422009386,11.6742432506007,0.9825935052992484,0.22358433995798035
14.577961414645209,0.7398088205929828,1069.8672651287393,7.271519991393309,0.9766251126150526,0.20369081413581347
16.799052511826233,0.76586106564446,1238.7098386560237,6.804978270008076,0.9692951382815354,0.23246131792438166
17.08411152375294,0.7610886722196233,1211.2271848995224,7.438110440711608,0.9662890700775577,0.23225660834561374
17.002909311763368,0.7844532347846173,1156.3270428454018,7.160834655918068,0.9618599912819072,0.23402422246580004
16.08858739547181,0.7222816174515786,1144.1094588375154,8.547361155195484,0.9827415209092576,0.21389078212448484
16.875162246834382,0.7723868367962793,1261.6671447404174,13.509280387576291,0.9745062927078634,0.24063168481941083
16.597293104454362,0.6927010504447036,1231.4006335906433,14.034323051128325,0.9807980534483789,0.21402984785575832
17.43712992336679,0.7329227614892018,1047.6028197089045,5.458330504278577,0.9563381789827051,0.20688066713496123
15.959582643009233,0.7288404856158719,1368.3575115708527,8.645781877973343,0.9817745329535571,0.22870683771644124
15.618310648531603,0.6390542333721244,866.7619040635706,5.465093744810147,0.9658325370836665,0.152837999212185
13.449963364930682,0.7480858441278455,1394.9746956485797,8.86593355771086,0.9813362693858226,0.2086123536106022
16.50599079585809,0.6782840689570763,1070.751936958925,5.9722584360516375,0.963495899768008,0.18205613632743456
15.336471496495598,0.826644232679357,1174.9166333540115,9.29382861227234,0.9862954520909721,0.24146617525852884
15.57353398570621,0.7012519063766239,1242.6665640809836,7.712873885664727,0.991923517336149,0.21603828525547641
15.379393825808224,0.6782464096058212,1112.415855179586,12.732065283979864,0.9865155493819764,0.1890402727831468
15.591492407407381,0.7256226186858828,1279.4990648182152,5.383676744857952,0.96093774841352,0.20437964200714667
15.017120001048161,0.6524099637643511,1057.2866344034232,13.132131579282827,0.9901145268583563,0.1764186329774769
14.739830325065242,0.6747054901216581,1251.9282130461897,15.465992305485848,0.9969035013074187,0.19339219017842446
14.389357369280757,0.6478343871047203,1428.6262773493174,11.92940594829941,0.9964523020444103,0.19425401658583275
14.151721192481292,0.7442012538420487,867.1011543068872,21.568901062489758,0.9918436123793956,0.19384137456989128
14.009091507364195,0.7238645265550875,1099.8936577577763,9.505577954167654,0.984005579165948,0.1894091546770984
13.7901459568367,0.7096218178737063,1118.1056681967998,8.672059050731686,0.9825813258758467,0.1852192320880608
16.7560475329334,0.6316428958370531,1172.0385693551766,11.246840237491044,0.9826258753603173,0.18477998893168165
16.77490256235291,0.7176047710296418,1183.6601530925363,6.6848815069815775,0.9785698900182244,0.22358349073475117
15.131777007979332,0.7282633637011188,1100.925399919636,6.897434732909253,0.9692233339282895,0.2024315015332405
15.699924968454189,0.7303857239858985,1519.947039292515,6.923903575673174,0.980584423702319,0.224816355595711
18.887901154534624,0.7658940404572051,1105.152620264158,7.266732542344632,0.9651731590945107,0.24193848127208478
14.879856246463412,0.7200274979403886,1186.617159790674,10.730350080094686,0.9791342082705959,0.20559835164838286
16.26506930334368,0.7382042450471163,1179.4494072689297,12.925393670414884,0.98834470440539,0.22572345044805778
15.131031521039938,0.791493921870128,1079.2170768702608,6.586710324290317,0.9655723555471944,0.21336860369029859
15.751407872087846,0.787219029683739,985.717411638964,5.674394911445336,0.956165329327286,0.22169384354980107
17.028883672315153,0.7575672812175025,1466.5427855541411,10.811046237933969,0.9874568272303881,0.23871893547910036
16.632054179283884,0.6878400132138145,1081.746225603601,6.387197726215326,0.9728649870738777,0.20219704388527845
14.848096373156418,0.7265307853429641,1207.0859294404256,12.33730735097063,0.9866585862689337,0.21830993161618628
14.272484191647203,0.8065885227868863,1255.1258087089943,17.765301621981237,0.9860837818451003,0.2275891489326755
17.16118735373346,0.7431805437709508,1090.6502237367183,9.224016046642802,0.9727671068119872,0.22227545015486808
16.07001639773218,0.6753122445533616,1165.5914535434922,5.018970827196931,0.9682913133220028,0.19520876198425768
16.997741299567924,0.6629609608755263,1109.0166176720577,7.292483423764898,0.9815730887280264,0.19300620963163836
16.045917935050444,0.8044854472295396,1246.5185427973197,5.718249037303426,0.9805112812902838,0.24355062085287063
17.631822563095785,0.6571353099532544,1250.4992663377257,10.66328741689209,0.9669066707829757,0.2046902000248055
16.05809846626329,0.7258858338576791,1175.4514113520404,6.687482174589614,0.9658718936144725,0.20403076673364223
17.127264014219712,0.737924838987044,1059.1428934989972,9.735191985087898,0.9779517429700205,0.23167323852731017
17.612077067790157,0.749366544878284,1060.8042677038443,10.11611976051977,0.9807968230140549,0.23113692901192584
17.574625336696673,0.7330833414080489,998.7433677732905,10.704195060579181,0.9796972195892176,0.23895741204536147
14.246110864062237,0.7462997603175877,1287.6716681123232,4.6812139214973625,0.9630594666368941,0.21273469832943157
18.810027089752587,0.7771460724785118,1107.2033341079555,4.6263580254340955,0.9589219063483188,0.24545305510336915
16.87474263133178,0.7779007787341806,1175.8770101652322,6.954747769471182,0.9724250479334774,0.24128917571084832
16.720867855719334,0.7911575673997139,1174.4882415123025,6.693250136277139,0.9746520960855996,0.22982071842887486
17.36211680201736,0.7033498903358129,1025.064614221787,11.601816250458757,0.9794758933273622,0.22631103386122076
15.467087864007361,0.7075341062069525,1411.2168604264411,4.887165039889343,0.9661369758669587,0.20794643235550972
15.94979868704208,0.7732518843813432,953.9751217986893,10.000494555382959,0.9770361773487862,0.22756800572070363
16.931653153475974,0.7440693232212632,1236.7084764683207,10.430518771129702,0.9775850859934389,0.2314506372286586
17.891523864724935,0.7173121932496167,1189.5590529870549,4.48936704442013,0.9652320344423357,0.22224691418191886
15.508856987642844,0.7300307614295207,973.5465277856822,8.690274836954046,0.990791093824762,0.2059121702993843
14.275293788553384,0.7573463062092368,1309.825194440694,7.062489103072136,0.9710943741114921,0.20543213000616323
17.506527375920424,0.6420580951009993,1362.655751076974,5.178143014346487,0.9681940617380277,0.1848494964083377
17.81588511220656,0.7336426606513269,1169.2977945709524,8.311623081024,0.969490243058599,0.23828717423031912
18.442913965393107,0.7124911964444154,1159.6840475629285,12.124584865051448,0.974373945626256,0.2186926105582044
17.66124093380489,0.7223202649441465,1180.2752132086882,11.701932235703783,0.9736901835883398,0.2320952077406185
17.052951588734935,0.6830494985505855,1253.603058550179,7.762533933487797,0.9705289004204737,0.20931260608252147
16.035550052814813,0.8817920844174583,1233.9711306861054,8.098384542076586,0.9821914031703426,0.2668122354869716
15.06029981787207,0.8130539592212693,1153.2743662755831,4.92834101532268,0.956386947374878,0.21937267543096298
17.367906213907403,0.8176184137881077,1462.9569924678224,7.078480911825216,0.9802651982461028,0.26778090184076286
16.697349171398287,0.7875959127943624,1081.9751222533962,7.940560139240309,0.9624252128616997,0.22013881593965287
16.89431177670274,0.7793182525782543,1014.2441847722907,8.213618003462045,0.9499607464102221,0.2305791052168039
16.6951339623775,0.7557041835202211,1085.5777157073765,6.4215805862505775,0.9702467939857954,0.21669698616637575
18.02661440897284,0.7445564103512654,1111.2939787657579,8.336077164581965,0.9768717935118426,0.2361796364485437
18.345752946804573,0.7219882290520198,1140.9645804980419,9.646656376130172,0.9777819809437738,0.23413388437744687
16.51210179055743,0.7326633943637217,1201.7434047994514,8.732122338134323,0.9804823378599136,0.22014252962111935
14.895779291936647,0.7516566182390471,1061.2901750208912,8.931151523483994,0.9784212749600121,0.20806891024567034
14.72839062846546,0.6989157995602349,1075.3886014187242,4.894800031681085,0.9646173592691645,0.1800209504979644
15.380722591050581,0.7488582999001772,1110.066094464163,8.829873255417542,0.978054262392018,0.21054607428414146
15.317331107545128,0.73375875131745,1125.8044645059417,8.573057623096336,0.9737329556749458,0.21269521479362566
18.45208879191097,0.7690260467479064,1372.9368261373584,7.32470354854448,0.9793256665963348,0.2672620437468789
14.593753855477765,0.7578971374627438,1072.186279414099,5.308277385989556,0.9624187948415188,0.21147176344573318
16.9946025803721,0.6861574074173428,1158.1277984496908,8.809497423782743,0.9872975166776289,0.22291058368081246
16.975458196861304,0.7118182778853833,1139.2893529929859,8.276965484806729,0.9874653261018782,0.2125885969154772
15.903467365229643,0.7526117820652264,1291.3038725394067,6.429216770491644,0.9870741073196668,0.23307100690893184
16.984827120101983,0.727886476212539,1011.8512251313275,5.978522373017946,0.9684964567608767,0.21069508332966275
16.943677108602607,0.719641643892491,975.3949471565519,6.116473755150855,0.9769846399468521,0.21294689507578896
16.46405755113064,0.7172693360806671,1043.1503843956027,6.569588184862556,0.969441863333765,0.20663485064451997
16.441014473045108,0.714500342897221,1086.1183630227933,6.766300400195453,0.9631454545261696,0.20251784829998187
15.360351335417086,0.7085088743726641,1046.7560616598528,5.805002929206915,0.9847038483888688,0.20557068679653315
15.729643598837708,0.7020830314801606,1141.0311535994124,6.808790645224581,0.986865323270115,0.20036075825937513
14.78607955297715,0.7232630566525607,1204.93241813589,4.067208075180929,0.9682456775333163,0.191412879789135
14.621695391932441,0.6876464271107295,1026.7673647474912,8.329039334085262,0.9726312777312953,0.18124313303426837
13.936020315068605,0.6536414166993467,1113.6206673870452,7.4548828203788915,0.972807854130361,0.16466318232964194
14.548227954428217,0.601405106358761,1145.1426613609922,7.930370765753924,0.9710007226807751,0.15036690611979417
15.676878573606395,0.7519125627508203,980.7663188516894,7.207519096650558,0.97704082693769,0.20755181995297445
16.17781940981387,0.6855733384926628,929.6048082272292,7.319330419101187,0.9724659848492204,0.19326326711359842
14.957603463756694,0.6664093915009239,1007.6921250358396,5.757285117944078,0.9724957789644932,0.17215240581259042
15.613335134066318,0.7124616118840574,1066.7445814004343,5.322077884161931,0.96095794588424,0.19230908049105724
15.40042584737935,0.6398057191360141,1121.227625498159,7.442376958975028,0.9728083419802913,0.17242364485472914
14.730977672196559,0.6450656530121275,1112.6766436808105,8.006249267529316,0.9720342504980927,0.1695496134278961
17.033162312233554,0.7097500349826746,1152.3479377518095,9.539378957057878,0.9738624848835794,0.21534821257750603
16.940620856548136,0.7804585117971521,1250.3490800815464,6.002365692639329,0.974289814033831,0.2415209185454004
17.209620333522533,0.7321848355618914,1255.4668888270037,5.898049217316691,0.9708432276557076,0.22304175887160627
16.125467491548086,0.7469474030240731,1154.8277239320703,13.131105724312528,0.9795050535376845,0.22846108047646618
15.829775215883132,0.6925925771549937,1137.369236611675,10.103348996370398,0.9815235324932337,0.2091430637729953
15.613839737834262,0.7771675340644214,1080.5648965729413,6.8983809639891245,0.9713807472433372,0.21405401184966824
14.985477464987408,0.6456386383521939,1307.0416640890796,9.027800778228794,0.9761608490977313,0.1758511539853214
13.978432233920147,0.6388512939585252,1274.259762440248,5.6006120082116535,0.9778761737478575,0.16319276977881325
15.516491266647336,0.6699041391160224,1100.6730859104664,9.246434624344365,0.9677526777773179,0.17160507142268436
15.02106456712033,0.6439551014768261,1083.2798239306742,8.707432149003436,0.9710157418467881,0.17957476580567158
13.661873564449365,0.7124936956912743,1023.3221494519838,6.480134930817865,0.9766660147577595,0.18348707545567408
15.504577766764454,0.6959485280823418,1049.1279491625157,7.430530647859973,0.9788758136544394,0.2030068171723565
15.442148754317175,0.7258307569974676,1067.7980690979064,6.61567784521108,0.9827034698202266,0.20460467606988444
14.85474630768323,0.7068067479954471,1097.443210567769,7.540726418062236,0.9750988661058874,0.19130481227535337
16.12635905056171,0.7249368277684655,1315.3768983231635,7.004961016433412,0.9537881844625675,0.20442023781497767
14.528047294339473,0.7619766175195022,898.620060103813,7.5100917520767485,0.9881385496733157,0.20665968573813256
17.506959789267643,0.7211408107221944,1322.0781875474904,11.29472585521347,0.9745103478421688,0.23070917043723035
15.264200763234768,0.6612109668027291,979.0849897118954,8.634758481872373,0.9792171231753802,0.17437775929341515
15.268047530906138,0.656291509514654,942.5867130398284,10.912206447503033,0.9814408796025833,0.18118388204332245
15.011080573439266,0.7639468418670671,1126.909167354114,8.337800215187409,0.9919615136221165,0.23074649479180814
16.579110719300562,0.8152930441876843,1136.2767860591687,9.959696150763518,0.9542335126360384,0.23782569553401953
14.393871379735325,0.7400965910000571,1285.0734995153268,11.642778847390437,0.9875747294956014,0.21999288627883934
14.711484611552532,0.7318638693428022,1124.883904181625,7.4414588665075145,0.9835050250791701,0.20254514180220695
18.50151541077777,0.7653569151620419,1269.2526145038069,13.524272215022231,0.9737256051232545,0.2555664494911386
15.79275528999755,0.8153433129523562,1250.2409632163012,4.144236708503768,0.9764844308364943,0.24001667788885256
18.621747833257707,0.6860743281994326,1127.3911759317143,14.050393541127868,0.9665635234042739,0.21496239229421155
17.94419734039213,0.6970694118252672,1105.1908384425708,10.927566739495834,0.967508016357156,0.21734106149328136
17.627775330007914,0.7215971530187707,1255.636913207009,7.820877095946162,0.9748298470580966,0.23130397809392647
18.00322065078018,0.723169013454784,1179.2287338200138,7.10930887172736,0.9731195125150046,0.22348475416921942
18.204786984651676,0.8318313675015666,1503.7623703310837,8.35802778698575,0.9661291183123303,0.26619284335147864
14.682948201533463,0.6944618876354313,955.748363692404,8.189379754386348,0.9709911460145318,0.1824693189827014
14.442722604641428,0.7361097202528067,1092.875623927034,6.911385251777926,0.9787908628408378,0.198388908913599
14.168090158396106,0.8100939602738799,1066.312576573516,5.389046494135641,0.9716480933996515,0.2107994434596591
16.397436060796615,0.7523035836997177,976.96458336231,14.955711096787047,0.9783463146637504,0.23138900795414435
15.656652475865945,0.7306788835092479,1271.3590383901953,13.541712604477429,0.9946269600437713,0.2209643182347205
16.523384648167692,0.69570822016078,1245.3669648223215,13.375410263913293,0.9920133501804498,0.22254706487081757
15.428817468863791,0.7129648653086421,949.7911787910854,14.820412466573687,0.9892465006575305,0.20509394213941504
15.411095444780443,0.760174092600782,1246.0957493645112,12.935520169882537,0.9840384361323585,0.23217064496757903
15.389880554954622,0.7594572506105992,1044.4181845771711,19.698369539825844,0.9928017194985683,0.22270229969022037
15.613172148983336,0.7408330340121123,1079.7872824175467,18.51762214296494,0.9929596360244307,0.22409307463741449
14.667763316388678,0.6857543146275408,1118.9368800084044,5.57955602914859,0.9653704184942822,0.17387223459244677
13.340094054703385,0.6729928895812046,1008.2649045519084,9.57604772930495,0.979212807890958,0.15938960359939572
14.710907361419132,0.6857202551662563,1214.1779858379118,6.208621422765319,0.971297484720487,0.1798772023430084
16.758103861999775,0.6197117217950392,1203.8157912021722,9.8403544073161,0.9793877356894887,0.19403442873238644
16.47732417173899,0.6893649583867677,1096.9171431237585,8.39290836940779,0.9880795878141607,0.215916006238362
14.875275736004802,0.7049772557658645,1076.1670970280854,10.003179986036203,0.9843301621861114,0.20260587119302542
15.180572231176194,0.7174973412141826,1071.8101802895585,11.724843860740966,0.9758932613194873,0.2076600444839954
15.155835336111288,0.6906907025629127,1107.061661736809,4.615853874013907,0.9627339385378396,0.19369375046302084
17.1263754572063,0.7842602564453657,1205.0352115565354,11.184874966961475,0.9860025214530969,0.2596885379985501
17.890842311810076,0.8123274286856489,1000.4638455545368,15.512511968931207,0.9881616621456104,0.268450163054291
13.831455668796007,0.7737245957261438,1160.2009018776075,13.319886813021965,0.9709821165673118,0.21191358290300802
15.723967263989762,0.708051005882112,1034.7792785992003,9.657680069547311,0.9775422105764295,0.20342672923945168
16.010221306386963,0.6620240132390336,1040.38001745731,6.40843512713358,0.9717642262142626,0.17837008288451747
16.2710649829696,0.7398474642464072,1085.0751086821513,7.9541159923316425,0.9827416911831119,0.22077484549684745
15.279952253350078,0.7028521465469669,924.0179912430547,3.5057331515355523,0.9689047160018284,0.18548012690531823
14.114950073296633,0.7124341693250307,1167.6195239138256,6.829156920026414,0.9613418652061886,0.18349279785509384
14.625855533924423,0.6870848097262295,1200.6247255104245,4.728929193086231,0.9758734584027652,0.19625931946670797
15.883658382777746,0.6479660885453065,1203.0507904557471,12.520175667339519,0.9863030871897157,0.18464114350798855
15.850936112691498,0.773266039065057,1064.9624958900513,8.86015569581738,0.9841564043665483,0.23515216525672972
15.799009018272255,0.6921391158562453,1209.8138455723188,9.429186856730782,0.9765215294004314,0.20147507725998434
15.80474852158745,0.7235160860956663,1036.9613970372811,8.226448906955962,0.976796216216387,0.19852833910169718
13.67000604339188,0.7312506177541661,1068.1013822079983,6.368135602887957,0.9879415306916265,0.1970503920829795
13.832312328772092,0.7456713548004548,1045.6576349969816,4.551035229395678,0.9898529732636453,0.19792063829876372
16.920710171854644,0.7235149911307145,1165.8927324484957,12.003264577741021,0.9552226703537794,0.2146174286528571
15.812600908518029,0.8067549763380949,1260.2508886119074,7.364783142725654,0.994051973106277,0.25213866533016976
14.801845868779592,0.6512310645399287,1106.0641206827715,26.322710061491243,0.9741471317115779,0.16485277817748456
14.438761241297572,0.6331240322150726,1113.7298878288198,24.709302139639444,0.9712565839634998,0.175109176299359
15.034827920246002,0.7344525385419445,953.2273228348699,38.4601340344681,0.9898447460563463,0.2035766187665275
14.40217570577357,0.7404106485906605,1068.6499187166503,37.04586470230415,0.9915927802371338,0.2156108669905796
15.459281063444905,0.7142172524228467,1095.5438333865377,43.302712723733265,0.9655947832050858,0.20860935438951395
16.460796034405444,0.7045985128176664,1309.9999984467568,3.3184305000272123,0.9847705668953644,0.219008950893313
15.348199168084646,0.6974261308970666,1010.1491751587257,17.46707108669319,0.9742784077331714,0.19280739902547464
17.265119388850103,0.6696575556782215,1081.6028079063312,13.715968378901,0.9842970102475878,0.20687659650288906
16.438570646427255,0.6899482392609101,1265.797297625699,10.429490022446963,0.9839686735326314,0.22028613275146053
14.955895643566747,0.7733350166839553,1038.9481720675572,7.552740428253768,0.9781326059496355,0.21987246031152227
16.082055496054096,0.6545856589859054,1109.858912687529,7.33626825366887,0.9730191675734192,0.1837688026399017
14.40066416418651,0.6940975661257779,1200.0784716976984,6.554264623958456,0.9700968746175747,0.18088532491709042
15.254156051058725,0.7380510479870288,1031.6342272464867,7.347373170835532,0.9675051402190769,0.20140683689147276
15.466968926676085,0.680989314957133,930.1444803753251,11.951708079966338,0.9749378514823391,0.1823888632622428
13.723729417311077,0.7528908408866649,1081.748009222053,8.954735561884846,0.9753523504609513,0.1971676794439164
15.925436551293048,0.7204956513970517,942.348220563047,11.948456835531548,0.9779952822081507,0.20973984420281794
15.110086223406524,0.7704258685670448,1365.7777517172872,4.932452480841109,0.9921224154023819,0.22885210132235942
15.54341298872193,0.7581156022051636,1393.2567500618397,4.993134323048164,0.9932770690474921,0.24058572139989115
15.825800290800363,0.7739820606107074,1392.7852986228738,5.274141611301568,0.9927078276335222,0.23766605471458188
18.364053856276776,0.7394880996965852,1311.499480149559,9.703937300182982,0.9856370327010119,0.2474527374602597
16.106156134516542,0.7677418252053275,1259.0945259914172,9.773709228819392,0.9882289120433255,0.23825030683089599
17.354270461644692,0.7388303883079744,1084.886493782694,13.331523310085988,0.9820775360502242,0.2324216110462096
15.791164354460875,0.7777548395310417,1207.452337928661,9.754525640928781,0.9848031189745956,0.23959224885071
14.859967694852834,0.7646207197544418,1056.239004310266,6.829542589275788,0.9891778985032301,0.22183245070468785
14.324111597239632,0.7955127092253982,1087.5585095567517,9.171484373127578,0.9842934037700118,0.22620554194769005
14.646436151570345,0.7774681989982668,1115.8727049581892,6.099582523921461,0.9852882661956865,0.21746770415056832
14.709806547995615,0.6406749407744772,1087.8070967011952,15.674332075547866,0.9878107569325257,0.17963194206215624
15.70511929794914,0.7432720370149719,1081.5004819460582,6.328968095520913,0.9651996390859702,0.20830311720077777
15.34836123773208,0.7730156974039486,1071.8036896800786,5.396530948925258,0.9628484615481668,0.21262826477937177
15.09925216904138,0.7903956459414587,1113.579026987306,5.94613959421798,0.960913118100541,0.21212598415585734
16.215848422915773,0.6553748498488554,1252.6393328344384,5.8351357721277,0.9766413462083688,0.19486035816001868
16.585475792267403,0.7443845763276569,1193.0237752922258,7.9656261376128645,0.9702275936148934,0.22300741067185334
16.974240810427528,0.7623127844013262,1311.5799830778803,6.036610547551862,0.9749476342698103,0.23099487857145304
17.98979638969801,0.7311714042782852,1231.551744395032,6.339815727551402,0.9709293578634256,0.22153779895629608
18.344117600662408,0.7086358763691989,1349.5903430757003,5.249494986723413,0.9664148327504349,0.23474136606150597
15.466124661432254,0.8060985728122869,1215.1954264250649,8.318983936494481,0.9727965340898989,0.24179318658268584
16.41854286379456,0.7497087759352136,1250.0024900547664,5.964601728844293,0.973205270328202,0.21891208816983052
15.376374327170199,0.7323037274052487,1252.705906003862,7.362034820097495,0.9621303688149353,0.2036446692852442
16.22536876019481,0.7693688471351453,1017.3375036768688,4.121267626045031,0.9678313396182738,0.21109735935708981
16.090421525332044,0.7495321088501671,1029.5536685557333,5.923009794402492,0.968468189311153,0.21718833192038828
15.229542525811535,0.6964628487473177,1215.5730580931972,9.529440637094195,0.978054321637287,0.20480259767667774
15.422911092783531,0.7172539707016137,1030.1721317577035,5.499074646952722,0.9717244729348384,0.202896734127205
15.123809243690209,0.8397318411864755,1110.5727208985172,9.560016430946693,0.9819216059855157,0.25052135054390384
16.94089986775585,0.735294298153282,1207.2806269491102,4.958373264357812,0.9754712934331619,0.22762651630205102
16.486346009538675,0.7455596905519286,1286.2876732804841,9.305822794703596,0.9675715836142448,0.21761828961373286
16.485681939382136,0.7883136021558467,1134.628363355577,7.155652821395576,0.9705533456401932,0.22797132572373865
15.330376129826568,0.7345412632384546,1097.6637703182753,9.551102679571953,0.97791607045114,0.2079747243734088
16.407167709099927,0.7278974592994151,1212.0217291438776,5.742786443026539,0.9667792780152581,0.21346026050264463
15.813335963621835,0.7177792426681406,1257.7556089407424,5.69398437168813,0.9761608249878492,0.2160375914718779
17.53875107920086,0.7436038110319241,1210.6608791889007,11.86278462632191,0.9811830849724251,0.24031238277259334
16.302990120934286,0.7727108994325723,1068.3801279635882,4.228018875375964,0.9541266075019477,0.21254853300387747
14.344777421873095,0.6955237515809306,1160.9842950561695,7.035910402248781,0.9744009206694649,0.1862547872926353
14.146614818897856,0.6848035064112955,1221.0839444626283,6.39470961228391,0.9738821376171525,0.18515072221611728
17.28345064910295,0.7688037818070171,1105.7054613156056,8.130514245726,0.9717897548761449,0.23706727570707617
15.674649733426659,0.7513188996190722,1315.354974365564,6.886330296157765,0.974111299313419,0.2182595517308203
15.04644577020949,0.7085698472947937,1273.1305706134003,6.472596664052983,0.9769987634566091,0.20577803447589818
16.124245536398895,0.6890817077625807,1263.4570871690885,8.146162362677064,0.9767826285537331,0.20588593989612844
17.184869547699837,0.8042114632882154,1167.1059277041525,7.587163258050634,0.9649404389143247,0.23735647833860524
16.448045026505202,0.7071698536718432,1237.9288418959047,6.986036531299422,0.982941847815414,0.21005569113898995
15.40088785589961,0.7095483598702056,1114.6651514031303,10.843124858905808,0.9912467894095074,0.20172310857401923
15.048043627412335,0.7054517073286825,1107.0761992875264,10.515026918081265,0.9907233139215911,0.20647529081293955
16.30338939106661,0.7160170851722472,1375.5285008259286,10.021893285129943,0.9796804205721386,0.2291318493028469
15.36753841629982,0.734482778121186,1272.7659542156396,11.75987710933169,0.9845754436557077,0.22407373053146531
14.865748465239689,0.7270994753866961,1163.8912465412102,8.220681699370514,0.976969952797517,0.20374730519683623
14.797982687222776,0.743079217474894,1186.7759037344174,8.366777215761939,0.9765203647061601,0.19800367821634735
16.901022515826316,0.6802473924734668,1186.8626419886468,5.656411377961747,0.9657260757990229,0.20965403278016492
14.71360668936969,0.8286494827561703,1021.5656200371217,10.924134926150439,0.9844766680904153,0.23533300884743336
15.404518986475944,0.7727030173098353,1126.608265417403,7.899056823282521,0.9901966778512596,0.23084081598533862
16.75016769592788,0.6894660351455921,1198.9809011048899,7.419533761944031,0.9646452288513935,0.20137631304474288
16.61279195779318,0.7059527968711062,1063.6754780018841,4.09855551851722,0.9704928216311423,0.197933598676771
15.690563680430408,0.7590634544185694,1359.1522534446249,5.4043249974089775,0.9576570847238248,0.20910921488127002
17.704684556372392,0.6589536890398532,1064.2135465020938,11.285245151197225,0.9809249191337611,0.20159652544971388
15.084605894043314,0.8063316885084149,1151.8482391395867,6.456289147159321,0.960245020223837,0.22882168692296248
17.562283948294215,0.698049715954333,1232.7911516846705,9.211363416384446,0.9779849874267584,0.22771708163278376
16.26495558703005,0.7443370015011759,925.9953458412102,7.630273711892118,0.9859150319966677,0.22922534716581647
16.544272576181346,0.7751105773679868,956.9332808585347,6.383686060369321,0.9857236236072058,0.21821662620587387
15.626579751118433,0.7572204906002207,1069.1934960110161,4.899886143887537,0.9737265938439728,0.20439365814049185
15.91860405455044,0.6968692814922822,1296.333753870078,7.458161640670456,0.9734461329290747,0.2057782729480001
18.586885031799785,0.7583602097575236,1358.902959731466,7.382877969162025,0.9796520117831347,0.23970880459420793
15.123246325851422,0.7044704223148074,1108.6513226867487,6.640002220220664,0.9728915096343053,0.1814018887943423
17.157631608818402,0.7583937170127278,1072.7046033659417,7.9948000616606,0.9659295181276942,0.23200992149285762
17.329587791357685,0.765951762287127,1095.056579019216,9.47347099480092,0.9604418534106229,0.2236772604911413
15.705962173881844,0.7678084775328626,1181.220816265337,6.959191746991966,0.9848749302558599,0.22876047587190138
16.64550162551445,0.6799349399479514,1256.0701037063359,4.736793874102487,0.968328576066965,0.19786310080170905
14.393177547786827,0.723473028689732,930.9243795222617,8.005252595673593,0.9821546769360953,0.1958187968698595
16.016892381933463,0.7068886439473797,1171.562920049037,9.881907064223663,0.9689183135787218,0.20807659217753585
16.43353119348071,0.8423572820797229,1193.7137988664222,4.030373910970158,0.9715495269234036,0.250225389733448
15.906967008446573,0.851351782514277,1308.725817239096,9.641082175883248,0.9671354389871123,0.25380219061823855
17.848545527477718,0.7554392515758038,1173.9252203770177,4.66264033291079,0.9666447219006522,0.2301285284257193
14.984234283904671,0.7609268589702451,1225.6658415919144,7.796673243826891,0.9715771680756548,0.2177670927454654
15.66830467655567,0.8065185329566164,1074.1377341039745,9.556547582766727,0.9725343481714396,0.23499126027900064
15.78330133605242,0.7965764355558546,1088.806554930413,10.736218105887193,0.9681278798084877,0.2295091326215915
15.199130667234845,0.7521035383022594,1121.3662876344138,5.200178693730269,0.9776241356997126,0.21231371913966557
14.522825601813219,0.7291121974802536,893.418213865337,18.636862075530182,0.971612664881539,0.1884680307262783
16.59420755233403,0.7084800318856682,1113.458827045002,24.931910866465973,0.9765760356020713,0.2145602611071361
14.027692936343112,0.7623409649218656,1118.1032491985172,19.877095860532666,0.9856779014649886,0.21373864648807042
14.537525054477548,0.7877381580959788,1005.7747577398923,18.509672457624408,0.9853127743271236,0.2203858080374727
16.176926170457246,0.6640376288697022,1093.0489596869888,7.076807717788785,0.9760498736560137,0.18697046529103858
16.16011322471593,0.6934651852974908,1323.4113656990548,5.558615371243929,0.9595299249036561,0.20075060667474526
17.83228651739381,0.8054984176651495,1160.314597253721,9.651495920325926,0.9819961294439157,0.2598139958401186
15.372409795557315,0.7880600296063622,1253.7082914124046,4.651314694621572,0.957528055230461,0.21903066407352342
14.90659127695262,0.7246394345802347,1261.7415064512538,5.929065788652183,0.9779727325816288,0.1903330606238354
15.29078743397308,0.7523831256566125,1036.357632297138,8.679742749424447,0.9721059272319278,0.22390030752014287
16.494992906411206,0.7234192651438213,1287.4639995938344,3.1559184872046337,0.9533015869322388,0.20836134844270307
14.380289134360726,0.7037782441522361,937.9619187316697,21.744982320711998,0.9933854644711609,0.1816617729625306
15.501734053936882,0.7740982518208882,1247.9166598141358,15.741196955759683,0.9925110750854962,0.22981791530458665
15.988392159645354,0.7834732005450635,1137.2272284194314,12.054569881764582,0.9951984704210376,0.24431468536843703
13.753563701584397,0.6847616138781161,1086.0033874406338,21.15839297891847,0.9939200363113233,0.18111911670474806
13.998825765798152,0.6707951291466032,1079.5183922109636,21.21558054061861,0.9935756280214777,0.18585086192116135
17.205871657046583,0.8201600148163303,1196.4947318173363,3.6778646657625123,0.9386611085429432,0.22389710092173498
16.38731640566413,0.8301596598262737,1333.3096732155182,7.72407177663949,0.9854687286891175,0.26194680092305245
16.28135416857592,0.666126538085789,1138.0405386737702,9.302040705905416,0.9664708656150018,0.19399386969429663
15.78093667654135,0.6637115017535726,1134.262769860102,10.574884305111702,0.9753599421088404,0.19272142753451854
15.990136181743189,0.7505994747120585,1342.1479680485945,5.163974577627862,0.9854660472453624,0.2287691054081345
14.85752110868286,0.7958056147220036,896.2620862414819,12.909566664668223,0.9763514896404188,0.21964362773357107
15.331228311101341,0.7870796414485292,915.7057824675594,13.03671849572393,0.9681530733379747,0.2172134886425286
15.251091906142232,0.780923989660742,899.4446432681151,11.74851430287335,0.9674409650681789,0.22346416804551336
16.14537793501041,0.7498317127492986,971.7693030062455,13.602498183966325,0.9712200104423585,0.20887824987048217
16.53588111573756,0.6828685472061321,1135.6564832234064,4.10953080021789,0.967832967528404,0.2017005458341238
14.393307340697126,0.751572975854299,1032.0383290707987,10.71610815558738,0.9745632767680484,0.18981524819930964
17.306648012718178,0.7546569162566774,1286.9670465540094,8.408472775547619,0.96018328636707,0.22902594716757066
15.063835605773724,0.7669027435750267,1163.7675279615457,9.182981780732156,0.9918971422785834,0.2257623741477818
15.88488415181479,0.738318978139542,1088.2999973796136,16.066187086283364,0.9900272500100141,0.22423785445772934
17.589267257789594,0.7556966630772388,1090.1764146129522,16.407672094313444,0.9886958205652926,0.2404130514303769
12.721285144830786,0.6438590785534077,1081.072661380453,13.912409455905207,0.9820652991803779,0.15403105387162808
17.221383815394574,0.7310587714143512,1059.0212616905035,20.552494743811405,0.9854831677757834,0.22827697483817225
14.646020054010036,0.6551004162797098,1317.45504680353,14.486015818968959,0.9905828380554935,0.18759931791399848
14.853152037648377,0.7264818220999048,1008.8769008716752,7.079476635611215,0.978381379106086,0.2017157368381873
15.237778216749042,0.701124162329258,996.3712314775361,5.563439014551816,0.9687098790544276,0.18378438514814455
16.499300064883037,0.7098448508878241,972.4318121387724,3.8936304455230846,0.9751005024030721,0.20216870214585264
16.76867896448347,0.6959146306756879,1194.9819840681032,7.200238615369388,0.9741323725025985,0.2048707302516471
16.617722678759698,0.8236112825025235,1189.9614466996604,7.460998057375795,0.9661096979335383,0.2412048739980318
16.853169845872962,0.8318521946762618,1176.4790734016046,7.877895961316519,0.9627140826950177,0.2530562006185737
14.085312464913134,0.6095291634302351,1154.4657396424338,8.318770506498913,0.9793070411229314,0.16293276612645816
14.62658995430896,0.6272708251424874,1102.5186804808716,10.62979452143088,0.9744628181814702,0.16318739954361358
12.479054724431457,0.6411730008418729,1105.2174030060296,6.027460923940537,0.9777632108887869,0.14177690234056142
13.66500545569167,0.6619621393415321,1137.7534997627617,9.965571844250713,0.9687261099749562,0.16356709799966113
13.426848434346203,0.6444562920705472,1245.1706863557329,11.943902586234422,0.9754455634576416,0.1629104915076845
16.030759396797745,0.6670461912616781,964.5328759463814,5.276522105104766,0.9745691173453424,0.18307530030057617
14.114135190819423,0.7681823388908472,1203.75421063904,12.799005384808746,0.9761311213996821,0.21244359352741093
16.402932879170066,0.6689147156234542,961.8915588089774,6.306277247478323,0.9821131893809811,0.18776737509320673
16.24753281001798,0.6694942788026989,880.6261750377275,5.2785704699669225,0.9816389820951436,0.19017188970199117
16.433385912827113,0.6734370674723529,972.1744083195825,5.550389897524739,0.9662608034995612,0.18241705188922755
12.359964494953644,0.7018078703166474,1031.6858984657463,9.521167163967698,0.9795503882816697,0.16693410210611842
15.32254033464742,0.6272960434426438,1013.4143678654195,7.221324651135945,0.987419345149032,0.15405842207651474
16.053274937772162,0.6839116097225321,1401.2723197429789,7.026958078363913,0.9814733711621003,0.19990841369188053
16.10728050880394,0.6965686745753682,1169.1323015516978,11.16528886029779,0.9818750726549583,0.2177961247979704
14.122648223062154,0.7165642414435127,1065.7482230335677,7.455392842120568,0.9846356238206434,0.20172158855370687
14.7976770299452,0.6683635946948724,1102.6510767162479,9.310862418298532,0.9780015131260954,0.1894560383533855
17.392345930755976,0.6839072024053063,1112.0315588042538,5.540380859853279,0.9753767705222662,0.20657799865228896
16.41455323060262,0.6489300586773167,1187.4151662799857,7.855918425267167,0.9751908842685922,0.18940786476909818
15.670094569532843,0.7337612279549304,1135.766598174393,6.532227048360748,0.9787087873683499,0.21360025860371432
16.269572112348474,0.6658862757928057,1431.1391883748333,6.382692245256116,0.9646355656863069,0.19721659117957804
16.09437750922165,0.6667258015625458,1373.0291265502224,6.94255957239365,0.9687063659565249,0.2039782010810819
16.3439038677289,0.7095222901128359,1406.9864743849405,6.425074224386388,0.9620639387238522,0.21018459850142293
16.53815378097013,0.709031807814034,1244.6036545817224,6.0525963684155295,0.9754213018034295,0.21541059147734262
16.592838657461513,0.7243917465219754,1239.31067773568,6.722085537749037,0.9597769106603529,0.2146374132074437
17.980114379674152,0.762849680938659,1204.556889593498,8.669135812742805,0.9782053119261324,0.24630143053446577
16.96258984440176,0.7091046778211093,1307.8313534861015,15.50122812638919,0.9841337273842334,0.21988044569018944
14.43027906375957,0.7006581944254134,968.7735658258628,7.700789559809113,0.9636182282187343,0.17755652184944115
13.444573358214344,0.6827455174310689,1110.305954750482,7.169651564489551,0.976829617779042,0.17455473563449803
14.480326294012933,0.6529434402620211,1131.4897862032074,4.55325094632055,0.9804075784817395,0.16765828429397006
14.485353958535478,0.6710649537887879,1146.9422041068326,4.425765687599625,0.977969136556969,0.17720204101238363
14.13573309505176,0.6785520651789265,1129.9437458420164,5.2499659362784765,0.9789891323598512,0.1774100140366275
14.44862422719146,0.6189743042446224,1172.2343991029468,6.531993435225388,0.9824924235046317,0.1580408711013126
14.215980128752262,0.6824412703249133,1189.7851504104801,10.613879540907048,0.9760717382824337,0.18344204049131868
14.833836085577726,0.7046776230891812,851.6516219076386,7.790560626281127,0.9761402671543006,0.18023501290257057
15.075597056443401,0.7249939231527102,1118.9228618678371,7.159557803816681,0.9680757805657603,0.2007763572186262
18.068630251979215,0.8269317870432333,1321.4674877708283,7.270990358516317,0.9740174244707486,0.2647636912304697
15.206687595618888,0.7389531108129738,1080.6593238921675,8.974251169923921,0.9776571588078435,0.20984726951424099
14.539777919467172,0.832793967291023,959.7470394476316,11.614951691373845,0.9807480115497511,0.2417538818262537
17.240224122014858,0.8128350246777377,1189.5930999780476,5.110523602960242,0.9706076336808724,0.23628964370805067
14.126175056024486,0.661570084713774,1060.5198985422714,8.71445726267956,0.9813511870454722,0.17035967371183425
17.845364949548177,0.7573411633257636,1303.4333611069321,6.664401144294433,0.9657922734128449,0.23910309219776582
17.989555747822198,0.7483206356808318,1297.9180407561169,6.424194795652675,0.9676023183179469,0.25283025198867465
18.90502540695292,0.7527412189894425,1307.1677744777967,5.416325474697059,0.9675158577607555,0.24215780616061008
15.940790148564254,0.8047070968233581,1264.027940442462,4.912541968204507,0.9638291459132924,0.23400279209730476
16.969268700323077,0.6957212539033287,1150.7895717798353,11.56798317061206,0.9817653698955198,0.21426681991579502
13.569058603563786,0.6942327687165227,1065.0933929326916,5.142411729967348,0.9643301004332663,0.1607258352775425
18.122367253961396,0.7092471580467311,1291.940788232524,11.914021966160146,0.9839722412260878,0.22607049651508906
15.780577492655643,0.7333089655791575,1113.8015830119148,5.959829764726254,0.9695589821932433,0.1989601349681348
16.658734894733033,0.7745153052895977,1208.678794538864,7.002145536400566,0.9757720802789615,0.22884377920003687
16.243953908763384,0.7304837321343887,1079.2653418204263,9.32816071569249,0.9758218617787917,0.2105144127470431
16.804866326541422,0.7754393145596082,1065.9174808802827,9.55017232579493,0.9774675342115955,0.2317113668947357
17.129623179603886,0.781291546066359,1227.9547331477736,5.437601937937356,0.9584431088557939,0.22787954995398643
16.63843114556467,0.7011274554370572,1228.4987602836072,8.637843163866245,0.9813625687527661,0.2184499322758508
16.565350042629316,0.7182381546742409,1277.5641870616284,7.958553774661278,0.9806532770707894,0.21277043284329644
15.691025556279163,0.7432887066935648,1221.511631225226,4.93660970508761,0.960359554959235,0.21358242056339338
15.008730740427376,0.8249090057439528,1112.6855336665233,4.071688782740192,0.9655060482388044,0.2349344105192453
16.563596503159932,0.7948765993895277,1147.1150008858735,5.695383929241969,0.9677265611772908,0.2287356216236198
15.982732142494841,0.7287290752857201,1111.4498593913452,6.5924414485315,0.9676633734499797,0.2215141756384313
16.13219616549067,0.7425873470206996,1105.841107714689,6.991293691263216,0.9738612371400269,0.21495075750569403
16.19982134504116,0.7026521981408345,1219.9670683348074,7.26160535918114,0.9690414548981655,0.20374233563769933
16.70420052112741,0.7002514867677749,1215.2883227838834,7.601666301737653,0.9691813525638501,0.20629859397117245
14.72833454244142,0.7572359574643094,974.9517241198437,8.46370018026474,0.979055995583804,0.21682124611902923
17.566694580881983,0.6471282143767508,1128.3399701431933,7.853323558001695,0.9711798373667715,0.20201387562503761
15.590971844664908,0.7008618350636476,1071.7432475106682,8.965979234200715,0.975585583140946,0.19893241710662143
15.76812478323128,0.7441941395574672,1039.1818484167686,10.639338093817933,0.9642858790724106,0.21511804245905491
14.072153729930498,0.6742785495679777,1129.5787402907574,5.203159956157392,0.9782391686199182,0.18826720189626633
14.187909238085764,0.7115617401574421,1016.0244890702089,10.877288718983602,0.9674737591580228,0.19835015162015884
15.318504707578736,0.730425984865665,961.7342897160402,9.8758500073794,0.9688752535506121,0.20638959621713368
14.411333125100958,0.6522771134587031,1209.1131099363884,6.783059109636909,0.979687528304849,0.17587243506905959
15.365863385604,0.7015080667042167,905.1677390834772,10.620082454909499,0.9777792823108759,0.1848540171623902
15.128820115042394,0.6994017570053275,941.5674627992834,9.236091124117234,0.9806110049480532,0.1889787841476579
16.0122766369506,0.754310800863439,1357.3139373054823,7.915301157598783,0.9702645283440494,0.2332634851541743
16.772117734518602,0.8237499411814153,1134.5705130369408,8.750080883074258,0.9850840384901508,0.25789729516394383
15.603665161473996,0.6334330190753881,1168.1598222726993,11.68236548809017,0.9781627156374865,0.17666470947458313
14.592579544022254,0.6975539065409702,1269.0937086990693,15.917078519420878,0.9828386433613614,0.19689096067119777
14.546359483951221,0.6605081429876897,1119.0024757156625,7.7938522393575065,0.9898817905052024,0.1861316299847221
14.689036365695932,0.6934800794499308,1056.3641111522402,9.497193278946115,0.9871448083425071,0.19145832105679728
16.149506755435837,0.6505323564682476,1112.8742135998161,11.508065860552506,0.970514002538628,0.1875485655194697
16.304864795699057,0.6304914846531461,1093.8509051480578,13.387294252856439,0.9814565725594584,0.18899135008974693
13.964391972086606,0.6972467284803616,1154.4333224513716,6.191009315438829,0.9717550038208105,0.17300060447084198
16.806085231653416,0.7259433055323042,1106.177021827343,11.252557905538971,0.9831094759472608,0.21596759767824228
14.370405903313603,0.6741724777085688,1211.8513778015697,7.599266368375296,0.9746445658826957,0.18630084101389965
15.425985295831534,0.6901404051411405,1331.7903057851759,6.660613491575619,0.9732063456102088,0.19309697758653444
16.43676189862063,0.6613715248023725,1167.914970234706,11.381156109349527,0.9684014196513212,0.18950722402720507
17.881470952828924,0.6692521746925125,1436.55539512959,5.43529792672542,0.980106455469386,0.21492616992252506
16.1609478615831,0.7581108268912969,1246.1732709744192,7.838214153243859,0.9692295156583624,0.2241926471050374
15.828820653670851,0.7767500643314335,1237.6065533644653,5.817811628770366,0.9778398730377826,0.23347668982430297
16.004761628705747,0.8113942409609348,1023.415315824598,4.856802448185775,0.9595042841334557,0.22403246203070337
16.47348191210735,0.7752962272352716,1167.252924520236,5.472559150966613,0.9723099825237248,0.229655812623357
18.040548988259044,0.7918253768212282,1437.2898860906862,5.501234250206756,0.9583554325932402,0.24659092369310948
18.936147182669917,0.7578256162579502,1286.2798246136933,5.463690193436693,0.9658889659830229,0.2437891515375894
16.96527553484516,0.6809450240072185,1296.7761334748466,7.857384990835382,0.96533310795002,0.21365267928227927
15.879108634112946,0.7161950224635418,1149.2004804725998,3.435376737790843,0.97205394827128,0.21146321347717723
15.674521791395694,0.691106562572624,1117.6361131876758,7.137978337016006,0.9801541219981774,0.19611724567127206
15.589587941645686,0.6947633745846159,1153.4239283333998,6.058265914696765,0.9701542341200885,0.2020955929747551
16.114474486645417,0.7490468667901111,1122.5828889346824,7.066481997786902,0.9829533411956214,0.21251211937163456
16.99905518108943,0.7644963766170946,1156.8732700296116,6.82918384825651,0.9767820680143866,0.23573757926745
16.49013492412683,0.8566580317696324,1196.2162308888492,8.23640337648091,0.9827545612235857,0.2620814236910123
16.03785284975542,0.8827490801645247,1122.060239483597,8.930015480269955,0.9843093281950166,0.26664566841764825
15.864094435295238,0.6652619877747067,1190.8491988909896,8.002807709850607,0.9686842594726777,0.19407907795095655
15.049909906190727,0.8433948537908847,1058.6206783506789,8.3848393333086,0.9721690808723609,0.23381206254274653
17.330537648086413,0.6352042418348349,1335.456728235989,8.381964268155867,0.9752990126134727,0.18993981541825597
17.064127755097527,0.6404450074297364,1284.5591177863153,7.312666044740093,0.978894546624772,0.19759262797543312
16.705191460677423,0.6503593301889048,1326.2737887931232,7.8050011219208155,0.9790182728931417,0.20097361509550163
16.630953133842823,0.6776435989901176,1107.2371728261053,5.698075872412789,0.9724270929528336,0.2038305804544339
16.335517240110043,0.7568997818222942,1215.8157317238097,9.301974576085787,0.9672029707192435,0.23022441144080194
15.197867093634292,0.7124115752527485,1025.5402872057894,6.265832301639607,0.9818309039300195,0.19551974875037356
16.641601183331833,0.7579038645199735,1253.8569695854037,9.731505674596779,0.9603919817420463,0.23757457370437923
14.680300434213327,0.7061481290112281,1104.0347640165626,16.233824334965473,0.976387964156026,0.18854483314747303
16.048583629229405,0.7371402455709265,1040.258726007154,7.241563521949529,0.9717190595864534,0.20753197464312173
14.692433681270904,0.784683667979936,1043.9829475191912,5.923885230295888,0.9721167522042509,0.2167953132082307
17.56563154027977,0.7468024952946039,1281.891313322273,9.201534496343436,0.9730514802986885,0.24157221903905673
16.783179402662494,0.77128197522956,1326.9640795281964,6.150821802611739,0.9713825297886161,0.2343128848223291
16.68280490744094,0.8627229141744007,1110.453551517267,4.797863982527139,0.9548910280879818,0.2524573744913696
16.924359863858168,0.8718656948648377,1045.7035497902193,5.772744819114246,0.9579008251773788,0.24661437405139838
17.66176541185267,0.8043264095607955,1336.8597873901012,3.6904437801474756,0.9615109392006471,0.24117341643378498
17.52350896976763,0.7371112249663215,1335.5936348769221,4.731838983616763,0.9558474913008581,0.22759467112405402
16.683318637175013,0.7551273229167392,1289.345705365644,6.092100713655119,0.9614544434418432,0.21758693407289328
17.456753044661884,0.7822747075067674,1102.1732926283767,9.843592065695285,0.9716669354714674,0.229386072173876
15.802425592574973,0.7301754651286659,1274.7652909599346,5.389716629614223,0.9784486138994173,0.22356984615663086
18.04061358444156,0.7560020288829067,1173.1026381932068,6.209673917779964,0.9629661085701272,0.23750178408129047
17.34552408365779,0.7841363133969128,1382.1120809310162,8.255759596838896,0.9783581692055329,0.25591447979774656
16.615772482274103,0.7947512480729585,1322.5215737863498,13.747490575952874,0.9838235607478367,0.2537365283331103
15.98688765673449,0.6998027069108523,1042.9657975510645,4.299860559638164,0.9594908892301638,0.18948990884259126
16.66348248788504,0.6932220542255947,1203.2271547774321,8.04962174521684,0.9738009479592046,0.20098828883653452
15.301082121077624,0.775268580857837,1044.0271221495425,5.578256280286828,0.9695963048822054,0.2189918908704252
14.364805903183731,0.8409508564772059,1110.8978221240113,2.7297596076877437,0.9612027445586518,0.2212187939854106
15.816980543485602,0.7428218674399181,1036.1051320185247,11.817405187681945,0.9768398015067763,0.20696403158928264
14.738363213264796,0.7305606879784179,1122.754527220761,10.9984018155582,0.9741772949924226,0.20289013266009845
14.801661159881776,0.7145075202565485,1026.307219831921,8.815091988843268,0.9753523384246512,0.19448040707869868
14.28282375431338,0.7278437760107856,1018.9527943269084,8.103253714066087,0.9814154639028725,0.2034968834208495
18.637243568300406,0.7160342302100896,1056.4802471735775,9.928869004791304,0.9722064786698718,0.22147135327595868
18.536511083497913,0.7252615708382701,1077.1566880426526,9.923344188542556,0.9731421376275043,0.21952161464511025
14.405588676011913,0.716163599858975,1451.9813917246074,7.813808644203944,0.9732230874966838,0.21018247040933605
16.805332842479917,0.6541490220784928,1046.3311283798223,4.486734073079501,0.9762710453706221,0.18422829911939773
17.53530321290358,0.8176382861598884,1115.7908991455474,13.70564496128571,0.9767241292016682,0.26134788711038104
14.671786160589804,0.7499560284057133,1181.555776722884,11.77199950802337,0.981599715858491,0.2081991359574482
16.241066744758914,0.7525577515378532,1067.7214177083838,14.75217894214334,0.9862987168823903,0.23079251273316287
15.780823193054697,0.7085733672235008,1043.9836150533065,15.043902440781396,0.987348792531925,0.20237089407320288
14.983030204633442,0.6887187337650955,1282.618999339018,8.367541903536404,0.983295950563359,0.19839979877357314
16.150768314346536,0.7671952008732184,1294.1602521513719,8.052423190369277,0.9894187349305443,0.23534592064028592
15.050381910309502,0.7499413763128807,1027.1353360595974,11.022444111925209,0.9802833555894346,0.21924202699737982
16.928568683354218,0.7548016453817965,1078.791646711264,5.884901102382809,0.9798924931755734,0.23571751693564683
15.485827040261407,0.8084434038793372,1314.493926282949,9.34587039681835,0.9701121882164914,0.22866213985143996
16.418144846213455,0.6581780477599506,984.9826062913884,7.263404923584276,0.9782818210986698,0.19042869298971157
15.512121449111012,0.741325443001206,1233.5176189767471,7.30991017021056,0.967577547937392,0.1989722483347634
17.542848253367826,0.6993540101128531,1199.85220974128,9.908646513775457,0.9810578173387586,0.2171935678253044
14.205801236762275,0.7227294857195176,1121.6450637086327,6.174016766582329,0.9837109180649785,0.20160340579546562
16.569928617349,0.8008552683904748,1122.06322606972,13.889422143532721,0.974011509610787,0.2328191940800695
15.16063243068257,0.7843562650217164,1064.7473892573432,15.873109415670811,0.9633684633981082,0.2199685811433496
15.852085335443808,0.7228703693854834,1239.0880482315874,13.840752298307416,0.9733973106253927,0.2174151572724924
19.2447936863203,0.7612465061052972,1236.1452878467037,9.051973969730918,0.9710264819786041,0.25155433478941186
20.166210863948184,0.7578967930548481,1168.2445610823256,7.071511783389041,0.9780865158496207,0.25582127943999533
15.073570848405256,0.6994395492685822,1434.0471563151752,7.563236023922505,0.9648566610047077,0.20091707007057422
16.159542983447466,0.7457396204622964,998.5862890747903,7.559523311750338,0.9834719662750658,0.2278940460579806
16.366061842117134,0.7281837777833872,1297.5783398644173,10.315260128017309,0.9752058255342992,0.21235967529102112
15.789786570729804,0.7281448537161175,1247.0575332632825,8.8960709112857,0.9727612384492506,0.2145687011138991
16.316806121432975,0.7229743371883534,1167.361390487003,8.19317064594088,0.9828190777950443,0.22382597834661683
15.279512018836034,0.715526550753886,1232.2106692522377,4.917655983887553,0.9847883528897353,0.20989806503265257
14.347689884812914,0.7520713605638485,1240.9180050493342,8.856078817003219,0.9717470144266894,0.20701091891999693
15.407358680385535,0.8030917613708443,1076.4622404661889,6.047907496832909,0.9802893392489193,0.23017156532755906
15.193702864574728,0.7800347052318812,1129.442195192379,8.19026498403335,0.9787560837567936,0.22480453826888203
17.416963820142296,0.7613603490555726,1132.1638719025113,9.759156554851518,0.9821342152885766,0.23705647203908226
16.543690047636872,0.8140073321535036,1191.6800847626719,9.870017683155586,0.9672681902745555,0.25057331373916625
15.29133062822324,0.7502138864999803,1126.0878719385023,7.3510574268296445,0.9917960573690954,0.22508616817116708
17.468614701811127,0.7752237193053819,1175.8762902322485,10.227714684341327,0.9711271818451732,0.2415613332631663
18.05047910896575,0.7845448341160516,1226.8063499640893,8.199150979318024,0.9665460357110818,0.24742026060888755
15.76380638994775,0.7900505487909613,1203.290955721484,9.137520546984527,0.9815835461055505,0.23337880239900485
15.884105494543824,0.7893285644601943,1191.8647960393619,6.109899669115781,0.9806586524144522,0.23937034035735072
17.010145880255234,0.7598163229895861,1002.9400296802686,12.169798889921571,0.9837598962649012,0.2362426550808214
15.698574295564939,0.7130168093694512,1246.757501402438,6.782271460213918,0.9748309841033665,0.21869154755375542
15.120793252093197,0.7123792167528271,1015.1639793096799,10.763791101236613,0.9793673317758425,0.20880966661175776
16.420299433019803,0.7199434911141586,1133.3024375936166,7.0114879514935575,0.9784333766654698,0.225103794263845
17.137867350232206,0.7166938844852644,1166.9353058127308,7.3373977822249214,0.9717162930594859,0.20978415450961585
16.57203296753005,0.6800353965211513,1191.7013325154696,7.510701870507417,0.9711167313386853,0.20724312664494476
14.309921557730803,0.7122438168501275,1004.5466028163726,5.740319979804362,0.9775874882651998,0.1832878992603848
14.326118417469315,0.723900325250315,1071.6694949063462,5.616629859406459,0.9651551658619513,0.19257280502502636
16.20602094872054,0.6876713775783773,1134.331813180435,11.620649287478358,0.9877599005522804,0.2136319541072197
14.159338142375269,0.8030530960013376,1140.996170744669,5.678162939542978,0.9722544380814229,0.2255669362482497
16.55495164961669,0.7824988858091643,1152.630902676119,4.044437520705902,0.9828533577061125,0.24670572710220953
15.213536932083693,0.6771362266686862,1228.0588033248155,20.807145641798684,0.9818350710845609,0.20883976829108108
14.929365870146807,0.7439226116459247,919.4064812324345,14.60346834867137,0.9704741384611885,0.19309016431262746
15.091934954573365,0.6948869816580584,1210.2267925105261,5.421844335624953,0.9841556114267892,0.1921159381318703
17.18997891556183,0.7652062646558839,1236.1139925697423,10.009187679602565,0.9652662788691219,0.2394444227989251
17.22717143183018,0.7340959019255446,1395.884606539154,5.514135471076053,0.9700547228254671,0.23661032945593094
17.450354475720612,0.7535563793341863,1256.7650346870723,7.439194205263207,0.9779090657782253,0.2466713368993931
18.035932426598595,0.7991319773980761,1239.186668192168,7.846712800479716,0.9810309817418753,0.25081211885697346
17.508416400646784,0.767387166100544,1243.9997692311863,8.218757694347964,0.9817580864966979,0.2528088757973901
15.896725320320241,0.8706110346622137,1326.233811490284,6.137250847330618,0.9747847283677755,0.27303352331187575
16.664249360792763,0.9027402535823239,1208.899148564313,4.878334921794579,0.9675212264261641,0.2609285619934643
14.930436961446917,0.7671298323112613,1085.8061130744788,11.902959552090556,0.9858530458815403,0.23136730924934756
15.047516853251139,0.7658598127135767,1080.8139549838897,12.150408639855472,0.9858541227249557,0.2285641463138984
15.642934644287086,0.7644181962928024,1148.8426648581642,10.380753850149231,0.9877370226872011,0.23667556477088147
16.96326133359619,0.6157311428790182,1191.6345252086326,6.590878062884285,0.9698262424806484,0.17283045895594465
14.271396596622234,0.7217063329766021,1005.3889978791567,5.704795643335535,0.9695541869620111,0.18122307250416148
16.312410981710002,0.7118319501351911,1241.3800336317686,8.723372789427575,0.9758936895841517,0.2198945962203881
13.666161701414618,0.7060796032851943,980.1355165070191,11.08344768449343,0.99342700878449,0.18884124244604364
16.470062192462237,0.6919760037071581,1348.2015793419364,6.7717400675259345,0.9788886522232434,0.22004358588159015
16.663325575662864,0.7136181902914729,1334.8022341228086,7.432100600019232,0.98325135301879,0.2147318964742282
16.705351163834774,0.710897366696962,1235.0495895702072,6.973386633559979,0.9649004864878017,0.20132422382810153
15.908507780421152,0.6942582277332681,1183.2684540266453,5.468675389187374,0.9728562152182662,0.19499328482004277
15.909400707789489,0.7645577135780363,1182.1037376931822,8.909510318320757,0.9719009157606407,0.23144318884366916
16.11010260428182,0.7775683566529326,1187.1605175929299,8.230903978564701,0.975701845792194,0.22209849896325212
14.386430837604538,0.6790725275863706,994.1997943602686,9.118717750187722,0.9809760118267526,0.17978697749515618
13.44939619392371,0.6837524229525467,1079.3407866089565,8.629954049414065,0.973396611953813,0.1622324462775327
17.746228477086234,0.7456233960314823,1162.8378915588673,8.255566767617225,0.9700037195200671,0.22888478921996863
16.320402176702757,0.7739473867664692,1194.072983542378,7.1124290605825005,0.9688169771402081,0.23753374018448356
15.710815198508735,0.723178194931231,1152.8655088075045,8.411443835515087,0.9797930959420497,0.2114528929000635
15.531708659047842,0.7204523736963532,1137.1570428663772,9.120971886774786,0.9781577833597244,0.22261096811210354
17.009974593673913,0.7527302772782871,1147.720853988883,7.466245864595168,0.9745356943228934,0.2271056583313681
14.111396857572998,0.7467377856103077,1038.5100588160885,7.277835878374554,0.9782931851049893,0.1997302395748142
16.94601558002488,0.7475333262899423,1136.2101156809283,8.619040793680279,0.9717512105383402,0.22877617320125126
15.341151913027478,0.7334304829430914,1276.894632162772,7.460511883588685,0.9801592111061701,0.21314239035768465
19.322739948615173,0.7929178702572885,1300.9385521049805,7.625173837739469,0.9616506690972244,0.25084001128650574
16.47795674622142,0.7064756621744884,1248.0287113212246,8.165645743360031,0.9860026317796597,0.2123741715048473
16.24424229653519,0.7809243318350029,1229.530241583832,8.538011618044305,0.9694484846522148,0.229145038693777
17.45595610897312,0.7865926874923039,1267.3749031121733,4.854988409057818,0.979685646271042,0.24371415992202877
16.288606653312687,0.727587432650178,1145.779744563996,6.555006879410453,0.9734393077169631,0.21563435002558093
16.644316986123773,0.7707402035394356,1051.081873630633,13.707658195429154,0.9701759722183118,0.2343255906276521
17.76801168408439,0.8167446764456172,1256.2328513550642,6.9548113477363005,0.9733026687433708,0.25343192698504635
15.572760267575926,0.7735432496290692,1092.861703520848,5.016881120373836,0.9783615621924759,0.22511806036732765
17.126962383850447,0.7501987129053126,1272.557976004917,6.47189037915827,0.970831539337871,0.22169467329512044
16.115163306060516,0.8219276535232839,1204.0699058310342,6.940936227211861,0.9585420571515876,0.22758204278926972
15.910003539979881,0.7004202091745829,1172.365150203854,7.110765633315254,0.9830056938482157,0.2054567617843879
15.911689465669932,0.7006940470924816,1100.6615635490946,10.328321669462245,0.9797488044161301,0.203962550014968
15.504210258343166,0.845734473704495,1184.879830500092,5.974089578291093,0.9744653596638427,0.24634305750073754
16.447116381864355,0.7399350703559769,1085.6126660609855,7.171942361350177,0.9713477042799487,0.21474594428221794
16.635768678144046,0.7007285227067515,1087.006837000427,6.740107844375885,0.9707158259678735,0.20351080297603905
15.352425767711283,0.7375336324262562,959.266891397101,6.455082785133831,0.9678084079905875,0.19877972156265722
17.19926332208761,0.8311849575826026,1380.6599091026142,9.937295200894518,0.9761250040276024,0.26519620811305966
15.024414124578907,0.6736080402258029,1002.3968774132986,10.680618417851269,0.9696303295868537,0.1801771313054292
13.539654413000692,0.748783739382168,959.6265505575661,6.401580282392888,0.9819186228466268,0.18336055458593917
14.079164699350825,0.747374663898566,966.3330111238911,7.536422736032862,0.9826373304716884,0.18262508742098396
14.167519680166,0.7134475127343698,864.1410503903927,8.235044621274834,0.9811748625423475,0.192896008885451
14.059359373089897,0.7476371870338122,953.1858329479741,8.234872589821823,0.9653734133725537,0.19762347243861197
17.303817218961605,0.7371858493192973,1226.2667568754869,5.975416354268134,0.9829416494691986,0.22787474162229251
17.797199201780273,0.8055548126508796,1112.787877374747,8.904742905884266,0.9519395855163248,0.2469364051417695
17.240746766984493,0.7613486310408084,1272.0036058469886,4.390613861504876,0.9802687405302718,0.23714487024488254
15.235821773190851,0.7833282343370228,1181.232661341252,9.199603417478393,0.9772169084877544,0.23478511384254144
15.21677501736484,0.7730518336643601,1170.860851266688,9.482260329851346,0.9770736431539936,0.23163355940861344
16.047850514835066,0.7384450215610451,1367.9518799011566,7.8407367285767435,0.9786476973575363,0.2340464527196241
18.37074740476187,0.7346678350510072,1171.3310882446156,9.214902056798673,0.9695366875630732,0.24135780902465753
15.344086435191544,0.7460612308708784,1287.4401357128218,8.625087539030732,0.9850704367116134,0.23065097609571686
17.89143665403504,0.7018349648206498,1145.575403717296,8.410830516501989,0.9631964565313786,0.2151521991635944
16.745361357896247,0.6818744495216017,1062.8772244010333,8.565617447828194,0.9769045676033369,0.20755786503071685
16.948677540434318,0.6944823036072536,1021.1599581328275,8.57267536262182,0.9763094832963017,0.2011910515450432
15.057852365528051,0.7744149892600812,1263.5593586951263,6.165193622604618,0.973062999995394,0.2172040422701029
15.121618749165942,0.7716514447180418,1160.241564778454,7.1486198516682,0.9672047055351863,0.22052578443283374
16.3134590442329,0.8507440264161859,1034.5274436950015,5.0038157373391785,0.9771104084446303,0.24882415717597237
16.894546581244022,0.7314102186742721,1221.5302285582397,11.212393986115956,0.9645371500097168,0.22353287842558806
16.51654294215488,0.7110712027832896,1102.5691164291609,6.576631246706395,0.9695192816273075,0.21359167283084496
16.688689740517137,0.7358162445255163,1028.3002740320283,5.808133244526386,0.9576372286629702,0.21454864594535497
17.332715585533926,0.7717902975594988,1031.7114639905112,4.636012999729633,0.9649220127368513,0.22264580844944998
16.69634653735098,0.7860041748400796,1116.7217356556184,7.386431149349544,0.9806725879439936,0.2368677520040373
16.343854455798684,0.8177042144261323,1136.8231008127539,8.482092748831976,0.9756002762383945,0.24498022777906042
16.497596628292914,0.6835472154738378,1169.9889766570943,7.99899998085322,0.9785662541214669,0.21177644565787948
16.405740387907336,0.700298892865902,993.449163922401,8.336224347004723,0.9655857047958819,0.19119511357974045
13.703600448648857,0.7201627140005091,1268.5846685101599,5.547914711362677,0.980990162271673,0.1994685286622359
15.887764980052557,0.7109844129296922,1370.1334975631814,4.7657105897829055,0.9751949684834628,0.20582289721911823
16.435841440590014,0.7376018972874799,1241.1316871194228,8.76813132284107,0.9769418437292958,0.22579039689972397
16.706482450418907,0.791168826939581,1199.6405767740205,7.735002301244813,0.9730705510213544,0.23955193783986575
17.849221360515102,0.761692111467335,1221.9027651535516,7.520798420366951,0.9672105072311677,0.23920527531489447
17.540592520061143,0.6509483068487657,1267.4956426744388,9.048843653393334,0.9780245561328693,0.19511786624956332
17.101982145701093,0.773038941907319,1110.8412130982626,9.588883377670127,0.9763909202593093,0.24672822400797811
16.990437529548753,0.7180954645363576,1502.1136769192071,6.119792501955162,0.9652949561712013,0.2101442480882514
14.599045883897313,0.7759459778688742,1145.0860947497843,5.861012988897074,0.9766652796720474,0.22163845831460835
15.45342732365319,0.7482641199300096,1057.2804209754245,10.948494841115957,0.9845301110943832,0.2202768708800716
17.837165950474294,0.7893641598479548,1294.6516143553838,9.711939422345031,0.97228369946749,0.2496243795819976
17.171168556130976,0.6849008834267168,1218.6076943823075,6.0259650062467145,0.9682265311576954,0.2027858110070125
17.76177872655678,0.6668297180323057,1172.9318599714375,5.986785601728324,0.9643770609206156,0.2017187730174789
16.640016897382015,0.6984419226414355,1247.1865620459446,10.206434190412981,0.979141762221652,0.21997950608306924
17.206374747333044,0.7084113637595113,1196.280203860788,7.9536825999580785,0.9728135548540358,0.21242704731629694
16.85187443122348,0.7517383679351813,1061.2888000219175,7.865832311126038,0.9619725303094921,0.21639716112023247
14.070644385861382,0.7179600547934214,1153.6626848870906,9.295254406800902,0.9838782704531084,0.19243603648394783
17.940906314400042,0.6936289424678184,1193.2646871875954,6.387373733239259,0.9607215177756636,0.20657535263318808
15.112489005138508,0.7889496719371518,1192.8424682617203,8.08660658017998,0.9894573881363148,0.24089023478426472
14.428037613504742,0.7859197105061091,1244.3737729378702,7.598473595083111,0.9786361612357805,0.2304862620098896
14.145923607505903,0.801591215175056,1300.3976755957292,15.010674316955226,0.9887415942636537,0.23704408088008938
13.921607710604897,0.7315824972314094,1109.1589668418992,14.642770388174608,0.9832009544166126,0.20509873803434175
14.011814889078405,0.7248654279991495,1094.5861012574449,15.164161051083703,0.9829198909995389,0.20696356716652572
13.72318144484825,0.7145966660655392,1106.4155938072615,12.361332710422936,0.9885762446926759,0.1954605846795663
17.80866948824076,0.6758259547198302,1114.8886055790797,6.557017187456366,0.9618372780163297,0.20008327086420238
13.668236895248668,0.7024460386070875,1040.631371153752,7.226777506335956,0.9808239532738378,0.19423124349445844
14.116438650973615,0.7235323141200225,954.556383283014,6.2003785658368695,0.9749958204216199,0.18891968175436177
17.596337630547552,0.6661083907537892,1108.3109602211223,6.260813073090671,0.9795085313512496,0.20608301541139745
14.873450407650141,0.7356278498399954,1272.8155371221576,10.282028780563305,0.98479278088573,0.2110134524024682
15.463181540377263,0.7494663640959941,1061.0970003418715,6.834426613805891,0.9875649739534823,0.21511829527770185
16.161387806238622,0.7061245700491648,1101.167535717502,10.068730382278762,0.9814139667286026,0.20250483675704573
15.979873196601458,0.8247554966529672,1228.2774923368563,5.73972130773734,0.9686549680534783,0.2494578897474063
17.77574052857494,0.765318265842548,1153.9085173779297,9.390878189686003,0.9715635761801804,0.23277171636684207
17.827302255990183,0.7524289424853623,1142.0353398634277,8.709264213113519,0.972185839274602,0.23581105473293051
16.585743492935798,0.8247684237617929,1140.7315800260683,5.569372510962241,0.9648416039336443,0.2281547478806456
17.53662456949054,0.6841310517207159,1331.8724240529828,8.812602026165242,0.9778066117296901,0.21467193961430064
14.536339084026139,0.7395686794656154,1371.0188867267661,14.929524548486267,0.9831996359101852,0.2124984751198536
15.634361822051384,0.7069553481915454,1446.791568877002,11.290096145739419,0.987255993590422,0.21194950210718627
15.66346189087694,0.7049978816318608,917.8731393931511,7.42318521628655,0.9653869338659098,0.18686772742231442
15.832313440074714,0.7182809495149661,897.0897182062446,7.194538782756558,0.9626928317306257,0.18752639349363442
15.97608313023613,0.7928207855113145,1313.428750027043,6.618468308274596,0.9800306579716712,0.24160699179020428
14.604261209913709,0.6289790512023831,1004.3432993245049,27.892480056801517,0.9926098257173765,0.1659578280786153
14.322373573455033,0.6302007748789057,1074.951274367509,25.37835711272595,0.9932427618947719,0.1668786741320371
13.129141747644475,0.6993115068787685,1065.658849648445,25.79607635251144,0.9925262078946782,0.1847146128679485
14.522294581663717,0.6451593386094296,1091.950939582202,19.439813303047053,0.9790596908198227,0.1753939642435205
14.999860155548228,0.6476560909215174,1060.775733198011,21.41724577967866,0.9777211513032761,0.17918162226082957
15.441467884325949,0.698260526711819,1267.7270425181648,10.37301865152745,0.9834076412087858,0.2074976387181721
17.403786018618487,0.6999532797023167,1259.5176785000224,6.422681868099967,0.973368204820243,0.20948527885113405
15.885670691376458,0.7617294566352282,1375.567800293445,8.928537473712538,0.9704974525338077,0.22901789113183005
15.887165237373905,0.7838943501013295,943.9255894259844,4.532617916454266,0.9628946530415524,0.21677057316353648
14.430533626456766,0.7751545191118765,1195.236423060092,8.9267052973705,0.9784536931157743,0.2095110337650758
16.40199861788143,0.7964168458017018,1311.1768203283893,7.1893477091890245,0.9675210541396803,0.23272533245408455
15.853116516532658,0.8353881994073508,1200.8320578727983,9.078718160149844,0.9763340317222793,0.25299351484564137
16.345060133726655,0.7313306581361738,1054.3897001034286,5.3004512214613495,0.97006750558999,0.21830992838512484
16.69109807268598,0.728050211514595,1174.4356679987513,11.87355138054045,0.9737266356587566,0.21987557042948574
14.82121084651564,0.7608416801215816,1355.315011125488,7.296207921714825,0.9794907057342228,0.2268775356909221
20.87138916200568,0.6796428235761588,1243.1608549075659,7.114401303773207,0.9635242756002295,0.22922423280962986
15.914344897912024,0.7121641653786792,1388.7372488044061,6.722298543353576,0.9706335438582733,0.21175810176590756
16.617546274302065,0.7503272329316955,1032.4328185313311,9.284025212593583,0.9762334355272622,0.21000143396505466
14.91603347279483,0.7132765775114781,917.4909025148436,11.19777697886416,0.9658096145209917,0.19001710355597454
13.619974326613686,0.7171351933726867,808.5942132602393,6.823074378029042,0.9830535379127552,0.17588842473122207
13.807609192070924,0.6718281177030716,1097.3042773503626,12.81621490726305,0.9716318886664257,0.17242476920105293
16.06409840032916,0.7320481771363588,1056.7979273183223,8.311551778235714,0.9848519049781159,0.2171557233415599
14.424014188391297,0.7838206185826733,1174.9854122735615,17.437653799262357,0.9850751174816783,0.22824034140562685
14.938105066842457,0.7558525707709802,1147.5942724076042,9.07514254051123,0.9814131124693368,0.21762682008683662
15.642194209178687,0.7829431266019163,1196.0442607403636,8.344139755461203,0.9864447550484557,0.2326870262286509
14.672695343030174,0.714598200638124,1326.2694605932766,10.185426447325895,0.9689732908788846,0.19005201471720204
15.474447423047799,0.7488487737625924,1327.8201635317823,4.990125103639315,0.9822712126781945,0.2160118358487684
15.366509730521136,0.7717061193828497,1323.0272495086683,5.5859473587061785,0.9850570208850877,0.22817514488459817
17.0288639190299,0.824493517426232,1199.139878229668,13.356981601434567,0.9720010219561236,0.2532034804431576
15.979884611822234,0.8253254692802249,1148.4651702933345,8.488428330194646,0.9788360360932044,0.24069185594532494
18.225417911179317,0.7248437279029213,1258.1508094440412,8.852773207558952,0.9674676977693484,0.22949949124397165
17.670442782211317,0.7706149003763629,1263.7234957065534,8.78596206001595,0.970613892090802,0.24531307840620944
15.144526784120242,0.7392728452222597,1119.4387023010058,6.4538233678908075,0.9683520147484591,0.21416677988725638
16.247104620977282,0.6849605807735396,1329.2058891778734,7.0086791625142535,0.9750057931268564,0.19557909242402574
15.941531575953308,0.7353471343583017,1114.4941699251392,7.006459014679999,0.9701045219527489,0.2234139794134793
15.177956392814943,0.738517244272151,982.5747912841556,5.485583394591774,0.9597701808370431,0.20395581407321312
14.325725766450425,0.6910202504749341,1088.528515073454,9.806661504605964,0.9849578497216103,0.19888837854707195
14.918347347632459,0.7517657801703163,1203.3004139360394,11.525624950817761,0.977815530000925,0.21520368200524911
16.04953783226202,0.8167161924898054,1174.8156150853572,9.772051166194535,0.9777784711490893,0.2475789127745595
15.102843506417289,0.6709505971003025,1026.3083925309368,7.834036069906796,0.9790410806591419,0.18959323108660406
14.976992609192187,0.709317197354479,1240.162561753782,18.293151573361637,0.9886320056941513,0.21934967306912756
15.316318367508744,0.7040931550046459,990.1345061399725,13.156267923024517,0.9887329995119551,0.20270970210605185
14.903196583763108,0.7426920538833486,992.4459576747645,13.38370726255537,0.9893282697281333,0.2011749846698674
14.12282343858306,0.7766578633012474,995.8349893165042,10.60277218621479,0.9840405004407439,0.20914529950633293
17.412728428298873,0.676514107224615,1284.5369219455981,6.4139712639405575,0.9672137365948188,0.20890948417019817
17.363438965831065,0.7061908501712875,1161.247290393869,4.689733326888269,0.9622287298108272,0.20720975848893286
17.81504474914206,0.7202782046006635,1177.714616974423,4.504045715467517,0.9637754250915881,0.19808409635226862
16.641196913049853,0.7259394628966788,1045.3168386997254,10.50832744064934,0.9787711187203941,0.20048605157463892
15.706829966214986,0.8127200884011782,964.6512620778883,10.467509867266887,0.9770830817766435,0.21589135616551208
15.411173647211227,0.7717877683734673,1028.7982019879769,10.845740133563895,0.9770493077236714,0.23727246410174982
19.179083424013,0.6911282831434704,1621.0628056881146,3.608102214746031,0.9634323492365107,0.226784972435567
18.309601910762364,0.6501896147002925,1434.1278343032398,8.71070219389413,0.9640345166604604,0.20074898817128067
16.080042677379502,0.7041417896169064,1357.3159110136023,9.513477052281207,0.9688279090002166,0.20529012223694548
15.618012942856929,0.7296208721406611,987.4153238275969,5.912844553760196,0.9811665012646185,0.1999278804833098
14.739884613438484,0.8220020805907253,1170.3731791980501,9.647844813288776,0.9721247206893036,0.2360506704579506
18.498649160048853,0.7475105322560809,1246.9859026974236,7.174411774186448,0.9659364790764001,0.23253445660144054
17.53074871920678,0.6737883361881327,1362.2534963992455,4.373233534147524,0.9584067281193045,0.19283873539664362
14.501125403029889,0.7629521278427388,1117.3771292310364,9.705857594026378,0.9858731828493942,0.21540566406753825
17.352141505446962,0.6931907929099765,1237.111909623076,8.918848040297584,0.9837627932875979,0.2277356571186338
16.938210072670746,0.7091273695406612,1360.369924252776,6.204896586161321,0.9800016990260079,0.21269586638231242
16.451741983467063,0.694713610970769,1388.4757281928069,5.327925879055302,0.981370030160378,0.21527041423508225
16.04488839895084,0.7695119292217424,1243.3056250227687,10.00856950078779,0.962527447755228,0.22167527062738862
17.131180278684223,0.6576277960843208,1041.8686266967113,5.056799612402879,0.9792624280422715,0.19785592292764245
13.507785338744705,0.7294613189223412,956.4577552039173,11.495565150306822,0.974516390666454,0.18636906233307124
14.378319766242852,0.6120435262311539,1165.0087259941654,8.316842709678353,0.9896512111239644,0.1583239637412734
16.692362732249048,0.8092385020913919,1009.5959482270977,8.55226809567711,0.9677220223202952,0.2406414464653791
16.70529284243731,0.7992248797041861,1090.4241571440703,7.93995415954853,0.9716550102595408,0.23542562226218627
16.083956346942752,0.7414845377135547,1232.1187405942458,6.706606135270097,0.9774826909595105,0.21655255421003475
16.335773012062067,0.7890073083387845,1145.2225853623167,8.936065447928783,0.9825630047523018,0.24901513820928536
15.397138198488612,0.6817679169331061,1137.7489990386575,11.343884276859104,0.9867497119626724,0.20508461386903165
16.07133953692272,0.8126318878062112,1140.8038382031875,6.233564794229686,0.9642184615636328,0.2413881647122174
19.431632885753867,0.7403830412076929,1155.4468464312793,12.552134983264406,0.9792610376795985,0.25069169718873946
18.970263758040918,0.7734391939769962,1324.0691222335283,12.77362698227277,0.9617128744832103,0.2533428866864112
17.571678964061224,0.7351732500730294,1230.4527221166766,8.867953648221377,0.976796526138926,0.23098406271767347
16.55390089338583,0.7282955637372421,1281.97422195019,9.969816287650655,0.9798741195282903,0.2271806095980214
14.536083248018056,0.7331565075533581,1018.242340445071,33.88175150646148,0.9829266399594986,0.21681022719048818
13.790428522258944,0.7705367223765777,1076.7243049662075,34.77542445254694,0.9770904243917642,0.2008175603369234
15.076382169394284,0.7610564931617504,1036.3247859320463,30.8178141422594,0.972044039890656,0.21198376194743274
14.918357447245466,0.6574307994103824,1146.7479732777117,33.98972397774332,0.9915794691137045,0.18946251144777532
15.458269746645609,0.7233579134378152,928.7352244544019,24.913979624534065,0.9731982426138518,0.20977076899803876
15.743591730310348,0.6934981371448043,910.0604216288463,19.776786491410075,0.9806749828757454,0.2029151244980294
14.111999304230027,0.6922327989232129,1174.1926998456668,6.597582006703506,0.9740173689962608,0.18721218421014565
14.213867421353186,0.6825135864560842,1283.854137318532,4.246015875027039,0.975130567377769,0.17790020956538138
15.083482491569168,0.6870867723384699,1346.7059893728122,4.6246700144596185,0.9647082517765003,0.19424533348151585
17.1733284632037,0.7640495776742453,1168.8156610793112,10.295421152980552,0.9733396885491941,0.23323302827205075
15.343118575107328,0.7819485642173072,1251.081415204551,12.569116698869667,0.9842550143092921,0.22807810273711127
15.435400081721003,0.6825240198194061,1264.3513867594543,6.872407558182397,0.9729080344128512,0.2012021044728152
16.040279802480093,0.7345889486331271,1176.4725792403483,8.471028715025575,0.9702799984310312,0.21368341391582102
17.476356446032533,0.7864741592672327,1118.1690413277402,9.573499790968842,0.9779173196932726,0.23898274099025735
16.484943444077413,0.7035269813906863,1080.0206687846976,5.483069114355073,0.9650143317292186,0.20108060506737982
16.168884914660346,0.6721988885243609,1244.1947287198136,5.095725074762373,0.9634385954998139,0.18520602918945045
15.261191738793855,0.6618534011784597,1250.02996888311,8.233692795436152,0.9758975467334097,0.1897185582510242
14.148935304436078,0.7075197450522167,1011.1839797932525,6.496103492369419,0.9652456683630246,0.18170237914100967
16.794756481134858,0.6503661132381363,1292.992688274928,9.03824916302115,0.974524553807896,0.19593357082540164
15.544388076499798,0.6643577684949356,1226.9049908225938,5.846534652007391,0.9681149900372888,0.17765641727538947
17.234440630798115,0.7229709440633377,1168.9035129498632,9.666581372936509,0.9675087565742736,0.21228642337748635
13.901763169826959,0.7002415252355875,1072.9812125755673,8.222306622902382,0.9744293290886931,0.18884498868312344
14.471478076733778,0.7029138399576277,1006.921462907273,14.324069428113713,0.9858554203202864,0.1892644258644582
14.139362200580015,0.6825532137309326,1018.6691638560369,15.503307831145563,0.9867810571852736,0.19337288106998407
15.515083434852574,0.6584917479690804,1145.5849748023395,14.037490788513225,0.9861063090229681,0.19283719962220416
15.417721094285683,0.6368898652931066,1135.4326703813445,14.514452018914218,0.9862320551237879,0.19965193478347495
15.174879966219475,0.6490095696893676,1160.2762557558217,13.947097021942863,0.9856951321422381,0.19040277598985147
14.925533489702865,0.672208310493102,1115.3692484180888,8.194660686137384,0.9912114329519102,0.19506628955603517
14.055493742064124,0.7545629289008732,943.1431383681397,5.483328743426748,0.9928312894613393,0.21052276748142845
14.32227729414187,0.5869657739346164,1365.9275181816251,27.239533767210126,0.9809987620386355,0.15403245175430003
14.929124416897047,0.6118223716134257,1284.936585940576,26.514008349493512,0.9735599211323005,0.17552860358259056
13.523440318673014,0.6090377398437116,1266.1229064557012,27.399468677045068,0.9833330528564169,0.16530310089873348
15.38675828854679,0.613115220064436,1230.5447383594449,28.75691756332776,0.9939489910399822,0.18002713896370412
15.71803784634779,0.6203863081894522,1293.8893206734906,27.77819303891049,0.9951277245685493,0.18938743161349253
14.258044490344115,0.7131470821855813,1174.0200640152284,29.402171525811305,0.9927566308627308,0.19870350508946638
16.73518461504491,0.7932975438770642,1078.3589225206879,27.68113551043578,0.9833225954961148,0.24619004301537614
15.519753733004386,0.799872927089686,1186.8295028907296,13.501605098299741,0.9762212212974118,0.23425821419311896
15.701157710147566,0.7899818726501817,1156.7001688389785,9.750621525617293,0.9842734339834214,0.22751997408816474
16.164123444163362,0.6844206702828806,1144.8364926743047,6.08059204698486,0.9941857266513522,0.2162040051711703
16.600322667430728,0.6932930873212821,1129.4275583655344,7.569494950980737,0.9943301966778775,0.21413926322037485
15.54712405651874,0.828571390312414,1273.9688564807964,26.206039131873602,0.9818079322597125,0.2451942183333796
16.01027545436454,0.7287245660739781,1049.8599276082991,2.9430710577795485,0.9873617593518162,0.2126422114233981
15.140829347632872,0.7069923000475201,1165.4573826915876,7.530267266879312,0.9772285871893531,0.1985048572285014
16.45016208355461,0.702462499340462,1147.5497633972107,10.424003277880715,0.9860966534006546,0.21692369767747657
16.584957403622603,0.7889456162536361,1029.4660858758411,8.952208506150175,0.9553080923620251,0.22331885726879616
16.634029111468536,0.8026841480280719,1135.9215288874977,5.433333243912216,0.97772737036971,0.23800168349535455
15.38854350903339,0.7451389650929928,995.8834088441744,12.27442930837124,0.9880902023916346,0.2096456818034039
14.96768337821407,0.6330265349080104,1212.5212199462358,13.13835416199769,0.9736717778624134,0.1706968169378974
15.657023375373575,0.8202115124716183,1041.6089926856916,28.626640179511785,0.9923991727668912,0.2467323397996505
14.451658098715392,0.7861023129778075,1085.7804732485927,3.791351661092992,0.9864412735191276,0.22308379504628864
14.413931662032219,0.6597615538010821,1231.2955395211316,28.12948390683551,0.9735760937372938,0.18270693754328576
14.240827601556024,0.6955573456301919,1044.358108036561,31.32786533828586,0.978359353806454,0.1923689313172518
15.72748309410684,0.7306963411496384,1093.848164257169,31.762509509546096,0.9920019204999277,0.21355420108556789
14.33917886380108,0.7236620095092375,1136.7573449696526,5.88046594573117,0.9725729670359066,0.2037388585727972
14.602105854089642,0.7560385398384483,1125.762129621896,5.85527465497048,0.9674079286751114,0.1952904711944075
17.010957555575846,0.7296911616136659,1111.3688590725903,9.034619983654471,0.9887356936577572,0.22849055747757327
14.515985914838856,0.616659583134749,1272.749884740916,7.5149314438187735,0.972069465634614,0.156404570492586
15.718300225414499,0.6519580021548285,1155.8838269649966,7.177299945041715,0.9678995557039,0.1753546142094856
13.633523620260863,0.6367838031189584,1241.9076035958833,7.41804135610249,0.9821809390943737,0.15602266762199665
17.407448413762317,0.7892608317800603,1031.6800382194538,7.778454602934057,0.967496303332726,0.2301643587980766
17.34597191896908,0.7847390027669656,1023.7166324194421,8.684613229884384,0.9675453165421597,0.23765825990236836
15.87549373827664,0.7482840430038116,1392.2774854263948,5.902430340398016,0.9790247412162387,0.22352505958984262
15.49317169036994,0.7823306074184901,1218.4239745581026,7.832355601084421,0.98481455976573,0.22923462952987128
17.37731896110352,0.7347362542491429,1161.4767457656858,6.939417828380863,0.9570213445865958,0.21177617413567723
16.583422970577846,0.7248640600097437,1109.5419316789676,6.316671876127687,0.9775320442512729,0.21400182601221368
17.365457606463035,0.6754501821888262,1010.9546352576183,9.873455466791203,0.9583998297235441,0.19308789055351266
15.650303668529071,0.6568104404866354,1150.4680835767658,3.8192280645291494,0.974155903903402,0.18233094953407092
15.891149539280647,0.6758726938370208,1192.29429429141,4.939736715305138,0.9748893741425936,0.18671516746503872
16.429519609796138,0.7480044993713391,1147.1350967660132,11.989596203540986,0.9709151143756847,0.2273151823923874
15.909779379626082,0.7722837246307376,1077.254920095982,3.896385888147567,0.9717826316119506,0.22715953958802199
16.541987106795332,0.7992419756740023,1198.2810112251564,13.565392993092145,0.9696149598487185,0.2367844177858851
14.892898923304848,0.8206699026995318,1061.5844119051833,4.584923327075231,0.9770229321892253,0.23585399799612397
13.995296687889839,0.7827315837629475,1060.9476158416778,12.475840123426385,0.9704827814163143,0.21396557857232493
14.855334626687727,0.7312882071556932,1072.5454508059022,4.961370404772306,0.9819947322823266,0.20848250937047108
16.54560758560758,0.7322601887508862,1131.7525860927965,10.772221279641698,0.9676490625680751,0.2250874962940566
16.864575909714166,0.7249981936255606,1170.6562627867538,9.659148810869901,0.9597570606119835,0.21053434292617756
14.105779909403626,0.816163208924965,1323.6192183835044,7.656905355222068,0.9679861259468703,0.23444284507267402
20.702658942868222,0.7436453701831033,1211.7468954362832,6.984381598435217,0.9708291535570838,0.25945272618423293
13.537442384232905,0.6936338828068707,1239.3694075422868,7.154373835176748,0.9737134819311247,0.18934719763534835
15.89011248511971,0.7149042512534423,881.4154281599087,8.42213742148183,0.9727955363744758,0.20563969375771374
15.953416397805448,0.7151900409239976,891.73443492507,8.079964738068133,0.9734292324542676,0.19877765715315288
16.030861056407307,0.6775411386945193,1145.7932463436084,8.383282532092291,0.9770395369684178,0.19298091389924033
14.25877757815465,0.7417740265999827,1005.1599397855332,5.952560252804125,0.9734144421349094,0.18678297671322425
15.876053675656278,0.6920872951833187,955.9712914180408,9.796014896607833,0.9791498464838782,0.1884908921606199
15.103369235336437,0.7750183330024615,1240.153306036512,6.705768139321545,0.9702360898598645,0.2196218272519259
16.53926811822258,0.767428809517341,1059.1522932073447,4.5130476861957085,0.9555386148998083,0.21042103942303897
16.464855743110295,0.7653084109505881,1090.427524777647,5.4793106312564595,0.9721750418574078,0.21655470052318537
15.273220040115655,0.8099747816991476,1175.7357198106642,4.255203665089404,0.9638118061404742,0.21881309256603884
15.221466805890731,0.8125486653606001,1163.9561098559655,4.547187826817894,0.959171186426483,0.22445065873549724
18.041797033987063,0.7033763144320199,1187.449409593348,11.535831853147231,0.9810409019735913,0.23002944716633963
18.91891523749488,0.7059666150745642,1075.6389333338018,10.373951731495517,0.9657835189373992,0.22767638640970292
18.157377948832146,0.7090878245626404,1118.1837749474932,7.745263814578122,0.9706800411602232,0.23393851347250233
18.223071734512008,0.7175638879436065,1152.8635289978126,7.949517284015654,0.9758231232662893,0.2190896038779948
18.062054032513622,0.7053561722333821,1167.3885554536773,6.419499467469296,0.9753767965708546,0.21647765954418494
17.024816618433864,0.701035408302691,1201.6469255399884,7.525406624553323,0.9729583014199621,0.2125387206632073
17.58510755281179,0.7915201813232393,1243.8380588489074,8.0841219328435,0.9704195609960585,0.2485288580904648
17.93094161787279,0.7009080685128307,1461.2045187793185,8.7861549904855,0.9826790588110406,0.22989574174756894
16.542940594540337,0.681726478014538,1407.7061002731693,8.37123537183256,0.9854256354654657,0.19915795180647772
15.785587671614088,0.7049619124063168,1262.8587367646778,7.351381637899076,0.9800168390444627,0.225065958523798
16.364000305741722,0.7172350101683208,1213.0442260540287,6.687242688348206,0.9792314269750874,0.21165573023651685
15.973661773316286,0.7145533233709608,1186.2861397128413,6.811733586945783,0.9763743586834179,0.21308043801805743
16.46387580288492,0.7825240375139204,1085.229683609755,7.3120903452340995,0.9813020851829812,0.2446546569846978
16.544256653365096,0.7210115678267044,997.1163263019132,8.00743901726668,0.9801580461548022,0.2200023079374473
14.975452782546704,0.8010999960618129,960.2529434035356,5.526741286558459,0.9493369415043516,0.21108756413238736
14.75957818028269,0.6944340685141075,1186.3423707552754,4.01146590500023,0.9791132129476968,0.18090877891264703
15.69017143267077,0.7859935911455498,1168.2403542837365,15.144237673082408,0.9852054687086257,0.24123595594058475
15.082150669075512,0.7186886135596332,1066.1836725963092,5.370028076350198,0.9693019415893275,0.20056144922861643
16.03140548968158,0.7167757191736263,1044.8592444198975,11.869387979829675,0.9754476085941606,0.21081471090424508
15.974589495458597,0.6555828126336114,1237.8650774297496,15.574342492578605,0.9760680146509396,0.1961842810420552
14.535813040791524,0.7446695421213797,1260.167775872587,7.1404197698786005,0.9785539074714266,0.20342982775025867
20.307156932587684,0.7465097387020166,1235.3538549850693,8.823502007992126,0.9677762191673323,0.24098000987885956
17.29000937884859,0.7310037537160982,1426.5650236851334,6.82175689281857,0.9764317261865308,0.2227342209249759
17.64985559206687,0.7132509349564904,1529.4422458765137,7.621678190106978,0.9787975433430879,0.23696388810585903
18.854055840190707,0.6870589458904182,1696.8621326408318,11.736975590893701,0.959103764915507,0.23441116042811289
17.983044928784686,0.7351743342591126,1183.8810648777483,5.013401645775936,0.981497669240026,0.23144439765559752
15.434260061982924,0.7249506589170847,1060.5506473269725,17.570942833738695,0.979119658976903,0.213512148973207
15.48008745215132,0.6949868576885384,1109.1175320696411,16.904011577758332,0.9737014521530025,0.19758719345636067
15.173058470848416,0.6919942538065897,1122.592461780883,16.70916480606391,0.9774346763867203,0.20197914928244204
17.74295029354061,0.6827639841487988,1099.7573781786243,14.120435767228763,0.9769868744104079,0.21492549669414074
18.13790717572426,0.6946389142257078,1229.9594839339386,9.02419192938907,0.9829727393273143,0.22318134293222439
13.923573205605008,0.7493634589128465,956.3336706618927,22.934904915182585,0.9881042045899375,0.19949243919118537
16.461074388203592,0.7324281705150527,1409.1893631114547,9.023010171042262,0.9513285714692954,0.21704074287983902
17.270592781362513,0.7467439820103243,1316.1188821182334,7.066927931871759,0.9913539149276527,0.25023921745950795
18.300057066651444,0.6695074191934498,1384.1817083328885,9.029332279313554,0.9804260502714623,0.21930689409254503
15.678555041501578,0.8334779237297713,1003.489914927269,6.164973629789757,0.972661235759892,0.2425942984916203
16.373449597024344,0.7779747551161877,1225.8470155252548,4.938134832614727,0.9629613360613644,0.22178051898247467
17.228343452384955,0.8014441414391797,1110.3416544573458,9.46440200313596,0.9673659262062296,0.24458773365289452
17.713148292694374,0.7930268306542216,1160.5389616428583,7.615090429891884,0.9715838319517557,0.2460663380292544
14.991003216326753,0.7507409934920948,1014.866931241786,7.22936521347644,0.9753067471153398,0.20437240839889376
15.17943680397885,0.8307384340342234,1060.1620324016803,8.64756727872702,0.9875269419775453,0.2465755953958743
14.744988677775519,0.8677070628479793,1079.5435005169995,9.001276760280097,0.9894953631823129,0.2551497106591999
19.00401924533115,0.7101652721784306,1409.8665502340516,5.25168829893233,0.9487731237091437,0.2311672917242041
17.476636199444226,0.6985424024124792,1368.3732917205396,7.0216072095971205,0.9719520225265973,0.21311288008189982
16.84181208151588,0.770270081270666,1150.5666910005693,7.193459515754823,0.9693384752557861,0.2328963261858499
17.036432852451803,0.8144197390892057,1105.2970127447707,10.503364668554061,0.9710561281988959,0.25005059191399814
15.073561732671312,0.7954831007403381,1186.1191036267955,4.36462721954402,0.9693520253645772,0.22104156808174633
15.842915586960414,0.7691324910433247,1002.2439505788121,8.652295930965908,0.9701964300003839,0.21248119417396716
15.375702317203169,0.7510507139545075,1046.8934881111843,7.121700463867645,0.9750054126778419,0.20478527740805455
15.988129266469313,0.7539317965667441,1145.5563248084713,4.549574673709057,0.9719118366802272,0.2161762502421562
15.83732600725242,0.7172037341991024,1145.70005158946,5.793357658098064,0.967356449890843,0.1819014429513852
15.579097556573199,0.6918942637846084,1169.1159142686702,6.417171795206418,0.9669855478481385,0.20136727478901237
15.322949374536341,0.7561212736476065,1096.5894878370602,9.496581215789725,0.9802683684516237,0.21588402604471113
15.072670806400671,0.7653594890953586,1168.993306555899,10.572726620756264,0.9810873172906209,0.2203390329076417
16.51870130014773,0.7219246361656805,1024.9644850664158,4.7428639336243945,0.9659954208681562,0.2027421664779016
18.121725856625645,0.6697203842772861,1219.2290060216772,8.621466266570826,0.972076525157477,0.2137447398317307
13.206768669620098,0.804071042883496,921.7368103769003,6.923947146869073,0.9744670309163354,0.19567545982981513
20.309919910547762,0.7370713490686956,1497.5829970837842,9.776526198476505,0.9680223485120648,0.24867995272449334
17.40379513573694,0.6955781465831352,1641.7128240511006,5.6175723503989925,0.9764407582126593,0.23008365888624216
15.95513978981363,0.8763946337321592,1035.3763941831348,10.085979935342626,0.9695998214422411,0.2523781929022913
17.731226594774565,0.7054227528237221,1310.2826112646771,5.4092628827504825,0.9723414302443941,0.2333128324233543
16.816698177913945,0.7815062428480042,1189.7081630505252,14.987183614173293,0.9763234587565609,0.24362028005223857
15.962928690784981,0.7823375122511603,1191.8805694663147,3.8321767458736633,0.9556059813102382,0.21047372183152221
17.529309182099034,0.7194084412871814,1271.173441875268,11.466831915309829,0.9855542825146303,0.23299433990058838
15.12801913346695,0.7267783681663055,1283.3792522527676,7.921763955036682,0.9685658998236307,0.19586711887573938
14.643547893466705,0.745070714325489,1224.4467443975525,8.771198388477305,0.9762806804028679,0.2178076334982942
15.196522423844005,0.7208838114096532,1118.1186420843094,8.653041419248874,0.9725286459680045,0.2023017573676747
15.773072589224945,0.7079914736752333,1104.706687524947,8.997156640914277,0.9679228111394522,0.19887632863786725
15.29783186158699,0.7083797550146157,1165.776171648881,5.704444196223141,0.9727066816228489,0.1919239266056107
15.748794111037757,0.7010673543291063,1083.6206043373334,10.331125461303676,0.9715159784192313,0.19389595649677935
15.829766746955054,0.748204015578827,1145.125275539296,10.860154729486263,0.9890584277140257,0.22983933116959115
16.820279253353466,0.69039819746852,1215.078328567428,8.77665027605289,0.986627461287479,0.22183701072320272
16.58945056309522,0.6856163463001073,1065.8383325840657,11.748850488180508,0.9837604410386674,0.20882254268942044
13.720231189223915,0.713950443635427,1122.3147682017493,12.118426218656207,0.988482358885476,0.1983036434307202
16.227690507456515,0.7102216048896794,961.4227388839925,23.777776886173616,0.9832930497223858,0.20266981604393022
15.895135570939015,0.7238798011507821,1118.8722499502085,31.38948145219023,0.9624353555596963,0.21016468631744972
13.229083868041311,0.7031321435165604,1049.0510774592801,5.209114515256331,0.9971295976780038,0.1750290732343273
15.965196404006564,0.7426508555816466,1226.0605821410343,11.391125169818707,0.9992555160778757,0.24237535730302096
14.294431571240832,0.6789476423215017,1006.5845144544511,21.577576200450824,0.9740432980537976,0.1882022101924488
15.058998560593094,0.740705226809587,1090.2108466646673,9.563146795792267,0.9850156920059076,0.22041635550922237
16.048491998343035,0.7505088076563227,995.6907815920008,9.382051482363678,0.9833125628008906,0.2142649055734601
14.725183905225677,0.7328866212898262,1138.6050542382427,10.099150292044857,0.9935810925501829,0.21485079200705542
16.393784968295286,0.6990924953433097,1128.985273563286,17.186000526624895,0.9867272524209475,0.21224202979767248
16.620967549969894,0.7706100894804162,1081.3138465094785,16.782668325415976,0.9848301827686861,0.23044505865384046
13.764181268875069,0.6679572792047924,1095.8973671592846,26.25443709499641,0.9868155849974299,0.17303812627270196
17.487355627895035,0.8213565362537649,1201.6527866430895,6.400241806417234,0.9744068537743594,0.2631225051151526
15.84687234672741,0.8391930567853548,1284.3517564097822,10.334030818852183,0.9832517481339782,0.2538438056867132
15.834666340937469,0.8612818639318425,1184.765227857489,7.462881399014755,0.9755921933759214,0.2581677820913739
14.734440487150204,0.8876497415273072,1210.549551008811,6.425113559962377,0.9721868961065421,0.23994910413896586
14.95574870523131,0.8972574185018015,1196.6059988718064,5.1704277356761965,0.9749593324393697,0.2661687049579672
17.107365441469483,0.8833066065337578,1155.8491125510673,14.057854761889198,0.9702664790294148,0.25457060162320033
17.45884419904373,0.8924029401352189,1202.573545609519,9.452738018436568,0.9695548910019606,0.2642569152563718
15.58173027471878,0.811248434993999,1288.0153474421834,5.461151283463874,0.9740204188335696,0.24830307627537346
15.8869578569762,0.8065619738912052,1302.9709565229675,5.6086881776841055,0.9744069056124463,0.24899489143107306
16.056404082582183,0.7304596443587902,1047.2592147023845,8.304115918425385,0.9626642718810258,0.21280990948902975
15.922978459263918,0.7193149828775026,1283.7246185330087,8.785145147214314,0.9821729102044474,0.21646319657069718
17.079973968825694,0.7541109106927156,1151.492958460438,8.313886960937824,0.9654594063994644,0.22814628653529537
14.650100723881987,0.7086192546800231,1201.4993690717263,4.946444943030545,0.9773919240254207,0.19350239424985993
16.189467642561127,0.6933139166351961,1208.5363916087526,7.978296882544978,0.9653563725891162,0.2081052951661102
17.46282076220636,0.7450405494589252,1147.779116218542,6.051983657944255,0.9625982434047398,0.21770249002287298
15.343865960796837,0.6890532601690995,1180.1736531822758,7.835695555705557,0.9765546055685848,0.2020501259959714
17.77452818578462,0.7143346802717839,1132.0374881607272,10.895576178861598,0.9697597128785161,0.21746393465948932
15.298934742833113,0.7781077455990725,1236.1359501610168,5.931813731943101,0.9788528478575839,0.22050752190166426
14.25869673266277,0.8007194778499909,975.8331694822268,6.983157730545441,0.9816520406878287,0.216716716688616
13.947517771813187,0.7768785784400662,1158.5952167681085,7.110036184734064,0.979515051049277,0.2094547538968855
18.53179754770754,0.7084009321925812,1120.145753435501,7.325564346647774,0.9681167340599448,0.22859725286335386
18.332083993014454,0.7197804194202408,1086.6209849191532,6.165792103813057,0.9665898636765551,0.2160780366610824
17.614000623177823,0.7406965466742429,1123.8619608896697,7.483203755202355,0.9707253788497358,0.21838067186383678
16.673917367186554,0.7326858330369819,1169.2308509392847,5.8051795953684815,0.9845415493093035,0.23113207659732526
16.352431815140967,0.7512150929547151,1254.155308929749,11.100427252591357,0.9727487412721358,0.22089935503298397
14.203417804360338,0.768242838536862,1383.9247239819026,8.209300455026744,0.9725295454394186,0.22179844242171254
14.564822094250719,0.7483916967008915,1134.3452843143987,7.425629389778055,0.9824146214759278,0.2117140550280129
16.428969322069,0.7553858345203679,1049.7206474768147,8.949947822408587,0.9827220427155668,0.227329403916698
14.988324761990766,0.7667254094498215,1102.0110631632124,8.004587190792726,0.9838388803392043,0.21938079296983642
16.842140812374858,0.6346234525568002,1302.1485578889726,7.406223273216626,0.9605347645852397,0.18265744947539364
16.726149293501226,0.630474406797428,1304.2636063342768,6.719522796829128,0.9658367828421949,0.18386330820928976
14.57444051203468,0.7346502352824175,1140.7112438655015,5.928936987436071,0.9737972653564699,0.209790654610179
14.726885649151502,0.7395147488360084,1141.251533465867,5.789207695723354,0.9712930673229064,0.2020545890279631
14.330712585107,0.7539319801899719,1119.1541047495177,6.524599858989927,0.9756176936094633,0.20382446908663615
14.88641011384475,0.7271804265553962,1106.7068865011388,14.09335528735644,0.9898377090688956,0.21098401982912962
17.009901178286363,0.6644986393378522,1353.2063430225871,22.2670028712654,0.975901026004777,0.20820725092067607
14.792444599617145,0.7179011424384149,1162.7107328912216,25.547187682384415,0.9876688264903027,0.2073610281469524
14.570939501706139,0.755994088141712,1162.8733523760513,33.63329413685459,0.9916463150366529,0.21793013549815302
14.59128944367558,0.7383498954413737,1151.8043666276062,26.186949488695003,0.9737814816984361,0.2129113370830742
14.899043611918255,0.6869696319208829,1175.7960421127025,27.992832438752792,0.980973314752201,0.19678247632863785
15.18326070510221,0.7490287801712137,957.2345387184005,36.107029221565845,0.992898750113748,0.217255968510304
14.78844942935033,0.7087808044995002,1225.0500222453081,18.92494759675669,0.9959441779990312,0.20520327208839584
14.449798549299159,0.6980978765601935,961.8294277952359,21.59501796569916,0.9919290226695144,0.1879346360293747
17.232536024651974,0.7416281578301688,1275.2437794293623,7.060061800658181,0.9926960775368794,0.23995086460119391
15.664176581483643,0.6935511099175965,1251.7875257217231,3.4387067659337855,0.9723859964537941,0.19152526797509623
15.818905797911992,0.6850966579606242,1287.5265055595626,4.466405544522602,0.9692733819375671,0.1903279612029007
15.706583172161606,0.6758851534693855,1282.2462682702221,4.828970203950669,0.9674837232173396,0.1966148179365817
14.773529511175164,0.7344650005904431,1127.9685945367664,9.646535166947855,0.9762805824667751,0.21040808934619407
15.034912846109476,0.7103139902241792,1284.4191647529183,9.327172213327083,0.9781022534491906,0.1971723116678902
17.69682126966153,0.7698807692929648,1175.6932467602649,8.659541937639135,0.9929711116735854,0.24580708473979368
14.633639967388584,0.7202863314045167,1153.6818897939274,4.456710205363533,0.9860164182438966,0.19542235301389851
14.38425644143926,0.7242523694687177,996.6929269289947,6.38607590519065,0.973883106154546,0.20195023448529534
16.17462150284427,0.6276992444246746,1296.449716029439,6.761364742462391,0.9812561054907999,0.17740920424660253
15.879107208318066,0.6893675912697595,1157.1056860143265,7.098712143317245,0.9521488785911366,0.1956793160513566
14.04196716095315,0.7046485683029179,871.1362137969325,11.088402990270799,0.9891776373464881,0.17434324502451776
13.808801824238564,0.6947025871661477,929.3909594886985,16.6210996068961,0.987601733536236,0.17175704034916267
13.606410111395402,0.7124927989127965,994.9465550626475,8.576691374615313,0.9855922205691183,0.18531101331611163
14.610944529070474,0.6698843283362835,1104.0690649390626,8.763140129866747,0.9639157077088893,0.17492283687855928
16.46652741169705,0.7015290683358986,1403.5426617167827,10.017526234454545,0.9811167593275679,0.22534850665441128
14.617548102253672,0.6460259076736169,1165.212838379105,15.031761684331936,0.9889633506070843,0.1736741083945189
13.652707706865137,0.7271255683536012,1394.3651921275325,15.99624617001328,0.9931118433511281,0.2005487682337308
18.30103523942279,0.7401203760141295,950.7811474459146,5.414632667772219,0.9539581451315632,0.20705448806307813
15.182812763498216,0.7063742953501413,1438.3522606330982,12.523179004936386,0.986832150749111,0.22428884583786235
14.574946686533945,0.7295117119805009,1511.606603049712,10.225449523009239,0.9872046273190767,0.21449264592971262
19.449185466511945,0.7258551649931798,1197.1623252401498,7.963010525471439,0.9734988748889684,0.24588983378847845
19.579207204492036,0.75492466257003,1106.3397157990703,6.012222000154602,0.9328358939596989,0.22333314324010306
14.813317351395922,0.7888304864240681,1193.023528728673,4.414472720837967,0.9859225662103389,0.22621210777125755
15.30778709536361,0.7839690787573445,1169.3748253268045,4.113699985233151,0.9850759370100165,0.23187087357257907
17.08097230264493,0.8100946868445491,1188.2489555540055,4.761820414571587,0.9830298550044217,0.2442620848626506
16.37265465231228,0.7764114252412287,1097.890216309555,9.811323058123909,0.9867912932873827,0.23162261072854676
14.719198703535099,0.73632359535772,1021.8314411857103,6.854809306123914,0.9908664930175741,0.20576506640349784
19.125063338710387,0.7436102606588972,1272.2214181010738,6.373099538718472,0.9834573791645671,0.2512554346546594
17.40148780402669,0.748996536305341,1243.5031576658155,5.52205395885638,0.9818944986685323,0.23500558109286182
15.354380986365351,0.7127514241256212,1247.0155735482788,9.821814985993234,0.96379583362382,0.2044067448480365
15.656881344791536,0.704763034718835,1276.7671967255521,6.2658242477195785,0.9786987301825144,0.20094124122568455
15.748397198385785,0.7022393177359543,1262.0383177621613,6.3184823095432945,0.9783041268187695,0.20043711221953198
14.514297382643784,0.7215044799188826,1066.4710961613202,8.897892914071406,0.9730955222958895,0.18814821218488487
14.39394049630235,0.7170633694603613,1030.0885038718668,9.478592029869736,0.9719359066254782,0.1854078438639064
13.1427254113509,0.7145752140414701,940.6005815809789,7.383954270832273,0.973147264203929,0.16446674436624265
16.779810652149497,0.6849062781342288,1409.1443957779766,9.23227247679748,0.9943296148246129,0.22927247339148402
16.44550625018913,0.7639817387807606,1357.9300051809334,11.642054505096747,0.9963795787572113,0.24435905740490993
15.162646679248162,0.737475754638084,1285.2648887868356,11.071365591390595,0.9955792047938581,0.22809528361618003
15.045090383475712,0.7456198862576773,1292.2410848720456,9.688272228370824,0.9954301520319713,0.22383334653150477
15.927589012761224,0.688888693431714,1219.5094860682912,13.667428830389232,0.9977391272304368,0.2118459136036429
13.982147828336723,0.6924612223909592,1029.5971562211753,12.2313091937968,0.9974486823723189,0.18829169104085627
15.86376604342611,0.7152387413352679,1166.1303079146264,5.1510203540493436,0.9911726961809751,0.21600957526437764
16.203956177025436,0.7395069751146857,1281.3956337800948,8.26210454992002,0.9828850533227564,0.22831351097749228
16.513009198784175,0.7412418188856581,1255.8858367327464,6.095923517356619,0.9779742426798693,0.22390653486600157
16.129617565251966,0.8568656096183235,1059.3163125505764,11.87184641507488,0.9755071410976043,0.25638157240480103
16.4101856343612,0.8492076125894785,1122.9129894138184,12.267890702410703,0.9804470044508474,0.24885842670400365
16.858940407978103,0.6923550847481018,1361.4746863431883,5.539127342466474,0.9714917448502102,0.21129777216233867
17.763881274287865,0.82336046978923,1110.8865868767275,10.525648953970078,0.970293301017711,0.2573358673023184
14.859912708087526,0.788286670694696,1309.9681028243228,6.642150095173624,0.982325842347505,0.22321547716695403
14.613016949913135,0.7869757072198638,1308.359536781002,7.391420583556985,0.9709005227599472,0.2183926509273687
14.026793338623222,0.7796636017424373,1100.0886013212414,6.31363205745112,0.9733286379630934,0.20526252272481388
13.763522914868602,0.7885122785034739,1096.56652900602,6.365494035484873,0.9750332745003414,0.2070140490130567
15.470699165396002,0.7843271625117811,1097.1094700552792,11.776537199150601,0.9834836427965001,0.22628937839069088
15.35743854278084,0.8156727414564678,1200.155759548367,8.705874584007654,0.9718308452505738,0.23204385433281632
16.848873360051325,0.7627257029127232,1168.166250722428,6.1025796448083565,0.9798584165292656,0.23017373649181136
15.319603296175499,0.7549768767523164,1150.577665576341,10.78703890254684,0.9862913986876348,0.22565192386988447
15.303579576882148,0.7888725985158661,1131.5930637698675,9.115695419412381,0.9814600183902963,0.23230380289196975
15.702488524362908,0.7331350685518274,1066.9852466962259,7.3382313280125615,0.9838764087539875,0.21403665365523117
15.648520292334753,0.7783439900206609,1214.415003984565,12.838945174372833,0.9822436494859492,0.22725929961659505
16.02600413420966,0.8213488671628716,1238.9460683458062,4.991930136132076,0.9571936475462264,0.2328376941170059
15.590830678953957,0.8043763461834916,1310.4827464896948,4.1316312405107345,0.959460739204938,0.22201966019398586
16.86350342480032,0.7141590454873145,1210.6232712269962,9.301953711595008,0.9754884995410145,0.2377807324147869
16.734655979328572,0.7550684166680133,1291.5397971648576,11.110618552178972,0.9803022230567277,0.21879178082668543
15.651153799623012,0.7165695719054971,1265.443297628162,11.896842153408633,0.9845386524293204,0.235496580663637
13.993991013394961,0.724927323369839,1140.1633542657364,9.135419857376338,0.9769772287277286,0.20508869905923663
15.726109475722932,0.7018660067505712,1201.8525592229116,9.245139633530167,0.9858239344894737,0.20491446057229099
14.755993377846911,0.7249606192277189,1230.4484012701025,7.760468180084996,0.9859324815207178,0.21173030691422678
16.624972571127095,0.7213391243684827,1199.6109373372058,9.140034853012938,0.9790325550491978,0.2179994672428892
16.43083650511866,0.7291873136681872,1156.9211616310092,5.790744182247033,0.9716990646457714,0.2134416867447631
15.685305138647529,0.7495995767222773,1149.0717565805123,8.80126596261939,0.9639461987376129,0.21627666858125802
18.18429884489537,0.7715494941598936,1299.1645512168932,10.26811508707902,0.9791881431874628,0.2539376305521393
14.90443790526306,0.828690632440145,1122.3735553490653,7.237054721732735,0.9770874599856243,0.22380170819336603
14.519627114939466,0.6809848248247052,1402.4061700154425,9.220727829986025,0.9773461319785429,0.18218011217206584
15.670939178152656,0.6653650397717796,1550.7186155077509,7.553893219767823,0.9782687029446084,0.1929759980178379
15.399909202315664,0.6555937733332163,1184.2725694417502,7.3496458385123535,0.9676916583673305,0.1868220347476214
16.44617804247683,0.7523240416079978,1224.5583554999148,8.228412837767298,0.9791004650461184,0.22079181445044282
15.915898289455184,0.6962343258603576,1040.8759724838203,6.872221927276515,0.9695581899734069,0.20208456790197202
14.27788628424676,0.7127983754603635,1083.7029290094874,8.464250848638288,0.9830891693404594,0.1904180154080511
14.863248127414515,0.6485327907610366,1172.6724935280624,7.292595710844866,0.9797972569791649,0.17199394611498423
16.385580117844565,0.6235342987453206,1069.519981926518,6.926050710648453,0.9570336939342938,0.17241416090865855
15.030618793957832,0.5722518771070089,1081.8479344945547,5.323062507542398,0.9740957875937187,0.14318445442917135
13.612406857319128,0.6610085700306907,907.2188970824542,4.3572904917842505,0.9486443637967682,0.1388750559989317
12.36249554450975,0.6655698838034064,908.775000209889,4.502632950988894,0.9664139814829935,0.1434707454515548
13.396394489730081,0.6464055945319785,895.3366373290115,8.862434153013714,0.9768913276638568,0.1496710759415926
13.649117658933882,0.7027493097822465,849.3338965773097,11.069872369829945,0.9785990072308673,0.16951437766057814
18.59866885173624,0.8130745748550059,1365.2721781172063,6.043928630442778,0.9594547812196468,0.25347571280468567
19.341023665055054,0.786944400731984,1339.6918230162848,6.482595290057974,0.9753094552193655,0.26234548823884385
15.705071173758812,0.7755746900452799,1341.0324797842134,9.735596582820968,0.9733369642156786,0.23034011164379786
15.93227162840073,0.7540752245338924,1196.4259379858229,3.722928847692824,0.9681365899067574,0.21773444635939015
16.39440568020544,0.8600013232099403,1278.4914355719764,6.8778643047767885,0.9580390806098465,0.25076828561152276
17.036191602257407,0.8044594174656957,1110.1471721585654,4.979001314540448,0.973550077871917,0.24468645505983638
16.47959167503205,0.8280843358207771,1144.772860741829,7.081882471274249,0.9436059094788309,0.24059796434278874
16.591250823022623,0.8411741982837846,1054.110004739585,4.638906659150508,0.9669771038447333,0.23544359906900228
16.14754048645392,0.7135346980452022,1205.379243775468,10.702144558979203,0.9746881404358789,0.2221359365310342
16.567088260876954,0.7013285452835976,1169.906847552558,7.154683961930115,0.9911717347237119,0.21220928717472642
14.577516084113162,0.7257180871040958,1049.3489340568108,12.272829507734919,0.9619883975363496,0.18824415748578632
14.242763806967478,0.7337491694065285,1003.3846426430893,11.830054918764318,0.9683777918173779,0.1962140673064449
14.929735074629878,0.688823367254096,1042.16062606626,8.297835450071734,0.970433344277858,0.18115921374500774
15.633310862847814,0.6257699434285333,1123.693069466439,7.558467218198384,0.9669544476628539,0.1689701869972896
14.095922973834984,0.6769098604187502,1257.9199788618232,3.040983344278808,0.9682004449578011,0.17254367797323983
14.160953371186157,0.6934386476644044,1449.056424116035,3.856851461737074,0.9666042713331162,0.17663595167132043
15.62045126744851,0.769766532401681,1180.624607596264,7.4009770850176935,0.9747607966106902,0.21649114451251564
17.129563050321238,0.6690156150819787,1125.7898777498995,7.935716707414171,0.9701145731296004,0.1994399245215772
17.161751303838095,0.6895311266811154,1151.2749476151298,10.003940979328275,0.9656719871616304,0.2071267150126944
16.21073627353215,0.8289497867220251,1274.7134471968538,6.230932212962886,0.9837187586943344,0.2555959679226438
15.992234828808199,0.7231821829839635,1095.2249761111523,16.871008643800312,0.9779346660589266,0.21644873375747029
16.246889549110822,0.7473196593133623,1049.4334371121092,12.344438215413263,0.9688720325345013,0.21718684010095612
16.954510899032048,0.7445244798448286,990.7633023171844,8.830048107493864,0.966651802388557,0.21931980130294773
16.42656057703191,0.7216772362648656,1133.564493470426,10.152057661246321,0.9728882987128324,0.21563151670267863
14.432109485051662,0.8048822296318248,1089.46137934966,7.306166204877035,0.9788665588847683,0.21729224662248592
16.65853821731401,0.7366437382069008,1059.132028951405,8.79195798242635,0.963843502001212,0.20680286792073646
15.722254915480107,0.7539607698858242,1159.290805078353,7.333767822429584,0.9545014385742404,0.2176045397146622
16.808749305445833,0.7556414303056651,1083.8026362586916,7.9083283298569516,0.9786835729611697,0.22198568997050214
13.331865266839383,0.6950466888279646,995.7986411407846,7.9120015918541,0.9721902577651461,0.1693925833945758
17.81721890331801,0.7296355125341926,1202.0735853246815,8.188346878715532,0.9847898171378356,0.22519059639592173
17.113350474917674,0.7308982090217193,1103.061780577018,18.07641303460293,0.9858819159110573,0.21945325376122557
17.339691246759006,0.8129907727371174,1206.719471360567,8.866042724597595,0.9733233649929934,0.2637442527681369
16.181372662502106,0.8001590999232813,1183.0025489861882,7.917091561931059,0.9719486442414146,0.23193395487112536
18.288739626128667,0.6661507219014837,1152.7944722639802,6.208349080418327,0.9701886409683707,0.1957009828563981
16.43232681601128,0.8241856185684733,1169.7655488474343,10.944981269370132,0.9810369446386058,0.2635739149634071
17.219494713633924,0.7746723701015116,1153.0683988532312,6.605303687989572,0.9571036036214923,0.2261119039449009
16.165751556310145,0.7785370518214849,1193.6067893276418,3.1232209651828913,0.9759150570900857,0.239420355878797
15.9817615257201,0.8108018361102981,1185.9361564987703,2.5807873733269613,0.9809731020986321,0.23704740469201896
16.396478443456722,0.8024222475303254,1278.189511560107,3.9751913001745915,0.957757951617781,0.2341631426933135
17.14830026461327,0.7551745041924843,1076.6550473697969,5.819385626948492,0.9729625133488901,0.22867027135912923
17.607904722126108,0.7741711867706451,1371.8415887190097,10.697031016422361,0.9699505696311356,0.2505900419541826
16.247610270385614,0.7136102056967456,1474.9051651969166,4.826507715617712,0.9676905296133634,0.2124654182111751
15.05289388774775,0.719557816641138,1385.7857688744887,6.593982785280816,0.966657474799464,0.2107491852886907
15.138978800707685,0.6583566046354189,1142.5664708583763,8.121280558226998,0.9688423775027122,0.18598527528260417
14.280946157191838,0.7010419371457438,1072.787371914303,8.843535367896395,0.9784438887060732,0.19545160215313903
15.784063380022989,0.6898812841654635,1088.402913251708,10.469483483053542,0.9779525817343333,0.20829080023838503
15.680283798836173,0.7859299451342499,1175.7161752029638,5.148539459749024,0.96841705962536,0.22750973760967935
15.55808315494774,0.7896331623764009,1283.0120622986071,5.48473938193288,0.971728831224058,0.23654444694465857
16.341290451774153,0.7059283262513949,1005.593553699992,9.773164779979078,0.9747759398104503,0.1993073510891449
15.19392549574616,0.7516816682471252,1360.7034856315404,11.83532101882555,0.9829822008155982,0.22601893025981912
14.906384903435631,0.7330685762811688,1425.9788357846828,12.002226473164264,0.9887443260218851,0.2182651318766255
15.705222331485034,0.7421202867554662,1275.7287509116225,10.328024865420785,0.981773502195569,0.22034517666143985
17.311151187483738,0.7574213935956159,1274.5197125278848,11.371919178210035,0.9786052945586183,0.24177744211474952
15.012122070624239,0.7458744120001222,1094.0946776767353,9.48842880831397,0.9811432612986367,0.21578345390164655
16.59075438210916,0.7644148956064399,1319.1174282031889,5.730284615832464,0.971209608478242,0.23964773926344382
16.22626999366008,0.8623821211250533,1230.0753091755892,7.314869871947754,0.9662942713942437,0.2552857279699953
16.99579418065686,0.7691427721617382,1227.9249642372927,5.477204214333569,0.9715810914204189,0.23349114827786763
15.851666553136887,0.7194619855851433,977.1704566661233,11.234936004734378,0.9753885394429441,0.20499772377497258
16.69536100525682,0.7083075037699067,1249.8017987474993,4.7124256562195415,0.9659813695816677,0.21594849380360284
15.466845526270884,0.7212976323232978,1061.7057961969185,5.0398539081514935,0.9613007744200183,0.18892228084076793
16.850649387350842,0.6923508535392517,1034.3982680809925,10.305918605012282,0.9805410044048505,0.2078193388756273
14.57600696578602,0.8117360777603085,1216.3669374385422,10.174954412923045,0.9726116908884487,0.23296078724820166
18.36491582379977,0.7691608788264228,1065.7377944319612,4.767237095615319,0.9642477473436663,0.22910324714311406
17.296575186846926,0.8061931809137586,1248.6628900822193,6.695482001386768,0.9584288734429969,0.23849480311405166
16.777357697568508,0.7147459293966164,1257.2959756621265,7.766251470510619,0.9801893556166079,0.22293475372477606
16.49675491455877,0.7426006088982716,1216.6020201236538,9.47191831986886,0.9783934095297376,0.23205693832502597
15.220073273107019,0.7181691846728872,1121.426623963786,5.524967723103452,0.9656702341014496,0.20459755021646137
16.264611223038013,0.7415598955415355,1136.2027017702512,5.605318510850631,0.9733106431246243,0.2092226539644821
16.433896557777707,0.7677870951996213,1115.3372596273252,8.352153671928363,0.9741595445870302,0.220304671436257
16.857157904343875,0.7548013302835641,1087.416343318339,8.120060952223708,0.9773677581366309,0.23017857170145564
15.449955575904086,0.7153809965884043,1170.2213013729922,5.499281711671006,0.9783261849403847,0.20933591314947667
15.159471899721638,0.7580151435594079,1077.476381954498,6.635265997381459,0.9544760067976096,0.20776817923184338
16.326283229848308,0.7681801939277544,1110.010625983092,7.626939551991914,0.9845845219406463,0.24031261999804066
16.25955346152339,0.7506392748437272,1004.0125833011025,8.955258079494868,0.9746092840415469,0.22524290015699797
14.487678415519282,0.7367741393819551,1090.3235720407743,6.125280074031254,0.9707622984395319,0.19419098694202055
14.595330350072395,0.738622366370507,1048.291596060519,6.286784797225569,0.9607415062940136,0.19612709484301277
15.525692068558968,0.7361859281033053,1309.0200852248956,3.8764935586182707,0.9702097957072161,0.20585238661318314
15.485807132429416,0.7307842642505817,1292.914634102562,4.030204728223314,0.9709782374877857,0.20961101842492888
15.949460012359769,0.706594612000773,1439.2547689233704,6.65372075465077,0.9734133765542896,0.21167670529181773
16.563453681722756,0.7267559612765441,1332.9533088745807,10.037985596684615,0.9738636980729135,0.21990525392302648
16.488322677373567,0.7697959141694001,1125.4399886034425,9.33908464532668,0.9920650010705611,0.23387852476054258
14.548279754264849,0.7832612808189788,1114.2737765447177,7.317553696175801,0.9884427663984671,0.21660445043896115
16.98528028419677,0.733757971212684,1171.3318679705574,10.938063250781388,0.9725967572152371,0.22495759447757513
16.01034902846798,0.8832538993692852,1045.4805003210047,6.726385075374148,0.9727575676403831,0.26389027250650265
16.842727634622847,0.7604737615057883,1056.1743448951079,11.597780267217654,0.9690124852216644,0.22756954817131203
18.897913648851805,0.7050666345623173,1056.2342540553955,11.10239061926088,0.9611539011410485,0.22135240624660235
17.980409301822505,0.7096373921623702,1105.4769328477655,6.372357137807999,0.9661570267467475,0.21094821892649154
17.993973871073216,0.7287708909121525,1144.5475219933983,6.628621251668541,0.9700880603051621,0.2344295259278509
16.317437989795234,0.779322154777647,1342.0957363311395,11.69312261744462,0.9709783642253386,0.25038836351896904
17.271806565310417,0.6493300477283991,1230.3229963211065,5.861506373726612,0.9740522530346106,0.18671027490121056
14.444147743327436,0.663607773719478,1303.733077400219,11.41698140422326,0.9722824524067597,0.17418185930609423
15.169310478301743,0.7481712547536415,962.1839848880919,6.635538046433083,0.9835929929256857,0.21408490413781367
14.583833509272699,0.7918411515680293,921.5696154628765,5.276345346286908,0.9777225086153529,0.21719377969437026
16.626330205449644,0.7241022193791758,1210.6322245191093,14.98657560865997,0.985804804479637,0.22801753827247154
15.089541379835463,0.7781183177065745,1103.6756815462552,4.6840168298086615,0.9687647029835326,0.21461304339930948
16.572695194999962,0.704054311026463,1064.9786239571456,9.478075096953685,0.9707988360989693,0.21427126303847444
17.559816144902427,0.7520872571405858,1118.561309702571,11.81329889014222,0.9719847484231403,0.23422536547477132
17.806797672009285,0.7924873508183328,1149.1906530449232,5.887022734596313,0.9667416491721057,0.2455383859857128
14.998458046737161,0.8514802412830664,1386.688145017987,6.7080789771774825,0.9741395646609913,0.24707115381116454
18.67061153656578,0.7335946609764092,1036.4512960308255,7.037537680795205,0.964591416952038,0.2244763812824274
17.848450518546304,0.7346308900463416,1040.9714232370345,8.503324474981854,0.9705809271306393,0.22522035139041796
16.828009076505776,0.7177099175990134,1109.7511098155353,9.84942115349476,0.9747555770785713,0.21124845769456457
15.01012416174361,0.7668833340213599,1260.626923746971,5.180303602394172,0.9764318796597231,0.22143799103908632
16.031545169653757,0.762861496938996,1108.7151009287404,10.555997098564855,0.9847252579018816,0.2254234350743119
16.010501016252576,0.7401153441111993,1094.9923250214845,9.655363720479054,0.9843344286161911,0.22378629773738573
15.723945044781379,0.7022278631421439,1108.1787605908648,7.403107860516806,0.958071090002284,0.19609027376019536
14.946573181399538,0.713832825221509,1220.57612945907,6.021477561415497,0.9798862050004647,0.20958516476043035
14.958850658013263,0.7581685349692232,1032.3515533562258,6.8473464242258935,0.9714082637798485,0.19816216497994107
15.514732583147415,0.690705667986667,1113.705214864019,5.455420705856022,0.9853436013885319,0.193101756277694
16.30912907021385,0.7439015845190682,1270.9115530824042,8.464308091890524,0.9915427475853713,0.22729074322943502
16.223622648095066,0.7400420703092587,1282.689145079504,7.983443222085235,0.9919201205210364,0.23787448010557818
15.775762677880374,0.7416008467448578,968.1779717803195,5.982783294250683,0.9608047415582391,0.1987592032346421
15.442211048267046,0.7695183850238768,984.2303637608806,4.3261159045860085,0.9712711556527698,0.2137651804090745
14.759998921392304,0.7189811913588725,1122.5888214165411,5.764178606035537,0.9775489979958306,0.19993597084129303
15.370967090974858,0.7350966093063467,1044.7836880090927,11.27808256912015,0.9787817653070917,0.2110444395640813
16.894659903095942,0.7296884590530683,1275.1803929226608,9.01841311598399,0.9750562387159546,0.22513793773100899
17.067024162170913,0.6585497817282738,1028.6166122771185,7.477763697520872,0.9675716297051166,0.19456371879706771
13.54947839894298,0.7691681106211444,1144.7292714607665,8.038482234481991,0.9777853673376077,0.21084220171660342
16.85068163748332,0.6591013034222487,998.929605171018,8.07572159701115,0.9740879435541264,0.1859359317494311
16.25336809705905,0.7042852553883145,988.3549748548414,7.888895428267069,0.9533033041347501,0.18891448911872952
16.555626231503595,0.7089319628884244,1061.0987660126066,7.184692343953683,0.9751975467980321,0.20759119835716577
17.51008635932543,0.7046497607352844,1156.7806635739144,11.187319763591583,0.9885685874506129,0.21777873355010605
16.892140401129552,0.6970644765548046,1103.9898241982332,12.060445641975036,0.9852372987240487,0.22075437054255717
17.095274437955666,0.6671950754201865,1172.6687583513947,12.648226205480888,0.987989879091338,0.21004258547786295
14.059574406333372,0.7861998465162849,1064.3542668701286,5.3838664319319225,0.9588223966254918,0.2023235420772295
14.587981947349482,0.775334673955552,1031.4970514029746,6.120195431917229,0.9707189854205838,0.20467296943591412
17.401327982648024,0.7937800549558123,1273.9023993136775,10.885692321550268,0.9810092892643582,0.2549715475921423
16.926959357106213,0.7420747537550014,1268.2408087749914,7.836267738915039,0.9871904758006866,0.24030900454139284
13.835022127121904,0.7190963123284155,998.1025730388062,9.757032089554649,0.9732485393612046,0.18380790994765261
15.78817526286606,0.7478393604871396,962.5803184885896,8.75445905247078,0.9799897921588487,0.2040360267105487
14.429723837453336,0.7889280813201458,1304.5377816869507,16.14600451940645,0.9832147333690682,0.21974474984914916
15.747446744999268,0.7728886809837572,1100.7441105159105,14.802851689850442,0.980539835702464,0.22901361615316165
15.211825158059364,0.7125612930349485,1101.9926210475026,16.98504992880152,0.9886212495573659,0.20973132240286196
14.384242443341854,0.753581101135782,1199.6744588543586,19.55999408996261,0.9898702328808716,0.2216414220489092
15.44753457649797,0.7049942538670019,1119.5939864212537,10.934346267998414,0.9918476448498723,0.21021748237975962
14.785896513325056,0.7384215500050828,1180.755937232031,15.20228424629691,0.9919814836193788,0.22063053683877282
14.652798726660464,0.7306867240069712,1171.183312506224,8.580465532388969,0.9944214628912701,0.20731615385814983
17.373765067980713,0.7499066575429589,1165.1096382329292,7.60874721306598,0.9553410452450415,0.2137018226586248
16.11560207928756,0.8035643742709033,1148.3184826913325,7.092615703714126,0.9707325864897506,0.24663514512463566
16.87289600157242,0.8114786395817705,1048.212596138581,7.9913297266427765,0.9656806803854375,0.2305835902699535
15.808260864983628,0.751830363466253,1253.410562930338,5.13221095910651,0.9717452953638575,0.2181976652877324
17.261119180969214,0.7376717192651623,1316.9798723308563,10.680817768724792,0.9754437396581424,0.23504696014885829
17.816401326435294,0.7316488276920564,1353.5829588418571,12.831392674107633,0.9749868478527729,0.2388417628181658
16.26183816979556,0.7310550316309598,1297.825437481555,6.417956853316687,0.9775521123620636,0.22213041064050162
16.426005727977348,0.7347613052785216,1289.8360872125065,6.310225085760704,0.9768106421477277,0.2273591279917804
16.23665119845742,0.803662586695944,1089.0726808659003,10.66507184276078,0.9652971906782896,0.24083238861232192
16.286058951727743,0.7457402289478324,1023.7819225395912,9.34951898722672,0.9723415006289193,0.22136978587645537
15.093036585940407,0.7852908840210718,1263.6072825675237,8.7284816974872,0.9844720936323158,0.22672493728515986
15.318946521892796,0.7384942624417452,1209.5724110701294,4.259263811101321,0.9799192721249663,0.2140269998179252
16.17269421693856,0.7612387378363852,985.742488663279,11.059462944382595,0.9618685636806336,0.2102457011152738
15.499576553973325,0.736143023465726,900.341284740973,6.549251451355092,0.9742736349563984,0.20026432485910878
14.092643405999286,0.6386992644418948,1282.7492085397996,7.658905761681655,0.979704130468112,0.16437357098957076
15.017262676461968,0.7041093824537993,931.8941449128768,8.93643974197982,0.9707665866503751,0.18095993337482758
16.579341987036752,0.7195648490194533,1352.880159784027,7.127003929952255,0.978360468980824,0.2203559784834902
16.754358700216677,0.7392247022608474,1186.7165991943605,6.023916713276831,0.9565292750639692,0.21267491290696297
15.792169858011295,0.761168359462463,1041.6236354671655,9.96723202621855,0.9817695030802551,0.22079106050119182
15.162854720856775,0.6607521429179422,1111.1532410602792,5.189821022904136,0.9796119749745179,0.17619513552210267
17.60915634213839,0.7593182285564839,1189.51746733705,12.353240552917136,0.9669208787357042,0.24500153067061767
15.881692823695754,0.68653645048426,1110.9528234967956,4.881820833926242,0.9805173023444668,0.19641963933778903
15.24323645045541,0.6765966586485902,1053.3642241252132,12.05643670061636,0.9741305761349311,0.18508795678247034
15.372871601479625,0.7489999533712958,1114.989233883083,7.398633579841609,0.9758440106619721,0.21262922794106026
15.408389840308836,0.7417134428640263,1105.7422798755442,6.988501225244179,0.9777401482828328,0.2120456819105185
15.16184024930185,0.6591400503355569,1030.7908576983627,8.11541818161116,0.9723080044607124,0.17456196691581766
12.601439164708724,0.660122548592377,1008.2737710812444,8.89135083184903,0.9821684102040121,0.15379143105524254
17.339558280608266,0.7689396025881204,1356.2854223443867,9.641730203417522,0.9761191243100914,0.24550748234988673
16.83893699185764,0.7040839993171455,1323.0424536879655,18.025796054358064,0.9756324659219668,0.22676285034872004
15.991993576511293,0.819711393145115,1175.286895017225,5.660988506112093,0.9587455726429491,0.2299567022843642
16.96353993442508,0.8534808677873064,1287.0939810834207,8.177516630547913,0.9781009770129203,0.2589518666836193
15.407031003630792,0.6578968244433984,1140.4975584980164,5.388249277989906,0.964523939356354,0.1837004845058846
17.330834166356134,0.7238192020776074,1122.3695004576598,8.72316572168944,0.9808650294266009,0.21466418639442028
16.36529401988765,0.6798497707785003,1511.1642279535974,8.686299058527007,0.979070795202176,0.2133316628724713
16.036616934188054,0.8246262376839298,955.1784390364733,5.03862919125016,0.9654845574109916,0.22914315407742078
15.71585313521795,0.8083113686599778,973.9528665615593,4.935688024398227,0.96757113686572,0.22365232631369403
14.62311696158174,0.7547582372014431,1135.58274067227,9.094431328795904,0.9652646653521716,0.20773976206621672
15.986531424015034,0.7294139733026517,1249.189271914388,14.870551199609128,0.9933223207335651,0.2272777681253379
15.303857084823738,0.7309829574260758,1203.4125381522622,6.170620554402364,0.9848654002825412,0.21453807097736535
15.342709349639685,0.702730043260421,1233.4369938723823,8.052283372144077,0.9829482612168314,0.2136105743581417
13.971745854102053,0.721766394320564,998.8467975934107,12.553489886912427,0.9731197190646009,0.1913040795508831
15.928793349105128,0.7723790455256818,1232.5885867132167,4.58127230071013,0.9777621553521636,0.221397449087006
16.687556960892806,0.7280321063532891,1080.58499890794,10.578197068992278,0.9680501445897068,0.20653027445898176
18.6936587246487,0.7320334573018856,1302.9921880547288,5.458808295973187,0.9733461928288951,0.23566221385123035
16.691798134597555,0.7724640735671935,1332.3762714928641,6.6393522891177925,0.9576760909929868,0.23242956278108326
17.900927434198824,0.8282553704320298,1106.8476955347664,7.5725329020075565,0.976859993724215,0.2643173577525335
14.262350387663252,0.8268185087729085,1127.0860464729628,8.571858461512441,0.9861097929234849,0.23473827056362045
17.47048219935566,0.6483151451103221,1203.4730127270018,11.126694913809322,0.9873281209748569,0.2071277264927499
16.558525373704377,0.788075995421961,1175.79215303022,5.117749637593773,0.9562215137957711,0.21764256545563435
15.220800452921868,0.8495594954741732,1219.2337040672599,4.923952236313591,0.9731165106647179,0.23709933801126995
18.54636961866691,0.7355758718026552,1237.2927745260195,9.190445616968383,0.9847304027670231,0.23260955643044398
15.571429960036685,0.7356401435124306,1236.9229070441845,5.268192835785632,0.9671584711284369,0.2030696268334761
15.467093184890045,0.6371547680766416,1157.4389068859161,10.199887743246984,0.9855671650953619,0.17734825478631044
15.865555729359563,0.6139278097944182,1164.1132910966628,9.798325257318726,0.9881005992328462,0.17253657106749362
16.085165577399902,0.8474173284352545,1122.042280956216,4.8316622534093705,0.9641558364833794,0.23638090212524052
16.20804330817458,0.8011586167740674,1098.7578379692309,12.363873500237752,0.9779393174583314,0.2460946793294271
16.42776421462519,0.6992401494098412,1443.2283405924545,7.352421182825045,0.9910163077474318,0.22761040041111014
15.09837655867488,0.7555445617519857,1058.7420847252451,13.873586282915115,0.9786542279679621,0.21297421427010835
16.68192801453297,0.7795783717423652,1155.5105020889923,7.952937320861236,0.9820090813339223,0.2386109749501827
16.685494956954006,0.774523061470002,1300.3933166095499,7.984302126305965,0.9636378625194773,0.23440392171891059
17.21869749950636,0.8079343544615152,1078.9730956225192,7.30224245788185,0.972849076067321,0.24400476435787966
16.50321805941779,0.8110968140965545,1144.7201021703804,8.232666994608131,0.97691228652204,0.24554207349418966
17.209968493514776,0.8018357465021212,1306.2020139213569,5.119682717598053,0.9726539654224501,0.2545988520288527
15.622808263620668,0.8201025773246083,1260.373767105982,10.647776573078614,0.9729623252568503,0.24021063898973669
15.951801320842078,0.718464570554441,1082.1008111837475,8.548454603167405,0.9809422559802907,0.2083682224911797
16.116311396853483,0.7273972036735443,1058.3952495128922,10.74432106592323,0.9858038786734388,0.22612061071180736
14.014276284323708,0.6953587122557227,1112.4006188774406,14.897503848730748,0.9772580754565282,0.19206055578306194
15.300531174671423,0.6871225175346984,1137.6493169133375,4.967001772630647,0.9829417362393599,0.18633517297106122
15.53695921070915,0.6902958615347382,1027.0007804476397,7.456377038375015,0.9830383570794304,0.20014310293996948
15.033889715324754,0.6976195615592597,1156.8419734470467,13.114069848600556,0.9890929681343668,0.19173409071234282
15.292955672357094,0.741704458554187,1041.5865929589875,9.724193197059835,0.9658509343769437,0.2073147702698189
15.47681890769824,0.6509346070106187,1100.8552945824933,4.949152141726556,0.9747297190441194,0.1763044976537771
15.591923813893771,0.77745457677029,1094.2239517560813,13.407928855609073,0.9760610746370874,0.22820332374939833
15.96288866791375,0.7627211184531847,1131.831776359751,9.102006670673369,0.9737405586288164,0.22183740178129016
15.902345081202407,0.754442229068803,1304.7786492598552,4.432275078546354,0.9603593971698667,0.2220043204786048
19.367153435535645,0.7358680280333423,1351.9096816670335,8.452154084422695,0.9742096143706626,0.261063342222862
16.811452969896354,0.754500420967897,1082.544696032737,7.261919628358743,0.9709716976968635,0.2214830456911195
16.259641799027907,0.7858220786365117,1079.7238273591445,5.449286157218655,0.9684082876684977,0.20702965890855637
16.073193687690562,0.7745744504468294,1064.1514510429017,5.846654221425125,0.9702580580909486,0.21036187864445674
18.00464941909756,0.8051978360993489,1217.3883172394633,9.653998677399528,0.9697702992798833,0.27093815296724727
14.573743983026855,0.7154000725159895,1105.0313566806403,10.218709604645982,0.9778904760037653,0.18453366555219983
15.020308173719684,0.7043891576254484,1009.8693263853281,9.73091439836414,0.9809863429756867,0.20748546981062785
16.45748826922841,0.7205487026504412,1042.1898549226173,8.339265376851095,0.9889217052186213,0.21247853042808879
14.417731596750285,0.6975844688268292,1122.3748889893043,7.315581287540373,0.9900434244361209,0.19639748391360679
15.11268580206701,0.7090203784559895,1081.0049873182286,8.205064775171502,0.9833143358388454,0.1981637410153953
14.981736918589197,0.7109164417034576,1158.328491504878,8.630961649484416,0.9667480890514192,0.2001830840206031
17.24699912282601,0.7345501600865804,1119.3643684319916,7.123844055667666,0.9805362693249129,0.23305248166038645
15.756095503506119,0.7356671181250285,1205.9682853681547,5.66201800343805,0.959085602620999,0.19937965924673598
15.740055087370314,0.7203032330217276,1122.7331147241073,4.095906982852559,0.9636376096411697,0.20175739453779235
15.503607650536473,0.7167150638244373,1059.5837038190707,5.74456889411066,0.978073583577387,0.2199804249263162
15.513855822665576,0.7446645888235002,1041.8301369502371,6.54404926069915,0.976184867107922,0.21363036944063998
17.00033559491481,0.7397413867593038,1184.11204458735,8.278006746257049,0.9685213824286559,0.2176744290458883
16.04105603952825,0.7241190620947437,1128.2070652984587,4.196018621480852,0.972873903415158,0.2138307784350382
15.715545507792458,0.7816522723302993,1075.1741366719978,12.23937058376857,0.9808153257262869,0.2323672234847802
18.105030535381687,0.6658094599309937,1446.8992265086551,6.908119876030757,0.9742441042201073,0.22487483713935583
15.75064613220712,0.8079229180109893,1047.8212071420214,6.328565678361168,0.9721911012113658,0.23975782800061327
14.758439674013903,0.8342543528171866,1080.3818543470056,10.106208874296533,0.9713461648541348,0.2242227390741462
14.759068057152506,0.8398018958435828,910.5681548642234,7.371864587980958,0.9776857253432338,0.22499208751668448
15.213469700699399,0.7336163197284504,1124.534059034777,5.964484618667071,0.9793558445134691,0.20922704530221548
16.47724819677962,0.7150161179220694,1141.1093963915312,10.67435733304393,0.9769854482403575,0.2110960200195821
15.193569141766591,0.7078625731976832,1164.4984579830866,7.209973993546582,0.964027479833742,0.19629178202503178
15.180113333140119,0.7191976798047083,1026.0030677048287,6.1306292345159745,0.9768797744203671,0.19540052138260056
16.552292094824004,0.6894464425506002,1229.4913999335567,8.296697571326167,0.9702170770106042,0.2025081556583462
16.340889997945833,0.7444032659993054,1147.8353935722535,6.6841640126000135,0.9766260878136778,0.22524497376111727
16.40005138794146,0.7542612911082984,1319.3512270485198,5.2880074599826825,0.9724883152022606,0.22536739019156915
17.639774705473585,0.7577964986708465,1037.5554623260987,10.268874400049846,0.9713866882773863,0.23467311480708802
15.43080027002816,0.7075628692041379,1389.1827199184381,5.3084474176125065,0.9724739955089166,0.20929501352660632
16.995902101870175,0.7071694026254525,979.4899074479075,11.11863395676883,0.9734948591486102,0.20361543936191884
16.84045071440223,0.7130703035371431,1181.980995105195,5.343649410954853,0.9673355019315512,0.21498090590414703
17.848486523215428,0.7362429958684046,1427.2556281139698,8.800700587673601,0.9706808293115942,0.23656054043225863
15.45061468380748,0.7275356516173797,1164.7396718483071,5.468598079716957,0.9711466552196943,0.20759582381664882
16.016359424508163,0.7170627687477208,1149.2326381882624,6.203302059388396,0.9806355388745396,0.21768483304256853
16.965709026584243,0.7575956276849427,1246.1385990411156,7.739872647283209,0.9731963447424028,0.23298342759234128
17.137003930232474,0.7698111638598228,1211.7867870859156,7.524785811232895,0.9745153908348487,0.2258073842490856
17.273189077666093,0.6833092595908951,1157.078031362417,7.4488498582475255,0.9695031492350525,0.21931313421501455
17.113531287860315,0.6979496991213533,1155.586607913625,8.343292132175739,0.9721151270332397,0.2146948405433021
17.109811528178923,0.6863783105731809,1191.928116595086,9.782153300528815,0.9767728628759894,0.21092443872468114
14.728682014579595,0.8012186983102397,1096.7981428695318,7.269200387999299,0.9704297122128062,0.21739907252086277
15.522746501888752,0.7257150331961353,1110.878953707522,5.174887403188223,0.9693828675210693,0.1989618545743996
14.170344571303026,0.725449235507724,1140.8677936314054,9.91328505144266,0.9835863321186578,0.1969632272130219
16.887684269580745,0.7151942339469208,1094.174963142841,7.392044740155709,0.9767123012326437,0.21596515283894557
16.641386393206826,0.7192992261967233,1182.5081668511486,9.207744934877665,0.9609940285796192,0.20974072058001164
15.146428887977034,0.7207189260708009,1047.1607914160788,5.9412767389577255,0.9665092983709208,0.1945031223737417
15.526177852458373,0.6774408193261551,1296.2286233641846,10.876619839897245,0.9858860955756672,0.20030824692874985
14.258255565752497,0.7755310695015253,966.6455996469867,9.691473348470142,0.9925279619650097,0.2158730143852974
13.562884447637934,0.6813578277859299,1084.7509406985587,6.710576081503225,0.9809390712002201,0.17833931027283484
15.761715674073175,0.711189617482487,1022.6077967157598,7.11725965915035,0.9718365164727568,0.2022115108015087
16.429303973941323,0.719602501498154,1257.6022848474718,20.408941442137515,0.9884603775619183,0.2224538111170219
15.334486292778346,0.7440851840522211,1041.6451472582567,5.960091645949067,0.9860056406787846,0.20330499196721644
13.894143443037093,0.6315632191772347,1260.5760978067092,11.06595941326585,0.9793708302908827,0.15628057443874316
16.502022656753855,0.7920942329897401,987.3579169139635,9.935733489592389,0.9619848096849478,0.2229532707416373
15.55716668615743,0.691749210552171,1438.1526456310248,14.416142316740608,0.9838263221723708,0.21093782527115967
16.379206397895533,0.7542783336871793,950.6483575205533,7.525487178901435,0.9672713704575369,0.20943745808279293
14.657123906183845,0.6895057342562008,1355.713594333406,9.435990337753413,0.9839599310472223,0.19473908406127424
14.946821706088278,0.6123890944968331,1290.7387351772802,5.902437798239691,0.9940711228940019,0.1846089408773838
14.96117239900932,0.6625866352828921,1123.8580012979141,13.78015237345685,0.995680242301462,0.19664716067162497
14.523493811185405,0.7218235299006208,1144.4836948683312,16.472885475285047,0.9939233980240112,0.21102888319736746
13.60322425650057,0.6087202557141426,962.5535484482759,16.852190262191925,0.9745146477271954,0.14548989041620547
13.83984847723074,0.6297597504121933,992.8694342224663,15.931348112174307,0.9671781426512426,0.14530470066058734
13.814068519656939,0.6305765231292684,1035.4742399808738,7.4881937186698355,0.9807024187057616,0.16838816965604939
15.662228843265636,0.6456420494112227,1003.875381611669,13.472915968529852,0.9835034012233824,0.1675043446423818
13.421153627106772,0.6925958542116115,1223.2342753980527,11.71455477792462,0.9872766127805728,0.18420959391254904
16.406130380636494,0.6618465330917305,981.0632346812306,6.534826106012921,0.9728214868430997,0.18666024973062587
14.4040606949335,0.6801718239485822,1241.6514307802136,6.926480995133486,0.9830213408205669,0.19296971302462285
14.608641401801059,0.6306952256324048,1023.4843045357845,9.09538663713054,0.9661740947777383,0.15266724720191258
15.375608760744564,0.6439952628339112,1347.428193332426,6.059860046894106,0.973899280620909,0.1814312779026121
15.259423068511486,0.6409703538937821,1277.3849849383416,5.3073399780740225,0.9809574832480671,0.19327350079690941
16.647176743987536,0.6722467826384446,1261.2247069662355,6.041840123650155,0.980778634206623,0.1904912356648991
16.999820192669553,0.672003534854578,1238.786205877512,6.360012556858041,0.9826168100494592,0.19440110809529185
16.562518032910294,0.787944113313263,1179.9794518543513,9.316215420802344,0.9790823657792649,0.23791414651493487
15.22087797100763,0.7803364702189884,1089.6033955864457,6.840069514513353,0.9867409888367701,0.21884458697684614
17.76768311446836,0.6856943296952813,1318.898959240458,8.858128404729047,0.9594213734983028,0.20539014127449645
17.63117654519661,0.6854264682353293,1295.1965292694797,9.3060641795267,0.9627218203724546,0.20847501576337918
17.33274387549351,0.6723234278007446,1081.1248830169793,6.976651057480855,0.9720125522838832,0.20470845015150782
15.590850334311012,0.8512563393378998,1227.1254312325875,7.553230560615149,0.9744801374379917,0.24970123905168576
15.69102445632734,0.655913807649202,968.345825801126,9.955846848976533,0.9653941968313375,0.1737478600135993
16.302752742438035,0.6592645698438176,1316.5335917748616,8.379227207502732,0.9697497226018096,0.19516089680863716
16.112051274633185,0.7408192403789421,1142.0992105144503,8.712957214548625,0.972159038380207,0.2200873377777712
17.124604541961432,0.7929480051666438,1361.18151649812,5.621149030690337,0.9703740455975234,0.24765057446114552
16.50898045167479,0.7752402334733531,1289.83303935621,7.199705944258126,0.9592516481025997,0.23380597724113966
16.45035404558254,0.7760450456258217,1307.6542354619974,5.619744514181465,0.9671779754508217,0.22923181680030844
17.057875776994507,0.7336996397959868,1356.2554608211535,5.522062560619046,0.9635468550305443,0.22085493968672879
15.725931334905548,0.7163742800386166,1090.28593321495,10.033537027579463,0.9794673724615677,0.20814514083643929
15.39253278221154,0.7414253946157856,1067.593622229559,10.218242526449055,0.9794710100169783,0.2149750041513116
15.286835744462271,0.734060768497318,1154.7621671227473,6.748574306063036,0.9660852862166879,0.20826043337226965
17.178115623263224,0.6765295035693037,1233.3918090695415,7.904104588254114,0.9757170007596448,0.20720121131510458
16.153009886922444,0.7190582625485824,1383.7270858653233,7.327953254095293,0.9696721070006786,0.21440972193277652
17.41356692460403,0.7815082780130478,1158.173222856361,6.936790230676697,0.9765452866785711,0.2422883526079059
17.13858570799529,0.8069602388629701,1139.465531986798,7.604094370988413,0.9626956295818911,0.2387406945555924
14.778426949656367,0.6014386298012707,1078.1957983163334,8.96238706159634,0.9858968587584546,0.15907346371222172
15.251778576537625,0.7021940712235758,1097.189463531657,11.016087602851057,0.9827271535607719,0.20530035103222544
15.795944318857861,0.8137136884573274,1099.0945583714345,28.662597389703226,0.9858771698392594,0.2510601990503577
14.972478565922096,0.7695454521065939,1104.6278730436136,27.77510115234091,0.985318515408954,0.23942912933007598
15.529601990444334,0.720996067379345,1042.5291031671477,37.34886620827111,0.9839427245735742,0.20694820700971264
14.590850056402214,0.7310510906545177,1089.1987179431019,36.349376855343664,0.9796444670578082,0.20360585230883343
15.644859052840296,0.7237377626884164,981.45443178602,27.13637991906168,0.977613073267306,0.21422778790201827
15.875884761611529,0.742692273273895,1093.2928867561466,25.91829140484554,0.9707853065819141,0.21166488179976772
14.640057212983326,0.698897582178862,960.64408680101,24.23711107970476,0.9860816028853239,0.18184267067553336
15.069250555754724,0.7092846310615194,1020.3785808786139,41.90849748434083,0.9855939617531627,0.19276993022663017
14.765032831953079,0.6947609820803884,998.7292899509409,42.15502368108915,0.9859472773788905,0.20282871810584355
15.583243162365095,0.7076801772254031,1225.8028082637493,35.90028402175481,0.9834911147247443,0.22443014213037163
14.7401717541768,0.7412105403276641,1030.6295834579612,15.272958144310781,0.9872673093420639,0.20246739313053566
16.10829477661859,0.6446714032352752,988.6685768908135,7.228444031349654,0.9786420159652606,0.18578151235361165
14.809357138877361,0.6208892413693087,1004.0991727815633,12.156652397054048,0.9809061065461125,0.1616709338932147
13.864848579993474,0.6577589412080233,1072.2639978441841,26.281935760006597,0.9961249321499204,0.17497585096568596
16.554607450231558,0.7639368172073497,1160.7098372055818,27.864187882135088,0.9601698536938807,0.23920661263235435
14.948079494065905,0.7187355377713521,1138.3390878493974,31.394537734701196,0.9965415537768549,0.20495989182198915
14.301325297392045,0.7604418348287685,1174.6454071049584,26.80410343500504,0.9956043752363559,0.21674067763362498
17.24602018133671,0.7257769433589601,1193.2369997684157,10.587009207070563,0.9917181818981616,0.23722814370571305
14.210664627930907,0.6968476941047088,1114.6183344410283,10.326804807574964,0.9543155838409327,0.1792462087313231
15.194983943674188,0.6681049075353993,1044.186822433418,7.372775930524276,0.9740707909465167,0.17630185824342046
14.816103495359075,0.6933556404281982,1176.7398361080511,8.143165612734053,0.9745179254189996,0.18264986288647647
14.803907310032733,0.7828399703368077,1028.6727414269567,7.15675221278552,0.9766548688092039,0.22574832191200914
16.973482288302137,0.737862160025289,1092.8295023687397,10.270702537908647,0.9706749676922907,0.22393041583986373
17.698078745398007,0.7640982400221992,1094.8951210782138,7.830935290190031,0.9719782012537888,0.23588984959737214
18.009527072657068,0.7440915673809553,1044.858396764536,9.921178447980905,0.9786276924377543,0.23016924427199978
16.02052076057089,0.6749658906677889,1239.1296316764062,5.164686766822726,0.9639260249761941,0.1916912651757643
14.711438629017437,0.6873245120278919,1098.226460522715,11.975844731526285,0.9835697671455302,0.1890112041968094
13.239547350432527,0.6824654539605481,881.1296297030578,19.529843968311788,0.9836120522639706,0.15498034363030935
13.201434992322714,0.6519444558493367,1013.0982747469094,3.5230841607479824,0.9865157192334391,0.14994816537144945
16.356952979811147,0.6366948376551546,1280.7201430576501,27.37357561451391,0.9754764961609781,0.19817531580108408
14.57886551691799,0.7701824031646302,1008.1900331560074,26.02758334428885,0.990547214529294,0.21526253208310708
15.157419478942945,0.7354559322249355,1175.4466395294999,30.77218163588721,0.9919105825919593,0.21966573947343945
15.080092610535472,0.7173341963762069,1175.8797115910786,37.11939705014324,0.9934535832502043,0.2119289833114895
16.70625623067049,0.7774402392707348,1101.2186357792805,2.818972271567183,0.9520651617462956,0.21326339061938032
16.483867451801608,0.7273090764049305,1195.6017675084952,9.461319100970444,0.973640662090594,0.23344396416564456
16.133824928019305,0.7410783189449999,1119.8301242850307,7.7878218012603275,0.9799262018731345,0.22124623093669227
16.499439115346078,0.7774601103317543,1125.547359649803,7.743091938035918,0.9635087160421297,0.23068476778857824
16.76932759391697,0.7359121606136421,1066.3524723350404,6.07766683731128,0.972670423301265,0.21646582247404325
16.992754882707718,0.7359610605086786,985.2929297411509,6.292355298413222,0.9832665812562948,0.22194410119093663
15.931136803730187,0.7164241120767796,1229.892461666205,13.320512175934057,0.9654772010564482,0.20308815442969125
18.155381327589506,0.7126950708135045,1124.5914413403852,8.919554143319141,0.9785773806714007,0.22208103196932744
15.58717016724221,0.6773946897460636,1226.4055348323645,8.803774797070764,0.972045122782905,0.19634360214774146
14.962474179334642,0.7357789824550567,1077.2252337533018,6.7816657947326995,0.9785699274028257,0.20298104626660637
14.11807917341172,0.6115438760334418,1068.056512181114,24.792394390161796,0.9872297163068184,0.16005246120222855
14.16280767636198,0.7315097734965063,1047.6613272711788,35.43709559505632,0.9776249956462846,0.20770806567926395
14.926644048900926,0.6683707492912981,1237.1498995789993,21.348817907091963,0.9886424366534051,0.19930188762564927
14.84296211124101,0.660342538161032,1246.248234895344,20.999341941451632,0.9881261564516269,0.20012219238380316
15.284446266472335,0.7273628750706761,947.505462993496,3.8512843980765012,0.956168497706976,0.16863607522265395
14.055508792441714,0.674978305399524,919.6528925082621,6.902770320158658,0.9681895541008427,0.16122837443559976
14.977746605269985,0.672142284307915,1139.8105167130502,14.158171657562653,0.9867923898383564,0.19128814691498888
15.744856040958497,0.7113029949328898,1112.492129947152,4.098939916384174,0.9703324982648085,0.1968054688093477
16.0161380195849,0.6944626583743725,1212.5545645330271,5.069770054211849,0.9529382350525081,0.1890850050675738
16.016033914807952,0.6983612852389093,1217.1887463067508,4.944140668401863,0.9554199235124472,0.1896576569268737
15.44910293291547,0.7748343746832136,1121.5914527580276,8.368210779754518,0.9833754166327153,0.22686875970148013
16.597358863910497,0.8526920554388021,940.7502593419701,8.695289939564452,0.9692550283781614,0.2512989258596673
17.679666854148365,0.8066751670373075,1219.3181419144155,8.774781745077458,0.9695095887764735,0.25086587203584415
17.975458417214966,0.7861082935693825,1312.262669379341,8.146943598269635,0.9658412695835773,0.2502639695144008
15.835832777097517,0.7343320168030526,1112.1721569133624,5.353572486698437,0.9832406304648169,0.2157445263752849
16.71500172768139,0.6103785314306565,1399.5573190368923,10.961462850845695,0.9698771143992697,0.18197274046411563
14.722426859230382,0.7266197897064472,1058.609628654158,7.502264204520196,0.9789935201828583,0.20536737880757483
15.655261424040647,0.6800097721875189,1173.8128142807393,12.427749944752614,0.9856095403149838,0.20616637155845582
18.213439820938216,0.7889983088259748,1269.0312626546968,6.060989205643205,0.9569998501367045,0.24278303079468055
15.57909537923995,0.7854477616271605,1151.1622124747785,9.907564160041677,0.9820588567196252,0.2384133562855817
18.288073040958505,0.6714147898261552,1127.6422788248894,6.121053938478002,0.9643411927608502,0.18622815439650495
17.061081328753044,0.6641196439660876,1150.394649719076,6.630511286446359,0.9625766986469744,0.20462031725858587
17.677763096876287,0.732257738176148,1206.4189859736514,7.717488002072433,0.9812502647628725,0.22003909256131887
16.26313616639219,0.7343031195550442,1266.4138945351644,10.328065521730407,0.9829533870057721,0.23842350302967627
15.746739831005325,0.7585627664176322,1208.4389825869932,9.798100502159835,0.9755033601566248,0.23068448949265427
16.066189203250797,0.7526082895439759,1175.0782747281753,13.33518159348335,0.9778141377547177,0.22255815197726067
17.468445231297014,0.7618966883199183,1463.3978238460707,6.128903338321731,0.9775229506636202,0.2447044023608374
16.90200629299377,0.7631060854009861,1057.2230318372904,6.432081869330232,0.9726172756164082,0.2254838954701403
16.535807048208753,0.7872080302096315,1086.9484526904891,5.4716978792218205,0.9728788915035279,0.23183276305996914
16.384161666054624,0.769798635328959,1297.7976842169878,6.337275587963044,0.9789320253276275,0.23505377677536993
16.555116152844686,0.6926344251697694,1073.884576719872,11.305625705764156,0.9756293932637825,0.20777948677679647
15.767818382911296,0.669192012453461,1040.1945319254871,16.243713960254354,0.9734368013164543,0.18772922715429619
14.808371792809698,0.750272574318461,1181.3537479348015,5.602804764173734,0.9663843195904916,0.21104863977943514
16.28574908209274,0.7842714612648002,1168.457251487287,10.35191554739958,0.9818376799389571,0.24128571966097775
16.585449015895364,0.7691648961554577,1176.870312904385,5.076454480458872,0.9570113980416554,0.22127369231154473
15.65659020045948,0.7304258645132347,1158.1331898051376,6.23038127400613,0.974671522776733,0.21202517400859022
16.76847889969489,0.7709202933775895,1162.672625689418,9.540107308617676,0.973765727939361,0.2347283613225087
16.81518421244257,0.6941751434721412,1078.8334707228305,5.464673925096349,0.976343012306014,0.20822369559376067
13.881306875870091,0.6951746428277378,1250.9924773687583,6.730146019549633,0.9690961853339636,0.19016108167216889
14.468338042576216,0.7774688188366039,1054.200764748155,6.259272328722205,0.9696029587839832,0.21832084654076508
16.983128809931237,0.6584051254499046,1170.9589319704417,10.691828803511777,0.974332788765123,0.19911558320204314
14.18931735409905,0.747424767643252,1090.3518715988646,5.613856829474695,0.9807135705611889,0.20349669517426383
14.543760329026064,0.7550172725364261,1111.5480595294382,9.086827974742905,0.9797912903405749,0.20178444362211154
15.105782848715924,0.627342115614169,1090.123093322774,7.382189383073364,0.976445331933268,0.17653182162436656
14.377408811552243,0.707851066633668,1088.8936492619025,8.038143714197309,0.9736327617887199,0.19756165349277618
14.65117149939662,0.7774406672084602,1075.8328249410156,6.678246360736698,0.9742771382867286,0.2046170801229829
16.41943683760658,0.6738683126189386,1138.2800427551308,7.20157949551852,0.9700439009883365,0.2015810855707018
14.468729440302027,0.6949115017326924,1106.7120518742063,10.146191975717521,0.9846203379074623,0.1849939623557829
15.724301744684748,0.710734295331971,1116.9925826093124,7.52062380056851,0.9881185057335224,0.20466649714252264
16.684664414399897,0.7577003424964999,1208.4815646936258,3.7958008204485845,0.9705758349964905,0.22516682458901038
16.092413594223554,0.7567567326642392,1225.1112452883253,4.6768984644072225,0.970308277439705,0.2204433152171212
16.915856929059785,0.7082702003148094,1101.5367177971962,11.129986533768419,0.975535233827121,0.21023453847166915
16.394005319830114,0.7244128526333461,1000.647038630106,12.436994265987499,0.9830123125802611,0.21159622403130635
14.291905330753087,0.6829948738639448,1102.1923202526907,14.894592173550864,0.9928010269118452,0.1942396335692262
14.320777181548246,0.7266816942630946,992.705831326675,12.509925571596677,0.9873750321655053,0.1948720975986325
13.606467316728994,0.6596702183224407,1054.7484814845143,7.863062551005701,0.9945514478837786,0.17644668816808348
15.373755580184552,0.7493138308907776,1136.663544640117,9.424274594481487,0.9837353336326567,0.21721308286525404
16.007788787820868,0.70213209814779,1096.4966548073141,6.95343941673559,0.9647760495549028,0.1939241711932151
15.874586837775711,0.7415519267119215,1178.2780118820422,9.63364878958437,0.97806231046078,0.2202057972507751
15.5521081044142,0.7326538073118761,1158.9863479512899,10.754118247749613,0.975037184161248,0.2268184003561696
14.357451931531116,0.7298513283216682,1001.5373800391104,8.804287217090666,0.9672520319543175,0.19057895545230258
15.851491107736061,0.7714682239521627,1226.1153173580774,8.722154700581331,0.9810657803790895,0.23237218823248218
17.364299490469683,0.6929664360829063,1180.8403473076978,7.433220474531352,0.9765299270694994,0.20386536176210127
16.894398038193636,0.6754398160202673,1140.8956694017068,8.870710642658553,0.9742168958379435,0.21097194687606022
15.988541051592778,0.7062924910121499,1326.455122822144,7.037436714995902,0.9757160851826961,0.19810208686204048
15.401677656002947,0.7280355061422108,1091.9905535709333,7.234733074087483,0.975750518057211,0.21420687479934317
15.851102827217161,0.7575144401654078,1129.3667940622763,7.508083602243027,0.9766487254298789,0.21611411867352684
16.251189611384895,0.7792874180590738,1199.6846472478346,8.099781875553502,0.9661489301929478,0.23241137797594089
15.92557293988666,0.7811225852097567,1215.1391613024214,8.783250337927038,0.9734484573950599,0.2269512685079701
16.94138135038685,0.6621849112308988,1155.169688728954,6.902916152671155,0.9715385623341823,0.1907207441936298
14.749178599165461,0.674817539463511,1281.8550286592533,9.407355712483495,0.9791353222554179,0.17956448745361384
15.11689830576782,0.6542653496978305,1221.0121445296004,8.149595182736817,0.9745750005530279,0.1913721632657408
15.200923496629581,0.8041593588289601,951.3013073124029,6.174415205367971,0.9749750675332425,0.21854974553743764
16.780863065999636,0.7298691532127376,1325.1817421852616,7.495336349402016,0.9681067925384805,0.21677924311138902
15.729584385208218,0.6724675127187415,1281.3140915042613,7.42704335820204,0.9776574936222289,0.19495875069320626
15.826389321913915,0.6783544904494161,1054.8007812194553,8.577541216379519,0.967372211901557,0.19961320980826686
15.91489024323125,0.6908392873679065,1137.300726881861,7.245313639850433,0.9778303939351748,0.19591642744363685
15.39817312553458,0.7875531572893264,1124.7416857225207,8.388359493529835,0.9753598300610317,0.23542250172314136
18.557881928371053,0.6979059568338459,1358.6448273102903,7.9256975681892206,0.9698512542944352,0.22938292029172877
15.713921603734065,0.7183733270975968,1105.2624005840835,9.094067083989739,0.9820355527891722,0.20784508214960026
15.819191976874105,0.6931028312647591,1145.0195129377016,3.8805121565189875,0.9834806559173046,0.19696826383742272
14.74345065673655,0.7554236586439735,1200.7663698104163,20.402276847134956,0.9917536078828857,0.2187874362254115
14.338564031875954,0.7383299647753632,1068.7723438913636,11.542691269343875,0.9912294343463478,0.19838796312093665
18.131073000366012,0.6944173532428493,1345.8657237877794,8.80539180401548,0.9793011704252688,0.21987238011345275
17.181559087541984,0.7556910123142971,1260.7603598576522,8.399118302922197,0.9764011942500835,0.22977224739146282
16.74400048978468,0.7857540799285372,1145.3912891376087,8.692323906098922,0.9641708844722992,0.2379790421095049
14.766198215558113,0.7738854931250179,928.7358549551327,7.635479902249512,0.9643911254187676,0.20007796777994322
17.185616006829978,0.7109936564151653,1520.9089282891198,9.555827879828971,0.9789600034251869,0.23802594818047687
18.12174756961458,0.7256550127303678,1726.53752046569,5.8534865903814515,0.9728811561777203,0.2382316195629719
18.11034865589523,0.7701420453085976,1314.8790734691743,5.052395923691716,0.9649025987306086,0.2393621822233109
17.022379730804268,0.727505556519302,1215.7208711425299,8.820709539863815,0.9587890837740206,0.22003465861253602
14.688457705724343,0.7535334783220692,1054.4269942622982,9.187715498753434,0.9818768615297306,0.21209505795699812
17.322941703781844,0.7706903691696256,1258.6170768671655,7.073452328735167,0.96632690662824,0.2424070590787713
15.374907290627181,0.7002473887104956,995.5328639393354,7.703417378203794,0.9737700195869247,0.21161232633137741
16.928559289930284,0.7608063570960226,1030.3850478259712,7.45106551682012,0.9814286732754351,0.21978599375287017
17.34625903472589,0.7641293514162874,1060.6367636488362,5.236027894034022,0.9650177851054059,0.22072495112972987
17.71313184496023,0.7742926787605545,1301.8275423081545,9.332367127008334,0.9852564902171448,0.26193147104813075
17.591462134974236,0.80910387998082,1150.1677352716956,10.709307152285021,0.980627313717043,0.265379701807578
16.55133854713067,0.790804407468391,1393.690933318383,4.03400491105399,0.9639286879644934,0.2269048184227747
17.17443627092736,0.777347184259454,1216.2670497095253,7.718827699357081,0.9730703754732815,0.242206972678657
16.855838604783838,0.7824540479847844,1269.8041779376522,8.508841286835176,0.9730754261604228,0.23937741027756892
18.105677829776724,0.7815311216381898,1364.9289956336274,6.281660463348139,0.970306770621647,0.2450608328233853
15.688278097690336,0.7332945104505935,1231.0532983759847,11.27506767352199,0.9815186982556777,0.21399531471324723
15.564791981377383,0.7726853985765719,1063.375693346076,8.192420582732131,0.9822995784489741,0.219996699499707
15.68677866244812,0.7778087585835792,1046.300978133462,14.40470743575932,0.9914829776892312,0.23788953717048755
14.466041974748878,0.7125254735457144,1177.5654123528975,8.444021822927187,0.9922591060362487,0.2068172034764762
16.614807673691878,0.7720590569973471,1089.263022560669,9.900423336164275,0.9703410690876768,0.23282936683292618
16.13264124718306,0.7119027183994838,1176.5465747266164,8.558072174150839,0.9747733543200662,0.20924035384040768
14.922093919910695,0.7707666606223207,1091.6638391542845,10.104268302135685,0.9830111846375704,0.21991017637802432
15.08966707880698,0.7358015963024592,1144.6772902159298,5.868643986639489,0.9736096468733084,0.20608201201992246
16.095070827222678,0.7967927420920247,1125.2514286931078,9.669943601317803,0.9682080032165113,0.23622609966456684
16.364965045392495,0.7617681580229174,1211.5409044653857,6.934596127652345,0.9744447778952968,0.23089948390641984
15.18380083215356,0.6989877304165611,1080.5190442600074,9.046802291413714,0.9765802852717944,0.20861507497789775
18.63791369252833,0.6870393040141324,1289.6264337640778,6.770448229228879,0.9664621267086402,0.22446281078824357
16.68074238086264,0.7810767356820877,1434.4044612860973,8.373080684505918,0.9766982866040591,0.2478948952923635
16.863244579958295,0.7109130765632306,1043.7573562028608,5.481497231267646,0.9659140890692657,0.21356272471177637
16.4162891689012,0.728721937088473,1141.0126819729437,9.643773355207191,0.9631114186732003,0.20378403018894103
16.25919311393755,0.695426501249946,1100.4565345635956,7.317245693153234,0.9778776069819507,0.19734237092381993
16.591258220954234,0.6737555146298088,1234.3483931512542,8.707858013174233,0.9624043496723393,0.1933218880092498
16.585869452799496,0.8773789712177478,1228.552843600633,9.177843454942982,0.9805037500890583,0.267521494600568
17.425907748241002,0.7405915991321929,1219.6780301179463,7.712696304401579,0.9688424079186377,0.24011447580036427
17.65374325139706,0.720893798683917,1152.119409721333,5.390414986262854,0.9663186499530748,0.2276300792455391
16.648483718416934,0.7281288812939904,1382.919802526274,7.377998560624082,0.9674093931445763,0.23131358208278907
16.18959349106895,0.7721805789244162,1010.487877903121,11.092835956845608,0.9871724084717799,0.22689888565318123
15.64746382739926,0.6988086841089084,1278.012833615811,7.153320670335294,0.9599059627232294,0.19084291333290532
18.35890690892214,0.8209842640840062,1235.4869921571296,13.035544581646677,0.9774577749769703,0.25434380282127345
16.66984810704968,0.7558388862021426,1157.188626180806,5.5680256713591545,0.9779105703525508,0.22383637087170533
16.252230073769667,0.7333333941830251,1250.1482640401596,10.203659876701822,0.9817517753978557,0.23436434091891484
17.999992065881433,0.7397084923000561,1150.324874140322,7.831460575850691,0.9720097530429501,0.22964568511544578
16.396677792154332,0.8038382240530012,1269.8052469443508,9.035307836574502,0.9815827791397375,0.24877946560885664
15.726402067143344,0.7005384031411688,1419.6029059720795,12.713437111872453,0.9754153498411723,0.2096060602101969
16.356215421503055,0.8153331949804361,969.3923923569655,5.943905659284026,0.9711658317537487,0.23073808784024796
16.385884768796874,0.7144310677667746,1541.143807010582,17.552492689846538,0.9807269345288796,0.23511228743943496
18.36837636199466,0.6727219224990993,1193.2147440440551,4.6000545107476,0.9839538863261766,0.22102369143944417
18.634309302029372,0.7021119289366836,1223.0839483044042,11.297175990516523,0.9804213055327017,0.22405803398803442
15.426969470507004,0.7491968785155869,1242.7843156436334,18.7253791830907,0.983637311795459,0.2214404755751235
17.466557612369535,0.7860560317504032,1102.0591819450437,5.844344890769418,0.9709884039548062,0.2414919566240202
13.66377893509235,0.6694083921934723,1096.239335103624,8.061327759756766,0.9825094952929267,0.17253611245400122
13.11680458948206,0.6954702406333375,1070.6583810799889,4.755151437065337,0.9769809081448279,0.1669678553371744
14.798873590320234,0.6987061819215429,1452.412369845668,10.206534520760728,0.9732940345063857,0.1917638770437141
16.156685721561374,0.7225469005062705,1312.0130089092481,8.040282074868667,0.9739284965866005,0.20452391047971627
15.997066966856238,0.7041443386123102,1330.5717878897733,8.246255736334446,0.9764438266843469,0.2132471976956481
15.42395390091784,0.7273843403499399,1098.4265652022123,6.492563678706574,0.9585343301632263,0.18713333605951013
15.397075826985246,0.7173130443401828,1158.1085572917646,12.958917428453928,0.9885182705160798,0.2209696580045169
16.014943849132777,0.7523339003648782,1074.6095950852337,14.472058137956708,0.9788383236340741,0.21704919723540667
15.255363056624851,0.7775867027369365,1180.8620811353612,4.415693977191091,0.9744045840892888,0.2260279568149348
15.720563107680988,0.7772630105816605,1165.5216617859392,4.990613073330976,0.9796000359259904,0.2282627846839883
15.885148306704966,0.7557632618919271,1172.9345437067163,7.076691896630304,0.946703710163224,0.2047815245814482
14.745311555349275,0.6854533348598416,1151.295927537244,8.82605048163409,0.9884953020892538,0.1922604830958045
16.027213793823304,0.7756894977364206,1055.7688421066136,6.321314068210205,0.9600095403629804,0.21700078405956344
15.587514133978283,0.6876540318098765,1283.1695737818745,21.864080328123205,0.986274443301265,0.20465974175953033
16.157322382355282,0.7038607231502628,1343.4076792344492,34.79993175970303,0.9901677116901949,0.22761952918767997
15.799614522886198,0.7342398582393104,1082.1354722434057,31.788737301339822,0.9651678900186162,0.21089426541891693
15.075303554149524,0.7934237802851757,899.6663128476883,30.725316372327793,0.9582415037650786,0.22992718011211696
16.31394374522582,0.7477336841763418,974.5424025463656,31.49033214661239,0.9747135219282512,0.24038564788057176
14.18858660605699,0.7025203798418163,1245.9863252483474,19.788753268115755,0.9793002671119384,0.1981885297227564
14.985931851665365,0.7049562744502785,1166.577964071736,19.357911950957583,0.9858351459510746,0.21022728032997073
13.338712613178535,0.6847340412178664,912.8622760032309,7.5323910036591935,0.9878287965238577,0.16606452802587676
13.969950943050009,0.6678958942419887,973.6620496028956,8.430067280420388,0.9861827883780915,0.17055647671425528
16.92013987594035,0.7335919814068071,1175.0604739041612,7.327277561546181,0.9573717154239074,0.21098246756078304
13.965321743301612,0.7274529342379746,1167.9643446466043,13.034758579850788,0.9798828320869675,0.20429096957121434
15.87704507825636,0.7104303420647807,1048.5782470102126,4.708292228961192,0.9728062915730695,0.19817513061786085
16.703563150408378,0.703803203495116,1298.6964037445855,5.3785753198187605,0.9737861007547164,0.21238510508611516
15.121204009282943,0.7328679764080416,992.1558764172084,8.113572399733453,0.9727446013997564,0.19833730142182612
16.002100378141723,0.6953614644511651,1230.6734977786152,11.445415434259264,0.9719606851752517,0.2140366473292915
16.235271210945438,0.717361509694776,1312.8166271789992,5.1161707558169764,0.9697487732399397,0.21136823782318584
17.85057676876494,0.7252491891502791,1230.328279120468,9.00981731355723,0.9673891061097251,0.2286464078755587
18.612775260769034,0.7101129882909814,1256.7084007790725,5.281379416770431,0.964468492528559,0.22802241375243112
14.26099297196104,0.7480005499508356,1037.8882611002352,9.77493313294226,0.9862175162759024,0.19841460261806762
16.51996019534768,0.6923830708770121,1297.2202658934182,6.5910356761192075,0.9616621973864511,0.20855153796957013
15.985144561134094,0.6804110493458205,1279.1346661218759,9.794685708040197,0.9700721270688976,0.20111588262524668
15.730990413893926,0.6814984459631641,1274.943106142804,11.704561341276012,0.9650841481372235,0.2062110905856764
14.25442378717801,0.7322564777554766,967.5570269281899,11.68083409618166,0.9742444582290257,0.19758788776181685
14.068384793549477,0.7385428389617242,1429.2127360883578,3.5248894416254988,0.9670436210043775,0.20110833696380997
14.268385050975247,0.7630767994026652,1156.468344922201,6.810230195334579,0.9740130614856269,0.2069405243698241
16.09635753199555,0.6692552750187726,1211.890517163734,5.767297645762858,0.9658798729900588,0.18325001980273206
15.062930721919145,0.7133786513055324,1135.3601529253267,4.130605965762685,0.9675074153389821,0.19838200944410436
16.178603633233816,0.7605854519650576,1225.934477418899,7.575656017959396,0.9621110726792315,0.22635106501705363
16.49330116380703,0.7922283136263983,1181.0633013929537,6.119511435271834,0.9700606149239925,0.22217891840375098
14.867870417495423,0.7135294277544013,1153.5453749369435,5.797710413500886,0.9698074429370513,0.19260129011201965
14.773601991380907,0.6798802883921865,1190.0163087074131,6.301830120121636,0.9763467558563932,0.18692785400722675
16.312060822569354,0.7121416815962555,1066.402986115903,9.3740834239266,0.9717055404638251,0.20838934808295095
15.34360834407087,0.8456396235979818,1172.9050906672082,5.711052425775516,0.976588842706667,0.2419102831394934
18.30802197384264,0.6820404804086645,1082.8117106236432,9.869896043034895,0.9734088727460849,0.21446841412864073
16.94832793680865,0.7150974402677148,1280.344383418337,6.057763042421955,0.9790146396717542,0.2237798547428159
15.051697280404069,0.8022166828003323,1049.4867932228644,7.678121880085221,0.9709752149250577,0.22838594240636742
16.769241591201997,0.8215328484865014,1227.287122601545,6.377722333446097,0.9737827987565552,0.2495408832361209
15.081866371524379,0.761304096238806,1084.2078266424464,7.573626935444124,0.9725789291141744,0.20272589926204007
14.553902598585273,0.7085786240964012,1100.6293231813445,8.84774888901969,0.9775910363149114,0.18808066896765183
14.326211801966632,0.69162842626484,1184.1340939141699,12.030640024694522,0.9652915152013626,0.19072091259574298
15.439975650077901,0.781080630418246,1034.5097959920977,5.630688208635886,0.9801909758914423,0.21277088801511043
14.918112208954962,0.6516132570652675,1209.780349366974,10.467019812790285,0.9740988416400262,0.17957570445549548
15.292188079763093,0.7191147851765004,957.9010943240069,6.816654546924054,0.9729733293689389,0.19388372611558746
14.596033270771322,0.6384674231525469,1371.7485476739264,5.842095066526519,0.985321876380449,0.17714374178469772
15.094437641917006,0.6378570817501125,1342.5481846087973,7.3340825236424045,0.9887652913733189,0.18463918771575905
16.868248351602602,0.777440386591905,1024.925629682246,9.537838320247396,0.9589044420958882,0.22161792791032583
15.401400798325911,0.7592409841742207,1049.5484235120248,5.710186014189027,0.9806428292710614,0.21771205798269014
17.36828674714702,0.7141569504948343,1242.9454590813416,9.606802458668692,0.9646997710521972,0.2215974276174644
16.965736198978867,0.7161472943646621,1358.8281592364062,8.109103025167592,0.9665399924655769,0.22259007620365065
15.472245197982009,0.8267416423335107,1023.3127816270494,10.428660738351649,0.9715661324789145,0.23904737928715455
16.238005750661742,0.7342761349246066,1035.8605307375092,6.100846911350622,0.985086727065048,0.22038499565060982
15.510530631700322,0.7626732376235522,1130.9930391549904,7.408167832900172,0.9674540072349476,0.22318532456537554
14.771410138328907,0.6450839877982373,1135.3775126910446,11.787870279337481,0.9799996021098324,0.18573463896822123
14.24156011989151,0.6912676894692276,1179.4215887074315,6.315137213392948,0.9821315033737623,0.18725593160206694
15.004340447590968,0.7584895404414779,1105.2819038744083,9.624069299669298,0.9731891088582242,0.21377325125714164
17.629787267718577,0.7421195104136132,1263.1224296801943,10.59235390418115,0.9840084277809918,0.24134556241395266
17.513484929610435,0.7702547665977775,1165.7173577625688,6.749565486834485,0.9641409120162587,0.2327517249715411
15.984283432223235,0.7112960058394501,1318.1545935194256,6.637578895142282,0.9760150423024863,0.2049149775773837
16.018595518897023,0.7696517518596979,972.2491868459861,8.811560302851806,0.9692016170478465,0.21305605401381392
16.031230008512555,0.751547440142999,1108.4819478928234,9.155456349391812,0.969839704026956,0.21683081476021102
15.704075310780313,0.732372031925691,1080.2869077814823,6.024452289762259,0.9770615054152663,0.20973186094479865
14.721434050571558,0.7696213587228543,982.7516559794714,5.039028287058015,0.9524918309601133,0.19484025138406375
15.077979004931539,0.7475416843218895,1012.0156095006357,4.12506478861291,0.9655842351417611,0.19617238741532014
14.461795308310231,0.7291377140271489,1060.0487228470395,5.562120767017035,0.9492032477302877,0.1834437545193887
15.33327962600101,0.6933300515660591,1035.1994128205972,4.204842865434528,0.9680881377624553,0.17912494550823976
17.642052624406983,0.6927410839183726,1292.893177761469,9.105475644473733,0.983816590083761,0.22419964964961162
15.242679551228154,0.7528708791677922,1136.38960043831,5.376612086132626,0.9666199724908983,0.21507520262120705
13.476963975147385,0.7517560632945561,1137.6247806257493,7.729103860878937,0.9697251251369278,0.1980091447893319
18.113988996897202,0.6642178475456969,1130.2162073601876,6.311251615121445,0.9791802904686292,0.20509788955555538
16.44577536917032,0.6971448946730883,1223.2381898488445,7.830901195345578,0.9760224151658125,0.20506583952354654
17.192216342772113,0.7481773665562003,1226.3853886843142,6.371336084181195,0.9728129060505972,0.2219503855134312
15.818719789676388,0.7859170406126456,1222.5982216376026,9.842030031636401,0.9790151427054897,0.23163086124300816
17.223148054563737,0.8294061817723983,1245.970830822615,10.354523824179248,0.9722902310570709,0.2616186362635736
15.995803086807953,0.8187671609708399,1194.1542145824487,6.44415996704664,0.965119763572995,0.23946401866745173
16.150747428703106,0.7940266939238169,1074.6088707738622,8.967832586696247,0.9812274769569287,0.24304994521651072
16.611461246693544,0.7234583299975242,1226.199297692316,7.06215153954684,0.9775508883872821,0.21931941303452748
14.834089268897285,0.7217895356031105,1005.3134971709769,9.393843932082625,0.9710012724953021,0.19250151240848484
16.419703778592282,0.7537470518305872,1321.0009017240868,15.971097103331537,0.9812139305153788,0.2331593101668593
16.593405976715605,0.6934454500085216,1095.2972183676898,3.8022806009703825,0.9669905724750768,0.18809397804222294
16.52814634449569,0.7789626273651741,1260.367279304301,12.603647609630606,0.9845148050424399,0.24087303135984248
17.557324046402243,0.6953501554957952,1216.695160165935,3.8441467350886014,0.9624958648417179,0.2005476216393568
16.625185437054455,0.7043159664122196,1306.316677445485,11.483067127902668,0.9654560841269018,0.2205619862016495
15.11181031901626,0.7651783359496782,1171.983916761561,4.021015299690304,0.9727631106408029,0.21629885299757637
17.395386346617244,0.8021245321532423,1048.2480341486066,11.051098375868328,0.970666077123208,0.24832958616306908
16.525711113337668,0.7269556625898943,1183.3424718901626,5.76853072766979,0.968977976568694,0.20714516179591774
17.79648249046438,0.7449965123834124,1191.2882743862028,9.528675457605377,0.976637691523278,0.24433137623845552
14.18429061362891,0.7576853685667367,1181.8603952526769,8.350977502017043,0.9880019510534391,0.2094535356936839
14.380833325883758,0.7433564690959398,1250.3422845555922,5.790780387698856,0.9836131604415412,0.21201523914701867
13.362037204320439,0.7551624894098978,1114.1487621174815,7.524856112736821,0.9685257068140622,0.19469207249717896
19.108935483976087,0.7455591370400299,1227.3477545549667,7.33353789533633,0.9807875549281915,0.2544216342635214
16.882767243814328,0.7795470281391913,1193.401754610242,8.644023240125962,0.9565664082477298,0.22451114905796643
16.723113788226204,0.7505567106366322,1121.988660611443,9.276737600239288,0.98336166898988,0.2202248782363063
16.625985779506287,0.7576072615822259,1139.3054184946536,8.931021579529622,0.9827303467412488,0.22853506415455555
16.73463944656609,0.75665860247766,1114.3589852498665,7.707862615175759,0.9839980880028216,0.2270364799710451
15.403508690376661,0.7432985695096729,1273.467734574171,11.543684951130452,0.9679500613155367,0.21360876176990531
15.973383854868601,0.798616258826445,1081.2235567487965,6.850873592677884,0.9790305451771731,0.2316023126395563
16.949260986606223,0.6881094784510337,1307.1557714527148,8.936116334802962,0.9831857376090122,0.22098063576767937
16.859692560116752,0.692502233492719,1007.2282833458477,10.80927011885487,0.9819685582496948,0.20555041533296178
15.703844936856415,0.6789338310027091,1029.8358784551883,11.049205134769474,0.9783388199432671,0.1926600591764012
14.48009807311339,0.749932663374034,1067.0952680821579,5.825252138651533,0.9704395518833436,0.1982418875649455
17.006519154207105,0.6791613208503113,1293.894684039177,8.931488385917476,0.9693650555064826,0.20824798367578357
16.956910418966018,0.6818729481636243,1282.7475514025482,7.859502870258065,0.9747136192467656,0.21102814620243826
15.041470310456676,0.7936649243817167,1100.043714200373,9.608125782821302,0.978354881696049,0.22091931559100494
16.058653430265363,0.7806299262934067,1137.6768086974462,9.295435178614493,0.9773818754706407,0.22879579962111243
16.639853720455456,0.7522703742246231,1232.4556108088864,13.499894823242878,0.9815271813877604,0.2387611480378097
16.872217259327794,0.7169187875073789,1258.0104080437454,14.855332744496229,0.9733536406680752,0.22418399294835326
17.159284172322007,0.7120795819892664,1144.176223843867,15.209997424335313,0.9649519308692376,0.2205117418981146
16.89851675048995,0.6920610113001363,1300.2103523477776,9.774430072172933,0.9884188366948854,0.22328122919494497
16.653748434163667,0.7289663616707885,1140.2964098160946,7.761599093860686,0.9899133127926564,0.22291072756471722
17.17688870704533,0.7217022192058774,1184.1704738288279,10.18188729060254,0.984661944442427,0.2175590612107079
16.011444512464713,0.8088546080114014,1131.5600891303911,6.959528777528009,0.9604891555198672,0.23706224913253413
16.46170907904996,0.6741252899137427,1165.8045572549447,9.815543739983582,0.9802716786021088,0.19617045422990054
15.61825995215952,0.7376981216081278,1264.431706459152,4.486841800225596,0.9698497571391564,0.21752553454923249
16.735545003741684,0.7294781025672822,1258.8735512650712,13.60443453430249,0.9820911348292402,0.22568265020893366
15.389178402576196,0.7838782347451801,879.331271543134,4.904873512937399,0.9618508858573639,0.21125300643867181
14.227206803713722,0.6616297295138133,1328.7238730841295,16.412571186578106,0.9830402496524236,0.19294905720063316
16.803082805718823,0.8424235175589155,936.6761362717389,4.350398336662658,0.9630134863090954,0.24480831937362946
16.326479162760304,0.7791649589125945,1179.5181979871147,8.526058935929967,0.9735857079461633,0.2334612308787403
17.72355340315886,0.748220954184385,1228.7619194082636,7.203993054587336,0.9631621870335916,0.2285822106192547
17.716474854578845,0.8283772774189925,1370.640122210765,8.003261451705793,0.9829859766824078,0.26677125932169776
17.613820469819526,0.8095957320378345,1323.1590409722353,4.761796973830463,0.9843109044649986,0.2682673275614516
16.209719409645754,0.6792648856831698,1014.9876550937481,5.0695908309694016,0.983484123560919,0.1921532278774796
14.130810016583405,0.699079099509671,1169.733092411972,11.051503318689605,0.9766251417536482,0.18891576208563246
15.941733951694399,0.710454393600192,1075.2821437917587,12.41871727716411,0.9725454369997549,0.20457675610447248
17.97312117706656,0.6613404121402247,1076.972784490909,8.848457245926266,0.9812690859076593,0.20326508064136012
17.198148576187553,0.6742170421576601,1235.9504714504164,9.869371262742256,0.9745285112468473,0.21712935063309075
16.86790483354274,0.6977034818026414,1011.4310166859951,8.122750230504826,0.9640442260858861,0.20708343695255696
16.26363705540575,0.7343831322414286,1373.3368609523718,5.351066029773205,0.9738528633823875,0.21976255794625113
15.849449568317812,0.7787529383034381,1022.5795537805674,12.734358647110287,0.969746615835768,0.2261364118924815
17.012713259187336,0.8174054511675661,1358.436481239157,13.852231207212924,0.9827897347491491,0.27338418201885933
17.09945609246867,0.8208848780677623,1368.1800627993323,13.953950363317723,0.9833251270888187,0.2810020366687975
14.612655118766508,0.7062427156592938,1062.2272915169858,12.885319904932905,0.9952877176616854,0.21153194934106154
13.913784893165285,0.7018219607262899,1111.8364671353563,8.602298387872482,0.9841487939165305,0.19034511561968095
14.723796868224364,0.7437766294372807,999.9975545984993,5.191405239279131,0.9575806872904806,0.1923600703967435
15.883476147162803,0.7736712564791808,959.6806917878549,3.284563184544295,0.960852929948767,0.19928211356416325
15.298703706201549,0.7241105537422314,1263.1055805662525,29.62369389393543,0.9903315163655321,0.2205649052851478
15.410540972131258,0.7166096055761554,1037.040698680621,30.50686073115266,0.9840189836889429,0.2103421617536298
13.796880574620715,0.6717584611699507,1167.7975745003082,4.53790284485451,0.9814135123558662,0.1740225805335712
12.584889141401502,0.7025893149398629,1076.4919312501959,9.619959374371339,0.9819201808206192,0.17463505600208112
16.3110550254156,0.7286746575184837,1164.0405300472519,14.622904032783381,0.9955268632650244,0.21738497758230488
13.175030265782624,0.6917757273872022,1120.44803882729,7.325268402227328,0.9772499158743955,0.17581033417483738
12.856109076176255,0.7213378139528336,1182.1733787876412,8.650630219905166,0.9709014120073628,0.17454505073662835
12.884684446495163,0.7292248119832314,1201.274664916704,8.901342070727392,0.9724130713946335,0.17253700479898437
14.014119342520175,0.7457415438502455,1091.288005554121,5.780213405862369,0.9692326054385303,0.19484865466488085
16.569824126273897,0.7604748288311193,1317.7194491446407,5.364560388250789,0.960795472766695,0.23181846985203183
14.944664888373024,0.7392572359690673,1093.4203011617033,10.581765188982546,0.976725561347818,0.20344640603785089
17.28471921798509,0.7431551016703741,1195.4100578864864,7.177940216703681,0.9630707535464207,0.2224516907811264
16.431496231401194,0.7135705139593,1239.598913957854,3.97563427595299,0.9663649250209901,0.20870184219851787
16.70886044585047,0.7266903594150699,1190.67065074524,5.035672017480735,0.9658819691177468,0.2079579179601927
16.155760207914593,0.7271136606056681,1151.359178699161,10.084826765100175,0.9571130726899051,0.21199225148559153
16.818629797769148,0.905408782612581,1061.3216099077658,6.242990816181684,0.9835460120061374,0.2695078447542592
15.862429063528594,0.8997665476325003,1089.1721189323575,9.294441264685467,0.9842157049671834,0.2714795976591683
17.2569363272202,0.7127127147918273,1281.5703595336568,6.0588878927447585,0.9665490499318298,0.22063830057303896
13.907467821721692,0.8525594877603478,893.697502517469,7.6799767829748085,0.9714567531878607,0.21817561562385615
16.389218027472843,0.7660436358393697,1225.084605932836,9.736895580149529,0.9763049054968164,0.2269803049111839
17.240219360957923,0.7055578241766504,1166.5468203719036,5.168860247737773,0.9670249648284895,0.21688712033330637
14.340624882233342,0.7211852668627461,1183.9409955245608,9.884466801110202,0.9758455443582328,0.19673599608054396
16.701708504530348,0.6798791119328051,1120.4104628973082,4.993876673928627,0.982725433408554,0.19521102619453995
15.945493942553858,0.6752591183950888,1354.0005974933122,10.933290071669655,0.9725387941218487,0.20973887736643015
15.989678821400592,0.7872218814793384,1039.345200559151,6.043600071491235,0.9788131005853168,0.23523245911284
16.463455987427757,0.7828903838852357,1059.7001790095485,4.774802604825947,0.9799123981833393,0.22082002626854513
14.998184631255537,0.7893887803120012,1066.1207457422615,9.10033508490825,0.9870829811957211,0.2363547617610596
18.40294376461821,0.8099987962634455,1466.4445646482538,6.000719742476539,0.9520556295541088,0.2583051809887663
13.311950945927583,0.7203126167263377,1135.4771126391058,8.979421855970953,0.9777125612273279,0.18218650034369394
16.014635200937462,0.6105169082540748,1150.7730195694978,12.069399684250584,0.9793372781483811,0.171638713244455
14.374607309148676,0.7979792866983335,947.6233931437264,6.447588336725367,0.9750898047455917,0.21152385492890038
16.04544533070829,0.6796408646639788,1164.1614357252988,10.247790614066506,0.9747376503395039,0.1998416169453403
15.344450477378775,0.7766534939397848,1079.5289352453033,4.915773534900638,0.9758487297430973,0.22285062768089603
15.379317878708461,0.7022130816145015,1066.1066888391113,12.185544964205311,0.9723102184778272,0.1998620600894867
15.694629636068955,0.729219214179214,1101.4223129288887,5.400538121494326,0.9779858539790272,0.20564596243877584
17.708285260037446,0.6629299742647815,1116.3637789189456,6.481276504430069,0.9723313091591639,0.19133031683170093
16.122856171730614,0.6756689041851736,1024.0280959386666,13.29780585505707,0.9816183482380108,0.19796917718045384
14.255897703174028,0.7268606259564238,1057.327615283094,5.315169208114477,0.9779664529174407,0.19294539601943
15.079942258799012,0.7117419067644276,1158.7139604907286,12.714072750093512,0.978239002397378,0.20352248013781596
14.273785342071356,0.7147285178052513,1001.2658308316255,3.263819410934292,0.9765082715081507,0.18272383520131819
15.504836244547057,0.7253219341933405,1179.1974356030757,18.40342285086505,0.9855037399407599,0.20715399779112625
15.937334663489292,0.7192007804354386,1087.9724000989102,14.749582283823443,0.9839110758582191,0.2075526894980169
15.79168107521642,0.7075279019890295,1133.4297737749241,18.519253850589624,0.9941167096825471,0.2099112075848664
15.013885505261841,0.7524819684725236,1184.3256416113866,5.668919579291359,0.9653227128093548,0.207140619929777
14.77797153180573,0.7524137448142026,1096.1632085740528,5.158217736705368,0.9786145062024886,0.2097262793046764
14.357585407668688,0.7244997823818204,1113.117516468543,9.460254723879387,0.9556479704219146,0.1856200924074917
15.6349739839203,0.7144445915050983,1214.639330439896,5.45293319130498,0.9867827186528981,0.21630707835548205
15.086833106776941,0.7491112938917683,994.2942177052083,8.072191101888953,0.9591203058054251,0.20283724573148318
15.02534651991867,0.7091727861559903,1200.8590488839518,7.231636222174484,0.9854466619575253,0.20087864312935802
14.903187338390394,0.6609443727312511,1047.5885117651844,9.418490009966343,0.9651429917088347,0.1689252366997476
12.83094999605639,0.6934812789650625,945.2902963761138,12.36656731932293,0.9921723095320949,0.16942703058068348
17.22273112569514,0.7084623065895475,1244.974593143714,6.74779878723402,0.9570221564091279,0.20903502242979086
15.162438276512235,0.7065542919437865,1284.9502230709902,9.814174523346505,0.9829984882964586,0.21107525583468126
16.55964752785624,0.7635801183506317,1166.5229390762734,7.977218114870975,0.9767029334258365,0.23359570987061087
16.609682091911676,0.7489936050994652,939.7518861165694,6.493072317864932,0.9620555095327724,0.2160239185652617
14.726140242818794,0.6962070327652055,1113.854962341664,8.742746799908893,0.9789407329440549,0.197242925306011
16.166484402910378,0.6844966658133188,1047.5960110756891,5.369205877921054,0.9578307701247141,0.18037788666836146
16.456073886912634,0.6166584428895606,1115.557275023092,9.812375644054615,0.9883574900736034,0.17519385835942727
13.900657403058382,0.6991861130277688,1347.1936887296888,7.357493352251125,0.9684316643546802,0.18961392831235294
14.179126672215954,0.7071572085987085,1344.859341210177,7.361158985605287,0.9700327445056285,0.19207693972987758
14.619993306894717,0.690978567292898,1312.9763732800855,8.276901281683422,0.9705651610647387,0.1919771498080356
15.696742115977319,0.7436876833047129,1132.2125952280178,11.748170823129923,0.9864978194178391,0.2152575259115187
15.910690279475288,0.8774379783110667,1134.6321022348347,6.215377293526839,0.9671785074735467,0.26384875606488306
16.16859680475742,0.7164383192610285,1139.7174043386503,6.0890709302319905,0.9788830901568705,0.20397479512403935
15.36534284239738,0.7257006062620348,1163.7722110062957,8.081919445760757,0.9752607679355553,0.20782551073462055
16.022693196815727,0.6823381010982027,1262.2041569384826,6.745790675798513,0.9649737495269365,0.1815464576733616
15.887278882357887,0.7369433000908927,1046.8146113506953,6.962771424805211,0.9768208701397182,0.2225689106870032
16.017655712302382,0.6935607374123997,1278.9151568669279,8.316593295925054,0.9752241553524078,0.21667936187407255
15.816389085025621,0.7558297223329921,1068.9985772222756,7.4578427209444405,0.9689881012203656,0.22240379039884867
16.748120786441053,0.7567280372991989,1278.274380943051,8.32017297954283,0.9713807936885069,0.24050171671485074
18.39582372597638,0.7068275370270074,1168.0370965472016,6.5716714166390515,0.9693391091497665,0.21588664207821776
17.983567085981615,0.707921857485428,1184.1078441497937,7.902140680095122,0.9703954887895718,0.21872614230752693
16.978587981967245,0.7038457036073364,1207.5537893459466,8.749763527367456,0.9776649903135878,0.21623123089263369
14.084198706959016,0.7343778458772146,1145.5469196915967,6.848903463760851,0.9742807056789331,0.1950132602157873
18.356200436098415,0.7289097469297047,1152.00696670151,8.41699275324716,0.970274558000982,0.23716528765888542
14.47614449327714,0.7605679351613147,1069.7174444141383,6.86280494164851,0.9708531862336727,0.20653968810055745
19.473602355683294,0.7694776760620663,1147.2872501745376,6.62584773406132,0.9729274859832154,0.2516739979169247
15.734452754669476,0.8113716839802826,1366.19894228781,6.634293549792297,0.976916189669218,0.24725597016485432
16.37661966657765,0.7800216229862967,1220.0405084621048,6.407729933007871,0.9717903484471921,0.23253708201891715
18.12574976317281,0.7550608480800631,1128.2620777779775,7.31356713914695,0.9640224889702347,0.22898977226103812
16.04757205862227,0.8557702419993932,1442.9232604829147,8.111866781292479,0.9768305824828853,0.26489327633018417
20.67184749703238,0.7806463456366287,1296.8955240252913,6.423695396567315,0.9611607866604804,0.2560529389238296
19.5255537127396,0.7895975535181069,1343.534112016799,10.028898141259013,0.9669996726325896,0.27092020328881544
18.15196479688161,0.8261609148059509,1265.9658893922879,8.127783923324214,0.9620247058785426,0.25250450283223314
15.634134628152761,0.8742867580155457,1391.3193221209094,5.0595754495394685,0.9719100993838874,0.25095712864811515
15.016240844427319,0.8482634130949817,1405.3010565983693,5.595732684306713,0.9684175638638532,0.24755285289776496
18.22337620692713,0.678681453769025,1092.7676918225068,10.602086600701165,0.9728392831709404,0.21048781326644705
15.270925056850347,0.7040385362290158,1207.1133528614407,7.6268347822340425,0.9827214967401716,0.20430774943702185
16.189314893492636,0.7260633038771781,1065.861641187486,9.14692651473462,0.9721331285109172,0.20244074088905648
15.86985960080547,0.7074168443561863,1050.0719206375543,7.66168522115544,0.9679565023703872,0.20794107900015812
14.162699702677141,0.68435263986095,1139.0569266833827,7.399301001315746,0.9842980297921434,0.19044599207868113
14.368756818108752,0.7413097568658787,899.31074992477,8.350507617296142,0.9738157298307131,0.19717480641965984
12.873824595965731,0.7882558557180634,917.3013623396114,5.080227849291435,0.9716487810880928,0.18244667042969417
13.390557765282981,0.7550629787215045,988.5872651318057,6.282887440601203,0.9500527873030215,0.18289120334713826
17.091783169609993,0.6792431764276872,1269.6747497109247,13.886547739553254,0.9913194589352496,0.22276459651200098
16.619065116136934,0.6926613171468082,1235.633472179756,11.767988779820572,0.9917673719791484,0.22200329763556678
15.551384800101586,0.6639053448053812,1173.3631856462034,7.301363129525703,0.9699826343596896,0.1805341755487872
15.30860248787491,0.7279895702126767,1201.988172219044,8.685369901188373,0.9649020879722965,0.20550367278211779
18.3997691404999,0.8235486865721225,1374.3831533377463,10.119310434931448,0.9643446941164587,0.2673602050827974
19.64838810944491,0.8145516263956945,1299.4816923895057,6.396632694764438,0.9685388700841865,0.2665840276010358
19.08928266937429,0.8189039712584065,1212.318684081105,6.146225634479733,0.9602734270133398,0.2607388729326029
14.36635453267841,0.6787550798593465,1206.6653362623392,9.683988985241687,0.981530583139493,0.19126151551723555
16.113840092257796,0.6701199243971071,925.8512784129583,9.383085528600184,0.9856344389966007,0.18315895740415328
14.50628354311748,0.7940239103857875,1245.6930024060357,8.811450865777562,0.9546190118856036,0.2227676172090373
15.346951738599195,0.6685372228842512,941.1471266753547,10.918570487669337,0.993017092644113,0.19075950562856922
12.934672964301038,0.7014164156986914,1127.497338195317,14.411667166591483,0.9914810594150898,0.17508672461458652
16.8218079202876,0.6542426213871926,1106.1855288621682,4.97445207273102,0.9574937699992982,0.17601840944153074
15.287605214877622,0.8028123378153542,1203.535344693771,10.565324639678268,0.984005708415796,0.23984155928430503
17.405391499998377,0.6566167222719965,1104.3257226129479,7.928747790817047,0.9769498209894665,0.19512434637581808
14.705084780199167,0.7130130871012771,1052.227472007562,7.957285081752111,0.964504442658898,0.1852802061410245
16.289456803340652,0.7631067917517184,1154.091423307999,7.497902110318847,0.9863802592608523,0.24643253097463502
15.76649995595759,0.7533086921314364,1278.5806330707264,14.055512313265616,0.989589935498376,0.24806403137998778
17.006441802699857,0.8104474765201996,1053.5387923167743,14.182626733620307,0.9729144529916198,0.23738535142119424
16.836784027823736,0.8034004009077012,1123.1898809802497,11.156091598886698,0.9769094295146864,0.25799238239308153
14.646517357759567,0.6413787059852168,1263.0846479205372,5.192213982352911,0.9750912111972387,0.18091158293400655
14.789712832406293,0.6917840149399271,1172.074499492604,5.682207556669238,0.9846873170838709,0.18600508107772099
14.709213047510127,0.6641193013223621,1135.268271235404,6.100577185724064,0.9846676732978867,0.1854067200831981
15.688173403157174,0.7515841370677907,1049.3852156679197,7.774695650298997,0.9704648859858782,0.2041831801475302
14.732200672660134,0.6980721820494968,1244.0823304484877,7.101558280707996,0.9766821037783746,0.1923698352298236
16.384446040495,0.7737261884251984,1006.8590395870972,7.1084343383311035,0.970993543302792,0.22231721460828752
14.663518760732305,0.7494128779978568,1130.8123388809295,9.660333374258096,0.9770731707230095,0.21250797562710114
13.736747833480031,0.7038544835760191,976.5234647907669,3.398347263965479,0.9734425996246074,0.17394929805676101
14.651002650745323,0.683883398001428,1173.6032861714148,35.82360277899453,0.9852128537828869,0.1932748771691389
16.114821368210638,0.7029026635408381,1048.6858111368474,31.274101117890595,0.9888885350517646,0.21373841900199775
16.15510510656487,0.7626695714889287,1306.5499410986858,3.8084638128267922,0.9854049153297066,0.23293505707723217
16.118215120261777,0.7532605289416341,1300.095319054646,3.9847194147215594,0.9851767528346236,0.23374459062994501
16.2394064351198,0.7456014284870727,1246.8957363359464,6.680151610746265,0.9856650377707532,0.2290054217866346
13.898182094398553,0.7036892935634494,1264.096609643045,8.010214964855404,0.9643603846727898,0.18400008085972036
17.236544502984973,0.7166636331099627,1072.278212676449,9.789201008295521,0.9765182343337641,0.21997618522910575
14.279747204334344,0.7488202369486578,1132.52160382693,4.69497355340347,0.9766372497705729,0.2058794243988864
15.434931533612643,0.6981887322680314,1183.2566432897356,14.408052461278194,0.9866188388389608,0.21291984493984986
15.616372443478326,0.7365472885596533,1382.1893740761948,6.956528977662825,0.9870944733307966,0.22195366848763579
15.976815513475355,0.7344720720007873,1278.9032750044685,12.109775672410365,0.9760913071261572,0.21724992900746765
16.162608459801053,0.7134353147362582,1273.9961078195738,10.965014652721747,0.9799382036527707,0.21827930195348
15.432329163479377,0.7935184113430584,1102.6690009231193,9.817726457874828,0.991149168714468,0.23709833882223505
15.172017904895375,0.7833633205635149,1112.0509222271521,8.466598211891966,0.9910726846016417,0.2494855045968178
15.611121052529832,0.8102131739335874,1134.120250825054,9.302883610959766,0.990007296122411,0.2398140681818763
15.032141773105197,0.7554963192850117,1014.8113165468537,9.295100935435217,0.9858811977854354,0.22312105061552948
15.31315561334496,0.7727168928748197,978.7633831122197,9.60844871800885,0.9884053722722841,0.219432559960579
16.26411562916537,0.7026412016408358,1244.111373334211,7.151259889901991,0.9655244320472135,0.20719140172275358
15.454498316086386,0.6978155288243126,1255.9300884219656,4.940284000348926,0.9708991576455726,0.2142424041772246
14.839194579739013,0.7492675477057126,1019.7043268560177,9.528906415682421,0.9706631190768299,0.21376198635455718
16.481686608410065,0.6605709645265809,1271.8832030174515,6.537464507416211,0.9734603209722679,0.19497376426347374
14.828971238567114,0.7290770323212405,1027.0010594317648,7.096637951703015,0.9677096399791331,0.1954740369039702
16.432763810166474,0.72417470318851,1296.3738484659789,7.094679540498937,0.9738105021951827,0.21706491881263296
16.462825160850887,0.7751773766765464,1089.7168868251115,8.93751279122187,0.9630193730345903,0.2219621437114749
16.134253217650134,0.6686375432209526,1217.3452768339132,7.285866745688181,0.9858792712590332,0.2129650428057401
15.343775298459638,0.7047250132455611,1067.507710217089,14.528480897567503,0.9814361726185652,0.19107020993701762
14.793853044115101,0.7297882064905589,1006.8563974373055,6.579981945851395,0.9791180817942404,0.18955850854253356
17.45852049458028,0.74260733968166,1374.2300419800822,9.973608398378786,0.9774975593192423,0.2282477610822256
19.01878141441009,0.7243303719901334,1295.0306642886264,5.691914207254262,0.9651754086014249,0.22346228166413845
17.14272353223259,0.7418195801294245,1191.5573034714155,7.941513451018307,0.9670292441729792,0.23058317176743903
17.752879813090704,0.7510558402016181,1192.796797498894,8.005138682684208,0.9688010970394824,0.23025392569565242
15.99730533088743,0.760092915309945,1152.5421190046784,6.297256912726738,0.9705762317083841,0.20421251709238725
14.586886310066566,0.7640933638067152,1166.6890423784464,5.983052197918298,0.9792481433511543,0.21132248835208706
15.10946936997148,0.7870433120964992,1200.80376747161,12.872544841514783,0.9771600263266962,0.2225580326580497
15.741748474504686,0.7543280840145324,1145.7194310253446,5.8404104361433005,0.9848882323366133,0.21000189282068094
15.103964296492093,0.7314410920231244,1118.9582146826715,9.534575171021133,0.9811266267651513,0.2107629425683619
12.576231040141408,0.7774466471469519,1143.164269113981,11.670230979090727,0.9862565436239868,0.2027614028317318
19.616638722229325,0.6709424729766802,1355.7421671355091,5.117070105296425,0.9538934870135116,0.2078849403522558
16.196203478304334,0.8186750400632318,1088.4484957205448,13.337170836490358,0.9865257205980553,0.2418741215595752
15.291228233650418,0.700680095966477,1222.7166521642723,7.243870377818533,0.9904890871809905,0.20873121117473042
14.982727239503049,0.698318362959038,1161.1579942561016,9.162276359634456,0.9900141806993754,0.20359306929692036
14.607340157318834,0.6811863043655607,1211.946269831934,14.313328079545592,0.9897292252063511,0.19165413425452646
13.62116261695137,0.7020996148428089,948.1041038787889,4.125865509584834,0.9569786417708236,0.15867059140258583
13.288269490617125,0.6822474393895493,1209.3525234621218,10.891317102408637,0.9867776266823269,0.1774515034555726
17.05628172342675,0.7559252767918498,951.4504563675081,5.671381822315535,0.9626696431089847,0.20966067769783514
16.802044597253733,0.7480817186029147,963.4723769915078,7.15588871186462,0.9621392169550183,0.21846662008861642
16.286299054922498,0.7143314406563049,1084.4460293778397,8.215549215138441,0.9763659674577537,0.2151105018108816
14.462688369900262,0.7347879224742488,1139.122582567292,7.064909154410051,0.9769403601949211,0.19620789398830113
17.54364171459107,0.7500252099707664,1245.1922543799885,9.279944791286628,0.9779439289962597,0.24338584376420505
17.155292924005792,0.8500049107562452,1069.6444579361134,5.608285687022164,0.9725002604462061,0.2535060361952525
16.245536084297424,0.7878176490449237,1457.3444102492126,8.999073151521978,0.969467640367353,0.23992144937584714
16.93048082083442,0.7522750752917252,1050.2538764026444,6.978781109303994,0.9698348285936648,0.21868978003740344
15.55109755124816,0.7567796714388196,1146.138983727068,13.432820324952294,0.9646325762761494,0.2182386388396002
15.441351864189237,0.7199396117797977,992.4668395184556,8.888114731356984,0.9815709667194413,0.2104949412229312
16.89860697201992,0.708434163814902,1306.2429328128019,5.807304274104356,0.9587980258586877,0.21238302183594387
16.685872231007977,0.7280418518070434,1056.445677188852,11.659280916708111,0.9774725697065434,0.21753194861286773
16.745894418021553,0.7980772211607785,1311.1056374929835,7.340967091384035,0.9770969867182338,0.24719283959087235
14.724155091162379,0.6961523129428808,1143.23221455644,9.652206387533742,0.9863436409547529,0.1948036979354995
16.35624089550812,0.7108412923423411,1160.1002325096317,5.734273709972686,0.9663018918453751,0.21029148789745886
16.382294760182415,0.7083107649344782,1193.6049440170789,5.7886698842071285,0.9703291913811112,0.21457697259723077
15.231484000844475,0.7595989460476134,1164.6291424186209,11.624748404009084,0.988952962383464,0.22409704425533672
14.088763427729937,0.7663360699102701,1084.0905402596281,4.77946485854001,0.9720835947655265,0.1998226451229997
16.288358866738243,0.7449263394079183,991.3063794025057,14.201468994909462,0.9850187758640886,0.22432685732101934
15.86545778222351,0.8021889631584702,1131.7900229457068,9.355785039204848,0.9835210837073223,0.2341779071037623
15.273034460094978,0.6553755647970023,1392.683139096326,11.932605477814846,0.9973954170046216,0.2017023645881117
13.948818638266962,0.7084937673811778,939.9347429209677,16.18685657768476,0.9935186967634267,0.19026427918645772
13.834531043383821,0.7313420613721318,1070.0051090636316,10.984826433945296,0.995828994724358,0.20293985566771386
16.562262316631266,0.7592319970876571,1357.6949898105177,21.091174841203255,0.9689169639370888,0.2372210976699377
16.517573117522907,0.7580995389139393,1205.1537736576024,26.041134911279805,0.976903105466464,0.24451907297458297
16.17715986222296,0.7420113873644725,1199.4141772940202,27.511844602762665,0.9788573434576631,0.24662552631288995
16.42977501124386,0.6683316304006096,1154.75341026943,3.4880882954469765,0.9812501920317994,0.18144683506761514
17.097210354671553,0.6946620740993745,1219.3890555505602,10.412161529426854,0.9591798352205836,0.203988944662129
17.057866997703425,0.671805267106112,1166.70834769588,4.45745271284779,0.9786695015590771,0.20691725674638167
17.178170794380037,0.6839372652292933,1234.852376065437,3.676648115382514,0.980116344886316,0.2036342511761622
15.977995830899795,0.7853269547796025,1130.7557554302089,21.36555869374808,0.9803613747437238,0.24247487500352674
15.015346723383322,0.7067555565597698,1020.5749173939769,9.685410798134358,0.9796771081567432,0.19194654938527722
15.810492535823334,0.7544611995287407,992.7030853652974,7.181325222010021,0.9643640409433561,0.2134322589391663
16.08186660056657,0.7517221212506264,1045.5197315556436,9.044076424971935,0.9692919242282095,0.20755680630551854
16.346445255680994,0.7527554210931909,1075.141534261178,10.042889691159788,0.9697371647393113,0.21442637007026674
18.56988687247914,0.7246296669755047,1190.1418301552592,6.122664899216491,0.9755409248939869,0.22349386847821148
13.826028404174124,0.7387023190713637,1088.3578194108566,10.354363670448171,0.979359675437935,0.1992158326501837
14.285080333186308,0.7043447877298427,940.4764861962527,10.950254021242587,0.9810774171928478,0.18404823336512727
13.965634667749868,0.6898459282625978,920.1018656547517,10.46641040450362,0.9737155547745953,0.1804499795900254
16.19513366788687,0.6988995491295376,985.8697712272481,6.115493124938371,0.9776723421851626,0.18775644739766828
13.951620997966538,0.7335052738603994,1128.2863807922345,9.221461715802956,0.9743159086925391,0.20623978537385654
15.232036461191816,0.7496007779591788,1155.504717390925,9.59237069416876,0.9769079293620285,0.20603047138907943
15.555043745026298,0.7289499743548349,1136.6591265966408,12.070734864998688,0.9781252112069049,0.20924054754974292
16.01746947729791,0.7225035603336005,1104.4849275923807,13.291120166714123,0.9785612769908835,0.2178931824766702
17.05172828074869,0.767460500842345,1241.0645348649678,19.242794017995333,0.9770337778235503,0.23852998428761382
16.85402942477291,0.7683874518148491,1245.119699746177,19.553573744881305,0.9790755045157205,0.2435454211391337
17.34550934093371,0.7693149988400554,1330.7077708861675,18.50622688339984,0.9856962755626556,0.24969941558654227
17.95357075239876,0.7306217868430643,1172.2984628408765,22.17206398447866,0.9890710158717052,0.24171426166128354
13.671400143885895,0.7373182238044474,1142.0745963092902,6.017195960077848,0.9861043233543897,0.19712062578668188
15.770243370207785,0.6940459341493113,996.9699282100131,22.03923603286546,0.986016405292563,0.2035057479510136
13.980443955872893,0.7274781466228791,1107.5402523322161,15.379752889989156,0.9857255454964704,0.2001583627577254
17.4517536562355,0.7147261651463572,1211.956534310581,3.9139861229038084,0.9580158933850923,0.20802764516025885
17.85238439972418,0.7490467833730131,1170.1393827838622,4.235980439873525,0.96624210374522,0.2316462930983718
15.566277896686639,0.7250233735894129,1285.445858542759,9.096107652125621,0.9837854623842373,0.2198304157718014
16.272072624421455,0.7558777301546813,1345.54209624057,6.730679242412549,0.9765231092662227,0.2292123078594152
16.140031112758518,0.7315818022353249,1030.6847795488009,7.611756932431892,0.9639347814280596,0.2115025260531815
16.439099416136315,0.7215489858799057,1111.7664012355804,6.121910288558546,0.9644212669495948,0.20808383928445287
16.207885068448178,0.7047210727423353,1093.9963675368037,10.585386706477376,0.9723902033274525,0.2031459344216165
16.063627030531432,0.7447237727075218,944.4672531706956,17.842315279517486,0.9573947096209418,0.21440476178630136
15.522944585290555,0.7331730006601223,1080.5989101340501,15.184069420437886,0.9813686595842738,0.20697274686456307
16.778460305448917,0.7327104756377969,1165.3896542252846,6.624858740077626,0.9564921124985322,0.22103353050825825
14.960574695660226,0.7189206614810283,1032.2613761717305,8.858497196837568,0.9845878722240536,0.21025067148069118
16.322398410560783,0.7665391870081606,1246.9827053604001,9.528419322451379,0.9800631891520398,0.23430075518370097
16.262792955799114,0.7530497420417192,1199.4000195683996,5.875190415195393,0.9652313982115465,0.2232288222330582
16.242113469125574,0.7896460714705634,1108.8819853712089,12.40760647723164,0.9749908938321485,0.23108417521244817
17.511374377723286,0.8262353496644449,998.2244556130723,12.829365261615404,0.9726086350664399,0.2427414098274165
14.253598854202425,0.688220359985108,1254.9196191322558,5.250386320499163,0.9767203199744992,0.17610338972551
15.626267912139442,0.6870111305456199,1151.0800028115473,15.633818092059597,0.9860658043392634,0.21063978796561936
18.088057280865375,0.6696173301663898,1126.4032004369587,6.2313162347844395,0.9824175320144309,0.21670871433407818
17.887836198155114,0.6772797592581159,1128.8474920771057,5.790506643245711,0.9824974358192565,0.21073431166875758
15.324339985551182,0.819350836724001,1280.599207666951,8.970250137136954,0.9721820703689851,0.24644524711051805
15.58471053177203,0.822928392436206,1238.437429125329,9.727290817093726,0.9750287716663215,0.25045153944950665
16.106501708452424,0.8434495016735397,1144.2290987100973,10.683218863982288,0.9835517678555811,0.25335032956566794
16.632383706364948,0.8091371419283289,1139.1962052552858,11.266682730691752,0.9860040645467564,0.26326623629042667
15.885690639573923,0.7470173224872335,1326.5859687723962,7.23347673535413,0.9793668783257147,0.23963815846612024
16.003449276971725,0.6939007764461864,1152.2814250960269,7.839614624310776,0.9693796632332865,0.19686122483928056
16.761905632308455,0.6613184331967781,1212.0239816030337,5.213763418497521,0.9848523102935817,0.1974419877903234
15.826328718460125,0.635216986195625,1380.5015771963801,13.795267887455955,0.9836016721695888,0.19357324734409187
16.58924693968205,0.8113261780535294,1037.47364829204,4.178339040990143,0.965573976458709,0.2284545926603176
16.689426548438874,0.7483392434225717,1282.029048289328,11.300012240021617,0.9740193014108818,0.2373723695686314
16.902787566385587,0.6997657860768555,1045.8439058487527,6.868225749050619,0.983066182280049,0.21209676474402298
14.181635701330958,0.7137682197088836,1257.9118676838968,7.721388590625123,0.9900530739842601,0.20183559847484187
16.248537671522897,0.7291580169210643,1260.6393720831475,7.652926827266841,0.9777459995449701,0.2186124733320149
15.697937241068102,0.7069565154616435,1323.7631999680061,8.789553120644086,0.9807523607064756,0.2139617041151806
15.11094606796964,0.7132586672451617,1001.5531821375301,7.946161283241116,0.9767720155505238,0.19911989798885146
14.916652164501455,0.7449076754051077,914.51327197439,9.263280708633348,0.9664391362050357,0.19294930536173807
15.175869883888696,0.7544101204878325,1039.5972261939564,5.076820144579406,0.9679250668702564,0.1969575171452209
14.974378534576994,0.7298762460712674,1211.5028434383391,6.8990019946269125,0.9728975748652169,0.2020871365683456
15.895354181745112,0.8110076336682106,1160.7862959689485,7.778806459493963,0.9758718501930276,0.23893655599400085
16.495476428457042,0.7110438295873321,1306.298870021355,8.356008657649657,0.9752160619138408,0.2093922294015776
16.95150661796706,0.8224251475461274,1386.3311414727523,6.1499307557848955,0.9623390037245341,0.25945364084808026
17.19319677449585,0.8242453053220135,1337.8121661905138,7.009960918644799,0.9655181850738636,0.2451815394893574
16.896824128716805,0.7038545947798795,1441.6505233836099,8.858785798803313,0.976997394652247,0.21986955237736963
17.491504307086842,0.7366292525858459,1129.7765230187379,4.715975004920212,0.9597584699093982,0.20855516803651786
14.29592708480419,0.7747627319761845,1127.4201872728577,12.020088130252503,0.9833293313905356,0.22616636989218314
17.006129362853017,0.6844739744571998,1107.338548433263,5.312092646781252,0.9652762600109294,0.1899740234543193
15.442505455157221,0.808467041882372,926.367143030699,10.304410786619734,0.9841900603083523,0.2244026893527772
14.860129193808326,0.7868092830248075,1187.859897439619,7.78232369457818,0.9690086915323483,0.22569541360663317
14.93148856330356,0.7628678705613804,1120.9918835967735,5.1756949901028255,0.9732128534038764,0.21128532590839294
15.589516400837608,0.7404726778077398,1146.1890126188418,7.03108670528126,0.963449242122391,0.212372205285262
17.1161170445256,0.6956367368336578,1119.6734157138746,4.256508121605193,0.9633022168825713,0.21005777328981623
16.721648604488436,0.7234168094586177,1420.696050313319,14.285719965490841,0.9765841485612313,0.2394092979702474
14.855916923797345,0.7281780227972816,1198.2841514829367,11.182305851324296,0.9954357758134046,0.21493560545868104
13.992183257629302,0.7081500873233576,938.7738573343144,9.228209806594261,0.973922617425435,0.17813889401987673
15.939547554382253,0.6672832074058068,1292.0665845105561,8.363450739837505,0.9726657190872395,0.18998645472664252
15.203981220908485,0.6987273838789676,1144.6688673622757,6.160957472823242,0.9670414598360689,0.18914254729295724
14.956354071584908,0.6838899440406642,1100.1493100326074,5.921905712086994,0.978604774941958,0.18905102241664823
14.487448967598311,0.6737749555664061,1210.2491309177597,10.069642649962038,0.9739147106502777,0.19058222921568307
15.14026349444914,0.6753123410142813,1182.5935542108305,8.784246280073884,0.9697637659420568,0.18077060992883814
15.6328586820159,0.6693855521125813,1217.3359818911322,7.698109948152552,0.9749170209713722,0.19630173675435753
14.758852843505686,0.7164242517872227,1035.7605167839208,8.385611365219678,0.9756530628759077,0.1893793579331953
16.20719113422353,0.6640731087418719,1267.7704227673114,8.853561504189855,0.9733385051331169,0.19134917188102288
18.145182792406427,0.7261397205873679,1211.0427744789872,8.456115519359349,0.9734962667897654,0.22888474592242136
16.614527242147044,0.7494481447102792,1212.095821621593,6.54954406380674,0.9705392107566372,0.22915073344238523
16.30831973562011,0.7756480918394577,1263.2499262547371,6.127631684029821,0.9731648203152417,0.2234745533958731
16.98602259237272,0.7325716126738737,1209.24077362095,9.516149306008964,0.9724156069671263,0.22791100514283275
21.83009468550988,0.7499291303955194,1447.9511355956997,6.229645053940291,0.9617748155060873,0.2583248476452321
21.310650930066124,0.7705530908832795,1378.2222555565927,5.421336598129863,0.9605349614262383,0.260006005487734
20.442789568131495,0.7241360826490242,1567.563513752718,19.178362022042734,0.9783651889564853,0.2659235484354528
19.220048811727686,0.7291256146733457,1459.0345771945972,16.539650120137974,0.9837145027090076,0.2463966891378873
14.949269377358847,0.7001800479039735,1055.8306537890317,11.280651740031646,0.9860085035210577,0.20403276876818882
16.696896429615794,0.708240772955506,1243.61117029947,3.6800830340875277,0.9698437320101901,0.20906383171685258
14.730965034326836,0.7394827406313911,993.1888389306104,24.903019846304694,0.9846069080475289,0.2097959081244336
14.822669372499158,0.6637888624898238,1152.4576091015003,18.401675466811792,0.9921169421181845,0.18686474302569062
14.486290832134964,0.6850383697363961,1183.0452752679296,17.13088721733343,0.9949001852009154,0.19956450865776937
16.013915911598513,0.7164705611750416,1148.9489607918802,19.04434318433252,0.9812217740941258,0.20662925440638444
14.8137104141964,0.6884810581384536,1150.2343705690862,8.509266027240791,0.9866957332338423,0.1866577232526179
16.121124831709725,0.7415499367395898,1071.8886847058636,8.656976932102838,0.9697186955527962,0.22186763796885348
16.21623001491677,0.7490532533871791,1114.8141710743173,5.388690992224826,0.9735548634153156,0.21286226956647497
16.735987263179812,0.7435299233655381,1222.340278851936,8.584614379163634,0.9780888522048093,0.22045635321190465
15.836524714990139,0.7477006022306332,1144.1766506426043,9.350907590575474,0.9627913302164153,0.2232321493366637
15.196928487621784,0.6327760730547797,1072.6560534880064,9.232689274831428,0.9898495552778461,0.1656896952511415
12.493247809161636,0.664737780574021,1045.6154339474185,22.039871644527423,0.9868727967869562,0.16404900717358165
13.859183886168749,0.690505995955469,974.3658457437209,7.888444932183426,0.9945930061037732,0.17322613447499596
13.49795024319566,0.6996163972890183,991.3358206788547,11.367631281144506,0.9811406287157466,0.17067608618792238
13.77964043814987,0.6781942339096868,947.2107121596229,10.928662644034791,0.9836244646487721,0.17210549150740312
14.452212877854302,0.6619642647942287,945.809727620064,11.058446497276204,0.9766506576414673,0.16819505222199027
14.638651133679119,0.6856436492750122,1177.9210665714954,4.921328414463205,0.9755465341566426,0.18967529129014304
15.812200789102462,0.8743361363075275,1001.7312232834263,11.515473061436953,0.9698376041556646,0.25408504603662424
15.067419761492014,0.8497652849199596,1118.281756109955,6.936092759794283,0.9803473831663948,0.25512781460868816
16.838123998985573,0.703135670110004,1119.1004456919268,9.780930923576122,0.9719868358334459,0.2059428752541566
17.23694023708314,0.748104259252141,1232.0940263852983,4.228093602692473,0.966621714957982,0.21882881192263143
13.655033783052069,0.6904605154570075,916.8644814929839,11.126508622742657,0.9900428530246945,0.16959365424038134
13.359583497084381,0.7182910842855625,973.2038270071638,5.65726912644816,0.9567852716623024,0.17157068150806523
13.413242812449871,0.6593538338649197,935.1662328479273,7.848633726666595,0.9832049254699478,0.16375311466419565
13.851970351941858,0.700960659278591,859.3313157027414,9.488294126665163,0.9840239761016812,0.17701917390172306
17.21704251858359,0.7737701715040488,1361.298062327685,9.91806301329422,0.9879795187666219,0.2520716445863542
16.04707408559189,0.8068375564579667,1179.8558555279155,6.451445796424077,0.9707807995848389,0.24135665519640268
15.868910812493617,0.8064290273300968,1224.5588310457626,6.561642428260948,0.9704714201078128,0.24162650514700176
15.191444275618345,0.6923480078095225,1005.702773330666,7.930189125152726,0.9789394239601077,0.2009752813860518
14.28484392403409,0.684771763255649,1270.0017144838314,6.894108927906829,0.9665754459389061,0.18395012374566178
16.725214392460643,0.7667437027932154,1099.9687010708487,12.202832249617597,0.9752888810357196,0.24778659454204768
16.754775533100606,0.8244695797032886,1090.646358575929,6.939078063612511,0.974112576991737,0.24385141847460998
16.468015426744664,0.6957131612472587,1271.5960332559714,8.189384886192896,0.9722046955714239,0.20468448367911626
14.842787606378625,0.7507219525258562,982.9690778347,7.364753592605888,0.9750036768046701,0.2033920281709265
16.793106640169146,0.6769554936593354,1048.9273122555126,6.526276737198275,0.9597287723552659,0.1892757377094566
14.63840363271143,0.6665091273541359,1228.7908982187632,9.075664086785427,0.9807460203780286,0.18528919752754147
16.8813281863761,0.6809352350610771,1140.2097840362624,6.686424268908792,0.9684919375907072,0.18127486270690787
14.119542277467731,0.734540722124469,1108.4274920530288,10.136411343520905,0.9839726926418434,0.18631178730695594
14.629778901737833,0.761187631421534,924.1202574707066,5.875529127037746,0.9637631433420237,0.20315139875444976
16.815458551065458,0.6989454555353195,1416.9786210714467,6.711885870740952,0.986222748410038,0.21111814059708647
16.208118304076855,0.7352698644526712,1008.607993133098,12.67040083377749,0.9743660653729727,0.21876280704855658
14.850956877647807,0.750582214145837,1224.0079531217211,7.192636779427871,0.9762372688010503,0.20361961238752874
16.154638812965246,0.695119830889418,1015.3310269510515,11.379067878367493,0.9750923533916175,0.19240057074022443
15.388547005693477,0.7155972129730975,1326.4175770247175,7.663047388043345,0.9732920830303069,0.2136472535201853
16.667324220196626,0.7214338823945892,1136.4075605489993,6.933644439556647,0.9718380284042388,0.20989360661586684
14.427408186735006,0.7717764287224027,1255.8949563651402,5.074305414604014,0.9794614549127117,0.22671037305808084
14.5169947570317,0.6782460977616235,993.6540075964031,13.63952449330286,0.9764481462176311,0.18954541448161571
17.628035499232773,0.7074683315855812,1292.0175218938307,4.7971416406568395,0.9735209776184129,0.21538430072971174
17.396686310221963,0.7066247271368247,1307.9508659907,6.349975473473169,0.9689419911306357,0.21479397375033948
14.54571108132995,0.7243613825401917,991.0883621948865,6.989893518253275,0.9828708547810531,0.19598716150661621
14.695058070523725,0.7041258681240936,993.0241976270812,8.129543547304257,0.9740736585901644,0.18730503201602572
13.513186074448726,0.6889430750467989,1357.1986633454803,7.677859033612202,0.9700484302957573,0.18120170856653106
13.68898349310327,0.6834213134467841,1316.7928887476312,6.502951016788226,0.9706792332489947,0.18066391007932203
14.393837483428857,0.6723081216857011,1310.7142123789217,7.194388758242382,0.969259395108702,0.17034873646318413
16.30772362973566,0.8055380679631972,941.8755577703539,15.364210194714934,0.9766501155334889,0.22767642366313603
17.174798190494844,0.7057747425202412,1376.397373065672,4.034563689424124,0.9666527645442717,0.22201986567061843
18.577357969040577,0.7144250951241494,1237.2764182149288,14.119452304402639,0.9912419560446047,0.24428567713908195
18.909440021726766,0.8140028250464498,1224.3069505662359,9.797179981828242,0.9887936784791449,0.2703988658266707
15.911394059669695,0.741338297243629,1335.4099675445095,5.788779101405816,0.9645153832112822,0.21692871472333491
16.873450239073087,0.7546537347039073,1240.5980955940388,6.815472569508344,0.9679219244068423,0.2292747443465074
15.502114360421626,0.754719774034024,1076.1410312032185,7.450572214254072,0.9756944433847535,0.21703252036990883
16.177456269257505,0.6730848263144448,1090.6490073620068,8.749057107776704,0.9644167693999306,0.19149909237277082
14.949352491806872,0.8109861185526065,1154.1673850194843,8.854978831232387,0.9802665318475584,0.23325202532349598
18.590480002384275,0.7639386411486213,1308.8964053978596,7.941617104031075,0.9689935493089328,0.2501425125742807
20.334625259782264,0.7429216661339325,1307.1767400134663,3.495867915631023,0.9612268316871049,0.24192927966255426
13.051358423381338,0.7006896300855844,1002.1572367132069,15.384946411759353,0.9897851520775612,0.18676345453876825
16.65718374212483,0.7261473948193986,1047.7764731468328,13.720260014604294,0.9885800767340058,0.23278612905618254
15.040754574990745,0.7036517053566411,1249.2652859191994,4.912247032723023,0.9706336182516251,0.20402145016920945
17.048971469768208,0.7336615444921012,1094.6773797989079,9.651558898390512,0.9676818676475725,0.21293600124957365
17.017727918684805,0.7402531983937938,1086.2879089287624,8.98517548603472,0.9691027941686327,0.21404479880345786
14.603973801880546,0.6675781561401715,1188.830618772886,12.720013298411711,0.9853896311425069,0.18296995269785354
16.936212491883335,0.7733953014375184,1254.4781459667747,3.8479174167312884,0.9567519003990325,0.22630357724454658
15.51994495940939,0.714886224017744,1280.51589811624,9.861483244553076,0.974064443613528,0.20998101419324372
15.617479587218435,0.779295508234402,1154.9093680525398,7.604931643680676,0.9808736094166192,0.231107379318909
17.978979636976238,0.7712343202515632,1096.624896918416,6.119860585034333,0.9639400172883655,0.23787433108453007
18.089820459077508,0.7602484406217478,1100.9189792960972,5.946495096644243,0.9602046784017841,0.24154027286453778
15.98903262484873,0.7432226811898044,1024.1398856103813,8.717939069930711,0.9790765699257507,0.22448559913192392
15.067834922350068,0.7569218010164653,982.0004579043311,8.182471871506708,0.9614904281091147,0.19646457919799754
15.090599392748501,0.7740752449911905,1222.249428618768,6.161647697313971,0.9819468843770808,0.23139395593901302
17.901480878322293,0.8027753318667598,1176.2109890962793,8.24429492364116,0.9652388218881122,0.24897747941485848
15.359679464824682,0.7139674135897769,1168.6687836921792,8.977578824815058,0.9827327663913826,0.2009465539746532
17.31076460063591,0.7561720969488959,1229.2973264047218,5.441952887677065,0.9687782829866883,0.22808523009219606
17.589943654474478,0.7856045705338262,1227.7332333975392,3.1167292519307925,0.94156642286207,0.215951524514706
16.207961935933636,0.7333051234982741,1126.8664415611265,9.25415282126301,0.9802247681346147,0.22031045040413064
16.951471953753096,0.7436682070143069,1145.767070588874,12.15103863983224,0.9677270208594101,0.22667650116964713
16.414205238157603,0.7420743964031878,1123.675906123893,10.47350191759613,0.9667787132009464,0.23424175300286093
15.563015102072558,0.7279385061937103,1071.5953154782294,6.367166825762376,0.9731956087180305,0.2068182980619729
15.987796707631295,0.7672729818778812,988.7723294363948,9.756052288958193,0.9790007526339981,0.22235547549066478
15.474467269651582,0.7429532696488165,1038.33780682197,9.46793608781722,0.978073149994915,0.22861268277897834
16.627434010455314,0.7690998378804863,1330.413980732847,4.8703036630493015,0.9684586153550196,0.21584571977200792
16.933117138336623,0.7566023852409173,1302.4438508976577,5.075938487340219,0.9650689492600423,0.223831717048341
15.74733497115407,0.7709465910861006,1044.1412674212013,7.984079737114481,0.9800316114738247,0.22716042607318712
15.725538459222703,0.6737848785537454,1240.0456769565326,5.745355652185651,0.9709162639253054,0.19016297102156235
13.887225791160619,0.7054572044000523,1040.7794728492345,9.163017899496529,0.9792750243395539,0.18457661961413926
15.218395769661216,0.7741704174124038,908.1445677424931,6.297066071877822,0.9706295749764681,0.20856133161976603
16.03852068611838,0.7770696334462012,1199.2228916271984,9.549868832317683,0.9768909586150387,0.2325547370871856
17.413269515464485,0.71596609597876,1253.6750320945698,8.359454645882602,0.9610291552521265,0.214825144576395
15.83571731567527,0.7045691267462443,1077.814361148082,6.015281855174867,0.9699957180697689,0.19952880000701512
15.405101418760001,0.7030620342405967,1126.4745589707875,5.925566446232295,0.9583737487556834,0.1854719932904484
14.560891811200593,0.6913670371139097,1079.2494595233363,5.779065487419449,0.9681762908331434,0.18924903421112993
15.299234609334244,0.7152181806342035,1068.7799301636717,8.261771845466543,0.9809407079357204,0.20704637335866888
14.334238427828662,0.6872996558974608,1091.8624460552787,8.864426605160986,0.9796162103366637,0.17733877640118215
16.79310580156768,0.6665001952485546,981.3013597571393,7.765652771438094,0.9651695076205157,0.18513526946401837
16.587133533558188,0.6530733379566862,915.8084487403971,9.128514591991086,0.9732920078855606,0.18124309748338804
13.256725241536728,0.6984257099761163,1266.721666502655,10.0490634177833,0.9841533405750476,0.18904674432246651
14.314079988289443,0.7376159798971841,931.1563190524432,11.633896146022826,0.9841985297990741,0.20076432230694763
13.539191500130219,0.7123819129170224,881.4068415476135,13.38603505748367,0.9708573898351459,0.17645430510924873
14.470335959862187,0.6939662501922784,912.4400492574387,10.810782823408266,0.9742000178534919,0.17579481127461563
15.760212608739966,0.6664062131745553,1207.4980334549673,6.637247205481376,0.9910022373279589,0.19447032293492042
17.380522721099585,0.8451360122751505,1140.6973357797744,4.535955552844466,0.9750240437172351,0.26865073333612804
16.223118700114824,0.814699749885249,1103.5544927463238,11.415323167744605,0.9666229801106823,0.25242293023833806
14.744949063464825,0.7130064970419058,1173.9604153045966,3.945230157405968,0.9737875637093546,0.18849061331251085
17.24818468869359,0.8320748512441537,1067.2605902229025,10.126639001328655,0.9856196630488888,0.251596685884597
17.036650523593657,0.8253616853699046,1471.7107743701367,6.458488639737669,0.9632557785233744,0.24135295917154542
15.450030428816266,0.6993762051247242,1161.5544917772172,8.410757701771445,0.9838784008707221,0.214485737006214
16.44119167350335,0.6366758523012633,1243.26848920692,3.916830117232571,0.9808936282955583,0.20111042549830588
15.785074843552117,0.7329381888482576,1146.7894327309793,14.898931093721934,0.9662443983720941,0.20230007576679182
15.163775947937234,0.7100340283980463,1002.890304078753,15.484849542007954,0.959320151433636,0.20222163745044988
15.560455921368716,0.7177713592666797,1008.5803600905809,13.71405472282444,0.9660406946766953,0.19148850171503096
15.76361703284334,0.8049929175751026,1057.7579343638122,6.89340855996437,0.977852030183675,0.22600990882673844
15.686091563722952,0.7754866518511948,1180.1225861689436,13.105166089925032,0.9656570957508009,0.23118795610915358
14.83248207921393,0.7650752944247035,1117.7994373252893,13.754534909601713,0.9632248777576214,0.21011856423275738
15.319462952035428,0.724327000804165,990.1592882747852,4.709495472484574,0.9810976157946837,0.2020597668506592
14.771351884604988,0.7066130923460863,1044.8587914668692,7.082989874920936,0.9825323460410451,0.19825270251829802
14.638104332640838,0.7134143704583078,1027.3012095113156,8.174286534364377,0.9849474703654227,0.2070334146169961
14.255442485220378,0.7033077378865584,933.7493069161904,8.780726330932529,0.9813551516218362,0.17223879677507828
13.655759877164572,0.6944269300854334,1050.3118955548302,7.405918356427182,0.9699076831660821,0.17988394954712977
16.12798760849633,0.6890620957556918,1018.6261169999294,9.67090141975227,0.9809134774102738,0.19224272945921714
15.401570705984474,0.7246769167381261,1173.1972226986263,7.796644108118016,0.9821061960292408,0.21922099244484206
17.526096273665132,0.7592254942093116,1375.649977485941,6.713031041899388,0.9818362117884513,0.2521240692640479
14.264725675585202,0.7542270822204586,1075.519789534183,8.88768776224928,0.9632727175907976,0.21179772816529285
15.62670474160168,0.7518425358168609,997.0676897096599,5.498631750156572,0.9764047176129307,0.19831017963973285
14.962494883412079,0.7534229191983715,1040.6202307169008,6.388076159635275,0.9750833883375573,0.2098069236062948
16.41921872199511,0.7376135625813239,1098.0932024932092,9.921838300000164,0.9684396054139073,0.21822404939829024
14.986835145777624,0.7408913110871457,1141.5341063203325,6.2586323757345586,0.9834443185367536,0.209986128312757
15.125640041953659,0.7321309019613017,1143.3139552648786,5.876514092310275,0.9810704855296233,0.2065977159974175
16.464583784051534,0.7715701790605369,1109.6522324938571,8.25832647184102,0.9712306254968464,0.22961618266903314
17.757103527141577,0.7719521353050931,1155.9194747500674,6.7484167263886246,0.9642878492589093,0.23497307878568374
18.227272306633406,0.7330230260555605,1072.1800774358412,4.1960625555072175,0.9693119534817457,0.21658247400017827
14.3140174615224,0.758349859841467,1321.8668949275545,12.237842644521193,0.9787860175494457,0.22902292660702797
16.03536614739892,0.7852333364540405,1254.4293760472367,4.671787896011692,0.9861318117106491,0.23693002973773286
17.24811551643053,0.7515248089636968,1269.6886007479977,9.069268715927798,0.983737557406864,0.2461704153768511
16.779099203658948,0.7493867397501609,1338.58940694436,13.015941172695651,0.9853565250966613,0.23155031493785277
18.13241804924694,0.7021388855089565,1044.0999983128083,5.845294591009304,0.9648709848817679,0.2193497117600253
13.914890577688816,0.7872390670091222,1193.5811500400698,6.836083968539945,0.9886755891418681,0.2278055807287362
13.920168602729136,0.794559404461096,1211.8072872223086,7.461811101633168,0.9889730689854043,0.2279297788123497
13.37592242044512,0.7201428093057631,1058.3208073474698,8.087526330474642,0.9910339007161991,0.19276911066711216
16.734103286725727,0.6818504692073254,1126.7249274058947,14.051268051739145,0.9854157992263006,0.20709347165190511
15.816792125065598,0.6942286098656637,1159.4853631020387,9.741279175672677,0.9796210274750522,0.20533371109634374
15.588955479765456,0.7226868552401432,1152.1256743035117,7.287555530241868,0.9771822847086779,0.20706115021609114
15.969886701301462,0.6957701126171417,1151.4414060677152,7.675208898865657,0.9785688513745496,0.19356044872105418
15.191482506974767,0.7556438957020347,1357.2369403547327,11.987113122580341,0.9852278299663898,0.21679467365753827
14.717741750287733,0.7398109632128713,1348.3599968004455,13.904684241468189,0.9767355343802786,0.22958608565133298
15.062100184268488,0.7295811395721481,1290.6023213867236,13.726715737787243,0.978585451956894,0.22870489349242434
18.013016836307465,0.6971476710117788,1067.088743347026,4.567921662360797,0.9623154128539136,0.20910440668158808
17.84676646786304,0.6823485745275677,1469.593671401124,11.760939141620266,0.9759949858114603,0.22498677959225874
16.609722983155386,0.7358529984230001,1324.9799458544555,5.3902849578056875,0.961888745176028,0.22664468795042136
16.5268954590341,0.7194674036294512,1342.8453793627218,6.399180498975458,0.9662377128463796,0.22689274613920854
14.499430598329472,0.7245686990299731,845.5037790378599,8.023718398376582,0.9811677995588164,0.19787260178149726
16.868509437263576,0.7626039001107671,1570.3285414280288,6.40256431280935,0.9632719751690949,0.2235022662767669
16.138210418148756,0.7185833327557225,1501.8116454580452,6.883187959376907,0.971970586685046,0.21800579996295438
16.47919719838225,0.7794846236172264,1044.9149882298614,6.657400668927646,0.9618054079625187,0.2283951617722129
14.905349101878036,0.7274378720010711,1019.8842321153049,9.217953099674284,0.9767757468323212,0.20892214045976318
15.841631702140669,0.7400898948721156,1252.8281804458027,5.316374122505446,0.9671071504740681,0.20820242787973706
15.723445779676851,0.7432128035989328,931.1224756828755,13.06110694337944,0.9813697301803371,0.20696475083347135
14.703144051584292,0.7995238249892995,1236.9699136697122,4.58733570482873,0.9715974113139633,0.2162048029961643
14.891410873621949,0.7966231405614409,1223.4539802999277,4.339755059438323,0.9761569316974631,0.22960879542526316
18.801358455316322,0.7505907423213687,1168.8361533784284,7.498237140210345,0.968343439959665,0.24285115062458687
18.668921624910105,0.6736257750148698,1199.19515166774,6.607710017350633,0.9639868681455984,0.2117745804107741
18.856954638623804,0.697829138620863,1126.7156818965877,5.705349728611219,0.9602802676166522,0.20988740959701
15.738610899899486,0.7817547044401625,1405.9302020918121,8.756514072921997,0.986502590588911,0.2409308958391003
15.269990233451319,0.8119538717360936,1318.5121058711902,9.29800010712467,0.9850602460446815,0.24587915715234848
17.2292660139375,0.7821975778318994,1398.0700265175115,4.5807440248992854,0.9572730746309253,0.24002274249700387
18.08902461805757,0.8620677432102014,1418.9279464450672,7.349186614407267,0.9736603761407483,0.27631907642000053
16.52900011928835,0.8920628534154683,1338.7628521621657,5.949733257917199,0.9565399567697862,0.2582340408521924
16.22347504356272,0.8630388658911041,1138.4916826331578,8.888435015489309,0.983810378810203,0.2645431952697141
15.700234629824129,0.9252972413998011,1229.8110690345304,6.489869007107344,0.981033984456414,0.2808256036581015
16.489995225805295,0.8518882253848494,1288.1966581963684,6.595493030962235,0.9719632060990134,0.25528512904334455
17.073603311717395,0.748331061901057,1161.3377765138155,8.232992002179648,0.9693455704820042,0.22300061183114187
14.911167213504454,0.8090544326732074,1046.6755681605089,5.75281448157123,0.9789281938808438,0.22638236527205258
17.41424817360207,0.7773955134083399,1115.1274795251659,11.310357230984824,0.9698165402688438,0.24867095019449134
15.085997032055026,0.759519131011015,1268.025383424575,9.140292380932582,0.9635380198822702,0.22231957204640856
15.412268694390193,0.7627675131007042,1270.710683600957,9.70425863116794,0.9675510891005019,0.2217826157435118
15.667493506933424,0.7366544908414783,1225.8709957262076,5.684502793134546,0.9711694711781816,0.21964532835341466
15.617002214227902,0.7367906980098272,1241.92371419909,7.039280170407489,0.968640550324532,0.20727693581902412
15.87195624625171,0.6550254329908725,1036.4611582926548,10.020078566469138,0.9755878828793337,0.18138220652274906
15.657227900818208,0.6636603730017094,1052.73352636609,7.396660918044744,0.9700078803074296,0.18732662374964681
15.728896941175156,0.6844476568936798,1090.2777220865787,9.416682384013585,0.9635241651908373,0.1780150518071113
14.95595916581641,0.6592719433464087,1053.6287185518122,7.76873305853085,0.9550184178916855,0.1781833818304825
14.995161967190686,0.7136633125196782,955.8383942676188,8.343761227720918,0.9870042791768998,0.1909140818384993
14.301700906697253,0.7026551959409153,1183.7391714656437,12.321462475649202,0.9804566552748618,0.2007579261554557
15.324524185135575,0.7475490786057438,1111.323363418672,10.217731301902866,0.9778265724859009,0.21434822087414274
16.375225895139724,0.7108941938558242,1144.6946366210857,7.212293770191136,0.9761761981705307,0.20992917088943527
16.235160389599656,0.737512436867743,1066.731706399133,7.273811381069866,0.961108947111406,0.21062795175312288
15.260496478647497,0.7385505976211008,1165.6320772744884,8.101784690967222,0.9896113697478867,0.2101802145345336
16.344637913447954,0.7112669029286691,1076.4319142447766,9.570237023444971,0.9579563831942558,0.20477327424297448
14.752257875226876,0.6814298631216883,998.7884695432265,7.55263867685519,0.9887478022847639,0.1831455247648582
14.95201101259677,0.6826355548697485,1031.6174099761379,9.461003893921163,0.9892870807046417,0.1864561756262955
14.076996890612701,0.696213469526777,1156.970970642139,9.817554029815213,0.9917038926995185,0.18772583671366086
15.188651821299624,0.6787108792266591,993.3793197766603,23.826562326368265,0.9710998509482605,0.19344347367668993
15.960506418877074,0.7884926229895822,1347.323161164667,5.447879487320357,0.9728727444984263,0.2418791508706003
19.913906420438135,0.8203363995925883,1318.4033216682758,9.266580509020267,0.966141153732629,0.27676745683898135
13.653063109890425,0.7278074123667424,1088.5904667820441,6.7666918105393945,0.9816348588336892,0.18491427366185334
19.02629293521726,0.7025869062968425,1102.0117341939626,7.154411038510879,0.965404040542329,0.2299154970951959
18.561603847806694,0.710803869511985,1231.209863699293,6.093747643788905,0.9782809374338244,0.22551032014828584
17.54031479462501,0.7389067540195222,1239.2971792163503,7.559510565277968,0.955218142511819,0.22739788437285852
15.367607530452215,0.7673075096346569,1198.8909734464808,7.908695906976463,0.9845802849165293,0.22364928972044384
15.417204861943786,0.7242089255292656,1193.7640956701564,9.933457395857184,0.9830949691720916,0.2120863756584363
16.480855987905496,0.7227709365215003,1119.6908640751833,6.216365513620599,0.9820222138448356,0.2175807653794025
14.199837131964754,0.635846688772708,1042.9503623407784,6.9907315984537695,0.9802207254597385,0.16121459323856896
14.425650594265985,0.6824048457012334,1044.837579585055,11.527206092242547,0.9670951177474353,0.1807627819189545
17.152294532371023,0.6582907243403875,1052.4537422672506,5.435569054062485,0.9828176778854234,0.19234812929671669
17.45744048909628,0.6867933328019463,1037.8089682501766,6.266953509622577,0.9818054261268682,0.20953709077388988
16.557512705180322,0.6957042118335587,1057.9559138998409,4.925504250100179,0.9826197818703711,0.20584331416162308
17.008156630181496,0.7094720294514081,1080.1337384720796,4.807297243257116,0.9821490288945027,0.20513997584967153
16.630699956832704,0.6799241155065193,1244.4106744203518,5.267864453834748,0.9809776502642327,0.21408368241064488
16.310717046112476,0.7171170803378271,1274.6778086623124,10.582487275617149,0.9714885700670856,0.22956409770920774
15.18014482336424,0.732607056006506,956.3591649479667,6.469139441122731,0.9864429195171261,0.2066267128634023
16.811058875453064,0.7208453685920443,1377.770649179614,7.548207288506343,0.9660961608785406,0.22221276741284354
17.991743507957025,0.7088440861051268,1523.6323554768285,5.546015457518533,0.9720921737679681,0.23507502874337777
18.87635558145291,0.7092206196033379,1586.1788415524645,5.161778234775294,0.965118953336049,0.22800606335700635
18.162328276819146,0.7144461910992552,1313.5849300375664,8.2124593944473,0.9880939475306783,0.23168602215184617
15.54870642555963,0.6966761671825927,1172.1715068014407,9.861853524227968,0.9689437805734928,0.2047021066608573
15.698833858072053,0.783673004138798,1097.3538961822924,9.388341878769284,0.9690635651905167,0.22737505690196372
16.808999096052556,0.6937601856357377,1241.9906440367358,7.441144742548138,0.9820011493346815,0.2180793859217133
16.90405205607077,0.7463377907643758,1091.1538153203364,4.635107305181421,0.9484832950620771,0.21068497551037219
17.01192157817657,0.7008462820342335,1116.4192389069633,7.101019135991638,0.9752892080224029,0.21317755004383832
17.011019540968675,0.6775951999582537,1085.756058922331,7.8271248080144025,0.9714115068330723,0.21909680735485515
15.766448835544406,0.7929703110474768,1208.0577812577608,9.275404650054966,0.9724450289379373,0.2255484131229804
17.77993932652685,0.8277996961293567,1306.8698357091284,5.843707755547463,0.9758221261019558,0.26325275530782827
17.829265315168882,0.7155076343269254,1312.091348753668,11.478045805920944,0.9824989199076167,0.23062539508920374
18.342213521834037,0.7634432651990412,1449.4283344319877,10.883218659665953,0.9802794671523305,0.2533579674458217
15.338598492397175,0.7409032391785559,1118.1925265512098,8.445534068145516,0.9832295913292155,0.21712682656225696
18.146777411152176,0.7831734846155164,1378.090826333792,7.427136528958111,0.9687781859882315,0.24878549631065464
16.26206927507584,0.7137023447686556,1204.339571223261,6.908817747412826,0.9728254728080707,0.21367365727953835
15.03908674835618,0.7194620786498943,1061.063450734806,8.412120922590578,0.973956393957874,0.2018289854052508
16.146121365577464,0.6957976816806128,1249.3655167433424,8.115780476998046,0.9730842218851397,0.2045009717142376
16.17394520194816,0.7942071935984009,1133.7679419262547,12.52987166289739,0.9871990777272948,0.242286276145322
16.345938600477425,0.7292327009829055,1251.8214195981964,4.1985517061584,0.9541498867612677,0.2060134342411862
16.711874743850785,0.7331082728434534,1491.5525002075447,8.822786200075068,0.977809311732169,0.23043449415727857
15.323353523169228,0.7892850414476371,974.9530504198405,8.000715600005678,0.9837953652268447,0.2288157135832025
14.831041508200762,0.732093814312443,1126.551532756547,10.470504625949827,0.9670111060454302,0.1961353293727024
16.25905432206131,0.6825695166774939,1242.551597906736,11.077072682070499,0.9584952625215127,0.18616432659970805
18.26366383198274,0.7911181923996764,1440.7063838586282,6.811344536019092,0.9923585404837041,0.25428567562525095
13.652672021598082,0.63461890782336,970.253978469482,7.392702806960264,0.9700198774273192,0.14659659191880517
14.525338019778816,0.6504247511790836,1097.3109441691902,7.307336179721246,0.9684182001084582,0.167184207274366
16.438375932047258,0.7434204920464706,1108.836286929961,9.779324220585833,0.9816243077508462,0.23614210641721495
15.141565003775431,0.7650185545076613,1173.1514418489862,7.454626342768098,0.9686309516084118,0.22300274739900627
18.426294676796207,0.8042959225478535,1197.5532138089936,5.618296608572146,0.9741608324812573,0.2518556887465707
18.001455133027022,0.7877065814598382,1273.478707621874,7.435053521733474,0.9680803553404481,0.25099776457769823
14.774343923440886,0.7996532272534362,967.4371323507266,7.252091847333141,0.9734073538065069,0.21757842915183867
16.84546336150841,0.7434889616013067,1127.1740169126563,10.199495422583547,0.9751451315673306,0.2304538655051238
16.626654478118798,0.7220142258950956,1304.4889309894077,13.290867767231065,0.9777288978764237,0.22130520528725825
17.1752815487047,0.708970690435553,1442.645139459935,8.338896617363876,0.9789026913875065,0.23127697393062072
20.68738058983297,0.7776813602094159,1180.095609329308,6.201561339609815,0.9545414824721349,0.24727312778087576
20.34845137456462,0.7599053190008547,1205.565987652218,5.837050330941254,0.9592767559913391,0.2546334634433488
12.543333714541417,0.7188370595311389,1140.9425363405128,8.784836016092402,0.9844067661124029,0.17694795378367661
14.698595365631745,0.6720745329156151,1156.6450634024193,14.480109163700432,0.9782000451453947,0.18284008623644848
16.87409004411619,0.7508705967464131,1199.3645942354096,5.7680640374991965,0.9678047930386928,0.21739565738665523
15.010618655439687,0.7956409444496733,1115.7486034306032,12.993032295568957,0.9838849454024391,0.2401051980207569
17.949030931357488,0.6717512280782004,1141.9566768360064,7.967195751290355,0.9679011394409192,0.2002234172432585
17.231944042454842,0.7474930876207438,1135.5428194541723,5.882047106054576,0.9683355821773244,0.22260666546988547
14.989861579305408,0.7631629401224325,1064.3314977126097,8.360218592001639,0.983327089572874,0.21842875362196887
16.63412272826811,0.6815589614463738,1376.6280576227912,7.205978642101134,0.9646510293254018,0.20303287505766954
15.912610280965824,0.7186686761771782,1337.5408151735535,8.528316885422745,0.9814067209960446,0.2183870072094318
16.085178125847325,0.729051802259214,969.5838571614745,7.743535700533992,0.9732261723825233,0.20714845803982018
12.912411929715189,0.6088863907547005,1185.5084651325299,6.4405663093484415,0.9749592776718498,0.13721489591174438
12.648648943713148,0.6021908820757135,1025.8717591935222,8.020989622367637,0.9844594796211383,0.13744892431033273
19.357716259037044,0.8257261337804872,1164.022917262554,7.6875863705753895,0.9714328242365717,0.2597719625932962
15.129721142576756,0.6945967090303616,1402.1403816992845,7.228235878664511,0.9842177329808226,0.20046106871723776
15.738883546053252,0.7141891282859247,1404.4848880265677,12.479381242886651,0.9803268526914153,0.213356288152932
17.77713963853236,0.692593237966453,1198.6823950263906,3.7011590105153336,0.9603698805157547,0.196982239792806
14.83554147945339,0.7719304994343887,1144.0238928570575,9.473615504685567,0.9744640596574412,0.22519576015626383
18.49416285479922,0.7052957045638008,1276.0597527569191,27.871901223353085,0.9882933356251644,0.23168839573824923
13.988357289751667,0.7427256101529162,1162.3104174073849,17.224571008349184,0.9885557878801982,0.21056856210090372
17.31204367166257,0.6954891589102967,1060.812576118822,4.534239309514622,0.9644215501026621,0.21055096298720838
17.161772459420558,0.7060634807795327,1048.9806446927587,4.185724375754294,0.9692111525283332,0.2005607248552266
16.96868124161215,0.6974222789528213,1082.5031447063407,4.815545250248361,0.9682063871975104,0.2050497376521634
15.187497794033522,0.8027305078955529,1044.7234906483038,8.797701670287058,0.968767095708479,0.2197474216928939
16.380260854872507,0.6880366071083727,1485.1680851064064,8.94699491186212,0.9844016338681094,0.21566042461462678
18.57818448875752,0.6971494567494371,1182.7697144314616,7.252517180656806,0.9577564902258168,0.21642010993898156
17.28517376595401,0.6977200178989424,1180.9881007292945,6.890632067163555,0.9639588633738276,0.21655847505740766
15.441709064487506,0.685404702935704,1133.298044702613,6.103483224035516,0.9685456515550425,0.19752035860724834
17.175156881381625,0.7591241733811586,1332.223635062729,10.296508448827526,0.9808934058139059,0.23962194209940726
15.046284971797053,0.7655240793519515,1142.3910211871696,8.378969782080603,0.9727404496159986,0.22123077304585057
17.26233142820222,0.715746252761501,1162.2074957383304,6.342350854380214,0.9731311128628223,0.21802935619310845
16.215171380964293,0.6938489134278845,1143.71233642296,5.932159403139166,0.9772701308319939,0.2022184660813186
16.079639879127626,0.7583434207062334,1134.4751781090101,8.001130017308123,0.976033076150513,0.22196794052428614
15.765465533372511,0.7239658509911535,1142.712575915403,6.701246967057103,0.9766819631805191,0.2199468452137805
16.749665450295986,0.7748133666881214,1403.1635880968831,8.83956192108682,0.9742236845497804,0.23287911732654004
16.452760913508357,0.7868464001838307,1180.5461413648584,7.482326902069207,0.9725148617994824,0.2305137526339817
16.28395218946926,0.7742165228325728,1167.6818120364117,7.705813282766769,0.9730086625737144,0.22918746351571467
15.967446402087372,0.7837466031811551,1143.234486077844,8.406377947784184,0.9758407509283191,0.2309969964711918
16.33084171417189,0.741931405827515,1082.2133604828996,11.39400920726997,0.9797070966006493,0.22385814013131575
16.518825266407344,0.7415546098422883,1342.3970918273371,4.666833545248996,0.964110958795707,0.21368282045912723
17.731431847784968,0.7260300455897828,1307.4536204160509,8.043595528931485,0.9688331280596235,0.23123326213450993
17.1001288083981,0.7798880427271138,1332.9762560783877,5.60555407383805,0.9626407719211858,0.22941905767487145
16.36470856425204,0.7356419390074738,1108.3769702153456,10.531117293194745,0.9768855769495782,0.21133041894923757
16.27073249187649,0.7412154808958872,1296.1174926185865,7.172810669368241,0.9630802072962618,0.21013059660796363
16.24953276771503,0.7381067746767457,1154.772759210123,7.013158704726528,0.9624585319623187,0.21505279040206318
15.95663458203835,0.7544603671420397,1222.2560205055647,10.291058461033838,0.9738561385253243,0.23232317816748183
16.962731422283007,0.7451430987613434,1112.6344834227273,11.508392375847615,0.9725329575019461,0.23019731721478948
16.60562934243064,0.766944636071295,1049.7085120117808,8.954376363706585,0.9637068904801895,0.2211523339962498
14.828379580916359,0.7105178898820769,1300.4881409698376,9.187508521365272,0.9743546841566826,0.2021465325356815
16.651202623886114,0.7606286717778273,1077.047227510784,5.367898084771792,0.9684163251653681,0.2127051749071683
16.31825733264468,0.7488702018871027,1092.5975636395092,5.954031663452249,0.9704902349003888,0.2256848966178006
16.704305311234616,0.723616218490426,1154.2572210497137,5.770788964560537,0.9585057451334331,0.20686786444853675
14.770034187225454,0.7377425364137515,1088.678642923116,15.74505071889335,0.9775595112661445,0.20345373623325808
15.492430641585797,0.7447157596706555,967.5609052879406,10.186652988066694,0.9842804441488877,0.21091653378514927
15.747721981814246,0.7732642129902169,1094.7783090595838,4.485792270343592,0.9864875193635024,0.22218507655888542
17.21419515345155,0.7821458286865796,1436.450708141373,10.624106060153252,0.9710293964153835,0.24276155036856017
14.648716179721555,0.6702512858648942,894.2255482831617,5.040759075062933,0.9810619723798245,0.16707033331945445
13.637696710546454,0.6880595718264401,1155.1047083321334,9.17091702494479,0.9770151261492558,0.17644521609739514
15.04864529449451,0.6872147212006612,1229.5793995753868,9.833749646736017,0.9874157243835437,0.1967120799467567
15.966964430527144,0.729454898521612,977.1087079038015,11.923353773913044,0.9590392787820831,0.20522561417851473
15.624475676840536,0.7999408708967287,1183.2278888063502,4.488943460126523,0.9813515711452672,0.22863584599299075
16.60420506692827,0.8531592104718133,1173.1354722513802,8.924510172265439,0.9664525764743472,0.25739418683190457
16.95323156298768,0.7441156477009878,1136.5362891393859,5.719021510911715,0.966981318479055,0.22421901286230228
15.018169064663741,0.6953764495161999,1114.016490670872,8.657903551844528,0.9813878026650243,0.18992152502733572
14.5557354046105,0.7440990835698833,1041.6417375153137,7.879792741570371,0.9627100295194335,0.19726056880777035
15.470860833410306,0.6982317336903868,1226.0342865182656,7.333456654984967,0.983119763033973,0.2043817508579192
17.11252312803877,0.8135827709123584,1135.2628958231537,7.105975436897414,0.973045615176321,0.24997618415668227
17.175930165039034,0.8148151664737688,1131.6519348573518,7.597916709926014,0.9717391797205412,0.2589189083322126
14.7494662419299,0.7380112461175616,1121.327830393175,8.867301024430798,0.9793638762682393,0.20399843100015586
14.553747447258575,0.7343521441037384,1195.6847332179307,12.67468485489956,0.9840861572869124,0.21735458150308795
15.274518323752755,0.6979022869967543,1201.0860007999227,6.908918487610399,0.9852431396344921,0.20164435036073844
15.009494461929393,0.681227194807489,1076.7904271315551,20.33867413444452,0.9709990793696929,0.19196892214419267
15.000653815530857,0.686091564619303,1077.9128423244033,20.354067266364314,0.9699656929605477,0.18987068463842915
13.924045597849053,0.6890156040468314,1071.212673778306,11.075959455888423,0.9785223607220822,0.18940890096160967
14.166530103616811,0.6847541231017932,1033.4297152573881,8.033315893041735,0.9754650962473305,0.17572606811883754
14.704957811747386,0.6941158278853641,1038.137051970086,8.84772777318612,0.9764773414028773,0.17022158920233027
16.133219357647917,0.6801456906724422,1070.9074222421739,4.828286831460706,0.9648548023833677,0.19981736264164088
14.27498802336718,0.7271026579222776,1097.831794666261,13.239795185962105,0.9862216261583432,0.21709488490512063
15.21250746399982,0.6210783542305108,1150.8833674675552,6.325798537831555,0.9778226717087469,0.18010238003168139
13.580321038260543,0.6926612141072293,1264.6680987067462,17.33691604009597,0.9719453410716802,0.19304259805337448
16.078025397081042,0.7074931763702705,1222.1639363933543,19.605480064875536,0.9758955958450883,0.2067637495778011
15.481561552388973,0.6961594367679209,1242.8505639362832,12.85427789884073,0.9864133897796815,0.20216561401532043
15.742717857115084,0.7291264712593816,1078.510879557087,4.704048465276066,0.9620422909012777,0.19199889170679002
15.02999645008429,0.728338508821775,1191.3919591967915,5.665551080040386,0.9704670685436071,0.1967183674004669
15.403223768225615,0.7466564197638371,1184.2918640228463,5.599911053579109,0.9702588820545804,0.21087245847288436
16.887529628615926,0.7487697410374683,1133.6820353123055,9.22034829205954,0.9754618856697308,0.2365010338953003
16.1449463719932,0.7146062415550248,1273.0716454286367,9.07669641495851,0.9749610478891095,0.2042478154444236
15.889959750372443,0.6850390052384333,1316.1422612339525,5.452569475826257,0.9683416152855051,0.20359710195850572
16.101449394741806,0.7390729987010604,1050.520532257382,10.532280053190693,0.9748271207334697,0.21239850575142316
15.587785777144045,0.7031265631041461,1054.646067045669,14.734300952361341,0.982532101942872,0.2016629895269405
17.440788656709397,0.6923774061813317,1160.1568457554572,5.754402130777129,0.9847728832888559,0.21501825487705747
15.505469281346238,0.8342321306165087,1146.8724764083752,7.426082064428642,0.9849374679970965,0.2472664316172796
15.214470230892607,0.780661062643493,1242.0648249558733,10.530090075029333,0.9883761750463429,0.22100850987005904
17.153221522881424,0.7101923648393257,1055.7116456896738,4.724807151765074,0.9603875190654132,0.21440369041984342
16.805250905893004,0.7022245248761583,1210.946998807483,12.679231847517485,0.9819181712542976,0.20640337632738096
15.838671932483749,0.7098819870920154,1088.4744283814573,6.539119071255761,0.9810135216586428,0.19693825667767118
15.737599554037859,0.7819916258080792,1095.7587843789586,8.020142932381557,0.9729954047295469,0.22934126594759832
16.83348558990322,0.7895304036090097,1382.5536083172537,6.490693398477458,0.972912527714368,0.2437617909112706
16.381363327071735,0.7121081090116855,1260.111257466568,9.442053039593246,0.9808987610345492,0.21942310128975862
16.492884757935546,0.7285186451302926,1395.2236057375433,6.787752174828831,0.9744625060169185,0.22229004276373218
17.114850270113255,0.8325439747702793,1083.3592648805188,8.631850367916918,0.9677941381043185,0.24798590873632156
16.29177565736601,0.7323852765089269,1313.350145787875,9.637933216324434,0.9868665523504855,0.22377757400578585
16.084027080094916,0.7269715999645977,1372.4722305867315,9.296136072246819,0.9749496982655735,0.23195183691549476
17.17602519466187,0.7383024940969236,1084.317480114939,7.478615265458165,0.9723947549238134,0.2124227486885106
15.881077595647811,0.7694976253631721,1379.2111000865827,7.286818147748323,0.9778287570690426,0.22504233407110677
14.598430068052048,0.7854713882509289,1335.7427224957437,4.472218998919843,0.9774461673356593,0.23328379280179545
14.684672034231037,0.7557616000897152,1389.3252783973257,7.846503817061869,0.9791990861789839,0.2333554546969301
18.462596427888325,0.7256417411655695,1138.8875512415948,8.858577706822333,0.9780344425258801,0.23283722824878597
14.358256157319513,0.686888350230084,1267.0369677587635,5.203232633476388,0.9657610864807947,0.17881561539369292
15.591003486892733,0.7178139242435427,913.4061021444488,10.286887098430379,0.9794211846647296,0.20129387481283711
17.103964226687197,0.7471519991579739,1501.533918373797,4.423284539384274,0.9758623091566175,0.2351733567193535
14.89187070129979,0.7202696705863465,906.6067968514268,17.18007035739985,0.9668459124276285,0.20172956810604703
16.75288706602276,0.7717416415267708,1085.2987911608611,36.80642239806712,0.9825591953386229,0.24463155053694396
15.343959387625691,0.789470459396959,1125.0808320362423,32.99729160598119,0.9713653774437624,0.2369360504826894
14.894426956665109,0.8277922913209733,1089.9851564156738,34.42749906002634,0.9856215637625817,0.24453429835555643
18.215152422825074,0.7627804450496461,1052.432091165012,33.39712700451204,0.9813456000355261,0.2378144723303126
13.962424497386179,0.6612196107833876,1350.10243939036,30.515130260989977,0.9922665178916749,0.1971009354289886
15.651923066881894,0.7116708879744066,962.1738032629148,10.662483542854725,0.9846907378528106,0.19453955394064928
17.181848305504687,0.6791854573008365,1166.1862305691225,6.316676973318556,0.9805505586225353,0.20175080410403673
16.134640939895803,0.6992873568487619,1202.3302821769523,8.410854325878438,0.9743820136358347,0.20468785306788514
15.88137983363295,0.823585239971272,1253.4809617549306,5.731206150871863,0.9695518106766124,0.24353579969723635
14.122607057547794,0.7059107407296638,1211.9660561187263,24.494123538297448,0.988891597199469,0.21018893617482867
14.537325003961737,0.7198152153969515,1214.007491079808,20.872636549729258,0.9929429417882633,0.20207544964132937
15.065696526074712,0.7085198803747303,957.736940152609,19.52362568297351,0.9843613025175407,0.19168150328575412
15.971825275019581,0.6851744672971345,1163.3253448405517,33.46633274010266,0.9849445641684274,0.21200524913119378
14.280591833723092,0.7187582009513893,1031.0520800484542,19.172053825445904,0.9801745591288287,0.2045491490915157
16.763120138828754,0.7324197383916631,1166.1435396864895,6.941523793805044,0.9786868768845653,0.23102262423011033
17.822790235884682,0.769128564957249,1293.3484856473947,4.326559023869891,0.9687597898546246,0.2272139847118376
16.880928273288273,0.6498604908744997,1225.0902951139205,12.404135886959686,0.976429326183371,0.20390597663173296
16.41082512631062,0.6750320262634881,1251.5356370150926,11.000616348219488,0.9774518637731716,0.19769094690949818
15.888900107555331,0.6899843994602395,1211.4203560721573,11.027038037179022,0.9798126627217539,0.21172122024043466
15.640762222946643,0.7244947814083235,1218.402736777325,8.507070595374618,0.9782656199095925,0.20763839196646175
16.13813243646492,0.674485825264192,1162.7951890226138,6.267087310109353,0.9725735161408963,0.21497241559951233
17.843084691230143,0.7911891710364561,1139.4625858201427,8.492716699736548,0.9696403596367972,0.23765795093848313
15.83015603990482,0.8273168340768343,1116.3953539635097,6.721654697207229,0.9689721113412681,0.24653021256075602
18.026765081377935,0.6705791574510533,1264.80485430551,6.887576706518899,0.981029675333267,0.21186534361557546
14.398764353977255,0.7836784757987113,975.2652819431847,6.932272933176613,0.9792317229382103,0.21134489809664214
15.354790781908651,0.836108425214836,980.0994016106308,7.680011740309122,0.9723599191114004,0.2370108836779285
14.638193721467037,0.746948684504825,970.4956689264745,8.096605127144244,0.9757232120915836,0.19822801992100966
14.701947345428101,0.7941940738869453,1104.2238471498238,3.6509776584680176,0.9737428037451309,0.2130489676982432
14.85751716570556,0.7895349088574148,1042.7497796010766,11.29577446703822,0.9707557368839772,0.21094957509347428
16.38471508341017,0.7181916630781933,1281.018745351526,5.777926251641669,0.9761020253719931,0.20533451615867993
16.607410908311735,0.7242487034460346,1188.2512442507502,7.812367516989162,0.982672644976996,0.23378563504828778
17.404488385309914,0.7388439248030907,1258.2748750518672,7.0861266431856205,0.978394994566025,0.2387610232180612
15.82297895610939,0.9032334082259643,1206.7192010604895,8.816655253443157,0.9907554616234721,0.2673653506485607
17.276022961265088,0.8213993118878007,1229.6360934706204,8.547396326643328,0.9801050940138654,0.2529134645774684
16.819075879639268,0.6945840335517488,1108.5243635233749,5.498081590066695,0.9676365263663822,0.20813200005656357
16.77442668461962,0.8042088671734292,1320.9627751792834,8.618108556890741,0.9823194434509976,0.2613475786073531
16.57682506653903,0.7002959289095108,1124.646034108948,6.1265823813470695,0.9734683934528361,0.19937344345463912
16.68658714215782,0.6720888884966324,1059.8805241983341,9.047183680177136,0.978755909583567,0.20275378636266014
16.900415033157422,0.6706747524557141,1040.504617736498,8.859300661116817,0.9795514156922625,0.1973243438474666
15.33193683877226,0.8431061873808047,1294.5786828867374,5.270888465730731,0.9699373319973964,0.2426767925355773
18.217370384694913,0.7831552489671956,1208.8972572802265,7.948024903089204,0.9748317141153574,0.25427260772708765
18.13877159689941,0.771477797331336,1248.7562227620804,7.602869466953046,0.9743245223811123,0.24812154613786663
18.141672570621754,0.7462975491582171,1315.8621014329942,7.597223426791072,0.971590064757181,0.23901681925030477
18.143343563238364,0.7488653447460817,1285.6521584343982,7.01663823546019,0.9732666548424109,0.23648474283773055
15.948238574543627,0.7603938390890862,1170.1229826027431,8.639286958311938,0.9784914114187193,0.23059978648437635
15.810365536493217,0.746545104313567,1148.8787713637,9.411677798857474,0.9738832746105631,0.22395234936306754
16.397487194170292,0.7062568235753314,1079.0595925886953,6.999463581706163,0.9730888469197988,0.20286422108101482
14.745745962854121,0.6810315051951084,1215.9415477102589,7.037320335936611,0.9751301384639756,0.20024691694579513
15.776752048494732,0.7600732309187819,1034.6991242438694,6.38194061136189,0.9685516992184522,0.20167642252583062
15.730364069556552,0.7403711993672737,1092.861732217554,7.680229347463165,0.975269454116283,0.22539956357299862
17.364933255011227,0.7263955092932005,1155.0647239009913,6.595999139774304,0.9672093295795665,0.2061009812521613
16.33620686484996,0.6983284928473907,1354.6374235208189,7.445387929100051,0.9805494697817385,0.21831750979629808
14.954243147767642,0.7680060703796004,1554.9178901457867,7.28441070973558,0.9661588372038831,0.22505076688398323
18.63234899493807,0.7221826823243195,879.5124994829372,4.920063778790151,0.9682374855820743,0.2175040582072242
18.63234899493807,0.7221826823243195,879.5124994829372,4.920063778790151,0.9682374855820743,0.2175040582072242
17.265819793548708,0.7094942925622244,1031.3923272406944,8.010188694845773,0.966076314876323,0.2045436728255461
17.13326071740795,0.7248587635490223,1121.5627118459954,8.64663398041023,0.9626198803224997,0.22121782669966183
15.116759880853515,0.8059496299232435,1001.103318546283,10.117138366492728,0.9852150183496499,0.22649063742764639
16.21575653326424,0.7938355889302747,1276.7216236848728,7.831579057605723,0.9821629031234468,0.2411114779900008
17.641255431126257,0.8118947411321189,1281.600070738521,5.124972444761718,0.9826651659062815,0.25702965756420243
17.316674071875703,0.8252727038082808,1285.8630359227375,4.584766128229191,0.9745057682006503,0.2514863863226117
18.395727043489686,0.8048859718613234,1131.0618232693046,6.455855157542957,0.9478305102855903,0.23259205295163052
17.40923786902496,0.8112250092822262,1078.7107529751809,3.9467722682647746,0.9560286671769821,0.24341642809342795
15.35573517931402,0.8085203242476937,1363.244254813207,14.029395429106447,0.982046671455985,0.23970308859976036
17.457681444410312,0.6955733300817487,1055.6080763358157,10.723634480509057,0.9868761504586406,0.2150346806731725
19.13947087768239,0.6755055915214435,1226.4694433829216,22.968416233457248,0.980338709491773,0.2251957656357934
16.62094916181371,0.68339461676015,1092.6995345183548,10.90287263974324,0.9841113469849571,0.20447555595981654
14.778891024996613,0.7348978422319508,1216.002998341303,10.300521259882448,0.9652911119112898,0.20297939214675673
16.16381616829783,0.6882915230957728,1152.5864504145445,6.709558858815443,0.987444986727198,0.21373248555792537
16.22306029951959,0.7259617732605131,1146.4308681162327,7.34906502064837,0.9872453781469522,0.21972383572518497
16.75819412482763,0.7168015645310487,1367.43823986887,7.133596510165782,0.9623577822456382,0.21316478485865814
18.138813932902774,0.7579523580057533,1193.4548927234275,6.857249170164005,0.9788254744947952,0.24194561183310884
16.77292701429052,0.7641256283673707,957.4864191817936,11.61762618919508,0.9706795426472739,0.2258905490940464
14.264178301122643,0.6449049409074997,1351.2263326693492,5.827476567120483,0.9835975536991849,0.17646712473374818
17.61284459885228,0.7906070188176241,988.9756022278608,10.835644187836547,0.9711395207290938,0.2448144232373208
16.73718814449673,0.8331731265299013,1119.872445461718,8.189319994247013,0.9791625855266067,0.25681953357140674
15.374453501238099,0.7876803390284466,1213.2152986250949,9.762333648924603,0.9659047580557011,0.23862627424961336
16.350049424959792,0.763872746467973,1075.1240166205096,4.980720067205278,0.9841671227060143,0.2201358369455166
15.944150812271523,0.7678908207559128,1047.4105849085265,5.230598440448823,0.9808389420492205,0.21977296614475203
15.469687509174628,0.7168752407634995,1176.5571464171996,12.825858519759752,0.9733120298986657,0.2083782431607767
15.660866857954653,0.6841923957363805,1192.8518460102466,9.46828441822272,0.9708173378146238,0.19516904100732183
16.157773747183096,0.8011205736513224,1092.6382420416833,6.787200017282451,0.9776356417481844,0.2366229473582533
15.609339136382617,0.7965917257093399,1351.712225365306,10.242873424713132,0.9813657219773847,0.24087407384520818
17.15456948513146,0.7234030683315599,1278.6225386518572,7.808994961292148,0.9921927019484027,0.23738845329995883
17.195762558284784,0.7174395462764946,1163.4485662366822,6.6714149351733205,0.9913147914353786,0.22655697454453014
14.69143691160467,0.7596662632684955,1223.8241760431522,17.682119137107705,0.9876840873922097,0.22830047200730239
15.296513797567341,0.7387912330958498,1403.429807623087,12.562686456948954,0.9762089698060886,0.22724973433753937
16.410103683202653,0.765471411551645,1589.324282811905,8.439936830369891,0.9863560266660824,0.2452209585027524
17.015394297503907,0.756986809474818,1427.2577301210745,8.146237044014464,0.9817347808225789,0.24893154564998354
17.098222645102062,0.7391147139069572,1300.7194034904282,7.189516953224712,0.9735663964012016,0.22931798084888905
17.0619288965371,0.7464304101194279,1278.729791200228,7.665544221331837,0.9724889389017,0.23319480401566783
18.659978786883144,0.756331687116274,1112.7496992095237,6.725374340404094,0.9619905819314719,0.2322589190308949
13.486480194040748,0.7459312558908402,1156.2647808058714,10.80100679696025,0.988329482726917,0.19208283356963918
16.674560453077625,0.6126581552674916,1078.5333491879592,9.211926553972244,0.9806113146596639,0.1922542474673175
15.327952417720825,0.8517307902961971,1259.6985722630172,5.319091966342697,0.963480469613816,0.25833474514295324
15.918117300505983,0.8012292054523921,1236.06348158393,6.886964422016769,0.9747692790930682,0.22615064515852137
16.230585286614158,0.7587678601786862,1223.5674012288382,4.907158553092368,0.9831840467992676,0.2340566713370932
16.063957259813755,0.6900942307169644,1140.2072357776444,9.444932133424478,0.970804231497442,0.20179007146089106
16.63138920136735,0.7282863362568274,1131.8800069062677,11.726457007838297,0.9800290671572202,0.21885333824963765
16.41415057669173,0.6895623401469926,965.4173425278022,19.238167826108093,0.9767127798148695,0.19740932229529867
16.033105426794165,0.7238848502527172,951.6636430909958,9.46226364978109,0.9790168747345096,0.20965989782014333
14.726400526370183,0.7236099670576224,1121.6258719946934,7.289254255227246,0.9661443167670455,0.20299328676892225
17.54435430799933,0.7327136789910231,1093.5297974449666,7.66054642494754,0.974503082201927,0.22238517063697322
17.556014176238637,0.7504280711409138,1073.0017803669487,8.026117529722683,0.9852160881116335,0.23391090168952533
17.21692220116816,0.786648464507785,1113.2553702956443,11.46388813913624,0.9730257102914164,0.24136108787783733
15.570289269734678,0.7740927581511802,1044.9502638008069,10.697411093237273,0.9738625016770566,0.22986850151889182
15.676111284464795,0.7674942134503384,981.463732211808,9.84053069364455,0.9875519168551079,0.22583281865952987
15.272431385579706,0.6644394931780792,1222.0013665991892,5.994708429094881,0.9643558368259602,0.1803045588796123
16.229315793198666,0.7684308937690766,1055.209329141323,9.511254875987671,0.9800018317286003,0.22800110414366248
16.504342761269264,0.7881389241974738,1074.2225459892804,9.938816186756354,0.9776673142716021,0.23944721622419177
16.51418789062703,0.6868551263381559,1110.9172758961631,7.587045454256579,0.9633430488078933,0.19788152685212973
13.929765297125074,0.7090816702793511,1136.8879672444493,10.28152811848427,0.9883652403166994,0.196911546411987
14.998017786763443,0.6374432518929164,972.1499240119724,6.7923250270065445,0.9658469830587196,0.16123912090085613
16.274042300453505,0.8254600073057287,1139.8027340932308,8.992993112377498,0.9778757737881223,0.24282367381704448
14.37685282553603,0.6494132677934853,1128.8102637812015,7.779745904552919,0.9656491102734919,0.17227690187530642
15.394399411184871,0.6315969419541856,1106.641293888104,4.405428758559021,0.9710625704312329,0.17329299127743505
16.514954211549192,0.7879036450113095,1139.8385156108193,10.398989892673134,0.9689423557081102,0.2293889630048882
16.99401859387378,0.7073001044522694,1538.3871662103204,5.064208711633384,0.97784841306546,0.2318701010806046
18.540526641975525,0.7014784789677208,1345.8083550983408,5.301409313991766,0.9679196471718967,0.22837783539548479
17.059241705300675,0.7278164636396155,1291.7377824445055,5.032628420846905,0.9730923375619456,0.21769427642568376
17.454640808641674,0.7470612263397985,1332.63348064066,8.773491189181874,0.9805525591310389,0.23234528723100933
15.923119484207,0.6996618852464427,1082.7149135868867,6.312443357703473,0.9688319635841851,0.199376325782395
14.389374366315458,0.7184889256055167,1079.3189044284245,6.824744019114411,0.9774857107637401,0.1923807826969637
17.549907011329918,0.7377803630432331,1123.2101909938858,7.331064830245353,0.9744617472821424,0.22382887091067602
15.796327151325194,0.7568726414215717,1274.2680736050188,8.573091586909088,0.980813752157473,0.22465468992159165
16.320850002810378,0.8012320962061587,1205.0213553482902,4.416300999046481,0.9594296422019905,0.22228953073599458
17.99089921160152,0.7279265091390564,1238.3442859888614,10.921460981438926,0.9802657439442326,0.24678055753718678
14.816312252212182,0.7818552757829942,1069.8468396536894,6.02611083321334,0.9679902847667443,0.20213666873655436
15.79386879936172,0.7055114436553932,1155.8029170696748,4.745751728040625,0.9664732304369539,0.2017905605573331
14.52510675156573,0.7166885261328328,1239.9783048360916,5.722543583440946,0.9582215178544927,0.1937340189244424
15.427975681198536,0.7462167602689066,1244.9916729557485,7.5414171425090535,0.9818917249489848,0.23471931905113172
15.187132312539726,0.768834442787243,1265.3814992674613,9.98659918815529,0.9848831774303257,0.22440755540888613
15.467724084704603,0.6932401417237567,954.4876641955697,23.055595669442045,0.9787098444430166,0.20114096174788032
15.126618936621533,0.7863803263586878,1130.8694993849065,33.3847769060165,0.9843326117967611,0.22667015617978642
16.490958388807176,0.6584095598552707,1289.7677088753944,15.92913308080768,0.990768399110615,0.20011744644053336
15.01571691761001,0.8757453780579202,967.1219877764368,5.521212788428671,0.9621314730251147,0.22913065528620633
15.872633708212149,0.8486556296862843,1064.3107495849133,5.428835834971142,0.9670792427239239,0.24078971826365522
16.78780012935344,0.6883235443607945,1134.8329685082463,7.558016589824621,0.9749118124806876,0.20560390644638848
14.740339151875622,0.6999913256054959,1054.0065359382536,6.8637200020035065,0.9744628255988168,0.188299654870624
16.133556022621416,0.7409456465023352,1016.3888671064522,8.190676927749184,0.9678234118041521,0.20294874245100145
14.381320964763603,0.7621254862348307,1105.8460567190498,6.390641811854492,0.9789838325552724,0.21249553716711533
17.886227455870944,0.713720022552628,1158.612718974361,7.793331432612999,0.964746906664643,0.21941600900831013
16.268080517609555,0.7531734069570051,1275.7490887966092,8.164528986388765,0.9769926093022512,0.23418479611179147
15.545601460201137,0.752490862356213,1169.878023914017,6.430624463810724,0.9728139007250558,0.22157624212159308
14.671126182162778,0.6848237472734594,937.3117290881939,9.398178763008222,0.9771463647290461,0.1791662339585929
14.643007771748016,0.7446035071109225,1090.4425577905195,5.409024815110616,0.9820502806285663,0.20719438092665118
14.10336911992425,0.738438770026279,1080.854309132111,10.438488970804753,0.9871721526880033,0.20311640335388134
15.402883005204089,0.7732510194705412,1013.0813712816812,7.055412213604846,0.9815524200446555,0.22020732426125722
15.684399280986218,0.7086647645870356,1213.0265980384668,8.024703622747152,0.971589206329422,0.20588957379851242
16.343455758392864,0.7494276281460135,1124.8937601348516,11.895554573975868,0.9769136595153542,0.22158596960889654
17.13454882733649,0.7791654720493725,1231.8366081014144,6.684601840049256,0.973133909212641,0.2373677980232817
15.446950076625097,0.716938032750306,1098.7041491718871,7.100694038499554,0.9745312491933652,0.20654138804676467
16.66784169965341,0.694738702617724,1001.1377916290817,7.384610294614961,0.9823307989952119,0.20808694635620897
16.14164208270069,0.744847748452676,1016.0105688055542,8.034564208879518,0.9721927409055728,0.2174445615479368
15.380791461999715,0.7593879318917129,1045.5897499024834,7.604573068680332,0.9677414370180831,0.21838557407299786
17.212114849969677,0.7358206358589082,1024.740203278539,10.08518071836616,0.9738456369087527,0.21093322831193306
17.386030957451478,0.7151660542602373,996.7456476501036,10.84139515475085,0.9685898004441333,0.22327417208428382
15.012871270319591,0.7412286742620908,1346.594076928798,3.1654861586741085,0.9756375179179301,0.20497614633843458
15.312358603493333,0.7265723798964654,1367.6154034368058,7.968239555611877,0.9744956215258799,0.20641731110789802
15.508584961726173,0.713412666937287,1093.572899906477,4.019179676620122,0.9707705413392576,0.20440897264116206
17.43937798519757,0.7277517001073166,1190.5564095584937,11.818355585187298,0.9682814049190371,0.24281025076255106
18.336847747201045,0.7495752170855676,1212.5079784054203,7.4610934316146835,0.9735722716507402,0.22153411630070866
16.656919273285894,0.7369259863559421,1204.0858715020893,6.400237535092079,0.9719534549458159,0.23828660725201384
15.141649214200054,0.7063818167118912,1108.2715337766963,9.887491494549492,0.9737459840415511,0.20436428304255566
15.081934974087815,0.6581005678464913,1155.447707645608,19.431781075055785,0.9826707298677756,0.18965912484961742
16.15175037557392,0.7024612928174846,1101.6840433063592,24.101625848645003,0.9810852499003488,0.2190770637462852
16.232763075001028,0.7116114275216482,1128.6758770147258,22.279934245195385,0.984136415257635,0.20969026960489223
16.626830674886055,0.7458635684922948,1205.3858049602288,7.319225026278427,0.9800679900965721,0.2335236824502537
14.223329259118323,0.7611381697664893,1094.00184770335,10.402953263478192,0.9843894685278992,0.21924504624679966
14.497707433327712,0.7587008263006423,1126.1856203630743,10.825091848477738,0.9850915282905006,0.22735803550179362
17.065406116136696,0.767530369503909,1084.963866660099,5.57939527493016,0.959356308646322,0.20993141022689626
15.55931849714909,0.6538354776500329,1094.0463666240805,9.357026572484246,0.9807764217345583,0.1955719990501399
16.884923998159874,0.7856157623498746,1272.2463982544125,4.770726368720766,0.9696038809509657,0.2477528825136813
15.738742314908444,0.7536433740310828,1183.3859447797452,11.887153027709044,0.9717319602816094,0.21847633198890345
15.549028424841236,0.7396977287705137,1368.1102249422265,6.679635527983864,0.993236440909447,0.22517236773357036
17.98053005793547,0.6787445736169282,1361.9966067031812,6.480126304285728,0.9904030113315783,0.2212946808831393
15.385342124814894,0.7808794703584688,1364.0658039508658,9.427663644530544,0.9792197802404513,0.2381739858183698
15.123877575186324,0.8108345336928787,1178.1569599483298,7.082113260130786,0.981528331936959,0.22845349712637592
14.315172726474787,0.8018415890037874,1161.3810214165626,5.71695906884121,0.981160458125388,0.2318734225224863
15.05288313795682,0.8178677373549206,1199.4611079786432,5.8125631637716975,0.9684699744873814,0.23065019110064042
17.334255122021325,0.73564711908032,1274.8978440372402,13.637584363771467,0.9871847003879625,0.24161527664379542
15.119669588790673,0.7639727774041916,1233.0595071436605,8.371129309248019,0.9786883470295108,0.22695766546876125
16.674179950930824,0.8519457348399601,1077.8294612596874,6.640501187448608,0.9631089214485056,0.241784172018947
15.549642044654298,0.7237072473001553,1242.1725119451842,8.791157753561558,0.9793283746673707,0.21858469429807426
17.17228062440602,0.6806265459811236,1019.5712483511472,7.386348469522211,0.9661957533850791,0.20255562269277352
16.017668181113432,0.7334827100291698,1417.3037945743458,6.5806835174960145,0.9819179077448104,0.2335631901666061
15.589064849969768,0.7457988615817667,1157.5336560899043,11.149389906719252,0.9829552073654938,0.21007884627274848
15.039931015748678,0.7303104978326707,1160.3586673412428,10.374483012572552,0.9814928573125374,0.21936315811620755
15.116635831971685,0.7570426093912844,1151.1551202277612,8.803059756936308,0.9730674111546621,0.2020171588930816
15.494808981575659,0.6784818690704509,1192.288870349415,9.809269841556159,0.9653976721603204,0.18607807507903
15.476874480244675,0.703981215400325,1183.063577294216,5.081556703732027,0.9831682401691307,0.20398898226219614
15.63922243183551,0.7711622178987109,1094.6148523495892,11.900974255392752,0.9739500666355739,0.22899308161600004
15.926002490339075,0.6648787015522041,1083.5230680037805,5.900397810868612,0.9758529640725764,0.17421325582089137
15.80121326589809,0.7682552031309898,1186.526363948839,11.40963214418814,0.9815934753356246,0.24302076073763362
14.668263587626278,0.8303326386364223,919.2663250508051,4.071846234452666,0.9569142903841511,0.20824165887159055
14.925835925164595,0.684264535887197,1160.316464913112,8.035418310849105,0.9785035686608139,0.1951498102837882
14.86316944590158,0.7260067319366091,1113.9272230635675,9.789826051869351,0.973911772713784,0.20166290455663563
16.769168347200424,0.7421331457028321,1053.702013816063,9.597549809388052,0.979008123351842,0.22373039199306247
16.005832503272778,0.7589002033416369,1278.9106454826408,8.462983453169725,0.9804428455170686,0.2322375893495171
17.341220212770768,0.6891121379362467,1187.2798671047456,7.320796987900523,0.9676848560824749,0.20874278988105932
15.632168544585674,0.6910090760320815,1054.456356035329,10.542736664062277,0.979000080004658,0.20242096050211644
16.06171961083814,0.7645507780661688,1279.590957173083,4.98264561103008,0.9694537631990311,0.23232474822868188
17.123664003671962,0.7449721045734873,1070.5990609691805,9.14465011893819,0.9778043736158905,0.23193444716164383
15.98103289124036,0.7158471756934532,1102.4620322669464,12.17415247677186,0.9622180227255299,0.20786711208769895
13.448928692986351,0.7936960004993973,1052.9280273109362,11.868359929521194,0.9797170405369579,0.21720832400472212
14.146607741625395,0.8235734969281875,963.345980299013,9.481729026137614,0.9621490677019063,0.21891749043965206
18.63824568601606,0.6929919188974604,1517.8995492205993,15.328544717476998,0.967927448487662,0.2408905260060019
13.483908852793764,0.8104024975996977,969.9143756226221,6.239724120202384,0.9894652883526142,0.22117721411669544
15.396458598968835,0.7584184180959476,1174.1291823533397,8.702198926187632,0.98259743214598,0.22077231841853937
16.10352485142515,0.7188822176073878,1116.8330355052574,9.256265805611902,0.9767604373785693,0.22392757872357483
16.11494585392825,0.7741362625873501,1148.2173160826928,8.075303128989368,0.973773627939718,0.21890636032717348
17.3409885017986,0.669007086329477,1176.4196098785467,7.577259324973995,0.9666664476931431,0.19183744353943727
13.100748948882966,0.7582501633412143,982.8906112793884,6.878355817932335,0.9776004777191198,0.19508213352983161
18.90854846034685,0.7204427588571395,1424.548074495971,11.767404986191709,0.9816336633470739,0.24510930664313568
16.562314209216684,0.7230122743869974,1437.840616215321,4.005967681037235,0.9753878193802167,0.2200916959511146
18.30314591440571,0.7611616180401978,1438.8570826150521,8.983123155072466,0.9697226945048122,0.23243081888485367
16.87319535539674,0.7648478981046875,1435.5630888780752,5.557008906252199,0.9821529520620674,0.23884364144320283
17.051315269673182,0.7460019520349498,1414.554354213181,7.350394508818563,0.9510764389427244,0.22125714989573453
15.285632169885018,0.7348305329524849,1084.6983389550094,5.112310457158073,0.9827976494258251,0.19665240732416064
15.47510136830329,0.6737831780851677,1139.4048281797504,6.605953284251203,0.9828095194901617,0.2056357059639361
16.937737836831623,0.7062140994182928,1176.6628750820053,7.9600760009487725,0.9781621577791851,0.20083564195742767
16.737861499281376,0.6691267749558951,1098.630782921562,9.67661324141792,0.9779225300634814,0.198418685546231
15.6661321266933,0.7539382201952167,1347.5917255999602,9.101272001125933,0.9881316324528926,0.2312506782638172
17.052854498706107,0.6967994077794246,1183.9966255118864,9.54313564722605,0.9831901606281246,0.21377231803376925
15.27451284457885,0.7786658495028218,1095.6525388410041,6.679952279465189,0.9645758951536065,0.21330039038930465
15.534016010578414,0.6481738414493052,1164.9856809487285,7.52011499042167,0.9726035072691332,0.17105360562773286
16.269102543557775,0.6844786403292272,1012.4753401905738,6.640437788864534,0.9653665376283913,0.1915546720949882
16.4184783103924,0.6785826661572327,1091.3663459454513,7.785496601537254,0.970020392845136,0.18991849690392631
15.158137555855562,0.7488097001826054,1077.0252637023198,7.526164271419908,0.9846839780344343,0.21904521590083537
16.206104724641506,0.7138925567991768,1094.1585551697146,9.360719946486196,0.9884278156833126,0.20930360485006866
15.225233216898683,0.714766971653803,990.51381594412,4.845154704456806,0.9615338965740247,0.192033280845343
17.825154028817803,0.6944190145797742,981.8487954983167,12.419443081974181,0.9720188633214762,0.21923457759036893
14.196330807337837,0.7798814916354152,1161.4828258412708,11.937911427706176,0.9847913462941559,0.2117128684203593
19.230971749489008,0.6708832301026293,1159.2498046115775,4.625767351802216,0.9662503783867606,0.21794424435465137
19.97295417709667,0.6289017404556514,1152.3954308659947,12.424566712310318,0.9682447102503374,0.21213722013119643
19.045125536264997,0.6194187025984929,1053.6659479238203,8.106775826955053,0.9780885826157278,0.20091934242543455
16.209779150499006,0.7466181491595852,1038.9606571590048,7.224799148602656,0.9657997948276137,0.22039522696188327
15.090880970173,0.7372240205335017,1227.2744351674694,8.012589258044851,0.9674066258076321,0.2139254695114331
14.47622994538941,0.6852977005914339,1183.418356420243,8.359144595634717,0.9855831476676167,0.19788099578235907
16.923691509166684,0.7347168841643117,1037.7935132890568,17.38521708477579,0.9718418489939006,0.22889125855232922
16.231621276636556,0.7061755599480535,1154.2349863966867,11.836285565282706,0.9732105620840356,0.20030581751553322
15.68190383268649,0.7734354208835071,964.2529084759465,12.315018958356426,0.9889352433303917,0.23563264139212417
14.567800701656108,0.720262413530555,1277.39292217344,6.458892721167023,0.9829202486765016,0.2148191029408503
16.12958195279102,0.6791316523424777,1281.2335423258373,5.641174864664439,0.9822372306909062,0.21670360137580852
14.989180897663802,0.6854886023300135,1016.8110047779477,12.155688993683805,0.9694246664590541,0.17835063844467117
14.121571223393945,0.7173568680949824,1024.477373072487,6.411996617348634,0.9844736053268228,0.19201303055156493
14.809383884882486,0.7346039644535719,903.5953315196581,10.71986019915189,0.9712223646408106,0.19833220192183823
15.519346595936641,0.8484300845344689,1188.0169935718673,6.442352341386355,0.9845619882063221,0.2525642200679555
18.125014992132478,0.8231530980608706,1147.2338612511523,6.9518396637569975,0.9693757394170074,0.25389106373589443
18.117316244309873,0.8418988189984301,1297.278799898728,6.049185618859437,0.966289093298806,0.26043955936230884
16.031451210497085,0.8072899630891683,1255.156469600057,6.039893238651364,0.9688344826943565,0.23463802358639485
15.562893408562081,0.7677848331692925,1257.8270973687968,8.261849212559733,0.9774602962262553,0.22904442798684904
14.636657217108661,0.7464142486958976,1212.3594930415118,7.327725043775058,0.9769574313277979,0.21798392614685888
17.03109868393444,0.7288804228872392,1074.714737242503,6.834089202757255,0.9734702372974988,0.21285910052473805
18.04259146833644,0.7175157984275966,1271.1796314169885,7.059761550848058,0.9641541512077905,0.2214477050700687
15.71309756891241,0.8406379951555271,1107.598686801035,8.074486264919647,0.98059975247583,0.24646686841666407
16.140535903842938,0.6806947677723615,1201.3250619898831,7.366783410328206,0.973912914610239,0.18618043372043916
16.854198741878164,0.6994620426592024,1289.0853070974745,7.007750206256923,0.9729505517806903,0.22518895991516188
14.750774132769331,0.7216844678796753,955.9703136198239,10.543515244888853,0.9745597606825243,0.1896125092831781
15.477021626800306,0.6769779089931779,1013.2470459704502,9.877239425162921,0.9638203233303992,0.19037306534937112
14.43999621981702,0.6866288859378524,1240.8731622757464,8.314944581369588,0.9936349930520381,0.19856802127461948
14.846875865883547,0.7078638188716411,1284.7346566238982,8.30020528781972,0.9590528553080158,0.19778431518268988
16.375888095966037,0.6992964830288443,1097.4607473674002,10.402753267080751,0.9895444224916424,0.21678098633541776
14.354055073713903,0.724233482198028,1153.1171527013948,4.19939266766191,0.9724291904111579,0.19383020109578705
15.81420814246236,0.6870149709003043,1002.8420318114638,12.852223517216258,0.9754012403494959,0.19285148007868413
15.590778686913385,0.6847790252647971,999.1507266215069,6.684549816010851,0.9829749407642875,0.1923296843003088
13.947333126779668,0.6830162864839777,1165.8769869828254,6.964131016701964,0.9812706812594164,0.18330668425419344
17.569728490579127,0.735074288829981,1112.422845991183,14.71115089095654,0.9877812415476973,0.23588906204404564
16.13278781582318,0.7827688524926378,1256.2346476383952,17.60274689594135,0.986248707070979,0.24434737691059694
14.435874724867313,0.6700828523364167,991.195929062857,6.92036975446985,0.9867996449643738,0.18112229438917984
13.933008907074274,0.7193353714970335,1076.6231710232994,9.92780374578727,0.961872388991347,0.17638488739932068
14.44710065403447,0.6857491483070842,1038.7518388758353,6.391259761780617,0.9837796248753902,0.1773791747372336
13.300069519383458,0.660748203638588,1073.634260213532,11.174359692070743,0.9865274617571173,0.1601834162564014
13.309742194294602,0.6607670094295279,1175.5660591591918,9.587171931327978,0.9855483320741677,0.17466198720224463
17.826305346087555,0.7576182738000617,1081.4222496453153,6.078612528018989,0.9581826470170653,0.23093992764753787
16.170131198597137,0.735810350355308,1393.5404836409675,8.856363612105477,0.9833375073008174,0.23685667583387612
17.78052382779404,0.7453464999024544,1326.8564234055689,7.0544487227625945,0.9669394517827226,0.24235162751514067
17.953989078617987,0.6948264430580845,1264.0164228310516,15.06001255336875,0.978785744267767,0.21525862057090203
13.732290866936456,0.7585347196264234,1022.2772976473842,4.5514436173236215,0.9747946326427708,0.1892760760375743
14.403105981216354,0.7459660855539241,1070.0946585200293,7.072671323626133,0.9584339247786231,0.1920170366272931
14.289984225762634,0.6491026449929065,1019.2729849446658,10.691446660305175,0.9940647699541424,0.17467455994775627
14.718936538939122,0.6775503647809715,1047.1689780112988,5.621918853004839,0.9928156856447036,0.18699145886948063
14.69344266776034,0.6700818957281481,1065.6988691235424,9.152141193093897,0.9911422930460516,0.18751038408772402
15.179397573480752,0.7804583352703376,1113.2643318906937,11.787993233413026,0.9799133162597561,0.21949910425215102
15.416556575036378,0.7636298798953867,1095.3467870968598,8.70275646949647,0.9742568364670982,0.22309506150875721
15.103959741663807,0.7338986285816934,1211.5925411658839,7.275666287347399,0.9752237022955447,0.22033946837663607
15.680436513492955,0.7263385320188713,1191.8489395874303,6.603497246752064,0.9769716290091439,0.2189749721690922
13.69584283179214,0.7218703437786249,1038.0338372512037,14.733651636538797,0.9768810117638653,0.18341638831222395
16.008964981223876,0.7042974400828249,1123.8814593283862,6.295621308388638,0.9676870395831686,0.1935022981271973
15.153105466624305,0.7082759356750769,1209.3404837408586,9.301931255171773,0.9806852733358292,0.21367935385495435
16.05804054548538,0.7774117877877753,1220.3536935438872,5.845432702157563,0.9616565852207061,0.22452714325647827
16.262227898211474,0.7936470318430265,1194.65682834602,4.4412408030472985,0.9766042754707839,0.24306639268632138
18.703630151944886,0.7842038867725432,1539.0900634215782,11.315547767422986,0.9628667522046239,0.2560869614641982
17.442914582213753,0.8039028507044154,1510.1806736363153,5.172205921902913,0.9792199999428379,0.27048344376046973
16.682251914749013,0.7398474935268172,1323.48465958686,12.088018000568354,0.972308796538491,0.22912398048677318
17.42295265601214,0.7254939936094107,1079.3317893743852,15.22764866929187,0.9879764581787387,0.2302265949533062
13.995581795402936,0.7467800198810642,1096.8101855137495,10.916311941525707,0.9698968506687349,0.19604004453549914
13.228058456503879,0.7239713187801641,1286.0591953722562,7.782438493320345,0.9733646122350996,0.19163436462518701
12.981866933969737,0.7505832451870831,1300.5067811176705,7.186196588635211,0.9637690531403165,0.1960973565137171
14.542273942936122,0.7652367544549991,1118.332125402038,7.325711244483703,0.9754893572014933,0.21213608292263844
15.380016698802548,0.7487423128218207,1074.0757994209769,4.869434278181893,0.9829106365298809,0.2139601730457481
14.553889022693655,0.6342881608165173,1087.4039472628574,18.037854817065067,0.9715035563619107,0.1701795026331394
16.73204794424166,0.7020726637899108,1206.6606331396647,14.042516799754765,0.99068563728997,0.21776657631722102
15.3095025350503,0.7950924202668009,1185.6929633010047,3.475753747345893,0.9761226496397905,0.2245098055912754
17.404883562572916,0.694421786759373,1157.6548111747652,13.030777270356765,0.982388396005858,0.22010254015549646
16.814367090570432,0.7053171538402515,1184.126263481668,9.91975038488806,0.9820051069780663,0.21419392116030989
15.168200804233933,0.7471235541926714,1415.9173009971414,10.981738053933046,0.9775017050668561,0.22197756316511913
18.218389851121778,0.837998438623752,1108.7227941892043,4.899967866774147,0.9677129971467698,0.2535516288078586
16.835237474960127,0.8393999185371063,1074.8975920766547,8.16004208345533,0.9655072469248295,0.24467539339673677
16.374149980916407,0.6553134272057004,1216.0107924205686,7.7045299350808625,0.9804993446759923,0.1980735077722093
15.83229895151436,0.7688275696965851,1236.3359128229208,12.902295713447385,0.9778755396406197,0.2294626992136412
17.185121492971042,0.8416269364868746,1150.8935078229956,6.642795875566191,0.96586219712362,0.25224814726002615
16.039608141090483,0.6535384128584409,1277.08975229085,7.754663013376259,0.9744071297110138,0.1892036917639163
18.129936266636072,0.7988108614575048,1415.712385936233,6.6476397541349606,0.9708716925345863,0.2495519221081976
16.197366368066945,0.7181927526137409,1163.3314575593117,10.890538339756455,0.9755177322285825,0.2238493906703772
14.897720404344566,0.7572978407661037,1084.667481818406,9.486863344091962,0.9732012478958353,0.20370383230833286
15.346225378302263,0.7213425627479297,1080.9144333191612,6.954219497962163,0.9658563826295793,0.20519451775680275
15.037625646780622,0.7632442566263518,1120.3065727185342,8.67744635424605,0.985413357173473,0.22671786956023834
16.49515713599472,0.7168434261262642,1136.0199319434053,6.955127847139646,0.9622375424298475,0.21444606817349351
16.760430893403317,0.7893207958634174,1270.9788840729348,10.510715066927313,0.9725111341527959,0.2415367783604653
17.247891719823095,0.7301886927978587,1237.8436174913834,5.692711482984094,0.9688815800333227,0.21199858732575716
16.65439276661906,0.7575058686835139,1179.8779351104556,5.266629760219098,0.9784179918807938,0.21418866017992147
15.285776950583964,0.773713682009845,1171.4959668099586,9.794843190827615,0.9762272594740972,0.22899169207610823
17.910879053733755,0.7215950765704177,1354.8631968481673,10.933656753634668,0.9787799153187292,0.2396914647041098
15.724428405868455,0.7256906795382699,1285.6454321794479,6.515385885205419,0.9705376785519435,0.21451047536473947
15.441007178339872,0.7199429376540015,1294.8541754015876,3.796336794787227,0.9665460326868565,0.20094218103668235
16.827205392902908,0.7288772428390173,1228.4157274429801,11.131529159604517,0.9750675825503293,0.22631232660837686
17.678571355854526,0.7374813343864547,1172.9399408263505,7.504441671072389,0.9787824667184422,0.23274463633739464
14.946524299747598,0.7965109902542398,1263.667827324116,13.356841433710786,0.993153054761105,0.24770863315190184
17.37453698685642,0.6840756226857537,1084.6841211104534,16.55068843475905,0.9950804024982901,0.22617405896301576
14.728815908835013,0.7447974366264534,1278.8721545372211,20.92797288611508,0.9947539305516546,0.23245642372790176
16.690492089535226,0.7221194671439723,1059.2485292532447,36.66913327563892,0.9826188932585853,0.22876988636177248
15.287061917655944,0.7614636548207634,1208.735015946427,36.13911132272804,0.9729597017858866,0.22339404646025546
16.315355301369408,0.644694963486699,1100.2763428344929,39.67251166498363,0.9861845158967792,0.1869167642849271
13.732151672582313,0.7060190878722691,1197.2278114072296,8.163652396252361,0.9806071497349484,0.19933645017549717
14.271463377084554,0.7187885886393407,1324.7310071557831,8.11314663021432,0.9839448714725726,0.1996298836139354
19.48886077917555,0.7592091449869149,1058.7607659836342,10.534476768297894,0.9701863590803363,0.23958864838418134
17.426766859576308,0.7067320114228121,1072.3605033701413,10.659752534015823,0.9699330385029611,0.20663845447597876
16.794746196445473,0.7245713475243709,1060.0770502517128,8.652858241467882,0.970122315481451,0.21987257617854228
15.473388743000108,0.7477614008658758,1343.7259770153787,9.469340909778838,0.9790529471313794,0.22198224180677306
17.704023699754853,0.6796559368090854,1254.3692533005812,7.662053635750096,0.9736921343991319,0.21392389549668941
18.840004550715513,0.7064237484117312,1306.8110126663685,12.694196343018579,0.981938266933883,0.23771407566364705
16.102374401023248,0.9127400239600084,1520.8746552275868,3.8322143782675893,0.9570798750479533,0.27234332784384657
16.423450796235624,0.7975669681950367,1431.5369872485335,6.824164154800546,0.963900489504191,0.25220392958637144
16.862775907557733,0.7642466411202868,968.6709398156132,11.34429533903498,0.9828669928250852,0.24104816803997223
17.191841794714975,0.760587301158152,981.776907275896,13.166281904433644,0.9824112424400082,0.23349102074116646
16.82352551018932,0.7448813008228649,930.9929895599166,10.499265808465525,0.979162927979462,0.22226324345354795
17.033600827325685,0.771280404076596,1071.3069957758464,7.983827481185121,0.9818858945373542,0.23094037938534395
14.761949436809346,0.7545323770568536,1184.3308744636258,7.722567656716655,0.9832561696232166,0.22000820119168543
16.045276577185852,0.7566498315320995,1355.5899682806112,9.569449342972014,0.9758630986528076,0.2328353318312437
16.331152046573077,0.7004193066735973,1079.775720339553,4.813575176401164,0.963671130306807,0.19166991877323186
14.905371669219594,0.7869341559059577,1160.0682850810147,11.80151004763811,0.9840695630880127,0.23118157159845923
15.948290998439393,0.6142735468558573,1056.742669843572,34.19655596303959,0.9883189500452738,0.17374112206310238
12.737132665049543,0.7273927193321531,1223.416336265584,38.95778808962239,0.9926229879077441,0.1940663107363638
14.97800652882228,0.630335397687063,1180.2407240762705,35.233377352921046,0.9902410420348686,0.19201839364196743
16.433760428896708,0.6392169110638195,1590.3336896926187,30.53260714823541,0.9876399778904789,0.21894665475970165
15.15473614691515,0.7827546891461756,801.439792402759,15.002106724326746,0.9831897405896153,0.20619728161749123
14.718643538900665,0.7306585918218921,1059.658790391165,11.151849306333963,0.9695946978997839,0.21519207154960843
14.865478684454304,0.7443906015519597,1031.837535707383,8.139204166655292,0.9674119839995682,0.18929496630521708
14.354251596609497,0.7056352205762428,1089.1505827700462,7.392479200240306,0.9563979624458818,0.1997235368295655
15.743622038844734,0.6667686687033552,993.4307745882361,6.3457657112522154,0.9872471493718374,0.17528382502353693
15.14380969191854,0.7896824239316985,1214.1209351323307,27.98164177204275,0.9768553877180545,0.24968571576612072
15.95678287225812,0.6881758040883734,1126.2648733638591,20.213733059115214,0.9918305366215946,0.20665136710353238
14.448321248338672,0.7284129210437255,1083.7407921707302,4.738588694970863,0.9900502179994214,0.20253738412835826
15.922227536652583,0.6604401313675068,1159.1182573057017,11.045350997132854,0.9833123475958601,0.19966089584052357
14.76606073161417,0.7532806627508449,948.7267520670168,6.557892271941497,0.9644440757241171,0.19205238423492255
14.388415599973882,0.820312560645864,916.0853680097634,9.710621598277294,0.9686855802381518,0.2168973951290801
15.183213884703418,0.7442354396373589,1074.4423595005373,10.837446458971394,0.974619926836869,0.2059824375509966
16.62337773519315,0.6844840924511795,1246.5020769533787,6.381517908282449,0.9729530767535969,0.20742321876089492
18.075017750152792,0.6347956576147147,1233.4123273255918,11.549007144863964,0.9785759252241123,0.20144335476850986
16.773276831596277,0.8528596770248968,1529.537554939103,3.7582986675771664,0.9668731730332448,0.26116205914711277
17.818353454903313,0.8075879243289139,984.926956217734,9.351247121708962,0.9783748600713602,0.25688315582885846
17.187902651439522,0.6840308032420176,1721.9157822692207,10.695788221984934,0.9736498444309208,0.22858750915781573
16.093602277020466,0.8358501992718151,948.9410224601238,6.200071171075697,0.9671297421073869,0.24012397965629567
14.617604515370099,0.7234930782439676,1031.6961832066274,13.09529819712451,0.9791505015217955,0.19681199011368447
16.655567062460474,0.7598625002862696,1267.3165800348836,6.482228242623809,0.9845231660582515,0.23894561356025418
16.55360243159085,0.7264653688127803,1059.7893612258813,15.610135636650007,0.9707679641336334,0.22186669632912195
14.967369840228745,0.7475789050681741,1128.3794336190736,11.02193956467023,0.9862329500496367,0.21023741441563903
17.183175343884322,0.7922726627951965,1159.4458394386174,7.7108105619146485,0.9698132468304493,0.23468198783820748
15.370911253175594,0.7252309027337225,1176.6234391348885,9.698291168239644,0.9707511734347058,0.20809567920408356
18.375574227362847,0.6659535429630885,1195.7501708282477,5.62990609685077,0.9636978966736032,0.20309334825051475
14.260859666658966,0.7438735776011778,1130.1646463389473,9.73655447532307,0.9780273698493933,0.2063092499538203
18.044335104090443,0.7054101715897481,1175.5854500965565,6.317611373566342,0.9717923814168838,0.20618679356835862
18.079991022046457,0.7106398682855621,1175.8761912085815,6.661518223062064,0.9690672611893445,0.1990616292060994
18.016785335035365,0.6947640834213104,1168.8395850761021,5.809304199556454,0.9713538507039624,0.19499984873978407
15.487945279612044,0.7614953481894948,1113.4188619383076,9.2333006272044,0.9790735395695034,0.2134205217259659
16.812533922560068,0.6934996389360392,1338.2790931951833,7.038230193116742,0.973261048160237,0.21555054231815107
15.831592440083664,0.6929671070677454,1143.3644872337782,6.835386787744358,0.9691247352574459,0.19027864187418675
15.82690506315619,0.7751558992441339,1059.878761377139,7.432018171676492,0.9834684497796753,0.22407475670292773
16.359420060066892,0.7608372106936634,1102.5000710303416,7.060557531779275,0.9708592812287625,0.22380553913716453
15.045327299606368,0.7332720602245315,1111.980448196233,4.7758734575360675,0.9697172566229525,0.2047464505297459
14.264440456068083,0.7771545367301654,1278.4708958393153,8.643040169967557,0.9882182889224596,0.22333876653285753
15.33508549272298,0.7597043186611092,1445.1480193952812,5.974251965227347,0.9796084555887675,0.22850887704939293
16.717920297927776,0.7599012500849639,1422.0130314724688,7.466551581566202,0.9752543056338829,0.22998064959360282
18.785117052910298,0.7568209355489101,1406.7801431870382,6.520043566347981,0.9703228345663265,0.23704622601439052
15.913685562600259,0.7963642234612041,1187.7568290313009,9.273676110565013,0.9694833578327443,0.2284335295307473
16.17639881761526,0.759916282624273,1066.955968052959,5.211777805383292,0.976904612309208,0.2132894441517455
14.160575444817388,0.7088152243861141,1025.1221214333223,10.504397748607742,0.9705839793241717,0.18874127076602107
15.862884015429406,0.653326135394002,1147.0827360620378,5.963945023509666,0.9784974637275433,0.18033651651455834
14.82464434979854,0.7252190008553636,1261.5074707979156,5.750790092284538,0.975657049899276,0.20333436724422047
16.29769837145977,0.7224421053850171,1179.4491620388692,6.269807506474942,0.9659834312712035,0.2065566424267605
17.20608188672775,0.7838772832190904,1268.8383451515697,9.162103996811776,0.9749179999831253,0.23925328341852783
15.34799022166061,0.6855733432443155,1120.65229270578,6.367272802503824,0.9697813098302529,0.1939450413151984
15.677426012318668,0.7506497970442011,1071.4709945228112,8.00077296952139,0.9741174261102122,0.2172134400431573
16.639454257211668,0.7571543760497733,1370.8976197345098,8.338952562855901,0.9743825928934211,0.23275152098151353
17.55762551184537,0.8087717295138506,1271.9335573036226,5.425418411735352,0.9682213537958922,0.2467928304337479
15.74105662147969,0.6944320620619765,1119.7339091934339,6.44801073904354,0.967569402966108,0.20203139853665586
15.41920784801555,0.7592049278360723,1188.635035851083,7.30049901880301,0.9933650996920682,0.22865874825507562
14.966314105183736,0.7970298774177206,1022.4098131214612,7.756252827693301,0.9898861634509342,0.2308897393833161
14.237578143149376,0.8099489112519139,1131.6128209731778,6.584594446926122,0.9929850664618359,0.22276073086464887
14.623625251405404,0.7995657265188677,1229.7903732783632,8.100047484714702,0.9940356494194947,0.24551138596127567
16.431225480408536,0.7703243816248548,1084.1268491805524,16.050539828627663,0.9946030873089663,0.250670713747166
15.838741802041786,0.7188525606013194,1149.2473534607243,20.177236239105717,0.992332958336122,0.2232860179750279
16.395099632239333,0.679974603765762,1109.4105433540578,15.267515881441474,0.9766283568936324,0.20628465359750242
15.140705056852118,0.7866414267583475,1211.2994266160633,5.7327401807002305,0.9873701865523018,0.23687845792647144
16.037525998703494,0.7308296185011267,1000.9332058296535,13.123394288289674,0.9675737761016028,0.20734162223633473
15.743496224801309,0.7384236078796281,997.1506184038951,14.126984834109734,0.9667291465708514,0.20348623147962894
15.00344275791809,0.7713608019680005,946.7332554646872,11.423607288416664,0.9746275486686986,0.20808242745164973
14.89932393919791,0.7372201896957155,1106.851672503018,8.234929443627768,0.9753063217727982,0.1948303534300585
16.462005801765244,0.7138946466712166,1041.5943658318386,6.389187183946829,0.9689772432055368,0.2137668463421097
15.241791727765634,0.7605061626471739,1134.9202260187226,11.511968049477142,0.9745345178602282,0.2076095944547432
15.625969868404393,0.8072868456827789,1242.1944354489683,4.55710326268722,0.9695599318283491,0.23726576501970145
15.622124353314444,0.807848927833392,1227.7967009329561,5.014111792749957,0.974449527731925,0.23522017943027548
15.463197995670058,0.8955355181779512,1034.1922237523013,10.582857549204249,0.9672419103081499,0.2516287892475868
18.306883627982355,0.7191617352753663,1537.121669563621,7.914093411029308,0.9654464051265881,0.23545559275548145
14.64708696876385,0.7923178439073594,940.7757613276013,9.863775176044854,0.9690854943600623,0.2184972554287719
17.84022914978905,0.6800743187252215,1472.747171664289,6.426186699100451,0.9764633124667456,0.21384243619430127
16.34525934642342,0.830448273501816,1084.4015032425461,7.017103364847959,0.9700719487400911,0.24898803084249183
16.41170210916799,0.776120998281114,1334.647368219845,3.7791895518479452,0.96487790950224,0.22561890912688312
15.691321835971559,0.6706643013799243,1343.5616313303562,9.864774255949603,0.981463695849513,0.2115713447387969
16.4544081803943,0.7332176582874852,1243.4017115365768,24.353523606539166,0.9922401229120824,0.24400883729810305
15.365097432119585,0.7146607635673367,1098.846166267951,33.308631555953355,0.9749200729538018,0.19498091235308923
16.11307582755516,0.7374371732568707,1182.1016404260188,6.372176033181644,0.9906181007699256,0.21527431395462052
15.802515994977853,0.6807340684736104,1145.0882577243067,29.889068385390637,0.9653778038446525,0.2032889985893783
14.883180580385881,0.7471394778576385,1060.771900386609,35.02881404545491,0.992557339127842,0.2199754617315708
14.062431958224506,0.6675940533275087,1167.7922163382289,21.147204296289974,0.9887570170487423,0.18299564346417627
14.493094899745914,0.7145625183539005,1097.862976160228,20.16836075824764,0.9965636243278984,0.20404488120489564
15.214364954754403,0.7109858665414429,1109.9326676862436,11.877822654334691,0.9985389877891937,0.20240695457541533
15.026583811860656,0.6163953933883402,1156.0262240882569,22.317912381388393,0.997425062733926,0.17720761814228372
13.615096731470127,0.6755811336331571,1109.0356483932278,23.43028117267737,0.9981186933064553,0.1774624315828118
15.85800770090941,0.7253332534494977,1136.446958967111,10.70690198753742,0.9935092915082494,0.2176481829427776
13.599380494961457,0.6996942214621164,1017.4699701922302,19.164155444167218,0.9928916329210393,0.19167830201663938
14.63449580649126,0.667117174492245,1064.0242182929594,24.782671103956286,0.9855545233903844,0.1772889197309682
13.397368929513563,0.7341265303692737,970.2571399540393,21.620421798132774,0.9846864030766119,0.18451135160815457
13.150572855767305,0.7123249213089633,1000.1068190053941,20.855241721481956,0.9686496661956311,0.18533063229231542
14.952869689606615,0.7034255714692048,1244.3402546654243,15.422224795690562,0.992316733395766,0.2150950286483405
14.384065225468344,0.6581878392558582,1126.351036552131,17.471726852243076,0.9916742617865361,0.1773424080980473
12.84737195649351,0.6486235659371754,952.4303434458027,8.476468292034214,0.9738125820681246,0.14498790040953793
12.994915684896311,0.6902128983767098,929.7579068536722,13.042872771642989,0.9839037443302421,0.16726512573327237
18.12000999487368,0.7394745035548463,1279.2773821205556,5.067225010675121,0.9605754807486455,0.23054010465882005
16.341641253478084,0.7376773128487575,1194.028833233081,13.537156224110332,0.9858594641525587,0.2236944032421631
14.527720379165483,0.7827687737565381,1178.38485880896,5.153539222464026,0.9849063936936447,0.22672100105549906
14.766309026854982,0.8034752046956634,1165.4275601497177,8.882625776420912,0.9763635425031386,0.2199298822635448
15.482471815631012,0.7831719050038775,1150.5787040811153,6.774606399057259,0.9834522703271278,0.23918471889015958
15.769465343115218,0.7658156057853415,1171.1040580144095,10.278154417922861,0.9790887698146018,0.2386511563343888
17.940977961892063,0.7188783941718458,1084.3957303563377,11.596190036956251,0.9776784238834046,0.23877996858896425
14.42229999147226,0.6779137670906926,1283.6633804110343,4.5471939875117116,0.9642912386190023,0.1754708785365138
16.06830440294925,0.7732718182862086,885.9363489208245,11.872543922364818,0.9767266223762833,0.21387225775513263
15.903284947909277,0.7922897941109982,911.1066659597899,13.603369062368326,0.9796069916395014,0.21734472397100227
14.85771256427929,0.7482474281784642,1090.2091286805623,14.413102814093524,0.9800451076541442,0.21091650390021818
15.6508379647045,0.6798141401420755,1113.6391555373161,7.786864640592682,0.9702175713235536,0.19378279173157573
15.497781401121633,0.6629070877514629,1152.2465471336716,5.891918056716058,0.9759997498852756,0.18232866391725833
16.992719601254073,0.6761492781673801,1132.2644023075693,8.644539197202258,0.9647226082586503,0.20849227924223193
14.467382155330808,0.7666131088869382,1081.2827959024671,7.084121159362017,0.9827769919952929,0.22354592280764518
16.674627404862488,0.8044777890634618,1105.1929021078706,6.134805092051154,0.9762736018635056,0.2394652214978993
14.24053080915616,0.7994922846066843,1008.038583377477,7.879288633465973,0.9649668399160345,0.20718436800104476
16.865157432942574,0.8360704722182164,1053.584554814199,9.50892305491223,0.9795722020226081,0.25454345465707173
15.49433516229077,0.6714944556100004,1250.0258087748591,9.538690322731364,0.9746966595032938,0.19278835255679488
16.328286806491537,0.8181555659341312,1041.7682399286612,7.305187587651544,0.976202209599229,0.23960405670694424
15.908554015931065,0.8009031180774145,1114.7329689204098,7.454831638135836,0.963427132635967,0.22856002564053043
18.732991629364854,0.6790735705281437,1159.7123137672163,8.372120088809373,0.9805245213406992,0.22792416365739376
15.578172543345246,0.7009247523526819,1147.4381025333673,7.021438926314264,0.9705711185939511,0.204587526173588
16.527941360987032,0.7097448358225641,1077.9682648738305,11.69970816887143,0.9718358271148112,0.215435256846832
14.766538534696311,0.6794979226358738,973.2584168547437,4.3268512750406956,0.9687296065378866,0.16624580319225762
14.992736596662807,0.6810564248611857,1217.0697663072926,15.559710680163024,0.9893883610778025,0.19590485168490102
15.221478357342006,0.6868759133428718,1074.5280023506973,8.579484669702747,0.9900076818449461,0.19499152181059992
14.955008407262152,0.7233830387685947,1222.7597103098487,11.280594954710601,0.9916640602279175,0.21179512517259017
14.43334277052529,0.7037944223743225,1107.4610405952585,16.297576614451298,0.9976931999037342,0.19709376383629906
14.494237668514621,0.7532579725768124,986.9841119461261,8.56049301489528,0.988940166178896,0.21755659228503726
16.89117465910147,0.7450126904349358,1254.5861178749003,8.055110895954083,0.9884756192895225,0.24079798679057424
15.672097424649566,0.7308247153290978,1043.6783742315158,4.275143323769961,0.9731439000711264,0.19350894700083834
13.77703455709092,0.7109977293343966,1007.5963617964024,11.679636739935432,0.9727973022718408,0.1905888827880806
15.396740727573022,0.7222710503935078,1065.7635046547873,5.213165726440364,0.98662359265127,0.21706747976016696
15.428921673927562,0.7313205335074349,1045.1623013956184,5.05520123529167,0.9860024361199596,0.21670939112759793
16.044218547187853,0.6846848077446673,1088.453089635252,7.676879442852654,0.9825412845670137,0.19191053565660654
15.884442456395822,0.6822510413350028,1082.0811886580268,7.875974882254202,0.9774868261332796,0.19321934451377354
15.07243261408352,0.7574990879303779,1172.7698986290645,6.119981976274395,0.9636864250235961,0.20837427159467337
15.53516408560607,0.7381968048679424,1179.8855954264616,6.731224236256216,0.9680589820361272,0.19869599111012418
14.731524737999806,0.6827589078446095,1136.2324153337265,6.810393821625849,0.9776802237002327,0.18207757544233916
15.424929522027394,0.7114556514274392,1061.9431790298925,9.448412239071134,0.9718154836136099,0.19410221269947733
16.556276310895406,0.6865985340233861,1333.3983830143145,6.747705227937463,0.9776842798889399,0.21247426953362786
14.96156284664526,0.6945738335173902,1162.562419413765,7.140725396701947,0.972814998757121,0.186056839384379
14.931420457245826,0.7330975658550796,1125.0397875530941,6.73322693994271,0.9714675771753051,0.20854325905548726
15.162135920849002,0.7243762881255725,1118.2222015523862,6.361503818309879,0.9658901252994329,0.19862774164914318
15.546718894407485,0.6144812189298653,1138.4480836853136,8.45078527907133,0.9775009510598259,0.1607123184627381
15.567647070262987,0.5974159852368468,1120.4823960634271,7.0766624806109695,0.9750182447675567,0.16003238956106153
16.099526731726186,0.6087523158783745,1161.5919478819415,6.207649090795548,0.9779835355999582,0.16282984393722671
15.673958726916133,0.6471782715723944,1093.0825520576434,10.79728127831359,0.9752417997830102,0.17997212749007513
15.957773800577401,0.6558608560022067,1286.2216554679783,10.074737177977667,0.9663471084802171,0.1937656640274888
16.51398775740949,0.7210969268092114,1206.6356448243937,7.187761831546862,0.9797531605721728,0.21633225821253133
14.164741826255156,0.742192345931737,1097.9829327772488,6.5690780039765935,0.9846556277879934,0.20428508003029167
14.106502507503745,0.7367472307716714,1072.809941621119,34.88846764677317,0.9685506851249597,0.19568030224380964
18.13050281935374,0.7297305710725036,1213.511204762337,28.31817205056859,0.9876607770320793,0.24932194714150163
15.168954850397546,0.6966918045491562,1337.33672300179,25.040299577700292,0.9817007133893589,0.19507893519759298
16.87846110143015,0.775511971086022,1129.116761074783,10.488810788951767,0.9968389974568955,0.2603534120749285
16.932206389117948,0.806200597778693,1201.1278277556178,8.323556315288783,0.9952785724124633,0.24485770745850535
16.15835596195497,0.7189212031461,1404.328775335677,11.77607103301887,0.966048470204286,0.20563752122350315
16.094743429391947,0.7115429692905643,1484.4381253649215,11.315412525770638,0.9668933191352668,0.21487472670630378
14.30221166226766,0.686026473242019,1090.1867619257216,4.52653900589577,0.9827582360236942,0.17978371272241897
13.95958218071934,0.6894672223490189,1083.4467445364837,4.205367336936082,0.9812609368315948,0.17922759090212326
16.080203973144158,0.6967579118231296,1059.9504779180738,19.231446154654034,0.9788071910990215,0.21118170400346836
14.589054759389157,0.7435610749720608,1187.8093834560323,4.697880270480322,0.987972130792254,0.2171031091189494
15.4545136604376,0.6810604104057929,1162.5179550005437,16.490370893685082,0.9803766082395875,0.19256732967108123
15.153906527383434,0.6964755777065957,1132.899773520001,17.045170752209614,0.9829885464426131,0.19121484284565402
14.772408387185743,0.6667559521646872,1055.5231282421867,12.070349020764839,0.9964727352292917,0.19587026588690068
14.88815633005321,0.7537099649326612,1190.591484708624,18.921247571210447,0.9932817646755856,0.21506260921388334
15.508542082382718,0.7336296464346416,1059.5379082605111,16.3138315721195,0.9935087972372759,0.2157180740365252
14.919804087127245,0.7367330506260912,1017.3568325140365,17.54179680947203,0.9941147916282513,0.20949232806857854
16.8439566466717,0.7165482482540373,1303.8442674975684,3.2098072800848216,0.969360814462565,0.2125720405772606
14.675923567124725,0.6674360234831742,1073.4462981795139,15.85220838651537,0.975995481728226,0.1820436751748009
17.248343946449033,0.7934608102493181,1266.2297762887422,24.82390944286459,0.9979662773395711,0.26288780413635715
13.981253172507733,0.6779020392153879,1112.157044599131,19.249141249959916,0.9818085813552621,0.18332424738634798
14.10447975709249,0.6688564647555483,954.3962467958961,6.195940311665924,0.9856895574515231,0.17053505458827561
14.985521675203254,0.7065890947228404,1158.7380367659741,10.438671713493903,0.9688020065377048,0.1956289394981348
17.513646263505738,0.7326465560952139,1170.5155531580667,7.035821887156825,0.9838029623397864,0.2295711821175535
15.212351200338368,0.686231363241748,1267.9175852602493,7.069936035137451,0.9755434218591488,0.18675187355875783
14.452264568658729,0.7414037011975242,1086.6044429735507,7.478497604958332,0.9765851693804254,0.1902388645099173
16.058407770617034,0.6858603866511531,1135.1936687483962,13.510266998985506,0.9830914099081709,0.20498264093959473
14.904318807597022,0.7055458883962311,1180.296883712835,6.564394699166076,0.9761452217112208,0.1956577906370716
16.348342125491644,0.7787415828386977,1071.2043810030018,12.335785106986588,0.9849218560588289,0.2325269951494409
15.396977132302592,0.7602263647327678,1120.855571909074,8.49176562618219,0.9698831989158981,0.2045969771424227
18.1196542003879,0.722453933951973,1254.8793023455266,6.992500089883377,0.9752281960164154,0.22296651379741453
16.540464378627366,0.801058344744298,1071.3285137057683,10.232969401326374,0.9682514489826577,0.24420369813071474
15.987377112555784,0.6862429490918087,1302.6028812584948,5.561128126042882,0.9762230437871161,0.21024679121214726
16.14517737474683,0.7361619526765099,1257.0143293743415,5.549114459094317,0.9759234314573428,0.21143474724311714
17.876144191828562,0.7694608246743766,1217.9094248118395,7.945466101637944,0.9753478063087337,0.24931137573895437
18.08183653305891,0.7035801338718426,1047.8374213220582,7.075369267135444,0.9759358153848937,0.2199648414006508
13.989948052459983,0.7324477671113294,1193.1976807352396,7.671483741169706,0.9755468855150513,0.19860418071736705
14.433293895909706,0.7929868822850246,1148.2579119243417,7.460309148174848,0.962423952369831,0.2201823044517325
18.78545206901135,0.728151192674807,1072.4997528560973,7.618070993592256,0.9806898256226756,0.22875609955318751
18.732930141457732,0.7061084699093017,1087.8918617308293,7.171055885888778,0.9795806523481428,0.2292181552170814
13.970547257832525,0.8119797977898778,1156.687942281319,6.256386942303411,0.9624494637781369,0.21085305416405234
18.912977698492593,0.7232086009786999,1257.0848802715323,10.046646939021223,0.9775370241019445,0.23983268850513115
18.825453947309068,0.6949794196440722,1089.7251358241876,5.4481275981526,0.9508768151240142,0.20714610818882612
14.033360557571129,0.7673869206300846,1354.912260791498,16.213444682982555,0.9924596855093036,0.23962514484102687
16.551987220234782,0.8801890233312432,1272.847827111352,18.315491387482737,0.9862163573887871,0.27009222246803133
16.507537123094583,0.7432056080434014,1084.8895387161285,8.161352180061858,0.9903062979138769,0.23042009952202885
16.781288825866817,0.7175874805865706,1354.1733258396805,9.23787113487309,0.9728424077084187,0.22699747160405054
16.046062438695767,0.7562052085808467,1459.1282755249085,6.992549007066942,0.9770727411052852,0.22721546343211824
16.435893518470678,0.7038100634399985,1247.0820306592689,7.22801802174523,0.9662980901939305,0.20969738474710237
14.639656802088227,0.7907396763242082,1095.5576911723817,7.740753236531656,0.9810656153289803,0.21928138875441763
17.32906107993839,0.7545346938351926,1093.1623455837525,8.378704573932552,0.978595375566898,0.23623742538232975
15.76443423802037,0.789755748404412,1090.1743038323787,7.225871519039906,0.9812542905785012,0.23019946382235476
16.727510875558036,0.7596617889792785,1212.689167385449,10.949541860047367,0.9785948634038625,0.24192675871845026
16.448167705034688,0.7837592428303729,1220.7049138521734,8.9294706948766,0.9715264772074917,0.22308544369745256
14.657504742345582,0.6702882795879352,1074.1837538186044,11.279202004773161,0.9723521377550681,0.17321323124513852
16.21473519636307,0.7808235456119687,1149.8439228182076,5.590992825146719,0.9745114595608205,0.22472805792234482
17.507018058222517,0.7691156227321384,1338.322799015512,12.636732126262721,0.9731240673330513,0.24499735722212612
17.861822510307924,0.7918975118896806,1451.5955089739941,8.888006454746623,0.969719770126588,0.2536007074527533
16.281582339210555,0.8073806961755878,1146.1117472625908,5.10973320876112,0.9693489102806271,0.23269117745118928
17.433437079763102,0.7349959853517493,1315.3750594446974,9.327602276152,0.9853288691576615,0.23751009056630468
18.875214476258854,0.6752768362793585,1491.2336273519668,8.38143438869723,0.9741141541596784,0.23051700787262924
16.703723654038704,0.805293040505598,1163.019043348477,7.735397124178741,0.972890036706353,0.2375509166861463
15.697869766124304,0.7341909511282952,1076.484697867294,5.984970462511023,0.9676067327469187,0.20982101216414836
17.36095573675841,0.7401900129448172,1109.0843764137621,4.12368530167205,0.9749085157351063,0.2171986590338463
15.892208205889897,0.8145121517082123,1215.8717489156202,8.730669630594639,0.9596154483923677,0.23966989563961857
15.92735841527792,0.7031181761568501,1197.9549728051954,11.859772332074167,0.9751777613420164,0.21058216336040977
15.797801223737924,0.7102517286765966,1155.2080570321882,6.049961994723765,0.9790861538625928,0.20065852974308
15.904288413064387,0.7288643828236716,1054.169904458598,10.487926783246122,0.9690157082343109,0.2217228491055956
17.178200304448286,0.6882329590151415,1401.2615946984404,5.877282336411714,0.979189399076553,0.20329319787081357
16.192131770502645,0.8892817720708435,1462.6443796824083,8.774900610101124,0.9695954226982054,0.2782795486497603
16.178795959915075,0.651846690226286,970.0624121105225,10.993702382532247,0.9660158853286277,0.16805675278367144
16.263825847769507,0.6421181803886004,963.6091416251385,11.167573549242078,0.9632230901226475,0.17606971690350187
12.839016004811322,0.6856251985095572,1086.166533830733,6.627321916112859,0.985575200074616,0.17121368006490487
16.60824167991762,0.6910831078169538,1080.4020481529483,13.144014682896854,0.9819229619384534,0.2132411782594996
16.01904239169079,0.7370417343631037,1139.1541527446007,12.154735795497208,0.9810904763272674,0.2265334811939186
16.07175519603028,0.7378194243366745,1086.5785604078776,9.664839596289623,0.9795475643921733,0.2159646536841639
18.34589404541894,0.7768713419321115,1449.3377517967651,4.855724428005157,0.9741228723970241,0.2506949290664996
16.985425998337167,0.7909509812440744,1311.9805552320342,19.665197510970433,0.974884284243884,0.2517568117129275
18.18582892058714,0.7871065305204179,1435.1939798450203,16.818391012614747,0.9795819137368436,0.25206481514955964
15.434027489132445,0.7667848963249753,1147.8911868434207,4.492781136947033,0.9750342265981192,0.22893220627129177
16.92799854427173,0.7512015399256199,1185.6031994318587,14.572782861543669,0.9677243286525801,0.22898382281747384
15.823513531728391,0.8191289180640462,1192.3621489545424,4.625649935761025,0.9856161225261434,0.24343209667318352
14.761181639634591,0.7652565943282238,1134.950438876008,13.585555976400945,0.9786401902082819,0.22189117835685884
18.534337530187038,0.7763412024694621,1351.719087820799,4.476858638123694,0.9688801238430891,0.2517218601553352
17.220758374419137,0.72541091575837,1370.8507622497882,9.418714983769817,0.9847094106793362,0.2308748659732891
18.19008549389472,0.7762016912567145,1202.7893767410171,10.342616364022062,0.9793808656989113,0.25053182304414884
17.10763860192798,0.768023904047437,1298.9784660842276,9.594221392134461,0.9760414449304897,0.2497465893198787
16.370550338648382,0.7539276425737841,1199.4095356664343,6.792953861930389,0.9672055210161153,0.22060877059198802
15.644780891826695,0.7374408506502932,1111.2986503591003,8.634358656053548,0.9762617656668654,0.2139396182013087
16.151262984016018,0.6645512911069815,1230.7791736297336,6.332146623895623,0.9791367344243148,0.1956785483290493
16.857872804977983,0.740959910560357,1202.8532843354847,9.899417558265487,0.9776127499563985,0.22829630802166256
17.396291420888527,0.7104877805734482,1038.0288047629706,7.364320572893218,0.9887278930959481,0.22494186994856397
16.66491925057944,0.8288212992418276,1297.8385952022822,7.301901621746385,0.9471288385725714,0.23553811821747195
14.729849802617968,0.7383121196034812,984.4430186486316,10.838117897005985,0.9901600013908356,0.2107901566411947
16.65572607379114,0.7792203215511646,1175.739736956213,10.20443447093078,0.983498877444813,0.23774599480902847
17.985292963473015,0.7144192212949539,1197.5052271184265,14.019522904704651,0.9733756956681998,0.2271471030026012
15.60491346095189,0.7709438703336589,1229.0745470795532,3.8315989951838825,0.9798596303448524,0.22295635810226033
17.388556752873846,0.7818246787055012,1190.8337571170512,11.668008876243153,0.9610290195980289,0.24339399967747516
15.567179031722464,0.740487710824955,1368.355399569045,7.668803949097501,0.9886521168017031,0.22529721092510016
14.664622137356938,0.7705789492268248,1371.8428647574688,13.442266634411071,0.9926717191079417,0.23779708153425086
14.490000768745514,0.6323090162640874,908.6873617799062,6.719074910987174,0.9824621034058645,0.16672167924286796
15.676642820235674,0.8062212991942955,1215.731597556646,10.8342425897935,0.9687384377857914,0.2330143205495023
15.866029276999749,0.7458750029878791,1124.554758362894,4.8905635099854425,0.9837043466096176,0.2235343591773436
16.698038241997555,0.7388246455804973,1204.0708904798125,8.690546744134105,0.9804953096641503,0.22627825430910706
15.204791779614403,0.7141195234407564,1056.9954060701798,5.922868124926395,0.9712752562782195,0.18553005469932302
16.326660581880777,0.6869376676372815,1268.9200413987724,7.877059215571318,0.9860295190994276,0.20158930904137015
14.629438065684258,0.6859133260738846,1172.5033070411196,9.998685024785644,0.964433220818976,0.18915249928507888
14.443095044154857,0.6998382409255787,971.1028192852082,18.45307387563355,0.9871044937819131,0.19002589193156028
12.15217664546115,0.7309629333377817,1016.4655122852093,9.534727171134564,0.9865609037670232,0.17434821116820665
13.215730601576402,0.6860132606168413,920.180777118228,17.522572103940238,0.9764402724289449,0.15702982460122633
18.192170942731263,0.7540571116161169,1291.6027766174032,8.368154620801537,0.9952811108511993,0.24503548684810886
17.5594370601947,0.7418440770876554,1193.7781869258179,7.915634417128863,0.9919040282754142,0.24270614605385785
15.904467272441522,0.7972773941124137,1244.2900849815817,17.064874537248087,0.9827432808874451,0.2427441183585013
16.11014481805643,0.7230857367240361,1148.2647585214556,4.761523162171975,0.97200463554045,0.1985697170413085
15.582828239640193,0.6948473787438444,1127.051357423548,11.464284781962485,0.9735082667773687,0.20190714586178388
16.883229076695795,0.813849699717226,1234.4829198472569,7.817754913576229,0.9794215521671507,0.24999044407843443
15.268630627509008,0.6503217746571843,1063.1542484821646,5.9422744567550705,0.9854352471848153,0.17760676929036667
15.104224070616588,0.6457494689007967,1083.4965549345163,6.6512515838686666,0.9857324369319502,0.1686544930799861
15.062908119407492,0.8059529320107017,1125.6292967955997,18.406513217056947,0.9758833698121459,0.23012944325353415
14.8625473239993,0.640957342036855,971.4811741499278,23.479337966397527,0.9837039924613098,0.1806497929281002
16.09286705446998,0.6249408749299326,1094.3579266930767,21.304098055097935,0.9835777842531936,0.1705021882346475
16.685653983748548,0.6926930481366634,1261.1412993102458,23.86667312141898,0.9732811346132233,0.22645857694890797
13.810452797663066,0.7531762147193725,1107.2015536136928,18.936010616050794,0.9907050877991778,0.1961321072605409
17.17887058891172,0.7293968184793657,1186.1081381323477,4.194312002038177,0.9402133949442805,0.2079513672266801
16.166106882553233,0.7464650427913823,1169.2930561977973,7.059887053970537,0.9740992909293572,0.22852078435609136
16.838254164559412,0.7420246588538169,1085.0591462106747,7.413761873155009,0.9622235439316967,0.2274659073288072
16.218210461234023,0.6800529024228874,1321.4620018113092,5.70989737984917,0.9737509201093454,0.19217652990725348
15.340515338675264,0.7050182664418285,1278.113995506234,9.383154255136837,0.9719699948413588,0.20720530642100507
14.893602656948154,0.7091828844899029,1268.589315508069,8.88017493408854,0.9746550282145467,0.20462196666773128
16.99586192941887,0.7398050749031945,999.5156588131676,6.382005050690186,0.9723919822527763,0.22071333544412833
17.278943336553734,0.7083490090988056,979.6998527223087,7.141718281350816,0.9701430297477156,0.2082923075519728
17.153441278210494,0.7272006856484883,992.0297122446503,7.037986577232203,0.9674829004902058,0.20417706030751626
17.96475656958843,0.7430652092185211,1299.5574901103548,7.763547894032387,0.9716383935383672,0.23853214800233083
17.500572671912103,0.7086186899742097,1180.8776313992648,9.797438774501764,0.9779364628305208,0.22722353419835056
16.543553923539626,0.7243393001009907,1213.5979359559185,10.680473869114389,0.9835006351489335,0.2182428536863502
15.94671738939818,0.7460796375815777,1144.4937785820891,14.99424562493003,0.9854910739668657,0.2199947429796801
15.243139523528997,0.7237325916072953,1189.4731488610967,12.958634429932683,0.9797970114398694,0.21597034740968538
16.24317457453896,0.7359273315968303,1047.3416884809562,16.457566219994042,0.9824201275790138,0.22327927153419436
17.168127544673386,0.7632829358562065,1364.042295904876,8.148581019246125,0.9811331848185215,0.23546601442368892
16.738116803407006,0.7484079751549707,1313.6139585849028,9.916237424925617,0.9803302185563162,0.2333286250101661
17.129532319636013,0.6974170848708311,1165.1255351703267,5.304192845822186,0.9654770473108907,0.20277428124988991
18.183987153120622,0.7062752742491759,1171.67643179752,8.614543795962005,0.9635611845834988,0.22255937106591567
18.375254769262185,0.7058684487999867,1247.0531888975217,6.57322904877048,0.9718063222015092,0.21935254020640851
15.117764130718124,0.7924390455215037,1097.9131647318263,8.040427535836061,0.9748707081429616,0.2187893198724202
15.141617315334015,0.7172169521673695,1037.0346359068722,9.583116308074683,0.9856748305927201,0.20992413364604393
15.636776985147389,0.6910568383873513,1029.0056573155643,9.952537687286151,0.9614415670058755,0.1823424374432137
14.441980582742513,0.7247590981598133,1152.3194599458645,4.737059984460799,0.9802461656966492,0.19284862149338558
13.672573963880888,0.7357553921626366,1186.536017777904,9.868361420948167,0.9855403176029326,0.19579980768890082
15.006797597566251,0.7054953281314265,1058.5821928407477,6.48465308310737,0.9760435339543665,0.18995916338711896
15.66225156131081,0.7476426781001337,1198.4384747613963,9.259639147538543,0.970074851672305,0.21950754150032942
15.995163157585957,0.7873847917248733,1403.0184110567932,12.677093213975606,0.9812799916366377,0.23331602646675403
17.338922265286715,0.7437167527005685,1183.2988702587363,4.52430351304093,0.9652792095301558,0.2282077028383543
16.987702447033374,0.7679328357326412,1157.9299797228884,12.434743395952582,0.9750579510446207,0.2276546811326875
17.156992366508963,0.8405166790896067,1340.3985112337866,8.206335482175579,0.9793006213623218,0.276613660724779
16.455586988103494,0.7287666142938165,1071.7890000930458,5.981194504169876,0.9769908746849157,0.20171786931323002
16.80848933535565,0.7287018783454525,1060.0147615815968,5.945046869003281,0.9758515459174035,0.2120647541861123
15.004123522047337,0.723651588864036,1149.293389232085,8.386451947741197,0.9715082274492676,0.20311539603942258
16.64548042345504,0.6327502946418564,940.1265400171559,4.514017860572177,0.9631157056505528,0.16884509290219793
16.077038971494336,0.6649557263544416,1029.0666924164975,7.73699120454335,0.9788965541014356,0.18949796880133063
16.26249748831377,0.7816366603958975,971.4252687848821,7.837383135203892,0.9687295230714791,0.22053151972806365
15.531125897815567,0.732899228491635,1052.7485706059522,11.970866785674461,0.9805709688658872,0.21142835520919
14.608195401247862,0.7676648896743463,1127.9714437954558,10.150387376493475,0.9727944443376436,0.20640357355892447
18.355759061980248,0.7111579996579617,1156.580187102169,6.365586316235602,0.9707911625566846,0.22243730194009362
16.231043591262868,0.831505774134129,1418.0592424264444,8.153731317500378,0.9738209066069586,0.25221431435309444
17.28382734334319,0.7966248534771755,1323.4736765253,5.493690163010026,0.970620289559511,0.2516349737264358
17.558423962489364,0.8007879443651134,1309.190612384287,6.953484349960738,0.9648816923574363,0.24336549049482056
15.18538360904522,0.7319936081627646,1043.1510709845809,8.861555775950775,0.9770919582617407,0.20777007196852704
14.752665133406984,0.6778347850474583,1151.6081094996302,6.469647945660058,0.9831147150166367,0.18855627249336915
15.923934659794753,0.7661535100511683,1054.1863220969556,8.65318831974681,0.963596285667589,0.22021281409495908
14.265690266821055,0.7447095655548521,1049.8144105426281,6.74606729140552,0.9782877722930926,0.19973553970824148
15.071283332600519,0.6554726489530514,1043.1740294386996,8.202324004955091,0.9744936488342214,0.18150802403719438
15.41757698859752,0.7519570820098944,1200.7303380080546,6.209107186490279,0.970319655779627,0.20837859016889856
16.116200103433364,0.6676933762251889,1139.3938342727486,10.649887446692668,0.9732227683467719,0.18916854893448906
13.823875417416842,0.6651206642536661,1153.1830026337927,5.452646690190989,0.9729160922208842,0.16797872685652937
14.064170612337197,0.7476494726959466,1094.0942486166598,8.560492194861322,0.9653533706326886,0.1953314138296801
14.063762694144206,0.7088152079431613,1025.3919488941985,7.7645677444400665,0.9734110617072572,0.178188240492617
15.906977408058905,0.6629447167888952,914.0991323935519,7.545327140025436,0.9742566274167624,0.17489307718055347
16.000098087504185,0.6670241936564367,942.0219925157475,7.829748247422626,0.9770717001965937,0.17652655855446378
13.136258188923579,0.7376514134808254,1025.1321966397995,11.151246405655568,0.9816967185067694,0.18651693124503468
13.28553046674104,0.7452228429372465,937.1862467659495,14.661200165292408,0.9840906148233248,0.19071380485659767
16.013663673926466,0.707118933680367,1152.3622621413472,8.551466927455769,0.9960685246017437,0.21665686080305885
14.44274200000684,0.7409570505477053,1260.0409757276961,14.96069478243096,0.9964236215427779,0.21364000092604954
15.526473589777892,0.7012563874054348,1017.9538838178966,26.777614653910423,0.9591174270505194,0.20137398163882908
14.340033646584423,0.7024356888800108,1300.7092647514562,35.334064579235395,0.9961349825165315,0.2163941024899973
16.23177928101294,0.701854580946652,1047.817238880249,11.483651768818966,0.9858056494491148,0.20598635148239847
16.273415353404392,0.699965365484441,1031.4012614165986,11.74867344459476,0.9855506326222238,0.2088562964382876
14.042024404739102,0.8615040875812441,1054.764759445947,7.019234787598558,0.9722874280555778,0.2300291275417733
15.437230825849653,0.8142198961836096,1110.0780999599124,3.720158062448521,0.9551197603364712,0.22317781221775534
15.355925453109382,0.776416212583336,1019.838612820356,8.134498132494913,0.9755376036922248,0.21914710072006527
16.078302322244863,0.7458298794861803,1015.0545581419743,7.776874717179938,0.9751239238515798,0.22302928426944435
14.554297771957204,0.6190140052211628,1259.4507910421084,6.718815578776922,0.9814239002946155,0.16815378624249175
15.834535555701207,0.6621014512158886,1339.373541312388,9.57186087637605,0.9679702672877762,0.19705899468960675
17.213133901955764,0.6636341028179191,1347.7945325111373,6.984972810947934,0.9719880298091698,0.2114583151160683
17.04242810658087,0.7724771394883526,1270.848669487649,8.299829604444223,0.9734994978685773,0.24907198903973302
16.413320731732536,0.7601075833289881,1103.9510415951431,7.608115347688296,0.9732980655352914,0.21575352057094668
16.386967170151866,0.6820288406988759,1250.35787100851,9.014510856364852,0.9759317495412871,0.20969427128171014
15.66229922670951,0.7220249614587437,1101.8247486989853,5.691803178984752,0.973940151417973,0.21346121737101015
16.35095716859814,0.7452361180165894,1152.0530137700403,7.250163595098944,0.9713126470065908,0.21476369945634732
17.190349488640646,0.6927269194506362,1217.6799108254463,11.607091923609214,0.9540570127001816,0.2135314332664055
17.21697361395065,0.7848694054297812,1227.1495261668579,14.136643007850477,0.9896509525436267,0.24684721440715535
14.95269049500397,0.8191657925184992,1266.2710859335452,14.995049114685683,0.9878148488414816,0.23824778632400548
17.37317070236365,0.6843436631775289,1108.6798804998439,6.3149872537484635,0.9660876036217022,0.19514983641256298
16.29736043454644,0.6549649107975156,1125.155141808072,7.605710831028141,0.983828683970491,0.20070328112780786
18.926820905542705,0.7227548357392471,1384.1366890838008,14.424342341518786,0.9853405090487791,0.24545584624283773
17.23536983056086,0.8089258668121538,1295.1413164575645,6.301694224407887,0.972830967330306,0.25010575668446766
16.364365728339465,0.8073548253240621,1271.4100986544424,9.870619158049552,0.9759662184863974,0.24858674574821124
17.16115259801913,0.7227237813005045,1342.00983321823,5.933717498461374,0.9726562104437844,0.22123688359237154
16.97287437493923,0.8397068195507159,1150.4560307452198,8.95713032987424,0.9705830533588286,0.2554294308484676
16.145422181789108,0.8561100905743991,1091.4763340021423,9.51136408868198,0.9613474203718942,0.249081160725492
16.23269092681051,0.7096413453999193,1224.1629414425847,7.822218582384443,0.9757477828094923,0.21826483660567886
14.380821561359546,0.702490890892102,990.6619068733589,7.581748376994397,0.9763695854688709,0.19075537118597985
15.305698031070952,0.7167037044981658,1001.2708517506919,6.517837828639289,0.9776956874068863,0.19177891634533806
16.33398504210321,0.7881096501554175,1166.0635694573702,8.441255402437038,0.9703596598755905,0.2367741425515559
18.2455756166191,0.7158181067879938,1352.0801508449972,6.87519209478556,0.96266872469963,0.22715958151871127
18.07302506566578,0.7030664892658992,1346.4091969100987,6.855797214008181,0.9620132774666154,0.22982315165638964
16.699930569729737,0.6786345593574956,1490.266190506544,7.05285129105805,0.9781531333830237,0.22545135266397456
14.890381781498366,0.7414485564421659,864.958112954707,7.558231897180454,0.9669472191155465,0.195261338965894
16.93604743896339,0.7081757014274778,1494.7609672448696,9.442439260189976,0.9829215274801749,0.2384504891438476
15.748717758238998,0.7378644825557942,1289.3713641459835,11.268355474989837,0.9793704145408615,0.22688158560781543
14.215694385116231,0.6758088938857102,1069.1069981050275,5.776605729833349,0.9788448903060268,0.1763284752406112
15.984788933793562,0.7228864813099233,1114.660543570084,10.595985403366727,0.9737330888253566,0.2092064909443705
15.212353581052522,0.6779844256068777,1231.3952973120724,5.581871880675006,0.9734007236430461,0.1850745989370325
17.24525685974937,0.7240793797652931,1014.2573818712586,9.558897189381012,0.9782464974222453,0.2149538393408509
14.820741675682077,0.7900844696269851,1432.0238578513897,5.875097666173605,0.9787034864527306,0.23431563679124848
19.176277996353008,0.778478678576142,1266.399874572819,12.105952120118669,0.9805013734139747,0.264747100725653
16.723951276918562,0.7444331357232538,1238.676473436371,7.789962751814246,0.9699843881647777,0.23611801009251457
16.668875268126126,0.7827356118420395,1372.243984351627,5.360354980474786,0.9642348608094207,0.22488044183231956
15.907847652164808,0.79164453751664,979.5469562389096,12.450508595688067,0.9844842414790074,0.22907778694678518
15.99101258154291,0.7647860481646405,969.662302015864,10.230538583670299,0.9810645803635548,0.22565703593664108
15.911756927184811,0.6824288266126745,1355.2232161413556,9.047228699390313,0.9757210466708177,0.19984550626550668
15.408977354872064,0.8100424634380834,1096.9810439757862,6.888181689739362,0.9841374857984944,0.24055140583779888
15.727885006765037,0.7690302686316117,1213.1049124528627,11.665148875159954,0.9888741742192307,0.2348277447853489
15.971784556911517,0.7257421927021895,1136.0192613137149,10.600350203830462,0.9913471970425412,0.22170835100233566
14.752693697270901,0.7633392192872765,1093.941118798622,7.090149236458247,0.9811072115777317,0.20669176209890233
16.353958139574605,0.698712146513107,1114.8010586527828,14.195380554000929,0.9859551756954844,0.19262520443503864
16.19555668725563,0.6993365437985746,1125.9568521861236,16.012894817869295,0.9880195506717004,0.2015725091791117
17.455509606592162,0.7497834545270141,1363.9923573938318,6.957915676850938,0.9795656360596564,0.23301175782898484
17.386972505677193,0.7985953706049416,1224.5869942873474,11.119916950834028,0.9815855501916682,0.2610498730741758
17.494266007749374,0.8352229840503523,1233.4241251129774,9.966185719618796,0.9833590133428418,0.2749078371249757
14.922350073468975,0.66900889908452,1040.7234980311384,5.1334545661323565,0.964467265595475,0.1737965258361893
15.349921461141452,0.7468640889293037,1141.805840761203,13.282333356526255,0.9774126692356051,0.22266501821311876
13.882566856811616,0.7438842973174816,1156.2150226506724,12.496706622462774,0.9701826129028364,0.1957638183687499
16.769295507963673,0.6856940394273868,1122.370010257006,9.128476630489498,0.9950113909745397,0.2098477747673935
16.671764779645287,0.8492252359110589,1613.8451241124546,12.65002999917606,0.9926847137352981,0.2792398485757547
15.668294009624235,0.8069007224574138,1206.2554110682277,10.34321368287119,0.9898171426496202,0.24815240712362796
16.384489637481085,0.7671858481324539,1027.3372062776118,9.433533687132073,0.9847139339843076,0.2304076374182677
14.073666489668373,0.7193374640180399,1030.9668961690836,10.199825694239983,0.9860291172858158,0.19611157657385528
17.249256603514873,0.7045146405400391,1162.6044077227805,9.533453262801574,0.9830669878437386,0.20873140945313148
14.286737527327766,0.785328001665,1016.8629664218191,7.658149572928127,0.9673595652251875,0.21797571812056515
15.680102928479538,0.704440035697827,950.3207713239208,8.55343441012235,0.9788367477846455,0.20298201455922757
15.681345698170517,0.7321711358709523,1131.8256202795394,8.040241353169518,0.9690093980617184,0.20401974153206784
15.86945597727181,0.7611963556075463,1203.3126776605143,8.239459104453804,0.9794323962556966,0.22261173771710643
16.066174400968396,0.7191534441793072,1159.0580608213836,6.410489162786359,0.9667772560323291,0.19801501870941438
14.540191704375914,0.7243469541255788,1033.802938738014,8.979771590949682,0.9765863440477213,0.20688131357934947
14.551903613089724,0.7148299429589373,1056.98525609336,7.420578007321624,0.9711960593569844,0.19196928488784337
13.47908040750308,0.6662513504744499,1099.113054679672,7.47834981851655,0.972497712585513,0.16369752075767022
15.017486195240531,0.6576670082316518,1159.6282831988033,8.544161355079249,0.9687032769930985,0.17216982259167088
17.24802485270874,0.8182837387584837,1143.2659815895502,6.365498887261675,0.9802553106779651,0.25097725483981914
15.471204850302717,0.7634250250409523,1311.8697106558293,9.903942831587065,0.9701752163779864,0.2260685242958649
15.009099556644472,0.7334998574173142,1147.3918116906166,6.820378864258874,0.9742627256945989,0.20516287546144787
14.178044477315419,0.7435199352758566,1144.9879630325506,6.937082812522761,0.9766057847562588,0.2069544633006635
17.882906199853768,0.6431055440313269,1282.9519355435925,7.971046723605879,0.970875171048239,0.20285147338960874
17.510462112499095,0.7057468217825609,1210.751716102643,7.2076853088750505,0.9796561199228514,0.20839847101558437
14.777238806919533,0.7432551654963714,1148.1112891454318,9.181514298083103,0.9677396428608289,0.1925497508194345
14.748068072115755,0.7266409405374362,1128.7048322292105,8.394987220650846,0.9694232134361411,0.19631639286308733
17.673007222645918,0.7239423941458244,1101.5960757236414,8.80983152944086,0.975354784152988,0.22762577827159644
15.813701635372274,0.7503918362946976,1102.3948068025893,6.040010242032857,0.9780604438259834,0.21207353682578978
15.448363124360647,0.7167506541652353,1097.9280917298306,9.645809747644691,0.9690293258393178,0.20610960229433217
16.85038560717684,0.7121054804589957,1140.1797076076891,13.981776808690865,0.9846838564796992,0.218683091640436
16.654742471430215,0.7953983014930509,1212.895536325727,4.540525848506741,0.9589600206951913,0.2259748845915726
17.411219898633668,0.7965970864243106,1283.5715419521598,7.052304136961934,0.9826462145562356,0.25660028521195355
15.685617149472304,0.682132764532591,1237.3908795308885,9.062879218870654,0.9684788262981989,0.20064441170556285
16.02368633686485,0.8042970297924594,1110.3145565646862,8.853278353833126,0.9714880727042607,0.22858555297738012
16.068354410078776,0.8020749783046239,1117.2061612935815,9.410945290395729,0.9718255618656028,0.24884527998706849
15.99569147882856,0.761824368830307,1267.7335328300353,5.292374353095345,0.9744710269094832,0.21572769976296144
18.7516541421622,0.6940397424332183,1112.1632774566344,10.130750832400887,0.9637452618025382,0.2101063584481262
17.895436875668672,0.7291917395496156,984.4954534713991,7.599798894632658,0.960631540371912,0.2154876400174405
15.729488333437684,0.7183433425104491,1110.4556687600032,8.404673692813494,0.9739758880110074,0.21314810224789169
15.459023937760797,0.7110210547290431,1089.2578917659487,8.802266439285216,0.9729485615892515,0.21330635842066384
15.6371720686912,0.6569803186488059,1135.3997718133771,8.801635148709643,0.9770302142990475,0.19418012745017446
17.3873761570896,0.8548126465838856,1416.375983713283,7.144181036424697,0.9719830467472914,0.2839013264564154
16.328925292880946,0.9738701267845563,1304.674954316106,10.544148810984764,0.9721356606435568,0.2800450091205845
18.61549218686954,0.6647473002257347,1379.9706118873185,6.681812556171798,0.9608748806887167,0.2215793086503276
17.7055085462941,0.691429390291163,1253.27972709573,5.717465024682367,0.9700577190804113,0.2189455255104904
16.316716855286543,0.7198229377641354,1192.925402112999,9.544440323562643,0.9725777574742634,0.22288904993580438
15.519638670834606,0.767345787642579,1182.0223068235491,9.153570194753287,0.9831156901779383,0.22780035068269525
15.899868588440185,0.819798482035136,1009.1751821749596,8.323739733598558,0.9737007164881608,0.23491544963042488
16.195314333021145,0.7912164775969699,1331.5981557339396,6.3224714548343375,0.9727546771031027,0.24027217664629835
18.346324771640532,0.7840445144920205,1237.917538187925,7.762443485689651,0.9689873496562704,0.25157809486026705
15.034781433529519,0.7487953752764597,1189.1837209053324,8.39267321347376,0.9699663181498992,0.21298993284555742
15.618008777785475,0.7056601832094211,900.5704326964136,6.113015032205175,0.9779050721630194,0.1810010023410796
14.877477173328607,0.6802797695039492,1279.6431761494594,8.927607058642204,0.9800106677998033,0.19005686993897467
15.911338695448617,0.6898489335061262,1416.0728883555985,7.577364584804684,0.9895644072944764,0.202149644633207
15.56422236345257,0.7469225103625625,1118.6482218454,8.45173885132793,0.9711223253156896,0.20367064598620116
14.815169971394546,0.7229520258290331,1005.2563078143361,7.919140555735681,0.9778408359568276,0.2090107151772956
14.331558538066485,0.730007897667379,876.836262985033,7.204003952721122,0.9618542471039361,0.18964142008561002
14.873723506434525,0.7500775038471353,1005.089355049045,6.0170519752099905,0.9809634262941153,0.20193548944162176
16.220376544086424,0.7056367341746593,1200.9942630063572,8.964614921391775,0.9622905895427368,0.20741890356575046
17.236153483859933,0.7414625499993756,1413.4192808460043,6.225583722411244,0.9816443957175346,0.2350896189863217
17.924592123524175,0.6785688341561318,1410.5453432872362,11.466119774591318,0.9763011904785833,0.22257197282339797
19.31046784276287,0.7109937746493047,1105.3007473482182,4.478818625590741,0.9884501067732009,0.23152270202832728
15.265544902704086,0.8846075462564131,1460.969955607638,12.31264761901111,0.9494100938114927,0.26567685510936034
17.090187121625004,0.6770644150589139,924.7926730703516,4.3967051277995335,0.990551655217225,0.19668539409577582
16.462044851987102,0.7151205770054112,891.0949733805694,5.63345655561954,0.9905762887028416,0.20495087882358323
15.46190201037999,0.7371318542186002,1004.5217463948862,9.400285741438626,0.975929869541716,0.2059373881980187
15.705008210912434,0.7358201120131664,1025.6217680910381,10.311943911495499,0.9771091984485734,0.20380048394383024
14.778019681894948,0.7093987347232257,1022.5577114440387,10.3973489767369,0.9913054036872956,0.19356901360450796
15.279860657307276,0.684167816751511,926.1713374008343,8.630378345079343,0.9941486052063523,0.19722683041720757
15.76473095214129,0.6568146606608188,926.8347677098494,14.170703174658916,0.9934628378242408,0.1859797804645038
15.14117241719578,0.8029162629858518,1404.1860181842123,11.941904240019442,0.9857141986761428,0.24727073920789214
19.042074734525265,0.6517873965193494,1246.1498001560437,18.053146129519444,0.9721182877211823,0.21033538246542893
16.422033829335042,0.6559028509670547,1464.7485812164816,15.163010359615683,0.9859590608413841,0.2010184866723104
14.330371240429312,0.6442952864169028,1455.4079638527492,13.789298740492349,0.9804125955303008,0.18573448200632706
15.39423433042666,0.653736717978946,1245.3032781757324,13.099246779863831,0.9827189390009107,0.1930686548243545
18.667105836817015,0.7595572672669958,1223.4000435646826,4.513206549461682,0.9577646883764652,0.23851531192238287
17.745475538869044,0.7518996994297833,1134.7967352145008,9.514539970186688,0.9711512398874234,0.23836498637353334
15.816748071269265,0.7129668879143856,1250.0668833913953,6.443551825433667,0.9754251822244664,0.21215520689041106
15.708881870456388,0.7018716098540346,1277.7915806097496,6.964280314347418,0.9668670548667673,0.1994309063647093
17.492685574901547,0.7361626785579496,1027.7407522542617,8.284609398202864,0.9783985340798372,0.22534951800348696
16.948901857612643,0.7340426176860279,1020.336038675153,10.19539305625664,0.9722947243716907,0.22280089357789348
15.277246532755044,0.6992267488389836,1051.8695666021583,7.040518257849704,0.9685855768610946,0.19455435212234823
15.477129912642841,0.6911988730107297,991.6381343518599,11.209590530302386,0.9668654350697661,0.19023723686836289
13.96720909103351,0.7515092702187864,936.4333571860745,7.6315014287805125,0.9836038168286027,0.19760441895697142
